++ initial_cwd_=/c/ag-exit-e138-01/coreutils-failures-20260911-01/runs/upstream-help-version-complete-01/work
+++ testdir_prefix_
+++ printf gt
++ pfx_=gt
+++ mktempd_ /c/ag-exit-e138-01/coreutils-failures-20260911-01/runs/upstream-help-version-complete-01/work gt-help-version.sh.XXXX
+++ case $# in
+++ destdir_=/c/ag-exit-e138-01/coreutils-failures-20260911-01/runs/upstream-help-version-complete-01/work
+++ template_=gt-help-version.sh.XXXX
+++ MAX_TRIES_=4
+++ case $destdir_ in
+++ destdir_slash_=/c/ag-exit-e138-01/coreutils-failures-20260911-01/runs/upstream-help-version-complete-01/work/
+++ case $template_ in
++++ unset TMPDIR
+++ d=/c/ag-exit-e138-01/coreutils-failures-20260911-01/runs/upstream-help-version-complete-01/work/gt-help-version.sh.0rVq
+++ case $d in
+++ :
+++ test -d /c/ag-exit-e138-01/coreutils-failures-20260911-01/runs/upstream-help-version-complete-01/work/gt-help-version.sh.0rVq
++++ ls -dgo /c/ag-exit-e138-01/coreutils-failures-20260911-01/runs/upstream-help-version-complete-01/work/gt-help-version.sh.0rVq
+++ perms='drwxr-xr-x 1 0 Sep 11 07:16 /c/ag-exit-e138-01/coreutils-failures-20260911-01/runs/upstream-help-version-complete-01/work/gt-help-version.sh.0rVq'
+++ case $perms in
+++ :
+++ echo /c/ag-exit-e138-01/coreutils-failures-20260911-01/runs/upstream-help-version-complete-01/work/gt-help-version.sh.0rVq
+++ return
++ test_dir_=/c/ag-exit-e138-01/coreutils-failures-20260911-01/runs/upstream-help-version-complete-01/work/gt-help-version.sh.0rVq
++ cd /c/ag-exit-e138-01/coreutils-failures-20260911-01/runs/upstream-help-version-complete-01/work/gt-help-version.sh.0rVq
++ case $srcdir in
++ builddir=..
++ export srcdir builddir
++ gl_init_sh_nl_=$'\n'
++ IFS=$' \t\n'
++ for sig_ in 1 2 3 13 15
+++ expr 1 + 128
++ eval 'trap '\''Exit 129'\'' 1'
+++ trap 'Exit 129' 1
++ for sig_ in 1 2 3 13 15
+++ expr 2 + 128
++ eval 'trap '\''Exit 130'\'' 2'
+++ trap 'Exit 130' 2
++ for sig_ in 1 2 3 13 15
+++ expr 3 + 128
++ eval 'trap '\''Exit 131'\'' 3'
+++ trap 'Exit 131' 3
++ for sig_ in 1 2 3 13 15
+++ expr 13 + 128
++ eval 'trap '\''Exit 141'\'' 13'
+++ trap 'Exit 141' 13
++ for sig_ in 1 2 3 13 15
+++ expr 15 + 128
++ eval 'trap '\''Exit 143'\'' 15'
+++ trap 'Exit 143' 15
++ trap remove_tmp_ 0
+ path_prepend_ ./src
+ test 1 '!=' 0
+ path_dir_=./src
+ case $path_dir_ in
+ abs_path_dir_=/c/ag-exit-e138-01/coreutils-failures-20260911-01/runs/upstream-help-version-complete-01/work/./src
+ case $abs_path_dir_ in
+ PATH=/c/ag-exit-e138-01/coreutils-failures-20260911-01/runs/upstream-help-version-complete-01/work/./src:/usr/bin:/c/Windows/System32:/sbin:/usr/sbin
+ create_exe_shims_ /c/ag-exit-e138-01/coreutils-failures-20260911-01/runs/upstream-help-version-complete-01/work/./src
+ case $EXEEXT in
++ find_exe_basenames_ /c/ag-exit-e138-01/coreutils-failures-20260911-01/runs/upstream-help-version-complete-01/work/./src
++ feb_dir_=/c/ag-exit-e138-01/coreutils-failures-20260911-01/runs/upstream-help-version-complete-01/work/./src
++ feb_fail_=0
++ feb_result_=
++ feb_sp_=
++ for feb_file_ in $feb_dir_/*.exe
++ test 'x/c/ag-exit-e138-01/coreutils-failures-20260911-01/runs/upstream-help-version-complete-01/work/./src/[.exe' = 'x/c/ag-exit-e138-01/coreutils-failures-20260911-01/runs/upstream-help-version-complete-01/work/./src/*.exe'
++ test 'x/c/ag-exit-e138-01/coreutils-failures-20260911-01/runs/upstream-help-version-complete-01/work/./src/[.exe' = 'x/c/ag-exit-e138-01/coreutils-failures-20260911-01/runs/upstream-help-version-complete-01/work/./src/[.exe'
++ continue
++ for feb_file_ in $feb_dir_/*.exe
++ test x/c/ag-exit-e138-01/coreutils-failures-20260911-01/runs/upstream-help-version-complete-01/work/./src/arch.exe = 'x/c/ag-exit-e138-01/coreutils-failures-20260911-01/runs/upstream-help-version-complete-01/work/./src/*.exe'
++ test x/c/ag-exit-e138-01/coreutils-failures-20260911-01/runs/upstream-help-version-complete-01/work/./src/arch.exe = 'x/c/ag-exit-e138-01/coreutils-failures-20260911-01/runs/upstream-help-version-complete-01/work/./src/[.exe'
++ case $feb_file_ in
++ feb_file_=arch.exe
++ feb_file_=arch
++ feb_result_=arch
++ feb_sp_=' '
++ for feb_file_ in $feb_dir_/*.exe
++ test x/c/ag-exit-e138-01/coreutils-failures-20260911-01/runs/upstream-help-version-complete-01/work/./src/b2sum.exe = 'x/c/ag-exit-e138-01/coreutils-failures-20260911-01/runs/upstream-help-version-complete-01/work/./src/*.exe'
++ test x/c/ag-exit-e138-01/coreutils-failures-20260911-01/runs/upstream-help-version-complete-01/work/./src/b2sum.exe = 'x/c/ag-exit-e138-01/coreutils-failures-20260911-01/runs/upstream-help-version-complete-01/work/./src/[.exe'
++ case $feb_file_ in
++ feb_file_=b2sum.exe
++ feb_file_=b2sum
++ feb_result_='arch b2sum'
++ feb_sp_=' '
++ for feb_file_ in $feb_dir_/*.exe
++ test x/c/ag-exit-e138-01/coreutils-failures-20260911-01/runs/upstream-help-version-complete-01/work/./src/base32.exe = 'x/c/ag-exit-e138-01/coreutils-failures-20260911-01/runs/upstream-help-version-complete-01/work/./src/*.exe'
++ test x/c/ag-exit-e138-01/coreutils-failures-20260911-01/runs/upstream-help-version-complete-01/work/./src/base32.exe = 'x/c/ag-exit-e138-01/coreutils-failures-20260911-01/runs/upstream-help-version-complete-01/work/./src/[.exe'
++ case $feb_file_ in
++ feb_file_=base32.exe
++ feb_file_=base32
++ feb_result_='arch b2sum base32'
++ feb_sp_=' '
++ for feb_file_ in $feb_dir_/*.exe
++ test x/c/ag-exit-e138-01/coreutils-failures-20260911-01/runs/upstream-help-version-complete-01/work/./src/base64.exe = 'x/c/ag-exit-e138-01/coreutils-failures-20260911-01/runs/upstream-help-version-complete-01/work/./src/*.exe'
++ test x/c/ag-exit-e138-01/coreutils-failures-20260911-01/runs/upstream-help-version-complete-01/work/./src/base64.exe = 'x/c/ag-exit-e138-01/coreutils-failures-20260911-01/runs/upstream-help-version-complete-01/work/./src/[.exe'
++ case $feb_file_ in
++ feb_file_=base64.exe
++ feb_file_=base64
++ feb_result_='arch b2sum base32 base64'
++ feb_sp_=' '
++ for feb_file_ in $feb_dir_/*.exe
++ test x/c/ag-exit-e138-01/coreutils-failures-20260911-01/runs/upstream-help-version-complete-01/work/./src/basename.exe = 'x/c/ag-exit-e138-01/coreutils-failures-20260911-01/runs/upstream-help-version-complete-01/work/./src/*.exe'
++ test x/c/ag-exit-e138-01/coreutils-failures-20260911-01/runs/upstream-help-version-complete-01/work/./src/basename.exe = 'x/c/ag-exit-e138-01/coreutils-failures-20260911-01/runs/upstream-help-version-complete-01/work/./src/[.exe'
++ case $feb_file_ in
++ feb_file_=basename.exe
++ feb_file_=basename
++ feb_result_='arch b2sum base32 base64 basename'
++ feb_sp_=' '
++ for feb_file_ in $feb_dir_/*.exe
++ test x/c/ag-exit-e138-01/coreutils-failures-20260911-01/runs/upstream-help-version-complete-01/work/./src/basenc.exe = 'x/c/ag-exit-e138-01/coreutils-failures-20260911-01/runs/upstream-help-version-complete-01/work/./src/*.exe'
++ test x/c/ag-exit-e138-01/coreutils-failures-20260911-01/runs/upstream-help-version-complete-01/work/./src/basenc.exe = 'x/c/ag-exit-e138-01/coreutils-failures-20260911-01/runs/upstream-help-version-complete-01/work/./src/[.exe'
++ case $feb_file_ in
++ feb_file_=basenc.exe
++ feb_file_=basenc
++ feb_result_='arch b2sum base32 base64 basename basenc'
++ feb_sp_=' '
++ for feb_file_ in $feb_dir_/*.exe
++ test x/c/ag-exit-e138-01/coreutils-failures-20260911-01/runs/upstream-help-version-complete-01/work/./src/bash.exe = 'x/c/ag-exit-e138-01/coreutils-failures-20260911-01/runs/upstream-help-version-complete-01/work/./src/*.exe'
++ test x/c/ag-exit-e138-01/coreutils-failures-20260911-01/runs/upstream-help-version-complete-01/work/./src/bash.exe = 'x/c/ag-exit-e138-01/coreutils-failures-20260911-01/runs/upstream-help-version-complete-01/work/./src/[.exe'
++ case $feb_file_ in
++ feb_file_=bash.exe
++ feb_file_=bash
++ feb_result_='arch b2sum base32 base64 basename basenc bash'
++ feb_sp_=' '
++ for feb_file_ in $feb_dir_/*.exe
++ test x/c/ag-exit-e138-01/coreutils-failures-20260911-01/runs/upstream-help-version-complete-01/work/./src/cat.exe = 'x/c/ag-exit-e138-01/coreutils-failures-20260911-01/runs/upstream-help-version-complete-01/work/./src/*.exe'
++ test x/c/ag-exit-e138-01/coreutils-failures-20260911-01/runs/upstream-help-version-complete-01/work/./src/cat.exe = 'x/c/ag-exit-e138-01/coreutils-failures-20260911-01/runs/upstream-help-version-complete-01/work/./src/[.exe'
++ case $feb_file_ in
++ feb_file_=cat.exe
++ feb_file_=cat
++ feb_result_='arch b2sum base32 base64 basename basenc bash cat'
++ feb_sp_=' '
++ for feb_file_ in $feb_dir_/*.exe
++ test x/c/ag-exit-e138-01/coreutils-failures-20260911-01/runs/upstream-help-version-complete-01/work/./src/chcon.exe = 'x/c/ag-exit-e138-01/coreutils-failures-20260911-01/runs/upstream-help-version-complete-01/work/./src/*.exe'
++ test x/c/ag-exit-e138-01/coreutils-failures-20260911-01/runs/upstream-help-version-complete-01/work/./src/chcon.exe = 'x/c/ag-exit-e138-01/coreutils-failures-20260911-01/runs/upstream-help-version-complete-01/work/./src/[.exe'
++ case $feb_file_ in
++ feb_file_=chcon.exe
++ feb_file_=chcon
++ feb_result_='arch b2sum base32 base64 basename basenc bash cat chcon'
++ feb_sp_=' '
++ for feb_file_ in $feb_dir_/*.exe
++ test x/c/ag-exit-e138-01/coreutils-failures-20260911-01/runs/upstream-help-version-complete-01/work/./src/chgrp.exe = 'x/c/ag-exit-e138-01/coreutils-failures-20260911-01/runs/upstream-help-version-complete-01/work/./src/*.exe'
++ test x/c/ag-exit-e138-01/coreutils-failures-20260911-01/runs/upstream-help-version-complete-01/work/./src/chgrp.exe = 'x/c/ag-exit-e138-01/coreutils-failures-20260911-01/runs/upstream-help-version-complete-01/work/./src/[.exe'
++ case $feb_file_ in
++ feb_file_=chgrp.exe
++ feb_file_=chgrp
++ feb_result_='arch b2sum base32 base64 basename basenc bash cat chcon chgrp'
++ feb_sp_=' '
++ for feb_file_ in $feb_dir_/*.exe
++ test x/c/ag-exit-e138-01/coreutils-failures-20260911-01/runs/upstream-help-version-complete-01/work/./src/chmod.exe = 'x/c/ag-exit-e138-01/coreutils-failures-20260911-01/runs/upstream-help-version-complete-01/work/./src/*.exe'
++ test x/c/ag-exit-e138-01/coreutils-failures-20260911-01/runs/upstream-help-version-complete-01/work/./src/chmod.exe = 'x/c/ag-exit-e138-01/coreutils-failures-20260911-01/runs/upstream-help-version-complete-01/work/./src/[.exe'
++ case $feb_file_ in
++ feb_file_=chmod.exe
++ feb_file_=chmod
++ feb_result_='arch b2sum base32 base64 basename basenc bash cat chcon chgrp chmod'
++ feb_sp_=' '
++ for feb_file_ in $feb_dir_/*.exe
++ test x/c/ag-exit-e138-01/coreutils-failures-20260911-01/runs/upstream-help-version-complete-01/work/./src/chown.exe = 'x/c/ag-exit-e138-01/coreutils-failures-20260911-01/runs/upstream-help-version-complete-01/work/./src/*.exe'
++ test x/c/ag-exit-e138-01/coreutils-failures-20260911-01/runs/upstream-help-version-complete-01/work/./src/chown.exe = 'x/c/ag-exit-e138-01/coreutils-failures-20260911-01/runs/upstream-help-version-complete-01/work/./src/[.exe'
++ case $feb_file_ in
++ feb_file_=chown.exe
++ feb_file_=chown
++ feb_result_='arch b2sum base32 base64 basename basenc bash cat chcon chgrp chmod chown'
++ feb_sp_=' '
++ for feb_file_ in $feb_dir_/*.exe
++ test x/c/ag-exit-e138-01/coreutils-failures-20260911-01/runs/upstream-help-version-complete-01/work/./src/chroot.exe = 'x/c/ag-exit-e138-01/coreutils-failures-20260911-01/runs/upstream-help-version-complete-01/work/./src/*.exe'
++ test x/c/ag-exit-e138-01/coreutils-failures-20260911-01/runs/upstream-help-version-complete-01/work/./src/chroot.exe = 'x/c/ag-exit-e138-01/coreutils-failures-20260911-01/runs/upstream-help-version-complete-01/work/./src/[.exe'
++ case $feb_file_ in
++ feb_file_=chroot.exe
++ feb_file_=chroot
++ feb_result_='arch b2sum base32 base64 basename basenc bash cat chcon chgrp chmod chown chroot'
++ feb_sp_=' '
++ for feb_file_ in $feb_dir_/*.exe
++ test x/c/ag-exit-e138-01/coreutils-failures-20260911-01/runs/upstream-help-version-complete-01/work/./src/cksum.exe = 'x/c/ag-exit-e138-01/coreutils-failures-20260911-01/runs/upstream-help-version-complete-01/work/./src/*.exe'
++ test x/c/ag-exit-e138-01/coreutils-failures-20260911-01/runs/upstream-help-version-complete-01/work/./src/cksum.exe = 'x/c/ag-exit-e138-01/coreutils-failures-20260911-01/runs/upstream-help-version-complete-01/work/./src/[.exe'
++ case $feb_file_ in
++ feb_file_=cksum.exe
++ feb_file_=cksum
++ feb_result_='arch b2sum base32 base64 basename basenc bash cat chcon chgrp chmod chown chroot cksum'
++ feb_sp_=' '
++ for feb_file_ in $feb_dir_/*.exe
++ test x/c/ag-exit-e138-01/coreutils-failures-20260911-01/runs/upstream-help-version-complete-01/work/./src/cmp.exe = 'x/c/ag-exit-e138-01/coreutils-failures-20260911-01/runs/upstream-help-version-complete-01/work/./src/*.exe'
++ test x/c/ag-exit-e138-01/coreutils-failures-20260911-01/runs/upstream-help-version-complete-01/work/./src/cmp.exe = 'x/c/ag-exit-e138-01/coreutils-failures-20260911-01/runs/upstream-help-version-complete-01/work/./src/[.exe'
++ case $feb_file_ in
++ feb_file_=cmp.exe
++ feb_file_=cmp
++ feb_result_='arch b2sum base32 base64 basename basenc bash cat chcon chgrp chmod chown chroot cksum cmp'
++ feb_sp_=' '
++ for feb_file_ in $feb_dir_/*.exe
++ test x/c/ag-exit-e138-01/coreutils-failures-20260911-01/runs/upstream-help-version-complete-01/work/./src/comm.exe = 'x/c/ag-exit-e138-01/coreutils-failures-20260911-01/runs/upstream-help-version-complete-01/work/./src/*.exe'
++ test x/c/ag-exit-e138-01/coreutils-failures-20260911-01/runs/upstream-help-version-complete-01/work/./src/comm.exe = 'x/c/ag-exit-e138-01/coreutils-failures-20260911-01/runs/upstream-help-version-complete-01/work/./src/[.exe'
++ case $feb_file_ in
++ feb_file_=comm.exe
++ feb_file_=comm
++ feb_result_='arch b2sum base32 base64 basename basenc bash cat chcon chgrp chmod chown chroot cksum cmp comm'
++ feb_sp_=' '
++ for feb_file_ in $feb_dir_/*.exe
++ test x/c/ag-exit-e138-01/coreutils-failures-20260911-01/runs/upstream-help-version-complete-01/work/./src/cp.exe = 'x/c/ag-exit-e138-01/coreutils-failures-20260911-01/runs/upstream-help-version-complete-01/work/./src/*.exe'
++ test x/c/ag-exit-e138-01/coreutils-failures-20260911-01/runs/upstream-help-version-complete-01/work/./src/cp.exe = 'x/c/ag-exit-e138-01/coreutils-failures-20260911-01/runs/upstream-help-version-complete-01/work/./src/[.exe'
++ case $feb_file_ in
++ feb_file_=cp.exe
++ feb_file_=cp
++ feb_result_='arch b2sum base32 base64 basename basenc bash cat chcon chgrp chmod chown chroot cksum cmp comm cp'
++ feb_sp_=' '
++ for feb_file_ in $feb_dir_/*.exe
++ test x/c/ag-exit-e138-01/coreutils-failures-20260911-01/runs/upstream-help-version-complete-01/work/./src/csplit.exe = 'x/c/ag-exit-e138-01/coreutils-failures-20260911-01/runs/upstream-help-version-complete-01/work/./src/*.exe'
++ test x/c/ag-exit-e138-01/coreutils-failures-20260911-01/runs/upstream-help-version-complete-01/work/./src/csplit.exe = 'x/c/ag-exit-e138-01/coreutils-failures-20260911-01/runs/upstream-help-version-complete-01/work/./src/[.exe'
++ case $feb_file_ in
++ feb_file_=csplit.exe
++ feb_file_=csplit
++ feb_result_='arch b2sum base32 base64 basename basenc bash cat chcon chgrp chmod chown chroot cksum cmp comm cp csplit'
++ feb_sp_=' '
++ for feb_file_ in $feb_dir_/*.exe
++ test x/c/ag-exit-e138-01/coreutils-failures-20260911-01/runs/upstream-help-version-complete-01/work/./src/cut.exe = 'x/c/ag-exit-e138-01/coreutils-failures-20260911-01/runs/upstream-help-version-complete-01/work/./src/*.exe'
++ test x/c/ag-exit-e138-01/coreutils-failures-20260911-01/runs/upstream-help-version-complete-01/work/./src/cut.exe = 'x/c/ag-exit-e138-01/coreutils-failures-20260911-01/runs/upstream-help-version-complete-01/work/./src/[.exe'
++ case $feb_file_ in
++ feb_file_=cut.exe
++ feb_file_=cut
++ feb_result_='arch b2sum base32 base64 basename basenc bash cat chcon chgrp chmod chown chroot cksum cmp comm cp csplit cut'
++ feb_sp_=' '
++ for feb_file_ in $feb_dir_/*.exe
++ test x/c/ag-exit-e138-01/coreutils-failures-20260911-01/runs/upstream-help-version-complete-01/work/./src/date.exe = 'x/c/ag-exit-e138-01/coreutils-failures-20260911-01/runs/upstream-help-version-complete-01/work/./src/*.exe'
++ test x/c/ag-exit-e138-01/coreutils-failures-20260911-01/runs/upstream-help-version-complete-01/work/./src/date.exe = 'x/c/ag-exit-e138-01/coreutils-failures-20260911-01/runs/upstream-help-version-complete-01/work/./src/[.exe'
++ case $feb_file_ in
++ feb_file_=date.exe
++ feb_file_=date
++ feb_result_='arch b2sum base32 base64 basename basenc bash cat chcon chgrp chmod chown chroot cksum cmp comm cp csplit cut date'
++ feb_sp_=' '
++ for feb_file_ in $feb_dir_/*.exe
++ test x/c/ag-exit-e138-01/coreutils-failures-20260911-01/runs/upstream-help-version-complete-01/work/./src/dd.exe = 'x/c/ag-exit-e138-01/coreutils-failures-20260911-01/runs/upstream-help-version-complete-01/work/./src/*.exe'
++ test x/c/ag-exit-e138-01/coreutils-failures-20260911-01/runs/upstream-help-version-complete-01/work/./src/dd.exe = 'x/c/ag-exit-e138-01/coreutils-failures-20260911-01/runs/upstream-help-version-complete-01/work/./src/[.exe'
++ case $feb_file_ in
++ feb_file_=dd.exe
++ feb_file_=dd
++ feb_result_='arch b2sum base32 base64 basename basenc bash cat chcon chgrp chmod chown chroot cksum cmp comm cp csplit cut date dd'
++ feb_sp_=' '
++ for feb_file_ in $feb_dir_/*.exe
++ test x/c/ag-exit-e138-01/coreutils-failures-20260911-01/runs/upstream-help-version-complete-01/work/./src/df.exe = 'x/c/ag-exit-e138-01/coreutils-failures-20260911-01/runs/upstream-help-version-complete-01/work/./src/*.exe'
++ test x/c/ag-exit-e138-01/coreutils-failures-20260911-01/runs/upstream-help-version-complete-01/work/./src/df.exe = 'x/c/ag-exit-e138-01/coreutils-failures-20260911-01/runs/upstream-help-version-complete-01/work/./src/[.exe'
++ case $feb_file_ in
++ feb_file_=df.exe
++ feb_file_=df
++ feb_result_='arch b2sum base32 base64 basename basenc bash cat chcon chgrp chmod chown chroot cksum cmp comm cp csplit cut date dd df'
++ feb_sp_=' '
++ for feb_file_ in $feb_dir_/*.exe
++ test x/c/ag-exit-e138-01/coreutils-failures-20260911-01/runs/upstream-help-version-complete-01/work/./src/diff.exe = 'x/c/ag-exit-e138-01/coreutils-failures-20260911-01/runs/upstream-help-version-complete-01/work/./src/*.exe'
++ test x/c/ag-exit-e138-01/coreutils-failures-20260911-01/runs/upstream-help-version-complete-01/work/./src/diff.exe = 'x/c/ag-exit-e138-01/coreutils-failures-20260911-01/runs/upstream-help-version-complete-01/work/./src/[.exe'
++ case $feb_file_ in
++ feb_file_=diff.exe
++ feb_file_=diff
++ feb_result_='arch b2sum base32 base64 basename basenc bash cat chcon chgrp chmod chown chroot cksum cmp comm cp csplit cut date dd df diff'
++ feb_sp_=' '
++ for feb_file_ in $feb_dir_/*.exe
++ test x/c/ag-exit-e138-01/coreutils-failures-20260911-01/runs/upstream-help-version-complete-01/work/./src/dir.exe = 'x/c/ag-exit-e138-01/coreutils-failures-20260911-01/runs/upstream-help-version-complete-01/work/./src/*.exe'
++ test x/c/ag-exit-e138-01/coreutils-failures-20260911-01/runs/upstream-help-version-complete-01/work/./src/dir.exe = 'x/c/ag-exit-e138-01/coreutils-failures-20260911-01/runs/upstream-help-version-complete-01/work/./src/[.exe'
++ case $feb_file_ in
++ feb_file_=dir.exe
++ feb_file_=dir
++ feb_result_='arch b2sum base32 base64 basename basenc bash cat chcon chgrp chmod chown chroot cksum cmp comm cp csplit cut date dd df diff dir'
++ feb_sp_=' '
++ for feb_file_ in $feb_dir_/*.exe
++ test x/c/ag-exit-e138-01/coreutils-failures-20260911-01/runs/upstream-help-version-complete-01/work/./src/dircolors.exe = 'x/c/ag-exit-e138-01/coreutils-failures-20260911-01/runs/upstream-help-version-complete-01/work/./src/*.exe'
++ test x/c/ag-exit-e138-01/coreutils-failures-20260911-01/runs/upstream-help-version-complete-01/work/./src/dircolors.exe = 'x/c/ag-exit-e138-01/coreutils-failures-20260911-01/runs/upstream-help-version-complete-01/work/./src/[.exe'
++ case $feb_file_ in
++ feb_file_=dircolors.exe
++ feb_file_=dircolors
++ feb_result_='arch b2sum base32 base64 basename basenc bash cat chcon chgrp chmod chown chroot cksum cmp comm cp csplit cut date dd df diff dir dircolors'
++ feb_sp_=' '
++ for feb_file_ in $feb_dir_/*.exe
++ test x/c/ag-exit-e138-01/coreutils-failures-20260911-01/runs/upstream-help-version-complete-01/work/./src/dirname.exe = 'x/c/ag-exit-e138-01/coreutils-failures-20260911-01/runs/upstream-help-version-complete-01/work/./src/*.exe'
++ test x/c/ag-exit-e138-01/coreutils-failures-20260911-01/runs/upstream-help-version-complete-01/work/./src/dirname.exe = 'x/c/ag-exit-e138-01/coreutils-failures-20260911-01/runs/upstream-help-version-complete-01/work/./src/[.exe'
++ case $feb_file_ in
++ feb_file_=dirname.exe
++ feb_file_=dirname
++ feb_result_='arch b2sum base32 base64 basename basenc bash cat chcon chgrp chmod chown chroot cksum cmp comm cp csplit cut date dd df diff dir dircolors dirname'
++ feb_sp_=' '
++ for feb_file_ in $feb_dir_/*.exe
++ test x/c/ag-exit-e138-01/coreutils-failures-20260911-01/runs/upstream-help-version-complete-01/work/./src/du.exe = 'x/c/ag-exit-e138-01/coreutils-failures-20260911-01/runs/upstream-help-version-complete-01/work/./src/*.exe'
++ test x/c/ag-exit-e138-01/coreutils-failures-20260911-01/runs/upstream-help-version-complete-01/work/./src/du.exe = 'x/c/ag-exit-e138-01/coreutils-failures-20260911-01/runs/upstream-help-version-complete-01/work/./src/[.exe'
++ case $feb_file_ in
++ feb_file_=du.exe
++ feb_file_=du
++ feb_result_='arch b2sum base32 base64 basename basenc bash cat chcon chgrp chmod chown chroot cksum cmp comm cp csplit cut date dd df diff dir dircolors dirname du'
++ feb_sp_=' '
++ for feb_file_ in $feb_dir_/*.exe
++ test x/c/ag-exit-e138-01/coreutils-failures-20260911-01/runs/upstream-help-version-complete-01/work/./src/echo.exe = 'x/c/ag-exit-e138-01/coreutils-failures-20260911-01/runs/upstream-help-version-complete-01/work/./src/*.exe'
++ test x/c/ag-exit-e138-01/coreutils-failures-20260911-01/runs/upstream-help-version-complete-01/work/./src/echo.exe = 'x/c/ag-exit-e138-01/coreutils-failures-20260911-01/runs/upstream-help-version-complete-01/work/./src/[.exe'
++ case $feb_file_ in
++ feb_file_=echo.exe
++ feb_file_=echo
++ feb_result_='arch b2sum base32 base64 basename basenc bash cat chcon chgrp chmod chown chroot cksum cmp comm cp csplit cut date dd df diff dir dircolors dirname du echo'
++ feb_sp_=' '
++ for feb_file_ in $feb_dir_/*.exe
++ test x/c/ag-exit-e138-01/coreutils-failures-20260911-01/runs/upstream-help-version-complete-01/work/./src/env.exe = 'x/c/ag-exit-e138-01/coreutils-failures-20260911-01/runs/upstream-help-version-complete-01/work/./src/*.exe'
++ test x/c/ag-exit-e138-01/coreutils-failures-20260911-01/runs/upstream-help-version-complete-01/work/./src/env.exe = 'x/c/ag-exit-e138-01/coreutils-failures-20260911-01/runs/upstream-help-version-complete-01/work/./src/[.exe'
++ case $feb_file_ in
++ feb_file_=env.exe
++ feb_file_=env
++ feb_result_='arch b2sum base32 base64 basename basenc bash cat chcon chgrp chmod chown chroot cksum cmp comm cp csplit cut date dd df diff dir dircolors dirname du echo env'
++ feb_sp_=' '
++ for feb_file_ in $feb_dir_/*.exe
++ test x/c/ag-exit-e138-01/coreutils-failures-20260911-01/runs/upstream-help-version-complete-01/work/./src/expand.exe = 'x/c/ag-exit-e138-01/coreutils-failures-20260911-01/runs/upstream-help-version-complete-01/work/./src/*.exe'
++ test x/c/ag-exit-e138-01/coreutils-failures-20260911-01/runs/upstream-help-version-complete-01/work/./src/expand.exe = 'x/c/ag-exit-e138-01/coreutils-failures-20260911-01/runs/upstream-help-version-complete-01/work/./src/[.exe'
++ case $feb_file_ in
++ feb_file_=expand.exe
++ feb_file_=expand
++ feb_result_='arch b2sum base32 base64 basename basenc bash cat chcon chgrp chmod chown chroot cksum cmp comm cp csplit cut date dd df diff dir dircolors dirname du echo env expand'
++ feb_sp_=' '
++ for feb_file_ in $feb_dir_/*.exe
++ test x/c/ag-exit-e138-01/coreutils-failures-20260911-01/runs/upstream-help-version-complete-01/work/./src/expr.exe = 'x/c/ag-exit-e138-01/coreutils-failures-20260911-01/runs/upstream-help-version-complete-01/work/./src/*.exe'
++ test x/c/ag-exit-e138-01/coreutils-failures-20260911-01/runs/upstream-help-version-complete-01/work/./src/expr.exe = 'x/c/ag-exit-e138-01/coreutils-failures-20260911-01/runs/upstream-help-version-complete-01/work/./src/[.exe'
++ case $feb_file_ in
++ feb_file_=expr.exe
++ feb_file_=expr
++ feb_result_='arch b2sum base32 base64 basename basenc bash cat chcon chgrp chmod chown chroot cksum cmp comm cp csplit cut date dd df diff dir dircolors dirname du echo env expand expr'
++ feb_sp_=' '
++ for feb_file_ in $feb_dir_/*.exe
++ test x/c/ag-exit-e138-01/coreutils-failures-20260911-01/runs/upstream-help-version-complete-01/work/./src/factor.exe = 'x/c/ag-exit-e138-01/coreutils-failures-20260911-01/runs/upstream-help-version-complete-01/work/./src/*.exe'
++ test x/c/ag-exit-e138-01/coreutils-failures-20260911-01/runs/upstream-help-version-complete-01/work/./src/factor.exe = 'x/c/ag-exit-e138-01/coreutils-failures-20260911-01/runs/upstream-help-version-complete-01/work/./src/[.exe'
++ case $feb_file_ in
++ feb_file_=factor.exe
++ feb_file_=factor
++ feb_result_='arch b2sum base32 base64 basename basenc bash cat chcon chgrp chmod chown chroot cksum cmp comm cp csplit cut date dd df diff dir dircolors dirname du echo env expand expr factor'
++ feb_sp_=' '
++ for feb_file_ in $feb_dir_/*.exe
++ test x/c/ag-exit-e138-01/coreutils-failures-20260911-01/runs/upstream-help-version-complete-01/work/./src/false.exe = 'x/c/ag-exit-e138-01/coreutils-failures-20260911-01/runs/upstream-help-version-complete-01/work/./src/*.exe'
++ test x/c/ag-exit-e138-01/coreutils-failures-20260911-01/runs/upstream-help-version-complete-01/work/./src/false.exe = 'x/c/ag-exit-e138-01/coreutils-failures-20260911-01/runs/upstream-help-version-complete-01/work/./src/[.exe'
++ case $feb_file_ in
++ feb_file_=false.exe
++ feb_file_=false
++ feb_result_='arch b2sum base32 base64 basename basenc bash cat chcon chgrp chmod chown chroot cksum cmp comm cp csplit cut date dd df diff dir dircolors dirname du echo env expand expr factor false'
++ feb_sp_=' '
++ for feb_file_ in $feb_dir_/*.exe
++ test x/c/ag-exit-e138-01/coreutils-failures-20260911-01/runs/upstream-help-version-complete-01/work/./src/find.exe = 'x/c/ag-exit-e138-01/coreutils-failures-20260911-01/runs/upstream-help-version-complete-01/work/./src/*.exe'
++ test x/c/ag-exit-e138-01/coreutils-failures-20260911-01/runs/upstream-help-version-complete-01/work/./src/find.exe = 'x/c/ag-exit-e138-01/coreutils-failures-20260911-01/runs/upstream-help-version-complete-01/work/./src/[.exe'
++ case $feb_file_ in
++ feb_file_=find.exe
++ feb_file_=find
++ feb_result_='arch b2sum base32 base64 basename basenc bash cat chcon chgrp chmod chown chroot cksum cmp comm cp csplit cut date dd df diff dir dircolors dirname du echo env expand expr factor false find'
++ feb_sp_=' '
++ for feb_file_ in $feb_dir_/*.exe
++ test x/c/ag-exit-e138-01/coreutils-failures-20260911-01/runs/upstream-help-version-complete-01/work/./src/fmt.exe = 'x/c/ag-exit-e138-01/coreutils-failures-20260911-01/runs/upstream-help-version-complete-01/work/./src/*.exe'
++ test x/c/ag-exit-e138-01/coreutils-failures-20260911-01/runs/upstream-help-version-complete-01/work/./src/fmt.exe = 'x/c/ag-exit-e138-01/coreutils-failures-20260911-01/runs/upstream-help-version-complete-01/work/./src/[.exe'
++ case $feb_file_ in
++ feb_file_=fmt.exe
++ feb_file_=fmt
++ feb_result_='arch b2sum base32 base64 basename basenc bash cat chcon chgrp chmod chown chroot cksum cmp comm cp csplit cut date dd df diff dir dircolors dirname du echo env expand expr factor false find fmt'
++ feb_sp_=' '
++ for feb_file_ in $feb_dir_/*.exe
++ test x/c/ag-exit-e138-01/coreutils-failures-20260911-01/runs/upstream-help-version-complete-01/work/./src/fold.exe = 'x/c/ag-exit-e138-01/coreutils-failures-20260911-01/runs/upstream-help-version-complete-01/work/./src/*.exe'
++ test x/c/ag-exit-e138-01/coreutils-failures-20260911-01/runs/upstream-help-version-complete-01/work/./src/fold.exe = 'x/c/ag-exit-e138-01/coreutils-failures-20260911-01/runs/upstream-help-version-complete-01/work/./src/[.exe'
++ case $feb_file_ in
++ feb_file_=fold.exe
++ feb_file_=fold
++ feb_result_='arch b2sum base32 base64 basename basenc bash cat chcon chgrp chmod chown chroot cksum cmp comm cp csplit cut date dd df diff dir dircolors dirname du echo env expand expr factor false find fmt fold'
++ feb_sp_=' '
++ for feb_file_ in $feb_dir_/*.exe
++ test x/c/ag-exit-e138-01/coreutils-failures-20260911-01/runs/upstream-help-version-complete-01/work/./src/gawk.exe = 'x/c/ag-exit-e138-01/coreutils-failures-20260911-01/runs/upstream-help-version-complete-01/work/./src/*.exe'
++ test x/c/ag-exit-e138-01/coreutils-failures-20260911-01/runs/upstream-help-version-complete-01/work/./src/gawk.exe = 'x/c/ag-exit-e138-01/coreutils-failures-20260911-01/runs/upstream-help-version-complete-01/work/./src/[.exe'
++ case $feb_file_ in
++ feb_file_=gawk.exe
++ feb_file_=gawk
++ feb_result_='arch b2sum base32 base64 basename basenc bash cat chcon chgrp chmod chown chroot cksum cmp comm cp csplit cut date dd df diff dir dircolors dirname du echo env expand expr factor false find fmt fold gawk'
++ feb_sp_=' '
++ for feb_file_ in $feb_dir_/*.exe
++ test x/c/ag-exit-e138-01/coreutils-failures-20260911-01/runs/upstream-help-version-complete-01/work/./src/getlimits.exe = 'x/c/ag-exit-e138-01/coreutils-failures-20260911-01/runs/upstream-help-version-complete-01/work/./src/*.exe'
++ test x/c/ag-exit-e138-01/coreutils-failures-20260911-01/runs/upstream-help-version-complete-01/work/./src/getlimits.exe = 'x/c/ag-exit-e138-01/coreutils-failures-20260911-01/runs/upstream-help-version-complete-01/work/./src/[.exe'
++ case $feb_file_ in
++ feb_file_=getlimits.exe
++ feb_file_=getlimits
++ feb_result_='arch b2sum base32 base64 basename basenc bash cat chcon chgrp chmod chown chroot cksum cmp comm cp csplit cut date dd df diff dir dircolors dirname du echo env expand expr factor false find fmt fold gawk getlimits'
++ feb_sp_=' '
++ for feb_file_ in $feb_dir_/*.exe
++ test x/c/ag-exit-e138-01/coreutils-failures-20260911-01/runs/upstream-help-version-complete-01/work/./src/ginstall.exe = 'x/c/ag-exit-e138-01/coreutils-failures-20260911-01/runs/upstream-help-version-complete-01/work/./src/*.exe'
++ test x/c/ag-exit-e138-01/coreutils-failures-20260911-01/runs/upstream-help-version-complete-01/work/./src/ginstall.exe = 'x/c/ag-exit-e138-01/coreutils-failures-20260911-01/runs/upstream-help-version-complete-01/work/./src/[.exe'
++ case $feb_file_ in
++ feb_file_=ginstall.exe
++ feb_file_=ginstall
++ feb_result_='arch b2sum base32 base64 basename basenc bash cat chcon chgrp chmod chown chroot cksum cmp comm cp csplit cut date dd df diff dir dircolors dirname du echo env expand expr factor false find fmt fold gawk getlimits ginstall'
++ feb_sp_=' '
++ for feb_file_ in $feb_dir_/*.exe
++ test x/c/ag-exit-e138-01/coreutils-failures-20260911-01/runs/upstream-help-version-complete-01/work/./src/grep.exe = 'x/c/ag-exit-e138-01/coreutils-failures-20260911-01/runs/upstream-help-version-complete-01/work/./src/*.exe'
++ test x/c/ag-exit-e138-01/coreutils-failures-20260911-01/runs/upstream-help-version-complete-01/work/./src/grep.exe = 'x/c/ag-exit-e138-01/coreutils-failures-20260911-01/runs/upstream-help-version-complete-01/work/./src/[.exe'
++ case $feb_file_ in
++ feb_file_=grep.exe
++ feb_file_=grep
++ feb_result_='arch b2sum base32 base64 basename basenc bash cat chcon chgrp chmod chown chroot cksum cmp comm cp csplit cut date dd df diff dir dircolors dirname du echo env expand expr factor false find fmt fold gawk getlimits ginstall grep'
++ feb_sp_=' '
++ for feb_file_ in $feb_dir_/*.exe
++ test x/c/ag-exit-e138-01/coreutils-failures-20260911-01/runs/upstream-help-version-complete-01/work/./src/groups.exe = 'x/c/ag-exit-e138-01/coreutils-failures-20260911-01/runs/upstream-help-version-complete-01/work/./src/*.exe'
++ test x/c/ag-exit-e138-01/coreutils-failures-20260911-01/runs/upstream-help-version-complete-01/work/./src/groups.exe = 'x/c/ag-exit-e138-01/coreutils-failures-20260911-01/runs/upstream-help-version-complete-01/work/./src/[.exe'
++ case $feb_file_ in
++ feb_file_=groups.exe
++ feb_file_=groups
++ feb_result_='arch b2sum base32 base64 basename basenc bash cat chcon chgrp chmod chown chroot cksum cmp comm cp csplit cut date dd df diff dir dircolors dirname du echo env expand expr factor false find fmt fold gawk getlimits ginstall grep groups'
++ feb_sp_=' '
++ for feb_file_ in $feb_dir_/*.exe
++ test x/c/ag-exit-e138-01/coreutils-failures-20260911-01/runs/upstream-help-version-complete-01/work/./src/head.exe = 'x/c/ag-exit-e138-01/coreutils-failures-20260911-01/runs/upstream-help-version-complete-01/work/./src/*.exe'
++ test x/c/ag-exit-e138-01/coreutils-failures-20260911-01/runs/upstream-help-version-complete-01/work/./src/head.exe = 'x/c/ag-exit-e138-01/coreutils-failures-20260911-01/runs/upstream-help-version-complete-01/work/./src/[.exe'
++ case $feb_file_ in
++ feb_file_=head.exe
++ feb_file_=head
++ feb_result_='arch b2sum base32 base64 basename basenc bash cat chcon chgrp chmod chown chroot cksum cmp comm cp csplit cut date dd df diff dir dircolors dirname du echo env expand expr factor false find fmt fold gawk getlimits ginstall grep groups head'
++ feb_sp_=' '
++ for feb_file_ in $feb_dir_/*.exe
++ test x/c/ag-exit-e138-01/coreutils-failures-20260911-01/runs/upstream-help-version-complete-01/work/./src/hostid.exe = 'x/c/ag-exit-e138-01/coreutils-failures-20260911-01/runs/upstream-help-version-complete-01/work/./src/*.exe'
++ test x/c/ag-exit-e138-01/coreutils-failures-20260911-01/runs/upstream-help-version-complete-01/work/./src/hostid.exe = 'x/c/ag-exit-e138-01/coreutils-failures-20260911-01/runs/upstream-help-version-complete-01/work/./src/[.exe'
++ case $feb_file_ in
++ feb_file_=hostid.exe
++ feb_file_=hostid
++ feb_result_='arch b2sum base32 base64 basename basenc bash cat chcon chgrp chmod chown chroot cksum cmp comm cp csplit cut date dd df diff dir dircolors dirname du echo env expand expr factor false find fmt fold gawk getlimits ginstall grep groups head hostid'
++ feb_sp_=' '
++ for feb_file_ in $feb_dir_/*.exe
++ test x/c/ag-exit-e138-01/coreutils-failures-20260911-01/runs/upstream-help-version-complete-01/work/./src/hostname.exe = 'x/c/ag-exit-e138-01/coreutils-failures-20260911-01/runs/upstream-help-version-complete-01/work/./src/*.exe'
++ test x/c/ag-exit-e138-01/coreutils-failures-20260911-01/runs/upstream-help-version-complete-01/work/./src/hostname.exe = 'x/c/ag-exit-e138-01/coreutils-failures-20260911-01/runs/upstream-help-version-complete-01/work/./src/[.exe'
++ case $feb_file_ in
++ feb_file_=hostname.exe
++ feb_file_=hostname
++ feb_result_='arch b2sum base32 base64 basename basenc bash cat chcon chgrp chmod chown chroot cksum cmp comm cp csplit cut date dd df diff dir dircolors dirname du echo env expand expr factor false find fmt fold gawk getlimits ginstall grep groups head hostid hostname'
++ feb_sp_=' '
++ for feb_file_ in $feb_dir_/*.exe
++ test x/c/ag-exit-e138-01/coreutils-failures-20260911-01/runs/upstream-help-version-complete-01/work/./src/id.exe = 'x/c/ag-exit-e138-01/coreutils-failures-20260911-01/runs/upstream-help-version-complete-01/work/./src/*.exe'
++ test x/c/ag-exit-e138-01/coreutils-failures-20260911-01/runs/upstream-help-version-complete-01/work/./src/id.exe = 'x/c/ag-exit-e138-01/coreutils-failures-20260911-01/runs/upstream-help-version-complete-01/work/./src/[.exe'
++ case $feb_file_ in
++ feb_file_=id.exe
++ feb_file_=id
++ feb_result_='arch b2sum base32 base64 basename basenc bash cat chcon chgrp chmod chown chroot cksum cmp comm cp csplit cut date dd df diff dir dircolors dirname du echo env expand expr factor false find fmt fold gawk getlimits ginstall grep groups head hostid hostname id'
++ feb_sp_=' '
++ for feb_file_ in $feb_dir_/*.exe
++ test x/c/ag-exit-e138-01/coreutils-failures-20260911-01/runs/upstream-help-version-complete-01/work/./src/join.exe = 'x/c/ag-exit-e138-01/coreutils-failures-20260911-01/runs/upstream-help-version-complete-01/work/./src/*.exe'
++ test x/c/ag-exit-e138-01/coreutils-failures-20260911-01/runs/upstream-help-version-complete-01/work/./src/join.exe = 'x/c/ag-exit-e138-01/coreutils-failures-20260911-01/runs/upstream-help-version-complete-01/work/./src/[.exe'
++ case $feb_file_ in
++ feb_file_=join.exe
++ feb_file_=join
++ feb_result_='arch b2sum base32 base64 basename basenc bash cat chcon chgrp chmod chown chroot cksum cmp comm cp csplit cut date dd df diff dir dircolors dirname du echo env expand expr factor false find fmt fold gawk getlimits ginstall grep groups head hostid hostname id join'
++ feb_sp_=' '
++ for feb_file_ in $feb_dir_/*.exe
++ test x/c/ag-exit-e138-01/coreutils-failures-20260911-01/runs/upstream-help-version-complete-01/work/./src/kill.exe = 'x/c/ag-exit-e138-01/coreutils-failures-20260911-01/runs/upstream-help-version-complete-01/work/./src/*.exe'
++ test x/c/ag-exit-e138-01/coreutils-failures-20260911-01/runs/upstream-help-version-complete-01/work/./src/kill.exe = 'x/c/ag-exit-e138-01/coreutils-failures-20260911-01/runs/upstream-help-version-complete-01/work/./src/[.exe'
++ case $feb_file_ in
++ feb_file_=kill.exe
++ feb_file_=kill
++ feb_result_='arch b2sum base32 base64 basename basenc bash cat chcon chgrp chmod chown chroot cksum cmp comm cp csplit cut date dd df diff dir dircolors dirname du echo env expand expr factor false find fmt fold gawk getlimits ginstall grep groups head hostid hostname id join kill'
++ feb_sp_=' '
++ for feb_file_ in $feb_dir_/*.exe
++ test x/c/ag-exit-e138-01/coreutils-failures-20260911-01/runs/upstream-help-version-complete-01/work/./src/libstdbuf.so.exe = 'x/c/ag-exit-e138-01/coreutils-failures-20260911-01/runs/upstream-help-version-complete-01/work/./src/*.exe'
++ test x/c/ag-exit-e138-01/coreutils-failures-20260911-01/runs/upstream-help-version-complete-01/work/./src/libstdbuf.so.exe = 'x/c/ag-exit-e138-01/coreutils-failures-20260911-01/runs/upstream-help-version-complete-01/work/./src/[.exe'
++ case $feb_file_ in
++ feb_file_=libstdbuf.so.exe
++ feb_file_=libstdbuf.so
++ feb_result_='arch b2sum base32 base64 basename basenc bash cat chcon chgrp chmod chown chroot cksum cmp comm cp csplit cut date dd df diff dir dircolors dirname du echo env expand expr factor false find fmt fold gawk getlimits ginstall grep groups head hostid hostname id join kill libstdbuf.so'
++ feb_sp_=' '
++ for feb_file_ in $feb_dir_/*.exe
++ test x/c/ag-exit-e138-01/coreutils-failures-20260911-01/runs/upstream-help-version-complete-01/work/./src/link.exe = 'x/c/ag-exit-e138-01/coreutils-failures-20260911-01/runs/upstream-help-version-complete-01/work/./src/*.exe'
++ test x/c/ag-exit-e138-01/coreutils-failures-20260911-01/runs/upstream-help-version-complete-01/work/./src/link.exe = 'x/c/ag-exit-e138-01/coreutils-failures-20260911-01/runs/upstream-help-version-complete-01/work/./src/[.exe'
++ case $feb_file_ in
++ feb_file_=link.exe
++ feb_file_=link
++ feb_result_='arch b2sum base32 base64 basename basenc bash cat chcon chgrp chmod chown chroot cksum cmp comm cp csplit cut date dd df diff dir dircolors dirname du echo env expand expr factor false find fmt fold gawk getlimits ginstall grep groups head hostid hostname id join kill libstdbuf.so link'
++ feb_sp_=' '
++ for feb_file_ in $feb_dir_/*.exe
++ test x/c/ag-exit-e138-01/coreutils-failures-20260911-01/runs/upstream-help-version-complete-01/work/./src/ln.exe = 'x/c/ag-exit-e138-01/coreutils-failures-20260911-01/runs/upstream-help-version-complete-01/work/./src/*.exe'
++ test x/c/ag-exit-e138-01/coreutils-failures-20260911-01/runs/upstream-help-version-complete-01/work/./src/ln.exe = 'x/c/ag-exit-e138-01/coreutils-failures-20260911-01/runs/upstream-help-version-complete-01/work/./src/[.exe'
++ case $feb_file_ in
++ feb_file_=ln.exe
++ feb_file_=ln
++ feb_result_='arch b2sum base32 base64 basename basenc bash cat chcon chgrp chmod chown chroot cksum cmp comm cp csplit cut date dd df diff dir dircolors dirname du echo env expand expr factor false find fmt fold gawk getlimits ginstall grep groups head hostid hostname id join kill libstdbuf.so link ln'
++ feb_sp_=' '
++ for feb_file_ in $feb_dir_/*.exe
++ test x/c/ag-exit-e138-01/coreutils-failures-20260911-01/runs/upstream-help-version-complete-01/work/./src/logname.exe = 'x/c/ag-exit-e138-01/coreutils-failures-20260911-01/runs/upstream-help-version-complete-01/work/./src/*.exe'
++ test x/c/ag-exit-e138-01/coreutils-failures-20260911-01/runs/upstream-help-version-complete-01/work/./src/logname.exe = 'x/c/ag-exit-e138-01/coreutils-failures-20260911-01/runs/upstream-help-version-complete-01/work/./src/[.exe'
++ case $feb_file_ in
++ feb_file_=logname.exe
++ feb_file_=logname
++ feb_result_='arch b2sum base32 base64 basename basenc bash cat chcon chgrp chmod chown chroot cksum cmp comm cp csplit cut date dd df diff dir dircolors dirname du echo env expand expr factor false find fmt fold gawk getlimits ginstall grep groups head hostid hostname id join kill libstdbuf.so link ln logname'
++ feb_sp_=' '
++ for feb_file_ in $feb_dir_/*.exe
++ test x/c/ag-exit-e138-01/coreutils-failures-20260911-01/runs/upstream-help-version-complete-01/work/./src/ls.exe = 'x/c/ag-exit-e138-01/coreutils-failures-20260911-01/runs/upstream-help-version-complete-01/work/./src/*.exe'
++ test x/c/ag-exit-e138-01/coreutils-failures-20260911-01/runs/upstream-help-version-complete-01/work/./src/ls.exe = 'x/c/ag-exit-e138-01/coreutils-failures-20260911-01/runs/upstream-help-version-complete-01/work/./src/[.exe'
++ case $feb_file_ in
++ feb_file_=ls.exe
++ feb_file_=ls
++ feb_result_='arch b2sum base32 base64 basename basenc bash cat chcon chgrp chmod chown chroot cksum cmp comm cp csplit cut date dd df diff dir dircolors dirname du echo env expand expr factor false find fmt fold gawk getlimits ginstall grep groups head hostid hostname id join kill libstdbuf.so link ln logname ls'
++ feb_sp_=' '
++ for feb_file_ in $feb_dir_/*.exe
++ test x/c/ag-exit-e138-01/coreutils-failures-20260911-01/runs/upstream-help-version-complete-01/work/./src/make-prime-list.exe = 'x/c/ag-exit-e138-01/coreutils-failures-20260911-01/runs/upstream-help-version-complete-01/work/./src/*.exe'
++ test x/c/ag-exit-e138-01/coreutils-failures-20260911-01/runs/upstream-help-version-complete-01/work/./src/make-prime-list.exe = 'x/c/ag-exit-e138-01/coreutils-failures-20260911-01/runs/upstream-help-version-complete-01/work/./src/[.exe'
++ case $feb_file_ in
++ feb_file_=make-prime-list.exe
++ feb_file_=make-prime-list
++ feb_result_='arch b2sum base32 base64 basename basenc bash cat chcon chgrp chmod chown chroot cksum cmp comm cp csplit cut date dd df diff dir dircolors dirname du echo env expand expr factor false find fmt fold gawk getlimits ginstall grep groups head hostid hostname id join kill libstdbuf.so link ln logname ls make-prime-list'
++ feb_sp_=' '
++ for feb_file_ in $feb_dir_/*.exe
++ test x/c/ag-exit-e138-01/coreutils-failures-20260911-01/runs/upstream-help-version-complete-01/work/./src/md5sum.exe = 'x/c/ag-exit-e138-01/coreutils-failures-20260911-01/runs/upstream-help-version-complete-01/work/./src/*.exe'
++ test x/c/ag-exit-e138-01/coreutils-failures-20260911-01/runs/upstream-help-version-complete-01/work/./src/md5sum.exe = 'x/c/ag-exit-e138-01/coreutils-failures-20260911-01/runs/upstream-help-version-complete-01/work/./src/[.exe'
++ case $feb_file_ in
++ feb_file_=md5sum.exe
++ feb_file_=md5sum
++ feb_result_='arch b2sum base32 base64 basename basenc bash cat chcon chgrp chmod chown chroot cksum cmp comm cp csplit cut date dd df diff dir dircolors dirname du echo env expand expr factor false find fmt fold gawk getlimits ginstall grep groups head hostid hostname id join kill libstdbuf.so link ln logname ls make-prime-list md5sum'
++ feb_sp_=' '
++ for feb_file_ in $feb_dir_/*.exe
++ test x/c/ag-exit-e138-01/coreutils-failures-20260911-01/runs/upstream-help-version-complete-01/work/./src/mkdir.exe = 'x/c/ag-exit-e138-01/coreutils-failures-20260911-01/runs/upstream-help-version-complete-01/work/./src/*.exe'
++ test x/c/ag-exit-e138-01/coreutils-failures-20260911-01/runs/upstream-help-version-complete-01/work/./src/mkdir.exe = 'x/c/ag-exit-e138-01/coreutils-failures-20260911-01/runs/upstream-help-version-complete-01/work/./src/[.exe'
++ case $feb_file_ in
++ feb_file_=mkdir.exe
++ feb_file_=mkdir
++ feb_result_='arch b2sum base32 base64 basename basenc bash cat chcon chgrp chmod chown chroot cksum cmp comm cp csplit cut date dd df diff dir dircolors dirname du echo env expand expr factor false find fmt fold gawk getlimits ginstall grep groups head hostid hostname id join kill libstdbuf.so link ln logname ls make-prime-list md5sum mkdir'
++ feb_sp_=' '
++ for feb_file_ in $feb_dir_/*.exe
++ test x/c/ag-exit-e138-01/coreutils-failures-20260911-01/runs/upstream-help-version-complete-01/work/./src/mkfifo.exe = 'x/c/ag-exit-e138-01/coreutils-failures-20260911-01/runs/upstream-help-version-complete-01/work/./src/*.exe'
++ test x/c/ag-exit-e138-01/coreutils-failures-20260911-01/runs/upstream-help-version-complete-01/work/./src/mkfifo.exe = 'x/c/ag-exit-e138-01/coreutils-failures-20260911-01/runs/upstream-help-version-complete-01/work/./src/[.exe'
++ case $feb_file_ in
++ feb_file_=mkfifo.exe
++ feb_file_=mkfifo
++ feb_result_='arch b2sum base32 base64 basename basenc bash cat chcon chgrp chmod chown chroot cksum cmp comm cp csplit cut date dd df diff dir dircolors dirname du echo env expand expr factor false find fmt fold gawk getlimits ginstall grep groups head hostid hostname id join kill libstdbuf.so link ln logname ls make-prime-list md5sum mkdir mkfifo'
++ feb_sp_=' '
++ for feb_file_ in $feb_dir_/*.exe
++ test x/c/ag-exit-e138-01/coreutils-failures-20260911-01/runs/upstream-help-version-complete-01/work/./src/mknod.exe = 'x/c/ag-exit-e138-01/coreutils-failures-20260911-01/runs/upstream-help-version-complete-01/work/./src/*.exe'
++ test x/c/ag-exit-e138-01/coreutils-failures-20260911-01/runs/upstream-help-version-complete-01/work/./src/mknod.exe = 'x/c/ag-exit-e138-01/coreutils-failures-20260911-01/runs/upstream-help-version-complete-01/work/./src/[.exe'
++ case $feb_file_ in
++ feb_file_=mknod.exe
++ feb_file_=mknod
++ feb_result_='arch b2sum base32 base64 basename basenc bash cat chcon chgrp chmod chown chroot cksum cmp comm cp csplit cut date dd df diff dir dircolors dirname du echo env expand expr factor false find fmt fold gawk getlimits ginstall grep groups head hostid hostname id join kill libstdbuf.so link ln logname ls make-prime-list md5sum mkdir mkfifo mknod'
++ feb_sp_=' '
++ for feb_file_ in $feb_dir_/*.exe
++ test x/c/ag-exit-e138-01/coreutils-failures-20260911-01/runs/upstream-help-version-complete-01/work/./src/mktemp.exe = 'x/c/ag-exit-e138-01/coreutils-failures-20260911-01/runs/upstream-help-version-complete-01/work/./src/*.exe'
++ test x/c/ag-exit-e138-01/coreutils-failures-20260911-01/runs/upstream-help-version-complete-01/work/./src/mktemp.exe = 'x/c/ag-exit-e138-01/coreutils-failures-20260911-01/runs/upstream-help-version-complete-01/work/./src/[.exe'
++ case $feb_file_ in
++ feb_file_=mktemp.exe
++ feb_file_=mktemp
++ feb_result_='arch b2sum base32 base64 basename basenc bash cat chcon chgrp chmod chown chroot cksum cmp comm cp csplit cut date dd df diff dir dircolors dirname du echo env expand expr factor false find fmt fold gawk getlimits ginstall grep groups head hostid hostname id join kill libstdbuf.so link ln logname ls make-prime-list md5sum mkdir mkfifo mknod mktemp'
++ feb_sp_=' '
++ for feb_file_ in $feb_dir_/*.exe
++ test x/c/ag-exit-e138-01/coreutils-failures-20260911-01/runs/upstream-help-version-complete-01/work/./src/mv.exe = 'x/c/ag-exit-e138-01/coreutils-failures-20260911-01/runs/upstream-help-version-complete-01/work/./src/*.exe'
++ test x/c/ag-exit-e138-01/coreutils-failures-20260911-01/runs/upstream-help-version-complete-01/work/./src/mv.exe = 'x/c/ag-exit-e138-01/coreutils-failures-20260911-01/runs/upstream-help-version-complete-01/work/./src/[.exe'
++ case $feb_file_ in
++ feb_file_=mv.exe
++ feb_file_=mv
++ feb_result_='arch b2sum base32 base64 basename basenc bash cat chcon chgrp chmod chown chroot cksum cmp comm cp csplit cut date dd df diff dir dircolors dirname du echo env expand expr factor false find fmt fold gawk getlimits ginstall grep groups head hostid hostname id join kill libstdbuf.so link ln logname ls make-prime-list md5sum mkdir mkfifo mknod mktemp mv'
++ feb_sp_=' '
++ for feb_file_ in $feb_dir_/*.exe
++ test x/c/ag-exit-e138-01/coreutils-failures-20260911-01/runs/upstream-help-version-complete-01/work/./src/nice.exe = 'x/c/ag-exit-e138-01/coreutils-failures-20260911-01/runs/upstream-help-version-complete-01/work/./src/*.exe'
++ test x/c/ag-exit-e138-01/coreutils-failures-20260911-01/runs/upstream-help-version-complete-01/work/./src/nice.exe = 'x/c/ag-exit-e138-01/coreutils-failures-20260911-01/runs/upstream-help-version-complete-01/work/./src/[.exe'
++ case $feb_file_ in
++ feb_file_=nice.exe
++ feb_file_=nice
++ feb_result_='arch b2sum base32 base64 basename basenc bash cat chcon chgrp chmod chown chroot cksum cmp comm cp csplit cut date dd df diff dir dircolors dirname du echo env expand expr factor false find fmt fold gawk getlimits ginstall grep groups head hostid hostname id join kill libstdbuf.so link ln logname ls make-prime-list md5sum mkdir mkfifo mknod mktemp mv nice'
++ feb_sp_=' '
++ for feb_file_ in $feb_dir_/*.exe
++ test x/c/ag-exit-e138-01/coreutils-failures-20260911-01/runs/upstream-help-version-complete-01/work/./src/nl.exe = 'x/c/ag-exit-e138-01/coreutils-failures-20260911-01/runs/upstream-help-version-complete-01/work/./src/*.exe'
++ test x/c/ag-exit-e138-01/coreutils-failures-20260911-01/runs/upstream-help-version-complete-01/work/./src/nl.exe = 'x/c/ag-exit-e138-01/coreutils-failures-20260911-01/runs/upstream-help-version-complete-01/work/./src/[.exe'
++ case $feb_file_ in
++ feb_file_=nl.exe
++ feb_file_=nl
++ feb_result_='arch b2sum base32 base64 basename basenc bash cat chcon chgrp chmod chown chroot cksum cmp comm cp csplit cut date dd df diff dir dircolors dirname du echo env expand expr factor false find fmt fold gawk getlimits ginstall grep groups head hostid hostname id join kill libstdbuf.so link ln logname ls make-prime-list md5sum mkdir mkfifo mknod mktemp mv nice nl'
++ feb_sp_=' '
++ for feb_file_ in $feb_dir_/*.exe
++ test x/c/ag-exit-e138-01/coreutils-failures-20260911-01/runs/upstream-help-version-complete-01/work/./src/nohup.exe = 'x/c/ag-exit-e138-01/coreutils-failures-20260911-01/runs/upstream-help-version-complete-01/work/./src/*.exe'
++ test x/c/ag-exit-e138-01/coreutils-failures-20260911-01/runs/upstream-help-version-complete-01/work/./src/nohup.exe = 'x/c/ag-exit-e138-01/coreutils-failures-20260911-01/runs/upstream-help-version-complete-01/work/./src/[.exe'
++ case $feb_file_ in
++ feb_file_=nohup.exe
++ feb_file_=nohup
++ feb_result_='arch b2sum base32 base64 basename basenc bash cat chcon chgrp chmod chown chroot cksum cmp comm cp csplit cut date dd df diff dir dircolors dirname du echo env expand expr factor false find fmt fold gawk getlimits ginstall grep groups head hostid hostname id join kill libstdbuf.so link ln logname ls make-prime-list md5sum mkdir mkfifo mknod mktemp mv nice nl nohup'
++ feb_sp_=' '
++ for feb_file_ in $feb_dir_/*.exe
++ test x/c/ag-exit-e138-01/coreutils-failures-20260911-01/runs/upstream-help-version-complete-01/work/./src/nproc.exe = 'x/c/ag-exit-e138-01/coreutils-failures-20260911-01/runs/upstream-help-version-complete-01/work/./src/*.exe'
++ test x/c/ag-exit-e138-01/coreutils-failures-20260911-01/runs/upstream-help-version-complete-01/work/./src/nproc.exe = 'x/c/ag-exit-e138-01/coreutils-failures-20260911-01/runs/upstream-help-version-complete-01/work/./src/[.exe'
++ case $feb_file_ in
++ feb_file_=nproc.exe
++ feb_file_=nproc
++ feb_result_='arch b2sum base32 base64 basename basenc bash cat chcon chgrp chmod chown chroot cksum cmp comm cp csplit cut date dd df diff dir dircolors dirname du echo env expand expr factor false find fmt fold gawk getlimits ginstall grep groups head hostid hostname id join kill libstdbuf.so link ln logname ls make-prime-list md5sum mkdir mkfifo mknod mktemp mv nice nl nohup nproc'
++ feb_sp_=' '
++ for feb_file_ in $feb_dir_/*.exe
++ test x/c/ag-exit-e138-01/coreutils-failures-20260911-01/runs/upstream-help-version-complete-01/work/./src/numfmt.exe = 'x/c/ag-exit-e138-01/coreutils-failures-20260911-01/runs/upstream-help-version-complete-01/work/./src/*.exe'
++ test x/c/ag-exit-e138-01/coreutils-failures-20260911-01/runs/upstream-help-version-complete-01/work/./src/numfmt.exe = 'x/c/ag-exit-e138-01/coreutils-failures-20260911-01/runs/upstream-help-version-complete-01/work/./src/[.exe'
++ case $feb_file_ in
++ feb_file_=numfmt.exe
++ feb_file_=numfmt
++ feb_result_='arch b2sum base32 base64 basename basenc bash cat chcon chgrp chmod chown chroot cksum cmp comm cp csplit cut date dd df diff dir dircolors dirname du echo env expand expr factor false find fmt fold gawk getlimits ginstall grep groups head hostid hostname id join kill libstdbuf.so link ln logname ls make-prime-list md5sum mkdir mkfifo mknod mktemp mv nice nl nohup nproc numfmt'
++ feb_sp_=' '
++ for feb_file_ in $feb_dir_/*.exe
++ test x/c/ag-exit-e138-01/coreutils-failures-20260911-01/runs/upstream-help-version-complete-01/work/./src/od.exe = 'x/c/ag-exit-e138-01/coreutils-failures-20260911-01/runs/upstream-help-version-complete-01/work/./src/*.exe'
++ test x/c/ag-exit-e138-01/coreutils-failures-20260911-01/runs/upstream-help-version-complete-01/work/./src/od.exe = 'x/c/ag-exit-e138-01/coreutils-failures-20260911-01/runs/upstream-help-version-complete-01/work/./src/[.exe'
++ case $feb_file_ in
++ feb_file_=od.exe
++ feb_file_=od
++ feb_result_='arch b2sum base32 base64 basename basenc bash cat chcon chgrp chmod chown chroot cksum cmp comm cp csplit cut date dd df diff dir dircolors dirname du echo env expand expr factor false find fmt fold gawk getlimits ginstall grep groups head hostid hostname id join kill libstdbuf.so link ln logname ls make-prime-list md5sum mkdir mkfifo mknod mktemp mv nice nl nohup nproc numfmt od'
++ feb_sp_=' '
++ for feb_file_ in $feb_dir_/*.exe
++ test x/c/ag-exit-e138-01/coreutils-failures-20260911-01/runs/upstream-help-version-complete-01/work/./src/paste.exe = 'x/c/ag-exit-e138-01/coreutils-failures-20260911-01/runs/upstream-help-version-complete-01/work/./src/*.exe'
++ test x/c/ag-exit-e138-01/coreutils-failures-20260911-01/runs/upstream-help-version-complete-01/work/./src/paste.exe = 'x/c/ag-exit-e138-01/coreutils-failures-20260911-01/runs/upstream-help-version-complete-01/work/./src/[.exe'
++ case $feb_file_ in
++ feb_file_=paste.exe
++ feb_file_=paste
++ feb_result_='arch b2sum base32 base64 basename basenc bash cat chcon chgrp chmod chown chroot cksum cmp comm cp csplit cut date dd df diff dir dircolors dirname du echo env expand expr factor false find fmt fold gawk getlimits ginstall grep groups head hostid hostname id join kill libstdbuf.so link ln logname ls make-prime-list md5sum mkdir mkfifo mknod mktemp mv nice nl nohup nproc numfmt od paste'
++ feb_sp_=' '
++ for feb_file_ in $feb_dir_/*.exe
++ test x/c/ag-exit-e138-01/coreutils-failures-20260911-01/runs/upstream-help-version-complete-01/work/./src/pathchk.exe = 'x/c/ag-exit-e138-01/coreutils-failures-20260911-01/runs/upstream-help-version-complete-01/work/./src/*.exe'
++ test x/c/ag-exit-e138-01/coreutils-failures-20260911-01/runs/upstream-help-version-complete-01/work/./src/pathchk.exe = 'x/c/ag-exit-e138-01/coreutils-failures-20260911-01/runs/upstream-help-version-complete-01/work/./src/[.exe'
++ case $feb_file_ in
++ feb_file_=pathchk.exe
++ feb_file_=pathchk
++ feb_result_='arch b2sum base32 base64 basename basenc bash cat chcon chgrp chmod chown chroot cksum cmp comm cp csplit cut date dd df diff dir dircolors dirname du echo env expand expr factor false find fmt fold gawk getlimits ginstall grep groups head hostid hostname id join kill libstdbuf.so link ln logname ls make-prime-list md5sum mkdir mkfifo mknod mktemp mv nice nl nohup nproc numfmt od paste pathchk'
++ feb_sp_=' '
++ for feb_file_ in $feb_dir_/*.exe
++ test x/c/ag-exit-e138-01/coreutils-failures-20260911-01/runs/upstream-help-version-complete-01/work/./src/pinky.exe = 'x/c/ag-exit-e138-01/coreutils-failures-20260911-01/runs/upstream-help-version-complete-01/work/./src/*.exe'
++ test x/c/ag-exit-e138-01/coreutils-failures-20260911-01/runs/upstream-help-version-complete-01/work/./src/pinky.exe = 'x/c/ag-exit-e138-01/coreutils-failures-20260911-01/runs/upstream-help-version-complete-01/work/./src/[.exe'
++ case $feb_file_ in
++ feb_file_=pinky.exe
++ feb_file_=pinky
++ feb_result_='arch b2sum base32 base64 basename basenc bash cat chcon chgrp chmod chown chroot cksum cmp comm cp csplit cut date dd df diff dir dircolors dirname du echo env expand expr factor false find fmt fold gawk getlimits ginstall grep groups head hostid hostname id join kill libstdbuf.so link ln logname ls make-prime-list md5sum mkdir mkfifo mknod mktemp mv nice nl nohup nproc numfmt od paste pathchk pinky'
++ feb_sp_=' '
++ for feb_file_ in $feb_dir_/*.exe
++ test x/c/ag-exit-e138-01/coreutils-failures-20260911-01/runs/upstream-help-version-complete-01/work/./src/pr.exe = 'x/c/ag-exit-e138-01/coreutils-failures-20260911-01/runs/upstream-help-version-complete-01/work/./src/*.exe'
++ test x/c/ag-exit-e138-01/coreutils-failures-20260911-01/runs/upstream-help-version-complete-01/work/./src/pr.exe = 'x/c/ag-exit-e138-01/coreutils-failures-20260911-01/runs/upstream-help-version-complete-01/work/./src/[.exe'
++ case $feb_file_ in
++ feb_file_=pr.exe
++ feb_file_=pr
++ feb_result_='arch b2sum base32 base64 basename basenc bash cat chcon chgrp chmod chown chroot cksum cmp comm cp csplit cut date dd df diff dir dircolors dirname du echo env expand expr factor false find fmt fold gawk getlimits ginstall grep groups head hostid hostname id join kill libstdbuf.so link ln logname ls make-prime-list md5sum mkdir mkfifo mknod mktemp mv nice nl nohup nproc numfmt od paste pathchk pinky pr'
++ feb_sp_=' '
++ for feb_file_ in $feb_dir_/*.exe
++ test x/c/ag-exit-e138-01/coreutils-failures-20260911-01/runs/upstream-help-version-complete-01/work/./src/printenv.exe = 'x/c/ag-exit-e138-01/coreutils-failures-20260911-01/runs/upstream-help-version-complete-01/work/./src/*.exe'
++ test x/c/ag-exit-e138-01/coreutils-failures-20260911-01/runs/upstream-help-version-complete-01/work/./src/printenv.exe = 'x/c/ag-exit-e138-01/coreutils-failures-20260911-01/runs/upstream-help-version-complete-01/work/./src/[.exe'
++ case $feb_file_ in
++ feb_file_=printenv.exe
++ feb_file_=printenv
++ feb_result_='arch b2sum base32 base64 basename basenc bash cat chcon chgrp chmod chown chroot cksum cmp comm cp csplit cut date dd df diff dir dircolors dirname du echo env expand expr factor false find fmt fold gawk getlimits ginstall grep groups head hostid hostname id join kill libstdbuf.so link ln logname ls make-prime-list md5sum mkdir mkfifo mknod mktemp mv nice nl nohup nproc numfmt od paste pathchk pinky pr printenv'
++ feb_sp_=' '
++ for feb_file_ in $feb_dir_/*.exe
++ test x/c/ag-exit-e138-01/coreutils-failures-20260911-01/runs/upstream-help-version-complete-01/work/./src/printf.exe = 'x/c/ag-exit-e138-01/coreutils-failures-20260911-01/runs/upstream-help-version-complete-01/work/./src/*.exe'
++ test x/c/ag-exit-e138-01/coreutils-failures-20260911-01/runs/upstream-help-version-complete-01/work/./src/printf.exe = 'x/c/ag-exit-e138-01/coreutils-failures-20260911-01/runs/upstream-help-version-complete-01/work/./src/[.exe'
++ case $feb_file_ in
++ feb_file_=printf.exe
++ feb_file_=printf
++ feb_result_='arch b2sum base32 base64 basename basenc bash cat chcon chgrp chmod chown chroot cksum cmp comm cp csplit cut date dd df diff dir dircolors dirname du echo env expand expr factor false find fmt fold gawk getlimits ginstall grep groups head hostid hostname id join kill libstdbuf.so link ln logname ls make-prime-list md5sum mkdir mkfifo mknod mktemp mv nice nl nohup nproc numfmt od paste pathchk pinky pr printenv printf'
++ feb_sp_=' '
++ for feb_file_ in $feb_dir_/*.exe
++ test x/c/ag-exit-e138-01/coreutils-failures-20260911-01/runs/upstream-help-version-complete-01/work/./src/ptx.exe = 'x/c/ag-exit-e138-01/coreutils-failures-20260911-01/runs/upstream-help-version-complete-01/work/./src/*.exe'
++ test x/c/ag-exit-e138-01/coreutils-failures-20260911-01/runs/upstream-help-version-complete-01/work/./src/ptx.exe = 'x/c/ag-exit-e138-01/coreutils-failures-20260911-01/runs/upstream-help-version-complete-01/work/./src/[.exe'
++ case $feb_file_ in
++ feb_file_=ptx.exe
++ feb_file_=ptx
++ feb_result_='arch b2sum base32 base64 basename basenc bash cat chcon chgrp chmod chown chroot cksum cmp comm cp csplit cut date dd df diff dir dircolors dirname du echo env expand expr factor false find fmt fold gawk getlimits ginstall grep groups head hostid hostname id join kill libstdbuf.so link ln logname ls make-prime-list md5sum mkdir mkfifo mknod mktemp mv nice nl nohup nproc numfmt od paste pathchk pinky pr printenv printf ptx'
++ feb_sp_=' '
++ for feb_file_ in $feb_dir_/*.exe
++ test x/c/ag-exit-e138-01/coreutils-failures-20260911-01/runs/upstream-help-version-complete-01/work/./src/pwd.exe = 'x/c/ag-exit-e138-01/coreutils-failures-20260911-01/runs/upstream-help-version-complete-01/work/./src/*.exe'
++ test x/c/ag-exit-e138-01/coreutils-failures-20260911-01/runs/upstream-help-version-complete-01/work/./src/pwd.exe = 'x/c/ag-exit-e138-01/coreutils-failures-20260911-01/runs/upstream-help-version-complete-01/work/./src/[.exe'
++ case $feb_file_ in
++ feb_file_=pwd.exe
++ feb_file_=pwd
++ feb_result_='arch b2sum base32 base64 basename basenc bash cat chcon chgrp chmod chown chroot cksum cmp comm cp csplit cut date dd df diff dir dircolors dirname du echo env expand expr factor false find fmt fold gawk getlimits ginstall grep groups head hostid hostname id join kill libstdbuf.so link ln logname ls make-prime-list md5sum mkdir mkfifo mknod mktemp mv nice nl nohup nproc numfmt od paste pathchk pinky pr printenv printf ptx pwd'
++ feb_sp_=' '
++ for feb_file_ in $feb_dir_/*.exe
++ test x/c/ag-exit-e138-01/coreutils-failures-20260911-01/runs/upstream-help-version-complete-01/work/./src/readlink.exe = 'x/c/ag-exit-e138-01/coreutils-failures-20260911-01/runs/upstream-help-version-complete-01/work/./src/*.exe'
++ test x/c/ag-exit-e138-01/coreutils-failures-20260911-01/runs/upstream-help-version-complete-01/work/./src/readlink.exe = 'x/c/ag-exit-e138-01/coreutils-failures-20260911-01/runs/upstream-help-version-complete-01/work/./src/[.exe'
++ case $feb_file_ in
++ feb_file_=readlink.exe
++ feb_file_=readlink
++ feb_result_='arch b2sum base32 base64 basename basenc bash cat chcon chgrp chmod chown chroot cksum cmp comm cp csplit cut date dd df diff dir dircolors dirname du echo env expand expr factor false find fmt fold gawk getlimits ginstall grep groups head hostid hostname id join kill libstdbuf.so link ln logname ls make-prime-list md5sum mkdir mkfifo mknod mktemp mv nice nl nohup nproc numfmt od paste pathchk pinky pr printenv printf ptx pwd readlink'
++ feb_sp_=' '
++ for feb_file_ in $feb_dir_/*.exe
++ test x/c/ag-exit-e138-01/coreutils-failures-20260911-01/runs/upstream-help-version-complete-01/work/./src/realpath.exe = 'x/c/ag-exit-e138-01/coreutils-failures-20260911-01/runs/upstream-help-version-complete-01/work/./src/*.exe'
++ test x/c/ag-exit-e138-01/coreutils-failures-20260911-01/runs/upstream-help-version-complete-01/work/./src/realpath.exe = 'x/c/ag-exit-e138-01/coreutils-failures-20260911-01/runs/upstream-help-version-complete-01/work/./src/[.exe'
++ case $feb_file_ in
++ feb_file_=realpath.exe
++ feb_file_=realpath
++ feb_result_='arch b2sum base32 base64 basename basenc bash cat chcon chgrp chmod chown chroot cksum cmp comm cp csplit cut date dd df diff dir dircolors dirname du echo env expand expr factor false find fmt fold gawk getlimits ginstall grep groups head hostid hostname id join kill libstdbuf.so link ln logname ls make-prime-list md5sum mkdir mkfifo mknod mktemp mv nice nl nohup nproc numfmt od paste pathchk pinky pr printenv printf ptx pwd readlink realpath'
++ feb_sp_=' '
++ for feb_file_ in $feb_dir_/*.exe
++ test x/c/ag-exit-e138-01/coreutils-failures-20260911-01/runs/upstream-help-version-complete-01/work/./src/rm.exe = 'x/c/ag-exit-e138-01/coreutils-failures-20260911-01/runs/upstream-help-version-complete-01/work/./src/*.exe'
++ test x/c/ag-exit-e138-01/coreutils-failures-20260911-01/runs/upstream-help-version-complete-01/work/./src/rm.exe = 'x/c/ag-exit-e138-01/coreutils-failures-20260911-01/runs/upstream-help-version-complete-01/work/./src/[.exe'
++ case $feb_file_ in
++ feb_file_=rm.exe
++ feb_file_=rm
++ feb_result_='arch b2sum base32 base64 basename basenc bash cat chcon chgrp chmod chown chroot cksum cmp comm cp csplit cut date dd df diff dir dircolors dirname du echo env expand expr factor false find fmt fold gawk getlimits ginstall grep groups head hostid hostname id join kill libstdbuf.so link ln logname ls make-prime-list md5sum mkdir mkfifo mknod mktemp mv nice nl nohup nproc numfmt od paste pathchk pinky pr printenv printf ptx pwd readlink realpath rm'
++ feb_sp_=' '
++ for feb_file_ in $feb_dir_/*.exe
++ test x/c/ag-exit-e138-01/coreutils-failures-20260911-01/runs/upstream-help-version-complete-01/work/./src/rmdir.exe = 'x/c/ag-exit-e138-01/coreutils-failures-20260911-01/runs/upstream-help-version-complete-01/work/./src/*.exe'
++ test x/c/ag-exit-e138-01/coreutils-failures-20260911-01/runs/upstream-help-version-complete-01/work/./src/rmdir.exe = 'x/c/ag-exit-e138-01/coreutils-failures-20260911-01/runs/upstream-help-version-complete-01/work/./src/[.exe'
++ case $feb_file_ in
++ feb_file_=rmdir.exe
++ feb_file_=rmdir
++ feb_result_='arch b2sum base32 base64 basename basenc bash cat chcon chgrp chmod chown chroot cksum cmp comm cp csplit cut date dd df diff dir dircolors dirname du echo env expand expr factor false find fmt fold gawk getlimits ginstall grep groups head hostid hostname id join kill libstdbuf.so link ln logname ls make-prime-list md5sum mkdir mkfifo mknod mktemp mv nice nl nohup nproc numfmt od paste pathchk pinky pr printenv printf ptx pwd readlink realpath rm rmdir'
++ feb_sp_=' '
++ for feb_file_ in $feb_dir_/*.exe
++ test x/c/ag-exit-e138-01/coreutils-failures-20260911-01/runs/upstream-help-version-complete-01/work/./src/runcon.exe = 'x/c/ag-exit-e138-01/coreutils-failures-20260911-01/runs/upstream-help-version-complete-01/work/./src/*.exe'
++ test x/c/ag-exit-e138-01/coreutils-failures-20260911-01/runs/upstream-help-version-complete-01/work/./src/runcon.exe = 'x/c/ag-exit-e138-01/coreutils-failures-20260911-01/runs/upstream-help-version-complete-01/work/./src/[.exe'
++ case $feb_file_ in
++ feb_file_=runcon.exe
++ feb_file_=runcon
++ feb_result_='arch b2sum base32 base64 basename basenc bash cat chcon chgrp chmod chown chroot cksum cmp comm cp csplit cut date dd df diff dir dircolors dirname du echo env expand expr factor false find fmt fold gawk getlimits ginstall grep groups head hostid hostname id join kill libstdbuf.so link ln logname ls make-prime-list md5sum mkdir mkfifo mknod mktemp mv nice nl nohup nproc numfmt od paste pathchk pinky pr printenv printf ptx pwd readlink realpath rm rmdir runcon'
++ feb_sp_=' '
++ for feb_file_ in $feb_dir_/*.exe
++ test x/c/ag-exit-e138-01/coreutils-failures-20260911-01/runs/upstream-help-version-complete-01/work/./src/sed.exe = 'x/c/ag-exit-e138-01/coreutils-failures-20260911-01/runs/upstream-help-version-complete-01/work/./src/*.exe'
++ test x/c/ag-exit-e138-01/coreutils-failures-20260911-01/runs/upstream-help-version-complete-01/work/./src/sed.exe = 'x/c/ag-exit-e138-01/coreutils-failures-20260911-01/runs/upstream-help-version-complete-01/work/./src/[.exe'
++ case $feb_file_ in
++ feb_file_=sed.exe
++ feb_file_=sed
++ feb_result_='arch b2sum base32 base64 basename basenc bash cat chcon chgrp chmod chown chroot cksum cmp comm cp csplit cut date dd df diff dir dircolors dirname du echo env expand expr factor false find fmt fold gawk getlimits ginstall grep groups head hostid hostname id join kill libstdbuf.so link ln logname ls make-prime-list md5sum mkdir mkfifo mknod mktemp mv nice nl nohup nproc numfmt od paste pathchk pinky pr printenv printf ptx pwd readlink realpath rm rmdir runcon sed'
++ feb_sp_=' '
++ for feb_file_ in $feb_dir_/*.exe
++ test x/c/ag-exit-e138-01/coreutils-failures-20260911-01/runs/upstream-help-version-complete-01/work/./src/seq.exe = 'x/c/ag-exit-e138-01/coreutils-failures-20260911-01/runs/upstream-help-version-complete-01/work/./src/*.exe'
++ test x/c/ag-exit-e138-01/coreutils-failures-20260911-01/runs/upstream-help-version-complete-01/work/./src/seq.exe = 'x/c/ag-exit-e138-01/coreutils-failures-20260911-01/runs/upstream-help-version-complete-01/work/./src/[.exe'
++ case $feb_file_ in
++ feb_file_=seq.exe
++ feb_file_=seq
++ feb_result_='arch b2sum base32 base64 basename basenc bash cat chcon chgrp chmod chown chroot cksum cmp comm cp csplit cut date dd df diff dir dircolors dirname du echo env expand expr factor false find fmt fold gawk getlimits ginstall grep groups head hostid hostname id join kill libstdbuf.so link ln logname ls make-prime-list md5sum mkdir mkfifo mknod mktemp mv nice nl nohup nproc numfmt od paste pathchk pinky pr printenv printf ptx pwd readlink realpath rm rmdir runcon sed seq'
++ feb_sp_=' '
++ for feb_file_ in $feb_dir_/*.exe
++ test x/c/ag-exit-e138-01/coreutils-failures-20260911-01/runs/upstream-help-version-complete-01/work/./src/sh.exe = 'x/c/ag-exit-e138-01/coreutils-failures-20260911-01/runs/upstream-help-version-complete-01/work/./src/*.exe'
++ test x/c/ag-exit-e138-01/coreutils-failures-20260911-01/runs/upstream-help-version-complete-01/work/./src/sh.exe = 'x/c/ag-exit-e138-01/coreutils-failures-20260911-01/runs/upstream-help-version-complete-01/work/./src/[.exe'
++ case $feb_file_ in
++ feb_file_=sh.exe
++ feb_file_=sh
++ feb_result_='arch b2sum base32 base64 basename basenc bash cat chcon chgrp chmod chown chroot cksum cmp comm cp csplit cut date dd df diff dir dircolors dirname du echo env expand expr factor false find fmt fold gawk getlimits ginstall grep groups head hostid hostname id join kill libstdbuf.so link ln logname ls make-prime-list md5sum mkdir mkfifo mknod mktemp mv nice nl nohup nproc numfmt od paste pathchk pinky pr printenv printf ptx pwd readlink realpath rm rmdir runcon sed seq sh'
++ feb_sp_=' '
++ for feb_file_ in $feb_dir_/*.exe
++ test x/c/ag-exit-e138-01/coreutils-failures-20260911-01/runs/upstream-help-version-complete-01/work/./src/sha1sum.exe = 'x/c/ag-exit-e138-01/coreutils-failures-20260911-01/runs/upstream-help-version-complete-01/work/./src/*.exe'
++ test x/c/ag-exit-e138-01/coreutils-failures-20260911-01/runs/upstream-help-version-complete-01/work/./src/sha1sum.exe = 'x/c/ag-exit-e138-01/coreutils-failures-20260911-01/runs/upstream-help-version-complete-01/work/./src/[.exe'
++ case $feb_file_ in
++ feb_file_=sha1sum.exe
++ feb_file_=sha1sum
++ feb_result_='arch b2sum base32 base64 basename basenc bash cat chcon chgrp chmod chown chroot cksum cmp comm cp csplit cut date dd df diff dir dircolors dirname du echo env expand expr factor false find fmt fold gawk getlimits ginstall grep groups head hostid hostname id join kill libstdbuf.so link ln logname ls make-prime-list md5sum mkdir mkfifo mknod mktemp mv nice nl nohup nproc numfmt od paste pathchk pinky pr printenv printf ptx pwd readlink realpath rm rmdir runcon sed seq sh sha1sum'
++ feb_sp_=' '
++ for feb_file_ in $feb_dir_/*.exe
++ test x/c/ag-exit-e138-01/coreutils-failures-20260911-01/runs/upstream-help-version-complete-01/work/./src/sha224sum.exe = 'x/c/ag-exit-e138-01/coreutils-failures-20260911-01/runs/upstream-help-version-complete-01/work/./src/*.exe'
++ test x/c/ag-exit-e138-01/coreutils-failures-20260911-01/runs/upstream-help-version-complete-01/work/./src/sha224sum.exe = 'x/c/ag-exit-e138-01/coreutils-failures-20260911-01/runs/upstream-help-version-complete-01/work/./src/[.exe'
++ case $feb_file_ in
++ feb_file_=sha224sum.exe
++ feb_file_=sha224sum
++ feb_result_='arch b2sum base32 base64 basename basenc bash cat chcon chgrp chmod chown chroot cksum cmp comm cp csplit cut date dd df diff dir dircolors dirname du echo env expand expr factor false find fmt fold gawk getlimits ginstall grep groups head hostid hostname id join kill libstdbuf.so link ln logname ls make-prime-list md5sum mkdir mkfifo mknod mktemp mv nice nl nohup nproc numfmt od paste pathchk pinky pr printenv printf ptx pwd readlink realpath rm rmdir runcon sed seq sh sha1sum sha224sum'
++ feb_sp_=' '
++ for feb_file_ in $feb_dir_/*.exe
++ test x/c/ag-exit-e138-01/coreutils-failures-20260911-01/runs/upstream-help-version-complete-01/work/./src/sha256sum.exe = 'x/c/ag-exit-e138-01/coreutils-failures-20260911-01/runs/upstream-help-version-complete-01/work/./src/*.exe'
++ test x/c/ag-exit-e138-01/coreutils-failures-20260911-01/runs/upstream-help-version-complete-01/work/./src/sha256sum.exe = 'x/c/ag-exit-e138-01/coreutils-failures-20260911-01/runs/upstream-help-version-complete-01/work/./src/[.exe'
++ case $feb_file_ in
++ feb_file_=sha256sum.exe
++ feb_file_=sha256sum
++ feb_result_='arch b2sum base32 base64 basename basenc bash cat chcon chgrp chmod chown chroot cksum cmp comm cp csplit cut date dd df diff dir dircolors dirname du echo env expand expr factor false find fmt fold gawk getlimits ginstall grep groups head hostid hostname id join kill libstdbuf.so link ln logname ls make-prime-list md5sum mkdir mkfifo mknod mktemp mv nice nl nohup nproc numfmt od paste pathchk pinky pr printenv printf ptx pwd readlink realpath rm rmdir runcon sed seq sh sha1sum sha224sum sha256sum'
++ feb_sp_=' '
++ for feb_file_ in $feb_dir_/*.exe
++ test x/c/ag-exit-e138-01/coreutils-failures-20260911-01/runs/upstream-help-version-complete-01/work/./src/sha384sum.exe = 'x/c/ag-exit-e138-01/coreutils-failures-20260911-01/runs/upstream-help-version-complete-01/work/./src/*.exe'
++ test x/c/ag-exit-e138-01/coreutils-failures-20260911-01/runs/upstream-help-version-complete-01/work/./src/sha384sum.exe = 'x/c/ag-exit-e138-01/coreutils-failures-20260911-01/runs/upstream-help-version-complete-01/work/./src/[.exe'
++ case $feb_file_ in
++ feb_file_=sha384sum.exe
++ feb_file_=sha384sum
++ feb_result_='arch b2sum base32 base64 basename basenc bash cat chcon chgrp chmod chown chroot cksum cmp comm cp csplit cut date dd df diff dir dircolors dirname du echo env expand expr factor false find fmt fold gawk getlimits ginstall grep groups head hostid hostname id join kill libstdbuf.so link ln logname ls make-prime-list md5sum mkdir mkfifo mknod mktemp mv nice nl nohup nproc numfmt od paste pathchk pinky pr printenv printf ptx pwd readlink realpath rm rmdir runcon sed seq sh sha1sum sha224sum sha256sum sha384sum'
++ feb_sp_=' '
++ for feb_file_ in $feb_dir_/*.exe
++ test x/c/ag-exit-e138-01/coreutils-failures-20260911-01/runs/upstream-help-version-complete-01/work/./src/sha512sum.exe = 'x/c/ag-exit-e138-01/coreutils-failures-20260911-01/runs/upstream-help-version-complete-01/work/./src/*.exe'
++ test x/c/ag-exit-e138-01/coreutils-failures-20260911-01/runs/upstream-help-version-complete-01/work/./src/sha512sum.exe = 'x/c/ag-exit-e138-01/coreutils-failures-20260911-01/runs/upstream-help-version-complete-01/work/./src/[.exe'
++ case $feb_file_ in
++ feb_file_=sha512sum.exe
++ feb_file_=sha512sum
++ feb_result_='arch b2sum base32 base64 basename basenc bash cat chcon chgrp chmod chown chroot cksum cmp comm cp csplit cut date dd df diff dir dircolors dirname du echo env expand expr factor false find fmt fold gawk getlimits ginstall grep groups head hostid hostname id join kill libstdbuf.so link ln logname ls make-prime-list md5sum mkdir mkfifo mknod mktemp mv nice nl nohup nproc numfmt od paste pathchk pinky pr printenv printf ptx pwd readlink realpath rm rmdir runcon sed seq sh sha1sum sha224sum sha256sum sha384sum sha512sum'
++ feb_sp_=' '
++ for feb_file_ in $feb_dir_/*.exe
++ test x/c/ag-exit-e138-01/coreutils-failures-20260911-01/runs/upstream-help-version-complete-01/work/./src/shred.exe = 'x/c/ag-exit-e138-01/coreutils-failures-20260911-01/runs/upstream-help-version-complete-01/work/./src/*.exe'
++ test x/c/ag-exit-e138-01/coreutils-failures-20260911-01/runs/upstream-help-version-complete-01/work/./src/shred.exe = 'x/c/ag-exit-e138-01/coreutils-failures-20260911-01/runs/upstream-help-version-complete-01/work/./src/[.exe'
++ case $feb_file_ in
++ feb_file_=shred.exe
++ feb_file_=shred
++ feb_result_='arch b2sum base32 base64 basename basenc bash cat chcon chgrp chmod chown chroot cksum cmp comm cp csplit cut date dd df diff dir dircolors dirname du echo env expand expr factor false find fmt fold gawk getlimits ginstall grep groups head hostid hostname id join kill libstdbuf.so link ln logname ls make-prime-list md5sum mkdir mkfifo mknod mktemp mv nice nl nohup nproc numfmt od paste pathchk pinky pr printenv printf ptx pwd readlink realpath rm rmdir runcon sed seq sh sha1sum sha224sum sha256sum sha384sum sha512sum shred'
++ feb_sp_=' '
++ for feb_file_ in $feb_dir_/*.exe
++ test x/c/ag-exit-e138-01/coreutils-failures-20260911-01/runs/upstream-help-version-complete-01/work/./src/shuf.exe = 'x/c/ag-exit-e138-01/coreutils-failures-20260911-01/runs/upstream-help-version-complete-01/work/./src/*.exe'
++ test x/c/ag-exit-e138-01/coreutils-failures-20260911-01/runs/upstream-help-version-complete-01/work/./src/shuf.exe = 'x/c/ag-exit-e138-01/coreutils-failures-20260911-01/runs/upstream-help-version-complete-01/work/./src/[.exe'
++ case $feb_file_ in
++ feb_file_=shuf.exe
++ feb_file_=shuf
++ feb_result_='arch b2sum base32 base64 basename basenc bash cat chcon chgrp chmod chown chroot cksum cmp comm cp csplit cut date dd df diff dir dircolors dirname du echo env expand expr factor false find fmt fold gawk getlimits ginstall grep groups head hostid hostname id join kill libstdbuf.so link ln logname ls make-prime-list md5sum mkdir mkfifo mknod mktemp mv nice nl nohup nproc numfmt od paste pathchk pinky pr printenv printf ptx pwd readlink realpath rm rmdir runcon sed seq sh sha1sum sha224sum sha256sum sha384sum sha512sum shred shuf'
++ feb_sp_=' '
++ for feb_file_ in $feb_dir_/*.exe
++ test x/c/ag-exit-e138-01/coreutils-failures-20260911-01/runs/upstream-help-version-complete-01/work/./src/sleep.exe = 'x/c/ag-exit-e138-01/coreutils-failures-20260911-01/runs/upstream-help-version-complete-01/work/./src/*.exe'
++ test x/c/ag-exit-e138-01/coreutils-failures-20260911-01/runs/upstream-help-version-complete-01/work/./src/sleep.exe = 'x/c/ag-exit-e138-01/coreutils-failures-20260911-01/runs/upstream-help-version-complete-01/work/./src/[.exe'
++ case $feb_file_ in
++ feb_file_=sleep.exe
++ feb_file_=sleep
++ feb_result_='arch b2sum base32 base64 basename basenc bash cat chcon chgrp chmod chown chroot cksum cmp comm cp csplit cut date dd df diff dir dircolors dirname du echo env expand expr factor false find fmt fold gawk getlimits ginstall grep groups head hostid hostname id join kill libstdbuf.so link ln logname ls make-prime-list md5sum mkdir mkfifo mknod mktemp mv nice nl nohup nproc numfmt od paste pathchk pinky pr printenv printf ptx pwd readlink realpath rm rmdir runcon sed seq sh sha1sum sha224sum sha256sum sha384sum sha512sum shred shuf sleep'
++ feb_sp_=' '
++ for feb_file_ in $feb_dir_/*.exe
++ test x/c/ag-exit-e138-01/coreutils-failures-20260911-01/runs/upstream-help-version-complete-01/work/./src/sort.exe = 'x/c/ag-exit-e138-01/coreutils-failures-20260911-01/runs/upstream-help-version-complete-01/work/./src/*.exe'
++ test x/c/ag-exit-e138-01/coreutils-failures-20260911-01/runs/upstream-help-version-complete-01/work/./src/sort.exe = 'x/c/ag-exit-e138-01/coreutils-failures-20260911-01/runs/upstream-help-version-complete-01/work/./src/[.exe'
++ case $feb_file_ in
++ feb_file_=sort.exe
++ feb_file_=sort
++ feb_result_='arch b2sum base32 base64 basename basenc bash cat chcon chgrp chmod chown chroot cksum cmp comm cp csplit cut date dd df diff dir dircolors dirname du echo env expand expr factor false find fmt fold gawk getlimits ginstall grep groups head hostid hostname id join kill libstdbuf.so link ln logname ls make-prime-list md5sum mkdir mkfifo mknod mktemp mv nice nl nohup nproc numfmt od paste pathchk pinky pr printenv printf ptx pwd readlink realpath rm rmdir runcon sed seq sh sha1sum sha224sum sha256sum sha384sum sha512sum shred shuf sleep sort'
++ feb_sp_=' '
++ for feb_file_ in $feb_dir_/*.exe
++ test x/c/ag-exit-e138-01/coreutils-failures-20260911-01/runs/upstream-help-version-complete-01/work/./src/split.exe = 'x/c/ag-exit-e138-01/coreutils-failures-20260911-01/runs/upstream-help-version-complete-01/work/./src/*.exe'
++ test x/c/ag-exit-e138-01/coreutils-failures-20260911-01/runs/upstream-help-version-complete-01/work/./src/split.exe = 'x/c/ag-exit-e138-01/coreutils-failures-20260911-01/runs/upstream-help-version-complete-01/work/./src/[.exe'
++ case $feb_file_ in
++ feb_file_=split.exe
++ feb_file_=split
++ feb_result_='arch b2sum base32 base64 basename basenc bash cat chcon chgrp chmod chown chroot cksum cmp comm cp csplit cut date dd df diff dir dircolors dirname du echo env expand expr factor false find fmt fold gawk getlimits ginstall grep groups head hostid hostname id join kill libstdbuf.so link ln logname ls make-prime-list md5sum mkdir mkfifo mknod mktemp mv nice nl nohup nproc numfmt od paste pathchk pinky pr printenv printf ptx pwd readlink realpath rm rmdir runcon sed seq sh sha1sum sha224sum sha256sum sha384sum sha512sum shred shuf sleep sort split'
++ feb_sp_=' '
++ for feb_file_ in $feb_dir_/*.exe
++ test x/c/ag-exit-e138-01/coreutils-failures-20260911-01/runs/upstream-help-version-complete-01/work/./src/stat.exe = 'x/c/ag-exit-e138-01/coreutils-failures-20260911-01/runs/upstream-help-version-complete-01/work/./src/*.exe'
++ test x/c/ag-exit-e138-01/coreutils-failures-20260911-01/runs/upstream-help-version-complete-01/work/./src/stat.exe = 'x/c/ag-exit-e138-01/coreutils-failures-20260911-01/runs/upstream-help-version-complete-01/work/./src/[.exe'
++ case $feb_file_ in
++ feb_file_=stat.exe
++ feb_file_=stat
++ feb_result_='arch b2sum base32 base64 basename basenc bash cat chcon chgrp chmod chown chroot cksum cmp comm cp csplit cut date dd df diff dir dircolors dirname du echo env expand expr factor false find fmt fold gawk getlimits ginstall grep groups head hostid hostname id join kill libstdbuf.so link ln logname ls make-prime-list md5sum mkdir mkfifo mknod mktemp mv nice nl nohup nproc numfmt od paste pathchk pinky pr printenv printf ptx pwd readlink realpath rm rmdir runcon sed seq sh sha1sum sha224sum sha256sum sha384sum sha512sum shred shuf sleep sort split stat'
++ feb_sp_=' '
++ for feb_file_ in $feb_dir_/*.exe
++ test x/c/ag-exit-e138-01/coreutils-failures-20260911-01/runs/upstream-help-version-complete-01/work/./src/stdbuf.exe = 'x/c/ag-exit-e138-01/coreutils-failures-20260911-01/runs/upstream-help-version-complete-01/work/./src/*.exe'
++ test x/c/ag-exit-e138-01/coreutils-failures-20260911-01/runs/upstream-help-version-complete-01/work/./src/stdbuf.exe = 'x/c/ag-exit-e138-01/coreutils-failures-20260911-01/runs/upstream-help-version-complete-01/work/./src/[.exe'
++ case $feb_file_ in
++ feb_file_=stdbuf.exe
++ feb_file_=stdbuf
++ feb_result_='arch b2sum base32 base64 basename basenc bash cat chcon chgrp chmod chown chroot cksum cmp comm cp csplit cut date dd df diff dir dircolors dirname du echo env expand expr factor false find fmt fold gawk getlimits ginstall grep groups head hostid hostname id join kill libstdbuf.so link ln logname ls make-prime-list md5sum mkdir mkfifo mknod mktemp mv nice nl nohup nproc numfmt od paste pathchk pinky pr printenv printf ptx pwd readlink realpath rm rmdir runcon sed seq sh sha1sum sha224sum sha256sum sha384sum sha512sum shred shuf sleep sort split stat stdbuf'
++ feb_sp_=' '
++ for feb_file_ in $feb_dir_/*.exe
++ test x/c/ag-exit-e138-01/coreutils-failures-20260911-01/runs/upstream-help-version-complete-01/work/./src/stty.exe = 'x/c/ag-exit-e138-01/coreutils-failures-20260911-01/runs/upstream-help-version-complete-01/work/./src/*.exe'
++ test x/c/ag-exit-e138-01/coreutils-failures-20260911-01/runs/upstream-help-version-complete-01/work/./src/stty.exe = 'x/c/ag-exit-e138-01/coreutils-failures-20260911-01/runs/upstream-help-version-complete-01/work/./src/[.exe'
++ case $feb_file_ in
++ feb_file_=stty.exe
++ feb_file_=stty
++ feb_result_='arch b2sum base32 base64 basename basenc bash cat chcon chgrp chmod chown chroot cksum cmp comm cp csplit cut date dd df diff dir dircolors dirname du echo env expand expr factor false find fmt fold gawk getlimits ginstall grep groups head hostid hostname id join kill libstdbuf.so link ln logname ls make-prime-list md5sum mkdir mkfifo mknod mktemp mv nice nl nohup nproc numfmt od paste pathchk pinky pr printenv printf ptx pwd readlink realpath rm rmdir runcon sed seq sh sha1sum sha224sum sha256sum sha384sum sha512sum shred shuf sleep sort split stat stdbuf stty'
++ feb_sp_=' '
++ for feb_file_ in $feb_dir_/*.exe
++ test x/c/ag-exit-e138-01/coreutils-failures-20260911-01/runs/upstream-help-version-complete-01/work/./src/sum.exe = 'x/c/ag-exit-e138-01/coreutils-failures-20260911-01/runs/upstream-help-version-complete-01/work/./src/*.exe'
++ test x/c/ag-exit-e138-01/coreutils-failures-20260911-01/runs/upstream-help-version-complete-01/work/./src/sum.exe = 'x/c/ag-exit-e138-01/coreutils-failures-20260911-01/runs/upstream-help-version-complete-01/work/./src/[.exe'
++ case $feb_file_ in
++ feb_file_=sum.exe
++ feb_file_=sum
++ feb_result_='arch b2sum base32 base64 basename basenc bash cat chcon chgrp chmod chown chroot cksum cmp comm cp csplit cut date dd df diff dir dircolors dirname du echo env expand expr factor false find fmt fold gawk getlimits ginstall grep groups head hostid hostname id join kill libstdbuf.so link ln logname ls make-prime-list md5sum mkdir mkfifo mknod mktemp mv nice nl nohup nproc numfmt od paste pathchk pinky pr printenv printf ptx pwd readlink realpath rm rmdir runcon sed seq sh sha1sum sha224sum sha256sum sha384sum sha512sum shred shuf sleep sort split stat stdbuf stty sum'
++ feb_sp_=' '
++ for feb_file_ in $feb_dir_/*.exe
++ test x/c/ag-exit-e138-01/coreutils-failures-20260911-01/runs/upstream-help-version-complete-01/work/./src/sync.exe = 'x/c/ag-exit-e138-01/coreutils-failures-20260911-01/runs/upstream-help-version-complete-01/work/./src/*.exe'
++ test x/c/ag-exit-e138-01/coreutils-failures-20260911-01/runs/upstream-help-version-complete-01/work/./src/sync.exe = 'x/c/ag-exit-e138-01/coreutils-failures-20260911-01/runs/upstream-help-version-complete-01/work/./src/[.exe'
++ case $feb_file_ in
++ feb_file_=sync.exe
++ feb_file_=sync
++ feb_result_='arch b2sum base32 base64 basename basenc bash cat chcon chgrp chmod chown chroot cksum cmp comm cp csplit cut date dd df diff dir dircolors dirname du echo env expand expr factor false find fmt fold gawk getlimits ginstall grep groups head hostid hostname id join kill libstdbuf.so link ln logname ls make-prime-list md5sum mkdir mkfifo mknod mktemp mv nice nl nohup nproc numfmt od paste pathchk pinky pr printenv printf ptx pwd readlink realpath rm rmdir runcon sed seq sh sha1sum sha224sum sha256sum sha384sum sha512sum shred shuf sleep sort split stat stdbuf stty sum sync'
++ feb_sp_=' '
++ for feb_file_ in $feb_dir_/*.exe
++ test x/c/ag-exit-e138-01/coreutils-failures-20260911-01/runs/upstream-help-version-complete-01/work/./src/tac.exe = 'x/c/ag-exit-e138-01/coreutils-failures-20260911-01/runs/upstream-help-version-complete-01/work/./src/*.exe'
++ test x/c/ag-exit-e138-01/coreutils-failures-20260911-01/runs/upstream-help-version-complete-01/work/./src/tac.exe = 'x/c/ag-exit-e138-01/coreutils-failures-20260911-01/runs/upstream-help-version-complete-01/work/./src/[.exe'
++ case $feb_file_ in
++ feb_file_=tac.exe
++ feb_file_=tac
++ feb_result_='arch b2sum base32 base64 basename basenc bash cat chcon chgrp chmod chown chroot cksum cmp comm cp csplit cut date dd df diff dir dircolors dirname du echo env expand expr factor false find fmt fold gawk getlimits ginstall grep groups head hostid hostname id join kill libstdbuf.so link ln logname ls make-prime-list md5sum mkdir mkfifo mknod mktemp mv nice nl nohup nproc numfmt od paste pathchk pinky pr printenv printf ptx pwd readlink realpath rm rmdir runcon sed seq sh sha1sum sha224sum sha256sum sha384sum sha512sum shred shuf sleep sort split stat stdbuf stty sum sync tac'
++ feb_sp_=' '
++ for feb_file_ in $feb_dir_/*.exe
++ test x/c/ag-exit-e138-01/coreutils-failures-20260911-01/runs/upstream-help-version-complete-01/work/./src/tail.exe = 'x/c/ag-exit-e138-01/coreutils-failures-20260911-01/runs/upstream-help-version-complete-01/work/./src/*.exe'
++ test x/c/ag-exit-e138-01/coreutils-failures-20260911-01/runs/upstream-help-version-complete-01/work/./src/tail.exe = 'x/c/ag-exit-e138-01/coreutils-failures-20260911-01/runs/upstream-help-version-complete-01/work/./src/[.exe'
++ case $feb_file_ in
++ feb_file_=tail.exe
++ feb_file_=tail
++ feb_result_='arch b2sum base32 base64 basename basenc bash cat chcon chgrp chmod chown chroot cksum cmp comm cp csplit cut date dd df diff dir dircolors dirname du echo env expand expr factor false find fmt fold gawk getlimits ginstall grep groups head hostid hostname id join kill libstdbuf.so link ln logname ls make-prime-list md5sum mkdir mkfifo mknod mktemp mv nice nl nohup nproc numfmt od paste pathchk pinky pr printenv printf ptx pwd readlink realpath rm rmdir runcon sed seq sh sha1sum sha224sum sha256sum sha384sum sha512sum shred shuf sleep sort split stat stdbuf stty sum sync tac tail'
++ feb_sp_=' '
++ for feb_file_ in $feb_dir_/*.exe
++ test x/c/ag-exit-e138-01/coreutils-failures-20260911-01/runs/upstream-help-version-complete-01/work/./src/tee.exe = 'x/c/ag-exit-e138-01/coreutils-failures-20260911-01/runs/upstream-help-version-complete-01/work/./src/*.exe'
++ test x/c/ag-exit-e138-01/coreutils-failures-20260911-01/runs/upstream-help-version-complete-01/work/./src/tee.exe = 'x/c/ag-exit-e138-01/coreutils-failures-20260911-01/runs/upstream-help-version-complete-01/work/./src/[.exe'
++ case $feb_file_ in
++ feb_file_=tee.exe
++ feb_file_=tee
++ feb_result_='arch b2sum base32 base64 basename basenc bash cat chcon chgrp chmod chown chroot cksum cmp comm cp csplit cut date dd df diff dir dircolors dirname du echo env expand expr factor false find fmt fold gawk getlimits ginstall grep groups head hostid hostname id join kill libstdbuf.so link ln logname ls make-prime-list md5sum mkdir mkfifo mknod mktemp mv nice nl nohup nproc numfmt od paste pathchk pinky pr printenv printf ptx pwd readlink realpath rm rmdir runcon sed seq sh sha1sum sha224sum sha256sum sha384sum sha512sum shred shuf sleep sort split stat stdbuf stty sum sync tac tail tee'
++ feb_sp_=' '
++ for feb_file_ in $feb_dir_/*.exe
++ test x/c/ag-exit-e138-01/coreutils-failures-20260911-01/runs/upstream-help-version-complete-01/work/./src/test.exe = 'x/c/ag-exit-e138-01/coreutils-failures-20260911-01/runs/upstream-help-version-complete-01/work/./src/*.exe'
++ test x/c/ag-exit-e138-01/coreutils-failures-20260911-01/runs/upstream-help-version-complete-01/work/./src/test.exe = 'x/c/ag-exit-e138-01/coreutils-failures-20260911-01/runs/upstream-help-version-complete-01/work/./src/[.exe'
++ case $feb_file_ in
++ feb_file_=test.exe
++ feb_file_=test
++ feb_result_='arch b2sum base32 base64 basename basenc bash cat chcon chgrp chmod chown chroot cksum cmp comm cp csplit cut date dd df diff dir dircolors dirname du echo env expand expr factor false find fmt fold gawk getlimits ginstall grep groups head hostid hostname id join kill libstdbuf.so link ln logname ls make-prime-list md5sum mkdir mkfifo mknod mktemp mv nice nl nohup nproc numfmt od paste pathchk pinky pr printenv printf ptx pwd readlink realpath rm rmdir runcon sed seq sh sha1sum sha224sum sha256sum sha384sum sha512sum shred shuf sleep sort split stat stdbuf stty sum sync tac tail tee test'
++ feb_sp_=' '
++ for feb_file_ in $feb_dir_/*.exe
++ test x/c/ag-exit-e138-01/coreutils-failures-20260911-01/runs/upstream-help-version-complete-01/work/./src/timeout.exe = 'x/c/ag-exit-e138-01/coreutils-failures-20260911-01/runs/upstream-help-version-complete-01/work/./src/*.exe'
++ test x/c/ag-exit-e138-01/coreutils-failures-20260911-01/runs/upstream-help-version-complete-01/work/./src/timeout.exe = 'x/c/ag-exit-e138-01/coreutils-failures-20260911-01/runs/upstream-help-version-complete-01/work/./src/[.exe'
++ case $feb_file_ in
++ feb_file_=timeout.exe
++ feb_file_=timeout
++ feb_result_='arch b2sum base32 base64 basename basenc bash cat chcon chgrp chmod chown chroot cksum cmp comm cp csplit cut date dd df diff dir dircolors dirname du echo env expand expr factor false find fmt fold gawk getlimits ginstall grep groups head hostid hostname id join kill libstdbuf.so link ln logname ls make-prime-list md5sum mkdir mkfifo mknod mktemp mv nice nl nohup nproc numfmt od paste pathchk pinky pr printenv printf ptx pwd readlink realpath rm rmdir runcon sed seq sh sha1sum sha224sum sha256sum sha384sum sha512sum shred shuf sleep sort split stat stdbuf stty sum sync tac tail tee test timeout'
++ feb_sp_=' '
++ for feb_file_ in $feb_dir_/*.exe
++ test x/c/ag-exit-e138-01/coreutils-failures-20260911-01/runs/upstream-help-version-complete-01/work/./src/touch.exe = 'x/c/ag-exit-e138-01/coreutils-failures-20260911-01/runs/upstream-help-version-complete-01/work/./src/*.exe'
++ test x/c/ag-exit-e138-01/coreutils-failures-20260911-01/runs/upstream-help-version-complete-01/work/./src/touch.exe = 'x/c/ag-exit-e138-01/coreutils-failures-20260911-01/runs/upstream-help-version-complete-01/work/./src/[.exe'
++ case $feb_file_ in
++ feb_file_=touch.exe
++ feb_file_=touch
++ feb_result_='arch b2sum base32 base64 basename basenc bash cat chcon chgrp chmod chown chroot cksum cmp comm cp csplit cut date dd df diff dir dircolors dirname du echo env expand expr factor false find fmt fold gawk getlimits ginstall grep groups head hostid hostname id join kill libstdbuf.so link ln logname ls make-prime-list md5sum mkdir mkfifo mknod mktemp mv nice nl nohup nproc numfmt od paste pathchk pinky pr printenv printf ptx pwd readlink realpath rm rmdir runcon sed seq sh sha1sum sha224sum sha256sum sha384sum sha512sum shred shuf sleep sort split stat stdbuf stty sum sync tac tail tee test timeout touch'
++ feb_sp_=' '
++ for feb_file_ in $feb_dir_/*.exe
++ test x/c/ag-exit-e138-01/coreutils-failures-20260911-01/runs/upstream-help-version-complete-01/work/./src/tr.exe = 'x/c/ag-exit-e138-01/coreutils-failures-20260911-01/runs/upstream-help-version-complete-01/work/./src/*.exe'
++ test x/c/ag-exit-e138-01/coreutils-failures-20260911-01/runs/upstream-help-version-complete-01/work/./src/tr.exe = 'x/c/ag-exit-e138-01/coreutils-failures-20260911-01/runs/upstream-help-version-complete-01/work/./src/[.exe'
++ case $feb_file_ in
++ feb_file_=tr.exe
++ feb_file_=tr
++ feb_result_='arch b2sum base32 base64 basename basenc bash cat chcon chgrp chmod chown chroot cksum cmp comm cp csplit cut date dd df diff dir dircolors dirname du echo env expand expr factor false find fmt fold gawk getlimits ginstall grep groups head hostid hostname id join kill libstdbuf.so link ln logname ls make-prime-list md5sum mkdir mkfifo mknod mktemp mv nice nl nohup nproc numfmt od paste pathchk pinky pr printenv printf ptx pwd readlink realpath rm rmdir runcon sed seq sh sha1sum sha224sum sha256sum sha384sum sha512sum shred shuf sleep sort split stat stdbuf stty sum sync tac tail tee test timeout touch tr'
++ feb_sp_=' '
++ for feb_file_ in $feb_dir_/*.exe
++ test x/c/ag-exit-e138-01/coreutils-failures-20260911-01/runs/upstream-help-version-complete-01/work/./src/true.exe = 'x/c/ag-exit-e138-01/coreutils-failures-20260911-01/runs/upstream-help-version-complete-01/work/./src/*.exe'
++ test x/c/ag-exit-e138-01/coreutils-failures-20260911-01/runs/upstream-help-version-complete-01/work/./src/true.exe = 'x/c/ag-exit-e138-01/coreutils-failures-20260911-01/runs/upstream-help-version-complete-01/work/./src/[.exe'
++ case $feb_file_ in
++ feb_file_=true.exe
++ feb_file_=true
++ feb_result_='arch b2sum base32 base64 basename basenc bash cat chcon chgrp chmod chown chroot cksum cmp comm cp csplit cut date dd df diff dir dircolors dirname du echo env expand expr factor false find fmt fold gawk getlimits ginstall grep groups head hostid hostname id join kill libstdbuf.so link ln logname ls make-prime-list md5sum mkdir mkfifo mknod mktemp mv nice nl nohup nproc numfmt od paste pathchk pinky pr printenv printf ptx pwd readlink realpath rm rmdir runcon sed seq sh sha1sum sha224sum sha256sum sha384sum sha512sum shred shuf sleep sort split stat stdbuf stty sum sync tac tail tee test timeout touch tr true'
++ feb_sp_=' '
++ for feb_file_ in $feb_dir_/*.exe
++ test x/c/ag-exit-e138-01/coreutils-failures-20260911-01/runs/upstream-help-version-complete-01/work/./src/truncate.exe = 'x/c/ag-exit-e138-01/coreutils-failures-20260911-01/runs/upstream-help-version-complete-01/work/./src/*.exe'
++ test x/c/ag-exit-e138-01/coreutils-failures-20260911-01/runs/upstream-help-version-complete-01/work/./src/truncate.exe = 'x/c/ag-exit-e138-01/coreutils-failures-20260911-01/runs/upstream-help-version-complete-01/work/./src/[.exe'
++ case $feb_file_ in
++ feb_file_=truncate.exe
++ feb_file_=truncate
++ feb_result_='arch b2sum base32 base64 basename basenc bash cat chcon chgrp chmod chown chroot cksum cmp comm cp csplit cut date dd df diff dir dircolors dirname du echo env expand expr factor false find fmt fold gawk getlimits ginstall grep groups head hostid hostname id join kill libstdbuf.so link ln logname ls make-prime-list md5sum mkdir mkfifo mknod mktemp mv nice nl nohup nproc numfmt od paste pathchk pinky pr printenv printf ptx pwd readlink realpath rm rmdir runcon sed seq sh sha1sum sha224sum sha256sum sha384sum sha512sum shred shuf sleep sort split stat stdbuf stty sum sync tac tail tee test timeout touch tr true truncate'
++ feb_sp_=' '
++ for feb_file_ in $feb_dir_/*.exe
++ test x/c/ag-exit-e138-01/coreutils-failures-20260911-01/runs/upstream-help-version-complete-01/work/./src/tsort.exe = 'x/c/ag-exit-e138-01/coreutils-failures-20260911-01/runs/upstream-help-version-complete-01/work/./src/*.exe'
++ test x/c/ag-exit-e138-01/coreutils-failures-20260911-01/runs/upstream-help-version-complete-01/work/./src/tsort.exe = 'x/c/ag-exit-e138-01/coreutils-failures-20260911-01/runs/upstream-help-version-complete-01/work/./src/[.exe'
++ case $feb_file_ in
++ feb_file_=tsort.exe
++ feb_file_=tsort
++ feb_result_='arch b2sum base32 base64 basename basenc bash cat chcon chgrp chmod chown chroot cksum cmp comm cp csplit cut date dd df diff dir dircolors dirname du echo env expand expr factor false find fmt fold gawk getlimits ginstall grep groups head hostid hostname id join kill libstdbuf.so link ln logname ls make-prime-list md5sum mkdir mkfifo mknod mktemp mv nice nl nohup nproc numfmt od paste pathchk pinky pr printenv printf ptx pwd readlink realpath rm rmdir runcon sed seq sh sha1sum sha224sum sha256sum sha384sum sha512sum shred shuf sleep sort split stat stdbuf stty sum sync tac tail tee test timeout touch tr true truncate tsort'
++ feb_sp_=' '
++ for feb_file_ in $feb_dir_/*.exe
++ test x/c/ag-exit-e138-01/coreutils-failures-20260911-01/runs/upstream-help-version-complete-01/work/./src/tty.exe = 'x/c/ag-exit-e138-01/coreutils-failures-20260911-01/runs/upstream-help-version-complete-01/work/./src/*.exe'
++ test x/c/ag-exit-e138-01/coreutils-failures-20260911-01/runs/upstream-help-version-complete-01/work/./src/tty.exe = 'x/c/ag-exit-e138-01/coreutils-failures-20260911-01/runs/upstream-help-version-complete-01/work/./src/[.exe'
++ case $feb_file_ in
++ feb_file_=tty.exe
++ feb_file_=tty
++ feb_result_='arch b2sum base32 base64 basename basenc bash cat chcon chgrp chmod chown chroot cksum cmp comm cp csplit cut date dd df diff dir dircolors dirname du echo env expand expr factor false find fmt fold gawk getlimits ginstall grep groups head hostid hostname id join kill libstdbuf.so link ln logname ls make-prime-list md5sum mkdir mkfifo mknod mktemp mv nice nl nohup nproc numfmt od paste pathchk pinky pr printenv printf ptx pwd readlink realpath rm rmdir runcon sed seq sh sha1sum sha224sum sha256sum sha384sum sha512sum shred shuf sleep sort split stat stdbuf stty sum sync tac tail tee test timeout touch tr true truncate tsort tty'
++ feb_sp_=' '
++ for feb_file_ in $feb_dir_/*.exe
++ test x/c/ag-exit-e138-01/coreutils-failures-20260911-01/runs/upstream-help-version-complete-01/work/./src/uname.exe = 'x/c/ag-exit-e138-01/coreutils-failures-20260911-01/runs/upstream-help-version-complete-01/work/./src/*.exe'
++ test x/c/ag-exit-e138-01/coreutils-failures-20260911-01/runs/upstream-help-version-complete-01/work/./src/uname.exe = 'x/c/ag-exit-e138-01/coreutils-failures-20260911-01/runs/upstream-help-version-complete-01/work/./src/[.exe'
++ case $feb_file_ in
++ feb_file_=uname.exe
++ feb_file_=uname
++ feb_result_='arch b2sum base32 base64 basename basenc bash cat chcon chgrp chmod chown chroot cksum cmp comm cp csplit cut date dd df diff dir dircolors dirname du echo env expand expr factor false find fmt fold gawk getlimits ginstall grep groups head hostid hostname id join kill libstdbuf.so link ln logname ls make-prime-list md5sum mkdir mkfifo mknod mktemp mv nice nl nohup nproc numfmt od paste pathchk pinky pr printenv printf ptx pwd readlink realpath rm rmdir runcon sed seq sh sha1sum sha224sum sha256sum sha384sum sha512sum shred shuf sleep sort split stat stdbuf stty sum sync tac tail tee test timeout touch tr true truncate tsort tty uname'
++ feb_sp_=' '
++ for feb_file_ in $feb_dir_/*.exe
++ test x/c/ag-exit-e138-01/coreutils-failures-20260911-01/runs/upstream-help-version-complete-01/work/./src/unexpand.exe = 'x/c/ag-exit-e138-01/coreutils-failures-20260911-01/runs/upstream-help-version-complete-01/work/./src/*.exe'
++ test x/c/ag-exit-e138-01/coreutils-failures-20260911-01/runs/upstream-help-version-complete-01/work/./src/unexpand.exe = 'x/c/ag-exit-e138-01/coreutils-failures-20260911-01/runs/upstream-help-version-complete-01/work/./src/[.exe'
++ case $feb_file_ in
++ feb_file_=unexpand.exe
++ feb_file_=unexpand
++ feb_result_='arch b2sum base32 base64 basename basenc bash cat chcon chgrp chmod chown chroot cksum cmp comm cp csplit cut date dd df diff dir dircolors dirname du echo env expand expr factor false find fmt fold gawk getlimits ginstall grep groups head hostid hostname id join kill libstdbuf.so link ln logname ls make-prime-list md5sum mkdir mkfifo mknod mktemp mv nice nl nohup nproc numfmt od paste pathchk pinky pr printenv printf ptx pwd readlink realpath rm rmdir runcon sed seq sh sha1sum sha224sum sha256sum sha384sum sha512sum shred shuf sleep sort split stat stdbuf stty sum sync tac tail tee test timeout touch tr true truncate tsort tty uname unexpand'
++ feb_sp_=' '
++ for feb_file_ in $feb_dir_/*.exe
++ test x/c/ag-exit-e138-01/coreutils-failures-20260911-01/runs/upstream-help-version-complete-01/work/./src/uniq.exe = 'x/c/ag-exit-e138-01/coreutils-failures-20260911-01/runs/upstream-help-version-complete-01/work/./src/*.exe'
++ test x/c/ag-exit-e138-01/coreutils-failures-20260911-01/runs/upstream-help-version-complete-01/work/./src/uniq.exe = 'x/c/ag-exit-e138-01/coreutils-failures-20260911-01/runs/upstream-help-version-complete-01/work/./src/[.exe'
++ case $feb_file_ in
++ feb_file_=uniq.exe
++ feb_file_=uniq
++ feb_result_='arch b2sum base32 base64 basename basenc bash cat chcon chgrp chmod chown chroot cksum cmp comm cp csplit cut date dd df diff dir dircolors dirname du echo env expand expr factor false find fmt fold gawk getlimits ginstall grep groups head hostid hostname id join kill libstdbuf.so link ln logname ls make-prime-list md5sum mkdir mkfifo mknod mktemp mv nice nl nohup nproc numfmt od paste pathchk pinky pr printenv printf ptx pwd readlink realpath rm rmdir runcon sed seq sh sha1sum sha224sum sha256sum sha384sum sha512sum shred shuf sleep sort split stat stdbuf stty sum sync tac tail tee test timeout touch tr true truncate tsort tty uname unexpand uniq'
++ feb_sp_=' '
++ for feb_file_ in $feb_dir_/*.exe
++ test x/c/ag-exit-e138-01/coreutils-failures-20260911-01/runs/upstream-help-version-complete-01/work/./src/unlink.exe = 'x/c/ag-exit-e138-01/coreutils-failures-20260911-01/runs/upstream-help-version-complete-01/work/./src/*.exe'
++ test x/c/ag-exit-e138-01/coreutils-failures-20260911-01/runs/upstream-help-version-complete-01/work/./src/unlink.exe = 'x/c/ag-exit-e138-01/coreutils-failures-20260911-01/runs/upstream-help-version-complete-01/work/./src/[.exe'
++ case $feb_file_ in
++ feb_file_=unlink.exe
++ feb_file_=unlink
++ feb_result_='arch b2sum base32 base64 basename basenc bash cat chcon chgrp chmod chown chroot cksum cmp comm cp csplit cut date dd df diff dir dircolors dirname du echo env expand expr factor false find fmt fold gawk getlimits ginstall grep groups head hostid hostname id join kill libstdbuf.so link ln logname ls make-prime-list md5sum mkdir mkfifo mknod mktemp mv nice nl nohup nproc numfmt od paste pathchk pinky pr printenv printf ptx pwd readlink realpath rm rmdir runcon sed seq sh sha1sum sha224sum sha256sum sha384sum sha512sum shred shuf sleep sort split stat stdbuf stty sum sync tac tail tee test timeout touch tr true truncate tsort tty uname unexpand uniq unlink'
++ feb_sp_=' '
++ for feb_file_ in $feb_dir_/*.exe
++ test x/c/ag-exit-e138-01/coreutils-failures-20260911-01/runs/upstream-help-version-complete-01/work/./src/users.exe = 'x/c/ag-exit-e138-01/coreutils-failures-20260911-01/runs/upstream-help-version-complete-01/work/./src/*.exe'
++ test x/c/ag-exit-e138-01/coreutils-failures-20260911-01/runs/upstream-help-version-complete-01/work/./src/users.exe = 'x/c/ag-exit-e138-01/coreutils-failures-20260911-01/runs/upstream-help-version-complete-01/work/./src/[.exe'
++ case $feb_file_ in
++ feb_file_=users.exe
++ feb_file_=users
++ feb_result_='arch b2sum base32 base64 basename basenc bash cat chcon chgrp chmod chown chroot cksum cmp comm cp csplit cut date dd df diff dir dircolors dirname du echo env expand expr factor false find fmt fold gawk getlimits ginstall grep groups head hostid hostname id join kill libstdbuf.so link ln logname ls make-prime-list md5sum mkdir mkfifo mknod mktemp mv nice nl nohup nproc numfmt od paste pathchk pinky pr printenv printf ptx pwd readlink realpath rm rmdir runcon sed seq sh sha1sum sha224sum sha256sum sha384sum sha512sum shred shuf sleep sort split stat stdbuf stty sum sync tac tail tee test timeout touch tr true truncate tsort tty uname unexpand uniq unlink users'
++ feb_sp_=' '
++ for feb_file_ in $feb_dir_/*.exe
++ test x/c/ag-exit-e138-01/coreutils-failures-20260911-01/runs/upstream-help-version-complete-01/work/./src/vdir.exe = 'x/c/ag-exit-e138-01/coreutils-failures-20260911-01/runs/upstream-help-version-complete-01/work/./src/*.exe'
++ test x/c/ag-exit-e138-01/coreutils-failures-20260911-01/runs/upstream-help-version-complete-01/work/./src/vdir.exe = 'x/c/ag-exit-e138-01/coreutils-failures-20260911-01/runs/upstream-help-version-complete-01/work/./src/[.exe'
++ case $feb_file_ in
++ feb_file_=vdir.exe
++ feb_file_=vdir
++ feb_result_='arch b2sum base32 base64 basename basenc bash cat chcon chgrp chmod chown chroot cksum cmp comm cp csplit cut date dd df diff dir dircolors dirname du echo env expand expr factor false find fmt fold gawk getlimits ginstall grep groups head hostid hostname id join kill libstdbuf.so link ln logname ls make-prime-list md5sum mkdir mkfifo mknod mktemp mv nice nl nohup nproc numfmt od paste pathchk pinky pr printenv printf ptx pwd readlink realpath rm rmdir runcon sed seq sh sha1sum sha224sum sha256sum sha384sum sha512sum shred shuf sleep sort split stat stdbuf stty sum sync tac tail tee test timeout touch tr true truncate tsort tty uname unexpand uniq unlink users vdir'
++ feb_sp_=' '
++ for feb_file_ in $feb_dir_/*.exe
++ test x/c/ag-exit-e138-01/coreutils-failures-20260911-01/runs/upstream-help-version-complete-01/work/./src/wc.exe = 'x/c/ag-exit-e138-01/coreutils-failures-20260911-01/runs/upstream-help-version-complete-01/work/./src/*.exe'
++ test x/c/ag-exit-e138-01/coreutils-failures-20260911-01/runs/upstream-help-version-complete-01/work/./src/wc.exe = 'x/c/ag-exit-e138-01/coreutils-failures-20260911-01/runs/upstream-help-version-complete-01/work/./src/[.exe'
++ case $feb_file_ in
++ feb_file_=wc.exe
++ feb_file_=wc
++ feb_result_='arch b2sum base32 base64 basename basenc bash cat chcon chgrp chmod chown chroot cksum cmp comm cp csplit cut date dd df diff dir dircolors dirname du echo env expand expr factor false find fmt fold gawk getlimits ginstall grep groups head hostid hostname id join kill libstdbuf.so link ln logname ls make-prime-list md5sum mkdir mkfifo mknod mktemp mv nice nl nohup nproc numfmt od paste pathchk pinky pr printenv printf ptx pwd readlink realpath rm rmdir runcon sed seq sh sha1sum sha224sum sha256sum sha384sum sha512sum shred shuf sleep sort split stat stdbuf stty sum sync tac tail tee test timeout touch tr true truncate tsort tty uname unexpand uniq unlink users vdir wc'
++ feb_sp_=' '
++ for feb_file_ in $feb_dir_/*.exe
++ test x/c/ag-exit-e138-01/coreutils-failures-20260911-01/runs/upstream-help-version-complete-01/work/./src/who.exe = 'x/c/ag-exit-e138-01/coreutils-failures-20260911-01/runs/upstream-help-version-complete-01/work/./src/*.exe'
++ test x/c/ag-exit-e138-01/coreutils-failures-20260911-01/runs/upstream-help-version-complete-01/work/./src/who.exe = 'x/c/ag-exit-e138-01/coreutils-failures-20260911-01/runs/upstream-help-version-complete-01/work/./src/[.exe'
++ case $feb_file_ in
++ feb_file_=who.exe
++ feb_file_=who
++ feb_result_='arch b2sum base32 base64 basename basenc bash cat chcon chgrp chmod chown chroot cksum cmp comm cp csplit cut date dd df diff dir dircolors dirname du echo env expand expr factor false find fmt fold gawk getlimits ginstall grep groups head hostid hostname id join kill libstdbuf.so link ln logname ls make-prime-list md5sum mkdir mkfifo mknod mktemp mv nice nl nohup nproc numfmt od paste pathchk pinky pr printenv printf ptx pwd readlink realpath rm rmdir runcon sed seq sh sha1sum sha224sum sha256sum sha384sum sha512sum shred shuf sleep sort split stat stdbuf stty sum sync tac tail tee test timeout touch tr true truncate tsort tty uname unexpand uniq unlink users vdir wc who'
++ feb_sp_=' '
++ for feb_file_ in $feb_dir_/*.exe
++ test x/c/ag-exit-e138-01/coreutils-failures-20260911-01/runs/upstream-help-version-complete-01/work/./src/whoami.exe = 'x/c/ag-exit-e138-01/coreutils-failures-20260911-01/runs/upstream-help-version-complete-01/work/./src/*.exe'
++ test x/c/ag-exit-e138-01/coreutils-failures-20260911-01/runs/upstream-help-version-complete-01/work/./src/whoami.exe = 'x/c/ag-exit-e138-01/coreutils-failures-20260911-01/runs/upstream-help-version-complete-01/work/./src/[.exe'
++ case $feb_file_ in
++ feb_file_=whoami.exe
++ feb_file_=whoami
++ feb_result_='arch b2sum base32 base64 basename basenc bash cat chcon chgrp chmod chown chroot cksum cmp comm cp csplit cut date dd df diff dir dircolors dirname du echo env expand expr factor false find fmt fold gawk getlimits ginstall grep groups head hostid hostname id join kill libstdbuf.so link ln logname ls make-prime-list md5sum mkdir mkfifo mknod mktemp mv nice nl nohup nproc numfmt od paste pathchk pinky pr printenv printf ptx pwd readlink realpath rm rmdir runcon sed seq sh sha1sum sha224sum sha256sum sha384sum sha512sum shred shuf sleep sort split stat stdbuf stty sum sync tac tail tee test timeout touch tr true truncate tsort tty uname unexpand uniq unlink users vdir wc who whoami'
++ feb_sp_=' '
++ for feb_file_ in $feb_dir_/*.exe
++ test x/c/ag-exit-e138-01/coreutils-failures-20260911-01/runs/upstream-help-version-complete-01/work/./src/xargs.exe = 'x/c/ag-exit-e138-01/coreutils-failures-20260911-01/runs/upstream-help-version-complete-01/work/./src/*.exe'
++ test x/c/ag-exit-e138-01/coreutils-failures-20260911-01/runs/upstream-help-version-complete-01/work/./src/xargs.exe = 'x/c/ag-exit-e138-01/coreutils-failures-20260911-01/runs/upstream-help-version-complete-01/work/./src/[.exe'
++ case $feb_file_ in
++ feb_file_=xargs.exe
++ feb_file_=xargs
++ feb_result_='arch b2sum base32 base64 basename basenc bash cat chcon chgrp chmod chown chroot cksum cmp comm cp csplit cut date dd df diff dir dircolors dirname du echo env expand expr factor false find fmt fold gawk getlimits ginstall grep groups head hostid hostname id join kill libstdbuf.so link ln logname ls make-prime-list md5sum mkdir mkfifo mknod mktemp mv nice nl nohup nproc numfmt od paste pathchk pinky pr printenv printf ptx pwd readlink realpath rm rmdir runcon sed seq sh sha1sum sha224sum sha256sum sha384sum sha512sum shred shuf sleep sort split stat stdbuf stty sum sync tac tail tee test timeout touch tr true truncate tsort tty uname unexpand uniq unlink users vdir wc who whoami xargs'
++ feb_sp_=' '
++ for feb_file_ in $feb_dir_/*.exe
++ test x/c/ag-exit-e138-01/coreutils-failures-20260911-01/runs/upstream-help-version-complete-01/work/./src/yes.exe = 'x/c/ag-exit-e138-01/coreutils-failures-20260911-01/runs/upstream-help-version-complete-01/work/./src/*.exe'
++ test x/c/ag-exit-e138-01/coreutils-failures-20260911-01/runs/upstream-help-version-complete-01/work/./src/yes.exe = 'x/c/ag-exit-e138-01/coreutils-failures-20260911-01/runs/upstream-help-version-complete-01/work/./src/[.exe'
++ case $feb_file_ in
++ feb_file_=yes.exe
++ feb_file_=yes
++ feb_result_='arch b2sum base32 base64 basename basenc bash cat chcon chgrp chmod chown chroot cksum cmp comm cp csplit cut date dd df diff dir dircolors dirname du echo env expand expr factor false find fmt fold gawk getlimits ginstall grep groups head hostid hostname id join kill libstdbuf.so link ln logname ls make-prime-list md5sum mkdir mkfifo mknod mktemp mv nice nl nohup nproc numfmt od paste pathchk pinky pr printenv printf ptx pwd readlink realpath rm rmdir runcon sed seq sh sha1sum sha224sum sha256sum sha384sum sha512sum shred shuf sleep sort split stat stdbuf stty sum sync tac tail tee test timeout touch tr true truncate tsort tty uname unexpand uniq unlink users vdir wc who whoami xargs yes'
++ feb_sp_=' '
++ test 0 = 0
++ printf %s 'arch b2sum base32 base64 basename basenc bash cat chcon chgrp chmod chown chroot cksum cmp comm cp csplit cut date dd df diff dir dircolors dirname du echo env expand expr factor false find fmt fold gawk getlimits ginstall grep groups head hostid hostname id join kill libstdbuf.so link ln logname ls make-prime-list md5sum mkdir mkfifo mknod mktemp mv nice nl nohup nproc numfmt od paste pathchk pinky pr printenv printf ptx pwd readlink realpath rm rmdir runcon sed seq sh sha1sum sha224sum sha256sum sha384sum sha512sum shred shuf sleep sort split stat stdbuf stty sum sync tac tail tee test timeout touch tr true truncate tsort tty uname unexpand uniq unlink users vdir wc who whoami xargs yes'
++ return 0
+ base_names_='arch b2sum base32 base64 basename basenc bash cat chcon chgrp chmod chown chroot cksum cmp comm cp csplit cut date dd df diff dir dircolors dirname du echo env expand expr factor false find fmt fold gawk getlimits ginstall grep groups head hostid hostname id join kill libstdbuf.so link ln logname ls make-prime-list md5sum mkdir mkfifo mknod mktemp mv nice nl nohup nproc numfmt od paste pathchk pinky pr printenv printf ptx pwd readlink realpath rm rmdir runcon sed seq sh sha1sum sha224sum sha256sum sha384sum sha512sum shred shuf sleep sort split stat stdbuf stty sum sync tac tail tee test timeout touch tr true truncate tsort tty uname unexpand uniq unlink users vdir wc who whoami xargs yes'
+ test -n 'arch b2sum base32 base64 basename basenc bash cat chcon chgrp chmod chown chroot cksum cmp comm cp csplit cut date dd df diff dir dircolors dirname du echo env expand expr factor false find fmt fold gawk getlimits ginstall grep groups head hostid hostname id join kill libstdbuf.so link ln logname ls make-prime-list md5sum mkdir mkfifo mknod mktemp mv nice nl nohup nproc numfmt od paste pathchk pinky pr printenv printf ptx pwd readlink realpath rm rmdir runcon sed seq sh sha1sum sha224sum sha256sum sha384sum sha512sum shred shuf sleep sort split stat stdbuf stty sum sync tac tail tee test timeout touch tr true truncate tsort tty uname unexpand uniq unlink users vdir wc who whoami xargs yes'
+ for base_ in $base_names_
+ alias arch=arch.exe
+ for base_ in $base_names_
+ alias b2sum=b2sum.exe
+ for base_ in $base_names_
+ alias base32=base32.exe
+ for base_ in $base_names_
+ alias base64=base64.exe
+ for base_ in $base_names_
+ alias basename=basename.exe
+ for base_ in $base_names_
+ alias basenc=basenc.exe
+ for base_ in $base_names_
+ alias bash=bash.exe
+ for base_ in $base_names_
+ alias cat=cat.exe
+ for base_ in $base_names_
+ alias chcon=chcon.exe
+ for base_ in $base_names_
+ alias chgrp=chgrp.exe
+ for base_ in $base_names_
+ alias chmod=chmod.exe
+ for base_ in $base_names_
+ alias chown=chown.exe
+ for base_ in $base_names_
+ alias chroot=chroot.exe
+ for base_ in $base_names_
+ alias cksum=cksum.exe
+ for base_ in $base_names_
+ alias cmp=cmp.exe
+ for base_ in $base_names_
+ alias comm=comm.exe
+ for base_ in $base_names_
+ alias cp=cp.exe
+ for base_ in $base_names_
+ alias csplit=csplit.exe
+ for base_ in $base_names_
+ alias cut=cut.exe
+ for base_ in $base_names_
+ alias date=date.exe
+ for base_ in $base_names_
+ alias dd=dd.exe
+ for base_ in $base_names_
+ alias df=df.exe
+ for base_ in $base_names_
+ alias diff=diff.exe
+ for base_ in $base_names_
+ alias dir=dir.exe
+ for base_ in $base_names_
+ alias dircolors=dircolors.exe
+ for base_ in $base_names_
+ alias dirname=dirname.exe
+ for base_ in $base_names_
+ alias du=du.exe
+ for base_ in $base_names_
+ alias echo=echo.exe
+ for base_ in $base_names_
+ alias env=env.exe
+ for base_ in $base_names_
+ alias expand=expand.exe
+ for base_ in $base_names_
+ alias expr=expr.exe
+ for base_ in $base_names_
+ alias factor=factor.exe
+ for base_ in $base_names_
+ alias false=false.exe
+ for base_ in $base_names_
+ alias find=find.exe
+ for base_ in $base_names_
+ alias fmt=fmt.exe
+ for base_ in $base_names_
+ alias fold=fold.exe
+ for base_ in $base_names_
+ alias gawk=gawk.exe
+ for base_ in $base_names_
+ alias getlimits=getlimits.exe
+ for base_ in $base_names_
+ alias ginstall=ginstall.exe
+ for base_ in $base_names_
+ alias grep=grep.exe
+ for base_ in $base_names_
+ alias groups=groups.exe
+ for base_ in $base_names_
+ alias head=head.exe
+ for base_ in $base_names_
+ alias hostid=hostid.exe
+ for base_ in $base_names_
+ alias hostname=hostname.exe
+ for base_ in $base_names_
+ alias id=id.exe
+ for base_ in $base_names_
+ alias join=join.exe
+ for base_ in $base_names_
+ alias kill=kill.exe
+ for base_ in $base_names_
+ alias libstdbuf.so=libstdbuf.so.exe
+ for base_ in $base_names_
+ alias link=link.exe
+ for base_ in $base_names_
+ alias ln=ln.exe
+ for base_ in $base_names_
+ alias logname=logname.exe
+ for base_ in $base_names_
+ alias ls=ls.exe
+ for base_ in $base_names_
+ alias make-prime-list=make-prime-list.exe
+ for base_ in $base_names_
+ alias md5sum=md5sum.exe
+ for base_ in $base_names_
+ alias mkdir=mkdir.exe
+ for base_ in $base_names_
+ alias mkfifo=mkfifo.exe
+ for base_ in $base_names_
+ alias mknod=mknod.exe
+ for base_ in $base_names_
+ alias mktemp=mktemp.exe
+ for base_ in $base_names_
+ alias mv=mv.exe
+ for base_ in $base_names_
+ alias nice=nice.exe
+ for base_ in $base_names_
+ alias nl=nl.exe
+ for base_ in $base_names_
+ alias nohup=nohup.exe
+ for base_ in $base_names_
+ alias nproc=nproc.exe
+ for base_ in $base_names_
+ alias numfmt=numfmt.exe
+ for base_ in $base_names_
+ alias od=od.exe
+ for base_ in $base_names_
+ alias paste=paste.exe
+ for base_ in $base_names_
+ alias pathchk=pathchk.exe
+ for base_ in $base_names_
+ alias pinky=pinky.exe
+ for base_ in $base_names_
+ alias pr=pr.exe
+ for base_ in $base_names_
+ alias printenv=printenv.exe
+ for base_ in $base_names_
+ alias printf=printf.exe
+ for base_ in $base_names_
+ alias ptx=ptx.exe
+ for base_ in $base_names_
+ alias pwd=pwd.exe
+ for base_ in $base_names_
+ alias readlink=readlink.exe
+ for base_ in $base_names_
+ alias realpath=realpath.exe
+ for base_ in $base_names_
+ alias rm=rm.exe
+ for base_ in $base_names_
+ alias rmdir=rmdir.exe
+ for base_ in $base_names_
+ alias runcon=runcon.exe
+ for base_ in $base_names_
+ alias sed=sed.exe
+ for base_ in $base_names_
+ alias seq=seq.exe
+ for base_ in $base_names_
+ alias sh=sh.exe
+ for base_ in $base_names_
+ alias sha1sum=sha1sum.exe
+ for base_ in $base_names_
+ alias sha224sum=sha224sum.exe
+ for base_ in $base_names_
+ alias sha256sum=sha256sum.exe
+ for base_ in $base_names_
+ alias sha384sum=sha384sum.exe
+ for base_ in $base_names_
+ alias sha512sum=sha512sum.exe
+ for base_ in $base_names_
+ alias shred=shred.exe
+ for base_ in $base_names_
+ alias shuf=shuf.exe
+ for base_ in $base_names_
+ alias sleep=sleep.exe
+ for base_ in $base_names_
+ alias sort=sort.exe
+ for base_ in $base_names_
+ alias split=split.exe
+ for base_ in $base_names_
+ alias stat=stat.exe
+ for base_ in $base_names_
+ alias stdbuf=stdbuf.exe
+ for base_ in $base_names_
+ alias stty=stty.exe
+ for base_ in $base_names_
+ alias sum=sum.exe
+ for base_ in $base_names_
+ alias sync=sync.exe
+ for base_ in $base_names_
+ alias tac=tac.exe
+ for base_ in $base_names_
+ alias tail=tail.exe
+ for base_ in $base_names_
+ alias tee=tee.exe
+ for base_ in $base_names_
+ alias test=test.exe
+ for base_ in $base_names_
+ alias timeout=timeout.exe
+ for base_ in $base_names_
+ alias touch=touch.exe
+ for base_ in $base_names_
+ alias tr=tr.exe
+ for base_ in $base_names_
+ alias true=true.exe
+ for base_ in $base_names_
+ alias truncate=truncate.exe
+ for base_ in $base_names_
+ alias tsort=tsort.exe
+ for base_ in $base_names_
+ alias tty=tty.exe
+ for base_ in $base_names_
+ alias uname=uname.exe
+ for base_ in $base_names_
+ alias unexpand=unexpand.exe
+ for base_ in $base_names_
+ alias uniq=uniq.exe
+ for base_ in $base_names_
+ alias unlink=unlink.exe
+ for base_ in $base_names_
+ alias users=users.exe
+ for base_ in $base_names_
+ alias vdir=vdir.exe
+ for base_ in $base_names_
+ alias wc=wc.exe
+ for base_ in $base_names_
+ alias who=who.exe
+ for base_ in $base_names_
+ alias whoami=whoami.exe
+ for base_ in $base_names_
+ alias xargs=xargs.exe
+ for base_ in $base_names_
+ alias yes=yes.exe
+ return 0
+ shift
+ test 0 '!=' 0
+ export PATH
+ expected_failure_status_chroot=125
+ expected_failure_status_env=125
+ expected_failure_status_nice=125
+ expected_failure_status_nohup=125
+ expected_failure_status_stdbuf=125
+ expected_failure_status_timeout=125
+ expected_failure_status_printenv=2
+ expected_failure_status_tty=3
+ expected_failure_status_sort=2
+ expected_failure_status_expr=3
+ expected_failure_status_lbracket=2
+ expected_failure_status_dir=2
+ expected_failure_status_ls=2
+ expected_failure_status_vdir=2
+ expected_failure_status_cmp=2
+ expected_failure_status_zcmp=2
+ expected_failure_status_sdiff=2
+ expected_failure_status_diff3=2
+ expected_failure_status_diff=2
+ expected_failure_status_zdiff=2
+ expected_failure_status_zgrep=2
+ expected_failure_status_zegrep=2
+ expected_failure_status_zfgrep=2
+ expected_failure_status_grep=2
+ expected_failure_status_egrep=2
+ expected_failure_status_fgrep=2
+ test.exe 'chroot hostid timeout nice who users pinky stty df stdbuf [ b2sum base64 base32 basenc basename cat chcon chgrp chmod chown cksum comm cp csplit cut date dd dir dircolors dirname du echo env expand expr factor false fmt fold ginstall groups head id join kill link ln logname ls md5sum mkdir mkfifo mknod mktemp mv nl nproc nohup numfmt od paste pathchk pr printenv printf ptx pwd readlink realpath rm rmdir runcon seq sha1sum sha224sum sha256sum sha384sum sha512sum shred shuf sleep sort split stat sum sync tac tail tee test touch tr true truncate tsort tty uname unexpand uniq unlink vdir wc whoami yes arch hostname'
+ test.exe 8.32
+ for i in $built_programs
++ env.exe chroot --version
++ sed.exe -n '1s/.* //p;q'
+ v=8.32
+ break
+ test.exe x8.32 = x8.32
+ for i in $built_programs
+ test.exe chroot = test
+ test.exe chroot = false
+ test.exe chroot = true
+ test.exe chroot = install
+ env.exe chroot --help
+ env.exe chroot --version
+ test.exe -w /dev/full
+ test.exe -c /dev/full
+ test.exe chroot = '['
++ echo.exe chroot
++ sed.exe 's/.exe$//'
+ prog=chroot
+ eval 'expected=$expected_failure_status_chroot'
++ expected=125
+ test.exe x125 = x
+ returns_ 125 env chroot --help
+ returns_ 125 env chroot --version
+ for i in $built_programs
+ test.exe hostid = test
+ test.exe hostid = false
+ test.exe hostid = true
+ test.exe hostid = install
+ env.exe hostid --help
+ env.exe hostid --version
+ test.exe -w /dev/full
+ test.exe -c /dev/full
+ test.exe hostid = '['
++ echo.exe hostid
++ sed.exe 's/.exe$//'
+ prog=hostid
+ eval 'expected=$expected_failure_status_hostid'
++ expected=
+ test.exe x = x
+ expected=1
+ returns_ 1 env hostid --help
+ returns_ 1 env hostid --version
+ for i in $built_programs
+ test.exe timeout = test
+ test.exe timeout = false
+ test.exe timeout = true
+ test.exe timeout = install
+ env.exe timeout --help
+ env.exe timeout --version
+ test.exe -w /dev/full
+ test.exe -c /dev/full
+ test.exe timeout = '['
++ echo.exe timeout
++ sed.exe 's/.exe$//'
+ prog=timeout
+ eval 'expected=$expected_failure_status_timeout'
++ expected=125
+ test.exe x125 = x
+ returns_ 125 env timeout --help
+ returns_ 125 env timeout --version
+ for i in $built_programs
+ test.exe nice = test
+ test.exe nice = false
+ test.exe nice = true
+ test.exe nice = install
+ env.exe nice --help
+ env.exe nice --version
+ test.exe -w /dev/full
+ test.exe -c /dev/full
+ test.exe nice = '['
++ echo.exe nice
++ sed.exe 's/.exe$//'
+ prog=nice
+ eval 'expected=$expected_failure_status_nice'
++ expected=125
+ test.exe x125 = x
+ returns_ 125 env nice --help
+ returns_ 125 env nice --version
+ for i in $built_programs
+ test.exe who = test
+ test.exe who = false
+ test.exe who = true
+ test.exe who = install
+ env.exe who --help
+ env.exe who --version
+ test.exe -w /dev/full
+ test.exe -c /dev/full
+ test.exe who = '['
++ echo.exe who
++ sed.exe 's/.exe$//'
+ prog=who
+ eval 'expected=$expected_failure_status_who'
++ expected=
+ test.exe x = x
+ expected=1
+ returns_ 1 env who --help
+ returns_ 1 env who --version
+ for i in $built_programs
+ test.exe users = test
+ test.exe users = false
+ test.exe users = true
+ test.exe users = install
+ env.exe users --help
+ env.exe users --version
+ test.exe -w /dev/full
+ test.exe -c /dev/full
+ test.exe users = '['
++ echo.exe users
++ sed.exe 's/.exe$//'
+ prog=users
+ eval 'expected=$expected_failure_status_users'
++ expected=
+ test.exe x = x
+ expected=1
+ returns_ 1 env users --help
+ returns_ 1 env users --version
+ for i in $built_programs
+ test.exe pinky = test
+ test.exe pinky = false
+ test.exe pinky = true
+ test.exe pinky = install
+ env.exe pinky --help
+ env.exe pinky --version
+ test.exe -w /dev/full
+ test.exe -c /dev/full
+ test.exe pinky = '['
++ echo.exe pinky
++ sed.exe 's/.exe$//'
+ prog=pinky
+ eval 'expected=$expected_failure_status_pinky'
++ expected=
+ test.exe x = x
+ expected=1
+ returns_ 1 env pinky --help
+ returns_ 1 env pinky --version
+ for i in $built_programs
+ test.exe stty = test
+ test.exe stty = false
+ test.exe stty = true
+ test.exe stty = install
+ env.exe stty --help
+ env.exe stty --version
+ test.exe -w /dev/full
+ test.exe -c /dev/full
+ test.exe stty = '['
++ echo.exe stty
++ sed.exe 's/.exe$//'
+ prog=stty
+ eval 'expected=$expected_failure_status_stty'
++ expected=
+ test.exe x = x
+ expected=1
+ returns_ 1 env stty --help
+ returns_ 1 env stty --version
+ for i in $built_programs
+ test.exe df = test
+ test.exe df = false
+ test.exe df = true
+ test.exe df = install
+ env.exe df --help
+ env.exe df --version
+ test.exe -w /dev/full
+ test.exe -c /dev/full
+ test.exe df = '['
++ echo.exe df
++ sed.exe 's/.exe$//'
+ prog=df
+ eval 'expected=$expected_failure_status_df'
++ expected=
+ test.exe x = x
+ expected=1
+ returns_ 1 env df --help
+ returns_ 1 env df --version
+ for i in $built_programs
+ test.exe stdbuf = test
+ test.exe stdbuf = false
+ test.exe stdbuf = true
+ test.exe stdbuf = install
+ env.exe stdbuf --help
+ env.exe stdbuf --version
+ test.exe -w /dev/full
+ test.exe -c /dev/full
+ test.exe stdbuf = '['
++ echo.exe stdbuf
++ sed.exe 's/.exe$//'
+ prog=stdbuf
+ eval 'expected=$expected_failure_status_stdbuf'
++ expected=125
+ test.exe x125 = x
+ returns_ 125 env stdbuf --help
+ returns_ 125 env stdbuf --version
+ for i in $built_programs
+ test.exe '[' = test
+ test.exe '[' = false
+ test.exe '[' = true
+ test.exe '[' = install
+ env.exe '[' --help
+ env.exe '[' --version
+ test.exe -w /dev/full
+ test.exe -c /dev/full
+ test.exe '[' = '['
+ prog=lbracket
+ eval 'expected=$expected_failure_status_lbracket'
++ expected=2
+ test.exe x2 = x
+ returns_ 2 env '[' --help
+ returns_ 2 env '[' --version
+ for i in $built_programs
+ test.exe b2sum = test
+ test.exe b2sum = false
+ test.exe b2sum = true
+ test.exe b2sum = install
+ env.exe b2sum --help
+ env.exe b2sum --version
+ test.exe -w /dev/full
+ test.exe -c /dev/full
+ test.exe b2sum = '['
++ echo.exe b2sum
++ sed.exe 's/.exe$//'
+ prog=b2sum
+ eval 'expected=$expected_failure_status_b2sum'
++ expected=
+ test.exe x = x
+ expected=1
+ returns_ 1 env b2sum --help
+ returns_ 1 env b2sum --version
+ for i in $built_programs
+ test.exe base64 = test
+ test.exe base64 = false
+ test.exe base64 = true
+ test.exe base64 = install
+ env.exe base64 --help
+ env.exe base64 --version
+ test.exe -w /dev/full
+ test.exe -c /dev/full
+ test.exe base64 = '['
++ echo.exe base64
++ sed.exe 's/.exe$//'
+ prog=base64
+ eval 'expected=$expected_failure_status_base64'
++ expected=
+ test.exe x = x
+ expected=1
+ returns_ 1 env base64 --help
+ returns_ 1 env base64 --version
+ for i in $built_programs
+ test.exe base32 = test
+ test.exe base32 = false
+ test.exe base32 = true
+ test.exe base32 = install
+ env.exe base32 --help
+ env.exe base32 --version
+ test.exe -w /dev/full
+ test.exe -c /dev/full
+ test.exe base32 = '['
++ echo.exe base32
++ sed.exe 's/.exe$//'
+ prog=base32
+ eval 'expected=$expected_failure_status_base32'
++ expected=
+ test.exe x = x
+ expected=1
+ returns_ 1 env base32 --help
+ returns_ 1 env base32 --version
+ for i in $built_programs
+ test.exe basenc = test
+ test.exe basenc = false
+ test.exe basenc = true
+ test.exe basenc = install
+ env.exe basenc --help
+ env.exe basenc --version
+ test.exe -w /dev/full
+ test.exe -c /dev/full
+ test.exe basenc = '['
++ echo.exe basenc
++ sed.exe 's/.exe$//'
+ prog=basenc
+ eval 'expected=$expected_failure_status_basenc'
++ expected=
+ test.exe x = x
+ expected=1
+ returns_ 1 env basenc --help
+ returns_ 1 env basenc --version
+ for i in $built_programs
+ test.exe basename = test
+ test.exe basename = false
+ test.exe basename = true
+ test.exe basename = install
+ env.exe basename --help
+ env.exe basename --version
+ test.exe -w /dev/full
+ test.exe -c /dev/full
+ test.exe basename = '['
++ echo.exe basename
++ sed.exe 's/.exe$//'
+ prog=basename
+ eval 'expected=$expected_failure_status_basename'
++ expected=
+ test.exe x = x
+ expected=1
+ returns_ 1 env basename --help
+ returns_ 1 env basename --version
+ for i in $built_programs
+ test.exe cat = test
+ test.exe cat = false
+ test.exe cat = true
+ test.exe cat = install
+ env.exe cat --help
+ env.exe cat --version
+ test.exe -w /dev/full
+ test.exe -c /dev/full
+ test.exe cat = '['
++ echo.exe cat
++ sed.exe 's/.exe$//'
+ prog=cat
+ eval 'expected=$expected_failure_status_cat'
++ expected=
+ test.exe x = x
+ expected=1
+ returns_ 1 env cat --help
+ returns_ 1 env cat --version
+ for i in $built_programs
+ test.exe chcon = test
+ test.exe chcon = false
+ test.exe chcon = true
+ test.exe chcon = install
+ env.exe chcon --help
+ env.exe chcon --version
+ test.exe -w /dev/full
+ test.exe -c /dev/full
+ test.exe chcon = '['
++ echo.exe chcon
++ sed.exe 's/.exe$//'
+ prog=chcon
+ eval 'expected=$expected_failure_status_chcon'
++ expected=
+ test.exe x = x
+ expected=1
+ returns_ 1 env chcon --help
+ returns_ 1 env chcon --version
+ for i in $built_programs
+ test.exe chgrp = test
+ test.exe chgrp = false
+ test.exe chgrp = true
+ test.exe chgrp = install
+ env.exe chgrp --help
+ env.exe chgrp --version
+ test.exe -w /dev/full
+ test.exe -c /dev/full
+ test.exe chgrp = '['
++ echo.exe chgrp
++ sed.exe 's/.exe$//'
+ prog=chgrp
+ eval 'expected=$expected_failure_status_chgrp'
++ expected=
+ test.exe x = x
+ expected=1
+ returns_ 1 env chgrp --help
+ returns_ 1 env chgrp --version
+ for i in $built_programs
+ test.exe chmod = test
+ test.exe chmod = false
+ test.exe chmod = true
+ test.exe chmod = install
+ env.exe chmod --help
+ env.exe chmod --version
+ test.exe -w /dev/full
+ test.exe -c /dev/full
+ test.exe chmod = '['
++ echo.exe chmod
++ sed.exe 's/.exe$//'
+ prog=chmod
+ eval 'expected=$expected_failure_status_chmod'
++ expected=
+ test.exe x = x
+ expected=1
+ returns_ 1 env chmod --help
+ returns_ 1 env chmod --version
+ for i in $built_programs
+ test.exe chown = test
+ test.exe chown = false
+ test.exe chown = true
+ test.exe chown = install
+ env.exe chown --help
+ env.exe chown --version
+ test.exe -w /dev/full
+ test.exe -c /dev/full
+ test.exe chown = '['
++ echo.exe chown
++ sed.exe 's/.exe$//'
+ prog=chown
+ eval 'expected=$expected_failure_status_chown'
++ expected=
+ test.exe x = x
+ expected=1
+ returns_ 1 env chown --help
+ returns_ 1 env chown --version
+ for i in $built_programs
+ test.exe cksum = test
+ test.exe cksum = false
+ test.exe cksum = true
+ test.exe cksum = install
+ env.exe cksum --help
+ env.exe cksum --version
+ test.exe -w /dev/full
+ test.exe -c /dev/full
+ test.exe cksum = '['
++ echo.exe cksum
++ sed.exe 's/.exe$//'
+ prog=cksum
+ eval 'expected=$expected_failure_status_cksum'
++ expected=
+ test.exe x = x
+ expected=1
+ returns_ 1 env cksum --help
+ returns_ 1 env cksum --version
+ for i in $built_programs
+ test.exe comm = test
+ test.exe comm = false
+ test.exe comm = true
+ test.exe comm = install
+ env.exe comm --help
+ env.exe comm --version
+ test.exe -w /dev/full
+ test.exe -c /dev/full
+ test.exe comm = '['
++ echo.exe comm
++ sed.exe 's/.exe$//'
+ prog=comm
+ eval 'expected=$expected_failure_status_comm'
++ expected=
+ test.exe x = x
+ expected=1
+ returns_ 1 env comm --help
+ returns_ 1 env comm --version
+ for i in $built_programs
+ test.exe cp = test
+ test.exe cp = false
+ test.exe cp = true
+ test.exe cp = install
+ env.exe cp --help
+ env.exe cp --version
+ test.exe -w /dev/full
+ test.exe -c /dev/full
+ test.exe cp = '['
++ echo.exe cp
++ sed.exe 's/.exe$//'
+ prog=cp
+ eval 'expected=$expected_failure_status_cp'
++ expected=
+ test.exe x = x
+ expected=1
+ returns_ 1 env cp --help
+ returns_ 1 env cp --version
+ for i in $built_programs
+ test.exe csplit = test
+ test.exe csplit = false
+ test.exe csplit = true
+ test.exe csplit = install
+ env.exe csplit --help
+ env.exe csplit --version
+ test.exe -w /dev/full
+ test.exe -c /dev/full
+ test.exe csplit = '['
++ echo.exe csplit
++ sed.exe 's/.exe$//'
+ prog=csplit
+ eval 'expected=$expected_failure_status_csplit'
++ expected=
+ test.exe x = x
+ expected=1
+ returns_ 1 env csplit --help
+ returns_ 1 env csplit --version
+ for i in $built_programs
+ test.exe cut = test
+ test.exe cut = false
+ test.exe cut = true
+ test.exe cut = install
+ env.exe cut --help
+ env.exe cut --version
+ test.exe -w /dev/full
+ test.exe -c /dev/full
+ test.exe cut = '['
++ echo.exe cut
++ sed.exe 's/.exe$//'
+ prog=cut
+ eval 'expected=$expected_failure_status_cut'
++ expected=
+ test.exe x = x
+ expected=1
+ returns_ 1 env cut --help
+ returns_ 1 env cut --version
+ for i in $built_programs
+ test.exe date = test
+ test.exe date = false
+ test.exe date = true
+ test.exe date = install
+ env.exe date --help
+ env.exe date --version
+ test.exe -w /dev/full
+ test.exe -c /dev/full
+ test.exe date = '['
++ echo.exe date
++ sed.exe 's/.exe$//'
+ prog=date
+ eval 'expected=$expected_failure_status_date'
++ expected=
+ test.exe x = x
+ expected=1
+ returns_ 1 env date --help
+ returns_ 1 env date --version
+ for i in $built_programs
+ test.exe dd = test
+ test.exe dd = false
+ test.exe dd = true
+ test.exe dd = install
+ env.exe dd --help
+ env.exe dd --version
+ test.exe -w /dev/full
+ test.exe -c /dev/full
+ test.exe dd = '['
++ echo.exe dd
++ sed.exe 's/.exe$//'
+ prog=dd
+ eval 'expected=$expected_failure_status_dd'
++ expected=
+ test.exe x = x
+ expected=1
+ returns_ 1 env dd --help
+ returns_ 1 env dd --version
+ for i in $built_programs
+ test.exe dir = test
+ test.exe dir = false
+ test.exe dir = true
+ test.exe dir = install
+ env.exe dir --help
+ env.exe dir --version
+ test.exe -w /dev/full
+ test.exe -c /dev/full
+ test.exe dir = '['
++ echo.exe dir
++ sed.exe 's/.exe$//'
+ prog=dir
+ eval 'expected=$expected_failure_status_dir'
++ expected=2
+ test.exe x2 = x
+ returns_ 2 env dir --help
+ returns_ 2 env dir --version
+ for i in $built_programs
+ test.exe dircolors = test
+ test.exe dircolors = false
+ test.exe dircolors = true
+ test.exe dircolors = install
+ env.exe dircolors --help
+ env.exe dircolors --version
+ test.exe -w /dev/full
+ test.exe -c /dev/full
+ test.exe dircolors = '['
++ echo.exe dircolors
++ sed.exe 's/.exe$//'
+ prog=dircolors
+ eval 'expected=$expected_failure_status_dircolors'
++ expected=
+ test.exe x = x
+ expected=1
+ returns_ 1 env dircolors --help
+ returns_ 1 env dircolors --version
+ for i in $built_programs
+ test.exe dirname = test
+ test.exe dirname = false
+ test.exe dirname = true
+ test.exe dirname = install
+ env.exe dirname --help
+ env.exe dirname --version
+ test.exe -w /dev/full
+ test.exe -c /dev/full
+ test.exe dirname = '['
++ echo.exe dirname
++ sed.exe 's/.exe$//'
+ prog=dirname
+ eval 'expected=$expected_failure_status_dirname'
++ expected=
+ test.exe x = x
+ expected=1
+ returns_ 1 env dirname --help
+ returns_ 1 env dirname --version
+ for i in $built_programs
+ test.exe du = test
+ test.exe du = false
+ test.exe du = true
+ test.exe du = install
+ env.exe du --help
+ env.exe du --version
+ test.exe -w /dev/full
+ test.exe -c /dev/full
+ test.exe du = '['
++ echo.exe du
++ sed.exe 's/.exe$//'
+ prog=du
+ eval 'expected=$expected_failure_status_du'
++ expected=
+ test.exe x = x
+ expected=1
+ returns_ 1 env du --help
+ returns_ 1 env du --version
+ for i in $built_programs
+ test.exe echo = test
+ test.exe echo = false
+ test.exe echo = true
+ test.exe echo = install
+ env.exe echo --help
+ env.exe echo --version
+ test.exe -w /dev/full
+ test.exe -c /dev/full
+ test.exe echo = '['
++ echo.exe echo
++ sed.exe 's/.exe$//'
+ prog=echo
+ eval 'expected=$expected_failure_status_echo'
++ expected=
+ test.exe x = x
+ expected=1
+ returns_ 1 env echo --help
+ returns_ 1 env echo --version
+ for i in $built_programs
+ test.exe env = test
+ test.exe env = false
+ test.exe env = true
+ test.exe env = install
+ env.exe env --help
+ env.exe env --version
+ test.exe -w /dev/full
+ test.exe -c /dev/full
+ test.exe env = '['
++ echo.exe env
++ sed.exe 's/.exe$//'
+ prog=env
+ eval 'expected=$expected_failure_status_env'
++ expected=125
+ test.exe x125 = x
+ returns_ 125 env env --help
+ returns_ 125 env env --version
+ for i in $built_programs
+ test.exe expand = test
+ test.exe expand = false
+ test.exe expand = true
+ test.exe expand = install
+ env.exe expand --help
+ env.exe expand --version
+ test.exe -w /dev/full
+ test.exe -c /dev/full
+ test.exe expand = '['
++ echo.exe expand
++ sed.exe 's/.exe$//'
+ prog=expand
+ eval 'expected=$expected_failure_status_expand'
++ expected=
+ test.exe x = x
+ expected=1
+ returns_ 1 env expand --help
+ returns_ 1 env expand --version
+ for i in $built_programs
+ test.exe expr = test
+ test.exe expr = false
+ test.exe expr = true
+ test.exe expr = install
+ env.exe expr --help
+ env.exe expr --version
+ test.exe -w /dev/full
+ test.exe -c /dev/full
+ test.exe expr = '['
++ echo.exe expr
++ sed.exe 's/.exe$//'
+ prog=expr
+ eval 'expected=$expected_failure_status_expr'
++ expected=3
+ test.exe x3 = x
+ returns_ 3 env expr --help
+ returns_ 3 env expr --version
+ for i in $built_programs
+ test.exe factor = test
+ test.exe factor = false
+ test.exe factor = true
+ test.exe factor = install
+ env.exe factor --help
+ env.exe factor --version
+ test.exe -w /dev/full
+ test.exe -c /dev/full
+ test.exe factor = '['
++ echo.exe factor
++ sed.exe 's/.exe$//'
+ prog=factor
+ eval 'expected=$expected_failure_status_factor'
++ expected=
+ test.exe x = x
+ expected=1
+ returns_ 1 env factor --help
+ returns_ 1 env factor --version
+ for i in $built_programs
+ test.exe false = test
+ test.exe false = false
+ continue
+ for i in $built_programs
+ test.exe fmt = test
+ test.exe fmt = false
+ test.exe fmt = true
+ test.exe fmt = install
+ env.exe fmt --help
+ env.exe fmt --version
+ test.exe -w /dev/full
+ test.exe -c /dev/full
+ test.exe fmt = '['
++ echo.exe fmt
++ sed.exe 's/.exe$//'
+ prog=fmt
+ eval 'expected=$expected_failure_status_fmt'
++ expected=
+ test.exe x = x
+ expected=1
+ returns_ 1 env fmt --help
+ returns_ 1 env fmt --version
+ for i in $built_programs
+ test.exe fold = test
+ test.exe fold = false
+ test.exe fold = true
+ test.exe fold = install
+ env.exe fold --help
+ env.exe fold --version
+ test.exe -w /dev/full
+ test.exe -c /dev/full
+ test.exe fold = '['
++ echo.exe fold
++ sed.exe 's/.exe$//'
+ prog=fold
+ eval 'expected=$expected_failure_status_fold'
++ expected=
+ test.exe x = x
+ expected=1
+ returns_ 1 env fold --help
+ returns_ 1 env fold --version
+ for i in $built_programs
+ test.exe ginstall = test
+ test.exe ginstall = false
+ test.exe ginstall = true
+ test.exe ginstall = install
+ env.exe ginstall --help
+ env.exe ginstall --version
+ test.exe -w /dev/full
+ test.exe -c /dev/full
+ test.exe ginstall = '['
++ echo.exe ginstall
++ sed.exe 's/.exe$//'
+ prog=ginstall
+ eval 'expected=$expected_failure_status_ginstall'
++ expected=
+ test.exe x = x
+ expected=1
+ returns_ 1 env ginstall --help
+ returns_ 1 env ginstall --version
+ for i in $built_programs
+ test.exe groups = test
+ test.exe groups = false
+ test.exe groups = true
+ test.exe groups = install
+ env.exe groups --help
+ env.exe groups --version
+ test.exe -w /dev/full
+ test.exe -c /dev/full
+ test.exe groups = '['
++ echo.exe groups
++ sed.exe 's/.exe$//'
+ prog=groups
+ eval 'expected=$expected_failure_status_groups'
++ expected=
+ test.exe x = x
+ expected=1
+ returns_ 1 env groups --help
+ returns_ 1 env groups --version
+ for i in $built_programs
+ test.exe head = test
+ test.exe head = false
+ test.exe head = true
+ test.exe head = install
+ env.exe head --help
+ env.exe head --version
+ test.exe -w /dev/full
+ test.exe -c /dev/full
+ test.exe head = '['
++ echo.exe head
++ sed.exe 's/.exe$//'
+ prog=head
+ eval 'expected=$expected_failure_status_head'
++ expected=
+ test.exe x = x
+ expected=1
+ returns_ 1 env head --help
+ returns_ 1 env head --version
+ for i in $built_programs
+ test.exe id = test
+ test.exe id = false
+ test.exe id = true
+ test.exe id = install
+ env.exe id --help
+ env.exe id --version
+ test.exe -w /dev/full
+ test.exe -c /dev/full
+ test.exe id = '['
++ echo.exe id
++ sed.exe 's/.exe$//'
+ prog=id
+ eval 'expected=$expected_failure_status_id'
++ expected=
+ test.exe x = x
+ expected=1
+ returns_ 1 env id --help
+ returns_ 1 env id --version
+ for i in $built_programs
+ test.exe join = test
+ test.exe join = false
+ test.exe join = true
+ test.exe join = install
+ env.exe join --help
+ env.exe join --version
+ test.exe -w /dev/full
+ test.exe -c /dev/full
+ test.exe join = '['
++ echo.exe join
++ sed.exe 's/.exe$//'
+ prog=join
+ eval 'expected=$expected_failure_status_join'
++ expected=
+ test.exe x = x
+ expected=1
+ returns_ 1 env join --help
+ returns_ 1 env join --version
+ for i in $built_programs
+ test.exe kill = test
+ test.exe kill = false
+ test.exe kill = true
+ test.exe kill = install
+ env.exe kill --help
+ env.exe kill --version
+ test.exe -w /dev/full
+ test.exe -c /dev/full
+ test.exe kill = '['
++ echo.exe kill
++ sed.exe 's/.exe$//'
+ prog=kill
+ eval 'expected=$expected_failure_status_kill'
++ expected=
+ test.exe x = x
+ expected=1
+ returns_ 1 env kill --help
+ returns_ 1 env kill --version
+ for i in $built_programs
+ test.exe link = test
+ test.exe link = false
+ test.exe link = true
+ test.exe link = install
+ env.exe link --help
+ env.exe link --version
+ test.exe -w /dev/full
+ test.exe -c /dev/full
+ test.exe link = '['
++ echo.exe link
++ sed.exe 's/.exe$//'
+ prog=link
+ eval 'expected=$expected_failure_status_link'
++ expected=
+ test.exe x = x
+ expected=1
+ returns_ 1 env link --help
+ returns_ 1 env link --version
+ for i in $built_programs
+ test.exe ln = test
+ test.exe ln = false
+ test.exe ln = true
+ test.exe ln = install
+ env.exe ln --help
+ env.exe ln --version
+ test.exe -w /dev/full
+ test.exe -c /dev/full
+ test.exe ln = '['
++ echo.exe ln
++ sed.exe 's/.exe$//'
+ prog=ln
+ eval 'expected=$expected_failure_status_ln'
++ expected=
+ test.exe x = x
+ expected=1
+ returns_ 1 env ln --help
+ returns_ 1 env ln --version
+ for i in $built_programs
+ test.exe logname = test
+ test.exe logname = false
+ test.exe logname = true
+ test.exe logname = install
+ env.exe logname --help
+ env.exe logname --version
+ test.exe -w /dev/full
+ test.exe -c /dev/full
+ test.exe logname = '['
++ echo.exe logname
++ sed.exe 's/.exe$//'
+ prog=logname
+ eval 'expected=$expected_failure_status_logname'
++ expected=
+ test.exe x = x
+ expected=1
+ returns_ 1 env logname --help
+ returns_ 1 env logname --version
+ for i in $built_programs
+ test.exe ls = test
+ test.exe ls = false
+ test.exe ls = true
+ test.exe ls = install
+ env.exe ls --help
+ env.exe ls --version
+ test.exe -w /dev/full
+ test.exe -c /dev/full
+ test.exe ls = '['
++ echo.exe ls
++ sed.exe 's/.exe$//'
+ prog=ls
+ eval 'expected=$expected_failure_status_ls'
++ expected=2
+ test.exe x2 = x
+ returns_ 2 env ls --help
+ returns_ 2 env ls --version
+ for i in $built_programs
+ test.exe md5sum = test
+ test.exe md5sum = false
+ test.exe md5sum = true
