Makefile:769: warning: ignoring prerequisites on suffix rule definition
conffile=`echo sshd_config.out | sed 's/.out$//'`; \
/usr/bin/sed -e 's|/etc/ssh/ssh_config|/etc/ssh/ssh_config|g' -e 's|/etc/ssh/ssh_known_hosts|/etc/ssh/ssh_known_hosts|g' -e 's|/etc/ssh/sshd_config|/etc/ssh/sshd_config|g' -e 's|/usr/libexec|/usr/lib/ssh|g' -e 's|/etc/shosts.equiv|/etc/ssh/shosts.equiv|g' -e 's|/etc/ssh/ssh_host_key|/etc/ssh/ssh_host_key|g' -e 's|/etc/ssh/ssh_host_ecdsa_key|/etc/ssh/ssh_host_ecdsa_key|g' -e 's|/etc/ssh/ssh_host_rsa_key|/etc/ssh/ssh_host_rsa_key|g' -e 's|/etc/ssh/ssh_host_ed25519_key|/etc/ssh/ssh_host_ed25519_key|g' -e 's|/var/run/sshd.pid|/etc/ssh/sshd.pid|g' -e 's|/etc/moduli|/etc/ssh/moduli|g' -e 's|/etc/ssh/moduli|/etc/ssh/moduli|g' -e 's|/etc/ssh/sshrc|/etc/ssh/sshrc|g' -e 's|/usr/X11R6/bin/xauth|undefined|g' -e 's|/var/empty|/var/empty|g' -e 's|/usr/bin:/bin:/usr/sbin:/sbin|/usr/bin:/bin:/usr/sbin:/sbin|g' /c/ap13-dcb/openssh-msys-canonical-05/src/${conffile} > sshd_config.out
conffile=`echo ssh_config.out | sed 's/.out$//'`; \
/usr/bin/sed -e 's|/etc/ssh/ssh_config|/etc/ssh/ssh_config|g' -e 's|/etc/ssh/ssh_known_hosts|/etc/ssh/ssh_known_hosts|g' -e 's|/etc/ssh/sshd_config|/etc/ssh/sshd_config|g' -e 's|/usr/libexec|/usr/lib/ssh|g' -e 's|/etc/shosts.equiv|/etc/ssh/shosts.equiv|g' -e 's|/etc/ssh/ssh_host_key|/etc/ssh/ssh_host_key|g' -e 's|/etc/ssh/ssh_host_ecdsa_key|/etc/ssh/ssh_host_ecdsa_key|g' -e 's|/etc/ssh/ssh_host_rsa_key|/etc/ssh/ssh_host_rsa_key|g' -e 's|/etc/ssh/ssh_host_ed25519_key|/etc/ssh/ssh_host_ed25519_key|g' -e 's|/var/run/sshd.pid|/etc/ssh/sshd.pid|g' -e 's|/etc/moduli|/etc/ssh/moduli|g' -e 's|/etc/ssh/moduli|/etc/ssh/moduli|g' -e 's|/etc/ssh/sshrc|/etc/ssh/sshrc|g' -e 's|/usr/X11R6/bin/xauth|undefined|g' -e 's|/var/empty|/var/empty|g' -e 's|/usr/bin:/bin:/usr/sbin:/sbin|/usr/bin:/bin:/usr/sbin:/sbin|g' /c/ap13-dcb/openssh-msys-canonical-05/src/${conffile} > ssh_config.out
conffile=`echo moduli.out | sed 's/.out$//'`; \
/usr/bin/sed -e 's|/etc/ssh/ssh_config|/etc/ssh/ssh_config|g' -e 's|/etc/ssh/ssh_known_hosts|/etc/ssh/ssh_known_hosts|g' -e 's|/etc/ssh/sshd_config|/etc/ssh/sshd_config|g' -e 's|/usr/libexec|/usr/lib/ssh|g' -e 's|/etc/shosts.equiv|/etc/ssh/shosts.equiv|g' -e 's|/etc/ssh/ssh_host_key|/etc/ssh/ssh_host_key|g' -e 's|/etc/ssh/ssh_host_ecdsa_key|/etc/ssh/ssh_host_ecdsa_key|g' -e 's|/etc/ssh/ssh_host_rsa_key|/etc/ssh/ssh_host_rsa_key|g' -e 's|/etc/ssh/ssh_host_ed25519_key|/etc/ssh/ssh_host_ed25519_key|g' -e 's|/var/run/sshd.pid|/etc/ssh/sshd.pid|g' -e 's|/etc/moduli|/etc/ssh/moduli|g' -e 's|/etc/ssh/moduli|/etc/ssh/moduli|g' -e 's|/etc/ssh/sshrc|/etc/ssh/sshrc|g' -e 's|/usr/X11R6/bin/xauth|undefined|g' -e 's|/var/empty|/var/empty|g' -e 's|/usr/bin:/bin:/usr/sbin:/sbin|/usr/bin:/bin:/usr/sbin:/sbin|g' /c/ap13-dcb/openssh-msys-canonical-05/src/${conffile} > moduli.out
if test "cat" = "cat"; then \
	manpage=/c/ap13-dcb/openssh-msys-canonical-05/src/`echo moduli.5.out | sed 's/\.[1-9]\.out$/\.0/'`; \
else \
	manpage=/c/ap13-dcb/openssh-msys-canonical-05/src/`echo moduli.5.out | sed 's/\.out$//'`; \
fi; \
if test "cat" = "man"; then \
	/usr/bin/sed -e 's|/etc/ssh/ssh_config|/etc/ssh/ssh_config|g' -e 's|/etc/ssh/ssh_known_hosts|/etc/ssh/ssh_known_hosts|g' -e 's|/etc/ssh/sshd_config|/etc/ssh/sshd_config|g' -e 's|/usr/libexec|/usr/lib/ssh|g' -e 's|/etc/shosts.equiv|/etc/ssh/shosts.equiv|g' -e 's|/etc/ssh/ssh_host_key|/etc/ssh/ssh_host_key|g' -e 's|/etc/ssh/ssh_host_ecdsa_key|/etc/ssh/ssh_host_ecdsa_key|g' -e 's|/etc/ssh/ssh_host_rsa_key|/etc/ssh/ssh_host_rsa_key|g' -e 's|/etc/ssh/ssh_host_ed25519_key|/etc/ssh/ssh_host_ed25519_key|g' -e 's|/var/run/sshd.pid|/etc/ssh/sshd.pid|g' -e 's|/etc/moduli|/etc/ssh/moduli|g' -e 's|/etc/ssh/moduli|/etc/ssh/moduli|g' -e 's|/etc/ssh/sshrc|/etc/ssh/sshrc|g' -e 's|/usr/X11R6/bin/xauth|undefined|g' -e 's|/var/empty|/var/empty|g' -e 's|/usr/bin:/bin:/usr/sbin:/sbin|/usr/bin:/bin:/usr/sbin:/sbin|g' ${manpage} | /usr/bin/bash /c/ap13-dcb/openssh-msys-canonical-05/src/fixalgorithms /usr/bin/sed  | \
	    gawk -f /c/ap13-dcb/openssh-msys-canonical-05/src/mdoc2man.awk > moduli.5.out; \
else \
	/usr/bin/sed -e 's|/etc/ssh/ssh_config|/etc/ssh/ssh_config|g' -e 's|/etc/ssh/ssh_known_hosts|/etc/ssh/ssh_known_hosts|g' -e 's|/etc/ssh/sshd_config|/etc/ssh/sshd_config|g' -e 's|/usr/libexec|/usr/lib/ssh|g' -e 's|/etc/shosts.equiv|/etc/ssh/shosts.equiv|g' -e 's|/etc/ssh/ssh_host_key|/etc/ssh/ssh_host_key|g' -e 's|/etc/ssh/ssh_host_ecdsa_key|/etc/ssh/ssh_host_ecdsa_key|g' -e 's|/etc/ssh/ssh_host_rsa_key|/etc/ssh/ssh_host_rsa_key|g' -e 's|/etc/ssh/ssh_host_ed25519_key|/etc/ssh/ssh_host_ed25519_key|g' -e 's|/var/run/sshd.pid|/etc/ssh/sshd.pid|g' -e 's|/etc/moduli|/etc/ssh/moduli|g' -e 's|/etc/ssh/moduli|/etc/ssh/moduli|g' -e 's|/etc/ssh/sshrc|/etc/ssh/sshrc|g' -e 's|/usr/X11R6/bin/xauth|undefined|g' -e 's|/var/empty|/var/empty|g' -e 's|/usr/bin:/bin:/usr/sbin:/sbin|/usr/bin:/bin:/usr/sbin:/sbin|g' ${manpage} | /usr/bin/bash /c/ap13-dcb/openssh-msys-canonical-05/src/fixalgorithms /usr/bin/sed  > moduli.5.out; \
fi
if test "cat" = "cat"; then \
	manpage=/c/ap13-dcb/openssh-msys-canonical-05/src/`echo scp.1.out | sed 's/\.[1-9]\.out$/\.0/'`; \
else \
	manpage=/c/ap13-dcb/openssh-msys-canonical-05/src/`echo scp.1.out | sed 's/\.out$//'`; \
fi; \
if test "cat" = "man"; then \
	/usr/bin/sed -e 's|/etc/ssh/ssh_config|/etc/ssh/ssh_config|g' -e 's|/etc/ssh/ssh_known_hosts|/etc/ssh/ssh_known_hosts|g' -e 's|/etc/ssh/sshd_config|/etc/ssh/sshd_config|g' -e 's|/usr/libexec|/usr/lib/ssh|g' -e 's|/etc/shosts.equiv|/etc/ssh/shosts.equiv|g' -e 's|/etc/ssh/ssh_host_key|/etc/ssh/ssh_host_key|g' -e 's|/etc/ssh/ssh_host_ecdsa_key|/etc/ssh/ssh_host_ecdsa_key|g' -e 's|/etc/ssh/ssh_host_rsa_key|/etc/ssh/ssh_host_rsa_key|g' -e 's|/etc/ssh/ssh_host_ed25519_key|/etc/ssh/ssh_host_ed25519_key|g' -e 's|/var/run/sshd.pid|/etc/ssh/sshd.pid|g' -e 's|/etc/moduli|/etc/ssh/moduli|g' -e 's|/etc/ssh/moduli|/etc/ssh/moduli|g' -e 's|/etc/ssh/sshrc|/etc/ssh/sshrc|g' -e 's|/usr/X11R6/bin/xauth|undefined|g' -e 's|/var/empty|/var/empty|g' -e 's|/usr/bin:/bin:/usr/sbin:/sbin|/usr/bin:/bin:/usr/sbin:/sbin|g' ${manpage} | /usr/bin/bash /c/ap13-dcb/openssh-msys-canonical-05/src/fixalgorithms /usr/bin/sed  | \
	    gawk -f /c/ap13-dcb/openssh-msys-canonical-05/src/mdoc2man.awk > scp.1.out; \
else \
	/usr/bin/sed -e 's|/etc/ssh/ssh_config|/etc/ssh/ssh_config|g' -e 's|/etc/ssh/ssh_known_hosts|/etc/ssh/ssh_known_hosts|g' -e 's|/etc/ssh/sshd_config|/etc/ssh/sshd_config|g' -e 's|/usr/libexec|/usr/lib/ssh|g' -e 's|/etc/shosts.equiv|/etc/ssh/shosts.equiv|g' -e 's|/etc/ssh/ssh_host_key|/etc/ssh/ssh_host_key|g' -e 's|/etc/ssh/ssh_host_ecdsa_key|/etc/ssh/ssh_host_ecdsa_key|g' -e 's|/etc/ssh/ssh_host_rsa_key|/etc/ssh/ssh_host_rsa_key|g' -e 's|/etc/ssh/ssh_host_ed25519_key|/etc/ssh/ssh_host_ed25519_key|g' -e 's|/var/run/sshd.pid|/etc/ssh/sshd.pid|g' -e 's|/etc/moduli|/etc/ssh/moduli|g' -e 's|/etc/ssh/moduli|/etc/ssh/moduli|g' -e 's|/etc/ssh/sshrc|/etc/ssh/sshrc|g' -e 's|/usr/X11R6/bin/xauth|undefined|g' -e 's|/var/empty|/var/empty|g' -e 's|/usr/bin:/bin:/usr/sbin:/sbin|/usr/bin:/bin:/usr/sbin:/sbin|g' ${manpage} | /usr/bin/bash /c/ap13-dcb/openssh-msys-canonical-05/src/fixalgorithms /usr/bin/sed  > scp.1.out; \
fi
if test "cat" = "cat"; then \
	manpage=/c/ap13-dcb/openssh-msys-canonical-05/src/`echo ssh-add.1.out | sed 's/\.[1-9]\.out$/\.0/'`; \
else \
	manpage=/c/ap13-dcb/openssh-msys-canonical-05/src/`echo ssh-add.1.out | sed 's/\.out$//'`; \
fi; \
if test "cat" = "man"; then \
	/usr/bin/sed -e 's|/etc/ssh/ssh_config|/etc/ssh/ssh_config|g' -e 's|/etc/ssh/ssh_known_hosts|/etc/ssh/ssh_known_hosts|g' -e 's|/etc/ssh/sshd_config|/etc/ssh/sshd_config|g' -e 's|/usr/libexec|/usr/lib/ssh|g' -e 's|/etc/shosts.equiv|/etc/ssh/shosts.equiv|g' -e 's|/etc/ssh/ssh_host_key|/etc/ssh/ssh_host_key|g' -e 's|/etc/ssh/ssh_host_ecdsa_key|/etc/ssh/ssh_host_ecdsa_key|g' -e 's|/etc/ssh/ssh_host_rsa_key|/etc/ssh/ssh_host_rsa_key|g' -e 's|/etc/ssh/ssh_host_ed25519_key|/etc/ssh/ssh_host_ed25519_key|g' -e 's|/var/run/sshd.pid|/etc/ssh/sshd.pid|g' -e 's|/etc/moduli|/etc/ssh/moduli|g' -e 's|/etc/ssh/moduli|/etc/ssh/moduli|g' -e 's|/etc/ssh/sshrc|/etc/ssh/sshrc|g' -e 's|/usr/X11R6/bin/xauth|undefined|g' -e 's|/var/empty|/var/empty|g' -e 's|/usr/bin:/bin:/usr/sbin:/sbin|/usr/bin:/bin:/usr/sbin:/sbin|g' ${manpage} | /usr/bin/bash /c/ap13-dcb/openssh-msys-canonical-05/src/fixalgorithms /usr/bin/sed  | \
	    gawk -f /c/ap13-dcb/openssh-msys-canonical-05/src/mdoc2man.awk > ssh-add.1.out; \
else \
	/usr/bin/sed -e 's|/etc/ssh/ssh_config|/etc/ssh/ssh_config|g' -e 's|/etc/ssh/ssh_known_hosts|/etc/ssh/ssh_known_hosts|g' -e 's|/etc/ssh/sshd_config|/etc/ssh/sshd_config|g' -e 's|/usr/libexec|/usr/lib/ssh|g' -e 's|/etc/shosts.equiv|/etc/ssh/shosts.equiv|g' -e 's|/etc/ssh/ssh_host_key|/etc/ssh/ssh_host_key|g' -e 's|/etc/ssh/ssh_host_ecdsa_key|/etc/ssh/ssh_host_ecdsa_key|g' -e 's|/etc/ssh/ssh_host_rsa_key|/etc/ssh/ssh_host_rsa_key|g' -e 's|/etc/ssh/ssh_host_ed25519_key|/etc/ssh/ssh_host_ed25519_key|g' -e 's|/var/run/sshd.pid|/etc/ssh/sshd.pid|g' -e 's|/etc/moduli|/etc/ssh/moduli|g' -e 's|/etc/ssh/moduli|/etc/ssh/moduli|g' -e 's|/etc/ssh/sshrc|/etc/ssh/sshrc|g' -e 's|/usr/X11R6/bin/xauth|undefined|g' -e 's|/var/empty|/var/empty|g' -e 's|/usr/bin:/bin:/usr/sbin:/sbin|/usr/bin:/bin:/usr/sbin:/sbin|g' ${manpage} | /usr/bin/bash /c/ap13-dcb/openssh-msys-canonical-05/src/fixalgorithms /usr/bin/sed  > ssh-add.1.out; \
fi
if test "cat" = "cat"; then \
	manpage=/c/ap13-dcb/openssh-msys-canonical-05/src/`echo ssh-agent.1.out | sed 's/\.[1-9]\.out$/\.0/'`; \
else \
	manpage=/c/ap13-dcb/openssh-msys-canonical-05/src/`echo ssh-agent.1.out | sed 's/\.out$//'`; \
fi; \
if test "cat" = "man"; then \
	/usr/bin/sed -e 's|/etc/ssh/ssh_config|/etc/ssh/ssh_config|g' -e 's|/etc/ssh/ssh_known_hosts|/etc/ssh/ssh_known_hosts|g' -e 's|/etc/ssh/sshd_config|/etc/ssh/sshd_config|g' -e 's|/usr/libexec|/usr/lib/ssh|g' -e 's|/etc/shosts.equiv|/etc/ssh/shosts.equiv|g' -e 's|/etc/ssh/ssh_host_key|/etc/ssh/ssh_host_key|g' -e 's|/etc/ssh/ssh_host_ecdsa_key|/etc/ssh/ssh_host_ecdsa_key|g' -e 's|/etc/ssh/ssh_host_rsa_key|/etc/ssh/ssh_host_rsa_key|g' -e 's|/etc/ssh/ssh_host_ed25519_key|/etc/ssh/ssh_host_ed25519_key|g' -e 's|/var/run/sshd.pid|/etc/ssh/sshd.pid|g' -e 's|/etc/moduli|/etc/ssh/moduli|g' -e 's|/etc/ssh/moduli|/etc/ssh/moduli|g' -e 's|/etc/ssh/sshrc|/etc/ssh/sshrc|g' -e 's|/usr/X11R6/bin/xauth|undefined|g' -e 's|/var/empty|/var/empty|g' -e 's|/usr/bin:/bin:/usr/sbin:/sbin|/usr/bin:/bin:/usr/sbin:/sbin|g' ${manpage} | /usr/bin/bash /c/ap13-dcb/openssh-msys-canonical-05/src/fixalgorithms /usr/bin/sed  | \
	    gawk -f /c/ap13-dcb/openssh-msys-canonical-05/src/mdoc2man.awk > ssh-agent.1.out; \
else \
	/usr/bin/sed -e 's|/etc/ssh/ssh_config|/etc/ssh/ssh_config|g' -e 's|/etc/ssh/ssh_known_hosts|/etc/ssh/ssh_known_hosts|g' -e 's|/etc/ssh/sshd_config|/etc/ssh/sshd_config|g' -e 's|/usr/libexec|/usr/lib/ssh|g' -e 's|/etc/shosts.equiv|/etc/ssh/shosts.equiv|g' -e 's|/etc/ssh/ssh_host_key|/etc/ssh/ssh_host_key|g' -e 's|/etc/ssh/ssh_host_ecdsa_key|/etc/ssh/ssh_host_ecdsa_key|g' -e 's|/etc/ssh/ssh_host_rsa_key|/etc/ssh/ssh_host_rsa_key|g' -e 's|/etc/ssh/ssh_host_ed25519_key|/etc/ssh/ssh_host_ed25519_key|g' -e 's|/var/run/sshd.pid|/etc/ssh/sshd.pid|g' -e 's|/etc/moduli|/etc/ssh/moduli|g' -e 's|/etc/ssh/moduli|/etc/ssh/moduli|g' -e 's|/etc/ssh/sshrc|/etc/ssh/sshrc|g' -e 's|/usr/X11R6/bin/xauth|undefined|g' -e 's|/var/empty|/var/empty|g' -e 's|/usr/bin:/bin:/usr/sbin:/sbin|/usr/bin:/bin:/usr/sbin:/sbin|g' ${manpage} | /usr/bin/bash /c/ap13-dcb/openssh-msys-canonical-05/src/fixalgorithms /usr/bin/sed  > ssh-agent.1.out; \
fi
if test "cat" = "cat"; then \
	manpage=/c/ap13-dcb/openssh-msys-canonical-05/src/`echo ssh-keygen.1.out | sed 's/\.[1-9]\.out$/\.0/'`; \
else \
	manpage=/c/ap13-dcb/openssh-msys-canonical-05/src/`echo ssh-keygen.1.out | sed 's/\.out$//'`; \
fi; \
if test "cat" = "man"; then \
	/usr/bin/sed -e 's|/etc/ssh/ssh_config|/etc/ssh/ssh_config|g' -e 's|/etc/ssh/ssh_known_hosts|/etc/ssh/ssh_known_hosts|g' -e 's|/etc/ssh/sshd_config|/etc/ssh/sshd_config|g' -e 's|/usr/libexec|/usr/lib/ssh|g' -e 's|/etc/shosts.equiv|/etc/ssh/shosts.equiv|g' -e 's|/etc/ssh/ssh_host_key|/etc/ssh/ssh_host_key|g' -e 's|/etc/ssh/ssh_host_ecdsa_key|/etc/ssh/ssh_host_ecdsa_key|g' -e 's|/etc/ssh/ssh_host_rsa_key|/etc/ssh/ssh_host_rsa_key|g' -e 's|/etc/ssh/ssh_host_ed25519_key|/etc/ssh/ssh_host_ed25519_key|g' -e 's|/var/run/sshd.pid|/etc/ssh/sshd.pid|g' -e 's|/etc/moduli|/etc/ssh/moduli|g' -e 's|/etc/ssh/moduli|/etc/ssh/moduli|g' -e 's|/etc/ssh/sshrc|/etc/ssh/sshrc|g' -e 's|/usr/X11R6/bin/xauth|undefined|g' -e 's|/var/empty|/var/empty|g' -e 's|/usr/bin:/bin:/usr/sbin:/sbin|/usr/bin:/bin:/usr/sbin:/sbin|g' ${manpage} | /usr/bin/bash /c/ap13-dcb/openssh-msys-canonical-05/src/fixalgorithms /usr/bin/sed  | \
	    gawk -f /c/ap13-dcb/openssh-msys-canonical-05/src/mdoc2man.awk > ssh-keygen.1.out; \
else \
	/usr/bin/sed -e 's|/etc/ssh/ssh_config|/etc/ssh/ssh_config|g' -e 's|/etc/ssh/ssh_known_hosts|/etc/ssh/ssh_known_hosts|g' -e 's|/etc/ssh/sshd_config|/etc/ssh/sshd_config|g' -e 's|/usr/libexec|/usr/lib/ssh|g' -e 's|/etc/shosts.equiv|/etc/ssh/shosts.equiv|g' -e 's|/etc/ssh/ssh_host_key|/etc/ssh/ssh_host_key|g' -e 's|/etc/ssh/ssh_host_ecdsa_key|/etc/ssh/ssh_host_ecdsa_key|g' -e 's|/etc/ssh/ssh_host_rsa_key|/etc/ssh/ssh_host_rsa_key|g' -e 's|/etc/ssh/ssh_host_ed25519_key|/etc/ssh/ssh_host_ed25519_key|g' -e 's|/var/run/sshd.pid|/etc/ssh/sshd.pid|g' -e 's|/etc/moduli|/etc/ssh/moduli|g' -e 's|/etc/ssh/moduli|/etc/ssh/moduli|g' -e 's|/etc/ssh/sshrc|/etc/ssh/sshrc|g' -e 's|/usr/X11R6/bin/xauth|undefined|g' -e 's|/var/empty|/var/empty|g' -e 's|/usr/bin:/bin:/usr/sbin:/sbin|/usr/bin:/bin:/usr/sbin:/sbin|g' ${manpage} | /usr/bin/bash /c/ap13-dcb/openssh-msys-canonical-05/src/fixalgorithms /usr/bin/sed  > ssh-keygen.1.out; \
fi
if test "cat" = "cat"; then \
	manpage=/c/ap13-dcb/openssh-msys-canonical-05/src/`echo ssh-keyscan.1.out | sed 's/\.[1-9]\.out$/\.0/'`; \
else \
	manpage=/c/ap13-dcb/openssh-msys-canonical-05/src/`echo ssh-keyscan.1.out | sed 's/\.out$//'`; \
fi; \
if test "cat" = "man"; then \
	/usr/bin/sed -e 's|/etc/ssh/ssh_config|/etc/ssh/ssh_config|g' -e 's|/etc/ssh/ssh_known_hosts|/etc/ssh/ssh_known_hosts|g' -e 's|/etc/ssh/sshd_config|/etc/ssh/sshd_config|g' -e 's|/usr/libexec|/usr/lib/ssh|g' -e 's|/etc/shosts.equiv|/etc/ssh/shosts.equiv|g' -e 's|/etc/ssh/ssh_host_key|/etc/ssh/ssh_host_key|g' -e 's|/etc/ssh/ssh_host_ecdsa_key|/etc/ssh/ssh_host_ecdsa_key|g' -e 's|/etc/ssh/ssh_host_rsa_key|/etc/ssh/ssh_host_rsa_key|g' -e 's|/etc/ssh/ssh_host_ed25519_key|/etc/ssh/ssh_host_ed25519_key|g' -e 's|/var/run/sshd.pid|/etc/ssh/sshd.pid|g' -e 's|/etc/moduli|/etc/ssh/moduli|g' -e 's|/etc/ssh/moduli|/etc/ssh/moduli|g' -e 's|/etc/ssh/sshrc|/etc/ssh/sshrc|g' -e 's|/usr/X11R6/bin/xauth|undefined|g' -e 's|/var/empty|/var/empty|g' -e 's|/usr/bin:/bin:/usr/sbin:/sbin|/usr/bin:/bin:/usr/sbin:/sbin|g' ${manpage} | /usr/bin/bash /c/ap13-dcb/openssh-msys-canonical-05/src/fixalgorithms /usr/bin/sed  | \
	    gawk -f /c/ap13-dcb/openssh-msys-canonical-05/src/mdoc2man.awk > ssh-keyscan.1.out; \
else \
	/usr/bin/sed -e 's|/etc/ssh/ssh_config|/etc/ssh/ssh_config|g' -e 's|/etc/ssh/ssh_known_hosts|/etc/ssh/ssh_known_hosts|g' -e 's|/etc/ssh/sshd_config|/etc/ssh/sshd_config|g' -e 's|/usr/libexec|/usr/lib/ssh|g' -e 's|/etc/shosts.equiv|/etc/ssh/shosts.equiv|g' -e 's|/etc/ssh/ssh_host_key|/etc/ssh/ssh_host_key|g' -e 's|/etc/ssh/ssh_host_ecdsa_key|/etc/ssh/ssh_host_ecdsa_key|g' -e 's|/etc/ssh/ssh_host_rsa_key|/etc/ssh/ssh_host_rsa_key|g' -e 's|/etc/ssh/ssh_host_ed25519_key|/etc/ssh/ssh_host_ed25519_key|g' -e 's|/var/run/sshd.pid|/etc/ssh/sshd.pid|g' -e 's|/etc/moduli|/etc/ssh/moduli|g' -e 's|/etc/ssh/moduli|/etc/ssh/moduli|g' -e 's|/etc/ssh/sshrc|/etc/ssh/sshrc|g' -e 's|/usr/X11R6/bin/xauth|undefined|g' -e 's|/var/empty|/var/empty|g' -e 's|/usr/bin:/bin:/usr/sbin:/sbin|/usr/bin:/bin:/usr/sbin:/sbin|g' ${manpage} | /usr/bin/bash /c/ap13-dcb/openssh-msys-canonical-05/src/fixalgorithms /usr/bin/sed  > ssh-keyscan.1.out; \
fi
if test "cat" = "cat"; then \
	manpage=/c/ap13-dcb/openssh-msys-canonical-05/src/`echo ssh.1.out | sed 's/\.[1-9]\.out$/\.0/'`; \
else \
	manpage=/c/ap13-dcb/openssh-msys-canonical-05/src/`echo ssh.1.out | sed 's/\.out$//'`; \
fi; \
if test "cat" = "man"; then \
	/usr/bin/sed -e 's|/etc/ssh/ssh_config|/etc/ssh/ssh_config|g' -e 's|/etc/ssh/ssh_known_hosts|/etc/ssh/ssh_known_hosts|g' -e 's|/etc/ssh/sshd_config|/etc/ssh/sshd_config|g' -e 's|/usr/libexec|/usr/lib/ssh|g' -e 's|/etc/shosts.equiv|/etc/ssh/shosts.equiv|g' -e 's|/etc/ssh/ssh_host_key|/etc/ssh/ssh_host_key|g' -e 's|/etc/ssh/ssh_host_ecdsa_key|/etc/ssh/ssh_host_ecdsa_key|g' -e 's|/etc/ssh/ssh_host_rsa_key|/etc/ssh/ssh_host_rsa_key|g' -e 's|/etc/ssh/ssh_host_ed25519_key|/etc/ssh/ssh_host_ed25519_key|g' -e 's|/var/run/sshd.pid|/etc/ssh/sshd.pid|g' -e 's|/etc/moduli|/etc/ssh/moduli|g' -e 's|/etc/ssh/moduli|/etc/ssh/moduli|g' -e 's|/etc/ssh/sshrc|/etc/ssh/sshrc|g' -e 's|/usr/X11R6/bin/xauth|undefined|g' -e 's|/var/empty|/var/empty|g' -e 's|/usr/bin:/bin:/usr/sbin:/sbin|/usr/bin:/bin:/usr/sbin:/sbin|g' ${manpage} | /usr/bin/bash /c/ap13-dcb/openssh-msys-canonical-05/src/fixalgorithms /usr/bin/sed  | \
	    gawk -f /c/ap13-dcb/openssh-msys-canonical-05/src/mdoc2man.awk > ssh.1.out; \
else \
	/usr/bin/sed -e 's|/etc/ssh/ssh_config|/etc/ssh/ssh_config|g' -e 's|/etc/ssh/ssh_known_hosts|/etc/ssh/ssh_known_hosts|g' -e 's|/etc/ssh/sshd_config|/etc/ssh/sshd_config|g' -e 's|/usr/libexec|/usr/lib/ssh|g' -e 's|/etc/shosts.equiv|/etc/ssh/shosts.equiv|g' -e 's|/etc/ssh/ssh_host_key|/etc/ssh/ssh_host_key|g' -e 's|/etc/ssh/ssh_host_ecdsa_key|/etc/ssh/ssh_host_ecdsa_key|g' -e 's|/etc/ssh/ssh_host_rsa_key|/etc/ssh/ssh_host_rsa_key|g' -e 's|/etc/ssh/ssh_host_ed25519_key|/etc/ssh/ssh_host_ed25519_key|g' -e 's|/var/run/sshd.pid|/etc/ssh/sshd.pid|g' -e 's|/etc/moduli|/etc/ssh/moduli|g' -e 's|/etc/ssh/moduli|/etc/ssh/moduli|g' -e 's|/etc/ssh/sshrc|/etc/ssh/sshrc|g' -e 's|/usr/X11R6/bin/xauth|undefined|g' -e 's|/var/empty|/var/empty|g' -e 's|/usr/bin:/bin:/usr/sbin:/sbin|/usr/bin:/bin:/usr/sbin:/sbin|g' ${manpage} | /usr/bin/bash /c/ap13-dcb/openssh-msys-canonical-05/src/fixalgorithms /usr/bin/sed  > ssh.1.out; \
fi
if test "cat" = "cat"; then \
	manpage=/c/ap13-dcb/openssh-msys-canonical-05/src/`echo sshd.8.out | sed 's/\.[1-9]\.out$/\.0/'`; \
else \
	manpage=/c/ap13-dcb/openssh-msys-canonical-05/src/`echo sshd.8.out | sed 's/\.out$//'`; \
fi; \
if test "cat" = "man"; then \
	/usr/bin/sed -e 's|/etc/ssh/ssh_config|/etc/ssh/ssh_config|g' -e 's|/etc/ssh/ssh_known_hosts|/etc/ssh/ssh_known_hosts|g' -e 's|/etc/ssh/sshd_config|/etc/ssh/sshd_config|g' -e 's|/usr/libexec|/usr/lib/ssh|g' -e 's|/etc/shosts.equiv|/etc/ssh/shosts.equiv|g' -e 's|/etc/ssh/ssh_host_key|/etc/ssh/ssh_host_key|g' -e 's|/etc/ssh/ssh_host_ecdsa_key|/etc/ssh/ssh_host_ecdsa_key|g' -e 's|/etc/ssh/ssh_host_rsa_key|/etc/ssh/ssh_host_rsa_key|g' -e 's|/etc/ssh/ssh_host_ed25519_key|/etc/ssh/ssh_host_ed25519_key|g' -e 's|/var/run/sshd.pid|/etc/ssh/sshd.pid|g' -e 's|/etc/moduli|/etc/ssh/moduli|g' -e 's|/etc/ssh/moduli|/etc/ssh/moduli|g' -e 's|/etc/ssh/sshrc|/etc/ssh/sshrc|g' -e 's|/usr/X11R6/bin/xauth|undefined|g' -e 's|/var/empty|/var/empty|g' -e 's|/usr/bin:/bin:/usr/sbin:/sbin|/usr/bin:/bin:/usr/sbin:/sbin|g' ${manpage} | /usr/bin/bash /c/ap13-dcb/openssh-msys-canonical-05/src/fixalgorithms /usr/bin/sed  | \
	    gawk -f /c/ap13-dcb/openssh-msys-canonical-05/src/mdoc2man.awk > sshd.8.out; \
else \
	/usr/bin/sed -e 's|/etc/ssh/ssh_config|/etc/ssh/ssh_config|g' -e 's|/etc/ssh/ssh_known_hosts|/etc/ssh/ssh_known_hosts|g' -e 's|/etc/ssh/sshd_config|/etc/ssh/sshd_config|g' -e 's|/usr/libexec|/usr/lib/ssh|g' -e 's|/etc/shosts.equiv|/etc/ssh/shosts.equiv|g' -e 's|/etc/ssh/ssh_host_key|/etc/ssh/ssh_host_key|g' -e 's|/etc/ssh/ssh_host_ecdsa_key|/etc/ssh/ssh_host_ecdsa_key|g' -e 's|/etc/ssh/ssh_host_rsa_key|/etc/ssh/ssh_host_rsa_key|g' -e 's|/etc/ssh/ssh_host_ed25519_key|/etc/ssh/ssh_host_ed25519_key|g' -e 's|/var/run/sshd.pid|/etc/ssh/sshd.pid|g' -e 's|/etc/moduli|/etc/ssh/moduli|g' -e 's|/etc/ssh/moduli|/etc/ssh/moduli|g' -e 's|/etc/ssh/sshrc|/etc/ssh/sshrc|g' -e 's|/usr/X11R6/bin/xauth|undefined|g' -e 's|/var/empty|/var/empty|g' -e 's|/usr/bin:/bin:/usr/sbin:/sbin|/usr/bin:/bin:/usr/sbin:/sbin|g' ${manpage} | /usr/bin/bash /c/ap13-dcb/openssh-msys-canonical-05/src/fixalgorithms /usr/bin/sed  > sshd.8.out; \
fi
if test "cat" = "cat"; then \
	manpage=/c/ap13-dcb/openssh-msys-canonical-05/src/`echo sftp-server.8.out | sed 's/\.[1-9]\.out$/\.0/'`; \
else \
	manpage=/c/ap13-dcb/openssh-msys-canonical-05/src/`echo sftp-server.8.out | sed 's/\.out$//'`; \
fi; \
if test "cat" = "man"; then \
	/usr/bin/sed -e 's|/etc/ssh/ssh_config|/etc/ssh/ssh_config|g' -e 's|/etc/ssh/ssh_known_hosts|/etc/ssh/ssh_known_hosts|g' -e 's|/etc/ssh/sshd_config|/etc/ssh/sshd_config|g' -e 's|/usr/libexec|/usr/lib/ssh|g' -e 's|/etc/shosts.equiv|/etc/ssh/shosts.equiv|g' -e 's|/etc/ssh/ssh_host_key|/etc/ssh/ssh_host_key|g' -e 's|/etc/ssh/ssh_host_ecdsa_key|/etc/ssh/ssh_host_ecdsa_key|g' -e 's|/etc/ssh/ssh_host_rsa_key|/etc/ssh/ssh_host_rsa_key|g' -e 's|/etc/ssh/ssh_host_ed25519_key|/etc/ssh/ssh_host_ed25519_key|g' -e 's|/var/run/sshd.pid|/etc/ssh/sshd.pid|g' -e 's|/etc/moduli|/etc/ssh/moduli|g' -e 's|/etc/ssh/moduli|/etc/ssh/moduli|g' -e 's|/etc/ssh/sshrc|/etc/ssh/sshrc|g' -e 's|/usr/X11R6/bin/xauth|undefined|g' -e 's|/var/empty|/var/empty|g' -e 's|/usr/bin:/bin:/usr/sbin:/sbin|/usr/bin:/bin:/usr/sbin:/sbin|g' ${manpage} | /usr/bin/bash /c/ap13-dcb/openssh-msys-canonical-05/src/fixalgorithms /usr/bin/sed  | \
	    gawk -f /c/ap13-dcb/openssh-msys-canonical-05/src/mdoc2man.awk > sftp-server.8.out; \
else \
	/usr/bin/sed -e 's|/etc/ssh/ssh_config|/etc/ssh/ssh_config|g' -e 's|/etc/ssh/ssh_known_hosts|/etc/ssh/ssh_known_hosts|g' -e 's|/etc/ssh/sshd_config|/etc/ssh/sshd_config|g' -e 's|/usr/libexec|/usr/lib/ssh|g' -e 's|/etc/shosts.equiv|/etc/ssh/shosts.equiv|g' -e 's|/etc/ssh/ssh_host_key|/etc/ssh/ssh_host_key|g' -e 's|/etc/ssh/ssh_host_ecdsa_key|/etc/ssh/ssh_host_ecdsa_key|g' -e 's|/etc/ssh/ssh_host_rsa_key|/etc/ssh/ssh_host_rsa_key|g' -e 's|/etc/ssh/ssh_host_ed25519_key|/etc/ssh/ssh_host_ed25519_key|g' -e 's|/var/run/sshd.pid|/etc/ssh/sshd.pid|g' -e 's|/etc/moduli|/etc/ssh/moduli|g' -e 's|/etc/ssh/moduli|/etc/ssh/moduli|g' -e 's|/etc/ssh/sshrc|/etc/ssh/sshrc|g' -e 's|/usr/X11R6/bin/xauth|undefined|g' -e 's|/var/empty|/var/empty|g' -e 's|/usr/bin:/bin:/usr/sbin:/sbin|/usr/bin:/bin:/usr/sbin:/sbin|g' ${manpage} | /usr/bin/bash /c/ap13-dcb/openssh-msys-canonical-05/src/fixalgorithms /usr/bin/sed  > sftp-server.8.out; \
fi
if test "cat" = "cat"; then \
	manpage=/c/ap13-dcb/openssh-msys-canonical-05/src/`echo sftp.1.out | sed 's/\.[1-9]\.out$/\.0/'`; \
else \
	manpage=/c/ap13-dcb/openssh-msys-canonical-05/src/`echo sftp.1.out | sed 's/\.out$//'`; \
fi; \
if test "cat" = "man"; then \
	/usr/bin/sed -e 's|/etc/ssh/ssh_config|/etc/ssh/ssh_config|g' -e 's|/etc/ssh/ssh_known_hosts|/etc/ssh/ssh_known_hosts|g' -e 's|/etc/ssh/sshd_config|/etc/ssh/sshd_config|g' -e 's|/usr/libexec|/usr/lib/ssh|g' -e 's|/etc/shosts.equiv|/etc/ssh/shosts.equiv|g' -e 's|/etc/ssh/ssh_host_key|/etc/ssh/ssh_host_key|g' -e 's|/etc/ssh/ssh_host_ecdsa_key|/etc/ssh/ssh_host_ecdsa_key|g' -e 's|/etc/ssh/ssh_host_rsa_key|/etc/ssh/ssh_host_rsa_key|g' -e 's|/etc/ssh/ssh_host_ed25519_key|/etc/ssh/ssh_host_ed25519_key|g' -e 's|/var/run/sshd.pid|/etc/ssh/sshd.pid|g' -e 's|/etc/moduli|/etc/ssh/moduli|g' -e 's|/etc/ssh/moduli|/etc/ssh/moduli|g' -e 's|/etc/ssh/sshrc|/etc/ssh/sshrc|g' -e 's|/usr/X11R6/bin/xauth|undefined|g' -e 's|/var/empty|/var/empty|g' -e 's|/usr/bin:/bin:/usr/sbin:/sbin|/usr/bin:/bin:/usr/sbin:/sbin|g' ${manpage} | /usr/bin/bash /c/ap13-dcb/openssh-msys-canonical-05/src/fixalgorithms /usr/bin/sed  | \
	    gawk -f /c/ap13-dcb/openssh-msys-canonical-05/src/mdoc2man.awk > sftp.1.out; \
else \
	/usr/bin/sed -e 's|/etc/ssh/ssh_config|/etc/ssh/ssh_config|g' -e 's|/etc/ssh/ssh_known_hosts|/etc/ssh/ssh_known_hosts|g' -e 's|/etc/ssh/sshd_config|/etc/ssh/sshd_config|g' -e 's|/usr/libexec|/usr/lib/ssh|g' -e 's|/etc/shosts.equiv|/etc/ssh/shosts.equiv|g' -e 's|/etc/ssh/ssh_host_key|/etc/ssh/ssh_host_key|g' -e 's|/etc/ssh/ssh_host_ecdsa_key|/etc/ssh/ssh_host_ecdsa_key|g' -e 's|/etc/ssh/ssh_host_rsa_key|/etc/ssh/ssh_host_rsa_key|g' -e 's|/etc/ssh/ssh_host_ed25519_key|/etc/ssh/ssh_host_ed25519_key|g' -e 's|/var/run/sshd.pid|/etc/ssh/sshd.pid|g' -e 's|/etc/moduli|/etc/ssh/moduli|g' -e 's|/etc/ssh/moduli|/etc/ssh/moduli|g' -e 's|/etc/ssh/sshrc|/etc/ssh/sshrc|g' -e 's|/usr/X11R6/bin/xauth|undefined|g' -e 's|/var/empty|/var/empty|g' -e 's|/usr/bin:/bin:/usr/sbin:/sbin|/usr/bin:/bin:/usr/sbin:/sbin|g' ${manpage} | /usr/bin/bash /c/ap13-dcb/openssh-msys-canonical-05/src/fixalgorithms /usr/bin/sed  > sftp.1.out; \
fi
if test "cat" = "cat"; then \
	manpage=/c/ap13-dcb/openssh-msys-canonical-05/src/`echo ssh-keysign.8.out | sed 's/\.[1-9]\.out$/\.0/'`; \
else \
	manpage=/c/ap13-dcb/openssh-msys-canonical-05/src/`echo ssh-keysign.8.out | sed 's/\.out$//'`; \
fi; \
if test "cat" = "man"; then \
	/usr/bin/sed -e 's|/etc/ssh/ssh_config|/etc/ssh/ssh_config|g' -e 's|/etc/ssh/ssh_known_hosts|/etc/ssh/ssh_known_hosts|g' -e 's|/etc/ssh/sshd_config|/etc/ssh/sshd_config|g' -e 's|/usr/libexec|/usr/lib/ssh|g' -e 's|/etc/shosts.equiv|/etc/ssh/shosts.equiv|g' -e 's|/etc/ssh/ssh_host_key|/etc/ssh/ssh_host_key|g' -e 's|/etc/ssh/ssh_host_ecdsa_key|/etc/ssh/ssh_host_ecdsa_key|g' -e 's|/etc/ssh/ssh_host_rsa_key|/etc/ssh/ssh_host_rsa_key|g' -e 's|/etc/ssh/ssh_host_ed25519_key|/etc/ssh/ssh_host_ed25519_key|g' -e 's|/var/run/sshd.pid|/etc/ssh/sshd.pid|g' -e 's|/etc/moduli|/etc/ssh/moduli|g' -e 's|/etc/ssh/moduli|/etc/ssh/moduli|g' -e 's|/etc/ssh/sshrc|/etc/ssh/sshrc|g' -e 's|/usr/X11R6/bin/xauth|undefined|g' -e 's|/var/empty|/var/empty|g' -e 's|/usr/bin:/bin:/usr/sbin:/sbin|/usr/bin:/bin:/usr/sbin:/sbin|g' ${manpage} | /usr/bin/bash /c/ap13-dcb/openssh-msys-canonical-05/src/fixalgorithms /usr/bin/sed  | \
	    gawk -f /c/ap13-dcb/openssh-msys-canonical-05/src/mdoc2man.awk > ssh-keysign.8.out; \
else \
	/usr/bin/sed -e 's|/etc/ssh/ssh_config|/etc/ssh/ssh_config|g' -e 's|/etc/ssh/ssh_known_hosts|/etc/ssh/ssh_known_hosts|g' -e 's|/etc/ssh/sshd_config|/etc/ssh/sshd_config|g' -e 's|/usr/libexec|/usr/lib/ssh|g' -e 's|/etc/shosts.equiv|/etc/ssh/shosts.equiv|g' -e 's|/etc/ssh/ssh_host_key|/etc/ssh/ssh_host_key|g' -e 's|/etc/ssh/ssh_host_ecdsa_key|/etc/ssh/ssh_host_ecdsa_key|g' -e 's|/etc/ssh/ssh_host_rsa_key|/etc/ssh/ssh_host_rsa_key|g' -e 's|/etc/ssh/ssh_host_ed25519_key|/etc/ssh/ssh_host_ed25519_key|g' -e 's|/var/run/sshd.pid|/etc/ssh/sshd.pid|g' -e 's|/etc/moduli|/etc/ssh/moduli|g' -e 's|/etc/ssh/moduli|/etc/ssh/moduli|g' -e 's|/etc/ssh/sshrc|/etc/ssh/sshrc|g' -e 's|/usr/X11R6/bin/xauth|undefined|g' -e 's|/var/empty|/var/empty|g' -e 's|/usr/bin:/bin:/usr/sbin:/sbin|/usr/bin:/bin:/usr/sbin:/sbin|g' ${manpage} | /usr/bin/bash /c/ap13-dcb/openssh-msys-canonical-05/src/fixalgorithms /usr/bin/sed  > ssh-keysign.8.out; \
fi
if test "cat" = "cat"; then \
	manpage=/c/ap13-dcb/openssh-msys-canonical-05/src/`echo ssh-pkcs11-helper.8.out | sed 's/\.[1-9]\.out$/\.0/'`; \
else \
	manpage=/c/ap13-dcb/openssh-msys-canonical-05/src/`echo ssh-pkcs11-helper.8.out | sed 's/\.out$//'`; \
fi; \
if test "cat" = "man"; then \
	/usr/bin/sed -e 's|/etc/ssh/ssh_config|/etc/ssh/ssh_config|g' -e 's|/etc/ssh/ssh_known_hosts|/etc/ssh/ssh_known_hosts|g' -e 's|/etc/ssh/sshd_config|/etc/ssh/sshd_config|g' -e 's|/usr/libexec|/usr/lib/ssh|g' -e 's|/etc/shosts.equiv|/etc/ssh/shosts.equiv|g' -e 's|/etc/ssh/ssh_host_key|/etc/ssh/ssh_host_key|g' -e 's|/etc/ssh/ssh_host_ecdsa_key|/etc/ssh/ssh_host_ecdsa_key|g' -e 's|/etc/ssh/ssh_host_rsa_key|/etc/ssh/ssh_host_rsa_key|g' -e 's|/etc/ssh/ssh_host_ed25519_key|/etc/ssh/ssh_host_ed25519_key|g' -e 's|/var/run/sshd.pid|/etc/ssh/sshd.pid|g' -e 's|/etc/moduli|/etc/ssh/moduli|g' -e 's|/etc/ssh/moduli|/etc/ssh/moduli|g' -e 's|/etc/ssh/sshrc|/etc/ssh/sshrc|g' -e 's|/usr/X11R6/bin/xauth|undefined|g' -e 's|/var/empty|/var/empty|g' -e 's|/usr/bin:/bin:/usr/sbin:/sbin|/usr/bin:/bin:/usr/sbin:/sbin|g' ${manpage} | /usr/bin/bash /c/ap13-dcb/openssh-msys-canonical-05/src/fixalgorithms /usr/bin/sed  | \
	    gawk -f /c/ap13-dcb/openssh-msys-canonical-05/src/mdoc2man.awk > ssh-pkcs11-helper.8.out; \
else \
	/usr/bin/sed -e 's|/etc/ssh/ssh_config|/etc/ssh/ssh_config|g' -e 's|/etc/ssh/ssh_known_hosts|/etc/ssh/ssh_known_hosts|g' -e 's|/etc/ssh/sshd_config|/etc/ssh/sshd_config|g' -e 's|/usr/libexec|/usr/lib/ssh|g' -e 's|/etc/shosts.equiv|/etc/ssh/shosts.equiv|g' -e 's|/etc/ssh/ssh_host_key|/etc/ssh/ssh_host_key|g' -e 's|/etc/ssh/ssh_host_ecdsa_key|/etc/ssh/ssh_host_ecdsa_key|g' -e 's|/etc/ssh/ssh_host_rsa_key|/etc/ssh/ssh_host_rsa_key|g' -e 's|/etc/ssh/ssh_host_ed25519_key|/etc/ssh/ssh_host_ed25519_key|g' -e 's|/var/run/sshd.pid|/etc/ssh/sshd.pid|g' -e 's|/etc/moduli|/etc/ssh/moduli|g' -e 's|/etc/ssh/moduli|/etc/ssh/moduli|g' -e 's|/etc/ssh/sshrc|/etc/ssh/sshrc|g' -e 's|/usr/X11R6/bin/xauth|undefined|g' -e 's|/var/empty|/var/empty|g' -e 's|/usr/bin:/bin:/usr/sbin:/sbin|/usr/bin:/bin:/usr/sbin:/sbin|g' ${manpage} | /usr/bin/bash /c/ap13-dcb/openssh-msys-canonical-05/src/fixalgorithms /usr/bin/sed  > ssh-pkcs11-helper.8.out; \
fi
if test "cat" = "cat"; then \
	manpage=/c/ap13-dcb/openssh-msys-canonical-05/src/`echo ssh-sk-helper.8.out | sed 's/\.[1-9]\.out$/\.0/'`; \
else \
	manpage=/c/ap13-dcb/openssh-msys-canonical-05/src/`echo ssh-sk-helper.8.out | sed 's/\.out$//'`; \
fi; \
if test "cat" = "man"; then \
	/usr/bin/sed -e 's|/etc/ssh/ssh_config|/etc/ssh/ssh_config|g' -e 's|/etc/ssh/ssh_known_hosts|/etc/ssh/ssh_known_hosts|g' -e 's|/etc/ssh/sshd_config|/etc/ssh/sshd_config|g' -e 's|/usr/libexec|/usr/lib/ssh|g' -e 's|/etc/shosts.equiv|/etc/ssh/shosts.equiv|g' -e 's|/etc/ssh/ssh_host_key|/etc/ssh/ssh_host_key|g' -e 's|/etc/ssh/ssh_host_ecdsa_key|/etc/ssh/ssh_host_ecdsa_key|g' -e 's|/etc/ssh/ssh_host_rsa_key|/etc/ssh/ssh_host_rsa_key|g' -e 's|/etc/ssh/ssh_host_ed25519_key|/etc/ssh/ssh_host_ed25519_key|g' -e 's|/var/run/sshd.pid|/etc/ssh/sshd.pid|g' -e 's|/etc/moduli|/etc/ssh/moduli|g' -e 's|/etc/ssh/moduli|/etc/ssh/moduli|g' -e 's|/etc/ssh/sshrc|/etc/ssh/sshrc|g' -e 's|/usr/X11R6/bin/xauth|undefined|g' -e 's|/var/empty|/var/empty|g' -e 's|/usr/bin:/bin:/usr/sbin:/sbin|/usr/bin:/bin:/usr/sbin:/sbin|g' ${manpage} | /usr/bin/bash /c/ap13-dcb/openssh-msys-canonical-05/src/fixalgorithms /usr/bin/sed  | \
	    gawk -f /c/ap13-dcb/openssh-msys-canonical-05/src/mdoc2man.awk > ssh-sk-helper.8.out; \
else \
	/usr/bin/sed -e 's|/etc/ssh/ssh_config|/etc/ssh/ssh_config|g' -e 's|/etc/ssh/ssh_known_hosts|/etc/ssh/ssh_known_hosts|g' -e 's|/etc/ssh/sshd_config|/etc/ssh/sshd_config|g' -e 's|/usr/libexec|/usr/lib/ssh|g' -e 's|/etc/shosts.equiv|/etc/ssh/shosts.equiv|g' -e 's|/etc/ssh/ssh_host_key|/etc/ssh/ssh_host_key|g' -e 's|/etc/ssh/ssh_host_ecdsa_key|/etc/ssh/ssh_host_ecdsa_key|g' -e 's|/etc/ssh/ssh_host_rsa_key|/etc/ssh/ssh_host_rsa_key|g' -e 's|/etc/ssh/ssh_host_ed25519_key|/etc/ssh/ssh_host_ed25519_key|g' -e 's|/var/run/sshd.pid|/etc/ssh/sshd.pid|g' -e 's|/etc/moduli|/etc/ssh/moduli|g' -e 's|/etc/ssh/moduli|/etc/ssh/moduli|g' -e 's|/etc/ssh/sshrc|/etc/ssh/sshrc|g' -e 's|/usr/X11R6/bin/xauth|undefined|g' -e 's|/var/empty|/var/empty|g' -e 's|/usr/bin:/bin:/usr/sbin:/sbin|/usr/bin:/bin:/usr/sbin:/sbin|g' ${manpage} | /usr/bin/bash /c/ap13-dcb/openssh-msys-canonical-05/src/fixalgorithms /usr/bin/sed  > ssh-sk-helper.8.out; \
fi
if test "cat" = "cat"; then \
	manpage=/c/ap13-dcb/openssh-msys-canonical-05/src/`echo sshd_config.5.out | sed 's/\.[1-9]\.out$/\.0/'`; \
else \
	manpage=/c/ap13-dcb/openssh-msys-canonical-05/src/`echo sshd_config.5.out | sed 's/\.out$//'`; \
fi; \
if test "cat" = "man"; then \
	/usr/bin/sed -e 's|/etc/ssh/ssh_config|/etc/ssh/ssh_config|g' -e 's|/etc/ssh/ssh_known_hosts|/etc/ssh/ssh_known_hosts|g' -e 's|/etc/ssh/sshd_config|/etc/ssh/sshd_config|g' -e 's|/usr/libexec|/usr/lib/ssh|g' -e 's|/etc/shosts.equiv|/etc/ssh/shosts.equiv|g' -e 's|/etc/ssh/ssh_host_key|/etc/ssh/ssh_host_key|g' -e 's|/etc/ssh/ssh_host_ecdsa_key|/etc/ssh/ssh_host_ecdsa_key|g' -e 's|/etc/ssh/ssh_host_rsa_key|/etc/ssh/ssh_host_rsa_key|g' -e 's|/etc/ssh/ssh_host_ed25519_key|/etc/ssh/ssh_host_ed25519_key|g' -e 's|/var/run/sshd.pid|/etc/ssh/sshd.pid|g' -e 's|/etc/moduli|/etc/ssh/moduli|g' -e 's|/etc/ssh/moduli|/etc/ssh/moduli|g' -e 's|/etc/ssh/sshrc|/etc/ssh/sshrc|g' -e 's|/usr/X11R6/bin/xauth|undefined|g' -e 's|/var/empty|/var/empty|g' -e 's|/usr/bin:/bin:/usr/sbin:/sbin|/usr/bin:/bin:/usr/sbin:/sbin|g' ${manpage} | /usr/bin/bash /c/ap13-dcb/openssh-msys-canonical-05/src/fixalgorithms /usr/bin/sed  | \
	    gawk -f /c/ap13-dcb/openssh-msys-canonical-05/src/mdoc2man.awk > sshd_config.5.out; \
else \
	/usr/bin/sed -e 's|/etc/ssh/ssh_config|/etc/ssh/ssh_config|g' -e 's|/etc/ssh/ssh_known_hosts|/etc/ssh/ssh_known_hosts|g' -e 's|/etc/ssh/sshd_config|/etc/ssh/sshd_config|g' -e 's|/usr/libexec|/usr/lib/ssh|g' -e 's|/etc/shosts.equiv|/etc/ssh/shosts.equiv|g' -e 's|/etc/ssh/ssh_host_key|/etc/ssh/ssh_host_key|g' -e 's|/etc/ssh/ssh_host_ecdsa_key|/etc/ssh/ssh_host_ecdsa_key|g' -e 's|/etc/ssh/ssh_host_rsa_key|/etc/ssh/ssh_host_rsa_key|g' -e 's|/etc/ssh/ssh_host_ed25519_key|/etc/ssh/ssh_host_ed25519_key|g' -e 's|/var/run/sshd.pid|/etc/ssh/sshd.pid|g' -e 's|/etc/moduli|/etc/ssh/moduli|g' -e 's|/etc/ssh/moduli|/etc/ssh/moduli|g' -e 's|/etc/ssh/sshrc|/etc/ssh/sshrc|g' -e 's|/usr/X11R6/bin/xauth|undefined|g' -e 's|/var/empty|/var/empty|g' -e 's|/usr/bin:/bin:/usr/sbin:/sbin|/usr/bin:/bin:/usr/sbin:/sbin|g' ${manpage} | /usr/bin/bash /c/ap13-dcb/openssh-msys-canonical-05/src/fixalgorithms /usr/bin/sed  > sshd_config.5.out; \
fi
if test "cat" = "cat"; then \
	manpage=/c/ap13-dcb/openssh-msys-canonical-05/src/`echo ssh_config.5.out | sed 's/\.[1-9]\.out$/\.0/'`; \
else \
	manpage=/c/ap13-dcb/openssh-msys-canonical-05/src/`echo ssh_config.5.out | sed 's/\.out$//'`; \
fi; \
if test "cat" = "man"; then \
	/usr/bin/sed -e 's|/etc/ssh/ssh_config|/etc/ssh/ssh_config|g' -e 's|/etc/ssh/ssh_known_hosts|/etc/ssh/ssh_known_hosts|g' -e 's|/etc/ssh/sshd_config|/etc/ssh/sshd_config|g' -e 's|/usr/libexec|/usr/lib/ssh|g' -e 's|/etc/shosts.equiv|/etc/ssh/shosts.equiv|g' -e 's|/etc/ssh/ssh_host_key|/etc/ssh/ssh_host_key|g' -e 's|/etc/ssh/ssh_host_ecdsa_key|/etc/ssh/ssh_host_ecdsa_key|g' -e 's|/etc/ssh/ssh_host_rsa_key|/etc/ssh/ssh_host_rsa_key|g' -e 's|/etc/ssh/ssh_host_ed25519_key|/etc/ssh/ssh_host_ed25519_key|g' -e 's|/var/run/sshd.pid|/etc/ssh/sshd.pid|g' -e 's|/etc/moduli|/etc/ssh/moduli|g' -e 's|/etc/ssh/moduli|/etc/ssh/moduli|g' -e 's|/etc/ssh/sshrc|/etc/ssh/sshrc|g' -e 's|/usr/X11R6/bin/xauth|undefined|g' -e 's|/var/empty|/var/empty|g' -e 's|/usr/bin:/bin:/usr/sbin:/sbin|/usr/bin:/bin:/usr/sbin:/sbin|g' ${manpage} | /usr/bin/bash /c/ap13-dcb/openssh-msys-canonical-05/src/fixalgorithms /usr/bin/sed  | \
	    gawk -f /c/ap13-dcb/openssh-msys-canonical-05/src/mdoc2man.awk > ssh_config.5.out; \
else \
	/usr/bin/sed -e 's|/etc/ssh/ssh_config|/etc/ssh/ssh_config|g' -e 's|/etc/ssh/ssh_known_hosts|/etc/ssh/ssh_known_hosts|g' -e 's|/etc/ssh/sshd_config|/etc/ssh/sshd_config|g' -e 's|/usr/libexec|/usr/lib/ssh|g' -e 's|/etc/shosts.equiv|/etc/ssh/shosts.equiv|g' -e 's|/etc/ssh/ssh_host_key|/etc/ssh/ssh_host_key|g' -e 's|/etc/ssh/ssh_host_ecdsa_key|/etc/ssh/ssh_host_ecdsa_key|g' -e 's|/etc/ssh/ssh_host_rsa_key|/etc/ssh/ssh_host_rsa_key|g' -e 's|/etc/ssh/ssh_host_ed25519_key|/etc/ssh/ssh_host_ed25519_key|g' -e 's|/var/run/sshd.pid|/etc/ssh/sshd.pid|g' -e 's|/etc/moduli|/etc/ssh/moduli|g' -e 's|/etc/ssh/moduli|/etc/ssh/moduli|g' -e 's|/etc/ssh/sshrc|/etc/ssh/sshrc|g' -e 's|/usr/X11R6/bin/xauth|undefined|g' -e 's|/var/empty|/var/empty|g' -e 's|/usr/bin:/bin:/usr/sbin:/sbin|/usr/bin:/bin:/usr/sbin:/sbin|g' ${manpage} | /usr/bin/bash /c/ap13-dcb/openssh-msys-canonical-05/src/fixalgorithms /usr/bin/sed  > ssh_config.5.out; \
fi
(cd openbsd-compat && make)
/c/Users/crutkasLocal/.copilot/repos/copilot-worktrees/msys2-woarm64-build/crutkas-didactic-waffle/.github/scripts/msys-openssh-release-gcc -g -O2 -pipe -Wno-error=format-truncation -Wall -Wextra -Wpointer-arith -Wuninitialized -Wsign-compare -Wformat-security -Wsizeof-pointer-memaccess -Wno-pointer-sign -Wno-unused-parameter -Wno-unused-result -Wimplicit-fallthrough -Wmisleading-indentation -fno-strict-aliasing -fno-builtin-memset -Wno-attributes   -I. -I/c/ap13-dcb/openssh-msys-canonical-05/src -I"/c/ap13-dcb/openssh-msys-canonical-05/build/openbsd-compat/include" -I/c/ap13-dcb/openssl-msys-canonical-02/openssl-release-sdk-01/include -I/c/Users/crutkasLocal/.copilot/session-state/f6ea7713-2cec-41d5-b3f9-b4373e60fa33/files/resume-20260907/zlib-msys-01/stage/usr/include -I/c/ap13-dcb/openssl-msys-canonical-02/openssl-release-sdk-01/include -I/c/Users/crutkasLocal/.copilot/session-state/f6ea7713-2cec-41d5-b3f9-b4373e60fa33/files/resume-20260907/zlib-msys-01/stage/usr/include -I/c/ag-e138920f/ssh-libxcrypt-msys-02/stage/usr/include -DSSHDIR=\"/etc/ssh\" -D_PATH_SSH_PROGRAM=\"/usr/bin/ssh\" -D_PATH_SSH_ASKPASS_DEFAULT=\"/usr/lib/ssh/ssh-askpass\" -D_PATH_SFTP_SERVER=\"/usr/lib/ssh/sftp-server\" -D_PATH_SSH_KEY_SIGN=\"/usr/lib/ssh/ssh-keysign\" -D_PATH_SSHD_SESSION=\"/usr/lib/ssh/sshd-session\" -D_PATH_SSHD_AUTH=\"/usr/lib/ssh/sshd-auth\" -D_PATH_SSH_PKCS11_HELPER=\"/usr/lib/ssh/ssh-pkcs11-helper\" -D_PATH_SSH_SK_HELPER=\"/usr/lib/ssh/ssh-sk-helper\" -D_PATH_SSH_PIDDIR=\"/etc/ssh\" -D_PATH_PRIVSEP_CHROOT_DIR=\"/var/empty\" -DHAVE_CONFIG_H -c /c/ap13-dcb/openssh-msys-canonical-05/src/ssh_api.c -o ssh_api.o
make[1]: Entering directory '/c/ap13-dcb/openssh-msys-canonical-05/build/openbsd-compat'
/c/Users/crutkasLocal/.copilot/repos/copilot-worktrees/msys2-woarm64-build/crutkas-didactic-waffle/.github/scripts/msys-openssh-release-gcc -g -O2 -pipe -Wno-error=format-truncation -Wall -Wextra -Wpointer-arith -Wuninitialized -Wsign-compare -Wformat-security -Wsizeof-pointer-memaccess -Wno-pointer-sign -Wno-unused-parameter -Wno-unused-result -Wimplicit-fallthrough -Wmisleading-indentation -fno-strict-aliasing -fno-builtin-memset -Wno-attributes   -fPIC -I. -I.. -I/c/ap13-dcb/openssh-msys-canonical-05/src/openbsd-compat -I/c/ap13-dcb/openssh-msys-canonical-05/src/openbsd-compat/.. -I"/c/ap13-dcb/openssh-msys-canonical-05/build/openbsd-compat/include" -I/c/ap13-dcb/openssl-msys-canonical-02/openssl-release-sdk-01/include -I/c/Users/crutkasLocal/.copilot/session-state/f6ea7713-2cec-41d5-b3f9-b4373e60fa33/files/resume-20260907/zlib-msys-01/stage/usr/include -I/c/ap13-dcb/openssl-msys-canonical-02/openssl-release-sdk-01/include -I/c/Users/crutkasLocal/.copilot/session-state/f6ea7713-2cec-41d5-b3f9-b4373e60fa33/files/resume-20260907/zlib-msys-01/stage/usr/include -I/c/ag-e138920f/ssh-libxcrypt-msys-02/stage/usr/include -DHAVE_CONFIG_H -c /c/ap13-dcb/openssh-msys-canonical-05/src/openbsd-compat/bsd-asprintf.c
/c/Users/crutkasLocal/.copilot/repos/copilot-worktrees/msys2-woarm64-build/crutkas-didactic-waffle/.github/scripts/msys-openssh-release-gcc -g -O2 -pipe -Wno-error=format-truncation -Wall -Wextra -Wpointer-arith -Wuninitialized -Wsign-compare -Wformat-security -Wsizeof-pointer-memaccess -Wno-pointer-sign -Wno-unused-parameter -Wno-unused-result -Wimplicit-fallthrough -Wmisleading-indentation -fno-strict-aliasing -fno-builtin-memset -Wno-attributes   -fPIC -I. -I.. -I/c/ap13-dcb/openssh-msys-canonical-05/src/openbsd-compat -I/c/ap13-dcb/openssh-msys-canonical-05/src/openbsd-compat/.. -I"/c/ap13-dcb/openssh-msys-canonical-05/build/openbsd-compat/include" -I/c/ap13-dcb/openssl-msys-canonical-02/openssl-release-sdk-01/include -I/c/Users/crutkasLocal/.copilot/session-state/f6ea7713-2cec-41d5-b3f9-b4373e60fa33/files/resume-20260907/zlib-msys-01/stage/usr/include -I/c/ap13-dcb/openssl-msys-canonical-02/openssl-release-sdk-01/include -I/c/Users/crutkasLocal/.copilot/session-state/f6ea7713-2cec-41d5-b3f9-b4373e60fa33/files/resume-20260907/zlib-msys-01/stage/usr/include -I/c/ag-e138920f/ssh-libxcrypt-msys-02/stage/usr/include -DHAVE_CONFIG_H -c /c/ap13-dcb/openssh-msys-canonical-05/src/openbsd-compat/bsd-closefrom.c
/c/Users/crutkasLocal/.copilot/repos/copilot-worktrees/msys2-woarm64-build/crutkas-didactic-waffle/.github/scripts/msys-openssh-release-gcc -g -O2 -pipe -Wno-error=format-truncation -Wall -Wextra -Wpointer-arith -Wuninitialized -Wsign-compare -Wformat-security -Wsizeof-pointer-memaccess -Wno-pointer-sign -Wno-unused-parameter -Wno-unused-result -Wimplicit-fallthrough -Wmisleading-indentation -fno-strict-aliasing -fno-builtin-memset -Wno-attributes   -fPIC -I. -I.. -I/c/ap13-dcb/openssh-msys-canonical-05/src/openbsd-compat -I/c/ap13-dcb/openssh-msys-canonical-05/src/openbsd-compat/.. -I"/c/ap13-dcb/openssh-msys-canonical-05/build/openbsd-compat/include" -I/c/ap13-dcb/openssl-msys-canonical-02/openssl-release-sdk-01/include -I/c/Users/crutkasLocal/.copilot/session-state/f6ea7713-2cec-41d5-b3f9-b4373e60fa33/files/resume-20260907/zlib-msys-01/stage/usr/include -I/c/ap13-dcb/openssl-msys-canonical-02/openssl-release-sdk-01/include -I/c/Users/crutkasLocal/.copilot/session-state/f6ea7713-2cec-41d5-b3f9-b4373e60fa33/files/resume-20260907/zlib-msys-01/stage/usr/include -I/c/ag-e138920f/ssh-libxcrypt-msys-02/stage/usr/include -DHAVE_CONFIG_H -c /c/ap13-dcb/openssh-msys-canonical-05/src/openbsd-compat/bsd-cygwin_util.c
/c/Users/crutkasLocal/.copilot/repos/copilot-worktrees/msys2-woarm64-build/crutkas-didactic-waffle/.github/scripts/msys-openssh-release-gcc -g -O2 -pipe -Wno-error=format-truncation -Wall -Wextra -Wpointer-arith -Wuninitialized -Wsign-compare -Wformat-security -Wsizeof-pointer-memaccess -Wno-pointer-sign -Wno-unused-parameter -Wno-unused-result -Wimplicit-fallthrough -Wmisleading-indentation -fno-strict-aliasing -fno-builtin-memset -Wno-attributes   -I. -I/c/ap13-dcb/openssh-msys-canonical-05/src -I"/c/ap13-dcb/openssh-msys-canonical-05/build/openbsd-compat/include" -I/c/ap13-dcb/openssl-msys-canonical-02/openssl-release-sdk-01/include -I/c/Users/crutkasLocal/.copilot/session-state/f6ea7713-2cec-41d5-b3f9-b4373e60fa33/files/resume-20260907/zlib-msys-01/stage/usr/include -I/c/ap13-dcb/openssl-msys-canonical-02/openssl-release-sdk-01/include -I/c/Users/crutkasLocal/.copilot/session-state/f6ea7713-2cec-41d5-b3f9-b4373e60fa33/files/resume-20260907/zlib-msys-01/stage/usr/include -I/c/ag-e138920f/ssh-libxcrypt-msys-02/stage/usr/include -DSSHDIR=\"/etc/ssh\" -D_PATH_SSH_PROGRAM=\"/usr/bin/ssh\" -D_PATH_SSH_ASKPASS_DEFAULT=\"/usr/lib/ssh/ssh-askpass\" -D_PATH_SFTP_SERVER=\"/usr/lib/ssh/sftp-server\" -D_PATH_SSH_KEY_SIGN=\"/usr/lib/ssh/ssh-keysign\" -D_PATH_SSHD_SESSION=\"/usr/lib/ssh/sshd-session\" -D_PATH_SSHD_AUTH=\"/usr/lib/ssh/sshd-auth\" -D_PATH_SSH_PKCS11_HELPER=\"/usr/lib/ssh/ssh-pkcs11-helper\" -D_PATH_SSH_SK_HELPER=\"/usr/lib/ssh/ssh-sk-helper\" -D_PATH_SSH_PIDDIR=\"/etc/ssh\" -D_PATH_PRIVSEP_CHROOT_DIR=\"/var/empty\" -DHAVE_CONFIG_H -c /c/ap13-dcb/openssh-msys-canonical-05/src/ssherr.c -o ssherr.o
/c/Users/crutkasLocal/.copilot/repos/copilot-worktrees/msys2-woarm64-build/crutkas-didactic-waffle/.github/scripts/msys-openssh-release-gcc -g -O2 -pipe -Wno-error=format-truncation -Wall -Wextra -Wpointer-arith -Wuninitialized -Wsign-compare -Wformat-security -Wsizeof-pointer-memaccess -Wno-pointer-sign -Wno-unused-parameter -Wno-unused-result -Wimplicit-fallthrough -Wmisleading-indentation -fno-strict-aliasing -fno-builtin-memset -Wno-attributes   -fPIC -I. -I.. -I/c/ap13-dcb/openssh-msys-canonical-05/src/openbsd-compat -I/c/ap13-dcb/openssh-msys-canonical-05/src/openbsd-compat/.. -I"/c/ap13-dcb/openssh-msys-canonical-05/build/openbsd-compat/include" -I/c/ap13-dcb/openssl-msys-canonical-02/openssl-release-sdk-01/include -I/c/Users/crutkasLocal/.copilot/session-state/f6ea7713-2cec-41d5-b3f9-b4373e60fa33/files/resume-20260907/zlib-msys-01/stage/usr/include -I/c/ap13-dcb/openssl-msys-canonical-02/openssl-release-sdk-01/include -I/c/Users/crutkasLocal/.copilot/session-state/f6ea7713-2cec-41d5-b3f9-b4373e60fa33/files/resume-20260907/zlib-msys-01/stage/usr/include -I/c/ag-e138920f/ssh-libxcrypt-msys-02/stage/usr/include -DHAVE_CONFIG_H -c /c/ap13-dcb/openssh-msys-canonical-05/src/openbsd-compat/bsd-err.c
/c/Users/crutkasLocal/.copilot/repos/copilot-worktrees/msys2-woarm64-build/crutkas-didactic-waffle/.github/scripts/msys-openssh-release-gcc -g -O2 -pipe -Wno-error=format-truncation -Wall -Wextra -Wpointer-arith -Wuninitialized -Wsign-compare -Wformat-security -Wsizeof-pointer-memaccess -Wno-pointer-sign -Wno-unused-parameter -Wno-unused-result -Wimplicit-fallthrough -Wmisleading-indentation -fno-strict-aliasing -fno-builtin-memset -Wno-attributes   -fPIC -I. -I.. -I/c/ap13-dcb/openssh-msys-canonical-05/src/openbsd-compat -I/c/ap13-dcb/openssh-msys-canonical-05/src/openbsd-compat/.. -I"/c/ap13-dcb/openssh-msys-canonical-05/build/openbsd-compat/include" -I/c/ap13-dcb/openssl-msys-canonical-02/openssl-release-sdk-01/include -I/c/Users/crutkasLocal/.copilot/session-state/f6ea7713-2cec-41d5-b3f9-b4373e60fa33/files/resume-20260907/zlib-msys-01/stage/usr/include -I/c/ap13-dcb/openssl-msys-canonical-02/openssl-release-sdk-01/include -I/c/Users/crutkasLocal/.copilot/session-state/f6ea7713-2cec-41d5-b3f9-b4373e60fa33/files/resume-20260907/zlib-msys-01/stage/usr/include -I/c/ag-e138920f/ssh-libxcrypt-msys-02/stage/usr/include -DHAVE_CONFIG_H -c /c/ap13-dcb/openssh-msys-canonical-05/src/openbsd-compat/bsd-flock.c
/c/Users/crutkasLocal/.copilot/repos/copilot-worktrees/msys2-woarm64-build/crutkas-didactic-waffle/.github/scripts/msys-openssh-release-gcc -g -O2 -pipe -Wno-error=format-truncation -Wall -Wextra -Wpointer-arith -Wuninitialized -Wsign-compare -Wformat-security -Wsizeof-pointer-memaccess -Wno-pointer-sign -Wno-unused-parameter -Wno-unused-result -Wimplicit-fallthrough -Wmisleading-indentation -fno-strict-aliasing -fno-builtin-memset -Wno-attributes   -fPIC -I. -I.. -I/c/ap13-dcb/openssh-msys-canonical-05/src/openbsd-compat -I/c/ap13-dcb/openssh-msys-canonical-05/src/openbsd-compat/.. -I"/c/ap13-dcb/openssh-msys-canonical-05/build/openbsd-compat/include" -I/c/ap13-dcb/openssl-msys-canonical-02/openssl-release-sdk-01/include -I/c/Users/crutkasLocal/.copilot/session-state/f6ea7713-2cec-41d5-b3f9-b4373e60fa33/files/resume-20260907/zlib-msys-01/stage/usr/include -I/c/ap13-dcb/openssl-msys-canonical-02/openssl-release-sdk-01/include -I/c/Users/crutkasLocal/.copilot/session-state/f6ea7713-2cec-41d5-b3f9-b4373e60fa33/files/resume-20260907/zlib-msys-01/stage/usr/include -I/c/ag-e138920f/ssh-libxcrypt-msys-02/stage/usr/include -DHAVE_CONFIG_H -c /c/ap13-dcb/openssh-msys-canonical-05/src/openbsd-compat/bsd-getentropy.c
/c/Users/crutkasLocal/.copilot/repos/copilot-worktrees/msys2-woarm64-build/crutkas-didactic-waffle/.github/scripts/msys-openssh-release-gcc -g -O2 -pipe -Wno-error=format-truncation -Wall -Wextra -Wpointer-arith -Wuninitialized -Wsign-compare -Wformat-security -Wsizeof-pointer-memaccess -Wno-pointer-sign -Wno-unused-parameter -Wno-unused-result -Wimplicit-fallthrough -Wmisleading-indentation -fno-strict-aliasing -fno-builtin-memset -Wno-attributes   -I. -I/c/ap13-dcb/openssh-msys-canonical-05/src -I"/c/ap13-dcb/openssh-msys-canonical-05/build/openbsd-compat/include" -I/c/ap13-dcb/openssl-msys-canonical-02/openssl-release-sdk-01/include -I/c/Users/crutkasLocal/.copilot/session-state/f6ea7713-2cec-41d5-b3f9-b4373e60fa33/files/resume-20260907/zlib-msys-01/stage/usr/include -I/c/ap13-dcb/openssl-msys-canonical-02/openssl-release-sdk-01/include -I/c/Users/crutkasLocal/.copilot/session-state/f6ea7713-2cec-41d5-b3f9-b4373e60fa33/files/resume-20260907/zlib-msys-01/stage/usr/include -I/c/ag-e138920f/ssh-libxcrypt-msys-02/stage/usr/include -DSSHDIR=\"/etc/ssh\" -D_PATH_SSH_PROGRAM=\"/usr/bin/ssh\" -D_PATH_SSH_ASKPASS_DEFAULT=\"/usr/lib/ssh/ssh-askpass\" -D_PATH_SFTP_SERVER=\"/usr/lib/ssh/sftp-server\" -D_PATH_SSH_KEY_SIGN=\"/usr/lib/ssh/ssh-keysign\" -D_PATH_SSHD_SESSION=\"/usr/lib/ssh/sshd-session\" -D_PATH_SSHD_AUTH=\"/usr/lib/ssh/sshd-auth\" -D_PATH_SSH_PKCS11_HELPER=\"/usr/lib/ssh/ssh-pkcs11-helper\" -D_PATH_SSH_SK_HELPER=\"/usr/lib/ssh/ssh-sk-helper\" -D_PATH_SSH_PIDDIR=\"/etc/ssh\" -D_PATH_PRIVSEP_CHROOT_DIR=\"/var/empty\" -DHAVE_CONFIG_H -c /c/ap13-dcb/openssh-msys-canonical-05/src/sshbuf.c -o sshbuf.o
/c/Users/crutkasLocal/.copilot/repos/copilot-worktrees/msys2-woarm64-build/crutkas-didactic-waffle/.github/scripts/msys-openssh-release-gcc -g -O2 -pipe -Wno-error=format-truncation -Wall -Wextra -Wpointer-arith -Wuninitialized -Wsign-compare -Wformat-security -Wsizeof-pointer-memaccess -Wno-pointer-sign -Wno-unused-parameter -Wno-unused-result -Wimplicit-fallthrough -Wmisleading-indentation -fno-strict-aliasing -fno-builtin-memset -Wno-attributes   -fPIC -I. -I.. -I/c/ap13-dcb/openssh-msys-canonical-05/src/openbsd-compat -I/c/ap13-dcb/openssh-msys-canonical-05/src/openbsd-compat/.. -I"/c/ap13-dcb/openssh-msys-canonical-05/build/openbsd-compat/include" -I/c/ap13-dcb/openssl-msys-canonical-02/openssl-release-sdk-01/include -I/c/Users/crutkasLocal/.copilot/session-state/f6ea7713-2cec-41d5-b3f9-b4373e60fa33/files/resume-20260907/zlib-msys-01/stage/usr/include -I/c/ap13-dcb/openssl-msys-canonical-02/openssl-release-sdk-01/include -I/c/Users/crutkasLocal/.copilot/session-state/f6ea7713-2cec-41d5-b3f9-b4373e60fa33/files/resume-20260907/zlib-msys-01/stage/usr/include -I/c/ag-e138920f/ssh-libxcrypt-msys-02/stage/usr/include -DHAVE_CONFIG_H -c /c/ap13-dcb/openssh-msys-canonical-05/src/openbsd-compat/bsd-getline.c
/c/Users/crutkasLocal/.copilot/repos/copilot-worktrees/msys2-woarm64-build/crutkas-didactic-waffle/.github/scripts/msys-openssh-release-gcc -g -O2 -pipe -Wno-error=format-truncation -Wall -Wextra -Wpointer-arith -Wuninitialized -Wsign-compare -Wformat-security -Wsizeof-pointer-memaccess -Wno-pointer-sign -Wno-unused-parameter -Wno-unused-result -Wimplicit-fallthrough -Wmisleading-indentation -fno-strict-aliasing -fno-builtin-memset -Wno-attributes   -fPIC -I. -I.. -I/c/ap13-dcb/openssh-msys-canonical-05/src/openbsd-compat -I/c/ap13-dcb/openssh-msys-canonical-05/src/openbsd-compat/.. -I"/c/ap13-dcb/openssh-msys-canonical-05/build/openbsd-compat/include" -I/c/ap13-dcb/openssl-msys-canonical-02/openssl-release-sdk-01/include -I/c/Users/crutkasLocal/.copilot/session-state/f6ea7713-2cec-41d5-b3f9-b4373e60fa33/files/resume-20260907/zlib-msys-01/stage/usr/include -I/c/ap13-dcb/openssl-msys-canonical-02/openssl-release-sdk-01/include -I/c/Users/crutkasLocal/.copilot/session-state/f6ea7713-2cec-41d5-b3f9-b4373e60fa33/files/resume-20260907/zlib-msys-01/stage/usr/include -I/c/ag-e138920f/ssh-libxcrypt-msys-02/stage/usr/include -DHAVE_CONFIG_H -c /c/ap13-dcb/openssh-msys-canonical-05/src/openbsd-compat/bsd-getpagesize.c
/c/Users/crutkasLocal/.copilot/repos/copilot-worktrees/msys2-woarm64-build/crutkas-didactic-waffle/.github/scripts/msys-openssh-release-gcc -g -O2 -pipe -Wno-error=format-truncation -Wall -Wextra -Wpointer-arith -Wuninitialized -Wsign-compare -Wformat-security -Wsizeof-pointer-memaccess -Wno-pointer-sign -Wno-unused-parameter -Wno-unused-result -Wimplicit-fallthrough -Wmisleading-indentation -fno-strict-aliasing -fno-builtin-memset -Wno-attributes   -fPIC -I. -I.. -I/c/ap13-dcb/openssh-msys-canonical-05/src/openbsd-compat -I/c/ap13-dcb/openssh-msys-canonical-05/src/openbsd-compat/.. -I"/c/ap13-dcb/openssh-msys-canonical-05/build/openbsd-compat/include" -I/c/ap13-dcb/openssl-msys-canonical-02/openssl-release-sdk-01/include -I/c/Users/crutkasLocal/.copilot/session-state/f6ea7713-2cec-41d5-b3f9-b4373e60fa33/files/resume-20260907/zlib-msys-01/stage/usr/include -I/c/ap13-dcb/openssl-msys-canonical-02/openssl-release-sdk-01/include -I/c/Users/crutkasLocal/.copilot/session-state/f6ea7713-2cec-41d5-b3f9-b4373e60fa33/files/resume-20260907/zlib-msys-01/stage/usr/include -I/c/ag-e138920f/ssh-libxcrypt-msys-02/stage/usr/include -DHAVE_CONFIG_H -c /c/ap13-dcb/openssh-msys-canonical-05/src/openbsd-compat/bsd-getpeereid.c
/c/Users/crutkasLocal/.copilot/repos/copilot-worktrees/msys2-woarm64-build/crutkas-didactic-waffle/.github/scripts/msys-openssh-release-gcc -g -O2 -pipe -Wno-error=format-truncation -Wall -Wextra -Wpointer-arith -Wuninitialized -Wsign-compare -Wformat-security -Wsizeof-pointer-memaccess -Wno-pointer-sign -Wno-unused-parameter -Wno-unused-result -Wimplicit-fallthrough -Wmisleading-indentation -fno-strict-aliasing -fno-builtin-memset -Wno-attributes   -I. -I/c/ap13-dcb/openssh-msys-canonical-05/src -I"/c/ap13-dcb/openssh-msys-canonical-05/build/openbsd-compat/include" -I/c/ap13-dcb/openssl-msys-canonical-02/openssl-release-sdk-01/include -I/c/Users/crutkasLocal/.copilot/session-state/f6ea7713-2cec-41d5-b3f9-b4373e60fa33/files/resume-20260907/zlib-msys-01/stage/usr/include -I/c/ap13-dcb/openssl-msys-canonical-02/openssl-release-sdk-01/include -I/c/Users/crutkasLocal/.copilot/session-state/f6ea7713-2cec-41d5-b3f9-b4373e60fa33/files/resume-20260907/zlib-msys-01/stage/usr/include -I/c/ag-e138920f/ssh-libxcrypt-msys-02/stage/usr/include -DSSHDIR=\"/etc/ssh\" -D_PATH_SSH_PROGRAM=\"/usr/bin/ssh\" -D_PATH_SSH_ASKPASS_DEFAULT=\"/usr/lib/ssh/ssh-askpass\" -D_PATH_SFTP_SERVER=\"/usr/lib/ssh/sftp-server\" -D_PATH_SSH_KEY_SIGN=\"/usr/lib/ssh/ssh-keysign\" -D_PATH_SSHD_SESSION=\"/usr/lib/ssh/sshd-session\" -D_PATH_SSHD_AUTH=\"/usr/lib/ssh/sshd-auth\" -D_PATH_SSH_PKCS11_HELPER=\"/usr/lib/ssh/ssh-pkcs11-helper\" -D_PATH_SSH_SK_HELPER=\"/usr/lib/ssh/ssh-sk-helper\" -D_PATH_SSH_PIDDIR=\"/etc/ssh\" -D_PATH_PRIVSEP_CHROOT_DIR=\"/var/empty\" -DHAVE_CONFIG_H -c /c/ap13-dcb/openssh-msys-canonical-05/src/sshkey.c -o sshkey.o
/c/Users/crutkasLocal/.copilot/repos/copilot-worktrees/msys2-woarm64-build/crutkas-didactic-waffle/.github/scripts/msys-openssh-release-gcc -g -O2 -pipe -Wno-error=format-truncation -Wall -Wextra -Wpointer-arith -Wuninitialized -Wsign-compare -Wformat-security -Wsizeof-pointer-memaccess -Wno-pointer-sign -Wno-unused-parameter -Wno-unused-result -Wimplicit-fallthrough -Wmisleading-indentation -fno-strict-aliasing -fno-builtin-memset -Wno-attributes   -fPIC -I. -I.. -I/c/ap13-dcb/openssh-msys-canonical-05/src/openbsd-compat -I/c/ap13-dcb/openssh-msys-canonical-05/src/openbsd-compat/.. -I"/c/ap13-dcb/openssh-msys-canonical-05/build/openbsd-compat/include" -I/c/ap13-dcb/openssl-msys-canonical-02/openssl-release-sdk-01/include -I/c/Users/crutkasLocal/.copilot/session-state/f6ea7713-2cec-41d5-b3f9-b4373e60fa33/files/resume-20260907/zlib-msys-01/stage/usr/include -I/c/ap13-dcb/openssl-msys-canonical-02/openssl-release-sdk-01/include -I/c/Users/crutkasLocal/.copilot/session-state/f6ea7713-2cec-41d5-b3f9-b4373e60fa33/files/resume-20260907/zlib-msys-01/stage/usr/include -I/c/ag-e138920f/ssh-libxcrypt-msys-02/stage/usr/include -DHAVE_CONFIG_H -c /c/ap13-dcb/openssh-msys-canonical-05/src/openbsd-compat/bsd-malloc.c
C:/ap13-dcb/openssh-msys-canonical-05/src/sshkey.c: In function 'sshkey_ecdsa_key_to_nid':
C:/ap13-dcb/openssh-msys-canonical-05/src/sshkey.c:1476:9: warning: 'EC_KEY_get0_group' is deprecated: Since OpenSSL 3.0 [-Wdeprecated-declarations]
 1476 |         if (k == NULL || (g = EC_KEY_get0_group(k)) == NULL)
      |         ^~
In file included from C:/ap13-dcb/openssl-msys-canonical-02/openssl-release-sdk-01/include/openssl/x509.h:35,
                 from C:/ap13-dcb/openssl-msys-canonical-02/openssl-release-sdk-01/include/openssl/pem.h:23,
                 from C:/ap13-dcb/openssh-msys-canonical-05/src/sshkey.c:38:
C:/ap13-dcb/openssl-msys-canonical-02/openssl-release-sdk-01/include/openssl/ec.h:1045:39: note: declared here
 1045 | OSSL_DEPRECATEDIN_3_0 const EC_GROUP *EC_KEY_get0_group(const EC_KEY *key);
      |                                       ^~~~~~~~~~~~~~~~~
C:/ap13-dcb/openssh-msys-canonical-05/src/sshkey.c: In function 'sshkey_ecdsa_pkey_to_nid':
C:/ap13-dcb/openssh-msys-canonical-05/src/sshkey.c:1486:9: warning: 'EVP_PKEY_get0_EC_KEY' is deprecated: Since OpenSSL 3.0 [-Wdeprecated-declarations]
 1486 |         return sshkey_ecdsa_key_to_nid(EVP_PKEY_get0_EC_KEY(pkey));
      |         ^~~~~~
In file included from C:/ap13-dcb/openssh-msys-canonical-05/src/sshkey.c:36:
C:/ap13-dcb/openssl-msys-canonical-02/openssl-release-sdk-01/include/openssl/evp.h:1431:25: note: declared here
 1431 | const struct ec_key_st *EVP_PKEY_get0_EC_KEY(const EVP_PKEY *pkey);
      |                         ^~~~~~~~~~~~~~~~~~~~
C:/ap13-dcb/openssh-msys-canonical-05/src/sshkey.c: In function 'sshkey_ec_validate_private':
C:/ap13-dcb/openssh-msys-canonical-05/src/sshkey.c:2749:9: warning: 'EC_KEY_get0_group' is deprecated: Since OpenSSL 3.0 [-Wdeprecated-declarations]
 2749 |         if (EC_GROUP_get_order(EC_KEY_get0_group(key), order, NULL) != 1) {
      |         ^~
C:/ap13-dcb/openssl-msys-canonical-02/openssl-release-sdk-01/include/openssl/ec.h:1045:39: note: declared here
 1045 | OSSL_DEPRECATEDIN_3_0 const EC_GROUP *EC_KEY_get0_group(const EC_KEY *key);
      |                                       ^~~~~~~~~~~~~~~~~
C:/ap13-dcb/openssh-msys-canonical-05/src/sshkey.c:2753:9: warning: 'EC_KEY_get0_private_key' is deprecated: Since OpenSSL 3.0 [-Wdeprecated-declarations]
 2753 |         if (BN_num_bits(EC_KEY_get0_private_key(key)) <=
      |         ^~
C:/ap13-dcb/openssl-msys-canonical-02/openssl-release-sdk-01/include/openssl/ec.h:1059:37: note: declared here
 1059 | OSSL_DEPRECATEDIN_3_0 const BIGNUM *EC_KEY_get0_private_key(const EC_KEY *key);
      |                                     ^~~~~~~~~~~~~~~~~~~~~~~
C:/ap13-dcb/openssh-msys-canonical-05/src/sshkey.c:2762:9: warning: 'EC_KEY_get0_private_key' is deprecated: Since OpenSSL 3.0 [-Wdeprecated-declarations]
 2762 |         if (BN_cmp(EC_KEY_get0_private_key(key), tmp) >= 0)
      |         ^~
C:/ap13-dcb/openssl-msys-canonical-02/openssl-release-sdk-01/include/openssl/ec.h:1059:37: note: declared here
 1059 | OSSL_DEPRECATEDIN_3_0 const BIGNUM *EC_KEY_get0_private_key(const EC_KEY *key);
      |                                     ^~~~~~~~~~~~~~~~~~~~~~~
C:/ap13-dcb/openssh-msys-canonical-05/src/sshkey.c: In function 'sshkey_dump_ec_key':
C:/ap13-dcb/openssh-msys-canonical-05/src/sshkey.c:2804:9: warning: 'EC_KEY_get0_group' is deprecated: Since OpenSSL 3.0 [-Wdeprecated-declarations]
 2804 |         sshkey_dump_ec_point(EC_KEY_get0_group(key),
      |         ^~~~~~~~~~~~~~~~~~~~
C:/ap13-dcb/openssl-msys-canonical-02/openssl-release-sdk-01/include/openssl/ec.h:1045:39: note: declared here
 1045 | OSSL_DEPRECATEDIN_3_0 const EC_GROUP *EC_KEY_get0_group(const EC_KEY *key);
      |                                       ^~~~~~~~~~~~~~~~~
C:/ap13-dcb/openssh-msys-canonical-05/src/sshkey.c:2805:13: warning: 'EC_KEY_get0_public_key' is deprecated: Since OpenSSL 3.0 [-Wdeprecated-declarations]
 2805 |             EC_KEY_get0_public_key(key));
      |             ^~~~~~~~~~~~~~~~~~~~~~
C:/ap13-dcb/openssl-msys-canonical-02/openssl-release-sdk-01/include/openssl/ec.h:1073:39: note: declared here
 1073 | OSSL_DEPRECATEDIN_3_0 const EC_POINT *EC_KEY_get0_public_key(const EC_KEY *key);
      |                                       ^~~~~~~~~~~~~~~~~~~~~~
C:/ap13-dcb/openssh-msys-canonical-05/src/sshkey.c:2807:9: warning: 'EC_KEY_get0_private_key' is deprecated: Since OpenSSL 3.0 [-Wdeprecated-declarations]
 2807 |         if ((exponent = EC_KEY_get0_private_key(key)) == NULL)
      |         ^~
C:/ap13-dcb/openssl-msys-canonical-02/openssl-release-sdk-01/include/openssl/ec.h:1059:37: note: declared here
 1059 | OSSL_DEPRECATEDIN_3_0 const BIGNUM *EC_KEY_get0_private_key(const EC_KEY *key);
      |                                     ^~~~~~~~~~~~~~~~~~~~~~~
C:/ap13-dcb/openssh-msys-canonical-05/src/sshkey.c:2810:17: warning: 'EC_KEY_get0_private_key' is deprecated: Since OpenSSL 3.0 [-Wdeprecated-declarations]
 2810 |                 BN_print_fp(stderr, EC_KEY_get0_private_key(key));
      |                 ^~~~~~~~~~~
C:/ap13-dcb/openssl-msys-canonical-02/openssl-release-sdk-01/include/openssl/ec.h:1059:37: note: declared here
 1059 | OSSL_DEPRECATEDIN_3_0 const BIGNUM *EC_KEY_get0_private_key(const EC_KEY *key);
      |                                     ^~~~~~~~~~~~~~~~~~~~~~~
C:/ap13-dcb/openssh-msys-canonical-05/src/sshkey.c: In function 'sshkey_private_to_blob_pem_pkcs8':
C:/ap13-dcb/openssh-msys-canonical-05/src/sshkey.c:3302:25: warning: 'PEM_write_bio_ECPrivateKey' is deprecated: Since OpenSSL 3.0 [-Wdeprecated-declarations]
 3302 |                         success = PEM_write_bio_ECPrivateKey(bio,
      |                         ^~~~~~~
C:/ap13-dcb/openssl-msys-canonical-02/openssl-release-sdk-01/include/openssl/pem.h:87:9: note: declared here
   87 |     int PEM_##writename##_##name(OUTTYPE *out, const type *x, \
      |         ^~~~
C:/ap13-dcb/openssl-msys-canonical-02/openssl-release-sdk-01/include/openssl/pem.h:301:10: note: in expansion of macro 'PEM_write_cb_fnsig'
  301 |     attr PEM_write_cb_fnsig(name, type, BIO, write_bio);
      |          ^~~~~~~~~~~~~~~~~~
C:/ap13-dcb/openssl-msys-canonical-02/openssl-release-sdk-01/include/openssl/pem.h:328:5: note: in expansion of macro 'DECLARE_PEM_write_cb_bio_attr'
  328 |     DECLARE_PEM_write_cb_bio_attr(attr, name, type) \
      |     ^~~~~~~~~~~~~~~~~~~~~~~~~~~~~
C:/ap13-dcb/openssl-msys-canonical-02/openssl-release-sdk-01/include/openssl/pem.h:366:5: note: in expansion of macro 'DECLARE_PEM_write_cb_attr'
  366 |     DECLARE_PEM_write_cb_attr(attr, name, type)
      |     ^~~~~~~~~~~~~~~~~~~~~~~~~
C:/ap13-dcb/openssl-msys-canonical-02/openssl-release-sdk-01/include/openssl/pem.h:472:1: note: in expansion of macro 'DECLARE_PEM_rw_cb_attr'
  472 | DECLARE_PEM_rw_cb_attr(OSSL_DEPRECATEDIN_3_0, ECPrivateKey, EC_KEY)
      | ^~~~~~~~~~~~~~~~~~~~~~
C:/ap13-dcb/openssh-msys-canonical-05/src/sshkey.c:3303:29: warning: 'EVP_PKEY_get0_EC_KEY' is deprecated: Since OpenSSL 3.0 [-Wdeprecated-declarations]
 3303 |                             EVP_PKEY_get0_EC_KEY(key->pkey),
      |                             ^~~~~~~~~~~~~~~~~~~~
C:/ap13-dcb/openssl-msys-canonical-02/openssl-release-sdk-01/include/openssl/evp.h:1431:25: note: declared here
 1431 | const struct ec_key_st *EVP_PKEY_get0_EC_KEY(const EVP_PKEY *pkey);
      |                         ^~~~~~~~~~~~~~~~~~~~
C:/ap13-dcb/openssh-msys-canonical-05/src/sshkey.c:3313:25: warning: 'PEM_write_bio_RSAPrivateKey' is deprecated: Since OpenSSL 3.0 [-Wdeprecated-declarations]
 3313 |                         success = PEM_write_bio_RSAPrivateKey(bio,
      |                         ^~~~~~~
C:/ap13-dcb/openssl-msys-canonical-02/openssl-release-sdk-01/include/openssl/pem.h:87:9: note: declared here
   87 |     int PEM_##writename##_##name(OUTTYPE *out, const type *x, \
      |         ^~~~
C:/ap13-dcb/openssl-msys-canonical-02/openssl-release-sdk-01/include/openssl/pem.h:301:10: note: in expansion of macro 'PEM_write_cb_fnsig'
  301 |     attr PEM_write_cb_fnsig(name, type, BIO, write_bio);
      |          ^~~~~~~~~~~~~~~~~~
C:/ap13-dcb/openssl-msys-canonical-02/openssl-release-sdk-01/include/openssl/pem.h:328:5: note: in expansion of macro 'DECLARE_PEM_write_cb_bio_attr'
  328 |     DECLARE_PEM_write_cb_bio_attr(attr, name, type) \
      |     ^~~~~~~~~~~~~~~~~~~~~~~~~~~~~
C:/ap13-dcb/openssl-msys-canonical-02/openssl-release-sdk-01/include/openssl/pem.h:366:5: note: in expansion of macro 'DECLARE_PEM_write_cb_attr'
  366 |     DECLARE_PEM_write_cb_attr(attr, name, type)
      |     ^~~~~~~~~~~~~~~~~~~~~~~~~
C:/ap13-dcb/openssl-msys-canonical-02/openssl-release-sdk-01/include/openssl/pem.h:457:1: note: in expansion of macro 'DECLARE_PEM_rw_cb_attr'
  457 | DECLARE_PEM_rw_cb_attr(OSSL_DEPRECATEDIN_3_0, RSAPrivateKey, RSA)
      | ^~~~~~~~~~~~~~~~~~~~~~
C:/ap13-dcb/openssh-msys-canonical-05/src/sshkey.c:3314:29: warning: 'EVP_PKEY_get0_RSA' is deprecated: Since OpenSSL 3.0 [-Wdeprecated-declarations]
 3314 |                             EVP_PKEY_get0_RSA(key->pkey),
      |                             ^~~~~~~~~~~~~~~~~
C:/ap13-dcb/openssl-msys-canonical-02/openssl-release-sdk-01/include/openssl/evp.h:1405:22: note: declared here
 1405 | const struct rsa_st *EVP_PKEY_get0_RSA(const EVP_PKEY *pkey);
      |                      ^~~~~~~~~~~~~~~~~
C:/ap13-dcb/openssh-msys-canonical-05/src/sshkey.c: In function 'sshkey_parse_private_pem_fileblob':
C:/ap13-dcb/openssh-msys-canonical-05/src/sshkey.c:3538:17: warning: 'EVP_PKEY_get1_RSA' is deprecated: Since OpenSSL 3.0 [-Wdeprecated-declarations]
 3538 |                 if ((rsa = EVP_PKEY_get1_RSA(pk)) == NULL) {
      |                 ^~
C:/ap13-dcb/openssl-msys-canonical-02/openssl-release-sdk-01/include/openssl/evp.h:1407:16: note: declared here
 1407 | struct rsa_st *EVP_PKEY_get1_RSA(EVP_PKEY *pkey);
      |                ^~~~~~~~~~~~~~~~~
C:/ap13-dcb/openssh-msys-canonical-05/src/sshkey.c:3546:17: warning: 'RSA_blinding_on' is deprecated: Since OpenSSL 3.0 [-Wdeprecated-declarations]
 3546 |                 if (RSA_blinding_on(rsa, NULL) != 1 ||
      |                 ^~
In file included from C:/ap13-dcb/openssl-msys-canonical-02/openssl-release-sdk-01/include/openssl/x509.h:38:
C:/ap13-dcb/openssl-msys-canonical-02/openssl-release-sdk-01/include/openssl/rsa.h:381:27: note: declared here
  381 | OSSL_DEPRECATEDIN_3_0 int RSA_blinding_on(RSA *rsa, BN_CTX *ctx);
      |                           ^~~~~~~~~~~~~~~
C:/ap13-dcb/openssh-msys-canonical-05/src/sshkey.c:3547:21: warning: 'EVP_PKEY_set1_RSA' is deprecated: Since OpenSSL 3.0 [-Wdeprecated-declarations]
 3547 |                     EVP_PKEY_set1_RSA(pk, rsa) != 1) {
      |                     ^~~~~~~~~~~~~~~~~
C:/ap13-dcb/openssl-msys-canonical-02/openssl-release-sdk-01/include/openssl/evp.h:1403:5: note: declared here
 1403 | int EVP_PKEY_set1_RSA(EVP_PKEY *pkey, struct rsa_st *key);
      |     ^~~~~~~~~~~~~~~~~
C:/ap13-dcb/openssh-msys-canonical-05/src/sshkey.c:3562:21: warning: 'EVP_PKEY_get1_EC_KEY' is deprecated: Since OpenSSL 3.0 [-Wdeprecated-declarations]
 3562 |                     (ecdsa = EVP_PKEY_get1_EC_KEY(pk)) == NULL) {
      |                     ^
C:/ap13-dcb/openssl-msys-canonical-02/openssl-release-sdk-01/include/openssl/evp.h:1433:19: note: declared here
 1433 | struct ec_key_st *EVP_PKEY_get1_EC_KEY(EVP_PKEY *pkey);
      |                   ^~~~~~~~~~~~~~~~~~~~
C:/ap13-dcb/openssh-msys-canonical-05/src/sshkey.c:3568:21: warning: 'EC_KEY_get0_group' is deprecated: Since OpenSSL 3.0 [-Wdeprecated-declarations]
 3568 |                     sshkey_ec_validate_public(EC_KEY_get0_group(ecdsa),
      |                     ^~~~~~~~~~~~~~~~~~~~~~~~~
C:/ap13-dcb/openssl-msys-canonical-02/openssl-release-sdk-01/include/openssl/ec.h:1045:39: note: declared here
 1045 | OSSL_DEPRECATEDIN_3_0 const EC_GROUP *EC_KEY_get0_group(const EC_KEY *key);
      |                                       ^~~~~~~~~~~~~~~~~
C:/ap13-dcb/openssh-msys-canonical-05/src/sshkey.c:3569:21: warning: 'EC_KEY_get0_public_key' is deprecated: Since OpenSSL 3.0 [-Wdeprecated-declarations]
 3569 |                     EC_KEY_get0_public_key(ecdsa)) != 0 ||
      |                     ^~~~~~~~~~~~~~~~~~~~~~
C:/ap13-dcb/openssl-msys-canonical-02/openssl-release-sdk-01/include/openssl/ec.h:1073:39: note: declared here
 1073 | OSSL_DEPRECATEDIN_3_0 const EC_POINT *EC_KEY_get0_public_key(const EC_KEY *key);
      |                                       ^~~~~~~~~~~~~~~~~~~~~~
C:/ap13-dcb/openssh-msys-canonical-05/src/sshkey.c:3629:9: warning: 'RSA_free' is deprecated: Since OpenSSL 3.0 [-Wdeprecated-declarations]
 3629 |         RSA_free(rsa);
      |         ^~~~~~~~
C:/ap13-dcb/openssl-msys-canonical-02/openssl-release-sdk-01/include/openssl/rsa.h:303:28: note: declared here
  303 | OSSL_DEPRECATEDIN_3_0 void RSA_free(RSA *r);
      |                            ^~~~~~~~
C:/ap13-dcb/openssh-msys-canonical-05/src/sshkey.c:3630:9: warning: 'EC_KEY_free' is deprecated: Since OpenSSL 3.0 [-Wdeprecated-declarations]
 3630 |         EC_KEY_free(ecdsa);
      |         ^~~~~~~~~~~
C:/ap13-dcb/openssl-msys-canonical-02/openssl-release-sdk-01/include/openssl/ec.h:1014:28: note: declared here
 1014 | OSSL_DEPRECATEDIN_3_0 void EC_KEY_free(EC_KEY *key);
      |                            ^~~~~~~~~~~
/c/Users/crutkasLocal/.copilot/repos/copilot-worktrees/msys2-woarm64-build/crutkas-didactic-waffle/.github/scripts/msys-openssh-release-gcc -g -O2 -pipe -Wno-error=format-truncation -Wall -Wextra -Wpointer-arith -Wuninitialized -Wsign-compare -Wformat-security -Wsizeof-pointer-memaccess -Wno-pointer-sign -Wno-unused-parameter -Wno-unused-result -Wimplicit-fallthrough -Wmisleading-indentation -fno-strict-aliasing -fno-builtin-memset -Wno-attributes   -fPIC -I. -I.. -I/c/ap13-dcb/openssh-msys-canonical-05/src/openbsd-compat -I/c/ap13-dcb/openssh-msys-canonical-05/src/openbsd-compat/.. -I"/c/ap13-dcb/openssh-msys-canonical-05/build/openbsd-compat/include" -I/c/ap13-dcb/openssl-msys-canonical-02/openssl-release-sdk-01/include -I/c/Users/crutkasLocal/.copilot/session-state/f6ea7713-2cec-41d5-b3f9-b4373e60fa33/files/resume-20260907/zlib-msys-01/stage/usr/include -I/c/ap13-dcb/openssl-msys-canonical-02/openssl-release-sdk-01/include -I/c/Users/crutkasLocal/.copilot/session-state/f6ea7713-2cec-41d5-b3f9-b4373e60fa33/files/resume-20260907/zlib-msys-01/stage/usr/include -I/c/ag-e138920f/ssh-libxcrypt-msys-02/stage/usr/include -DHAVE_CONFIG_H -c /c/ap13-dcb/openssh-msys-canonical-05/src/openbsd-compat/bsd-misc.c
/c/Users/crutkasLocal/.copilot/repos/copilot-worktrees/msys2-woarm64-build/crutkas-didactic-waffle/.github/scripts/msys-openssh-release-gcc -g -O2 -pipe -Wno-error=format-truncation -Wall -Wextra -Wpointer-arith -Wuninitialized -Wsign-compare -Wformat-security -Wsizeof-pointer-memaccess -Wno-pointer-sign -Wno-unused-parameter -Wno-unused-result -Wimplicit-fallthrough -Wmisleading-indentation -fno-strict-aliasing -fno-builtin-memset -Wno-attributes   -fPIC -I. -I.. -I/c/ap13-dcb/openssh-msys-canonical-05/src/openbsd-compat -I/c/ap13-dcb/openssh-msys-canonical-05/src/openbsd-compat/.. -I"/c/ap13-dcb/openssh-msys-canonical-05/build/openbsd-compat/include" -I/c/ap13-dcb/openssl-msys-canonical-02/openssl-release-sdk-01/include -I/c/Users/crutkasLocal/.copilot/session-state/f6ea7713-2cec-41d5-b3f9-b4373e60fa33/files/resume-20260907/zlib-msys-01/stage/usr/include -I/c/ap13-dcb/openssl-msys-canonical-02/openssl-release-sdk-01/include -I/c/Users/crutkasLocal/.copilot/session-state/f6ea7713-2cec-41d5-b3f9-b4373e60fa33/files/resume-20260907/zlib-msys-01/stage/usr/include -I/c/ag-e138920f/ssh-libxcrypt-msys-02/stage/usr/include -DHAVE_CONFIG_H -c /c/ap13-dcb/openssh-msys-canonical-05/src/openbsd-compat/bsd-nextstep.c
/c/Users/crutkasLocal/.copilot/repos/copilot-worktrees/msys2-woarm64-build/crutkas-didactic-waffle/.github/scripts/msys-openssh-release-gcc -g -O2 -pipe -Wno-error=format-truncation -Wall -Wextra -Wpointer-arith -Wuninitialized -Wsign-compare -Wformat-security -Wsizeof-pointer-memaccess -Wno-pointer-sign -Wno-unused-parameter -Wno-unused-result -Wimplicit-fallthrough -Wmisleading-indentation -fno-strict-aliasing -fno-builtin-memset -Wno-attributes   -fPIC -I. -I.. -I/c/ap13-dcb/openssh-msys-canonical-05/src/openbsd-compat -I/c/ap13-dcb/openssh-msys-canonical-05/src/openbsd-compat/.. -I"/c/ap13-dcb/openssh-msys-canonical-05/build/openbsd-compat/include" -I/c/ap13-dcb/openssl-msys-canonical-02/openssl-release-sdk-01/include -I/c/Users/crutkasLocal/.copilot/session-state/f6ea7713-2cec-41d5-b3f9-b4373e60fa33/files/resume-20260907/zlib-msys-01/stage/usr/include -I/c/ap13-dcb/openssl-msys-canonical-02/openssl-release-sdk-01/include -I/c/Users/crutkasLocal/.copilot/session-state/f6ea7713-2cec-41d5-b3f9-b4373e60fa33/files/resume-20260907/zlib-msys-01/stage/usr/include -I/c/ag-e138920f/ssh-libxcrypt-msys-02/stage/usr/include -DHAVE_CONFIG_H -c /c/ap13-dcb/openssh-msys-canonical-05/src/openbsd-compat/bsd-openpty.c
/c/Users/crutkasLocal/.copilot/repos/copilot-worktrees/msys2-woarm64-build/crutkas-didactic-waffle/.github/scripts/msys-openssh-release-gcc -g -O2 -pipe -Wno-error=format-truncation -Wall -Wextra -Wpointer-arith -Wuninitialized -Wsign-compare -Wformat-security -Wsizeof-pointer-memaccess -Wno-pointer-sign -Wno-unused-parameter -Wno-unused-result -Wimplicit-fallthrough -Wmisleading-indentation -fno-strict-aliasing -fno-builtin-memset -Wno-attributes   -I. -I/c/ap13-dcb/openssh-msys-canonical-05/src -I"/c/ap13-dcb/openssh-msys-canonical-05/build/openbsd-compat/include" -I/c/ap13-dcb/openssl-msys-canonical-02/openssl-release-sdk-01/include -I/c/Users/crutkasLocal/.copilot/session-state/f6ea7713-2cec-41d5-b3f9-b4373e60fa33/files/resume-20260907/zlib-msys-01/stage/usr/include -I/c/ap13-dcb/openssl-msys-canonical-02/openssl-release-sdk-01/include -I/c/Users/crutkasLocal/.copilot/session-state/f6ea7713-2cec-41d5-b3f9-b4373e60fa33/files/resume-20260907/zlib-msys-01/stage/usr/include -I/c/ag-e138920f/ssh-libxcrypt-msys-02/stage/usr/include -DSSHDIR=\"/etc/ssh\" -D_PATH_SSH_PROGRAM=\"/usr/bin/ssh\" -D_PATH_SSH_ASKPASS_DEFAULT=\"/usr/lib/ssh/ssh-askpass\" -D_PATH_SFTP_SERVER=\"/usr/lib/ssh/sftp-server\" -D_PATH_SSH_KEY_SIGN=\"/usr/lib/ssh/ssh-keysign\" -D_PATH_SSHD_SESSION=\"/usr/lib/ssh/sshd-session\" -D_PATH_SSHD_AUTH=\"/usr/lib/ssh/sshd-auth\" -D_PATH_SSH_PKCS11_HELPER=\"/usr/lib/ssh/ssh-pkcs11-helper\" -D_PATH_SSH_SK_HELPER=\"/usr/lib/ssh/ssh-sk-helper\" -D_PATH_SSH_PIDDIR=\"/etc/ssh\" -D_PATH_PRIVSEP_CHROOT_DIR=\"/var/empty\" -DHAVE_CONFIG_H -c /c/ap13-dcb/openssh-msys-canonical-05/src/sshbuf-getput-basic.c -o sshbuf-getput-basic.o
/c/Users/crutkasLocal/.copilot/repos/copilot-worktrees/msys2-woarm64-build/crutkas-didactic-waffle/.github/scripts/msys-openssh-release-gcc -g -O2 -pipe -Wno-error=format-truncation -Wall -Wextra -Wpointer-arith -Wuninitialized -Wsign-compare -Wformat-security -Wsizeof-pointer-memaccess -Wno-pointer-sign -Wno-unused-parameter -Wno-unused-result -Wimplicit-fallthrough -Wmisleading-indentation -fno-strict-aliasing -fno-builtin-memset -Wno-attributes   -fPIC -I. -I.. -I/c/ap13-dcb/openssh-msys-canonical-05/src/openbsd-compat -I/c/ap13-dcb/openssh-msys-canonical-05/src/openbsd-compat/.. -I"/c/ap13-dcb/openssh-msys-canonical-05/build/openbsd-compat/include" -I/c/ap13-dcb/openssl-msys-canonical-02/openssl-release-sdk-01/include -I/c/Users/crutkasLocal/.copilot/session-state/f6ea7713-2cec-41d5-b3f9-b4373e60fa33/files/resume-20260907/zlib-msys-01/stage/usr/include -I/c/ap13-dcb/openssl-msys-canonical-02/openssl-release-sdk-01/include -I/c/Users/crutkasLocal/.copilot/session-state/f6ea7713-2cec-41d5-b3f9-b4373e60fa33/files/resume-20260907/zlib-msys-01/stage/usr/include -I/c/ag-e138920f/ssh-libxcrypt-msys-02/stage/usr/include -DHAVE_CONFIG_H -c /c/ap13-dcb/openssh-msys-canonical-05/src/openbsd-compat/bsd-poll.c
/c/Users/crutkasLocal/.copilot/repos/copilot-worktrees/msys2-woarm64-build/crutkas-didactic-waffle/.github/scripts/msys-openssh-release-gcc -g -O2 -pipe -Wno-error=format-truncation -Wall -Wextra -Wpointer-arith -Wuninitialized -Wsign-compare -Wformat-security -Wsizeof-pointer-memaccess -Wno-pointer-sign -Wno-unused-parameter -Wno-unused-result -Wimplicit-fallthrough -Wmisleading-indentation -fno-strict-aliasing -fno-builtin-memset -Wno-attributes   -I. -I/c/ap13-dcb/openssh-msys-canonical-05/src -I"/c/ap13-dcb/openssh-msys-canonical-05/build/openbsd-compat/include" -I/c/ap13-dcb/openssl-msys-canonical-02/openssl-release-sdk-01/include -I/c/Users/crutkasLocal/.copilot/session-state/f6ea7713-2cec-41d5-b3f9-b4373e60fa33/files/resume-20260907/zlib-msys-01/stage/usr/include -I/c/ap13-dcb/openssl-msys-canonical-02/openssl-release-sdk-01/include -I/c/Users/crutkasLocal/.copilot/session-state/f6ea7713-2cec-41d5-b3f9-b4373e60fa33/files/resume-20260907/zlib-msys-01/stage/usr/include -I/c/ag-e138920f/ssh-libxcrypt-msys-02/stage/usr/include -DSSHDIR=\"/etc/ssh\" -D_PATH_SSH_PROGRAM=\"/usr/bin/ssh\" -D_PATH_SSH_ASKPASS_DEFAULT=\"/usr/lib/ssh/ssh-askpass\" -D_PATH_SFTP_SERVER=\"/usr/lib/ssh/sftp-server\" -D_PATH_SSH_KEY_SIGN=\"/usr/lib/ssh/ssh-keysign\" -D_PATH_SSHD_SESSION=\"/usr/lib/ssh/sshd-session\" -D_PATH_SSHD_AUTH=\"/usr/lib/ssh/sshd-auth\" -D_PATH_SSH_PKCS11_HELPER=\"/usr/lib/ssh/ssh-pkcs11-helper\" -D_PATH_SSH_SK_HELPER=\"/usr/lib/ssh/ssh-sk-helper\" -D_PATH_SSH_PIDDIR=\"/etc/ssh\" -D_PATH_PRIVSEP_CHROOT_DIR=\"/var/empty\" -DHAVE_CONFIG_H -c /c/ap13-dcb/openssh-msys-canonical-05/src/sshbuf-misc.c -o sshbuf-misc.o
/c/Users/crutkasLocal/.copilot/repos/copilot-worktrees/msys2-woarm64-build/crutkas-didactic-waffle/.github/scripts/msys-openssh-release-gcc -g -O2 -pipe -Wno-error=format-truncation -Wall -Wextra -Wpointer-arith -Wuninitialized -Wsign-compare -Wformat-security -Wsizeof-pointer-memaccess -Wno-pointer-sign -Wno-unused-parameter -Wno-unused-result -Wimplicit-fallthrough -Wmisleading-indentation -fno-strict-aliasing -fno-builtin-memset -Wno-attributes   -fPIC -I. -I.. -I/c/ap13-dcb/openssh-msys-canonical-05/src/openbsd-compat -I/c/ap13-dcb/openssh-msys-canonical-05/src/openbsd-compat/.. -I"/c/ap13-dcb/openssh-msys-canonical-05/build/openbsd-compat/include" -I/c/ap13-dcb/openssl-msys-canonical-02/openssl-release-sdk-01/include -I/c/Users/crutkasLocal/.copilot/session-state/f6ea7713-2cec-41d5-b3f9-b4373e60fa33/files/resume-20260907/zlib-msys-01/stage/usr/include -I/c/ap13-dcb/openssl-msys-canonical-02/openssl-release-sdk-01/include -I/c/Users/crutkasLocal/.copilot/session-state/f6ea7713-2cec-41d5-b3f9-b4373e60fa33/files/resume-20260907/zlib-msys-01/stage/usr/include -I/c/ag-e138920f/ssh-libxcrypt-msys-02/stage/usr/include -DHAVE_CONFIG_H -c /c/ap13-dcb/openssh-msys-canonical-05/src/openbsd-compat/bsd-pselect.c
/c/Users/crutkasLocal/.copilot/repos/copilot-worktrees/msys2-woarm64-build/crutkas-didactic-waffle/.github/scripts/msys-openssh-release-gcc -g -O2 -pipe -Wno-error=format-truncation -Wall -Wextra -Wpointer-arith -Wuninitialized -Wsign-compare -Wformat-security -Wsizeof-pointer-memaccess -Wno-pointer-sign -Wno-unused-parameter -Wno-unused-result -Wimplicit-fallthrough -Wmisleading-indentation -fno-strict-aliasing -fno-builtin-memset -Wno-attributes   -I. -I/c/ap13-dcb/openssh-msys-canonical-05/src -I"/c/ap13-dcb/openssh-msys-canonical-05/build/openbsd-compat/include" -I/c/ap13-dcb/openssl-msys-canonical-02/openssl-release-sdk-01/include -I/c/Users/crutkasLocal/.copilot/session-state/f6ea7713-2cec-41d5-b3f9-b4373e60fa33/files/resume-20260907/zlib-msys-01/stage/usr/include -I/c/ap13-dcb/openssl-msys-canonical-02/openssl-release-sdk-01/include -I/c/Users/crutkasLocal/.copilot/session-state/f6ea7713-2cec-41d5-b3f9-b4373e60fa33/files/resume-20260907/zlib-msys-01/stage/usr/include -I/c/ag-e138920f/ssh-libxcrypt-msys-02/stage/usr/include -DSSHDIR=\"/etc/ssh\" -D_PATH_SSH_PROGRAM=\"/usr/bin/ssh\" -D_PATH_SSH_ASKPASS_DEFAULT=\"/usr/lib/ssh/ssh-askpass\" -D_PATH_SFTP_SERVER=\"/usr/lib/ssh/sftp-server\" -D_PATH_SSH_KEY_SIGN=\"/usr/lib/ssh/ssh-keysign\" -D_PATH_SSHD_SESSION=\"/usr/lib/ssh/sshd-session\" -D_PATH_SSHD_AUTH=\"/usr/lib/ssh/sshd-auth\" -D_PATH_SSH_PKCS11_HELPER=\"/usr/lib/ssh/ssh-pkcs11-helper\" -D_PATH_SSH_SK_HELPER=\"/usr/lib/ssh/ssh-sk-helper\" -D_PATH_SSH_PIDDIR=\"/etc/ssh\" -D_PATH_PRIVSEP_CHROOT_DIR=\"/var/empty\" -DHAVE_CONFIG_H -c /c/ap13-dcb/openssh-msys-canonical-05/src/sshbuf-getput-crypto.c -o sshbuf-getput-crypto.o
/c/Users/crutkasLocal/.copilot/repos/copilot-worktrees/msys2-woarm64-build/crutkas-didactic-waffle/.github/scripts/msys-openssh-release-gcc -g -O2 -pipe -Wno-error=format-truncation -Wall -Wextra -Wpointer-arith -Wuninitialized -Wsign-compare -Wformat-security -Wsizeof-pointer-memaccess -Wno-pointer-sign -Wno-unused-parameter -Wno-unused-result -Wimplicit-fallthrough -Wmisleading-indentation -fno-strict-aliasing -fno-builtin-memset -Wno-attributes   -fPIC -I. -I.. -I/c/ap13-dcb/openssh-msys-canonical-05/src/openbsd-compat -I/c/ap13-dcb/openssh-msys-canonical-05/src/openbsd-compat/.. -I"/c/ap13-dcb/openssh-msys-canonical-05/build/openbsd-compat/include" -I/c/ap13-dcb/openssl-msys-canonical-02/openssl-release-sdk-01/include -I/c/Users/crutkasLocal/.copilot/session-state/f6ea7713-2cec-41d5-b3f9-b4373e60fa33/files/resume-20260907/zlib-msys-01/stage/usr/include -I/c/ap13-dcb/openssl-msys-canonical-02/openssl-release-sdk-01/include -I/c/Users/crutkasLocal/.copilot/session-state/f6ea7713-2cec-41d5-b3f9-b4373e60fa33/files/resume-20260907/zlib-msys-01/stage/usr/include -I/c/ag-e138920f/ssh-libxcrypt-msys-02/stage/usr/include -DHAVE_CONFIG_H -c /c/ap13-dcb/openssh-msys-canonical-05/src/openbsd-compat/bsd-setres_id.c
C:/ap13-dcb/openssh-msys-canonical-05/src/sshbuf-getput-crypto.c: In function 'sshbuf_get_eckey':
C:/ap13-dcb/openssh-msys-canonical-05/src/sshbuf-getput-crypto.c:94:9: warning: 'EC_KEY_get0_group' is deprecated: Since OpenSSL 3.0 [-Wdeprecated-declarations]
   94 |         EC_POINT *pt = EC_POINT_new(EC_KEY_get0_group(v));
      |         ^~~~~~~~
In file included from C:/ap13-dcb/openssh-msys-canonical-05/src/sshbuf-getput-crypto.c:27:
C:/ap13-dcb/openssl-msys-canonical-02/openssl-release-sdk-01/include/openssl/ec.h:1045:39: note: declared here
 1045 | OSSL_DEPRECATEDIN_3_0 const EC_GROUP *EC_KEY_get0_group(const EC_KEY *key);
      |                                       ^~~~~~~~~~~~~~~~~
C:/ap13-dcb/openssh-msys-canonical-05/src/sshbuf-getput-crypto.c:107:9: warning: 'EC_KEY_get0_group' is deprecated: Since OpenSSL 3.0 [-Wdeprecated-declarations]
  107 |         if ((r = get_ec(d, len, pt, EC_KEY_get0_group(v))) != 0) {
      |         ^~
C:/ap13-dcb/openssl-msys-canonical-02/openssl-release-sdk-01/include/openssl/ec.h:1045:39: note: declared here
 1045 | OSSL_DEPRECATEDIN_3_0 const EC_GROUP *EC_KEY_get0_group(const EC_KEY *key);
      |                                       ^~~~~~~~~~~~~~~~~
C:/ap13-dcb/openssh-msys-canonical-05/src/sshbuf-getput-crypto.c:111:9: warning: 'EC_KEY_set_public_key' is deprecated: Since OpenSSL 3.0 [-Wdeprecated-declarations]
  111 |         if (EC_KEY_set_public_key(v, pt) != 1) {
      |         ^~
C:/ap13-dcb/openssl-msys-canonical-02/openssl-release-sdk-01/include/openssl/ec.h:1081:27: note: declared here
 1081 | OSSL_DEPRECATEDIN_3_0 int EC_KEY_set_public_key(EC_KEY *key, const EC_POINT *pub);
      |                           ^~~~~~~~~~~~~~~~~~~~~
C:/ap13-dcb/openssh-msys-canonical-05/src/sshbuf-getput-crypto.c: In function 'sshbuf_put_eckey':
C:/ap13-dcb/openssh-msys-canonical-05/src/sshbuf-getput-crypto.c:171:9: warning: 'EC_KEY_get0_public_key' is deprecated: Since OpenSSL 3.0 [-Wdeprecated-declarations]
  171 |         return sshbuf_put_ec(buf, EC_KEY_get0_public_key(v),
      |         ^~~~~~
C:/ap13-dcb/openssl-msys-canonical-02/openssl-release-sdk-01/include/openssl/ec.h:1073:39: note: declared here
 1073 | OSSL_DEPRECATEDIN_3_0 const EC_POINT *EC_KEY_get0_public_key(const EC_KEY *key);
      |                                       ^~~~~~~~~~~~~~~~~~~~~~
C:/ap13-dcb/openssh-msys-canonical-05/src/sshbuf-getput-crypto.c:172:13: warning: 'EC_KEY_get0_group' is deprecated: Since OpenSSL 3.0 [-Wdeprecated-declarations]
  172 |             EC_KEY_get0_group(v));
      |             ^~~~~~~~~~~~~~~~~
C:/ap13-dcb/openssl-msys-canonical-02/openssl-release-sdk-01/include/openssl/ec.h:1045:39: note: declared here
 1045 | OSSL_DEPRECATEDIN_3_0 const EC_GROUP *EC_KEY_get0_group(const EC_KEY *key);
      |                                       ^~~~~~~~~~~~~~~~~
C:/ap13-dcb/openssh-msys-canonical-05/src/sshbuf-getput-crypto.c: In function 'sshbuf_put_ec_pkey':
C:/ap13-dcb/openssh-msys-canonical-05/src/sshbuf-getput-crypto.c:180:9: warning: 'EVP_PKEY_get0_EC_KEY' is deprecated: Since OpenSSL 3.0 [-Wdeprecated-declarations]
  180 |         if ((ec = EVP_PKEY_get0_EC_KEY(pkey)) == NULL)
      |         ^~
In file included from C:/ap13-dcb/openssh-msys-canonical-05/src/sshbuf.h:30,
                 from C:/ap13-dcb/openssh-msys-canonical-05/src/sshbuf-getput-crypto.c:31:
C:/ap13-dcb/openssl-msys-canonical-02/openssl-release-sdk-01/include/openssl/evp.h:1431:25: note: declared here
 1431 | const struct ec_key_st *EVP_PKEY_get0_EC_KEY(const EVP_PKEY *pkey);
      |                         ^~~~~~~~~~~~~~~~~~~~
/c/Users/crutkasLocal/.copilot/repos/copilot-worktrees/msys2-woarm64-build/crutkas-didactic-waffle/.github/scripts/msys-openssh-release-gcc -g -O2 -pipe -Wno-error=format-truncation -Wall -Wextra -Wpointer-arith -Wuninitialized -Wsign-compare -Wformat-security -Wsizeof-pointer-memaccess -Wno-pointer-sign -Wno-unused-parameter -Wno-unused-result -Wimplicit-fallthrough -Wmisleading-indentation -fno-strict-aliasing -fno-builtin-memset -Wno-attributes   -fPIC -I. -I.. -I/c/ap13-dcb/openssh-msys-canonical-05/src/openbsd-compat -I/c/ap13-dcb/openssh-msys-canonical-05/src/openbsd-compat/.. -I"/c/ap13-dcb/openssh-msys-canonical-05/build/openbsd-compat/include" -I/c/ap13-dcb/openssl-msys-canonical-02/openssl-release-sdk-01/include -I/c/Users/crutkasLocal/.copilot/session-state/f6ea7713-2cec-41d5-b3f9-b4373e60fa33/files/resume-20260907/zlib-msys-01/stage/usr/include -I/c/ap13-dcb/openssl-msys-canonical-02/openssl-release-sdk-01/include -I/c/Users/crutkasLocal/.copilot/session-state/f6ea7713-2cec-41d5-b3f9-b4373e60fa33/files/resume-20260907/zlib-msys-01/stage/usr/include -I/c/ag-e138920f/ssh-libxcrypt-msys-02/stage/usr/include -DHAVE_CONFIG_H -c /c/ap13-dcb/openssh-msys-canonical-05/src/openbsd-compat/bsd-signal.c
/c/Users/crutkasLocal/.copilot/repos/copilot-worktrees/msys2-woarm64-build/crutkas-didactic-waffle/.github/scripts/msys-openssh-release-gcc -g -O2 -pipe -Wno-error=format-truncation -Wall -Wextra -Wpointer-arith -Wuninitialized -Wsign-compare -Wformat-security -Wsizeof-pointer-memaccess -Wno-pointer-sign -Wno-unused-parameter -Wno-unused-result -Wimplicit-fallthrough -Wmisleading-indentation -fno-strict-aliasing -fno-builtin-memset -Wno-attributes   -I. -I/c/ap13-dcb/openssh-msys-canonical-05/src -I"/c/ap13-dcb/openssh-msys-canonical-05/build/openbsd-compat/include" -I/c/ap13-dcb/openssl-msys-canonical-02/openssl-release-sdk-01/include -I/c/Users/crutkasLocal/.copilot/session-state/f6ea7713-2cec-41d5-b3f9-b4373e60fa33/files/resume-20260907/zlib-msys-01/stage/usr/include -I/c/ap13-dcb/openssl-msys-canonical-02/openssl-release-sdk-01/include -I/c/Users/crutkasLocal/.copilot/session-state/f6ea7713-2cec-41d5-b3f9-b4373e60fa33/files/resume-20260907/zlib-msys-01/stage/usr/include -I/c/ag-e138920f/ssh-libxcrypt-msys-02/stage/usr/include -DSSHDIR=\"/etc/ssh\" -D_PATH_SSH_PROGRAM=\"/usr/bin/ssh\" -D_PATH_SSH_ASKPASS_DEFAULT=\"/usr/lib/ssh/ssh-askpass\" -D_PATH_SFTP_SERVER=\"/usr/lib/ssh/sftp-server\" -D_PATH_SSH_KEY_SIGN=\"/usr/lib/ssh/ssh-keysign\" -D_PATH_SSHD_SESSION=\"/usr/lib/ssh/sshd-session\" -D_PATH_SSHD_AUTH=\"/usr/lib/ssh/sshd-auth\" -D_PATH_SSH_PKCS11_HELPER=\"/usr/lib/ssh/ssh-pkcs11-helper\" -D_PATH_SSH_SK_HELPER=\"/usr/lib/ssh/ssh-sk-helper\" -D_PATH_SSH_PIDDIR=\"/etc/ssh\" -D_PATH_PRIVSEP_CHROOT_DIR=\"/var/empty\" -DHAVE_CONFIG_H -c /c/ap13-dcb/openssh-msys-canonical-05/src/krl.c -o krl.o
/c/Users/crutkasLocal/.copilot/repos/copilot-worktrees/msys2-woarm64-build/crutkas-didactic-waffle/.github/scripts/msys-openssh-release-gcc -g -O2 -pipe -Wno-error=format-truncation -Wall -Wextra -Wpointer-arith -Wuninitialized -Wsign-compare -Wformat-security -Wsizeof-pointer-memaccess -Wno-pointer-sign -Wno-unused-parameter -Wno-unused-result -Wimplicit-fallthrough -Wmisleading-indentation -fno-strict-aliasing -fno-builtin-memset -Wno-attributes   -fPIC -I. -I.. -I/c/ap13-dcb/openssh-msys-canonical-05/src/openbsd-compat -I/c/ap13-dcb/openssh-msys-canonical-05/src/openbsd-compat/.. -I"/c/ap13-dcb/openssh-msys-canonical-05/build/openbsd-compat/include" -I/c/ap13-dcb/openssl-msys-canonical-02/openssl-release-sdk-01/include -I/c/Users/crutkasLocal/.copilot/session-state/f6ea7713-2cec-41d5-b3f9-b4373e60fa33/files/resume-20260907/zlib-msys-01/stage/usr/include -I/c/ap13-dcb/openssl-msys-canonical-02/openssl-release-sdk-01/include -I/c/Users/crutkasLocal/.copilot/session-state/f6ea7713-2cec-41d5-b3f9-b4373e60fa33/files/resume-20260907/zlib-msys-01/stage/usr/include -I/c/ag-e138920f/ssh-libxcrypt-msys-02/stage/usr/include -DHAVE_CONFIG_H -c /c/ap13-dcb/openssh-msys-canonical-05/src/openbsd-compat/bsd-snprintf.c
/c/Users/crutkasLocal/.copilot/repos/copilot-worktrees/msys2-woarm64-build/crutkas-didactic-waffle/.github/scripts/msys-openssh-release-gcc -g -O2 -pipe -Wno-error=format-truncation -Wall -Wextra -Wpointer-arith -Wuninitialized -Wsign-compare -Wformat-security -Wsizeof-pointer-memaccess -Wno-pointer-sign -Wno-unused-parameter -Wno-unused-result -Wimplicit-fallthrough -Wmisleading-indentation -fno-strict-aliasing -fno-builtin-memset -Wno-attributes   -fPIC -I. -I.. -I/c/ap13-dcb/openssh-msys-canonical-05/src/openbsd-compat -I/c/ap13-dcb/openssh-msys-canonical-05/src/openbsd-compat/.. -I"/c/ap13-dcb/openssh-msys-canonical-05/build/openbsd-compat/include" -I/c/ap13-dcb/openssl-msys-canonical-02/openssl-release-sdk-01/include -I/c/Users/crutkasLocal/.copilot/session-state/f6ea7713-2cec-41d5-b3f9-b4373e60fa33/files/resume-20260907/zlib-msys-01/stage/usr/include -I/c/ap13-dcb/openssl-msys-canonical-02/openssl-release-sdk-01/include -I/c/Users/crutkasLocal/.copilot/session-state/f6ea7713-2cec-41d5-b3f9-b4373e60fa33/files/resume-20260907/zlib-msys-01/stage/usr/include -I/c/ag-e138920f/ssh-libxcrypt-msys-02/stage/usr/include -DHAVE_CONFIG_H -c /c/ap13-dcb/openssh-msys-canonical-05/src/openbsd-compat/bsd-statvfs.c
/c/Users/crutkasLocal/.copilot/repos/copilot-worktrees/msys2-woarm64-build/crutkas-didactic-waffle/.github/scripts/msys-openssh-release-gcc -g -O2 -pipe -Wno-error=format-truncation -Wall -Wextra -Wpointer-arith -Wuninitialized -Wsign-compare -Wformat-security -Wsizeof-pointer-memaccess -Wno-pointer-sign -Wno-unused-parameter -Wno-unused-result -Wimplicit-fallthrough -Wmisleading-indentation -fno-strict-aliasing -fno-builtin-memset -Wno-attributes   -I. -I/c/ap13-dcb/openssh-msys-canonical-05/src -I"/c/ap13-dcb/openssh-msys-canonical-05/build/openbsd-compat/include" -I/c/ap13-dcb/openssl-msys-canonical-02/openssl-release-sdk-01/include -I/c/Users/crutkasLocal/.copilot/session-state/f6ea7713-2cec-41d5-b3f9-b4373e60fa33/files/resume-20260907/zlib-msys-01/stage/usr/include -I/c/ap13-dcb/openssl-msys-canonical-02/openssl-release-sdk-01/include -I/c/Users/crutkasLocal/.copilot/session-state/f6ea7713-2cec-41d5-b3f9-b4373e60fa33/files/resume-20260907/zlib-msys-01/stage/usr/include -I/c/ag-e138920f/ssh-libxcrypt-msys-02/stage/usr/include -DSSHDIR=\"/etc/ssh\" -D_PATH_SSH_PROGRAM=\"/usr/bin/ssh\" -D_PATH_SSH_ASKPASS_DEFAULT=\"/usr/lib/ssh/ssh-askpass\" -D_PATH_SFTP_SERVER=\"/usr/lib/ssh/sftp-server\" -D_PATH_SSH_KEY_SIGN=\"/usr/lib/ssh/ssh-keysign\" -D_PATH_SSHD_SESSION=\"/usr/lib/ssh/sshd-session\" -D_PATH_SSHD_AUTH=\"/usr/lib/ssh/sshd-auth\" -D_PATH_SSH_PKCS11_HELPER=\"/usr/lib/ssh/ssh-pkcs11-helper\" -D_PATH_SSH_SK_HELPER=\"/usr/lib/ssh/ssh-sk-helper\" -D_PATH_SSH_PIDDIR=\"/etc/ssh\" -D_PATH_PRIVSEP_CHROOT_DIR=\"/var/empty\" -DHAVE_CONFIG_H -c /c/ap13-dcb/openssh-msys-canonical-05/src/bitmap.c -o bitmap.o
/c/Users/crutkasLocal/.copilot/repos/copilot-worktrees/msys2-woarm64-build/crutkas-didactic-waffle/.github/scripts/msys-openssh-release-gcc -g -O2 -pipe -Wno-error=format-truncation -Wall -Wextra -Wpointer-arith -Wuninitialized -Wsign-compare -Wformat-security -Wsizeof-pointer-memaccess -Wno-pointer-sign -Wno-unused-parameter -Wno-unused-result -Wimplicit-fallthrough -Wmisleading-indentation -fno-strict-aliasing -fno-builtin-memset -Wno-attributes   -fPIC -I. -I.. -I/c/ap13-dcb/openssh-msys-canonical-05/src/openbsd-compat -I/c/ap13-dcb/openssh-msys-canonical-05/src/openbsd-compat/.. -I"/c/ap13-dcb/openssh-msys-canonical-05/build/openbsd-compat/include" -I/c/ap13-dcb/openssl-msys-canonical-02/openssl-release-sdk-01/include -I/c/Users/crutkasLocal/.copilot/session-state/f6ea7713-2cec-41d5-b3f9-b4373e60fa33/files/resume-20260907/zlib-msys-01/stage/usr/include -I/c/ap13-dcb/openssl-msys-canonical-02/openssl-release-sdk-01/include -I/c/Users/crutkasLocal/.copilot/session-state/f6ea7713-2cec-41d5-b3f9-b4373e60fa33/files/resume-20260907/zlib-msys-01/stage/usr/include -I/c/ag-e138920f/ssh-libxcrypt-msys-02/stage/usr/include -DHAVE_CONFIG_H -c /c/ap13-dcb/openssh-msys-canonical-05/src/openbsd-compat/bsd-timegm.c
/c/Users/crutkasLocal/.copilot/repos/copilot-worktrees/msys2-woarm64-build/crutkas-didactic-waffle/.github/scripts/msys-openssh-release-gcc -g -O2 -pipe -Wno-error=format-truncation -Wall -Wextra -Wpointer-arith -Wuninitialized -Wsign-compare -Wformat-security -Wsizeof-pointer-memaccess -Wno-pointer-sign -Wno-unused-parameter -Wno-unused-result -Wimplicit-fallthrough -Wmisleading-indentation -fno-strict-aliasing -fno-builtin-memset -Wno-attributes   -I. -I/c/ap13-dcb/openssh-msys-canonical-05/src -I"/c/ap13-dcb/openssh-msys-canonical-05/build/openbsd-compat/include" -I/c/ap13-dcb/openssl-msys-canonical-02/openssl-release-sdk-01/include -I/c/Users/crutkasLocal/.copilot/session-state/f6ea7713-2cec-41d5-b3f9-b4373e60fa33/files/resume-20260907/zlib-msys-01/stage/usr/include -I/c/ap13-dcb/openssl-msys-canonical-02/openssl-release-sdk-01/include -I/c/Users/crutkasLocal/.copilot/session-state/f6ea7713-2cec-41d5-b3f9-b4373e60fa33/files/resume-20260907/zlib-msys-01/stage/usr/include -I/c/ag-e138920f/ssh-libxcrypt-msys-02/stage/usr/include -DSSHDIR=\"/etc/ssh\" -D_PATH_SSH_PROGRAM=\"/usr/bin/ssh\" -D_PATH_SSH_ASKPASS_DEFAULT=\"/usr/lib/ssh/ssh-askpass\" -D_PATH_SFTP_SERVER=\"/usr/lib/ssh/sftp-server\" -D_PATH_SSH_KEY_SIGN=\"/usr/lib/ssh/ssh-keysign\" -D_PATH_SSHD_SESSION=\"/usr/lib/ssh/sshd-session\" -D_PATH_SSHD_AUTH=\"/usr/lib/ssh/sshd-auth\" -D_PATH_SSH_PKCS11_HELPER=\"/usr/lib/ssh/ssh-pkcs11-helper\" -D_PATH_SSH_SK_HELPER=\"/usr/lib/ssh/ssh-sk-helper\" -D_PATH_SSH_PIDDIR=\"/etc/ssh\" -D_PATH_PRIVSEP_CHROOT_DIR=\"/var/empty\" -DHAVE_CONFIG_H -c /c/ap13-dcb/openssh-msys-canonical-05/src/authfd.c -o authfd.o
/c/Users/crutkasLocal/.copilot/repos/copilot-worktrees/msys2-woarm64-build/crutkas-didactic-waffle/.github/scripts/msys-openssh-release-gcc -g -O2 -pipe -Wno-error=format-truncation -Wall -Wextra -Wpointer-arith -Wuninitialized -Wsign-compare -Wformat-security -Wsizeof-pointer-memaccess -Wno-pointer-sign -Wno-unused-parameter -Wno-unused-result -Wimplicit-fallthrough -Wmisleading-indentation -fno-strict-aliasing -fno-builtin-memset -Wno-attributes   -fPIC -I. -I.. -I/c/ap13-dcb/openssh-msys-canonical-05/src/openbsd-compat -I/c/ap13-dcb/openssh-msys-canonical-05/src/openbsd-compat/.. -I"/c/ap13-dcb/openssh-msys-canonical-05/build/openbsd-compat/include" -I/c/ap13-dcb/openssl-msys-canonical-02/openssl-release-sdk-01/include -I/c/Users/crutkasLocal/.copilot/session-state/f6ea7713-2cec-41d5-b3f9-b4373e60fa33/files/resume-20260907/zlib-msys-01/stage/usr/include -I/c/ap13-dcb/openssl-msys-canonical-02/openssl-release-sdk-01/include -I/c/Users/crutkasLocal/.copilot/session-state/f6ea7713-2cec-41d5-b3f9-b4373e60fa33/files/resume-20260907/zlib-msys-01/stage/usr/include -I/c/ag-e138920f/ssh-libxcrypt-msys-02/stage/usr/include -DHAVE_CONFIG_H -c /c/ap13-dcb/openssh-msys-canonical-05/src/openbsd-compat/bsd-waitpid.c
/c/Users/crutkasLocal/.copilot/repos/copilot-worktrees/msys2-woarm64-build/crutkas-didactic-waffle/.github/scripts/msys-openssh-release-gcc -g -O2 -pipe -Wno-error=format-truncation -Wall -Wextra -Wpointer-arith -Wuninitialized -Wsign-compare -Wformat-security -Wsizeof-pointer-memaccess -Wno-pointer-sign -Wno-unused-parameter -Wno-unused-result -Wimplicit-fallthrough -Wmisleading-indentation -fno-strict-aliasing -fno-builtin-memset -Wno-attributes   -I. -I/c/ap13-dcb/openssh-msys-canonical-05/src -I"/c/ap13-dcb/openssh-msys-canonical-05/build/openbsd-compat/include" -I/c/ap13-dcb/openssl-msys-canonical-02/openssl-release-sdk-01/include -I/c/Users/crutkasLocal/.copilot/session-state/f6ea7713-2cec-41d5-b3f9-b4373e60fa33/files/resume-20260907/zlib-msys-01/stage/usr/include -I/c/ap13-dcb/openssl-msys-canonical-02/openssl-release-sdk-01/include -I/c/Users/crutkasLocal/.copilot/session-state/f6ea7713-2cec-41d5-b3f9-b4373e60fa33/files/resume-20260907/zlib-msys-01/stage/usr/include -I/c/ag-e138920f/ssh-libxcrypt-msys-02/stage/usr/include -DSSHDIR=\"/etc/ssh\" -D_PATH_SSH_PROGRAM=\"/usr/bin/ssh\" -D_PATH_SSH_ASKPASS_DEFAULT=\"/usr/lib/ssh/ssh-askpass\" -D_PATH_SFTP_SERVER=\"/usr/lib/ssh/sftp-server\" -D_PATH_SSH_KEY_SIGN=\"/usr/lib/ssh/ssh-keysign\" -D_PATH_SSHD_SESSION=\"/usr/lib/ssh/sshd-session\" -D_PATH_SSHD_AUTH=\"/usr/lib/ssh/sshd-auth\" -D_PATH_SSH_PKCS11_HELPER=\"/usr/lib/ssh/ssh-pkcs11-helper\" -D_PATH_SSH_SK_HELPER=\"/usr/lib/ssh/ssh-sk-helper\" -D_PATH_SSH_PIDDIR=\"/etc/ssh\" -D_PATH_PRIVSEP_CHROOT_DIR=\"/var/empty\" -DHAVE_CONFIG_H -c /c/ap13-dcb/openssh-msys-canonical-05/src/authfile.c -o authfile.o
/c/Users/crutkasLocal/.copilot/repos/copilot-worktrees/msys2-woarm64-build/crutkas-didactic-waffle/.github/scripts/msys-openssh-release-gcc -g -O2 -pipe -Wno-error=format-truncation -Wall -Wextra -Wpointer-arith -Wuninitialized -Wsign-compare -Wformat-security -Wsizeof-pointer-memaccess -Wno-pointer-sign -Wno-unused-parameter -Wno-unused-result -Wimplicit-fallthrough -Wmisleading-indentation -fno-strict-aliasing -fno-builtin-memset -Wno-attributes   -fPIC -I. -I.. -I/c/ap13-dcb/openssh-msys-canonical-05/src/openbsd-compat -I/c/ap13-dcb/openssh-msys-canonical-05/src/openbsd-compat/.. -I"/c/ap13-dcb/openssh-msys-canonical-05/build/openbsd-compat/include" -I/c/ap13-dcb/openssl-msys-canonical-02/openssl-release-sdk-01/include -I/c/Users/crutkasLocal/.copilot/session-state/f6ea7713-2cec-41d5-b3f9-b4373e60fa33/files/resume-20260907/zlib-msys-01/stage/usr/include -I/c/ap13-dcb/openssl-msys-canonical-02/openssl-release-sdk-01/include -I/c/Users/crutkasLocal/.copilot/session-state/f6ea7713-2cec-41d5-b3f9-b4373e60fa33/files/resume-20260907/zlib-msys-01/stage/usr/include -I/c/ag-e138920f/ssh-libxcrypt-msys-02/stage/usr/include -DHAVE_CONFIG_H -c /c/ap13-dcb/openssh-msys-canonical-05/src/openbsd-compat/fake-rfc2553.c
/c/Users/crutkasLocal/.copilot/repos/copilot-worktrees/msys2-woarm64-build/crutkas-didactic-waffle/.github/scripts/msys-openssh-release-gcc -g -O2 -pipe -Wno-error=format-truncation -Wall -Wextra -Wpointer-arith -Wuninitialized -Wsign-compare -Wformat-security -Wsizeof-pointer-memaccess -Wno-pointer-sign -Wno-unused-parameter -Wno-unused-result -Wimplicit-fallthrough -Wmisleading-indentation -fno-strict-aliasing -fno-builtin-memset -Wno-attributes   -fPIC -I. -I.. -I/c/ap13-dcb/openssh-msys-canonical-05/src/openbsd-compat -I/c/ap13-dcb/openssh-msys-canonical-05/src/openbsd-compat/.. -I"/c/ap13-dcb/openssh-msys-canonical-05/build/openbsd-compat/include" -I/c/ap13-dcb/openssl-msys-canonical-02/openssl-release-sdk-01/include -I/c/Users/crutkasLocal/.copilot/session-state/f6ea7713-2cec-41d5-b3f9-b4373e60fa33/files/resume-20260907/zlib-msys-01/stage/usr/include -I/c/ap13-dcb/openssl-msys-canonical-02/openssl-release-sdk-01/include -I/c/Users/crutkasLocal/.copilot/session-state/f6ea7713-2cec-41d5-b3f9-b4373e60fa33/files/resume-20260907/zlib-msys-01/stage/usr/include -I/c/ag-e138920f/ssh-libxcrypt-msys-02/stage/usr/include -DHAVE_CONFIG_H -c /c/ap13-dcb/openssh-msys-canonical-05/src/openbsd-compat/getrrsetbyname-ldns.c
/c/Users/crutkasLocal/.copilot/repos/copilot-worktrees/msys2-woarm64-build/crutkas-didactic-waffle/.github/scripts/msys-openssh-release-gcc -g -O2 -pipe -Wno-error=format-truncation -Wall -Wextra -Wpointer-arith -Wuninitialized -Wsign-compare -Wformat-security -Wsizeof-pointer-memaccess -Wno-pointer-sign -Wno-unused-parameter -Wno-unused-result -Wimplicit-fallthrough -Wmisleading-indentation -fno-strict-aliasing -fno-builtin-memset -Wno-attributes   -fPIC -I. -I.. -I/c/ap13-dcb/openssh-msys-canonical-05/src/openbsd-compat -I/c/ap13-dcb/openssh-msys-canonical-05/src/openbsd-compat/.. -I"/c/ap13-dcb/openssh-msys-canonical-05/build/openbsd-compat/include" -I/c/ap13-dcb/openssl-msys-canonical-02/openssl-release-sdk-01/include -I/c/Users/crutkasLocal/.copilot/session-state/f6ea7713-2cec-41d5-b3f9-b4373e60fa33/files/resume-20260907/zlib-msys-01/stage/usr/include -I/c/ap13-dcb/openssl-msys-canonical-02/openssl-release-sdk-01/include -I/c/Users/crutkasLocal/.copilot/session-state/f6ea7713-2cec-41d5-b3f9-b4373e60fa33/files/resume-20260907/zlib-msys-01/stage/usr/include -I/c/ag-e138920f/ssh-libxcrypt-msys-02/stage/usr/include -DHAVE_CONFIG_H -c /c/ap13-dcb/openssh-msys-canonical-05/src/openbsd-compat/kludge-fd_set.c
/c/Users/crutkasLocal/.copilot/repos/copilot-worktrees/msys2-woarm64-build/crutkas-didactic-waffle/.github/scripts/msys-openssh-release-gcc -g -O2 -pipe -Wno-error=format-truncation -Wall -Wextra -Wpointer-arith -Wuninitialized -Wsign-compare -Wformat-security -Wsizeof-pointer-memaccess -Wno-pointer-sign -Wno-unused-parameter -Wno-unused-result -Wimplicit-fallthrough -Wmisleading-indentation -fno-strict-aliasing -fno-builtin-memset -Wno-attributes   -fPIC -I. -I.. -I/c/ap13-dcb/openssh-msys-canonical-05/src/openbsd-compat -I/c/ap13-dcb/openssh-msys-canonical-05/src/openbsd-compat/.. -I"/c/ap13-dcb/openssh-msys-canonical-05/build/openbsd-compat/include" -I/c/ap13-dcb/openssl-msys-canonical-02/openssl-release-sdk-01/include -I/c/Users/crutkasLocal/.copilot/session-state/f6ea7713-2cec-41d5-b3f9-b4373e60fa33/files/resume-20260907/zlib-msys-01/stage/usr/include -I/c/ap13-dcb/openssl-msys-canonical-02/openssl-release-sdk-01/include -I/c/Users/crutkasLocal/.copilot/session-state/f6ea7713-2cec-41d5-b3f9-b4373e60fa33/files/resume-20260907/zlib-msys-01/stage/usr/include -I/c/ag-e138920f/ssh-libxcrypt-msys-02/stage/usr/include -DHAVE_CONFIG_H -c /c/ap13-dcb/openssh-msys-canonical-05/src/openbsd-compat/openssl-compat.c
/c/Users/crutkasLocal/.copilot/repos/copilot-worktrees/msys2-woarm64-build/crutkas-didactic-waffle/.github/scripts/msys-openssh-release-gcc -g -O2 -pipe -Wno-error=format-truncation -Wall -Wextra -Wpointer-arith -Wuninitialized -Wsign-compare -Wformat-security -Wsizeof-pointer-memaccess -Wno-pointer-sign -Wno-unused-parameter -Wno-unused-result -Wimplicit-fallthrough -Wmisleading-indentation -fno-strict-aliasing -fno-builtin-memset -Wno-attributes   -I. -I/c/ap13-dcb/openssh-msys-canonical-05/src -I"/c/ap13-dcb/openssh-msys-canonical-05/build/openbsd-compat/include" -I/c/ap13-dcb/openssl-msys-canonical-02/openssl-release-sdk-01/include -I/c/Users/crutkasLocal/.copilot/session-state/f6ea7713-2cec-41d5-b3f9-b4373e60fa33/files/resume-20260907/zlib-msys-01/stage/usr/include -I/c/ap13-dcb/openssl-msys-canonical-02/openssl-release-sdk-01/include -I/c/Users/crutkasLocal/.copilot/session-state/f6ea7713-2cec-41d5-b3f9-b4373e60fa33/files/resume-20260907/zlib-msys-01/stage/usr/include -I/c/ag-e138920f/ssh-libxcrypt-msys-02/stage/usr/include -DSSHDIR=\"/etc/ssh\" -D_PATH_SSH_PROGRAM=\"/usr/bin/ssh\" -D_PATH_SSH_ASKPASS_DEFAULT=\"/usr/lib/ssh/ssh-askpass\" -D_PATH_SFTP_SERVER=\"/usr/lib/ssh/sftp-server\" -D_PATH_SSH_KEY_SIGN=\"/usr/lib/ssh/ssh-keysign\" -D_PATH_SSHD_SESSION=\"/usr/lib/ssh/sshd-session\" -D_PATH_SSHD_AUTH=\"/usr/lib/ssh/sshd-auth\" -D_PATH_SSH_PKCS11_HELPER=\"/usr/lib/ssh/ssh-pkcs11-helper\" -D_PATH_SSH_SK_HELPER=\"/usr/lib/ssh/ssh-sk-helper\" -D_PATH_SSH_PIDDIR=\"/etc/ssh\" -D_PATH_PRIVSEP_CHROOT_DIR=\"/var/empty\" -DHAVE_CONFIG_H -c /c/ap13-dcb/openssh-msys-canonical-05/src/canohost.c -o canohost.o
/c/Users/crutkasLocal/.copilot/repos/copilot-worktrees/msys2-woarm64-build/crutkas-didactic-waffle/.github/scripts/msys-openssh-release-gcc -g -O2 -pipe -Wno-error=format-truncation -Wall -Wextra -Wpointer-arith -Wuninitialized -Wsign-compare -Wformat-security -Wsizeof-pointer-memaccess -Wno-pointer-sign -Wno-unused-parameter -Wno-unused-result -Wimplicit-fallthrough -Wmisleading-indentation -fno-strict-aliasing -fno-builtin-memset -Wno-attributes   -fPIC -I. -I.. -I/c/ap13-dcb/openssh-msys-canonical-05/src/openbsd-compat -I/c/ap13-dcb/openssh-msys-canonical-05/src/openbsd-compat/.. -I"/c/ap13-dcb/openssh-msys-canonical-05/build/openbsd-compat/include" -I/c/ap13-dcb/openssl-msys-canonical-02/openssl-release-sdk-01/include -I/c/Users/crutkasLocal/.copilot/session-state/f6ea7713-2cec-41d5-b3f9-b4373e60fa33/files/resume-20260907/zlib-msys-01/stage/usr/include -I/c/ap13-dcb/openssl-msys-canonical-02/openssl-release-sdk-01/include -I/c/Users/crutkasLocal/.copilot/session-state/f6ea7713-2cec-41d5-b3f9-b4373e60fa33/files/resume-20260907/zlib-msys-01/stage/usr/include -I/c/ag-e138920f/ssh-libxcrypt-msys-02/stage/usr/include -DHAVE_CONFIG_H -c /c/ap13-dcb/openssh-msys-canonical-05/src/openbsd-compat/libressl-api-compat.c
/c/Users/crutkasLocal/.copilot/repos/copilot-worktrees/msys2-woarm64-build/crutkas-didactic-waffle/.github/scripts/msys-openssh-release-gcc -g -O2 -pipe -Wno-error=format-truncation -Wall -Wextra -Wpointer-arith -Wuninitialized -Wsign-compare -Wformat-security -Wsizeof-pointer-memaccess -Wno-pointer-sign -Wno-unused-parameter -Wno-unused-result -Wimplicit-fallthrough -Wmisleading-indentation -fno-strict-aliasing -fno-builtin-memset -Wno-attributes   -fPIC -I. -I.. -I/c/ap13-dcb/openssh-msys-canonical-05/src/openbsd-compat -I/c/ap13-dcb/openssh-msys-canonical-05/src/openbsd-compat/.. -I"/c/ap13-dcb/openssh-msys-canonical-05/build/openbsd-compat/include" -I/c/ap13-dcb/openssl-msys-canonical-02/openssl-release-sdk-01/include -I/c/Users/crutkasLocal/.copilot/session-state/f6ea7713-2cec-41d5-b3f9-b4373e60fa33/files/resume-20260907/zlib-msys-01/stage/usr/include -I/c/ap13-dcb/openssl-msys-canonical-02/openssl-release-sdk-01/include -I/c/Users/crutkasLocal/.copilot/session-state/f6ea7713-2cec-41d5-b3f9-b4373e60fa33/files/resume-20260907/zlib-msys-01/stage/usr/include -I/c/ag-e138920f/ssh-libxcrypt-msys-02/stage/usr/include -DHAVE_CONFIG_H -c /c/ap13-dcb/openssh-msys-canonical-05/src/openbsd-compat/xcrypt.c
C:/ap13-dcb/openssh-msys-canonical-05/src/openbsd-compat/libressl-api-compat.c: In function 'EVP_CIPHER_CTX_get_iv':
C:/ap13-dcb/openssh-msys-canonical-05/src/openbsd-compat/libressl-api-compat.c:48:17: warning: 'EVP_CIPHER_CTX_iv' is deprecated: Since OpenSSL 3.0 [-Wdeprecated-declarations]
   48 |                 memcpy(iv, EVP_CIPHER_CTX_iv(ctx), len);
      |                 ^~~~~~
In file included from C:/ap13-dcb/openssh-msys-canonical-05/src/openbsd-compat/libressl-api-compat.c:26:
C:/ap13-dcb/openssl-msys-canonical-02/openssl-release-sdk-01/include/openssl/evp.h:649:44: note: declared here
  649 | OSSL_DEPRECATEDIN_3_0 const unsigned char *EVP_CIPHER_CTX_iv(const EVP_CIPHER_CTX *ctx);
      |                                            ^~~~~~~~~~~~~~~~~
C:/ap13-dcb/openssh-msys-canonical-05/src/openbsd-compat/libressl-api-compat.c: In function 'EVP_CIPHER_CTX_set_iv':
C:/ap13-dcb/openssh-msys-canonical-05/src/openbsd-compat/libressl-api-compat.c:77:17: warning: 'EVP_CIPHER_CTX_iv_noconst' is deprecated: Since OpenSSL 3.0 [-Wdeprecated-declarations]
   77 |                 memcpy(EVP_CIPHER_CTX_iv_noconst(ctx), iv, len);
      |                 ^~~~~~
C:/ap13-dcb/openssl-msys-canonical-02/openssl-release-sdk-01/include/openssl/evp.h:651:38: note: declared here
  651 | OSSL_DEPRECATEDIN_3_0 unsigned char *EVP_CIPHER_CTX_iv_noconst(EVP_CIPHER_CTX *ctx);
      |                                      ^~~~~~~~~~~~~~~~~~~~~~~~~
/c/Users/crutkasLocal/.copilot/repos/copilot-worktrees/msys2-woarm64-build/crutkas-didactic-waffle/.github/scripts/msys-openssh-release-gcc -g -O2 -pipe -Wno-error=format-truncation -Wall -Wextra -Wpointer-arith -Wuninitialized -Wsign-compare -Wformat-security -Wsizeof-pointer-memaccess -Wno-pointer-sign -Wno-unused-parameter -Wno-unused-result -Wimplicit-fallthrough -Wmisleading-indentation -fno-strict-aliasing -fno-builtin-memset -Wno-attributes   -I. -I/c/ap13-dcb/openssh-msys-canonical-05/src -I"/c/ap13-dcb/openssh-msys-canonical-05/build/openbsd-compat/include" -I/c/ap13-dcb/openssl-msys-canonical-02/openssl-release-sdk-01/include -I/c/Users/crutkasLocal/.copilot/session-state/f6ea7713-2cec-41d5-b3f9-b4373e60fa33/files/resume-20260907/zlib-msys-01/stage/usr/include -I/c/ap13-dcb/openssl-msys-canonical-02/openssl-release-sdk-01/include -I/c/Users/crutkasLocal/.copilot/session-state/f6ea7713-2cec-41d5-b3f9-b4373e60fa33/files/resume-20260907/zlib-msys-01/stage/usr/include -I/c/ag-e138920f/ssh-libxcrypt-msys-02/stage/usr/include -DSSHDIR=\"/etc/ssh\" -D_PATH_SSH_PROGRAM=\"/usr/bin/ssh\" -D_PATH_SSH_ASKPASS_DEFAULT=\"/usr/lib/ssh/ssh-askpass\" -D_PATH_SFTP_SERVER=\"/usr/lib/ssh/sftp-server\" -D_PATH_SSH_KEY_SIGN=\"/usr/lib/ssh/ssh-keysign\" -D_PATH_SSHD_SESSION=\"/usr/lib/ssh/sshd-session\" -D_PATH_SSHD_AUTH=\"/usr/lib/ssh/sshd-auth\" -D_PATH_SSH_PKCS11_HELPER=\"/usr/lib/ssh/ssh-pkcs11-helper\" -D_PATH_SSH_SK_HELPER=\"/usr/lib/ssh/ssh-sk-helper\" -D_PATH_SSH_PIDDIR=\"/etc/ssh\" -D_PATH_PRIVSEP_CHROOT_DIR=\"/var/empty\" -DHAVE_CONFIG_H -c /c/ap13-dcb/openssh-msys-canonical-05/src/channels.c -o channels.o
/c/Users/crutkasLocal/.copilot/repos/copilot-worktrees/msys2-woarm64-build/crutkas-didactic-waffle/.github/scripts/msys-openssh-release-gcc -g -O2 -pipe -Wno-error=format-truncation -Wall -Wextra -Wpointer-arith -Wuninitialized -Wsign-compare -Wformat-security -Wsizeof-pointer-memaccess -Wno-pointer-sign -Wno-unused-parameter -Wno-unused-result -Wimplicit-fallthrough -Wmisleading-indentation -fno-strict-aliasing -fno-builtin-memset -Wno-attributes   -fPIC -I. -I.. -I/c/ap13-dcb/openssh-msys-canonical-05/src/openbsd-compat -I/c/ap13-dcb/openssh-msys-canonical-05/src/openbsd-compat/.. -I"/c/ap13-dcb/openssh-msys-canonical-05/build/openbsd-compat/include" -I/c/ap13-dcb/openssl-msys-canonical-02/openssl-release-sdk-01/include -I/c/Users/crutkasLocal/.copilot/session-state/f6ea7713-2cec-41d5-b3f9-b4373e60fa33/files/resume-20260907/zlib-msys-01/stage/usr/include -I/c/ap13-dcb/openssl-msys-canonical-02/openssl-release-sdk-01/include -I/c/Users/crutkasLocal/.copilot/session-state/f6ea7713-2cec-41d5-b3f9-b4373e60fa33/files/resume-20260907/zlib-msys-01/stage/usr/include -I/c/ag-e138920f/ssh-libxcrypt-msys-02/stage/usr/include -DHAVE_CONFIG_H -c /c/ap13-dcb/openssh-msys-canonical-05/src/openbsd-compat/arc4random.c
/c/Users/crutkasLocal/.copilot/repos/copilot-worktrees/msys2-woarm64-build/crutkas-didactic-waffle/.github/scripts/msys-openssh-release-gcc -g -O2 -pipe -Wno-error=format-truncation -Wall -Wextra -Wpointer-arith -Wuninitialized -Wsign-compare -Wformat-security -Wsizeof-pointer-memaccess -Wno-pointer-sign -Wno-unused-parameter -Wno-unused-result -Wimplicit-fallthrough -Wmisleading-indentation -fno-strict-aliasing -fno-builtin-memset -Wno-attributes   -fPIC -I. -I.. -I/c/ap13-dcb/openssh-msys-canonical-05/src/openbsd-compat -I/c/ap13-dcb/openssh-msys-canonical-05/src/openbsd-compat/.. -I"/c/ap13-dcb/openssh-msys-canonical-05/build/openbsd-compat/include" -I/c/ap13-dcb/openssl-msys-canonical-02/openssl-release-sdk-01/include -I/c/Users/crutkasLocal/.copilot/session-state/f6ea7713-2cec-41d5-b3f9-b4373e60fa33/files/resume-20260907/zlib-msys-01/stage/usr/include -I/c/ap13-dcb/openssl-msys-canonical-02/openssl-release-sdk-01/include -I/c/Users/crutkasLocal/.copilot/session-state/f6ea7713-2cec-41d5-b3f9-b4373e60fa33/files/resume-20260907/zlib-msys-01/stage/usr/include -I/c/ag-e138920f/ssh-libxcrypt-msys-02/stage/usr/include -DHAVE_CONFIG_H -c /c/ap13-dcb/openssh-msys-canonical-05/src/openbsd-compat/arc4random_uniform.c
/c/Users/crutkasLocal/.copilot/repos/copilot-worktrees/msys2-woarm64-build/crutkas-didactic-waffle/.github/scripts/msys-openssh-release-gcc -g -O2 -pipe -Wno-error=format-truncation -Wall -Wextra -Wpointer-arith -Wuninitialized -Wsign-compare -Wformat-security -Wsizeof-pointer-memaccess -Wno-pointer-sign -Wno-unused-parameter -Wno-unused-result -Wimplicit-fallthrough -Wmisleading-indentation -fno-strict-aliasing -fno-builtin-memset -Wno-attributes   -fPIC -I. -I.. -I/c/ap13-dcb/openssh-msys-canonical-05/src/openbsd-compat -I/c/ap13-dcb/openssh-msys-canonical-05/src/openbsd-compat/.. -I"/c/ap13-dcb/openssh-msys-canonical-05/build/openbsd-compat/include" -I/c/ap13-dcb/openssl-msys-canonical-02/openssl-release-sdk-01/include -I/c/Users/crutkasLocal/.copilot/session-state/f6ea7713-2cec-41d5-b3f9-b4373e60fa33/files/resume-20260907/zlib-msys-01/stage/usr/include -I/c/ap13-dcb/openssl-msys-canonical-02/openssl-release-sdk-01/include -I/c/Users/crutkasLocal/.copilot/session-state/f6ea7713-2cec-41d5-b3f9-b4373e60fa33/files/resume-20260907/zlib-msys-01/stage/usr/include -I/c/ag-e138920f/ssh-libxcrypt-msys-02/stage/usr/include -DHAVE_CONFIG_H -c /c/ap13-dcb/openssh-msys-canonical-05/src/openbsd-compat/base64.c
/c/Users/crutkasLocal/.copilot/repos/copilot-worktrees/msys2-woarm64-build/crutkas-didactic-waffle/.github/scripts/msys-openssh-release-gcc -g -O2 -pipe -Wno-error=format-truncation -Wall -Wextra -Wpointer-arith -Wuninitialized -Wsign-compare -Wformat-security -Wsizeof-pointer-memaccess -Wno-pointer-sign -Wno-unused-parameter -Wno-unused-result -Wimplicit-fallthrough -Wmisleading-indentation -fno-strict-aliasing -fno-builtin-memset -Wno-attributes   -fPIC -I. -I.. -I/c/ap13-dcb/openssh-msys-canonical-05/src/openbsd-compat -I/c/ap13-dcb/openssh-msys-canonical-05/src/openbsd-compat/.. -I"/c/ap13-dcb/openssh-msys-canonical-05/build/openbsd-compat/include" -I/c/ap13-dcb/openssl-msys-canonical-02/openssl-release-sdk-01/include -I/c/Users/crutkasLocal/.copilot/session-state/f6ea7713-2cec-41d5-b3f9-b4373e60fa33/files/resume-20260907/zlib-msys-01/stage/usr/include -I/c/ap13-dcb/openssl-msys-canonical-02/openssl-release-sdk-01/include -I/c/Users/crutkasLocal/.copilot/session-state/f6ea7713-2cec-41d5-b3f9-b4373e60fa33/files/resume-20260907/zlib-msys-01/stage/usr/include -I/c/ag-e138920f/ssh-libxcrypt-msys-02/stage/usr/include -DHAVE_CONFIG_H -c /c/ap13-dcb/openssh-msys-canonical-05/src/openbsd-compat/basename.c
/c/Users/crutkasLocal/.copilot/repos/copilot-worktrees/msys2-woarm64-build/crutkas-didactic-waffle/.github/scripts/msys-openssh-release-gcc -g -O2 -pipe -Wno-error=format-truncation -Wall -Wextra -Wpointer-arith -Wuninitialized -Wsign-compare -Wformat-security -Wsizeof-pointer-memaccess -Wno-pointer-sign -Wno-unused-parameter -Wno-unused-result -Wimplicit-fallthrough -Wmisleading-indentation -fno-strict-aliasing -fno-builtin-memset -Wno-attributes   -fPIC -I. -I.. -I/c/ap13-dcb/openssh-msys-canonical-05/src/openbsd-compat -I/c/ap13-dcb/openssh-msys-canonical-05/src/openbsd-compat/.. -I"/c/ap13-dcb/openssh-msys-canonical-05/build/openbsd-compat/include" -I/c/ap13-dcb/openssl-msys-canonical-02/openssl-release-sdk-01/include -I/c/Users/crutkasLocal/.copilot/session-state/f6ea7713-2cec-41d5-b3f9-b4373e60fa33/files/resume-20260907/zlib-msys-01/stage/usr/include -I/c/ap13-dcb/openssl-msys-canonical-02/openssl-release-sdk-01/include -I/c/Users/crutkasLocal/.copilot/session-state/f6ea7713-2cec-41d5-b3f9-b4373e60fa33/files/resume-20260907/zlib-msys-01/stage/usr/include -I/c/ag-e138920f/ssh-libxcrypt-msys-02/stage/usr/include -DHAVE_CONFIG_H -c /c/ap13-dcb/openssh-msys-canonical-05/src/openbsd-compat/bcrypt_pbkdf.c
/c/Users/crutkasLocal/.copilot/repos/copilot-worktrees/msys2-woarm64-build/crutkas-didactic-waffle/.github/scripts/msys-openssh-release-gcc -g -O2 -pipe -Wno-error=format-truncation -Wall -Wextra -Wpointer-arith -Wuninitialized -Wsign-compare -Wformat-security -Wsizeof-pointer-memaccess -Wno-pointer-sign -Wno-unused-parameter -Wno-unused-result -Wimplicit-fallthrough -Wmisleading-indentation -fno-strict-aliasing -fno-builtin-memset -Wno-attributes   -fPIC -I. -I.. -I/c/ap13-dcb/openssh-msys-canonical-05/src/openbsd-compat -I/c/ap13-dcb/openssh-msys-canonical-05/src/openbsd-compat/.. -I"/c/ap13-dcb/openssh-msys-canonical-05/build/openbsd-compat/include" -I/c/ap13-dcb/openssl-msys-canonical-02/openssl-release-sdk-01/include -I/c/Users/crutkasLocal/.copilot/session-state/f6ea7713-2cec-41d5-b3f9-b4373e60fa33/files/resume-20260907/zlib-msys-01/stage/usr/include -I/c/ap13-dcb/openssl-msys-canonical-02/openssl-release-sdk-01/include -I/c/Users/crutkasLocal/.copilot/session-state/f6ea7713-2cec-41d5-b3f9-b4373e60fa33/files/resume-20260907/zlib-msys-01/stage/usr/include -I/c/ag-e138920f/ssh-libxcrypt-msys-02/stage/usr/include -DHAVE_CONFIG_H -c /c/ap13-dcb/openssh-msys-canonical-05/src/openbsd-compat/bindresvport.c
C:/ap13-dcb/openssh-msys-canonical-05/src/openbsd-compat/bcrypt_pbkdf.c: In function 'bcrypt_hash':
C:/ap13-dcb/openssh-msys-canonical-05/src/openbsd-compat/bcrypt_pbkdf.c:77:13: warning: initializer-string for array of 'unsigned char' is too long [-Wunterminated-string-initialization]
   77 |             "OxychromaticBlowfishSwatDynamite";
      |             ^~~~~~~~~~~~~~~~~~~~~~~~~~~~~~~~~~
/c/Users/crutkasLocal/.copilot/repos/copilot-worktrees/msys2-woarm64-build/crutkas-didactic-waffle/.github/scripts/msys-openssh-release-gcc -g -O2 -pipe -Wno-error=format-truncation -Wall -Wextra -Wpointer-arith -Wuninitialized -Wsign-compare -Wformat-security -Wsizeof-pointer-memaccess -Wno-pointer-sign -Wno-unused-parameter -Wno-unused-result -Wimplicit-fallthrough -Wmisleading-indentation -fno-strict-aliasing -fno-builtin-memset -Wno-attributes   -fPIC -I. -I.. -I/c/ap13-dcb/openssh-msys-canonical-05/src/openbsd-compat -I/c/ap13-dcb/openssh-msys-canonical-05/src/openbsd-compat/.. -I"/c/ap13-dcb/openssh-msys-canonical-05/build/openbsd-compat/include" -I/c/ap13-dcb/openssl-msys-canonical-02/openssl-release-sdk-01/include -I/c/Users/crutkasLocal/.copilot/session-state/f6ea7713-2cec-41d5-b3f9-b4373e60fa33/files/resume-20260907/zlib-msys-01/stage/usr/include -I/c/ap13-dcb/openssl-msys-canonical-02/openssl-release-sdk-01/include -I/c/Users/crutkasLocal/.copilot/session-state/f6ea7713-2cec-41d5-b3f9-b4373e60fa33/files/resume-20260907/zlib-msys-01/stage/usr/include -I/c/ag-e138920f/ssh-libxcrypt-msys-02/stage/usr/include -DHAVE_CONFIG_H -c /c/ap13-dcb/openssh-msys-canonical-05/src/openbsd-compat/blowfish.c
/c/Users/crutkasLocal/.copilot/repos/copilot-worktrees/msys2-woarm64-build/crutkas-didactic-waffle/.github/scripts/msys-openssh-release-gcc -g -O2 -pipe -Wno-error=format-truncation -Wall -Wextra -Wpointer-arith -Wuninitialized -Wsign-compare -Wformat-security -Wsizeof-pointer-memaccess -Wno-pointer-sign -Wno-unused-parameter -Wno-unused-result -Wimplicit-fallthrough -Wmisleading-indentation -fno-strict-aliasing -fno-builtin-memset -Wno-attributes   -I. -I/c/ap13-dcb/openssh-msys-canonical-05/src -I"/c/ap13-dcb/openssh-msys-canonical-05/build/openbsd-compat/include" -I/c/ap13-dcb/openssl-msys-canonical-02/openssl-release-sdk-01/include -I/c/Users/crutkasLocal/.copilot/session-state/f6ea7713-2cec-41d5-b3f9-b4373e60fa33/files/resume-20260907/zlib-msys-01/stage/usr/include -I/c/ap13-dcb/openssl-msys-canonical-02/openssl-release-sdk-01/include -I/c/Users/crutkasLocal/.copilot/session-state/f6ea7713-2cec-41d5-b3f9-b4373e60fa33/files/resume-20260907/zlib-msys-01/stage/usr/include -I/c/ag-e138920f/ssh-libxcrypt-msys-02/stage/usr/include -DSSHDIR=\"/etc/ssh\" -D_PATH_SSH_PROGRAM=\"/usr/bin/ssh\" -D_PATH_SSH_ASKPASS_DEFAULT=\"/usr/lib/ssh/ssh-askpass\" -D_PATH_SFTP_SERVER=\"/usr/lib/ssh/sftp-server\" -D_PATH_SSH_KEY_SIGN=\"/usr/lib/ssh/ssh-keysign\" -D_PATH_SSHD_SESSION=\"/usr/lib/ssh/sshd-session\" -D_PATH_SSHD_AUTH=\"/usr/lib/ssh/sshd-auth\" -D_PATH_SSH_PKCS11_HELPER=\"/usr/lib/ssh/ssh-pkcs11-helper\" -D_PATH_SSH_SK_HELPER=\"/usr/lib/ssh/ssh-sk-helper\" -D_PATH_SSH_PIDDIR=\"/etc/ssh\" -D_PATH_PRIVSEP_CHROOT_DIR=\"/var/empty\" -DHAVE_CONFIG_H -c /c/ap13-dcb/openssh-msys-canonical-05/src/cipher.c -o cipher.o
/c/Users/crutkasLocal/.copilot/repos/copilot-worktrees/msys2-woarm64-build/crutkas-didactic-waffle/.github/scripts/msys-openssh-release-gcc -g -O2 -pipe -Wno-error=format-truncation -Wall -Wextra -Wpointer-arith -Wuninitialized -Wsign-compare -Wformat-security -Wsizeof-pointer-memaccess -Wno-pointer-sign -Wno-unused-parameter -Wno-unused-result -Wimplicit-fallthrough -Wmisleading-indentation -fno-strict-aliasing -fno-builtin-memset -Wno-attributes   -fPIC -I. -I.. -I/c/ap13-dcb/openssh-msys-canonical-05/src/openbsd-compat -I/c/ap13-dcb/openssh-msys-canonical-05/src/openbsd-compat/.. -I"/c/ap13-dcb/openssh-msys-canonical-05/build/openbsd-compat/include" -I/c/ap13-dcb/openssl-msys-canonical-02/openssl-release-sdk-01/include -I/c/Users/crutkasLocal/.copilot/session-state/f6ea7713-2cec-41d5-b3f9-b4373e60fa33/files/resume-20260907/zlib-msys-01/stage/usr/include -I/c/ap13-dcb/openssl-msys-canonical-02/openssl-release-sdk-01/include -I/c/Users/crutkasLocal/.copilot/session-state/f6ea7713-2cec-41d5-b3f9-b4373e60fa33/files/resume-20260907/zlib-msys-01/stage/usr/include -I/c/ag-e138920f/ssh-libxcrypt-msys-02/stage/usr/include -DHAVE_CONFIG_H -c /c/ap13-dcb/openssh-msys-canonical-05/src/openbsd-compat/daemon.c
/c/Users/crutkasLocal/.copilot/repos/copilot-worktrees/msys2-woarm64-build/crutkas-didactic-waffle/.github/scripts/msys-openssh-release-gcc -g -O2 -pipe -Wno-error=format-truncation -Wall -Wextra -Wpointer-arith -Wuninitialized -Wsign-compare -Wformat-security -Wsizeof-pointer-memaccess -Wno-pointer-sign -Wno-unused-parameter -Wno-unused-result -Wimplicit-fallthrough -Wmisleading-indentation -fno-strict-aliasing -fno-builtin-memset -Wno-attributes   -fPIC -I. -I.. -I/c/ap13-dcb/openssh-msys-canonical-05/src/openbsd-compat -I/c/ap13-dcb/openssh-msys-canonical-05/src/openbsd-compat/.. -I"/c/ap13-dcb/openssh-msys-canonical-05/build/openbsd-compat/include" -I/c/ap13-dcb/openssl-msys-canonical-02/openssl-release-sdk-01/include -I/c/Users/crutkasLocal/.copilot/session-state/f6ea7713-2cec-41d5-b3f9-b4373e60fa33/files/resume-20260907/zlib-msys-01/stage/usr/include -I/c/ap13-dcb/openssl-msys-canonical-02/openssl-release-sdk-01/include -I/c/Users/crutkasLocal/.copilot/session-state/f6ea7713-2cec-41d5-b3f9-b4373e60fa33/files/resume-20260907/zlib-msys-01/stage/usr/include -I/c/ag-e138920f/ssh-libxcrypt-msys-02/stage/usr/include -DHAVE_CONFIG_H -c /c/ap13-dcb/openssh-msys-canonical-05/src/openbsd-compat/dirname.c
/c/Users/crutkasLocal/.copilot/repos/copilot-worktrees/msys2-woarm64-build/crutkas-didactic-waffle/.github/scripts/msys-openssh-release-gcc -g -O2 -pipe -Wno-error=format-truncation -Wall -Wextra -Wpointer-arith -Wuninitialized -Wsign-compare -Wformat-security -Wsizeof-pointer-memaccess -Wno-pointer-sign -Wno-unused-parameter -Wno-unused-result -Wimplicit-fallthrough -Wmisleading-indentation -fno-strict-aliasing -fno-builtin-memset -Wno-attributes   -fPIC -I. -I.. -I/c/ap13-dcb/openssh-msys-canonical-05/src/openbsd-compat -I/c/ap13-dcb/openssh-msys-canonical-05/src/openbsd-compat/.. -I"/c/ap13-dcb/openssh-msys-canonical-05/build/openbsd-compat/include" -I/c/ap13-dcb/openssl-msys-canonical-02/openssl-release-sdk-01/include -I/c/Users/crutkasLocal/.copilot/session-state/f6ea7713-2cec-41d5-b3f9-b4373e60fa33/files/resume-20260907/zlib-msys-01/stage/usr/include -I/c/ap13-dcb/openssl-msys-canonical-02/openssl-release-sdk-01/include -I/c/Users/crutkasLocal/.copilot/session-state/f6ea7713-2cec-41d5-b3f9-b4373e60fa33/files/resume-20260907/zlib-msys-01/stage/usr/include -I/c/ag-e138920f/ssh-libxcrypt-msys-02/stage/usr/include -DHAVE_CONFIG_H -c /c/ap13-dcb/openssh-msys-canonical-05/src/openbsd-compat/explicit_bzero.c
/c/Users/crutkasLocal/.copilot/repos/copilot-worktrees/msys2-woarm64-build/crutkas-didactic-waffle/.github/scripts/msys-openssh-release-gcc -g -O2 -pipe -Wno-error=format-truncation -Wall -Wextra -Wpointer-arith -Wuninitialized -Wsign-compare -Wformat-security -Wsizeof-pointer-memaccess -Wno-pointer-sign -Wno-unused-parameter -Wno-unused-result -Wimplicit-fallthrough -Wmisleading-indentation -fno-strict-aliasing -fno-builtin-memset -Wno-attributes   -I. -I/c/ap13-dcb/openssh-msys-canonical-05/src -I"/c/ap13-dcb/openssh-msys-canonical-05/build/openbsd-compat/include" -I/c/ap13-dcb/openssl-msys-canonical-02/openssl-release-sdk-01/include -I/c/Users/crutkasLocal/.copilot/session-state/f6ea7713-2cec-41d5-b3f9-b4373e60fa33/files/resume-20260907/zlib-msys-01/stage/usr/include -I/c/ap13-dcb/openssl-msys-canonical-02/openssl-release-sdk-01/include -I/c/Users/crutkasLocal/.copilot/session-state/f6ea7713-2cec-41d5-b3f9-b4373e60fa33/files/resume-20260907/zlib-msys-01/stage/usr/include -I/c/ag-e138920f/ssh-libxcrypt-msys-02/stage/usr/include -DSSHDIR=\"/etc/ssh\" -D_PATH_SSH_PROGRAM=\"/usr/bin/ssh\" -D_PATH_SSH_ASKPASS_DEFAULT=\"/usr/lib/ssh/ssh-askpass\" -D_PATH_SFTP_SERVER=\"/usr/lib/ssh/sftp-server\" -D_PATH_SSH_KEY_SIGN=\"/usr/lib/ssh/ssh-keysign\" -D_PATH_SSHD_SESSION=\"/usr/lib/ssh/sshd-session\" -D_PATH_SSHD_AUTH=\"/usr/lib/ssh/sshd-auth\" -D_PATH_SSH_PKCS11_HELPER=\"/usr/lib/ssh/ssh-pkcs11-helper\" -D_PATH_SSH_SK_HELPER=\"/usr/lib/ssh/ssh-sk-helper\" -D_PATH_SSH_PIDDIR=\"/etc/ssh\" -D_PATH_PRIVSEP_CHROOT_DIR=\"/var/empty\" -DHAVE_CONFIG_H -c /c/ap13-dcb/openssh-msys-canonical-05/src/cipher-aes.c -o cipher-aes.o
/c/Users/crutkasLocal/.copilot/repos/copilot-worktrees/msys2-woarm64-build/crutkas-didactic-waffle/.github/scripts/msys-openssh-release-gcc -g -O2 -pipe -Wno-error=format-truncation -Wall -Wextra -Wpointer-arith -Wuninitialized -Wsign-compare -Wformat-security -Wsizeof-pointer-memaccess -Wno-pointer-sign -Wno-unused-parameter -Wno-unused-result -Wimplicit-fallthrough -Wmisleading-indentation -fno-strict-aliasing -fno-builtin-memset -Wno-attributes   -fPIC -I. -I.. -I/c/ap13-dcb/openssh-msys-canonical-05/src/openbsd-compat -I/c/ap13-dcb/openssh-msys-canonical-05/src/openbsd-compat/.. -I"/c/ap13-dcb/openssh-msys-canonical-05/build/openbsd-compat/include" -I/c/ap13-dcb/openssl-msys-canonical-02/openssl-release-sdk-01/include -I/c/Users/crutkasLocal/.copilot/session-state/f6ea7713-2cec-41d5-b3f9-b4373e60fa33/files/resume-20260907/zlib-msys-01/stage/usr/include -I/c/ap13-dcb/openssl-msys-canonical-02/openssl-release-sdk-01/include -I/c/Users/crutkasLocal/.copilot/session-state/f6ea7713-2cec-41d5-b3f9-b4373e60fa33/files/resume-20260907/zlib-msys-01/stage/usr/include -I/c/ag-e138920f/ssh-libxcrypt-msys-02/stage/usr/include -DHAVE_CONFIG_H -c /c/ap13-dcb/openssh-msys-canonical-05/src/openbsd-compat/fmt_scaled.c
/c/Users/crutkasLocal/.copilot/repos/copilot-worktrees/msys2-woarm64-build/crutkas-didactic-waffle/.github/scripts/msys-openssh-release-gcc -g -O2 -pipe -Wno-error=format-truncation -Wall -Wextra -Wpointer-arith -Wuninitialized -Wsign-compare -Wformat-security -Wsizeof-pointer-memaccess -Wno-pointer-sign -Wno-unused-parameter -Wno-unused-result -Wimplicit-fallthrough -Wmisleading-indentation -fno-strict-aliasing -fno-builtin-memset -Wno-attributes   -I. -I/c/ap13-dcb/openssh-msys-canonical-05/src -I"/c/ap13-dcb/openssh-msys-canonical-05/build/openbsd-compat/include" -I/c/ap13-dcb/openssl-msys-canonical-02/openssl-release-sdk-01/include -I/c/Users/crutkasLocal/.copilot/session-state/f6ea7713-2cec-41d5-b3f9-b4373e60fa33/files/resume-20260907/zlib-msys-01/stage/usr/include -I/c/ap13-dcb/openssl-msys-canonical-02/openssl-release-sdk-01/include -I/c/Users/crutkasLocal/.copilot/session-state/f6ea7713-2cec-41d5-b3f9-b4373e60fa33/files/resume-20260907/zlib-msys-01/stage/usr/include -I/c/ag-e138920f/ssh-libxcrypt-msys-02/stage/usr/include -DSSHDIR=\"/etc/ssh\" -D_PATH_SSH_PROGRAM=\"/usr/bin/ssh\" -D_PATH_SSH_ASKPASS_DEFAULT=\"/usr/lib/ssh/ssh-askpass\" -D_PATH_SFTP_SERVER=\"/usr/lib/ssh/sftp-server\" -D_PATH_SSH_KEY_SIGN=\"/usr/lib/ssh/ssh-keysign\" -D_PATH_SSHD_SESSION=\"/usr/lib/ssh/sshd-session\" -D_PATH_SSHD_AUTH=\"/usr/lib/ssh/sshd-auth\" -D_PATH_SSH_PKCS11_HELPER=\"/usr/lib/ssh/ssh-pkcs11-helper\" -D_PATH_SSH_SK_HELPER=\"/usr/lib/ssh/ssh-sk-helper\" -D_PATH_SSH_PIDDIR=\"/etc/ssh\" -D_PATH_PRIVSEP_CHROOT_DIR=\"/var/empty\" -DHAVE_CONFIG_H -c /c/ap13-dcb/openssh-msys-canonical-05/src/cipher-aesctr.c -o cipher-aesctr.o
/c/Users/crutkasLocal/.copilot/repos/copilot-worktrees/msys2-woarm64-build/crutkas-didactic-waffle/.github/scripts/msys-openssh-release-gcc -g -O2 -pipe -Wno-error=format-truncation -Wall -Wextra -Wpointer-arith -Wuninitialized -Wsign-compare -Wformat-security -Wsizeof-pointer-memaccess -Wno-pointer-sign -Wno-unused-parameter -Wno-unused-result -Wimplicit-fallthrough -Wmisleading-indentation -fno-strict-aliasing -fno-builtin-memset -Wno-attributes   -fPIC -I. -I.. -I/c/ap13-dcb/openssh-msys-canonical-05/src/openbsd-compat -I/c/ap13-dcb/openssh-msys-canonical-05/src/openbsd-compat/.. -I"/c/ap13-dcb/openssh-msys-canonical-05/build/openbsd-compat/include" -I/c/ap13-dcb/openssl-msys-canonical-02/openssl-release-sdk-01/include -I/c/Users/crutkasLocal/.copilot/session-state/f6ea7713-2cec-41d5-b3f9-b4373e60fa33/files/resume-20260907/zlib-msys-01/stage/usr/include -I/c/ap13-dcb/openssl-msys-canonical-02/openssl-release-sdk-01/include -I/c/Users/crutkasLocal/.copilot/session-state/f6ea7713-2cec-41d5-b3f9-b4373e60fa33/files/resume-20260907/zlib-msys-01/stage/usr/include -I/c/ag-e138920f/ssh-libxcrypt-msys-02/stage/usr/include -DHAVE_CONFIG_H -c /c/ap13-dcb/openssh-msys-canonical-05/src/openbsd-compat/freezero.c
/c/Users/crutkasLocal/.copilot/repos/copilot-worktrees/msys2-woarm64-build/crutkas-didactic-waffle/.github/scripts/msys-openssh-release-gcc -g -O2 -pipe -Wno-error=format-truncation -Wall -Wextra -Wpointer-arith -Wuninitialized -Wsign-compare -Wformat-security -Wsizeof-pointer-memaccess -Wno-pointer-sign -Wno-unused-parameter -Wno-unused-result -Wimplicit-fallthrough -Wmisleading-indentation -fno-strict-aliasing -fno-builtin-memset -Wno-attributes   -I. -I/c/ap13-dcb/openssh-msys-canonical-05/src -I"/c/ap13-dcb/openssh-msys-canonical-05/build/openbsd-compat/include" -I/c/ap13-dcb/openssl-msys-canonical-02/openssl-release-sdk-01/include -I/c/Users/crutkasLocal/.copilot/session-state/f6ea7713-2cec-41d5-b3f9-b4373e60fa33/files/resume-20260907/zlib-msys-01/stage/usr/include -I/c/ap13-dcb/openssl-msys-canonical-02/openssl-release-sdk-01/include -I/c/Users/crutkasLocal/.copilot/session-state/f6ea7713-2cec-41d5-b3f9-b4373e60fa33/files/resume-20260907/zlib-msys-01/stage/usr/include -I/c/ag-e138920f/ssh-libxcrypt-msys-02/stage/usr/include -DSSHDIR=\"/etc/ssh\" -D_PATH_SSH_PROGRAM=\"/usr/bin/ssh\" -D_PATH_SSH_ASKPASS_DEFAULT=\"/usr/lib/ssh/ssh-askpass\" -D_PATH_SFTP_SERVER=\"/usr/lib/ssh/sftp-server\" -D_PATH_SSH_KEY_SIGN=\"/usr/lib/ssh/ssh-keysign\" -D_PATH_SSHD_SESSION=\"/usr/lib/ssh/sshd-session\" -D_PATH_SSHD_AUTH=\"/usr/lib/ssh/sshd-auth\" -D_PATH_SSH_PKCS11_HELPER=\"/usr/lib/ssh/ssh-pkcs11-helper\" -D_PATH_SSH_SK_HELPER=\"/usr/lib/ssh/ssh-sk-helper\" -D_PATH_SSH_PIDDIR=\"/etc/ssh\" -D_PATH_PRIVSEP_CHROOT_DIR=\"/var/empty\" -DHAVE_CONFIG_H -c /c/ap13-dcb/openssh-msys-canonical-05/src/cleanup.c -o cleanup.o
/c/Users/crutkasLocal/.copilot/repos/copilot-worktrees/msys2-woarm64-build/crutkas-didactic-waffle/.github/scripts/msys-openssh-release-gcc -g -O2 -pipe -Wno-error=format-truncation -Wall -Wextra -Wpointer-arith -Wuninitialized -Wsign-compare -Wformat-security -Wsizeof-pointer-memaccess -Wno-pointer-sign -Wno-unused-parameter -Wno-unused-result -Wimplicit-fallthrough -Wmisleading-indentation -fno-strict-aliasing -fno-builtin-memset -Wno-attributes   -fPIC -I. -I.. -I/c/ap13-dcb/openssh-msys-canonical-05/src/openbsd-compat -I/c/ap13-dcb/openssh-msys-canonical-05/src/openbsd-compat/.. -I"/c/ap13-dcb/openssh-msys-canonical-05/build/openbsd-compat/include" -I/c/ap13-dcb/openssl-msys-canonical-02/openssl-release-sdk-01/include -I/c/Users/crutkasLocal/.copilot/session-state/f6ea7713-2cec-41d5-b3f9-b4373e60fa33/files/resume-20260907/zlib-msys-01/stage/usr/include -I/c/ap13-dcb/openssl-msys-canonical-02/openssl-release-sdk-01/include -I/c/Users/crutkasLocal/.copilot/session-state/f6ea7713-2cec-41d5-b3f9-b4373e60fa33/files/resume-20260907/zlib-msys-01/stage/usr/include -I/c/ag-e138920f/ssh-libxcrypt-msys-02/stage/usr/include -DHAVE_CONFIG_H -c /c/ap13-dcb/openssh-msys-canonical-05/src/openbsd-compat/fnmatch.c
/c/Users/crutkasLocal/.copilot/repos/copilot-worktrees/msys2-woarm64-build/crutkas-didactic-waffle/.github/scripts/msys-openssh-release-gcc -g -O2 -pipe -Wno-error=format-truncation -Wall -Wextra -Wpointer-arith -Wuninitialized -Wsign-compare -Wformat-security -Wsizeof-pointer-memaccess -Wno-pointer-sign -Wno-unused-parameter -Wno-unused-result -Wimplicit-fallthrough -Wmisleading-indentation -fno-strict-aliasing -fno-builtin-memset -Wno-attributes   -fPIC -I. -I.. -I/c/ap13-dcb/openssh-msys-canonical-05/src/openbsd-compat -I/c/ap13-dcb/openssh-msys-canonical-05/src/openbsd-compat/.. -I"/c/ap13-dcb/openssh-msys-canonical-05/build/openbsd-compat/include" -I/c/ap13-dcb/openssl-msys-canonical-02/openssl-release-sdk-01/include -I/c/Users/crutkasLocal/.copilot/session-state/f6ea7713-2cec-41d5-b3f9-b4373e60fa33/files/resume-20260907/zlib-msys-01/stage/usr/include -I/c/ap13-dcb/openssl-msys-canonical-02/openssl-release-sdk-01/include -I/c/Users/crutkasLocal/.copilot/session-state/f6ea7713-2cec-41d5-b3f9-b4373e60fa33/files/resume-20260907/zlib-msys-01/stage/usr/include -I/c/ag-e138920f/ssh-libxcrypt-msys-02/stage/usr/include -DHAVE_CONFIG_H -c /c/ap13-dcb/openssh-msys-canonical-05/src/openbsd-compat/getcwd.c
/c/Users/crutkasLocal/.copilot/repos/copilot-worktrees/msys2-woarm64-build/crutkas-didactic-waffle/.github/scripts/msys-openssh-release-gcc -g -O2 -pipe -Wno-error=format-truncation -Wall -Wextra -Wpointer-arith -Wuninitialized -Wsign-compare -Wformat-security -Wsizeof-pointer-memaccess -Wno-pointer-sign -Wno-unused-parameter -Wno-unused-result -Wimplicit-fallthrough -Wmisleading-indentation -fno-strict-aliasing -fno-builtin-memset -Wno-attributes   -I. -I/c/ap13-dcb/openssh-msys-canonical-05/src -I"/c/ap13-dcb/openssh-msys-canonical-05/build/openbsd-compat/include" -I/c/ap13-dcb/openssl-msys-canonical-02/openssl-release-sdk-01/include -I/c/Users/crutkasLocal/.copilot/session-state/f6ea7713-2cec-41d5-b3f9-b4373e60fa33/files/resume-20260907/zlib-msys-01/stage/usr/include -I/c/ap13-dcb/openssl-msys-canonical-02/openssl-release-sdk-01/include -I/c/Users/crutkasLocal/.copilot/session-state/f6ea7713-2cec-41d5-b3f9-b4373e60fa33/files/resume-20260907/zlib-msys-01/stage/usr/include -I/c/ag-e138920f/ssh-libxcrypt-msys-02/stage/usr/include -DSSHDIR=\"/etc/ssh\" -D_PATH_SSH_PROGRAM=\"/usr/bin/ssh\" -D_PATH_SSH_ASKPASS_DEFAULT=\"/usr/lib/ssh/ssh-askpass\" -D_PATH_SFTP_SERVER=\"/usr/lib/ssh/sftp-server\" -D_PATH_SSH_KEY_SIGN=\"/usr/lib/ssh/ssh-keysign\" -D_PATH_SSHD_SESSION=\"/usr/lib/ssh/sshd-session\" -D_PATH_SSHD_AUTH=\"/usr/lib/ssh/sshd-auth\" -D_PATH_SSH_PKCS11_HELPER=\"/usr/lib/ssh/ssh-pkcs11-helper\" -D_PATH_SSH_SK_HELPER=\"/usr/lib/ssh/ssh-sk-helper\" -D_PATH_SSH_PIDDIR=\"/etc/ssh\" -D_PATH_PRIVSEP_CHROOT_DIR=\"/var/empty\" -DHAVE_CONFIG_H -c /c/ap13-dcb/openssh-msys-canonical-05/src/compat.c -o compat.o
/c/Users/crutkasLocal/.copilot/repos/copilot-worktrees/msys2-woarm64-build/crutkas-didactic-waffle/.github/scripts/msys-openssh-release-gcc -g -O2 -pipe -Wno-error=format-truncation -Wall -Wextra -Wpointer-arith -Wuninitialized -Wsign-compare -Wformat-security -Wsizeof-pointer-memaccess -Wno-pointer-sign -Wno-unused-parameter -Wno-unused-result -Wimplicit-fallthrough -Wmisleading-indentation -fno-strict-aliasing -fno-builtin-memset -Wno-attributes   -fPIC -I. -I.. -I/c/ap13-dcb/openssh-msys-canonical-05/src/openbsd-compat -I/c/ap13-dcb/openssh-msys-canonical-05/src/openbsd-compat/.. -I"/c/ap13-dcb/openssh-msys-canonical-05/build/openbsd-compat/include" -I/c/ap13-dcb/openssl-msys-canonical-02/openssl-release-sdk-01/include -I/c/Users/crutkasLocal/.copilot/session-state/f6ea7713-2cec-41d5-b3f9-b4373e60fa33/files/resume-20260907/zlib-msys-01/stage/usr/include -I/c/ap13-dcb/openssl-msys-canonical-02/openssl-release-sdk-01/include -I/c/Users/crutkasLocal/.copilot/session-state/f6ea7713-2cec-41d5-b3f9-b4373e60fa33/files/resume-20260907/zlib-msys-01/stage/usr/include -I/c/ag-e138920f/ssh-libxcrypt-msys-02/stage/usr/include -DHAVE_CONFIG_H -c /c/ap13-dcb/openssh-msys-canonical-05/src/openbsd-compat/getgrouplist.c
/c/Users/crutkasLocal/.copilot/repos/copilot-worktrees/msys2-woarm64-build/crutkas-didactic-waffle/.github/scripts/msys-openssh-release-gcc -g -O2 -pipe -Wno-error=format-truncation -Wall -Wextra -Wpointer-arith -Wuninitialized -Wsign-compare -Wformat-security -Wsizeof-pointer-memaccess -Wno-pointer-sign -Wno-unused-parameter -Wno-unused-result -Wimplicit-fallthrough -Wmisleading-indentation -fno-strict-aliasing -fno-builtin-memset -Wno-attributes   -fPIC -I. -I.. -I/c/ap13-dcb/openssh-msys-canonical-05/src/openbsd-compat -I/c/ap13-dcb/openssh-msys-canonical-05/src/openbsd-compat/.. -I"/c/ap13-dcb/openssh-msys-canonical-05/build/openbsd-compat/include" -I/c/ap13-dcb/openssl-msys-canonical-02/openssl-release-sdk-01/include -I/c/Users/crutkasLocal/.copilot/session-state/f6ea7713-2cec-41d5-b3f9-b4373e60fa33/files/resume-20260907/zlib-msys-01/stage/usr/include -I/c/ap13-dcb/openssl-msys-canonical-02/openssl-release-sdk-01/include -I/c/Users/crutkasLocal/.copilot/session-state/f6ea7713-2cec-41d5-b3f9-b4373e60fa33/files/resume-20260907/zlib-msys-01/stage/usr/include -I/c/ag-e138920f/ssh-libxcrypt-msys-02/stage/usr/include -DHAVE_CONFIG_H -c /c/ap13-dcb/openssh-msys-canonical-05/src/openbsd-compat/getopt_long.c
/c/Users/crutkasLocal/.copilot/repos/copilot-worktrees/msys2-woarm64-build/crutkas-didactic-waffle/.github/scripts/msys-openssh-release-gcc -g -O2 -pipe -Wno-error=format-truncation -Wall -Wextra -Wpointer-arith -Wuninitialized -Wsign-compare -Wformat-security -Wsizeof-pointer-memaccess -Wno-pointer-sign -Wno-unused-parameter -Wno-unused-result -Wimplicit-fallthrough -Wmisleading-indentation -fno-strict-aliasing -fno-builtin-memset -Wno-attributes   -I. -I/c/ap13-dcb/openssh-msys-canonical-05/src -I"/c/ap13-dcb/openssh-msys-canonical-05/build/openbsd-compat/include" -I/c/ap13-dcb/openssl-msys-canonical-02/openssl-release-sdk-01/include -I/c/Users/crutkasLocal/.copilot/session-state/f6ea7713-2cec-41d5-b3f9-b4373e60fa33/files/resume-20260907/zlib-msys-01/stage/usr/include -I/c/ap13-dcb/openssl-msys-canonical-02/openssl-release-sdk-01/include -I/c/Users/crutkasLocal/.copilot/session-state/f6ea7713-2cec-41d5-b3f9-b4373e60fa33/files/resume-20260907/zlib-msys-01/stage/usr/include -I/c/ag-e138920f/ssh-libxcrypt-msys-02/stage/usr/include -DSSHDIR=\"/etc/ssh\" -D_PATH_SSH_PROGRAM=\"/usr/bin/ssh\" -D_PATH_SSH_ASKPASS_DEFAULT=\"/usr/lib/ssh/ssh-askpass\" -D_PATH_SFTP_SERVER=\"/usr/lib/ssh/sftp-server\" -D_PATH_SSH_KEY_SIGN=\"/usr/lib/ssh/ssh-keysign\" -D_PATH_SSHD_SESSION=\"/usr/lib/ssh/sshd-session\" -D_PATH_SSHD_AUTH=\"/usr/lib/ssh/sshd-auth\" -D_PATH_SSH_PKCS11_HELPER=\"/usr/lib/ssh/ssh-pkcs11-helper\" -D_PATH_SSH_SK_HELPER=\"/usr/lib/ssh/ssh-sk-helper\" -D_PATH_SSH_PIDDIR=\"/etc/ssh\" -D_PATH_PRIVSEP_CHROOT_DIR=\"/var/empty\" -DHAVE_CONFIG_H -c /c/ap13-dcb/openssh-msys-canonical-05/src/fatal.c -o fatal.o
/c/Users/crutkasLocal/.copilot/repos/copilot-worktrees/msys2-woarm64-build/crutkas-didactic-waffle/.github/scripts/msys-openssh-release-gcc -g -O2 -pipe -Wno-error=format-truncation -Wall -Wextra -Wpointer-arith -Wuninitialized -Wsign-compare -Wformat-security -Wsizeof-pointer-memaccess -Wno-pointer-sign -Wno-unused-parameter -Wno-unused-result -Wimplicit-fallthrough -Wmisleading-indentation -fno-strict-aliasing -fno-builtin-memset -Wno-attributes   -fPIC -I. -I.. -I/c/ap13-dcb/openssh-msys-canonical-05/src/openbsd-compat -I/c/ap13-dcb/openssh-msys-canonical-05/src/openbsd-compat/.. -I"/c/ap13-dcb/openssh-msys-canonical-05/build/openbsd-compat/include" -I/c/ap13-dcb/openssl-msys-canonical-02/openssl-release-sdk-01/include -I/c/Users/crutkasLocal/.copilot/session-state/f6ea7713-2cec-41d5-b3f9-b4373e60fa33/files/resume-20260907/zlib-msys-01/stage/usr/include -I/c/ap13-dcb/openssl-msys-canonical-02/openssl-release-sdk-01/include -I/c/Users/crutkasLocal/.copilot/session-state/f6ea7713-2cec-41d5-b3f9-b4373e60fa33/files/resume-20260907/zlib-msys-01/stage/usr/include -I/c/ag-e138920f/ssh-libxcrypt-msys-02/stage/usr/include -DHAVE_CONFIG_H -c /c/ap13-dcb/openssh-msys-canonical-05/src/openbsd-compat/getrrsetbyname.c
/c/Users/crutkasLocal/.copilot/repos/copilot-worktrees/msys2-woarm64-build/crutkas-didactic-waffle/.github/scripts/msys-openssh-release-gcc -g -O2 -pipe -Wno-error=format-truncation -Wall -Wextra -Wpointer-arith -Wuninitialized -Wsign-compare -Wformat-security -Wsizeof-pointer-memaccess -Wno-pointer-sign -Wno-unused-parameter -Wno-unused-result -Wimplicit-fallthrough -Wmisleading-indentation -fno-strict-aliasing -fno-builtin-memset -Wno-attributes   -fPIC -I. -I.. -I/c/ap13-dcb/openssh-msys-canonical-05/src/openbsd-compat -I/c/ap13-dcb/openssh-msys-canonical-05/src/openbsd-compat/.. -I"/c/ap13-dcb/openssh-msys-canonical-05/build/openbsd-compat/include" -I/c/ap13-dcb/openssl-msys-canonical-02/openssl-release-sdk-01/include -I/c/Users/crutkasLocal/.copilot/session-state/f6ea7713-2cec-41d5-b3f9-b4373e60fa33/files/resume-20260907/zlib-msys-01/stage/usr/include -I/c/ap13-dcb/openssl-msys-canonical-02/openssl-release-sdk-01/include -I/c/Users/crutkasLocal/.copilot/session-state/f6ea7713-2cec-41d5-b3f9-b4373e60fa33/files/resume-20260907/zlib-msys-01/stage/usr/include -I/c/ag-e138920f/ssh-libxcrypt-msys-02/stage/usr/include -DHAVE_CONFIG_H -c /c/ap13-dcb/openssh-msys-canonical-05/src/openbsd-compat/glob.c
/c/Users/crutkasLocal/.copilot/repos/copilot-worktrees/msys2-woarm64-build/crutkas-didactic-waffle/.github/scripts/msys-openssh-release-gcc -g -O2 -pipe -Wno-error=format-truncation -Wall -Wextra -Wpointer-arith -Wuninitialized -Wsign-compare -Wformat-security -Wsizeof-pointer-memaccess -Wno-pointer-sign -Wno-unused-parameter -Wno-unused-result -Wimplicit-fallthrough -Wmisleading-indentation -fno-strict-aliasing -fno-builtin-memset -Wno-attributes   -I. -I/c/ap13-dcb/openssh-msys-canonical-05/src -I"/c/ap13-dcb/openssh-msys-canonical-05/build/openbsd-compat/include" -I/c/ap13-dcb/openssl-msys-canonical-02/openssl-release-sdk-01/include -I/c/Users/crutkasLocal/.copilot/session-state/f6ea7713-2cec-41d5-b3f9-b4373e60fa33/files/resume-20260907/zlib-msys-01/stage/usr/include -I/c/ap13-dcb/openssl-msys-canonical-02/openssl-release-sdk-01/include -I/c/Users/crutkasLocal/.copilot/session-state/f6ea7713-2cec-41d5-b3f9-b4373e60fa33/files/resume-20260907/zlib-msys-01/stage/usr/include -I/c/ag-e138920f/ssh-libxcrypt-msys-02/stage/usr/include -DSSHDIR=\"/etc/ssh\" -D_PATH_SSH_PROGRAM=\"/usr/bin/ssh\" -D_PATH_SSH_ASKPASS_DEFAULT=\"/usr/lib/ssh/ssh-askpass\" -D_PATH_SFTP_SERVER=\"/usr/lib/ssh/sftp-server\" -D_PATH_SSH_KEY_SIGN=\"/usr/lib/ssh/ssh-keysign\" -D_PATH_SSHD_SESSION=\"/usr/lib/ssh/sshd-session\" -D_PATH_SSHD_AUTH=\"/usr/lib/ssh/sshd-auth\" -D_PATH_SSH_PKCS11_HELPER=\"/usr/lib/ssh/ssh-pkcs11-helper\" -D_PATH_SSH_SK_HELPER=\"/usr/lib/ssh/ssh-sk-helper\" -D_PATH_SSH_PIDDIR=\"/etc/ssh\" -D_PATH_PRIVSEP_CHROOT_DIR=\"/var/empty\" -DHAVE_CONFIG_H -c /c/ap13-dcb/openssh-msys-canonical-05/src/hostfile.c -o hostfile.o
/c/Users/crutkasLocal/.copilot/repos/copilot-worktrees/msys2-woarm64-build/crutkas-didactic-waffle/.github/scripts/msys-openssh-release-gcc -g -O2 -pipe -Wno-error=format-truncation -Wall -Wextra -Wpointer-arith -Wuninitialized -Wsign-compare -Wformat-security -Wsizeof-pointer-memaccess -Wno-pointer-sign -Wno-unused-parameter -Wno-unused-result -Wimplicit-fallthrough -Wmisleading-indentation -fno-strict-aliasing -fno-builtin-memset -Wno-attributes   -fPIC -I. -I.. -I/c/ap13-dcb/openssh-msys-canonical-05/src/openbsd-compat -I/c/ap13-dcb/openssh-msys-canonical-05/src/openbsd-compat/.. -I"/c/ap13-dcb/openssh-msys-canonical-05/build/openbsd-compat/include" -I/c/ap13-dcb/openssl-msys-canonical-02/openssl-release-sdk-01/include -I/c/Users/crutkasLocal/.copilot/session-state/f6ea7713-2cec-41d5-b3f9-b4373e60fa33/files/resume-20260907/zlib-msys-01/stage/usr/include -I/c/ap13-dcb/openssl-msys-canonical-02/openssl-release-sdk-01/include -I/c/Users/crutkasLocal/.copilot/session-state/f6ea7713-2cec-41d5-b3f9-b4373e60fa33/files/resume-20260907/zlib-msys-01/stage/usr/include -I/c/ag-e138920f/ssh-libxcrypt-msys-02/stage/usr/include -DHAVE_CONFIG_H -c /c/ap13-dcb/openssh-msys-canonical-05/src/openbsd-compat/inet_aton.c
/c/Users/crutkasLocal/.copilot/repos/copilot-worktrees/msys2-woarm64-build/crutkas-didactic-waffle/.github/scripts/msys-openssh-release-gcc -g -O2 -pipe -Wno-error=format-truncation -Wall -Wextra -Wpointer-arith -Wuninitialized -Wsign-compare -Wformat-security -Wsizeof-pointer-memaccess -Wno-pointer-sign -Wno-unused-parameter -Wno-unused-result -Wimplicit-fallthrough -Wmisleading-indentation -fno-strict-aliasing -fno-builtin-memset -Wno-attributes   -I. -I/c/ap13-dcb/openssh-msys-canonical-05/src -I"/c/ap13-dcb/openssh-msys-canonical-05/build/openbsd-compat/include" -I/c/ap13-dcb/openssl-msys-canonical-02/openssl-release-sdk-01/include -I/c/Users/crutkasLocal/.copilot/session-state/f6ea7713-2cec-41d5-b3f9-b4373e60fa33/files/resume-20260907/zlib-msys-01/stage/usr/include -I/c/ap13-dcb/openssl-msys-canonical-02/openssl-release-sdk-01/include -I/c/Users/crutkasLocal/.copilot/session-state/f6ea7713-2cec-41d5-b3f9-b4373e60fa33/files/resume-20260907/zlib-msys-01/stage/usr/include -I/c/ag-e138920f/ssh-libxcrypt-msys-02/stage/usr/include -DSSHDIR=\"/etc/ssh\" -D_PATH_SSH_PROGRAM=\"/usr/bin/ssh\" -D_PATH_SSH_ASKPASS_DEFAULT=\"/usr/lib/ssh/ssh-askpass\" -D_PATH_SFTP_SERVER=\"/usr/lib/ssh/sftp-server\" -D_PATH_SSH_KEY_SIGN=\"/usr/lib/ssh/ssh-keysign\" -D_PATH_SSHD_SESSION=\"/usr/lib/ssh/sshd-session\" -D_PATH_SSHD_AUTH=\"/usr/lib/ssh/sshd-auth\" -D_PATH_SSH_PKCS11_HELPER=\"/usr/lib/ssh/ssh-pkcs11-helper\" -D_PATH_SSH_SK_HELPER=\"/usr/lib/ssh/ssh-sk-helper\" -D_PATH_SSH_PIDDIR=\"/etc/ssh\" -D_PATH_PRIVSEP_CHROOT_DIR=\"/var/empty\" -DHAVE_CONFIG_H -c /c/ap13-dcb/openssh-msys-canonical-05/src/log.c -o log.o
/c/Users/crutkasLocal/.copilot/repos/copilot-worktrees/msys2-woarm64-build/crutkas-didactic-waffle/.github/scripts/msys-openssh-release-gcc -g -O2 -pipe -Wno-error=format-truncation -Wall -Wextra -Wpointer-arith -Wuninitialized -Wsign-compare -Wformat-security -Wsizeof-pointer-memaccess -Wno-pointer-sign -Wno-unused-parameter -Wno-unused-result -Wimplicit-fallthrough -Wmisleading-indentation -fno-strict-aliasing -fno-builtin-memset -Wno-attributes   -fPIC -I. -I.. -I/c/ap13-dcb/openssh-msys-canonical-05/src/openbsd-compat -I/c/ap13-dcb/openssh-msys-canonical-05/src/openbsd-compat/.. -I"/c/ap13-dcb/openssh-msys-canonical-05/build/openbsd-compat/include" -I/c/ap13-dcb/openssl-msys-canonical-02/openssl-release-sdk-01/include -I/c/Users/crutkasLocal/.copilot/session-state/f6ea7713-2cec-41d5-b3f9-b4373e60fa33/files/resume-20260907/zlib-msys-01/stage/usr/include -I/c/ap13-dcb/openssl-msys-canonical-02/openssl-release-sdk-01/include -I/c/Users/crutkasLocal/.copilot/session-state/f6ea7713-2cec-41d5-b3f9-b4373e60fa33/files/resume-20260907/zlib-msys-01/stage/usr/include -I/c/ag-e138920f/ssh-libxcrypt-msys-02/stage/usr/include -DHAVE_CONFIG_H -c /c/ap13-dcb/openssh-msys-canonical-05/src/openbsd-compat/inet_ntoa.c
C:/ap13-dcb/openssh-msys-canonical-05/src/log.c: In function 'do_log':
C:/ap13-dcb/openssh-msys-canonical-05/src/log.c:395:53: warning: ': ' directive output may be truncated writing 2 bytes into a region of size between 1 and 1024 [-Wformat-truncation=]
  395 |                 snprintf(fmtbuf, sizeof(fmtbuf), "%s: %s", msgbuf, suffix);
      |                                                     ^~
C:/ap13-dcb/openssh-msys-canonical-05/src/log.c:395:17: note: 'snprintf' output 3 or more bytes (assuming 1026) into a destination of size 1024
  395 |                 snprintf(fmtbuf, sizeof(fmtbuf), "%s: %s", msgbuf, suffix);
      |                 ^~~~~~~~~~~~~~~~~~~~~~~~~~~~~~~~~~~~~~~~~~~~~~~~~~~~~~~~~~
C:/ap13-dcb/openssh-msys-canonical-05/src/log.c:408:58: warning: '
   ' directive output may be truncated writing 2 bytes into a region of size between 1 and 1024 [-Wformat-truncation=]
  408 |                 snprintf(msgbuf, sizeof msgbuf, "%s%s%.*s\r\n",
      |                                                          ^~~~
C:/ap13-dcb/openssh-msys-canonical-05/src/log.c:408:17: note: 'snprintf' output between 3 and 1026 bytes into a destination of size 1024
  408 |                 snprintf(msgbuf, sizeof msgbuf, "%s%s%.*s\r\n",
      |                 ^~~~~~~~~~~~~~~~~~~~~~~~~~~~~~~~~~~~~~~~~~~~~~~
  409 |                     (log_on_stderr > 1) ? progname : "",
      |                     ~~~~~~~~~~~~~~~~~~~~~~~~~~~~~~~~~~~~
  410 |                     (log_on_stderr > 1) ? ": " : "",
      |                     ~~~~~~~~~~~~~~~~~~~~~~~~~~~~~~~~
  411 |                     (int)sizeof msgbuf - 3, fmtbuf);
      |                     ~~~~~~~~~~~~~~~~~~~~~~~~~~~~~~~
C:/ap13-dcb/openssh-msys-canonical-05/src/log.c: In function 'sshlogv':
C:/ap13-dcb/openssh-msys-canonical-05/src/log.c:464:67: warning: '%ld' directive output may be truncated writing between 1 and 11 bytes into a region of size between 8 and 111 [-Wformat-truncation=]
  464 |         snprintf(tag, sizeof(tag), "%.48s:%.48s():%d (bin=%s, pid=%ld)",
      |                                                                   ^~~
C:/ap13-dcb/openssh-msys-canonical-05/src/log.c:464:36: note: directive argument in the range [-2147483648, 2147483647]
  464 |         snprintf(tag, sizeof(tag), "%.48s:%.48s():%d (bin=%s, pid=%ld)",
      |                                    ^~~~~~~~~~~~~~~~~~~~~~~~~~~~~~~~~~~~
C:/ap13-dcb/openssh-msys-canonical-05/src/log.c:464:9: note: 'snprintf' output 20 or more bytes (assuming 133) into a destination of size 128
  464 |         snprintf(tag, sizeof(tag), "%.48s:%.48s():%d (bin=%s, pid=%ld)",
      |         ^~~~~~~~~~~~~~~~~~~~~~~~~~~~~~~~~~~~~~~~~~~~~~~~~~~~~~~~~~~~~~~~
  465 |             (cp = strrchr(file, '/')) == NULL ? file : cp + 1, func, line,
      |             ~~~~~~~~~~~~~~~~~~~~~~~~~~~~~~~~~~~~~~~~~~~~~~~~~~~~~~~~~~~~~~
  466 |             argv0 == NULL ? "UNKNOWN" : argv0, (long)getpid());
      |             ~~~~~~~~~~~~~~~~~~~~~~~~~~~~~~~~~~~~~~~~~~~~~~~~~~
/c/Users/crutkasLocal/.copilot/repos/copilot-worktrees/msys2-woarm64-build/crutkas-didactic-waffle/.github/scripts/msys-openssh-release-gcc -g -O2 -pipe -Wno-error=format-truncation -Wall -Wextra -Wpointer-arith -Wuninitialized -Wsign-compare -Wformat-security -Wsizeof-pointer-memaccess -Wno-pointer-sign -Wno-unused-parameter -Wno-unused-result -Wimplicit-fallthrough -Wmisleading-indentation -fno-strict-aliasing -fno-builtin-memset -Wno-attributes   -fPIC -I. -I.. -I/c/ap13-dcb/openssh-msys-canonical-05/src/openbsd-compat -I/c/ap13-dcb/openssh-msys-canonical-05/src/openbsd-compat/.. -I"/c/ap13-dcb/openssh-msys-canonical-05/build/openbsd-compat/include" -I/c/ap13-dcb/openssl-msys-canonical-02/openssl-release-sdk-01/include -I/c/Users/crutkasLocal/.copilot/session-state/f6ea7713-2cec-41d5-b3f9-b4373e60fa33/files/resume-20260907/zlib-msys-01/stage/usr/include -I/c/ap13-dcb/openssl-msys-canonical-02/openssl-release-sdk-01/include -I/c/Users/crutkasLocal/.copilot/session-state/f6ea7713-2cec-41d5-b3f9-b4373e60fa33/files/resume-20260907/zlib-msys-01/stage/usr/include -I/c/ag-e138920f/ssh-libxcrypt-msys-02/stage/usr/include -DHAVE_CONFIG_H -c /c/ap13-dcb/openssh-msys-canonical-05/src/openbsd-compat/inet_ntop.c
/c/Users/crutkasLocal/.copilot/repos/copilot-worktrees/msys2-woarm64-build/crutkas-didactic-waffle/.github/scripts/msys-openssh-release-gcc -g -O2 -pipe -Wno-error=format-truncation -Wall -Wextra -Wpointer-arith -Wuninitialized -Wsign-compare -Wformat-security -Wsizeof-pointer-memaccess -Wno-pointer-sign -Wno-unused-parameter -Wno-unused-result -Wimplicit-fallthrough -Wmisleading-indentation -fno-strict-aliasing -fno-builtin-memset -Wno-attributes   -I. -I/c/ap13-dcb/openssh-msys-canonical-05/src -I"/c/ap13-dcb/openssh-msys-canonical-05/build/openbsd-compat/include" -I/c/ap13-dcb/openssl-msys-canonical-02/openssl-release-sdk-01/include -I/c/Users/crutkasLocal/.copilot/session-state/f6ea7713-2cec-41d5-b3f9-b4373e60fa33/files/resume-20260907/zlib-msys-01/stage/usr/include -I/c/ap13-dcb/openssl-msys-canonical-02/openssl-release-sdk-01/include -I/c/Users/crutkasLocal/.copilot/session-state/f6ea7713-2cec-41d5-b3f9-b4373e60fa33/files/resume-20260907/zlib-msys-01/stage/usr/include -I/c/ag-e138920f/ssh-libxcrypt-msys-02/stage/usr/include -DSSHDIR=\"/etc/ssh\" -D_PATH_SSH_PROGRAM=\"/usr/bin/ssh\" -D_PATH_SSH_ASKPASS_DEFAULT=\"/usr/lib/ssh/ssh-askpass\" -D_PATH_SFTP_SERVER=\"/usr/lib/ssh/sftp-server\" -D_PATH_SSH_KEY_SIGN=\"/usr/lib/ssh/ssh-keysign\" -D_PATH_SSHD_SESSION=\"/usr/lib/ssh/sshd-session\" -D_PATH_SSHD_AUTH=\"/usr/lib/ssh/sshd-auth\" -D_PATH_SSH_PKCS11_HELPER=\"/usr/lib/ssh/ssh-pkcs11-helper\" -D_PATH_SSH_SK_HELPER=\"/usr/lib/ssh/ssh-sk-helper\" -D_PATH_SSH_PIDDIR=\"/etc/ssh\" -D_PATH_PRIVSEP_CHROOT_DIR=\"/var/empty\" -DHAVE_CONFIG_H -c /c/ap13-dcb/openssh-msys-canonical-05/src/match.c -o match.o
/c/Users/crutkasLocal/.copilot/repos/copilot-worktrees/msys2-woarm64-build/crutkas-didactic-waffle/.github/scripts/msys-openssh-release-gcc -g -O2 -pipe -Wno-error=format-truncation -Wall -Wextra -Wpointer-arith -Wuninitialized -Wsign-compare -Wformat-security -Wsizeof-pointer-memaccess -Wno-pointer-sign -Wno-unused-parameter -Wno-unused-result -Wimplicit-fallthrough -Wmisleading-indentation -fno-strict-aliasing -fno-builtin-memset -Wno-attributes   -fPIC -I. -I.. -I/c/ap13-dcb/openssh-msys-canonical-05/src/openbsd-compat -I/c/ap13-dcb/openssh-msys-canonical-05/src/openbsd-compat/.. -I"/c/ap13-dcb/openssh-msys-canonical-05/build/openbsd-compat/include" -I/c/ap13-dcb/openssl-msys-canonical-02/openssl-release-sdk-01/include -I/c/Users/crutkasLocal/.copilot/session-state/f6ea7713-2cec-41d5-b3f9-b4373e60fa33/files/resume-20260907/zlib-msys-01/stage/usr/include -I/c/ap13-dcb/openssl-msys-canonical-02/openssl-release-sdk-01/include -I/c/Users/crutkasLocal/.copilot/session-state/f6ea7713-2cec-41d5-b3f9-b4373e60fa33/files/resume-20260907/zlib-msys-01/stage/usr/include -I/c/ag-e138920f/ssh-libxcrypt-msys-02/stage/usr/include -DHAVE_CONFIG_H -c /c/ap13-dcb/openssh-msys-canonical-05/src/openbsd-compat/md5.c
/c/Users/crutkasLocal/.copilot/repos/copilot-worktrees/msys2-woarm64-build/crutkas-didactic-waffle/.github/scripts/msys-openssh-release-gcc -g -O2 -pipe -Wno-error=format-truncation -Wall -Wextra -Wpointer-arith -Wuninitialized -Wsign-compare -Wformat-security -Wsizeof-pointer-memaccess -Wno-pointer-sign -Wno-unused-parameter -Wno-unused-result -Wimplicit-fallthrough -Wmisleading-indentation -fno-strict-aliasing -fno-builtin-memset -Wno-attributes   -fPIC -I. -I.. -I/c/ap13-dcb/openssh-msys-canonical-05/src/openbsd-compat -I/c/ap13-dcb/openssh-msys-canonical-05/src/openbsd-compat/.. -I"/c/ap13-dcb/openssh-msys-canonical-05/build/openbsd-compat/include" -I/c/ap13-dcb/openssl-msys-canonical-02/openssl-release-sdk-01/include -I/c/Users/crutkasLocal/.copilot/session-state/f6ea7713-2cec-41d5-b3f9-b4373e60fa33/files/resume-20260907/zlib-msys-01/stage/usr/include -I/c/ap13-dcb/openssl-msys-canonical-02/openssl-release-sdk-01/include -I/c/Users/crutkasLocal/.copilot/session-state/f6ea7713-2cec-41d5-b3f9-b4373e60fa33/files/resume-20260907/zlib-msys-01/stage/usr/include -I/c/ag-e138920f/ssh-libxcrypt-msys-02/stage/usr/include -DHAVE_CONFIG_H -c /c/ap13-dcb/openssh-msys-canonical-05/src/openbsd-compat/memmem.c
/c/Users/crutkasLocal/.copilot/repos/copilot-worktrees/msys2-woarm64-build/crutkas-didactic-waffle/.github/scripts/msys-openssh-release-gcc -g -O2 -pipe -Wno-error=format-truncation -Wall -Wextra -Wpointer-arith -Wuninitialized -Wsign-compare -Wformat-security -Wsizeof-pointer-memaccess -Wno-pointer-sign -Wno-unused-parameter -Wno-unused-result -Wimplicit-fallthrough -Wmisleading-indentation -fno-strict-aliasing -fno-builtin-memset -Wno-attributes   -I. -I/c/ap13-dcb/openssh-msys-canonical-05/src -I"/c/ap13-dcb/openssh-msys-canonical-05/build/openbsd-compat/include" -I/c/ap13-dcb/openssl-msys-canonical-02/openssl-release-sdk-01/include -I/c/Users/crutkasLocal/.copilot/session-state/f6ea7713-2cec-41d5-b3f9-b4373e60fa33/files/resume-20260907/zlib-msys-01/stage/usr/include -I/c/ap13-dcb/openssl-msys-canonical-02/openssl-release-sdk-01/include -I/c/Users/crutkasLocal/.copilot/session-state/f6ea7713-2cec-41d5-b3f9-b4373e60fa33/files/resume-20260907/zlib-msys-01/stage/usr/include -I/c/ag-e138920f/ssh-libxcrypt-msys-02/stage/usr/include -DSSHDIR=\"/etc/ssh\" -D_PATH_SSH_PROGRAM=\"/usr/bin/ssh\" -D_PATH_SSH_ASKPASS_DEFAULT=\"/usr/lib/ssh/ssh-askpass\" -D_PATH_SFTP_SERVER=\"/usr/lib/ssh/sftp-server\" -D_PATH_SSH_KEY_SIGN=\"/usr/lib/ssh/ssh-keysign\" -D_PATH_SSHD_SESSION=\"/usr/lib/ssh/sshd-session\" -D_PATH_SSHD_AUTH=\"/usr/lib/ssh/sshd-auth\" -D_PATH_SSH_PKCS11_HELPER=\"/usr/lib/ssh/ssh-pkcs11-helper\" -D_PATH_SSH_SK_HELPER=\"/usr/lib/ssh/ssh-sk-helper\" -D_PATH_SSH_PIDDIR=\"/etc/ssh\" -D_PATH_PRIVSEP_CHROOT_DIR=\"/var/empty\" -DHAVE_CONFIG_H -c /c/ap13-dcb/openssh-msys-canonical-05/src/moduli.c -o moduli.o
/c/Users/crutkasLocal/.copilot/repos/copilot-worktrees/msys2-woarm64-build/crutkas-didactic-waffle/.github/scripts/msys-openssh-release-gcc -g -O2 -pipe -Wno-error=format-truncation -Wall -Wextra -Wpointer-arith -Wuninitialized -Wsign-compare -Wformat-security -Wsizeof-pointer-memaccess -Wno-pointer-sign -Wno-unused-parameter -Wno-unused-result -Wimplicit-fallthrough -Wmisleading-indentation -fno-strict-aliasing -fno-builtin-memset -Wno-attributes   -fPIC -I. -I.. -I/c/ap13-dcb/openssh-msys-canonical-05/src/openbsd-compat -I/c/ap13-dcb/openssh-msys-canonical-05/src/openbsd-compat/.. -I"/c/ap13-dcb/openssh-msys-canonical-05/build/openbsd-compat/include" -I/c/ap13-dcb/openssl-msys-canonical-02/openssl-release-sdk-01/include -I/c/Users/crutkasLocal/.copilot/session-state/f6ea7713-2cec-41d5-b3f9-b4373e60fa33/files/resume-20260907/zlib-msys-01/stage/usr/include -I/c/ap13-dcb/openssl-msys-canonical-02/openssl-release-sdk-01/include -I/c/Users/crutkasLocal/.copilot/session-state/f6ea7713-2cec-41d5-b3f9-b4373e60fa33/files/resume-20260907/zlib-msys-01/stage/usr/include -I/c/ag-e138920f/ssh-libxcrypt-msys-02/stage/usr/include -DHAVE_CONFIG_H -c /c/ap13-dcb/openssh-msys-canonical-05/src/openbsd-compat/mktemp.c
C:/ap13-dcb/openssh-msys-canonical-05/src/moduli.c: In function 'prime_test':
C:/ap13-dcb/openssh-msys-canonical-05/src/moduli.c:711:17: warning: 'BN_is_prime_ex' is deprecated: Since OpenSSL 3.0 [-Wdeprecated-declarations]
  711 |                 is_prime = BN_is_prime_ex(q, 1, NULL, NULL);
      |                 ^~~~~~~~
In file included from C:/ap13-dcb/openssh-msys-canonical-05/src/moduli.c:46:
C:/ap13-dcb/openssl-msys-canonical-02/openssl-release-sdk-01/include/openssl/bn.h:379:5: note: declared here
  379 | int BN_is_prime_ex(const BIGNUM *p, int nchecks, BN_CTX *ctx, BN_GENCB *cb);
      |     ^~~~~~~~~~~~~~
C:/ap13-dcb/openssh-msys-canonical-05/src/moduli.c:727:17: warning: 'BN_is_prime_ex' is deprecated: Since OpenSSL 3.0 [-Wdeprecated-declarations]
  727 |                 is_prime = BN_is_prime_ex(p, trials, NULL, NULL);
      |                 ^~~~~~~~
C:/ap13-dcb/openssl-msys-canonical-02/openssl-release-sdk-01/include/openssl/bn.h:379:5: note: declared here
  379 | int BN_is_prime_ex(const BIGNUM *p, int nchecks, BN_CTX *ctx, BN_GENCB *cb);
      |     ^~~~~~~~~~~~~~
C:/ap13-dcb/openssh-msys-canonical-05/src/moduli.c:737:17: warning: 'BN_is_prime_ex' is deprecated: Since OpenSSL 3.0 [-Wdeprecated-declarations]
  737 |                 is_prime = BN_is_prime_ex(q, trials - 1, NULL, NULL);
      |                 ^~~~~~~~
C:/ap13-dcb/openssl-msys-canonical-02/openssl-release-sdk-01/include/openssl/bn.h:379:5: note: declared here
  379 | int BN_is_prime_ex(const BIGNUM *p, int nchecks, BN_CTX *ctx, BN_GENCB *cb);
      |     ^~~~~~~~~~~~~~
/c/Users/crutkasLocal/.copilot/repos/copilot-worktrees/msys2-woarm64-build/crutkas-didactic-waffle/.github/scripts/msys-openssh-release-gcc -g -O2 -pipe -Wno-error=format-truncation -Wall -Wextra -Wpointer-arith -Wuninitialized -Wsign-compare -Wformat-security -Wsizeof-pointer-memaccess -Wno-pointer-sign -Wno-unused-parameter -Wno-unused-result -Wimplicit-fallthrough -Wmisleading-indentation -fno-strict-aliasing -fno-builtin-memset -Wno-attributes   -fPIC -I. -I.. -I/c/ap13-dcb/openssh-msys-canonical-05/src/openbsd-compat -I/c/ap13-dcb/openssh-msys-canonical-05/src/openbsd-compat/.. -I"/c/ap13-dcb/openssh-msys-canonical-05/build/openbsd-compat/include" -I/c/ap13-dcb/openssl-msys-canonical-02/openssl-release-sdk-01/include -I/c/Users/crutkasLocal/.copilot/session-state/f6ea7713-2cec-41d5-b3f9-b4373e60fa33/files/resume-20260907/zlib-msys-01/stage/usr/include -I/c/ap13-dcb/openssl-msys-canonical-02/openssl-release-sdk-01/include -I/c/Users/crutkasLocal/.copilot/session-state/f6ea7713-2cec-41d5-b3f9-b4373e60fa33/files/resume-20260907/zlib-msys-01/stage/usr/include -I/c/ag-e138920f/ssh-libxcrypt-msys-02/stage/usr/include -DHAVE_CONFIG_H -c /c/ap13-dcb/openssh-msys-canonical-05/src/openbsd-compat/pwcache.c
/c/Users/crutkasLocal/.copilot/repos/copilot-worktrees/msys2-woarm64-build/crutkas-didactic-waffle/.github/scripts/msys-openssh-release-gcc -g -O2 -pipe -Wno-error=format-truncation -Wall -Wextra -Wpointer-arith -Wuninitialized -Wsign-compare -Wformat-security -Wsizeof-pointer-memaccess -Wno-pointer-sign -Wno-unused-parameter -Wno-unused-result -Wimplicit-fallthrough -Wmisleading-indentation -fno-strict-aliasing -fno-builtin-memset -Wno-attributes   -I. -I/c/ap13-dcb/openssh-msys-canonical-05/src -I"/c/ap13-dcb/openssh-msys-canonical-05/build/openbsd-compat/include" -I/c/ap13-dcb/openssl-msys-canonical-02/openssl-release-sdk-01/include -I/c/Users/crutkasLocal/.copilot/session-state/f6ea7713-2cec-41d5-b3f9-b4373e60fa33/files/resume-20260907/zlib-msys-01/stage/usr/include -I/c/ap13-dcb/openssl-msys-canonical-02/openssl-release-sdk-01/include -I/c/Users/crutkasLocal/.copilot/session-state/f6ea7713-2cec-41d5-b3f9-b4373e60fa33/files/resume-20260907/zlib-msys-01/stage/usr/include -I/c/ag-e138920f/ssh-libxcrypt-msys-02/stage/usr/include -DSSHDIR=\"/etc/ssh\" -D_PATH_SSH_PROGRAM=\"/usr/bin/ssh\" -D_PATH_SSH_ASKPASS_DEFAULT=\"/usr/lib/ssh/ssh-askpass\" -D_PATH_SFTP_SERVER=\"/usr/lib/ssh/sftp-server\" -D_PATH_SSH_KEY_SIGN=\"/usr/lib/ssh/ssh-keysign\" -D_PATH_SSHD_SESSION=\"/usr/lib/ssh/sshd-session\" -D_PATH_SSHD_AUTH=\"/usr/lib/ssh/sshd-auth\" -D_PATH_SSH_PKCS11_HELPER=\"/usr/lib/ssh/ssh-pkcs11-helper\" -D_PATH_SSH_SK_HELPER=\"/usr/lib/ssh/ssh-sk-helper\" -D_PATH_SSH_PIDDIR=\"/etc/ssh\" -D_PATH_PRIVSEP_CHROOT_DIR=\"/var/empty\" -DHAVE_CONFIG_H -c /c/ap13-dcb/openssh-msys-canonical-05/src/nchan.c -o nchan.o
/c/Users/crutkasLocal/.copilot/repos/copilot-worktrees/msys2-woarm64-build/crutkas-didactic-waffle/.github/scripts/msys-openssh-release-gcc -g -O2 -pipe -Wno-error=format-truncation -Wall -Wextra -Wpointer-arith -Wuninitialized -Wsign-compare -Wformat-security -Wsizeof-pointer-memaccess -Wno-pointer-sign -Wno-unused-parameter -Wno-unused-result -Wimplicit-fallthrough -Wmisleading-indentation -fno-strict-aliasing -fno-builtin-memset -Wno-attributes   -fPIC -I. -I.. -I/c/ap13-dcb/openssh-msys-canonical-05/src/openbsd-compat -I/c/ap13-dcb/openssh-msys-canonical-05/src/openbsd-compat/.. -I"/c/ap13-dcb/openssh-msys-canonical-05/build/openbsd-compat/include" -I/c/ap13-dcb/openssl-msys-canonical-02/openssl-release-sdk-01/include -I/c/Users/crutkasLocal/.copilot/session-state/f6ea7713-2cec-41d5-b3f9-b4373e60fa33/files/resume-20260907/zlib-msys-01/stage/usr/include -I/c/ap13-dcb/openssl-msys-canonical-02/openssl-release-sdk-01/include -I/c/Users/crutkasLocal/.copilot/session-state/f6ea7713-2cec-41d5-b3f9-b4373e60fa33/files/resume-20260907/zlib-msys-01/stage/usr/include -I/c/ag-e138920f/ssh-libxcrypt-msys-02/stage/usr/include -DHAVE_CONFIG_H -c /c/ap13-dcb/openssh-msys-canonical-05/src/openbsd-compat/readpassphrase.c
/c/Users/crutkasLocal/.copilot/repos/copilot-worktrees/msys2-woarm64-build/crutkas-didactic-waffle/.github/scripts/msys-openssh-release-gcc -g -O2 -pipe -Wno-error=format-truncation -Wall -Wextra -Wpointer-arith -Wuninitialized -Wsign-compare -Wformat-security -Wsizeof-pointer-memaccess -Wno-pointer-sign -Wno-unused-parameter -Wno-unused-result -Wimplicit-fallthrough -Wmisleading-indentation -fno-strict-aliasing -fno-builtin-memset -Wno-attributes   -I. -I/c/ap13-dcb/openssh-msys-canonical-05/src -I"/c/ap13-dcb/openssh-msys-canonical-05/build/openbsd-compat/include" -I/c/ap13-dcb/openssl-msys-canonical-02/openssl-release-sdk-01/include -I/c/Users/crutkasLocal/.copilot/session-state/f6ea7713-2cec-41d5-b3f9-b4373e60fa33/files/resume-20260907/zlib-msys-01/stage/usr/include -I/c/ap13-dcb/openssl-msys-canonical-02/openssl-release-sdk-01/include -I/c/Users/crutkasLocal/.copilot/session-state/f6ea7713-2cec-41d5-b3f9-b4373e60fa33/files/resume-20260907/zlib-msys-01/stage/usr/include -I/c/ag-e138920f/ssh-libxcrypt-msys-02/stage/usr/include -DSSHDIR=\"/etc/ssh\" -D_PATH_SSH_PROGRAM=\"/usr/bin/ssh\" -D_PATH_SSH_ASKPASS_DEFAULT=\"/usr/lib/ssh/ssh-askpass\" -D_PATH_SFTP_SERVER=\"/usr/lib/ssh/sftp-server\" -D_PATH_SSH_KEY_SIGN=\"/usr/lib/ssh/ssh-keysign\" -D_PATH_SSHD_SESSION=\"/usr/lib/ssh/sshd-session\" -D_PATH_SSHD_AUTH=\"/usr/lib/ssh/sshd-auth\" -D_PATH_SSH_PKCS11_HELPER=\"/usr/lib/ssh/ssh-pkcs11-helper\" -D_PATH_SSH_SK_HELPER=\"/usr/lib/ssh/ssh-sk-helper\" -D_PATH_SSH_PIDDIR=\"/etc/ssh\" -D_PATH_PRIVSEP_CHROOT_DIR=\"/var/empty\" -DHAVE_CONFIG_H -c /c/ap13-dcb/openssh-msys-canonical-05/src/packet.c -o packet.o
/c/Users/crutkasLocal/.copilot/repos/copilot-worktrees/msys2-woarm64-build/crutkas-didactic-waffle/.github/scripts/msys-openssh-release-gcc -g -O2 -pipe -Wno-error=format-truncation -Wall -Wextra -Wpointer-arith -Wuninitialized -Wsign-compare -Wformat-security -Wsizeof-pointer-memaccess -Wno-pointer-sign -Wno-unused-parameter -Wno-unused-result -Wimplicit-fallthrough -Wmisleading-indentation -fno-strict-aliasing -fno-builtin-memset -Wno-attributes   -fPIC -I. -I.. -I/c/ap13-dcb/openssh-msys-canonical-05/src/openbsd-compat -I/c/ap13-dcb/openssh-msys-canonical-05/src/openbsd-compat/.. -I"/c/ap13-dcb/openssh-msys-canonical-05/build/openbsd-compat/include" -I/c/ap13-dcb/openssl-msys-canonical-02/openssl-release-sdk-01/include -I/c/Users/crutkasLocal/.copilot/session-state/f6ea7713-2cec-41d5-b3f9-b4373e60fa33/files/resume-20260907/zlib-msys-01/stage/usr/include -I/c/ap13-dcb/openssl-msys-canonical-02/openssl-release-sdk-01/include -I/c/Users/crutkasLocal/.copilot/session-state/f6ea7713-2cec-41d5-b3f9-b4373e60fa33/files/resume-20260907/zlib-msys-01/stage/usr/include -I/c/ag-e138920f/ssh-libxcrypt-msys-02/stage/usr/include -DHAVE_CONFIG_H -c /c/ap13-dcb/openssh-msys-canonical-05/src/openbsd-compat/reallocarray.c
/c/Users/crutkasLocal/.copilot/repos/copilot-worktrees/msys2-woarm64-build/crutkas-didactic-waffle/.github/scripts/msys-openssh-release-gcc -g -O2 -pipe -Wno-error=format-truncation -Wall -Wextra -Wpointer-arith -Wuninitialized -Wsign-compare -Wformat-security -Wsizeof-pointer-memaccess -Wno-pointer-sign -Wno-unused-parameter -Wno-unused-result -Wimplicit-fallthrough -Wmisleading-indentation -fno-strict-aliasing -fno-builtin-memset -Wno-attributes   -fPIC -I. -I.. -I/c/ap13-dcb/openssh-msys-canonical-05/src/openbsd-compat -I/c/ap13-dcb/openssh-msys-canonical-05/src/openbsd-compat/.. -I"/c/ap13-dcb/openssh-msys-canonical-05/build/openbsd-compat/include" -I/c/ap13-dcb/openssl-msys-canonical-02/openssl-release-sdk-01/include -I/c/Users/crutkasLocal/.copilot/session-state/f6ea7713-2cec-41d5-b3f9-b4373e60fa33/files/resume-20260907/zlib-msys-01/stage/usr/include -I/c/ap13-dcb/openssl-msys-canonical-02/openssl-release-sdk-01/include -I/c/Users/crutkasLocal/.copilot/session-state/f6ea7713-2cec-41d5-b3f9-b4373e60fa33/files/resume-20260907/zlib-msys-01/stage/usr/include -I/c/ag-e138920f/ssh-libxcrypt-msys-02/stage/usr/include -DHAVE_CONFIG_H -c /c/ap13-dcb/openssh-msys-canonical-05/src/openbsd-compat/recallocarray.c
/c/Users/crutkasLocal/.copilot/repos/copilot-worktrees/msys2-woarm64-build/crutkas-didactic-waffle/.github/scripts/msys-openssh-release-gcc -g -O2 -pipe -Wno-error=format-truncation -Wall -Wextra -Wpointer-arith -Wuninitialized -Wsign-compare -Wformat-security -Wsizeof-pointer-memaccess -Wno-pointer-sign -Wno-unused-parameter -Wno-unused-result -Wimplicit-fallthrough -Wmisleading-indentation -fno-strict-aliasing -fno-builtin-memset -Wno-attributes   -fPIC -I. -I.. -I/c/ap13-dcb/openssh-msys-canonical-05/src/openbsd-compat -I/c/ap13-dcb/openssh-msys-canonical-05/src/openbsd-compat/.. -I"/c/ap13-dcb/openssh-msys-canonical-05/build/openbsd-compat/include" -I/c/ap13-dcb/openssl-msys-canonical-02/openssl-release-sdk-01/include -I/c/Users/crutkasLocal/.copilot/session-state/f6ea7713-2cec-41d5-b3f9-b4373e60fa33/files/resume-20260907/zlib-msys-01/stage/usr/include -I/c/ap13-dcb/openssl-msys-canonical-02/openssl-release-sdk-01/include -I/c/Users/crutkasLocal/.copilot/session-state/f6ea7713-2cec-41d5-b3f9-b4373e60fa33/files/resume-20260907/zlib-msys-01/stage/usr/include -I/c/ag-e138920f/ssh-libxcrypt-msys-02/stage/usr/include -DHAVE_CONFIG_H -c /c/ap13-dcb/openssh-msys-canonical-05/src/openbsd-compat/rresvport.c
/c/Users/crutkasLocal/.copilot/repos/copilot-worktrees/msys2-woarm64-build/crutkas-didactic-waffle/.github/scripts/msys-openssh-release-gcc -g -O2 -pipe -Wno-error=format-truncation -Wall -Wextra -Wpointer-arith -Wuninitialized -Wsign-compare -Wformat-security -Wsizeof-pointer-memaccess -Wno-pointer-sign -Wno-unused-parameter -Wno-unused-result -Wimplicit-fallthrough -Wmisleading-indentation -fno-strict-aliasing -fno-builtin-memset -Wno-attributes   -fPIC -I. -I.. -I/c/ap13-dcb/openssh-msys-canonical-05/src/openbsd-compat -I/c/ap13-dcb/openssh-msys-canonical-05/src/openbsd-compat/.. -I"/c/ap13-dcb/openssh-msys-canonical-05/build/openbsd-compat/include" -I/c/ap13-dcb/openssl-msys-canonical-02/openssl-release-sdk-01/include -I/c/Users/crutkasLocal/.copilot/session-state/f6ea7713-2cec-41d5-b3f9-b4373e60fa33/files/resume-20260907/zlib-msys-01/stage/usr/include -I/c/ap13-dcb/openssl-msys-canonical-02/openssl-release-sdk-01/include -I/c/Users/crutkasLocal/.copilot/session-state/f6ea7713-2cec-41d5-b3f9-b4373e60fa33/files/resume-20260907/zlib-msys-01/stage/usr/include -I/c/ag-e138920f/ssh-libxcrypt-msys-02/stage/usr/include -DHAVE_CONFIG_H -c /c/ap13-dcb/openssh-msys-canonical-05/src/openbsd-compat/setenv.c
/c/Users/crutkasLocal/.copilot/repos/copilot-worktrees/msys2-woarm64-build/crutkas-didactic-waffle/.github/scripts/msys-openssh-release-gcc -g -O2 -pipe -Wno-error=format-truncation -Wall -Wextra -Wpointer-arith -Wuninitialized -Wsign-compare -Wformat-security -Wsizeof-pointer-memaccess -Wno-pointer-sign -Wno-unused-parameter -Wno-unused-result -Wimplicit-fallthrough -Wmisleading-indentation -fno-strict-aliasing -fno-builtin-memset -Wno-attributes   -I. -I/c/ap13-dcb/openssh-msys-canonical-05/src -I"/c/ap13-dcb/openssh-msys-canonical-05/build/openbsd-compat/include" -I/c/ap13-dcb/openssl-msys-canonical-02/openssl-release-sdk-01/include -I/c/Users/crutkasLocal/.copilot/session-state/f6ea7713-2cec-41d5-b3f9-b4373e60fa33/files/resume-20260907/zlib-msys-01/stage/usr/include -I/c/ap13-dcb/openssl-msys-canonical-02/openssl-release-sdk-01/include -I/c/Users/crutkasLocal/.copilot/session-state/f6ea7713-2cec-41d5-b3f9-b4373e60fa33/files/resume-20260907/zlib-msys-01/stage/usr/include -I/c/ag-e138920f/ssh-libxcrypt-msys-02/stage/usr/include -DSSHDIR=\"/etc/ssh\" -D_PATH_SSH_PROGRAM=\"/usr/bin/ssh\" -D_PATH_SSH_ASKPASS_DEFAULT=\"/usr/lib/ssh/ssh-askpass\" -D_PATH_SFTP_SERVER=\"/usr/lib/ssh/sftp-server\" -D_PATH_SSH_KEY_SIGN=\"/usr/lib/ssh/ssh-keysign\" -D_PATH_SSHD_SESSION=\"/usr/lib/ssh/sshd-session\" -D_PATH_SSHD_AUTH=\"/usr/lib/ssh/sshd-auth\" -D_PATH_SSH_PKCS11_HELPER=\"/usr/lib/ssh/ssh-pkcs11-helper\" -D_PATH_SSH_SK_HELPER=\"/usr/lib/ssh/ssh-sk-helper\" -D_PATH_SSH_PIDDIR=\"/etc/ssh\" -D_PATH_PRIVSEP_CHROOT_DIR=\"/var/empty\" -DHAVE_CONFIG_H -c /c/ap13-dcb/openssh-msys-canonical-05/src/readpass.c -o readpass.o
/c/Users/crutkasLocal/.copilot/repos/copilot-worktrees/msys2-woarm64-build/crutkas-didactic-waffle/.github/scripts/msys-openssh-release-gcc -g -O2 -pipe -Wno-error=format-truncation -Wall -Wextra -Wpointer-arith -Wuninitialized -Wsign-compare -Wformat-security -Wsizeof-pointer-memaccess -Wno-pointer-sign -Wno-unused-parameter -Wno-unused-result -Wimplicit-fallthrough -Wmisleading-indentation -fno-strict-aliasing -fno-builtin-memset -Wno-attributes   -fPIC -I. -I.. -I/c/ap13-dcb/openssh-msys-canonical-05/src/openbsd-compat -I/c/ap13-dcb/openssh-msys-canonical-05/src/openbsd-compat/.. -I"/c/ap13-dcb/openssh-msys-canonical-05/build/openbsd-compat/include" -I/c/ap13-dcb/openssl-msys-canonical-02/openssl-release-sdk-01/include -I/c/Users/crutkasLocal/.copilot/session-state/f6ea7713-2cec-41d5-b3f9-b4373e60fa33/files/resume-20260907/zlib-msys-01/stage/usr/include -I/c/ap13-dcb/openssl-msys-canonical-02/openssl-release-sdk-01/include -I/c/Users/crutkasLocal/.copilot/session-state/f6ea7713-2cec-41d5-b3f9-b4373e60fa33/files/resume-20260907/zlib-msys-01/stage/usr/include -I/c/ag-e138920f/ssh-libxcrypt-msys-02/stage/usr/include -DHAVE_CONFIG_H -c /c/ap13-dcb/openssh-msys-canonical-05/src/openbsd-compat/setproctitle.c
/c/Users/crutkasLocal/.copilot/repos/copilot-worktrees/msys2-woarm64-build/crutkas-didactic-waffle/.github/scripts/msys-openssh-release-gcc -g -O2 -pipe -Wno-error=format-truncation -Wall -Wextra -Wpointer-arith -Wuninitialized -Wsign-compare -Wformat-security -Wsizeof-pointer-memaccess -Wno-pointer-sign -Wno-unused-parameter -Wno-unused-result -Wimplicit-fallthrough -Wmisleading-indentation -fno-strict-aliasing -fno-builtin-memset -Wno-attributes   -I. -I/c/ap13-dcb/openssh-msys-canonical-05/src -I"/c/ap13-dcb/openssh-msys-canonical-05/build/openbsd-compat/include" -I/c/ap13-dcb/openssl-msys-canonical-02/openssl-release-sdk-01/include -I/c/Users/crutkasLocal/.copilot/session-state/f6ea7713-2cec-41d5-b3f9-b4373e60fa33/files/resume-20260907/zlib-msys-01/stage/usr/include -I/c/ap13-dcb/openssl-msys-canonical-02/openssl-release-sdk-01/include -I/c/Users/crutkasLocal/.copilot/session-state/f6ea7713-2cec-41d5-b3f9-b4373e60fa33/files/resume-20260907/zlib-msys-01/stage/usr/include -I/c/ag-e138920f/ssh-libxcrypt-msys-02/stage/usr/include -DSSHDIR=\"/etc/ssh\" -D_PATH_SSH_PROGRAM=\"/usr/bin/ssh\" -D_PATH_SSH_ASKPASS_DEFAULT=\"/usr/lib/ssh/ssh-askpass\" -D_PATH_SFTP_SERVER=\"/usr/lib/ssh/sftp-server\" -D_PATH_SSH_KEY_SIGN=\"/usr/lib/ssh/ssh-keysign\" -D_PATH_SSHD_SESSION=\"/usr/lib/ssh/sshd-session\" -D_PATH_SSHD_AUTH=\"/usr/lib/ssh/sshd-auth\" -D_PATH_SSH_PKCS11_HELPER=\"/usr/lib/ssh/ssh-pkcs11-helper\" -D_PATH_SSH_SK_HELPER=\"/usr/lib/ssh/ssh-sk-helper\" -D_PATH_SSH_PIDDIR=\"/etc/ssh\" -D_PATH_PRIVSEP_CHROOT_DIR=\"/var/empty\" -DHAVE_CONFIG_H -c /c/ap13-dcb/openssh-msys-canonical-05/src/ttymodes.c -o ttymodes.o
/c/Users/crutkasLocal/.copilot/repos/copilot-worktrees/msys2-woarm64-build/crutkas-didactic-waffle/.github/scripts/msys-openssh-release-gcc -g -O2 -pipe -Wno-error=format-truncation -Wall -Wextra -Wpointer-arith -Wuninitialized -Wsign-compare -Wformat-security -Wsizeof-pointer-memaccess -Wno-pointer-sign -Wno-unused-parameter -Wno-unused-result -Wimplicit-fallthrough -Wmisleading-indentation -fno-strict-aliasing -fno-builtin-memset -Wno-attributes   -fPIC -I. -I.. -I/c/ap13-dcb/openssh-msys-canonical-05/src/openbsd-compat -I/c/ap13-dcb/openssh-msys-canonical-05/src/openbsd-compat/.. -I"/c/ap13-dcb/openssh-msys-canonical-05/build/openbsd-compat/include" -I/c/ap13-dcb/openssl-msys-canonical-02/openssl-release-sdk-01/include -I/c/Users/crutkasLocal/.copilot/session-state/f6ea7713-2cec-41d5-b3f9-b4373e60fa33/files/resume-20260907/zlib-msys-01/stage/usr/include -I/c/ap13-dcb/openssl-msys-canonical-02/openssl-release-sdk-01/include -I/c/Users/crutkasLocal/.copilot/session-state/f6ea7713-2cec-41d5-b3f9-b4373e60fa33/files/resume-20260907/zlib-msys-01/stage/usr/include -I/c/ag-e138920f/ssh-libxcrypt-msys-02/stage/usr/include -DHAVE_CONFIG_H -c /c/ap13-dcb/openssh-msys-canonical-05/src/openbsd-compat/sha1.c
/c/Users/crutkasLocal/.copilot/repos/copilot-worktrees/msys2-woarm64-build/crutkas-didactic-waffle/.github/scripts/msys-openssh-release-gcc -g -O2 -pipe -Wno-error=format-truncation -Wall -Wextra -Wpointer-arith -Wuninitialized -Wsign-compare -Wformat-security -Wsizeof-pointer-memaccess -Wno-pointer-sign -Wno-unused-parameter -Wno-unused-result -Wimplicit-fallthrough -Wmisleading-indentation -fno-strict-aliasing -fno-builtin-memset -Wno-attributes   -fPIC -I. -I.. -I/c/ap13-dcb/openssh-msys-canonical-05/src/openbsd-compat -I/c/ap13-dcb/openssh-msys-canonical-05/src/openbsd-compat/.. -I"/c/ap13-dcb/openssh-msys-canonical-05/build/openbsd-compat/include" -I/c/ap13-dcb/openssl-msys-canonical-02/openssl-release-sdk-01/include -I/c/Users/crutkasLocal/.copilot/session-state/f6ea7713-2cec-41d5-b3f9-b4373e60fa33/files/resume-20260907/zlib-msys-01/stage/usr/include -I/c/ap13-dcb/openssl-msys-canonical-02/openssl-release-sdk-01/include -I/c/Users/crutkasLocal/.copilot/session-state/f6ea7713-2cec-41d5-b3f9-b4373e60fa33/files/resume-20260907/zlib-msys-01/stage/usr/include -I/c/ag-e138920f/ssh-libxcrypt-msys-02/stage/usr/include -DHAVE_CONFIG_H -c /c/ap13-dcb/openssh-msys-canonical-05/src/openbsd-compat/sha2.c
/c/Users/crutkasLocal/.copilot/repos/copilot-worktrees/msys2-woarm64-build/crutkas-didactic-waffle/.github/scripts/msys-openssh-release-gcc -g -O2 -pipe -Wno-error=format-truncation -Wall -Wextra -Wpointer-arith -Wuninitialized -Wsign-compare -Wformat-security -Wsizeof-pointer-memaccess -Wno-pointer-sign -Wno-unused-parameter -Wno-unused-result -Wimplicit-fallthrough -Wmisleading-indentation -fno-strict-aliasing -fno-builtin-memset -Wno-attributes   -I. -I/c/ap13-dcb/openssh-msys-canonical-05/src -I"/c/ap13-dcb/openssh-msys-canonical-05/build/openbsd-compat/include" -I/c/ap13-dcb/openssl-msys-canonical-02/openssl-release-sdk-01/include -I/c/Users/crutkasLocal/.copilot/session-state/f6ea7713-2cec-41d5-b3f9-b4373e60fa33/files/resume-20260907/zlib-msys-01/stage/usr/include -I/c/ap13-dcb/openssl-msys-canonical-02/openssl-release-sdk-01/include -I/c/Users/crutkasLocal/.copilot/session-state/f6ea7713-2cec-41d5-b3f9-b4373e60fa33/files/resume-20260907/zlib-msys-01/stage/usr/include -I/c/ag-e138920f/ssh-libxcrypt-msys-02/stage/usr/include -DSSHDIR=\"/etc/ssh\" -D_PATH_SSH_PROGRAM=\"/usr/bin/ssh\" -D_PATH_SSH_ASKPASS_DEFAULT=\"/usr/lib/ssh/ssh-askpass\" -D_PATH_SFTP_SERVER=\"/usr/lib/ssh/sftp-server\" -D_PATH_SSH_KEY_SIGN=\"/usr/lib/ssh/ssh-keysign\" -D_PATH_SSHD_SESSION=\"/usr/lib/ssh/sshd-session\" -D_PATH_SSHD_AUTH=\"/usr/lib/ssh/sshd-auth\" -D_PATH_SSH_PKCS11_HELPER=\"/usr/lib/ssh/ssh-pkcs11-helper\" -D_PATH_SSH_SK_HELPER=\"/usr/lib/ssh/ssh-sk-helper\" -D_PATH_SSH_PIDDIR=\"/etc/ssh\" -D_PATH_PRIVSEP_CHROOT_DIR=\"/var/empty\" -DHAVE_CONFIG_H -c /c/ap13-dcb/openssh-msys-canonical-05/src/xmalloc.c -o xmalloc.o
/c/Users/crutkasLocal/.copilot/repos/copilot-worktrees/msys2-woarm64-build/crutkas-didactic-waffle/.github/scripts/msys-openssh-release-gcc -g -O2 -pipe -Wno-error=format-truncation -Wall -Wextra -Wpointer-arith -Wuninitialized -Wsign-compare -Wformat-security -Wsizeof-pointer-memaccess -Wno-pointer-sign -Wno-unused-parameter -Wno-unused-result -Wimplicit-fallthrough -Wmisleading-indentation -fno-strict-aliasing -fno-builtin-memset -Wno-attributes   -fPIC -I. -I.. -I/c/ap13-dcb/openssh-msys-canonical-05/src/openbsd-compat -I/c/ap13-dcb/openssh-msys-canonical-05/src/openbsd-compat/.. -I"/c/ap13-dcb/openssh-msys-canonical-05/build/openbsd-compat/include" -I/c/ap13-dcb/openssl-msys-canonical-02/openssl-release-sdk-01/include -I/c/Users/crutkasLocal/.copilot/session-state/f6ea7713-2cec-41d5-b3f9-b4373e60fa33/files/resume-20260907/zlib-msys-01/stage/usr/include -I/c/ap13-dcb/openssl-msys-canonical-02/openssl-release-sdk-01/include -I/c/Users/crutkasLocal/.copilot/session-state/f6ea7713-2cec-41d5-b3f9-b4373e60fa33/files/resume-20260907/zlib-msys-01/stage/usr/include -I/c/ag-e138920f/ssh-libxcrypt-msys-02/stage/usr/include -DHAVE_CONFIG_H -c /c/ap13-dcb/openssh-msys-canonical-05/src/openbsd-compat/sigact.c
/c/Users/crutkasLocal/.copilot/repos/copilot-worktrees/msys2-woarm64-build/crutkas-didactic-waffle/.github/scripts/msys-openssh-release-gcc -g -O2 -pipe -Wno-error=format-truncation -Wall -Wextra -Wpointer-arith -Wuninitialized -Wsign-compare -Wformat-security -Wsizeof-pointer-memaccess -Wno-pointer-sign -Wno-unused-parameter -Wno-unused-result -Wimplicit-fallthrough -Wmisleading-indentation -fno-strict-aliasing -fno-builtin-memset -Wno-attributes   -I. -I/c/ap13-dcb/openssh-msys-canonical-05/src -I"/c/ap13-dcb/openssh-msys-canonical-05/build/openbsd-compat/include" -I/c/ap13-dcb/openssl-msys-canonical-02/openssl-release-sdk-01/include -I/c/Users/crutkasLocal/.copilot/session-state/f6ea7713-2cec-41d5-b3f9-b4373e60fa33/files/resume-20260907/zlib-msys-01/stage/usr/include -I/c/ap13-dcb/openssl-msys-canonical-02/openssl-release-sdk-01/include -I/c/Users/crutkasLocal/.copilot/session-state/f6ea7713-2cec-41d5-b3f9-b4373e60fa33/files/resume-20260907/zlib-msys-01/stage/usr/include -I/c/ag-e138920f/ssh-libxcrypt-msys-02/stage/usr/include -DSSHDIR=\"/etc/ssh\" -D_PATH_SSH_PROGRAM=\"/usr/bin/ssh\" -D_PATH_SSH_ASKPASS_DEFAULT=\"/usr/lib/ssh/ssh-askpass\" -D_PATH_SFTP_SERVER=\"/usr/lib/ssh/sftp-server\" -D_PATH_SSH_KEY_SIGN=\"/usr/lib/ssh/ssh-keysign\" -D_PATH_SSHD_SESSION=\"/usr/lib/ssh/sshd-session\" -D_PATH_SSHD_AUTH=\"/usr/lib/ssh/sshd-auth\" -D_PATH_SSH_PKCS11_HELPER=\"/usr/lib/ssh/ssh-pkcs11-helper\" -D_PATH_SSH_SK_HELPER=\"/usr/lib/ssh/ssh-sk-helper\" -D_PATH_SSH_PIDDIR=\"/etc/ssh\" -D_PATH_PRIVSEP_CHROOT_DIR=\"/var/empty\" -DHAVE_CONFIG_H -c /c/ap13-dcb/openssh-msys-canonical-05/src/addr.c -o addr.o
/c/Users/crutkasLocal/.copilot/repos/copilot-worktrees/msys2-woarm64-build/crutkas-didactic-waffle/.github/scripts/msys-openssh-release-gcc -g -O2 -pipe -Wno-error=format-truncation -Wall -Wextra -Wpointer-arith -Wuninitialized -Wsign-compare -Wformat-security -Wsizeof-pointer-memaccess -Wno-pointer-sign -Wno-unused-parameter -Wno-unused-result -Wimplicit-fallthrough -Wmisleading-indentation -fno-strict-aliasing -fno-builtin-memset -Wno-attributes   -fPIC -I. -I.. -I/c/ap13-dcb/openssh-msys-canonical-05/src/openbsd-compat -I/c/ap13-dcb/openssh-msys-canonical-05/src/openbsd-compat/.. -I"/c/ap13-dcb/openssh-msys-canonical-05/build/openbsd-compat/include" -I/c/ap13-dcb/openssl-msys-canonical-02/openssl-release-sdk-01/include -I/c/Users/crutkasLocal/.copilot/session-state/f6ea7713-2cec-41d5-b3f9-b4373e60fa33/files/resume-20260907/zlib-msys-01/stage/usr/include -I/c/ap13-dcb/openssl-msys-canonical-02/openssl-release-sdk-01/include -I/c/Users/crutkasLocal/.copilot/session-state/f6ea7713-2cec-41d5-b3f9-b4373e60fa33/files/resume-20260907/zlib-msys-01/stage/usr/include -I/c/ag-e138920f/ssh-libxcrypt-msys-02/stage/usr/include -DHAVE_CONFIG_H -c /c/ap13-dcb/openssh-msys-canonical-05/src/openbsd-compat/strcasestr.c
C:/ap13-dcb/openssh-msys-canonical-05/src/addr.c: In function 'addr_xaddr_to_sa':
C:/ap13-dcb/openssh-msys-canonical-05/src/addr.c:74:26: warning: comparison of integer expressions of different signedness: 'socklen_t' {aka 'int'} and 'long unsigned int' [-Wsign-compare]
   74 |                 if (*len < sizeof(*in4))
      |                          ^
C:/ap13-dcb/openssh-msys-canonical-05/src/addr.c:86:26: warning: comparison of integer expressions of different signedness: 'socklen_t' {aka 'int'} and 'long unsigned int' [-Wsign-compare]
   86 |                 if (*len < sizeof(*in6))
      |                          ^
/c/Users/crutkasLocal/.copilot/repos/copilot-worktrees/msys2-woarm64-build/crutkas-didactic-waffle/.github/scripts/msys-openssh-release-gcc -g -O2 -pipe -Wno-error=format-truncation -Wall -Wextra -Wpointer-arith -Wuninitialized -Wsign-compare -Wformat-security -Wsizeof-pointer-memaccess -Wno-pointer-sign -Wno-unused-parameter -Wno-unused-result -Wimplicit-fallthrough -Wmisleading-indentation -fno-strict-aliasing -fno-builtin-memset -Wno-attributes   -fPIC -I. -I.. -I/c/ap13-dcb/openssh-msys-canonical-05/src/openbsd-compat -I/c/ap13-dcb/openssh-msys-canonical-05/src/openbsd-compat/.. -I"/c/ap13-dcb/openssh-msys-canonical-05/build/openbsd-compat/include" -I/c/ap13-dcb/openssl-msys-canonical-02/openssl-release-sdk-01/include -I/c/Users/crutkasLocal/.copilot/session-state/f6ea7713-2cec-41d5-b3f9-b4373e60fa33/files/resume-20260907/zlib-msys-01/stage/usr/include -I/c/ap13-dcb/openssl-msys-canonical-02/openssl-release-sdk-01/include -I/c/Users/crutkasLocal/.copilot/session-state/f6ea7713-2cec-41d5-b3f9-b4373e60fa33/files/resume-20260907/zlib-msys-01/stage/usr/include -I/c/ag-e138920f/ssh-libxcrypt-msys-02/stage/usr/include -DHAVE_CONFIG_H -c /c/ap13-dcb/openssh-msys-canonical-05/src/openbsd-compat/strlcat.c
/c/Users/crutkasLocal/.copilot/repos/copilot-worktrees/msys2-woarm64-build/crutkas-didactic-waffle/.github/scripts/msys-openssh-release-gcc -g -O2 -pipe -Wno-error=format-truncation -Wall -Wextra -Wpointer-arith -Wuninitialized -Wsign-compare -Wformat-security -Wsizeof-pointer-memaccess -Wno-pointer-sign -Wno-unused-parameter -Wno-unused-result -Wimplicit-fallthrough -Wmisleading-indentation -fno-strict-aliasing -fno-builtin-memset -Wno-attributes   -I. -I/c/ap13-dcb/openssh-msys-canonical-05/src -I"/c/ap13-dcb/openssh-msys-canonical-05/build/openbsd-compat/include" -I/c/ap13-dcb/openssl-msys-canonical-02/openssl-release-sdk-01/include -I/c/Users/crutkasLocal/.copilot/session-state/f6ea7713-2cec-41d5-b3f9-b4373e60fa33/files/resume-20260907/zlib-msys-01/stage/usr/include -I/c/ap13-dcb/openssl-msys-canonical-02/openssl-release-sdk-01/include -I/c/Users/crutkasLocal/.copilot/session-state/f6ea7713-2cec-41d5-b3f9-b4373e60fa33/files/resume-20260907/zlib-msys-01/stage/usr/include -I/c/ag-e138920f/ssh-libxcrypt-msys-02/stage/usr/include -DSSHDIR=\"/etc/ssh\" -D_PATH_SSH_PROGRAM=\"/usr/bin/ssh\" -D_PATH_SSH_ASKPASS_DEFAULT=\"/usr/lib/ssh/ssh-askpass\" -D_PATH_SFTP_SERVER=\"/usr/lib/ssh/sftp-server\" -D_PATH_SSH_KEY_SIGN=\"/usr/lib/ssh/ssh-keysign\" -D_PATH_SSHD_SESSION=\"/usr/lib/ssh/sshd-session\" -D_PATH_SSHD_AUTH=\"/usr/lib/ssh/sshd-auth\" -D_PATH_SSH_PKCS11_HELPER=\"/usr/lib/ssh/ssh-pkcs11-helper\" -D_PATH_SSH_SK_HELPER=\"/usr/lib/ssh/ssh-sk-helper\" -D_PATH_SSH_PIDDIR=\"/etc/ssh\" -D_PATH_PRIVSEP_CHROOT_DIR=\"/var/empty\" -DHAVE_CONFIG_H -c /c/ap13-dcb/openssh-msys-canonical-05/src/addrmatch.c -o addrmatch.o
/c/Users/crutkasLocal/.copilot/repos/copilot-worktrees/msys2-woarm64-build/crutkas-didactic-waffle/.github/scripts/msys-openssh-release-gcc -g -O2 -pipe -Wno-error=format-truncation -Wall -Wextra -Wpointer-arith -Wuninitialized -Wsign-compare -Wformat-security -Wsizeof-pointer-memaccess -Wno-pointer-sign -Wno-unused-parameter -Wno-unused-result -Wimplicit-fallthrough -Wmisleading-indentation -fno-strict-aliasing -fno-builtin-memset -Wno-attributes   -fPIC -I. -I.. -I/c/ap13-dcb/openssh-msys-canonical-05/src/openbsd-compat -I/c/ap13-dcb/openssh-msys-canonical-05/src/openbsd-compat/.. -I"/c/ap13-dcb/openssh-msys-canonical-05/build/openbsd-compat/include" -I/c/ap13-dcb/openssl-msys-canonical-02/openssl-release-sdk-01/include -I/c/Users/crutkasLocal/.copilot/session-state/f6ea7713-2cec-41d5-b3f9-b4373e60fa33/files/resume-20260907/zlib-msys-01/stage/usr/include -I/c/ap13-dcb/openssl-msys-canonical-02/openssl-release-sdk-01/include -I/c/Users/crutkasLocal/.copilot/session-state/f6ea7713-2cec-41d5-b3f9-b4373e60fa33/files/resume-20260907/zlib-msys-01/stage/usr/include -I/c/ag-e138920f/ssh-libxcrypt-msys-02/stage/usr/include -DHAVE_CONFIG_H -c /c/ap13-dcb/openssh-msys-canonical-05/src/openbsd-compat/strlcpy.c
/c/Users/crutkasLocal/.copilot/repos/copilot-worktrees/msys2-woarm64-build/crutkas-didactic-waffle/.github/scripts/msys-openssh-release-gcc -g -O2 -pipe -Wno-error=format-truncation -Wall -Wextra -Wpointer-arith -Wuninitialized -Wsign-compare -Wformat-security -Wsizeof-pointer-memaccess -Wno-pointer-sign -Wno-unused-parameter -Wno-unused-result -Wimplicit-fallthrough -Wmisleading-indentation -fno-strict-aliasing -fno-builtin-memset -Wno-attributes   -fPIC -I. -I.. -I/c/ap13-dcb/openssh-msys-canonical-05/src/openbsd-compat -I/c/ap13-dcb/openssh-msys-canonical-05/src/openbsd-compat/.. -I"/c/ap13-dcb/openssh-msys-canonical-05/build/openbsd-compat/include" -I/c/ap13-dcb/openssl-msys-canonical-02/openssl-release-sdk-01/include -I/c/Users/crutkasLocal/.copilot/session-state/f6ea7713-2cec-41d5-b3f9-b4373e60fa33/files/resume-20260907/zlib-msys-01/stage/usr/include -I/c/ap13-dcb/openssl-msys-canonical-02/openssl-release-sdk-01/include -I/c/Users/crutkasLocal/.copilot/session-state/f6ea7713-2cec-41d5-b3f9-b4373e60fa33/files/resume-20260907/zlib-msys-01/stage/usr/include -I/c/ag-e138920f/ssh-libxcrypt-msys-02/stage/usr/include -DHAVE_CONFIG_H -c /c/ap13-dcb/openssh-msys-canonical-05/src/openbsd-compat/strmode.c
/c/Users/crutkasLocal/.copilot/repos/copilot-worktrees/msys2-woarm64-build/crutkas-didactic-waffle/.github/scripts/msys-openssh-release-gcc -g -O2 -pipe -Wno-error=format-truncation -Wall -Wextra -Wpointer-arith -Wuninitialized -Wsign-compare -Wformat-security -Wsizeof-pointer-memaccess -Wno-pointer-sign -Wno-unused-parameter -Wno-unused-result -Wimplicit-fallthrough -Wmisleading-indentation -fno-strict-aliasing -fno-builtin-memset -Wno-attributes   -fPIC -I. -I.. -I/c/ap13-dcb/openssh-msys-canonical-05/src/openbsd-compat -I/c/ap13-dcb/openssh-msys-canonical-05/src/openbsd-compat/.. -I"/c/ap13-dcb/openssh-msys-canonical-05/build/openbsd-compat/include" -I/c/ap13-dcb/openssl-msys-canonical-02/openssl-release-sdk-01/include -I/c/Users/crutkasLocal/.copilot/session-state/f6ea7713-2cec-41d5-b3f9-b4373e60fa33/files/resume-20260907/zlib-msys-01/stage/usr/include -I/c/ap13-dcb/openssl-msys-canonical-02/openssl-release-sdk-01/include -I/c/Users/crutkasLocal/.copilot/session-state/f6ea7713-2cec-41d5-b3f9-b4373e60fa33/files/resume-20260907/zlib-msys-01/stage/usr/include -I/c/ag-e138920f/ssh-libxcrypt-msys-02/stage/usr/include -DHAVE_CONFIG_H -c /c/ap13-dcb/openssh-msys-canonical-05/src/openbsd-compat/strndup.c
/c/Users/crutkasLocal/.copilot/repos/copilot-worktrees/msys2-woarm64-build/crutkas-didactic-waffle/.github/scripts/msys-openssh-release-gcc -g -O2 -pipe -Wno-error=format-truncation -Wall -Wextra -Wpointer-arith -Wuninitialized -Wsign-compare -Wformat-security -Wsizeof-pointer-memaccess -Wno-pointer-sign -Wno-unused-parameter -Wno-unused-result -Wimplicit-fallthrough -Wmisleading-indentation -fno-strict-aliasing -fno-builtin-memset -Wno-attributes   -I. -I/c/ap13-dcb/openssh-msys-canonical-05/src -I"/c/ap13-dcb/openssh-msys-canonical-05/build/openbsd-compat/include" -I/c/ap13-dcb/openssl-msys-canonical-02/openssl-release-sdk-01/include -I/c/Users/crutkasLocal/.copilot/session-state/f6ea7713-2cec-41d5-b3f9-b4373e60fa33/files/resume-20260907/zlib-msys-01/stage/usr/include -I/c/ap13-dcb/openssl-msys-canonical-02/openssl-release-sdk-01/include -I/c/Users/crutkasLocal/.copilot/session-state/f6ea7713-2cec-41d5-b3f9-b4373e60fa33/files/resume-20260907/zlib-msys-01/stage/usr/include -I/c/ag-e138920f/ssh-libxcrypt-msys-02/stage/usr/include -DSSHDIR=\"/etc/ssh\" -D_PATH_SSH_PROGRAM=\"/usr/bin/ssh\" -D_PATH_SSH_ASKPASS_DEFAULT=\"/usr/lib/ssh/ssh-askpass\" -D_PATH_SFTP_SERVER=\"/usr/lib/ssh/sftp-server\" -D_PATH_SSH_KEY_SIGN=\"/usr/lib/ssh/ssh-keysign\" -D_PATH_SSHD_SESSION=\"/usr/lib/ssh/sshd-session\" -D_PATH_SSHD_AUTH=\"/usr/lib/ssh/sshd-auth\" -D_PATH_SSH_PKCS11_HELPER=\"/usr/lib/ssh/ssh-pkcs11-helper\" -D_PATH_SSH_SK_HELPER=\"/usr/lib/ssh/ssh-sk-helper\" -D_PATH_SSH_PIDDIR=\"/etc/ssh\" -D_PATH_PRIVSEP_CHROOT_DIR=\"/var/empty\" -DHAVE_CONFIG_H -c /c/ap13-dcb/openssh-msys-canonical-05/src/atomicio.c -o atomicio.o
/c/Users/crutkasLocal/.copilot/repos/copilot-worktrees/msys2-woarm64-build/crutkas-didactic-waffle/.github/scripts/msys-openssh-release-gcc -g -O2 -pipe -Wno-error=format-truncation -Wall -Wextra -Wpointer-arith -Wuninitialized -Wsign-compare -Wformat-security -Wsizeof-pointer-memaccess -Wno-pointer-sign -Wno-unused-parameter -Wno-unused-result -Wimplicit-fallthrough -Wmisleading-indentation -fno-strict-aliasing -fno-builtin-memset -Wno-attributes   -fPIC -I. -I.. -I/c/ap13-dcb/openssh-msys-canonical-05/src/openbsd-compat -I/c/ap13-dcb/openssh-msys-canonical-05/src/openbsd-compat/.. -I"/c/ap13-dcb/openssh-msys-canonical-05/build/openbsd-compat/include" -I/c/ap13-dcb/openssl-msys-canonical-02/openssl-release-sdk-01/include -I/c/Users/crutkasLocal/.copilot/session-state/f6ea7713-2cec-41d5-b3f9-b4373e60fa33/files/resume-20260907/zlib-msys-01/stage/usr/include -I/c/ap13-dcb/openssl-msys-canonical-02/openssl-release-sdk-01/include -I/c/Users/crutkasLocal/.copilot/session-state/f6ea7713-2cec-41d5-b3f9-b4373e60fa33/files/resume-20260907/zlib-msys-01/stage/usr/include -I/c/ag-e138920f/ssh-libxcrypt-msys-02/stage/usr/include -DHAVE_CONFIG_H -c /c/ap13-dcb/openssh-msys-canonical-05/src/openbsd-compat/strnlen.c
/c/Users/crutkasLocal/.copilot/repos/copilot-worktrees/msys2-woarm64-build/crutkas-didactic-waffle/.github/scripts/msys-openssh-release-gcc -g -O2 -pipe -Wno-error=format-truncation -Wall -Wextra -Wpointer-arith -Wuninitialized -Wsign-compare -Wformat-security -Wsizeof-pointer-memaccess -Wno-pointer-sign -Wno-unused-parameter -Wno-unused-result -Wimplicit-fallthrough -Wmisleading-indentation -fno-strict-aliasing -fno-builtin-memset -Wno-attributes   -I. -I/c/ap13-dcb/openssh-msys-canonical-05/src -I"/c/ap13-dcb/openssh-msys-canonical-05/build/openbsd-compat/include" -I/c/ap13-dcb/openssl-msys-canonical-02/openssl-release-sdk-01/include -I/c/Users/crutkasLocal/.copilot/session-state/f6ea7713-2cec-41d5-b3f9-b4373e60fa33/files/resume-20260907/zlib-msys-01/stage/usr/include -I/c/ap13-dcb/openssl-msys-canonical-02/openssl-release-sdk-01/include -I/c/Users/crutkasLocal/.copilot/session-state/f6ea7713-2cec-41d5-b3f9-b4373e60fa33/files/resume-20260907/zlib-msys-01/stage/usr/include -I/c/ag-e138920f/ssh-libxcrypt-msys-02/stage/usr/include -DSSHDIR=\"/etc/ssh\" -D_PATH_SSH_PROGRAM=\"/usr/bin/ssh\" -D_PATH_SSH_ASKPASS_DEFAULT=\"/usr/lib/ssh/ssh-askpass\" -D_PATH_SFTP_SERVER=\"/usr/lib/ssh/sftp-server\" -D_PATH_SSH_KEY_SIGN=\"/usr/lib/ssh/ssh-keysign\" -D_PATH_SSHD_SESSION=\"/usr/lib/ssh/sshd-session\" -D_PATH_SSHD_AUTH=\"/usr/lib/ssh/sshd-auth\" -D_PATH_SSH_PKCS11_HELPER=\"/usr/lib/ssh/ssh-pkcs11-helper\" -D_PATH_SSH_SK_HELPER=\"/usr/lib/ssh/ssh-sk-helper\" -D_PATH_SSH_PIDDIR=\"/etc/ssh\" -D_PATH_PRIVSEP_CHROOT_DIR=\"/var/empty\" -DHAVE_CONFIG_H -c /c/ap13-dcb/openssh-msys-canonical-05/src/dispatch.c -o dispatch.o
/c/Users/crutkasLocal/.copilot/repos/copilot-worktrees/msys2-woarm64-build/crutkas-didactic-waffle/.github/scripts/msys-openssh-release-gcc -g -O2 -pipe -Wno-error=format-truncation -Wall -Wextra -Wpointer-arith -Wuninitialized -Wsign-compare -Wformat-security -Wsizeof-pointer-memaccess -Wno-pointer-sign -Wno-unused-parameter -Wno-unused-result -Wimplicit-fallthrough -Wmisleading-indentation -fno-strict-aliasing -fno-builtin-memset -Wno-attributes   -fPIC -I. -I.. -I/c/ap13-dcb/openssh-msys-canonical-05/src/openbsd-compat -I/c/ap13-dcb/openssh-msys-canonical-05/src/openbsd-compat/.. -I"/c/ap13-dcb/openssh-msys-canonical-05/build/openbsd-compat/include" -I/c/ap13-dcb/openssl-msys-canonical-02/openssl-release-sdk-01/include -I/c/Users/crutkasLocal/.copilot/session-state/f6ea7713-2cec-41d5-b3f9-b4373e60fa33/files/resume-20260907/zlib-msys-01/stage/usr/include -I/c/ap13-dcb/openssl-msys-canonical-02/openssl-release-sdk-01/include -I/c/Users/crutkasLocal/.copilot/session-state/f6ea7713-2cec-41d5-b3f9-b4373e60fa33/files/resume-20260907/zlib-msys-01/stage/usr/include -I/c/ag-e138920f/ssh-libxcrypt-msys-02/stage/usr/include -DHAVE_CONFIG_H -c /c/ap13-dcb/openssh-msys-canonical-05/src/openbsd-compat/strptime.c
/c/Users/crutkasLocal/.copilot/repos/copilot-worktrees/msys2-woarm64-build/crutkas-didactic-waffle/.github/scripts/msys-openssh-release-gcc -g -O2 -pipe -Wno-error=format-truncation -Wall -Wextra -Wpointer-arith -Wuninitialized -Wsign-compare -Wformat-security -Wsizeof-pointer-memaccess -Wno-pointer-sign -Wno-unused-parameter -Wno-unused-result -Wimplicit-fallthrough -Wmisleading-indentation -fno-strict-aliasing -fno-builtin-memset -Wno-attributes   -I. -I/c/ap13-dcb/openssh-msys-canonical-05/src -I"/c/ap13-dcb/openssh-msys-canonical-05/build/openbsd-compat/include" -I/c/ap13-dcb/openssl-msys-canonical-02/openssl-release-sdk-01/include -I/c/Users/crutkasLocal/.copilot/session-state/f6ea7713-2cec-41d5-b3f9-b4373e60fa33/files/resume-20260907/zlib-msys-01/stage/usr/include -I/c/ap13-dcb/openssl-msys-canonical-02/openssl-release-sdk-01/include -I/c/Users/crutkasLocal/.copilot/session-state/f6ea7713-2cec-41d5-b3f9-b4373e60fa33/files/resume-20260907/zlib-msys-01/stage/usr/include -I/c/ag-e138920f/ssh-libxcrypt-msys-02/stage/usr/include -DSSHDIR=\"/etc/ssh\" -D_PATH_SSH_PROGRAM=\"/usr/bin/ssh\" -D_PATH_SSH_ASKPASS_DEFAULT=\"/usr/lib/ssh/ssh-askpass\" -D_PATH_SFTP_SERVER=\"/usr/lib/ssh/sftp-server\" -D_PATH_SSH_KEY_SIGN=\"/usr/lib/ssh/ssh-keysign\" -D_PATH_SSHD_SESSION=\"/usr/lib/ssh/sshd-session\" -D_PATH_SSHD_AUTH=\"/usr/lib/ssh/sshd-auth\" -D_PATH_SSH_PKCS11_HELPER=\"/usr/lib/ssh/ssh-pkcs11-helper\" -D_PATH_SSH_SK_HELPER=\"/usr/lib/ssh/ssh-sk-helper\" -D_PATH_SSH_PIDDIR=\"/etc/ssh\" -D_PATH_PRIVSEP_CHROOT_DIR=\"/var/empty\" -DHAVE_CONFIG_H -c /c/ap13-dcb/openssh-msys-canonical-05/src/mac.c -o mac.o
/c/Users/crutkasLocal/.copilot/repos/copilot-worktrees/msys2-woarm64-build/crutkas-didactic-waffle/.github/scripts/msys-openssh-release-gcc -g -O2 -pipe -Wno-error=format-truncation -Wall -Wextra -Wpointer-arith -Wuninitialized -Wsign-compare -Wformat-security -Wsizeof-pointer-memaccess -Wno-pointer-sign -Wno-unused-parameter -Wno-unused-result -Wimplicit-fallthrough -Wmisleading-indentation -fno-strict-aliasing -fno-builtin-memset -Wno-attributes   -fPIC -I. -I.. -I/c/ap13-dcb/openssh-msys-canonical-05/src/openbsd-compat -I/c/ap13-dcb/openssh-msys-canonical-05/src/openbsd-compat/.. -I"/c/ap13-dcb/openssh-msys-canonical-05/build/openbsd-compat/include" -I/c/ap13-dcb/openssl-msys-canonical-02/openssl-release-sdk-01/include -I/c/Users/crutkasLocal/.copilot/session-state/f6ea7713-2cec-41d5-b3f9-b4373e60fa33/files/resume-20260907/zlib-msys-01/stage/usr/include -I/c/ap13-dcb/openssl-msys-canonical-02/openssl-release-sdk-01/include -I/c/Users/crutkasLocal/.copilot/session-state/f6ea7713-2cec-41d5-b3f9-b4373e60fa33/files/resume-20260907/zlib-msys-01/stage/usr/include -I/c/ag-e138920f/ssh-libxcrypt-msys-02/stage/usr/include -DHAVE_CONFIG_H -c /c/ap13-dcb/openssh-msys-canonical-05/src/openbsd-compat/strsep.c
/c/Users/crutkasLocal/.copilot/repos/copilot-worktrees/msys2-woarm64-build/crutkas-didactic-waffle/.github/scripts/msys-openssh-release-gcc -g -O2 -pipe -Wno-error=format-truncation -Wall -Wextra -Wpointer-arith -Wuninitialized -Wsign-compare -Wformat-security -Wsizeof-pointer-memaccess -Wno-pointer-sign -Wno-unused-parameter -Wno-unused-result -Wimplicit-fallthrough -Wmisleading-indentation -fno-strict-aliasing -fno-builtin-memset -Wno-attributes   -fPIC -I. -I.. -I/c/ap13-dcb/openssh-msys-canonical-05/src/openbsd-compat -I/c/ap13-dcb/openssh-msys-canonical-05/src/openbsd-compat/.. -I"/c/ap13-dcb/openssh-msys-canonical-05/build/openbsd-compat/include" -I/c/ap13-dcb/openssl-msys-canonical-02/openssl-release-sdk-01/include -I/c/Users/crutkasLocal/.copilot/session-state/f6ea7713-2cec-41d5-b3f9-b4373e60fa33/files/resume-20260907/zlib-msys-01/stage/usr/include -I/c/ap13-dcb/openssl-msys-canonical-02/openssl-release-sdk-01/include -I/c/Users/crutkasLocal/.copilot/session-state/f6ea7713-2cec-41d5-b3f9-b4373e60fa33/files/resume-20260907/zlib-msys-01/stage/usr/include -I/c/ag-e138920f/ssh-libxcrypt-msys-02/stage/usr/include -DHAVE_CONFIG_H -c /c/ap13-dcb/openssh-msys-canonical-05/src/openbsd-compat/strtoll.c
/c/Users/crutkasLocal/.copilot/repos/copilot-worktrees/msys2-woarm64-build/crutkas-didactic-waffle/.github/scripts/msys-openssh-release-gcc -g -O2 -pipe -Wno-error=format-truncation -Wall -Wextra -Wpointer-arith -Wuninitialized -Wsign-compare -Wformat-security -Wsizeof-pointer-memaccess -Wno-pointer-sign -Wno-unused-parameter -Wno-unused-result -Wimplicit-fallthrough -Wmisleading-indentation -fno-strict-aliasing -fno-builtin-memset -Wno-attributes   -I. -I/c/ap13-dcb/openssh-msys-canonical-05/src -I"/c/ap13-dcb/openssh-msys-canonical-05/build/openbsd-compat/include" -I/c/ap13-dcb/openssl-msys-canonical-02/openssl-release-sdk-01/include -I/c/Users/crutkasLocal/.copilot/session-state/f6ea7713-2cec-41d5-b3f9-b4373e60fa33/files/resume-20260907/zlib-msys-01/stage/usr/include -I/c/ap13-dcb/openssl-msys-canonical-02/openssl-release-sdk-01/include -I/c/Users/crutkasLocal/.copilot/session-state/f6ea7713-2cec-41d5-b3f9-b4373e60fa33/files/resume-20260907/zlib-msys-01/stage/usr/include -I/c/ag-e138920f/ssh-libxcrypt-msys-02/stage/usr/include -DSSHDIR=\"/etc/ssh\" -D_PATH_SSH_PROGRAM=\"/usr/bin/ssh\" -D_PATH_SSH_ASKPASS_DEFAULT=\"/usr/lib/ssh/ssh-askpass\" -D_PATH_SFTP_SERVER=\"/usr/lib/ssh/sftp-server\" -D_PATH_SSH_KEY_SIGN=\"/usr/lib/ssh/ssh-keysign\" -D_PATH_SSHD_SESSION=\"/usr/lib/ssh/sshd-session\" -D_PATH_SSHD_AUTH=\"/usr/lib/ssh/sshd-auth\" -D_PATH_SSH_PKCS11_HELPER=\"/usr/lib/ssh/ssh-pkcs11-helper\" -D_PATH_SSH_SK_HELPER=\"/usr/lib/ssh/ssh-sk-helper\" -D_PATH_SSH_PIDDIR=\"/etc/ssh\" -D_PATH_PRIVSEP_CHROOT_DIR=\"/var/empty\" -DHAVE_CONFIG_H -c /c/ap13-dcb/openssh-msys-canonical-05/src/misc.c -o misc.o
/c/Users/crutkasLocal/.copilot/repos/copilot-worktrees/msys2-woarm64-build/crutkas-didactic-waffle/.github/scripts/msys-openssh-release-gcc -g -O2 -pipe -Wno-error=format-truncation -Wall -Wextra -Wpointer-arith -Wuninitialized -Wsign-compare -Wformat-security -Wsizeof-pointer-memaccess -Wno-pointer-sign -Wno-unused-parameter -Wno-unused-result -Wimplicit-fallthrough -Wmisleading-indentation -fno-strict-aliasing -fno-builtin-memset -Wno-attributes   -fPIC -I. -I.. -I/c/ap13-dcb/openssh-msys-canonical-05/src/openbsd-compat -I/c/ap13-dcb/openssh-msys-canonical-05/src/openbsd-compat/.. -I"/c/ap13-dcb/openssh-msys-canonical-05/build/openbsd-compat/include" -I/c/ap13-dcb/openssl-msys-canonical-02/openssl-release-sdk-01/include -I/c/Users/crutkasLocal/.copilot/session-state/f6ea7713-2cec-41d5-b3f9-b4373e60fa33/files/resume-20260907/zlib-msys-01/stage/usr/include -I/c/ap13-dcb/openssl-msys-canonical-02/openssl-release-sdk-01/include -I/c/Users/crutkasLocal/.copilot/session-state/f6ea7713-2cec-41d5-b3f9-b4373e60fa33/files/resume-20260907/zlib-msys-01/stage/usr/include -I/c/ag-e138920f/ssh-libxcrypt-msys-02/stage/usr/include -DHAVE_CONFIG_H -c /c/ap13-dcb/openssh-msys-canonical-05/src/openbsd-compat/strtonum.c
In file included from C:/ap13-dcb/openssh-msys-canonical-05/src/misc.c:50:
C:/ap13-dcb/openssh-msys-canonical-05/src/misc.c: In function 'colon':
C:/ap13-dcb/openssh-msys-canonical-05/src/misc.c:876:21: warning: array subscript has type 'char' [-Wchar-subscripts]
  876 |         if (isalpha(*cp) && *(cp+1) == ':')     /* Do not split at drive name. */
      |                     ^~~
C:/ap13-dcb/openssh-msys-canonical-05/src/misc.c: In function 'fmt_timeframe':
C:/ap13-dcb/openssh-msys-canonical-05/src/misc.c:775:40: warning: '%02llu' directive output may be truncated writing between 2 and 14 bytes into a region of size 9 [-Wformat-truncation=]
  775 |                 snprintf(buf, TF_LEN, "%02lluw%01ud%02uh", week, day, hrs);
      |                                        ^~~~~~
C:/ap13-dcb/openssh-msys-canonical-05/src/misc.c:775:39: note: directive argument in the range [1, 30500568904943]
  775 |                 snprintf(buf, TF_LEN, "%02lluw%01ud%02uh", week, day, hrs);
      |                                       ^~~~~~~~~~~~~~~~~~~
C:/ap13-dcb/openssh-msys-canonical-05/src/misc.c:775:39: note: directive argument in the range [0, 6]
C:/ap13-dcb/openssh-msys-canonical-05/src/misc.c:775:39: note: directive argument in the range [0, 23]
C:/ap13-dcb/openssh-msys-canonical-05/src/misc.c:775:17: note: 'snprintf' output between 9 and 21 bytes into a destination of size 9
  775 |                 snprintf(buf, TF_LEN, "%02lluw%01ud%02uh", week, day, hrs);
      |                 ^~~~~~~~~~~~~~~~~~~~~~~~~~~~~~~~~~~~~~~~~~~~~~~~~~~~~~~~~~
/c/Users/crutkasLocal/.copilot/repos/copilot-worktrees/msys2-woarm64-build/crutkas-didactic-waffle/.github/scripts/msys-openssh-release-gcc -g -O2 -pipe -Wno-error=format-truncation -Wall -Wextra -Wpointer-arith -Wuninitialized -Wsign-compare -Wformat-security -Wsizeof-pointer-memaccess -Wno-pointer-sign -Wno-unused-parameter -Wno-unused-result -Wimplicit-fallthrough -Wmisleading-indentation -fno-strict-aliasing -fno-builtin-memset -Wno-attributes   -fPIC -I. -I.. -I/c/ap13-dcb/openssh-msys-canonical-05/src/openbsd-compat -I/c/ap13-dcb/openssh-msys-canonical-05/src/openbsd-compat/.. -I"/c/ap13-dcb/openssh-msys-canonical-05/build/openbsd-compat/include" -I/c/ap13-dcb/openssl-msys-canonical-02/openssl-release-sdk-01/include -I/c/Users/crutkasLocal/.copilot/session-state/f6ea7713-2cec-41d5-b3f9-b4373e60fa33/files/resume-20260907/zlib-msys-01/stage/usr/include -I/c/ap13-dcb/openssl-msys-canonical-02/openssl-release-sdk-01/include -I/c/Users/crutkasLocal/.copilot/session-state/f6ea7713-2cec-41d5-b3f9-b4373e60fa33/files/resume-20260907/zlib-msys-01/stage/usr/include -I/c/ag-e138920f/ssh-libxcrypt-msys-02/stage/usr/include -DHAVE_CONFIG_H -c /c/ap13-dcb/openssh-msys-canonical-05/src/openbsd-compat/strtoull.c
/c/Users/crutkasLocal/.copilot/repos/copilot-worktrees/msys2-woarm64-build/crutkas-didactic-waffle/.github/scripts/msys-openssh-release-gcc -g -O2 -pipe -Wno-error=format-truncation -Wall -Wextra -Wpointer-arith -Wuninitialized -Wsign-compare -Wformat-security -Wsizeof-pointer-memaccess -Wno-pointer-sign -Wno-unused-parameter -Wno-unused-result -Wimplicit-fallthrough -Wmisleading-indentation -fno-strict-aliasing -fno-builtin-memset -Wno-attributes   -fPIC -I. -I.. -I/c/ap13-dcb/openssh-msys-canonical-05/src/openbsd-compat -I/c/ap13-dcb/openssh-msys-canonical-05/src/openbsd-compat/.. -I"/c/ap13-dcb/openssh-msys-canonical-05/build/openbsd-compat/include" -I/c/ap13-dcb/openssl-msys-canonical-02/openssl-release-sdk-01/include -I/c/Users/crutkasLocal/.copilot/session-state/f6ea7713-2cec-41d5-b3f9-b4373e60fa33/files/resume-20260907/zlib-msys-01/stage/usr/include -I/c/ap13-dcb/openssl-msys-canonical-02/openssl-release-sdk-01/include -I/c/Users/crutkasLocal/.copilot/session-state/f6ea7713-2cec-41d5-b3f9-b4373e60fa33/files/resume-20260907/zlib-msys-01/stage/usr/include -I/c/ag-e138920f/ssh-libxcrypt-msys-02/stage/usr/include -DHAVE_CONFIG_H -c /c/ap13-dcb/openssh-msys-canonical-05/src/openbsd-compat/strtoul.c
/c/Users/crutkasLocal/.copilot/repos/copilot-worktrees/msys2-woarm64-build/crutkas-didactic-waffle/.github/scripts/msys-openssh-release-gcc -g -O2 -pipe -Wno-error=format-truncation -Wall -Wextra -Wpointer-arith -Wuninitialized -Wsign-compare -Wformat-security -Wsizeof-pointer-memaccess -Wno-pointer-sign -Wno-unused-parameter -Wno-unused-result -Wimplicit-fallthrough -Wmisleading-indentation -fno-strict-aliasing -fno-builtin-memset -Wno-attributes   -I. -I/c/ap13-dcb/openssh-msys-canonical-05/src -I"/c/ap13-dcb/openssh-msys-canonical-05/build/openbsd-compat/include" -I/c/ap13-dcb/openssl-msys-canonical-02/openssl-release-sdk-01/include -I/c/Users/crutkasLocal/.copilot/session-state/f6ea7713-2cec-41d5-b3f9-b4373e60fa33/files/resume-20260907/zlib-msys-01/stage/usr/include -I/c/ap13-dcb/openssl-msys-canonical-02/openssl-release-sdk-01/include -I/c/Users/crutkasLocal/.copilot/session-state/f6ea7713-2cec-41d5-b3f9-b4373e60fa33/files/resume-20260907/zlib-msys-01/stage/usr/include -I/c/ag-e138920f/ssh-libxcrypt-msys-02/stage/usr/include -DSSHDIR=\"/etc/ssh\" -D_PATH_SSH_PROGRAM=\"/usr/bin/ssh\" -D_PATH_SSH_ASKPASS_DEFAULT=\"/usr/lib/ssh/ssh-askpass\" -D_PATH_SFTP_SERVER=\"/usr/lib/ssh/sftp-server\" -D_PATH_SSH_KEY_SIGN=\"/usr/lib/ssh/ssh-keysign\" -D_PATH_SSHD_SESSION=\"/usr/lib/ssh/sshd-session\" -D_PATH_SSHD_AUTH=\"/usr/lib/ssh/sshd-auth\" -D_PATH_SSH_PKCS11_HELPER=\"/usr/lib/ssh/ssh-pkcs11-helper\" -D_PATH_SSH_SK_HELPER=\"/usr/lib/ssh/ssh-sk-helper\" -D_PATH_SSH_PIDDIR=\"/etc/ssh\" -D_PATH_PRIVSEP_CHROOT_DIR=\"/var/empty\" -DHAVE_CONFIG_H -c /c/ap13-dcb/openssh-msys-canonical-05/src/utf8.c -o utf8.o
/c/Users/crutkasLocal/.copilot/repos/copilot-worktrees/msys2-woarm64-build/crutkas-didactic-waffle/.github/scripts/msys-openssh-release-gcc -g -O2 -pipe -Wno-error=format-truncation -Wall -Wextra -Wpointer-arith -Wuninitialized -Wsign-compare -Wformat-security -Wsizeof-pointer-memaccess -Wno-pointer-sign -Wno-unused-parameter -Wno-unused-result -Wimplicit-fallthrough -Wmisleading-indentation -fno-strict-aliasing -fno-builtin-memset -Wno-attributes   -fPIC -I. -I.. -I/c/ap13-dcb/openssh-msys-canonical-05/src/openbsd-compat -I/c/ap13-dcb/openssh-msys-canonical-05/src/openbsd-compat/.. -I"/c/ap13-dcb/openssh-msys-canonical-05/build/openbsd-compat/include" -I/c/ap13-dcb/openssl-msys-canonical-02/openssl-release-sdk-01/include -I/c/Users/crutkasLocal/.copilot/session-state/f6ea7713-2cec-41d5-b3f9-b4373e60fa33/files/resume-20260907/zlib-msys-01/stage/usr/include -I/c/ap13-dcb/openssl-msys-canonical-02/openssl-release-sdk-01/include -I/c/Users/crutkasLocal/.copilot/session-state/f6ea7713-2cec-41d5-b3f9-b4373e60fa33/files/resume-20260907/zlib-msys-01/stage/usr/include -I/c/ag-e138920f/ssh-libxcrypt-msys-02/stage/usr/include -DHAVE_CONFIG_H -c /c/ap13-dcb/openssh-msys-canonical-05/src/openbsd-compat/timingsafe_bcmp.c
/c/Users/crutkasLocal/.copilot/repos/copilot-worktrees/msys2-woarm64-build/crutkas-didactic-waffle/.github/scripts/msys-openssh-release-gcc -g -O2 -pipe -Wno-error=format-truncation -Wall -Wextra -Wpointer-arith -Wuninitialized -Wsign-compare -Wformat-security -Wsizeof-pointer-memaccess -Wno-pointer-sign -Wno-unused-parameter -Wno-unused-result -Wimplicit-fallthrough -Wmisleading-indentation -fno-strict-aliasing -fno-builtin-memset -Wno-attributes   -I. -I/c/ap13-dcb/openssh-msys-canonical-05/src -I"/c/ap13-dcb/openssh-msys-canonical-05/build/openbsd-compat/include" -I/c/ap13-dcb/openssl-msys-canonical-02/openssl-release-sdk-01/include -I/c/Users/crutkasLocal/.copilot/session-state/f6ea7713-2cec-41d5-b3f9-b4373e60fa33/files/resume-20260907/zlib-msys-01/stage/usr/include -I/c/ap13-dcb/openssl-msys-canonical-02/openssl-release-sdk-01/include -I/c/Users/crutkasLocal/.copilot/session-state/f6ea7713-2cec-41d5-b3f9-b4373e60fa33/files/resume-20260907/zlib-msys-01/stage/usr/include -I/c/ag-e138920f/ssh-libxcrypt-msys-02/stage/usr/include -DSSHDIR=\"/etc/ssh\" -D_PATH_SSH_PROGRAM=\"/usr/bin/ssh\" -D_PATH_SSH_ASKPASS_DEFAULT=\"/usr/lib/ssh/ssh-askpass\" -D_PATH_SFTP_SERVER=\"/usr/lib/ssh/sftp-server\" -D_PATH_SSH_KEY_SIGN=\"/usr/lib/ssh/ssh-keysign\" -D_PATH_SSHD_SESSION=\"/usr/lib/ssh/sshd-session\" -D_PATH_SSHD_AUTH=\"/usr/lib/ssh/sshd-auth\" -D_PATH_SSH_PKCS11_HELPER=\"/usr/lib/ssh/ssh-pkcs11-helper\" -D_PATH_SSH_SK_HELPER=\"/usr/lib/ssh/ssh-sk-helper\" -D_PATH_SSH_PIDDIR=\"/etc/ssh\" -D_PATH_PRIVSEP_CHROOT_DIR=\"/var/empty\" -DHAVE_CONFIG_H -c /c/ap13-dcb/openssh-msys-canonical-05/src/monitor_fdpass.c -o monitor_fdpass.o
/c/Users/crutkasLocal/.copilot/repos/copilot-worktrees/msys2-woarm64-build/crutkas-didactic-waffle/.github/scripts/msys-openssh-release-gcc -g -O2 -pipe -Wno-error=format-truncation -Wall -Wextra -Wpointer-arith -Wuninitialized -Wsign-compare -Wformat-security -Wsizeof-pointer-memaccess -Wno-pointer-sign -Wno-unused-parameter -Wno-unused-result -Wimplicit-fallthrough -Wmisleading-indentation -fno-strict-aliasing -fno-builtin-memset -Wno-attributes   -fPIC -I. -I.. -I/c/ap13-dcb/openssh-msys-canonical-05/src/openbsd-compat -I/c/ap13-dcb/openssh-msys-canonical-05/src/openbsd-compat/.. -I"/c/ap13-dcb/openssh-msys-canonical-05/build/openbsd-compat/include" -I/c/ap13-dcb/openssl-msys-canonical-02/openssl-release-sdk-01/include -I/c/Users/crutkasLocal/.copilot/session-state/f6ea7713-2cec-41d5-b3f9-b4373e60fa33/files/resume-20260907/zlib-msys-01/stage/usr/include -I/c/ap13-dcb/openssl-msys-canonical-02/openssl-release-sdk-01/include -I/c/Users/crutkasLocal/.copilot/session-state/f6ea7713-2cec-41d5-b3f9-b4373e60fa33/files/resume-20260907/zlib-msys-01/stage/usr/include -I/c/ag-e138920f/ssh-libxcrypt-msys-02/stage/usr/include -DHAVE_CONFIG_H -c /c/ap13-dcb/openssh-msys-canonical-05/src/openbsd-compat/vis.c
/c/Users/crutkasLocal/.copilot/repos/copilot-worktrees/msys2-woarm64-build/crutkas-didactic-waffle/.github/scripts/msys-openssh-release-gcc -g -O2 -pipe -Wno-error=format-truncation -Wall -Wextra -Wpointer-arith -Wuninitialized -Wsign-compare -Wformat-security -Wsizeof-pointer-memaccess -Wno-pointer-sign -Wno-unused-parameter -Wno-unused-result -Wimplicit-fallthrough -Wmisleading-indentation -fno-strict-aliasing -fno-builtin-memset -Wno-attributes   -I. -I/c/ap13-dcb/openssh-msys-canonical-05/src -I"/c/ap13-dcb/openssh-msys-canonical-05/build/openbsd-compat/include" -I/c/ap13-dcb/openssl-msys-canonical-02/openssl-release-sdk-01/include -I/c/Users/crutkasLocal/.copilot/session-state/f6ea7713-2cec-41d5-b3f9-b4373e60fa33/files/resume-20260907/zlib-msys-01/stage/usr/include -I/c/ap13-dcb/openssl-msys-canonical-02/openssl-release-sdk-01/include -I/c/Users/crutkasLocal/.copilot/session-state/f6ea7713-2cec-41d5-b3f9-b4373e60fa33/files/resume-20260907/zlib-msys-01/stage/usr/include -I/c/ag-e138920f/ssh-libxcrypt-msys-02/stage/usr/include -DSSHDIR=\"/etc/ssh\" -D_PATH_SSH_PROGRAM=\"/usr/bin/ssh\" -D_PATH_SSH_ASKPASS_DEFAULT=\"/usr/lib/ssh/ssh-askpass\" -D_PATH_SFTP_SERVER=\"/usr/lib/ssh/sftp-server\" -D_PATH_SSH_KEY_SIGN=\"/usr/lib/ssh/ssh-keysign\" -D_PATH_SSHD_SESSION=\"/usr/lib/ssh/sshd-session\" -D_PATH_SSHD_AUTH=\"/usr/lib/ssh/sshd-auth\" -D_PATH_SSH_PKCS11_HELPER=\"/usr/lib/ssh/ssh-pkcs11-helper\" -D_PATH_SSH_SK_HELPER=\"/usr/lib/ssh/ssh-sk-helper\" -D_PATH_SSH_PIDDIR=\"/etc/ssh\" -D_PATH_PRIVSEP_CHROOT_DIR=\"/var/empty\" -DHAVE_CONFIG_H -c /c/ap13-dcb/openssh-msys-canonical-05/src/rijndael.c -o rijndael.o
/c/Users/crutkasLocal/.copilot/repos/copilot-worktrees/msys2-woarm64-build/crutkas-didactic-waffle/.github/scripts/msys-openssh-release-gcc -g -O2 -pipe -Wno-error=format-truncation -Wall -Wextra -Wpointer-arith -Wuninitialized -Wsign-compare -Wformat-security -Wsizeof-pointer-memaccess -Wno-pointer-sign -Wno-unused-parameter -Wno-unused-result -Wimplicit-fallthrough -Wmisleading-indentation -fno-strict-aliasing -fno-builtin-memset -Wno-attributes   -fPIC -I. -I.. -I/c/ap13-dcb/openssh-msys-canonical-05/src/openbsd-compat -I/c/ap13-dcb/openssh-msys-canonical-05/src/openbsd-compat/.. -I"/c/ap13-dcb/openssh-msys-canonical-05/build/openbsd-compat/include" -I/c/ap13-dcb/openssl-msys-canonical-02/openssl-release-sdk-01/include -I/c/Users/crutkasLocal/.copilot/session-state/f6ea7713-2cec-41d5-b3f9-b4373e60fa33/files/resume-20260907/zlib-msys-01/stage/usr/include -I/c/ap13-dcb/openssl-msys-canonical-02/openssl-release-sdk-01/include -I/c/Users/crutkasLocal/.copilot/session-state/f6ea7713-2cec-41d5-b3f9-b4373e60fa33/files/resume-20260907/zlib-msys-01/stage/usr/include -I/c/ag-e138920f/ssh-libxcrypt-msys-02/stage/usr/include -DHAVE_CONFIG_H -c /c/ap13-dcb/openssh-msys-canonical-05/src/openbsd-compat/port-aix.c
/c/Users/crutkasLocal/.copilot/repos/copilot-worktrees/msys2-woarm64-build/crutkas-didactic-waffle/.github/scripts/msys-openssh-release-gcc -g -O2 -pipe -Wno-error=format-truncation -Wall -Wextra -Wpointer-arith -Wuninitialized -Wsign-compare -Wformat-security -Wsizeof-pointer-memaccess -Wno-pointer-sign -Wno-unused-parameter -Wno-unused-result -Wimplicit-fallthrough -Wmisleading-indentation -fno-strict-aliasing -fno-builtin-memset -Wno-attributes   -I. -I/c/ap13-dcb/openssh-msys-canonical-05/src -I"/c/ap13-dcb/openssh-msys-canonical-05/build/openbsd-compat/include" -I/c/ap13-dcb/openssl-msys-canonical-02/openssl-release-sdk-01/include -I/c/Users/crutkasLocal/.copilot/session-state/f6ea7713-2cec-41d5-b3f9-b4373e60fa33/files/resume-20260907/zlib-msys-01/stage/usr/include -I/c/ap13-dcb/openssl-msys-canonical-02/openssl-release-sdk-01/include -I/c/Users/crutkasLocal/.copilot/session-state/f6ea7713-2cec-41d5-b3f9-b4373e60fa33/files/resume-20260907/zlib-msys-01/stage/usr/include -I/c/ag-e138920f/ssh-libxcrypt-msys-02/stage/usr/include -DSSHDIR=\"/etc/ssh\" -D_PATH_SSH_PROGRAM=\"/usr/bin/ssh\" -D_PATH_SSH_ASKPASS_DEFAULT=\"/usr/lib/ssh/ssh-askpass\" -D_PATH_SFTP_SERVER=\"/usr/lib/ssh/sftp-server\" -D_PATH_SSH_KEY_SIGN=\"/usr/lib/ssh/ssh-keysign\" -D_PATH_SSHD_SESSION=\"/usr/lib/ssh/sshd-session\" -D_PATH_SSHD_AUTH=\"/usr/lib/ssh/sshd-auth\" -D_PATH_SSH_PKCS11_HELPER=\"/usr/lib/ssh/ssh-pkcs11-helper\" -D_PATH_SSH_SK_HELPER=\"/usr/lib/ssh/ssh-sk-helper\" -D_PATH_SSH_PIDDIR=\"/etc/ssh\" -D_PATH_PRIVSEP_CHROOT_DIR=\"/var/empty\" -DHAVE_CONFIG_H -c /c/ap13-dcb/openssh-msys-canonical-05/src/ssh-ecdsa.c -o ssh-ecdsa.o
/c/Users/crutkasLocal/.copilot/repos/copilot-worktrees/msys2-woarm64-build/crutkas-didactic-waffle/.github/scripts/msys-openssh-release-gcc -g -O2 -pipe -Wno-error=format-truncation -Wall -Wextra -Wpointer-arith -Wuninitialized -Wsign-compare -Wformat-security -Wsizeof-pointer-memaccess -Wno-pointer-sign -Wno-unused-parameter -Wno-unused-result -Wimplicit-fallthrough -Wmisleading-indentation -fno-strict-aliasing -fno-builtin-memset -Wno-attributes   -fPIC -I. -I.. -I/c/ap13-dcb/openssh-msys-canonical-05/src/openbsd-compat -I/c/ap13-dcb/openssh-msys-canonical-05/src/openbsd-compat/.. -I"/c/ap13-dcb/openssh-msys-canonical-05/build/openbsd-compat/include" -I/c/ap13-dcb/openssl-msys-canonical-02/openssl-release-sdk-01/include -I/c/Users/crutkasLocal/.copilot/session-state/f6ea7713-2cec-41d5-b3f9-b4373e60fa33/files/resume-20260907/zlib-msys-01/stage/usr/include -I/c/ap13-dcb/openssl-msys-canonical-02/openssl-release-sdk-01/include -I/c/Users/crutkasLocal/.copilot/session-state/f6ea7713-2cec-41d5-b3f9-b4373e60fa33/files/resume-20260907/zlib-msys-01/stage/usr/include -I/c/ag-e138920f/ssh-libxcrypt-msys-02/stage/usr/include -DHAVE_CONFIG_H -c /c/ap13-dcb/openssh-msys-canonical-05/src/openbsd-compat/port-irix.c
C:/ap13-dcb/openssh-msys-canonical-05/src/ssh-ecdsa.c: In function 'sshkey_ecdsa_fixup_group':
C:/ap13-dcb/openssh-msys-canonical-05/src/ssh-ecdsa.c:61:9: warning: 'EVP_PKEY_get1_EC_KEY' is deprecated: Since OpenSSL 3.0 [-Wdeprecated-declarations]
   61 |         if ((ec = EVP_PKEY_get1_EC_KEY(k)) == NULL ||
      |         ^~
In file included from C:/ap13-dcb/openssh-msys-canonical-05/src/openbsd-compat/openssl-compat.h:25,
                 from C:/ap13-dcb/openssh-msys-canonical-05/src/ssh-ecdsa.c:30:
C:/ap13-dcb/openssl-msys-canonical-02/openssl-release-sdk-01/include/openssl/evp.h:1433:19: note: declared here
 1433 | struct ec_key_st *EVP_PKEY_get1_EC_KEY(EVP_PKEY *pkey);
      |                   ^~~~~~~~~~~~~~~~~~~~
C:/ap13-dcb/openssh-msys-canonical-05/src/ssh-ecdsa.c:62:13: warning: 'EC_KEY_get0_group' is deprecated: Since OpenSSL 3.0 [-Wdeprecated-declarations]
   62 |             (g = EC_KEY_get0_group(ec)) == NULL)
      |             ^
In file included from C:/ap13-dcb/openssl-msys-canonical-02/openssl-release-sdk-01/include/openssl/ecdsa.h:10,
                 from C:/ap13-dcb/openssh-msys-canonical-05/src/openbsd-compat/openssl-compat.h:28:
C:/ap13-dcb/openssl-msys-canonical-02/openssl-release-sdk-01/include/openssl/ec.h:1045:39: note: declared here
 1045 | OSSL_DEPRECATEDIN_3_0 const EC_GROUP *EC_KEY_get0_group(const EC_KEY *key);
      |                                       ^~~~~~~~~~~~~~~~~
C:/ap13-dcb/openssh-msys-canonical-05/src/ssh-ecdsa.c:88:9: warning: 'EC_KEY_set_group' is deprecated: Since OpenSSL 3.0 [-Wdeprecated-declarations]
   88 |         if (EC_KEY_set_group(ec, eg) != 1 ||
      |         ^~
C:/ap13-dcb/openssl-msys-canonical-02/openssl-release-sdk-01/include/openssl/ec.h:1053:27: note: declared here
 1053 | OSSL_DEPRECATEDIN_3_0 int EC_KEY_set_group(EC_KEY *key, const EC_GROUP *group);
      |                           ^~~~~~~~~~~~~~~~
C:/ap13-dcb/openssh-msys-canonical-05/src/ssh-ecdsa.c:89:13: warning: 'EVP_PKEY_set1_EC_KEY' is deprecated: Since OpenSSL 3.0 [-Wdeprecated-declarations]
   89 |             EVP_PKEY_set1_EC_KEY(k, ec) != 1)
      |             ^~~~~~~~~~~~~~~~~~~~
C:/ap13-dcb/openssl-msys-canonical-02/openssl-release-sdk-01/include/openssl/evp.h:1429:5: note: declared here
 1429 | int EVP_PKEY_set1_EC_KEY(EVP_PKEY *pkey, struct ec_key_st *key);
      |     ^~~~~~~~~~~~~~~~~~~~
C:/ap13-dcb/openssh-msys-canonical-05/src/ssh-ecdsa.c:94:9: warning: 'EC_KEY_free' is deprecated: Since OpenSSL 3.0 [-Wdeprecated-declarations]
   94 |         EC_KEY_free(ec);
      |         ^~~~~~~~~~~
C:/ap13-dcb/openssl-msys-canonical-02/openssl-release-sdk-01/include/openssl/ec.h:1014:28: note: declared here
 1014 | OSSL_DEPRECATEDIN_3_0 void EC_KEY_free(EC_KEY *key);
      |                            ^~~~~~~~~~~
C:/ap13-dcb/openssh-msys-canonical-05/src/ssh-ecdsa.c: In function 'ssh_ecdsa_equal':
C:/ap13-dcb/openssh-msys-canonical-05/src/ssh-ecdsa.c:126:9: warning: 'EVP_PKEY_cmp' is deprecated: Since OpenSSL 3.0 [-Wdeprecated-declarations]
  126 |         return EVP_PKEY_cmp(a->pkey, b->pkey) == 1;
      |         ^~~~~~
C:/ap13-dcb/openssl-msys-canonical-02/openssl-release-sdk-01/include/openssl/evp.h:1477:5: note: declared here
 1477 | int EVP_PKEY_cmp(const EVP_PKEY *a, const EVP_PKEY *b);
      |     ^~~~~~~~~~~~
C:/ap13-dcb/openssh-msys-canonical-05/src/ssh-ecdsa.c: In function 'ssh_ecdsa_serialize_private':
C:/ap13-dcb/openssh-msys-canonical-05/src/ssh-ecdsa.c:156:13: warning: 'EC_KEY_get0_private_key' is deprecated: Since OpenSSL 3.0 [-Wdeprecated-declarations]
  156 |             EC_KEY_get0_private_key(EVP_PKEY_get0_EC_KEY(key->pkey)))) != 0)
      |             ^~~~~~~~~~~~~~~~~~~~~~~
C:/ap13-dcb/openssl-msys-canonical-02/openssl-release-sdk-01/include/openssl/ec.h:1059:37: note: declared here
 1059 | OSSL_DEPRECATEDIN_3_0 const BIGNUM *EC_KEY_get0_private_key(const EC_KEY *key);
      |                                     ^~~~~~~~~~~~~~~~~~~~~~~
C:/ap13-dcb/openssh-msys-canonical-05/src/ssh-ecdsa.c:156:13: warning: 'EVP_PKEY_get0_EC_KEY' is deprecated: Since OpenSSL 3.0 [-Wdeprecated-declarations]
  156 |             EC_KEY_get0_private_key(EVP_PKEY_get0_EC_KEY(key->pkey)))) != 0)
      |             ^~~~~~~~~~~~~~~~~~~~~~~
C:/ap13-dcb/openssl-msys-canonical-02/openssl-release-sdk-01/include/openssl/evp.h:1431:25: note: declared here
 1431 | const struct ec_key_st *EVP_PKEY_get0_EC_KEY(const EVP_PKEY *pkey);
      |                         ^~~~~~~~~~~~~~~~~~~~
C:/ap13-dcb/openssh-msys-canonical-05/src/ssh-ecdsa.c: In function 'ssh_ecdsa_copy_public':
C:/ap13-dcb/openssh-msys-canonical-05/src/ssh-ecdsa.c:197:9: warning: 'EVP_PKEY_get0_EC_KEY' is deprecated: Since OpenSSL 3.0 [-Wdeprecated-declarations]
  197 |         ec_from = EVP_PKEY_get0_EC_KEY(from->pkey);
      |         ^~~~~~~
C:/ap13-dcb/openssl-msys-canonical-02/openssl-release-sdk-01/include/openssl/evp.h:1431:25: note: declared here
 1431 | const struct ec_key_st *EVP_PKEY_get0_EC_KEY(const EVP_PKEY *pkey);
      |                         ^~~~~~~~~~~~~~~~~~~~
C:/ap13-dcb/openssh-msys-canonical-05/src/ssh-ecdsa.c:202:9: warning: 'EC_KEY_new_by_curve_name' is deprecated: Since OpenSSL 3.0 [-Wdeprecated-declarations]
  202 |         if ((ec_to = EC_KEY_new_by_curve_name(from->ecdsa_nid)) == NULL)
      |         ^~
C:/ap13-dcb/openssl-msys-canonical-02/openssl-release-sdk-01/include/openssl/ec.h:1009:31: note: declared here
 1009 | OSSL_DEPRECATEDIN_3_0 EC_KEY *EC_KEY_new_by_curve_name(int nid);
      |                               ^~~~~~~~~~~~~~~~~~~~~~~~
C:/ap13-dcb/openssh-msys-canonical-05/src/ssh-ecdsa.c:204:9: warning: 'EC_KEY_set_public_key' is deprecated: Since OpenSSL 3.0 [-Wdeprecated-declarations]
  204 |         if (EC_KEY_set_public_key(ec_to,
      |         ^~
C:/ap13-dcb/openssl-msys-canonical-02/openssl-release-sdk-01/include/openssl/ec.h:1081:27: note: declared here
 1081 | OSSL_DEPRECATEDIN_3_0 int EC_KEY_set_public_key(EC_KEY *key, const EC_POINT *pub);
      |                           ^~~~~~~~~~~~~~~~~~~~~
C:/ap13-dcb/openssh-msys-canonical-05/src/ssh-ecdsa.c:205:13: warning: 'EC_KEY_get0_public_key' is deprecated: Since OpenSSL 3.0 [-Wdeprecated-declarations]
  205 |             EC_KEY_get0_public_key(ec_from)) != 1) {
      |             ^~~~~~~~~~~~~~~~~~~~~~
C:/ap13-dcb/openssl-msys-canonical-02/openssl-release-sdk-01/include/openssl/ec.h:1073:39: note: declared here
 1073 | OSSL_DEPRECATEDIN_3_0 const EC_POINT *EC_KEY_get0_public_key(const EC_KEY *key);
      |                                       ^~~~~~~~~~~~~~~~~~~~~~
C:/ap13-dcb/openssh-msys-canonical-05/src/ssh-ecdsa.c:214:9: warning: 'EVP_PKEY_set1_EC_KEY' is deprecated: Since OpenSSL 3.0 [-Wdeprecated-declarations]
  214 |         if (EVP_PKEY_set1_EC_KEY(to->pkey, ec_to) != 1) {
      |         ^~
C:/ap13-dcb/openssl-msys-canonical-02/openssl-release-sdk-01/include/openssl/evp.h:1429:5: note: declared here
 1429 | int EVP_PKEY_set1_EC_KEY(EVP_PKEY *pkey, struct ec_key_st *key);
      |     ^~~~~~~~~~~~~~~~~~~~
C:/ap13-dcb/openssh-msys-canonical-05/src/ssh-ecdsa.c:220:9: warning: 'EC_KEY_free' is deprecated: Since OpenSSL 3.0 [-Wdeprecated-declarations]
  220 |         EC_KEY_free(ec_to);
      |         ^~~~~~~~~~~
C:/ap13-dcb/openssl-msys-canonical-02/openssl-release-sdk-01/include/openssl/ec.h:1014:28: note: declared here
 1014 | OSSL_DEPRECATEDIN_3_0 void EC_KEY_free(EC_KEY *key);
      |                            ^~~~~~~~~~~
C:/ap13-dcb/openssh-msys-canonical-05/src/ssh-ecdsa.c: In function 'ssh_ecdsa_deserialize_public':
C:/ap13-dcb/openssh-msys-canonical-05/src/ssh-ecdsa.c:241:9: warning: 'EC_KEY_new_by_curve_name' is deprecated: Since OpenSSL 3.0 [-Wdeprecated-declarations]
  241 |         if ((ec = EC_KEY_new_by_curve_name(key->ecdsa_nid)) == NULL) {
      |         ^~
C:/ap13-dcb/openssl-msys-canonical-02/openssl-release-sdk-01/include/openssl/ec.h:1009:31: note: declared here
 1009 | OSSL_DEPRECATEDIN_3_0 EC_KEY *EC_KEY_new_by_curve_name(int nid);
      |                               ^~~~~~~~~~~~~~~~~~~~~~~~
C:/ap13-dcb/openssh-msys-canonical-05/src/ssh-ecdsa.c:247:9: warning: 'EC_KEY_get0_group' is deprecated: Since OpenSSL 3.0 [-Wdeprecated-declarations]
  247 |         if (sshkey_ec_validate_public(EC_KEY_get0_group(ec),
      |         ^~
C:/ap13-dcb/openssl-msys-canonical-02/openssl-release-sdk-01/include/openssl/ec.h:1045:39: note: declared here
 1045 | OSSL_DEPRECATEDIN_3_0 const EC_GROUP *EC_KEY_get0_group(const EC_KEY *key);
      |                                       ^~~~~~~~~~~~~~~~~
C:/ap13-dcb/openssh-msys-canonical-05/src/ssh-ecdsa.c:248:13: warning: 'EC_KEY_get0_public_key' is deprecated: Since OpenSSL 3.0 [-Wdeprecated-declarations]
  248 |             EC_KEY_get0_public_key(ec)) != 0) {
      |             ^~~~~~~~~~~~~~~~~~~~~~
C:/ap13-dcb/openssl-msys-canonical-02/openssl-release-sdk-01/include/openssl/ec.h:1073:39: note: declared here
 1073 | OSSL_DEPRECATEDIN_3_0 const EC_POINT *EC_KEY_get0_public_key(const EC_KEY *key);
      |                                       ^~~~~~~~~~~~~~~~~~~~~~
C:/ap13-dcb/openssh-msys-canonical-05/src/ssh-ecdsa.c:256:9: warning: 'EVP_PKEY_set1_EC_KEY' is deprecated: Since OpenSSL 3.0 [-Wdeprecated-declarations]
  256 |         if (EVP_PKEY_set1_EC_KEY(pkey, ec) != 1) {
      |         ^~
C:/ap13-dcb/openssl-msys-canonical-02/openssl-release-sdk-01/include/openssl/evp.h:1429:5: note: declared here
 1429 | int EVP_PKEY_set1_EC_KEY(EVP_PKEY *pkey, struct ec_key_st *key);
      |     ^~~~~~~~~~~~~~~~~~~~
C:/ap13-dcb/openssh-msys-canonical-05/src/ssh-ecdsa.c:271:9: warning: 'EC_KEY_free' is deprecated: Since OpenSSL 3.0 [-Wdeprecated-declarations]
  271 |         EC_KEY_free(ec);
      |         ^~~~~~~~~~~
C:/ap13-dcb/openssl-msys-canonical-02/openssl-release-sdk-01/include/openssl/ec.h:1014:28: note: declared here
 1014 | OSSL_DEPRECATEDIN_3_0 void EC_KEY_free(EC_KEY *key);
      |                            ^~~~~~~~~~~
C:/ap13-dcb/openssh-msys-canonical-05/src/ssh-ecdsa.c: In function 'ssh_ecdsa_deserialize_private':
C:/ap13-dcb/openssh-msys-canonical-05/src/ssh-ecdsa.c:291:9: warning: 'EVP_PKEY_get1_EC_KEY' is deprecated: Since OpenSSL 3.0 [-Wdeprecated-declarations]
  291 |         if ((ec = EVP_PKEY_get1_EC_KEY(key->pkey)) == NULL) {
      |         ^~
C:/ap13-dcb/openssl-msys-canonical-02/openssl-release-sdk-01/include/openssl/evp.h:1433:19: note: declared here
 1433 | struct ec_key_st *EVP_PKEY_get1_EC_KEY(EVP_PKEY *pkey);
      |                   ^~~~~~~~~~~~~~~~~~~~
C:/ap13-dcb/openssh-msys-canonical-05/src/ssh-ecdsa.c:295:9: warning: 'EC_KEY_set_private_key' is deprecated: Since OpenSSL 3.0 [-Wdeprecated-declarations]
  295 |         if (EC_KEY_set_private_key(ec, exponent) != 1) {
      |         ^~
C:/ap13-dcb/openssl-msys-canonical-02/openssl-release-sdk-01/include/openssl/ec.h:1067:27: note: declared here
 1067 | OSSL_DEPRECATEDIN_3_0 int EC_KEY_set_private_key(EC_KEY *key, const BIGNUM *prv);
      |                           ^~~~~~~~~~~~~~~~~~~~~~
C:/ap13-dcb/openssh-msys-canonical-05/src/ssh-ecdsa.c:301:9: warning: 'EVP_PKEY_set1_EC_KEY' is deprecated: Since OpenSSL 3.0 [-Wdeprecated-declarations]
  301 |         if (EVP_PKEY_set1_EC_KEY(key->pkey, ec) != 1) {
      |         ^~
C:/ap13-dcb/openssl-msys-canonical-02/openssl-release-sdk-01/include/openssl/evp.h:1429:5: note: declared here
 1429 | int EVP_PKEY_set1_EC_KEY(EVP_PKEY *pkey, struct ec_key_st *key);
      |     ^~~~~~~~~~~~~~~~~~~~
C:/ap13-dcb/openssh-msys-canonical-05/src/ssh-ecdsa.c:309:9: warning: 'EC_KEY_free' is deprecated: Since OpenSSL 3.0 [-Wdeprecated-declarations]
  309 |         EC_KEY_free(ec);
      |         ^~~~~~~~~~~
C:/ap13-dcb/openssl-msys-canonical-02/openssl-release-sdk-01/include/openssl/ec.h:1014:28: note: declared here
 1014 | OSSL_DEPRECATEDIN_3_0 void EC_KEY_free(EC_KEY *key);
      |                            ^~~~~~~~~~~
/c/Users/crutkasLocal/.copilot/repos/copilot-worktrees/msys2-woarm64-build/crutkas-didactic-waffle/.github/scripts/msys-openssh-release-gcc -g -O2 -pipe -Wno-error=format-truncation -Wall -Wextra -Wpointer-arith -Wuninitialized -Wsign-compare -Wformat-security -Wsizeof-pointer-memaccess -Wno-pointer-sign -Wno-unused-parameter -Wno-unused-result -Wimplicit-fallthrough -Wmisleading-indentation -fno-strict-aliasing -fno-builtin-memset -Wno-attributes   -fPIC -I. -I.. -I/c/ap13-dcb/openssh-msys-canonical-05/src/openbsd-compat -I/c/ap13-dcb/openssh-msys-canonical-05/src/openbsd-compat/.. -I"/c/ap13-dcb/openssh-msys-canonical-05/build/openbsd-compat/include" -I/c/ap13-dcb/openssl-msys-canonical-02/openssl-release-sdk-01/include -I/c/Users/crutkasLocal/.copilot/session-state/f6ea7713-2cec-41d5-b3f9-b4373e60fa33/files/resume-20260907/zlib-msys-01/stage/usr/include -I/c/ap13-dcb/openssl-msys-canonical-02/openssl-release-sdk-01/include -I/c/Users/crutkasLocal/.copilot/session-state/f6ea7713-2cec-41d5-b3f9-b4373e60fa33/files/resume-20260907/zlib-msys-01/stage/usr/include -I/c/ag-e138920f/ssh-libxcrypt-msys-02/stage/usr/include -DHAVE_CONFIG_H -c /c/ap13-dcb/openssh-msys-canonical-05/src/openbsd-compat/port-linux.c
/c/Users/crutkasLocal/.copilot/repos/copilot-worktrees/msys2-woarm64-build/crutkas-didactic-waffle/.github/scripts/msys-openssh-release-gcc -g -O2 -pipe -Wno-error=format-truncation -Wall -Wextra -Wpointer-arith -Wuninitialized -Wsign-compare -Wformat-security -Wsizeof-pointer-memaccess -Wno-pointer-sign -Wno-unused-parameter -Wno-unused-result -Wimplicit-fallthrough -Wmisleading-indentation -fno-strict-aliasing -fno-builtin-memset -Wno-attributes   -fPIC -I. -I.. -I/c/ap13-dcb/openssh-msys-canonical-05/src/openbsd-compat -I/c/ap13-dcb/openssh-msys-canonical-05/src/openbsd-compat/.. -I"/c/ap13-dcb/openssh-msys-canonical-05/build/openbsd-compat/include" -I/c/ap13-dcb/openssl-msys-canonical-02/openssl-release-sdk-01/include -I/c/Users/crutkasLocal/.copilot/session-state/f6ea7713-2cec-41d5-b3f9-b4373e60fa33/files/resume-20260907/zlib-msys-01/stage/usr/include -I/c/ap13-dcb/openssl-msys-canonical-02/openssl-release-sdk-01/include -I/c/Users/crutkasLocal/.copilot/session-state/f6ea7713-2cec-41d5-b3f9-b4373e60fa33/files/resume-20260907/zlib-msys-01/stage/usr/include -I/c/ag-e138920f/ssh-libxcrypt-msys-02/stage/usr/include -DHAVE_CONFIG_H -c /c/ap13-dcb/openssh-msys-canonical-05/src/openbsd-compat/port-prngd.c
/c/Users/crutkasLocal/.copilot/repos/copilot-worktrees/msys2-woarm64-build/crutkas-didactic-waffle/.github/scripts/msys-openssh-release-gcc -g -O2 -pipe -Wno-error=format-truncation -Wall -Wextra -Wpointer-arith -Wuninitialized -Wsign-compare -Wformat-security -Wsizeof-pointer-memaccess -Wno-pointer-sign -Wno-unused-parameter -Wno-unused-result -Wimplicit-fallthrough -Wmisleading-indentation -fno-strict-aliasing -fno-builtin-memset -Wno-attributes   -I. -I/c/ap13-dcb/openssh-msys-canonical-05/src -I"/c/ap13-dcb/openssh-msys-canonical-05/build/openbsd-compat/include" -I/c/ap13-dcb/openssl-msys-canonical-02/openssl-release-sdk-01/include -I/c/Users/crutkasLocal/.copilot/session-state/f6ea7713-2cec-41d5-b3f9-b4373e60fa33/files/resume-20260907/zlib-msys-01/stage/usr/include -I/c/ap13-dcb/openssl-msys-canonical-02/openssl-release-sdk-01/include -I/c/Users/crutkasLocal/.copilot/session-state/f6ea7713-2cec-41d5-b3f9-b4373e60fa33/files/resume-20260907/zlib-msys-01/stage/usr/include -I/c/ag-e138920f/ssh-libxcrypt-msys-02/stage/usr/include -DSSHDIR=\"/etc/ssh\" -D_PATH_SSH_PROGRAM=\"/usr/bin/ssh\" -D_PATH_SSH_ASKPASS_DEFAULT=\"/usr/lib/ssh/ssh-askpass\" -D_PATH_SFTP_SERVER=\"/usr/lib/ssh/sftp-server\" -D_PATH_SSH_KEY_SIGN=\"/usr/lib/ssh/ssh-keysign\" -D_PATH_SSHD_SESSION=\"/usr/lib/ssh/sshd-session\" -D_PATH_SSHD_AUTH=\"/usr/lib/ssh/sshd-auth\" -D_PATH_SSH_PKCS11_HELPER=\"/usr/lib/ssh/ssh-pkcs11-helper\" -D_PATH_SSH_SK_HELPER=\"/usr/lib/ssh/ssh-sk-helper\" -D_PATH_SSH_PIDDIR=\"/etc/ssh\" -D_PATH_PRIVSEP_CHROOT_DIR=\"/var/empty\" -DHAVE_CONFIG_H -c /c/ap13-dcb/openssh-msys-canonical-05/src/ssh-ecdsa-sk.c -o ssh-ecdsa-sk.o
/c/Users/crutkasLocal/.copilot/repos/copilot-worktrees/msys2-woarm64-build/crutkas-didactic-waffle/.github/scripts/msys-openssh-release-gcc -g -O2 -pipe -Wno-error=format-truncation -Wall -Wextra -Wpointer-arith -Wuninitialized -Wsign-compare -Wformat-security -Wsizeof-pointer-memaccess -Wno-pointer-sign -Wno-unused-parameter -Wno-unused-result -Wimplicit-fallthrough -Wmisleading-indentation -fno-strict-aliasing -fno-builtin-memset -Wno-attributes   -fPIC -I. -I.. -I/c/ap13-dcb/openssh-msys-canonical-05/src/openbsd-compat -I/c/ap13-dcb/openssh-msys-canonical-05/src/openbsd-compat/.. -I"/c/ap13-dcb/openssh-msys-canonical-05/build/openbsd-compat/include" -I/c/ap13-dcb/openssl-msys-canonical-02/openssl-release-sdk-01/include -I/c/Users/crutkasLocal/.copilot/session-state/f6ea7713-2cec-41d5-b3f9-b4373e60fa33/files/resume-20260907/zlib-msys-01/stage/usr/include -I/c/ap13-dcb/openssl-msys-canonical-02/openssl-release-sdk-01/include -I/c/Users/crutkasLocal/.copilot/session-state/f6ea7713-2cec-41d5-b3f9-b4373e60fa33/files/resume-20260907/zlib-msys-01/stage/usr/include -I/c/ag-e138920f/ssh-libxcrypt-msys-02/stage/usr/include -DHAVE_CONFIG_H -c /c/ap13-dcb/openssh-msys-canonical-05/src/openbsd-compat/port-solaris.c
/c/Users/crutkasLocal/.copilot/repos/copilot-worktrees/msys2-woarm64-build/crutkas-didactic-waffle/.github/scripts/msys-openssh-release-gcc -g -O2 -pipe -Wno-error=format-truncation -Wall -Wextra -Wpointer-arith -Wuninitialized -Wsign-compare -Wformat-security -Wsizeof-pointer-memaccess -Wno-pointer-sign -Wno-unused-parameter -Wno-unused-result -Wimplicit-fallthrough -Wmisleading-indentation -fno-strict-aliasing -fno-builtin-memset -Wno-attributes   -fPIC -I. -I.. -I/c/ap13-dcb/openssh-msys-canonical-05/src/openbsd-compat -I/c/ap13-dcb/openssh-msys-canonical-05/src/openbsd-compat/.. -I"/c/ap13-dcb/openssh-msys-canonical-05/build/openbsd-compat/include" -I/c/ap13-dcb/openssl-msys-canonical-02/openssl-release-sdk-01/include -I/c/Users/crutkasLocal/.copilot/session-state/f6ea7713-2cec-41d5-b3f9-b4373e60fa33/files/resume-20260907/zlib-msys-01/stage/usr/include -I/c/ap13-dcb/openssl-msys-canonical-02/openssl-release-sdk-01/include -I/c/Users/crutkasLocal/.copilot/session-state/f6ea7713-2cec-41d5-b3f9-b4373e60fa33/files/resume-20260907/zlib-msys-01/stage/usr/include -I/c/ag-e138920f/ssh-libxcrypt-msys-02/stage/usr/include -DHAVE_CONFIG_H -c /c/ap13-dcb/openssh-msys-canonical-05/src/openbsd-compat/port-net.c
/c/Users/crutkasLocal/.copilot/repos/copilot-worktrees/msys2-woarm64-build/crutkas-didactic-waffle/.github/scripts/msys-openssh-release-gcc -g -O2 -pipe -Wno-error=format-truncation -Wall -Wextra -Wpointer-arith -Wuninitialized -Wsign-compare -Wformat-security -Wsizeof-pointer-memaccess -Wno-pointer-sign -Wno-unused-parameter -Wno-unused-result -Wimplicit-fallthrough -Wmisleading-indentation -fno-strict-aliasing -fno-builtin-memset -Wno-attributes   -I. -I/c/ap13-dcb/openssh-msys-canonical-05/src -I"/c/ap13-dcb/openssh-msys-canonical-05/build/openbsd-compat/include" -I/c/ap13-dcb/openssl-msys-canonical-02/openssl-release-sdk-01/include -I/c/Users/crutkasLocal/.copilot/session-state/f6ea7713-2cec-41d5-b3f9-b4373e60fa33/files/resume-20260907/zlib-msys-01/stage/usr/include -I/c/ap13-dcb/openssl-msys-canonical-02/openssl-release-sdk-01/include -I/c/Users/crutkasLocal/.copilot/session-state/f6ea7713-2cec-41d5-b3f9-b4373e60fa33/files/resume-20260907/zlib-msys-01/stage/usr/include -I/c/ag-e138920f/ssh-libxcrypt-msys-02/stage/usr/include -DSSHDIR=\"/etc/ssh\" -D_PATH_SSH_PROGRAM=\"/usr/bin/ssh\" -D_PATH_SSH_ASKPASS_DEFAULT=\"/usr/lib/ssh/ssh-askpass\" -D_PATH_SFTP_SERVER=\"/usr/lib/ssh/sftp-server\" -D_PATH_SSH_KEY_SIGN=\"/usr/lib/ssh/ssh-keysign\" -D_PATH_SSHD_SESSION=\"/usr/lib/ssh/sshd-session\" -D_PATH_SSHD_AUTH=\"/usr/lib/ssh/sshd-auth\" -D_PATH_SSH_PKCS11_HELPER=\"/usr/lib/ssh/ssh-pkcs11-helper\" -D_PATH_SSH_SK_HELPER=\"/usr/lib/ssh/ssh-sk-helper\" -D_PATH_SSH_PIDDIR=\"/etc/ssh\" -D_PATH_PRIVSEP_CHROOT_DIR=\"/var/empty\" -DHAVE_CONFIG_H -c /c/ap13-dcb/openssh-msys-canonical-05/src/ssh-ed25519-sk.c -o ssh-ed25519-sk.o
/c/Users/crutkasLocal/.copilot/repos/copilot-worktrees/msys2-woarm64-build/crutkas-didactic-waffle/.github/scripts/msys-openssh-release-gcc -g -O2 -pipe -Wno-error=format-truncation -Wall -Wextra -Wpointer-arith -Wuninitialized -Wsign-compare -Wformat-security -Wsizeof-pointer-memaccess -Wno-pointer-sign -Wno-unused-parameter -Wno-unused-result -Wimplicit-fallthrough -Wmisleading-indentation -fno-strict-aliasing -fno-builtin-memset -Wno-attributes   -fPIC -I. -I.. -I/c/ap13-dcb/openssh-msys-canonical-05/src/openbsd-compat -I/c/ap13-dcb/openssh-msys-canonical-05/src/openbsd-compat/.. -I"/c/ap13-dcb/openssh-msys-canonical-05/build/openbsd-compat/include" -I/c/ap13-dcb/openssl-msys-canonical-02/openssl-release-sdk-01/include -I/c/Users/crutkasLocal/.copilot/session-state/f6ea7713-2cec-41d5-b3f9-b4373e60fa33/files/resume-20260907/zlib-msys-01/stage/usr/include -I/c/ap13-dcb/openssl-msys-canonical-02/openssl-release-sdk-01/include -I/c/Users/crutkasLocal/.copilot/session-state/f6ea7713-2cec-41d5-b3f9-b4373e60fa33/files/resume-20260907/zlib-msys-01/stage/usr/include -I/c/ag-e138920f/ssh-libxcrypt-msys-02/stage/usr/include -DHAVE_CONFIG_H -c /c/ap13-dcb/openssh-msys-canonical-05/src/openbsd-compat/port-uw.c
/c/Users/crutkasLocal/.copilot/repos/copilot-worktrees/msys2-woarm64-build/crutkas-didactic-waffle/.github/scripts/msys-openssh-release-gcc -g -O2 -pipe -Wno-error=format-truncation -Wall -Wextra -Wpointer-arith -Wuninitialized -Wsign-compare -Wformat-security -Wsizeof-pointer-memaccess -Wno-pointer-sign -Wno-unused-parameter -Wno-unused-result -Wimplicit-fallthrough -Wmisleading-indentation -fno-strict-aliasing -fno-builtin-memset -Wno-attributes   -I. -I/c/ap13-dcb/openssh-msys-canonical-05/src -I"/c/ap13-dcb/openssh-msys-canonical-05/build/openbsd-compat/include" -I/c/ap13-dcb/openssl-msys-canonical-02/openssl-release-sdk-01/include -I/c/Users/crutkasLocal/.copilot/session-state/f6ea7713-2cec-41d5-b3f9-b4373e60fa33/files/resume-20260907/zlib-msys-01/stage/usr/include -I/c/ap13-dcb/openssl-msys-canonical-02/openssl-release-sdk-01/include -I/c/Users/crutkasLocal/.copilot/session-state/f6ea7713-2cec-41d5-b3f9-b4373e60fa33/files/resume-20260907/zlib-msys-01/stage/usr/include -I/c/ag-e138920f/ssh-libxcrypt-msys-02/stage/usr/include -DSSHDIR=\"/etc/ssh\" -D_PATH_SSH_PROGRAM=\"/usr/bin/ssh\" -D_PATH_SSH_ASKPASS_DEFAULT=\"/usr/lib/ssh/ssh-askpass\" -D_PATH_SFTP_SERVER=\"/usr/lib/ssh/sftp-server\" -D_PATH_SSH_KEY_SIGN=\"/usr/lib/ssh/ssh-keysign\" -D_PATH_SSHD_SESSION=\"/usr/lib/ssh/sshd-session\" -D_PATH_SSHD_AUTH=\"/usr/lib/ssh/sshd-auth\" -D_PATH_SSH_PKCS11_HELPER=\"/usr/lib/ssh/ssh-pkcs11-helper\" -D_PATH_SSH_SK_HELPER=\"/usr/lib/ssh/ssh-sk-helper\" -D_PATH_SSH_PIDDIR=\"/etc/ssh\" -D_PATH_PRIVSEP_CHROOT_DIR=\"/var/empty\" -DHAVE_CONFIG_H -c /c/ap13-dcb/openssh-msys-canonical-05/src/ssh-rsa.c -o ssh-rsa.o
C:/ap13-dcb/openssh-msys-canonical-05/src/ssh-rsa.c: In function 'ssh_rsa_equal':
C:/ap13-dcb/openssh-msys-canonical-05/src/ssh-rsa.c:65:9: warning: 'EVP_PKEY_cmp' is deprecated: Since OpenSSL 3.0 [-Wdeprecated-declarations]
   65 |         return EVP_PKEY_cmp(a->pkey, b->pkey) == 1;
      |         ^~~~~~
In file included from C:/ap13-dcb/openssh-msys-canonical-05/src/openbsd-compat/openssl-compat.h:25,
                 from C:/ap13-dcb/openssh-msys-canonical-05/src/ssh-rsa.c:21:
C:/ap13-dcb/openssl-msys-canonical-02/openssl-release-sdk-01/include/openssl/evp.h:1477:5: note: declared here
 1477 | int EVP_PKEY_cmp(const EVP_PKEY *a, const EVP_PKEY *b);
      |     ^~~~~~~~~~~~
C:/ap13-dcb/openssh-msys-canonical-05/src/ssh-rsa.c: In function 'ssh_rsa_serialize_public':
C:/ap13-dcb/openssh-msys-canonical-05/src/ssh-rsa.c:78:9: warning: 'EVP_PKEY_get0_RSA' is deprecated: Since OpenSSL 3.0 [-Wdeprecated-declarations]
   78 |         if ((rsa = EVP_PKEY_get0_RSA(key->pkey)) == NULL)
      |         ^~
C:/ap13-dcb/openssl-msys-canonical-02/openssl-release-sdk-01/include/openssl/evp.h:1405:22: note: declared here
 1405 | const struct rsa_st *EVP_PKEY_get0_RSA(const EVP_PKEY *pkey);
      |                      ^~~~~~~~~~~~~~~~~
C:/ap13-dcb/openssh-msys-canonical-05/src/ssh-rsa.c:81:9: warning: 'RSA_get0_key' is deprecated: Since OpenSSL 3.0 [-Wdeprecated-declarations]
   81 |         RSA_get0_key(rsa, &rsa_n, &rsa_e, NULL);
      |         ^~~~~~~~~~~~
In file included from C:/ap13-dcb/openssh-msys-canonical-05/src/openbsd-compat/openssl-compat.h:27:
C:/ap13-dcb/openssl-msys-canonical-02/openssl-release-sdk-01/include/openssl/rsa.h:228:28: note: declared here
  228 | OSSL_DEPRECATEDIN_3_0 void RSA_get0_key(const RSA *r,
      |                            ^~~~~~~~~~~~
C:/ap13-dcb/openssh-msys-canonical-05/src/ssh-rsa.c: In function 'ssh_rsa_serialize_private':
C:/ap13-dcb/openssh-msys-canonical-05/src/ssh-rsa.c:97:9: warning: 'EVP_PKEY_get0_RSA' is deprecated: Since OpenSSL 3.0 [-Wdeprecated-declarations]
   97 |         if ((rsa = EVP_PKEY_get0_RSA(key->pkey)) == NULL)
      |         ^~
C:/ap13-dcb/openssl-msys-canonical-02/openssl-release-sdk-01/include/openssl/evp.h:1405:22: note: declared here
 1405 | const struct rsa_st *EVP_PKEY_get0_RSA(const EVP_PKEY *pkey);
      |                      ^~~~~~~~~~~~~~~~~
C:/ap13-dcb/openssh-msys-canonical-05/src/ssh-rsa.c:99:9: warning: 'RSA_get0_key' is deprecated: Since OpenSSL 3.0 [-Wdeprecated-declarations]
   99 |         RSA_get0_key(rsa, &rsa_n, &rsa_e, &rsa_d);
      |         ^~~~~~~~~~~~
C:/ap13-dcb/openssl-msys-canonical-02/openssl-release-sdk-01/include/openssl/rsa.h:228:28: note: declared here
  228 | OSSL_DEPRECATEDIN_3_0 void RSA_get0_key(const RSA *r,
      |                            ^~~~~~~~~~~~
C:/ap13-dcb/openssh-msys-canonical-05/src/ssh-rsa.c:100:9: warning: 'RSA_get0_factors' is deprecated: Since OpenSSL 3.0 [-Wdeprecated-declarations]
  100 |         RSA_get0_factors(rsa, &rsa_p, &rsa_q);
      |         ^~~~~~~~~~~~~~~~
C:/ap13-dcb/openssl-msys-canonical-02/openssl-release-sdk-01/include/openssl/rsa.h:231:28: note: declared here
  231 | OSSL_DEPRECATEDIN_3_0 void RSA_get0_factors(const RSA *r,
      |                            ^~~~~~~~~~~~~~~~
C:/ap13-dcb/openssh-msys-canonical-05/src/ssh-rsa.c:101:9: warning: 'RSA_get0_crt_params' is deprecated: Since OpenSSL 3.0 [-Wdeprecated-declarations]
  101 |         RSA_get0_crt_params(rsa, NULL, NULL, &rsa_iqmp);
      |         ^~~~~~~~~~~~~~~~~~~
C:/ap13-dcb/openssl-msys-canonical-02/openssl-release-sdk-01/include/openssl/rsa.h:236:28: note: declared here
  236 | OSSL_DEPRECATEDIN_3_0 void RSA_get0_crt_params(const RSA *r,
      |                            ^~~~~~~~~~~~~~~~~~~
C:/ap13-dcb/openssh-msys-canonical-05/src/ssh-rsa.c: In function 'ssh_rsa_copy_public':
C:/ap13-dcb/openssh-msys-canonical-05/src/ssh-rsa.c:163:9: warning: 'EVP_PKEY_get0_RSA' is deprecated: Since OpenSSL 3.0 [-Wdeprecated-declarations]
  163 |         if ((rsa_from = EVP_PKEY_get0_RSA(from->pkey)) == NULL ||
      |         ^~
C:/ap13-dcb/openssl-msys-canonical-02/openssl-release-sdk-01/include/openssl/evp.h:1405:22: note: declared here
 1405 | const struct rsa_st *EVP_PKEY_get0_RSA(const EVP_PKEY *pkey);
      |                      ^~~~~~~~~~~~~~~~~
C:/ap13-dcb/openssh-msys-canonical-05/src/ssh-rsa.c:164:13: warning: 'RSA_new' is deprecated: Since OpenSSL 3.0 [-Wdeprecated-declarations]
  164 |             (rsa_to = RSA_new()) == NULL)
      |             ^
C:/ap13-dcb/openssl-msys-canonical-02/openssl-release-sdk-01/include/openssl/rsa.h:212:28: note: declared here
  212 | OSSL_DEPRECATEDIN_3_0 RSA *RSA_new(void);
      |                            ^~~~~~~
C:/ap13-dcb/openssh-msys-canonical-05/src/ssh-rsa.c:167:9: warning: 'RSA_get0_key' is deprecated: Since OpenSSL 3.0 [-Wdeprecated-declarations]
  167 |         RSA_get0_key(rsa_from, &rsa_n, &rsa_e, NULL);
      |         ^~~~~~~~~~~~
C:/ap13-dcb/openssl-msys-canonical-02/openssl-release-sdk-01/include/openssl/rsa.h:228:28: note: declared here
  228 | OSSL_DEPRECATEDIN_3_0 void RSA_get0_key(const RSA *r,
      |                            ^~~~~~~~~~~~
C:/ap13-dcb/openssh-msys-canonical-05/src/ssh-rsa.c:173:9: warning: 'RSA_set0_key' is deprecated: Since OpenSSL 3.0 [-Wdeprecated-declarations]
  173 |         if (!RSA_set0_key(rsa_to, rsa_n_dup, rsa_e_dup, NULL)) {
      |         ^~
C:/ap13-dcb/openssl-msys-canonical-02/openssl-release-sdk-01/include/openssl/rsa.h:218:27: note: declared here
  218 | OSSL_DEPRECATEDIN_3_0 int RSA_set0_key(RSA *r, BIGNUM *n, BIGNUM *e, BIGNUM *d);
      |                           ^~~~~~~~~~~~
C:/ap13-dcb/openssh-msys-canonical-05/src/ssh-rsa.c:179:9: warning: 'EVP_PKEY_set1_RSA' is deprecated: Since OpenSSL 3.0 [-Wdeprecated-declarations]
  179 |         if (EVP_PKEY_set1_RSA(to->pkey, rsa_to) != 1) {
      |         ^~
C:/ap13-dcb/openssl-msys-canonical-02/openssl-release-sdk-01/include/openssl/evp.h:1403:5: note: declared here
 1403 | int EVP_PKEY_set1_RSA(EVP_PKEY *pkey, struct rsa_st *key);
      |     ^~~~~~~~~~~~~~~~~
C:/ap13-dcb/openssh-msys-canonical-05/src/ssh-rsa.c:186:9: warning: 'RSA_free' is deprecated: Since OpenSSL 3.0 [-Wdeprecated-declarations]
  186 |         RSA_free(rsa_to);
      |         ^~~~~~~~
C:/ap13-dcb/openssl-msys-canonical-02/openssl-release-sdk-01/include/openssl/rsa.h:303:28: note: declared here
  303 | OSSL_DEPRECATEDIN_3_0 void RSA_free(RSA *r);
      |                            ^~~~~~~~
C:/ap13-dcb/openssh-msys-canonical-05/src/ssh-rsa.c: In function 'ssh_rsa_deserialize_public':
C:/ap13-dcb/openssh-msys-canonical-05/src/ssh-rsa.c:200:9: warning: 'RSA_new' is deprecated: Since OpenSSL 3.0 [-Wdeprecated-declarations]
  200 |         if ((rsa = RSA_new()) == NULL)
      |         ^~
C:/ap13-dcb/openssl-msys-canonical-02/openssl-release-sdk-01/include/openssl/rsa.h:212:28: note: declared here
  212 | OSSL_DEPRECATEDIN_3_0 RSA *RSA_new(void);
      |                            ^~~~~~~
C:/ap13-dcb/openssh-msys-canonical-05/src/ssh-rsa.c:208:9: warning: 'RSA_set0_key' is deprecated: Since OpenSSL 3.0 [-Wdeprecated-declarations]
  208 |         if (!RSA_set0_key(rsa, rsa_n, rsa_e, NULL)) {
      |         ^~
C:/ap13-dcb/openssl-msys-canonical-02/openssl-release-sdk-01/include/openssl/rsa.h:218:27: note: declared here
  218 | OSSL_DEPRECATEDIN_3_0 int RSA_set0_key(RSA *r, BIGNUM *n, BIGNUM *e, BIGNUM *d);
      |                           ^~~~~~~~~~~~
C:/ap13-dcb/openssh-msys-canonical-05/src/ssh-rsa.c:213:9: warning: 'EVP_PKEY_set1_RSA' is deprecated: Since OpenSSL 3.0 [-Wdeprecated-declarations]
  213 |         if (EVP_PKEY_set1_RSA(key->pkey, rsa) != 1) {
      |         ^~
C:/ap13-dcb/openssl-msys-canonical-02/openssl-release-sdk-01/include/openssl/evp.h:1403:5: note: declared here
 1403 | int EVP_PKEY_set1_RSA(EVP_PKEY *pkey, struct rsa_st *key);
      |     ^~~~~~~~~~~~~~~~~
C:/ap13-dcb/openssh-msys-canonical-05/src/ssh-rsa.c:225:9: warning: 'RSA_free' is deprecated: Since OpenSSL 3.0 [-Wdeprecated-declarations]
  225 |         RSA_free(rsa);
      |         ^~~~~~~~
C:/ap13-dcb/openssl-msys-canonical-02/openssl-release-sdk-01/include/openssl/rsa.h:303:28: note: declared here
  303 | OSSL_DEPRECATEDIN_3_0 void RSA_free(RSA *r);
      |                            ^~~~~~~~
C:/ap13-dcb/openssh-msys-canonical-05/src/ssh-rsa.c: In function 'ssh_rsa_deserialize_private':
C:/ap13-dcb/openssh-msys-canonical-05/src/ssh-rsa.c:243:17: warning: 'EVP_PKEY_get1_RSA' is deprecated: Since OpenSSL 3.0 [-Wdeprecated-declarations]
  243 |                 if ((rsa = EVP_PKEY_get1_RSA(key->pkey)) == NULL) {
      |                 ^~
C:/ap13-dcb/openssl-msys-canonical-02/openssl-release-sdk-01/include/openssl/evp.h:1407:16: note: declared here
 1407 | struct rsa_st *EVP_PKEY_get1_RSA(EVP_PKEY *pkey);
      |                ^~~~~~~~~~~~~~~~~
C:/ap13-dcb/openssh-msys-canonical-05/src/ssh-rsa.c:248:17: warning: 'RSA_new' is deprecated: Since OpenSSL 3.0 [-Wdeprecated-declarations]
  248 |                 if ((rsa = RSA_new()) == NULL) {
      |                 ^~
C:/ap13-dcb/openssl-msys-canonical-02/openssl-release-sdk-01/include/openssl/rsa.h:212:28: note: declared here
  212 | OSSL_DEPRECATEDIN_3_0 RSA *RSA_new(void);
      |                            ^~~~~~~
C:/ap13-dcb/openssh-msys-canonical-05/src/ssh-rsa.c:256:17: warning: 'RSA_set0_key' is deprecated: Since OpenSSL 3.0 [-Wdeprecated-declarations]
  256 |                 if (!RSA_set0_key(rsa, rsa_n, rsa_e, NULL)) {
      |                 ^~
C:/ap13-dcb/openssl-msys-canonical-02/openssl-release-sdk-01/include/openssl/rsa.h:218:27: note: declared here
  218 | OSSL_DEPRECATEDIN_3_0 int RSA_set0_key(RSA *r, BIGNUM *n, BIGNUM *e, BIGNUM *d);
      |                           ^~~~~~~~~~~~
C:/ap13-dcb/openssh-msys-canonical-05/src/ssh-rsa.c:270:9: warning: 'RSA_set0_key' is deprecated: Since OpenSSL 3.0 [-Wdeprecated-declarations]
  270 |         if (!RSA_set0_key(rsa, NULL, NULL, rsa_d)) {
      |         ^~
C:/ap13-dcb/openssl-msys-canonical-02/openssl-release-sdk-01/include/openssl/rsa.h:218:27: note: declared here
  218 | OSSL_DEPRECATEDIN_3_0 int RSA_set0_key(RSA *r, BIGNUM *n, BIGNUM *e, BIGNUM *d);
      |                           ^~~~~~~~~~~~
C:/ap13-dcb/openssh-msys-canonical-05/src/ssh-rsa.c:275:9: warning: 'RSA_set0_factors' is deprecated: Since OpenSSL 3.0 [-Wdeprecated-declarations]
  275 |         if (!RSA_set0_factors(rsa, rsa_p, rsa_q)) {
      |         ^~
C:/ap13-dcb/openssl-msys-canonical-02/openssl-release-sdk-01/include/openssl/rsa.h:219:27: note: declared here
  219 | OSSL_DEPRECATEDIN_3_0 int RSA_set0_factors(RSA *r, BIGNUM *p, BIGNUM *q);
      |                           ^~~~~~~~~~~~~~~~
C:/ap13-dcb/openssh-msys-canonical-05/src/ssh-rsa.c:280:9: warning: 'RSA_set0_crt_params' is deprecated: Since OpenSSL 3.0 [-Wdeprecated-declarations]
  280 |         if (!RSA_set0_crt_params(rsa, rsa_dmp1, rsa_dmq1, rsa_iqmp)) {
      |         ^~
C:/ap13-dcb/openssl-msys-canonical-02/openssl-release-sdk-01/include/openssl/rsa.h:220:27: note: declared here
  220 | OSSL_DEPRECATEDIN_3_0 int RSA_set0_crt_params(RSA *r,
      |                           ^~~~~~~~~~~~~~~~~~~
C:/ap13-dcb/openssh-msys-canonical-05/src/ssh-rsa.c:285:9: warning: 'RSA_blinding_on' is deprecated: Since OpenSSL 3.0 [-Wdeprecated-declarations]
  285 |         if (RSA_blinding_on(rsa, NULL) != 1) {
      |         ^~
C:/ap13-dcb/openssl-msys-canonical-02/openssl-release-sdk-01/include/openssl/rsa.h:381:27: note: declared here
  381 | OSSL_DEPRECATEDIN_3_0 int RSA_blinding_on(RSA *rsa, BN_CTX *ctx);
      |                           ^~~~~~~~~~~~~~~
C:/ap13-dcb/openssh-msys-canonical-05/src/ssh-rsa.c:289:9: warning: 'EVP_PKEY_set1_RSA' is deprecated: Since OpenSSL 3.0 [-Wdeprecated-declarations]
  289 |         if (EVP_PKEY_set1_RSA(key->pkey, rsa) != 1) {
      |         ^~
C:/ap13-dcb/openssl-msys-canonical-02/openssl-release-sdk-01/include/openssl/evp.h:1403:5: note: declared here
 1403 | int EVP_PKEY_set1_RSA(EVP_PKEY *pkey, struct rsa_st *key);
      |     ^~~~~~~~~~~~~~~~~
C:/ap13-dcb/openssh-msys-canonical-05/src/ssh-rsa.c:298:9: warning: 'RSA_free' is deprecated: Since OpenSSL 3.0 [-Wdeprecated-declarations]
  298 |         RSA_free(rsa);
      |         ^~~~~~~~
C:/ap13-dcb/openssl-msys-canonical-02/openssl-release-sdk-01/include/openssl/rsa.h:303:28: note: declared here
  303 | OSSL_DEPRECATEDIN_3_0 void RSA_free(RSA *r);
      |                            ^~~~~~~~
/c/ap13-dcb/openssl-msys-canonical-02/test-toolchain/bin/aarch64-pc-cygwin-ar rv libopenbsd-compat.a bsd-asprintf.o bsd-closefrom.o bsd-cygwin_util.o bsd-err.o bsd-flock.o bsd-getentropy.o bsd-getline.o bsd-getpagesize.o bsd-getpeereid.o bsd-malloc.o bsd-misc.o bsd-nextstep.o bsd-openpty.o bsd-poll.o bsd-pselect.o bsd-setres_id.o bsd-signal.o bsd-snprintf.o bsd-statvfs.o bsd-timegm.o bsd-waitpid.o fake-rfc2553.o getrrsetbyname-ldns.o kludge-fd_set.o openssl-compat.o libressl-api-compat.o xcrypt.o arc4random.o arc4random_uniform.o base64.o basename.o bcrypt_pbkdf.o bindresvport.o blowfish.o daemon.o dirname.o explicit_bzero.o fmt_scaled.o freezero.o fnmatch.o getcwd.o getgrouplist.o getopt_long.o getrrsetbyname.o glob.o inet_aton.o inet_ntoa.o inet_ntop.o md5.o memmem.o mktemp.o pwcache.o readpassphrase.o reallocarray.o recallocarray.o rresvport.o setenv.o setproctitle.o sha1.o sha2.o sigact.o strcasestr.o strlcat.o strlcpy.o strmode.o strndup.o strnlen.o strptime.o strsep.o strtoll.o strtonum.o strtoull.o strtoul.o timingsafe_bcmp.o vis.o port-aix.o port-irix.o port-linux.o port-prngd.o port-solaris.o port-net.o port-uw.o
C:\ap13-dcb\openssl-msys-canonical-02\test-toolchain\bin\aarch64-pc-cygwin-ar.exe: creating libopenbsd-compat.a
a - bsd-asprintf.o
a - bsd-closefrom.o
a - bsd-cygwin_util.o
a - bsd-err.o
a - bsd-flock.o
a - bsd-getentropy.o
a - bsd-getline.o
a - bsd-getpagesize.o
a - bsd-getpeereid.o
a - bsd-malloc.o
a - bsd-misc.o
a - bsd-nextstep.o
a - bsd-openpty.o
a - bsd-poll.o
a - bsd-pselect.o
a - bsd-setres_id.o
a - bsd-signal.o
a - bsd-snprintf.o
a - bsd-statvfs.o
a - bsd-timegm.o
a - bsd-waitpid.o
a - fake-rfc2553.o
a - getrrsetbyname-ldns.o
a - kludge-fd_set.o
a - openssl-compat.o
a - libressl-api-compat.o
a - xcrypt.o
a - arc4random.o
a - arc4random_uniform.o
a - base64.o
a - basename.o
a - bcrypt_pbkdf.o
a - bindresvport.o
a - blowfish.o
a - daemon.o
a - dirname.o
a - explicit_bzero.o
a - fmt_scaled.o
a - freezero.o
a - fnmatch.o
a - getcwd.o
a - getgrouplist.o
a - getopt_long.o
a - getrrsetbyname.o
a - glob.o
a - inet_aton.o
a - inet_ntoa.o
a - inet_ntop.o
a - md5.o
a - memmem.o
a - mktemp.o
a - pwcache.o
a - readpassphrase.o
a - reallocarray.o
a - recallocarray.o
a - rresvport.o
a - setenv.o
a - setproctitle.o
a - sha1.o
a - sha2.o
a - sigact.o
a - strcasestr.o
a - strlcat.o
a - strlcpy.o
a - strmode.o
a - strndup.o
a - strnlen.o
a - strptime.o
a - strsep.o
a - strtoll.o
a - strtonum.o
a - strtoull.o
a - strtoul.o
a - timingsafe_bcmp.o
a - vis.o
a - port-aix.o
a - port-irix.o
a - port-linux.o
a - port-prngd.o
a - port-solaris.o
a - port-net.o
a - port-uw.o
/c/Users/crutkasLocal/.copilot/repos/copilot-worktrees/msys2-woarm64-build/crutkas-didactic-waffle/.github/scripts/msys-openssh-release-gcc -g -O2 -pipe -Wno-error=format-truncation -Wall -Wextra -Wpointer-arith -Wuninitialized -Wsign-compare -Wformat-security -Wsizeof-pointer-memaccess -Wno-pointer-sign -Wno-unused-parameter -Wno-unused-result -Wimplicit-fallthrough -Wmisleading-indentation -fno-strict-aliasing -fno-builtin-memset -Wno-attributes   -I. -I/c/ap13-dcb/openssh-msys-canonical-05/src -I"/c/ap13-dcb/openssh-msys-canonical-05/build/openbsd-compat/include" -I/c/ap13-dcb/openssl-msys-canonical-02/openssl-release-sdk-01/include -I/c/Users/crutkasLocal/.copilot/session-state/f6ea7713-2cec-41d5-b3f9-b4373e60fa33/files/resume-20260907/zlib-msys-01/stage/usr/include -I/c/ap13-dcb/openssl-msys-canonical-02/openssl-release-sdk-01/include -I/c/Users/crutkasLocal/.copilot/session-state/f6ea7713-2cec-41d5-b3f9-b4373e60fa33/files/resume-20260907/zlib-msys-01/stage/usr/include -I/c/ag-e138920f/ssh-libxcrypt-msys-02/stage/usr/include -DSSHDIR=\"/etc/ssh\" -D_PATH_SSH_PROGRAM=\"/usr/bin/ssh\" -D_PATH_SSH_ASKPASS_DEFAULT=\"/usr/lib/ssh/ssh-askpass\" -D_PATH_SFTP_SERVER=\"/usr/lib/ssh/sftp-server\" -D_PATH_SSH_KEY_SIGN=\"/usr/lib/ssh/ssh-keysign\" -D_PATH_SSHD_SESSION=\"/usr/lib/ssh/sshd-session\" -D_PATH_SSHD_AUTH=\"/usr/lib/ssh/sshd-auth\" -D_PATH_SSH_PKCS11_HELPER=\"/usr/lib/ssh/ssh-pkcs11-helper\" -D_PATH_SSH_SK_HELPER=\"/usr/lib/ssh/ssh-sk-helper\" -D_PATH_SSH_PIDDIR=\"/etc/ssh\" -D_PATH_PRIVSEP_CHROOT_DIR=\"/var/empty\" -DHAVE_CONFIG_H -c /c/ap13-dcb/openssh-msys-canonical-05/src/dh.c -o dh.o
/c/ap13-dcb/openssl-msys-canonical-02/test-toolchain/bin/aarch64-pc-cygwin-ranlib libopenbsd-compat.a
make[1]: Leaving directory '/c/ap13-dcb/openssh-msys-canonical-05/build/openbsd-compat'
/c/Users/crutkasLocal/.copilot/repos/copilot-worktrees/msys2-woarm64-build/crutkas-didactic-waffle/.github/scripts/msys-openssh-release-gcc -g -O2 -pipe -Wno-error=format-truncation -Wall -Wextra -Wpointer-arith -Wuninitialized -Wsign-compare -Wformat-security -Wsizeof-pointer-memaccess -Wno-pointer-sign -Wno-unused-parameter -Wno-unused-result -Wimplicit-fallthrough -Wmisleading-indentation -fno-strict-aliasing -fno-builtin-memset -Wno-attributes   -I. -I/c/ap13-dcb/openssh-msys-canonical-05/src -I"/c/ap13-dcb/openssh-msys-canonical-05/build/openbsd-compat/include" -I/c/ap13-dcb/openssl-msys-canonical-02/openssl-release-sdk-01/include -I/c/Users/crutkasLocal/.copilot/session-state/f6ea7713-2cec-41d5-b3f9-b4373e60fa33/files/resume-20260907/zlib-msys-01/stage/usr/include -I/c/ap13-dcb/openssl-msys-canonical-02/openssl-release-sdk-01/include -I/c/Users/crutkasLocal/.copilot/session-state/f6ea7713-2cec-41d5-b3f9-b4373e60fa33/files/resume-20260907/zlib-msys-01/stage/usr/include -I/c/ag-e138920f/ssh-libxcrypt-msys-02/stage/usr/include -DSSHDIR=\"/etc/ssh\" -D_PATH_SSH_PROGRAM=\"/usr/bin/ssh\" -D_PATH_SSH_ASKPASS_DEFAULT=\"/usr/lib/ssh/ssh-askpass\" -D_PATH_SFTP_SERVER=\"/usr/lib/ssh/sftp-server\" -D_PATH_SSH_KEY_SIGN=\"/usr/lib/ssh/ssh-keysign\" -D_PATH_SSHD_SESSION=\"/usr/lib/ssh/sshd-session\" -D_PATH_SSHD_AUTH=\"/usr/lib/ssh/sshd-auth\" -D_PATH_SSH_PKCS11_HELPER=\"/usr/lib/ssh/ssh-pkcs11-helper\" -D_PATH_SSH_SK_HELPER=\"/usr/lib/ssh/ssh-sk-helper\" -D_PATH_SSH_PIDDIR=\"/etc/ssh\" -D_PATH_PRIVSEP_CHROOT_DIR=\"/var/empty\" -DHAVE_CONFIG_H -c /c/ap13-dcb/openssh-msys-canonical-05/src/msg.c -o msg.o
C:/ap13-dcb/openssh-msys-canonical-05/src/dh.c: In function 'dh_pub_is_valid':
C:/ap13-dcb/openssh-msys-canonical-05/src/dh.c:243:9: warning: 'DH_get0_pqg' is deprecated: Since OpenSSL 3.0 [-Wdeprecated-declarations]
  243 |         DH_get0_pqg(dh, &dh_p, NULL, NULL);
      |         ^~~~~~~~~~~
In file included from C:/ap13-dcb/openssh-msys-canonical-05/src/openbsd-compat/openssl-compat.h:29,
                 from C:/ap13-dcb/openssh-msys-canonical-05/src/dh.c:29:
C:/ap13-dcb/openssl-msys-canonical-02/openssl-release-sdk-01/include/openssl/dh.h:264:28: note: declared here
  264 | OSSL_DEPRECATEDIN_3_0 void DH_get0_pqg(const DH *dh, const BIGNUM **p,
      |                            ^~~~~~~~~~~
C:/ap13-dcb/openssh-msys-canonical-05/src/dh.c: In function 'dh_gen_key':
C:/ap13-dcb/openssh-msys-canonical-05/src/dh.c:288:9: warning: 'DH_get0_pqg' is deprecated: Since OpenSSL 3.0 [-Wdeprecated-declarations]
  288 |         DH_get0_pqg(dh, &dh_p, NULL, NULL);
      |         ^~~~~~~~~~~
C:/ap13-dcb/openssl-msys-canonical-02/openssl-release-sdk-01/include/openssl/dh.h:264:28: note: declared here
  264 | OSSL_DEPRECATEDIN_3_0 void DH_get0_pqg(const DH *dh, const BIGNUM **p,
      |                            ^~~~~~~~~~~
C:/ap13-dcb/openssh-msys-canonical-05/src/dh.c:300:9: warning: 'DH_set_length' is deprecated: Since OpenSSL 3.0 [-Wdeprecated-declarations]
  300 |         if (!DH_set_length(dh, MINIMUM(need * 2, pbits - 1)))
      |         ^~
C:/ap13-dcb/openssl-msys-canonical-02/openssl-release-sdk-01/include/openssl/dh.h:280:27: note: declared here
  280 | OSSL_DEPRECATEDIN_3_0 int DH_set_length(DH *dh, long length);
      |                           ^~~~~~~~~~~~~
C:/ap13-dcb/openssh-msys-canonical-05/src/dh.c:303:9: warning: 'DH_generate_key' is deprecated: Since OpenSSL 3.0 [-Wdeprecated-declarations]
  303 |         if (DH_generate_key(dh) == 0)
      |         ^~
C:/ap13-dcb/openssl-msys-canonical-02/openssl-release-sdk-01/include/openssl/dh.h:234:27: note: declared here
  234 | OSSL_DEPRECATEDIN_3_0 int DH_generate_key(DH *dh);
      |                           ^~~~~~~~~~~~~~~
C:/ap13-dcb/openssh-msys-canonical-05/src/dh.c:305:9: warning: 'DH_get0_key' is deprecated: Since OpenSSL 3.0 [-Wdeprecated-declarations]
  305 |         DH_get0_key(dh, &pub_key, NULL);
      |         ^~~~~~~~~~~
C:/ap13-dcb/openssl-msys-canonical-02/openssl-release-sdk-01/include/openssl/dh.h:267:28: note: declared here
  267 | OSSL_DEPRECATEDIN_3_0 void DH_get0_key(const DH *dh, const BIGNUM **pub_key,
      |                            ^~~~~~~~~~~
C:/ap13-dcb/openssh-msys-canonical-05/src/dh.c: In function 'dh_new_group_asc':
C:/ap13-dcb/openssh-msys-canonical-05/src/dh.c:317:9: warning: 'DH_new' is deprecated: Since OpenSSL 3.0 [-Wdeprecated-declarations]
  317 |         if ((dh = DH_new()) == NULL)
      |         ^~
C:/ap13-dcb/openssl-msys-canonical-02/openssl-release-sdk-01/include/openssl/dh.h:210:27: note: declared here
  210 | OSSL_DEPRECATEDIN_3_0 DH *DH_new(void);
      |                           ^~~~~~
C:/ap13-dcb/openssh-msys-canonical-05/src/dh.c:322:9: warning: 'DH_set0_pqg' is deprecated: Since OpenSSL 3.0 [-Wdeprecated-declarations]
  322 |         if (!DH_set0_pqg(dh, dh_p, NULL, dh_g))
      |         ^~
C:/ap13-dcb/openssl-msys-canonical-02/openssl-release-sdk-01/include/openssl/dh.h:266:27: note: declared here
  266 | OSSL_DEPRECATEDIN_3_0 int DH_set0_pqg(DH *dh, BIGNUM *p, BIGNUM *q, BIGNUM *g);
      |                           ^~~~~~~~~~~
C:/ap13-dcb/openssh-msys-canonical-05/src/dh.c:326:9: warning: 'DH_free' is deprecated: Since OpenSSL 3.0 [-Wdeprecated-declarations]
  326 |         DH_free(dh);
      |         ^~~~~~~
C:/ap13-dcb/openssl-msys-canonical-02/openssl-release-sdk-01/include/openssl/dh.h:211:28: note: declared here
  211 | OSSL_DEPRECATEDIN_3_0 void DH_free(DH *dh);
      |                            ^~~~~~~
C:/ap13-dcb/openssh-msys-canonical-05/src/dh.c: In function 'dh_new_group':
C:/ap13-dcb/openssh-msys-canonical-05/src/dh.c:341:9: warning: 'DH_new' is deprecated: Since OpenSSL 3.0 [-Wdeprecated-declarations]
  341 |         if ((dh = DH_new()) == NULL)
      |         ^~
C:/ap13-dcb/openssl-msys-canonical-02/openssl-release-sdk-01/include/openssl/dh.h:210:27: note: declared here
  210 | OSSL_DEPRECATEDIN_3_0 DH *DH_new(void);
      |                           ^~~~~~
C:/ap13-dcb/openssh-msys-canonical-05/src/dh.c:343:9: warning: 'DH_set0_pqg' is deprecated: Since OpenSSL 3.0 [-Wdeprecated-declarations]
  343 |         if (!DH_set0_pqg(dh, modulus, NULL, gen)) {
      |         ^~
C:/ap13-dcb/openssl-msys-canonical-02/openssl-release-sdk-01/include/openssl/dh.h:266:27: note: declared here
  266 | OSSL_DEPRECATEDIN_3_0 int DH_set0_pqg(DH *dh, BIGNUM *p, BIGNUM *q, BIGNUM *g);
      |                           ^~~~~~~~~~~
C:/ap13-dcb/openssh-msys-canonical-05/src/dh.c:344:17: warning: 'DH_free' is deprecated: Since OpenSSL 3.0 [-Wdeprecated-declarations]
  344 |                 DH_free(dh);
      |                 ^~~~~~~
C:/ap13-dcb/openssl-msys-canonical-02/openssl-release-sdk-01/include/openssl/dh.h:211:28: note: declared here
  211 | OSSL_DEPRECATEDIN_3_0 void DH_free(DH *dh);
      |                            ^~~~~~~
/c/Users/crutkasLocal/.copilot/repos/copilot-worktrees/msys2-woarm64-build/crutkas-didactic-waffle/.github/scripts/msys-openssh-release-gcc -g -O2 -pipe -Wno-error=format-truncation -Wall -Wextra -Wpointer-arith -Wuninitialized -Wsign-compare -Wformat-security -Wsizeof-pointer-memaccess -Wno-pointer-sign -Wno-unused-parameter -Wno-unused-result -Wimplicit-fallthrough -Wmisleading-indentation -fno-strict-aliasing -fno-builtin-memset -Wno-attributes   -I. -I/c/ap13-dcb/openssh-msys-canonical-05/src -I"/c/ap13-dcb/openssh-msys-canonical-05/build/openbsd-compat/include" -I/c/ap13-dcb/openssl-msys-canonical-02/openssl-release-sdk-01/include -I/c/Users/crutkasLocal/.copilot/session-state/f6ea7713-2cec-41d5-b3f9-b4373e60fa33/files/resume-20260907/zlib-msys-01/stage/usr/include -I/c/ap13-dcb/openssl-msys-canonical-02/openssl-release-sdk-01/include -I/c/Users/crutkasLocal/.copilot/session-state/f6ea7713-2cec-41d5-b3f9-b4373e60fa33/files/resume-20260907/zlib-msys-01/stage/usr/include -I/c/ag-e138920f/ssh-libxcrypt-msys-02/stage/usr/include -DSSHDIR=\"/etc/ssh\" -D_PATH_SSH_PROGRAM=\"/usr/bin/ssh\" -D_PATH_SSH_ASKPASS_DEFAULT=\"/usr/lib/ssh/ssh-askpass\" -D_PATH_SFTP_SERVER=\"/usr/lib/ssh/sftp-server\" -D_PATH_SSH_KEY_SIGN=\"/usr/lib/ssh/ssh-keysign\" -D_PATH_SSHD_SESSION=\"/usr/lib/ssh/sshd-session\" -D_PATH_SSHD_AUTH=\"/usr/lib/ssh/sshd-auth\" -D_PATH_SSH_PKCS11_HELPER=\"/usr/lib/ssh/ssh-pkcs11-helper\" -D_PATH_SSH_SK_HELPER=\"/usr/lib/ssh/ssh-sk-helper\" -D_PATH_SSH_PIDDIR=\"/etc/ssh\" -D_PATH_PRIVSEP_CHROOT_DIR=\"/var/empty\" -DHAVE_CONFIG_H -c /c/ap13-dcb/openssh-msys-canonical-05/src/dns.c -o dns.o
/c/Users/crutkasLocal/.copilot/repos/copilot-worktrees/msys2-woarm64-build/crutkas-didactic-waffle/.github/scripts/msys-openssh-release-gcc -g -O2 -pipe -Wno-error=format-truncation -Wall -Wextra -Wpointer-arith -Wuninitialized -Wsign-compare -Wformat-security -Wsizeof-pointer-memaccess -Wno-pointer-sign -Wno-unused-parameter -Wno-unused-result -Wimplicit-fallthrough -Wmisleading-indentation -fno-strict-aliasing -fno-builtin-memset -Wno-attributes   -I. -I/c/ap13-dcb/openssh-msys-canonical-05/src -I"/c/ap13-dcb/openssh-msys-canonical-05/build/openbsd-compat/include" -I/c/ap13-dcb/openssl-msys-canonical-02/openssl-release-sdk-01/include -I/c/Users/crutkasLocal/.copilot/session-state/f6ea7713-2cec-41d5-b3f9-b4373e60fa33/files/resume-20260907/zlib-msys-01/stage/usr/include -I/c/ap13-dcb/openssl-msys-canonical-02/openssl-release-sdk-01/include -I/c/Users/crutkasLocal/.copilot/session-state/f6ea7713-2cec-41d5-b3f9-b4373e60fa33/files/resume-20260907/zlib-msys-01/stage/usr/include -I/c/ag-e138920f/ssh-libxcrypt-msys-02/stage/usr/include -DSSHDIR=\"/etc/ssh\" -D_PATH_SSH_PROGRAM=\"/usr/bin/ssh\" -D_PATH_SSH_ASKPASS_DEFAULT=\"/usr/lib/ssh/ssh-askpass\" -D_PATH_SFTP_SERVER=\"/usr/lib/ssh/sftp-server\" -D_PATH_SSH_KEY_SIGN=\"/usr/lib/ssh/ssh-keysign\" -D_PATH_SSHD_SESSION=\"/usr/lib/ssh/sshd-session\" -D_PATH_SSHD_AUTH=\"/usr/lib/ssh/sshd-auth\" -D_PATH_SSH_PKCS11_HELPER=\"/usr/lib/ssh/ssh-pkcs11-helper\" -D_PATH_SSH_SK_HELPER=\"/usr/lib/ssh/ssh-sk-helper\" -D_PATH_SSH_PIDDIR=\"/etc/ssh\" -D_PATH_PRIVSEP_CHROOT_DIR=\"/var/empty\" -DHAVE_CONFIG_H -c /c/ap13-dcb/openssh-msys-canonical-05/src/entropy.c -o entropy.o
/c/Users/crutkasLocal/.copilot/repos/copilot-worktrees/msys2-woarm64-build/crutkas-didactic-waffle/.github/scripts/msys-openssh-release-gcc -g -O2 -pipe -Wno-error=format-truncation -Wall -Wextra -Wpointer-arith -Wuninitialized -Wsign-compare -Wformat-security -Wsizeof-pointer-memaccess -Wno-pointer-sign -Wno-unused-parameter -Wno-unused-result -Wimplicit-fallthrough -Wmisleading-indentation -fno-strict-aliasing -fno-builtin-memset -Wno-attributes   -I. -I/c/ap13-dcb/openssh-msys-canonical-05/src -I"/c/ap13-dcb/openssh-msys-canonical-05/build/openbsd-compat/include" -I/c/ap13-dcb/openssl-msys-canonical-02/openssl-release-sdk-01/include -I/c/Users/crutkasLocal/.copilot/session-state/f6ea7713-2cec-41d5-b3f9-b4373e60fa33/files/resume-20260907/zlib-msys-01/stage/usr/include -I/c/ap13-dcb/openssl-msys-canonical-02/openssl-release-sdk-01/include -I/c/Users/crutkasLocal/.copilot/session-state/f6ea7713-2cec-41d5-b3f9-b4373e60fa33/files/resume-20260907/zlib-msys-01/stage/usr/include -I/c/ag-e138920f/ssh-libxcrypt-msys-02/stage/usr/include -DSSHDIR=\"/etc/ssh\" -D_PATH_SSH_PROGRAM=\"/usr/bin/ssh\" -D_PATH_SSH_ASKPASS_DEFAULT=\"/usr/lib/ssh/ssh-askpass\" -D_PATH_SFTP_SERVER=\"/usr/lib/ssh/sftp-server\" -D_PATH_SSH_KEY_SIGN=\"/usr/lib/ssh/ssh-keysign\" -D_PATH_SSHD_SESSION=\"/usr/lib/ssh/sshd-session\" -D_PATH_SSHD_AUTH=\"/usr/lib/ssh/sshd-auth\" -D_PATH_SSH_PKCS11_HELPER=\"/usr/lib/ssh/ssh-pkcs11-helper\" -D_PATH_SSH_SK_HELPER=\"/usr/lib/ssh/ssh-sk-helper\" -D_PATH_SSH_PIDDIR=\"/etc/ssh\" -D_PATH_PRIVSEP_CHROOT_DIR=\"/var/empty\" -DHAVE_CONFIG_H -c /c/ap13-dcb/openssh-msys-canonical-05/src/gss-genr.c -o gss-genr.o
/c/Users/crutkasLocal/.copilot/repos/copilot-worktrees/msys2-woarm64-build/crutkas-didactic-waffle/.github/scripts/msys-openssh-release-gcc -g -O2 -pipe -Wno-error=format-truncation -Wall -Wextra -Wpointer-arith -Wuninitialized -Wsign-compare -Wformat-security -Wsizeof-pointer-memaccess -Wno-pointer-sign -Wno-unused-parameter -Wno-unused-result -Wimplicit-fallthrough -Wmisleading-indentation -fno-strict-aliasing -fno-builtin-memset -Wno-attributes   -I. -I/c/ap13-dcb/openssh-msys-canonical-05/src -I"/c/ap13-dcb/openssh-msys-canonical-05/build/openbsd-compat/include" -I/c/ap13-dcb/openssl-msys-canonical-02/openssl-release-sdk-01/include -I/c/Users/crutkasLocal/.copilot/session-state/f6ea7713-2cec-41d5-b3f9-b4373e60fa33/files/resume-20260907/zlib-msys-01/stage/usr/include -I/c/ap13-dcb/openssl-msys-canonical-02/openssl-release-sdk-01/include -I/c/Users/crutkasLocal/.copilot/session-state/f6ea7713-2cec-41d5-b3f9-b4373e60fa33/files/resume-20260907/zlib-msys-01/stage/usr/include -I/c/ag-e138920f/ssh-libxcrypt-msys-02/stage/usr/include -DSSHDIR=\"/etc/ssh\" -D_PATH_SSH_PROGRAM=\"/usr/bin/ssh\" -D_PATH_SSH_ASKPASS_DEFAULT=\"/usr/lib/ssh/ssh-askpass\" -D_PATH_SFTP_SERVER=\"/usr/lib/ssh/sftp-server\" -D_PATH_SSH_KEY_SIGN=\"/usr/lib/ssh/ssh-keysign\" -D_PATH_SSHD_SESSION=\"/usr/lib/ssh/sshd-session\" -D_PATH_SSHD_AUTH=\"/usr/lib/ssh/sshd-auth\" -D_PATH_SSH_PKCS11_HELPER=\"/usr/lib/ssh/ssh-pkcs11-helper\" -D_PATH_SSH_SK_HELPER=\"/usr/lib/ssh/ssh-sk-helper\" -D_PATH_SSH_PIDDIR=\"/etc/ssh\" -D_PATH_PRIVSEP_CHROOT_DIR=\"/var/empty\" -DHAVE_CONFIG_H -c /c/ap13-dcb/openssh-msys-canonical-05/src/umac.c -o umac.o
C:/ap13-dcb/openssh-msys-canonical-05/src/umac.c: In function 'kdf':
C:/ap13-dcb/openssh-msys-canonical-05/src/umac.c:199:9: warning: 'AES_encrypt' is deprecated: Since OpenSSL 3.0 [-Wdeprecated-declarations]
  199 |         aes_encryption(in_buf, out_buf, key);
      |         ^~~~~~~~~~~~~~
In file included from C:/ap13-dcb/openssh-msys-canonical-05/src/umac.c:163:
C:/ap13-dcb/openssl-msys-canonical-02/openssl-release-sdk-01/include/openssl/aes.h:56:6: note: declared here
   56 | void AES_encrypt(const unsigned char *in, unsigned char *out,
      |      ^~~~~~~~~~~
C:/ap13-dcb/openssh-msys-canonical-05/src/umac.c:206:9: warning: 'AES_encrypt' is deprecated: Since OpenSSL 3.0 [-Wdeprecated-declarations]
  206 |         aes_encryption(in_buf, out_buf, key);
      |         ^~~~~~~~~~~~~~
C:/ap13-dcb/openssl-msys-canonical-02/openssl-release-sdk-01/include/openssl/aes.h:56:6: note: declared here
   56 | void AES_encrypt(const unsigned char *in, unsigned char *out,
      |      ^~~~~~~~~~~
C:/ap13-dcb/openssh-msys-canonical-05/src/umac.c: In function 'pdf_init':
C:/ap13-dcb/openssh-msys-canonical-05/src/umac.c:230:5: warning: 'AES_set_encrypt_key' is deprecated: Since OpenSSL 3.0 [-Wdeprecated-declarations]
  230 |     aes_key_setup(buf, pc->prf_key);
      |     ^~~~~~~~~~~~~
C:/ap13-dcb/openssl-msys-canonical-02/openssl-release-sdk-01/include/openssl/aes.h:50:5: note: declared here
   50 | int AES_set_encrypt_key(const unsigned char *userKey, const int bits,
      |     ^~~~~~~~~~~~~~~~~~~
C:/ap13-dcb/openssh-msys-canonical-05/src/umac.c:234:5: warning: 'AES_encrypt' is deprecated: Since OpenSSL 3.0 [-Wdeprecated-declarations]
  234 |     aes_encryption(pc->nonce, pc->cache, pc->prf_key);
      |     ^~~~~~~~~~~~~~
C:/ap13-dcb/openssl-msys-canonical-02/openssl-release-sdk-01/include/openssl/aes.h:56:6: note: declared here
   56 | void AES_encrypt(const unsigned char *in, unsigned char *out,
      |      ^~~~~~~~~~~
C:/ap13-dcb/openssh-msys-canonical-05/src/umac.c: In function 'pdf_gen_xor':
C:/ap13-dcb/openssh-msys-canonical-05/src/umac.c:268:9: warning: 'AES_encrypt' is deprecated: Since OpenSSL 3.0 [-Wdeprecated-declarations]
  268 |         aes_encryption(pc->nonce, pc->cache, pc->prf_key);
      |         ^~~~~~~~~~~~~~
C:/ap13-dcb/openssl-msys-canonical-02/openssl-release-sdk-01/include/openssl/aes.h:56:6: note: declared here
   56 | void AES_encrypt(const unsigned char *in, unsigned char *out,
      |      ^~~~~~~~~~~
C:/ap13-dcb/openssh-msys-canonical-05/src/umac.c: In function 'umac_new':
C:/ap13-dcb/openssh-msys-canonical-05/src/umac.c:1235:9: warning: 'AES_set_encrypt_key' is deprecated: Since OpenSSL 3.0 [-Wdeprecated-declarations]
 1235 |         aes_key_setup(key, prf_key);
      |         ^~~~~~~~~~~~~
C:/ap13-dcb/openssl-msys-canonical-02/openssl-release-sdk-01/include/openssl/aes.h:50:5: note: declared here
   50 | int AES_set_encrypt_key(const unsigned char *userKey, const int bits,
      |     ^~~~~~~~~~~~~~~~~~~
/c/Users/crutkasLocal/.copilot/repos/copilot-worktrees/msys2-woarm64-build/crutkas-didactic-waffle/.github/scripts/msys-openssh-release-gcc -g -O2 -pipe -Wno-error=format-truncation -Wall -Wextra -Wpointer-arith -Wuninitialized -Wsign-compare -Wformat-security -Wsizeof-pointer-memaccess -Wno-pointer-sign -Wno-unused-parameter -Wno-unused-result -Wimplicit-fallthrough -Wmisleading-indentation -fno-strict-aliasing -fno-builtin-memset -Wno-attributes   -I. -I/c/ap13-dcb/openssh-msys-canonical-05/src -I"/c/ap13-dcb/openssh-msys-canonical-05/build/openbsd-compat/include" -I/c/ap13-dcb/openssl-msys-canonical-02/openssl-release-sdk-01/include -I/c/Users/crutkasLocal/.copilot/session-state/f6ea7713-2cec-41d5-b3f9-b4373e60fa33/files/resume-20260907/zlib-msys-01/stage/usr/include -I/c/ap13-dcb/openssl-msys-canonical-02/openssl-release-sdk-01/include -I/c/Users/crutkasLocal/.copilot/session-state/f6ea7713-2cec-41d5-b3f9-b4373e60fa33/files/resume-20260907/zlib-msys-01/stage/usr/include -I/c/ag-e138920f/ssh-libxcrypt-msys-02/stage/usr/include -DSSHDIR=\"/etc/ssh\" -D_PATH_SSH_PROGRAM=\"/usr/bin/ssh\" -D_PATH_SSH_ASKPASS_DEFAULT=\"/usr/lib/ssh/ssh-askpass\" -D_PATH_SFTP_SERVER=\"/usr/lib/ssh/sftp-server\" -D_PATH_SSH_KEY_SIGN=\"/usr/lib/ssh/ssh-keysign\" -D_PATH_SSHD_SESSION=\"/usr/lib/ssh/sshd-session\" -D_PATH_SSHD_AUTH=\"/usr/lib/ssh/sshd-auth\" -D_PATH_SSH_PKCS11_HELPER=\"/usr/lib/ssh/ssh-pkcs11-helper\" -D_PATH_SSH_SK_HELPER=\"/usr/lib/ssh/ssh-sk-helper\" -D_PATH_SSH_PIDDIR=\"/etc/ssh\" -D_PATH_PRIVSEP_CHROOT_DIR=\"/var/empty\" -DHAVE_CONFIG_H -c /c/ap13-dcb/openssh-msys-canonical-05/src/umac128.c -o umac128.o
/c/Users/crutkasLocal/.copilot/repos/copilot-worktrees/msys2-woarm64-build/crutkas-didactic-waffle/.github/scripts/msys-openssh-release-gcc -g -O2 -pipe -Wno-error=format-truncation -Wall -Wextra -Wpointer-arith -Wuninitialized -Wsign-compare -Wformat-security -Wsizeof-pointer-memaccess -Wno-pointer-sign -Wno-unused-parameter -Wno-unused-result -Wimplicit-fallthrough -Wmisleading-indentation -fno-strict-aliasing -fno-builtin-memset -Wno-attributes   -I. -I/c/ap13-dcb/openssh-msys-canonical-05/src -I"/c/ap13-dcb/openssh-msys-canonical-05/build/openbsd-compat/include" -I/c/ap13-dcb/openssl-msys-canonical-02/openssl-release-sdk-01/include -I/c/Users/crutkasLocal/.copilot/session-state/f6ea7713-2cec-41d5-b3f9-b4373e60fa33/files/resume-20260907/zlib-msys-01/stage/usr/include -I/c/ap13-dcb/openssl-msys-canonical-02/openssl-release-sdk-01/include -I/c/Users/crutkasLocal/.copilot/session-state/f6ea7713-2cec-41d5-b3f9-b4373e60fa33/files/resume-20260907/zlib-msys-01/stage/usr/include -I/c/ag-e138920f/ssh-libxcrypt-msys-02/stage/usr/include -DSSHDIR=\"/etc/ssh\" -D_PATH_SSH_PROGRAM=\"/usr/bin/ssh\" -D_PATH_SSH_ASKPASS_DEFAULT=\"/usr/lib/ssh/ssh-askpass\" -D_PATH_SFTP_SERVER=\"/usr/lib/ssh/sftp-server\" -D_PATH_SSH_KEY_SIGN=\"/usr/lib/ssh/ssh-keysign\" -D_PATH_SSHD_SESSION=\"/usr/lib/ssh/sshd-session\" -D_PATH_SSHD_AUTH=\"/usr/lib/ssh/sshd-auth\" -D_PATH_SSH_PKCS11_HELPER=\"/usr/lib/ssh/ssh-pkcs11-helper\" -D_PATH_SSH_SK_HELPER=\"/usr/lib/ssh/ssh-sk-helper\" -D_PATH_SSH_PIDDIR=\"/etc/ssh\" -D_PATH_PRIVSEP_CHROOT_DIR=\"/var/empty\" -DHAVE_CONFIG_H -c /c/ap13-dcb/openssh-msys-canonical-05/src/smult_curve25519_ref.c -o smult_curve25519_ref.o
In file included from C:/ap13-dcb/openssh-msys-canonical-05/src/umac128.c:10:
C:/ap13-dcb/openssh-msys-canonical-05/src/umac.c: In function 'kdf':
C:/ap13-dcb/openssh-msys-canonical-05/src/umac.c:199:9: warning: 'AES_encrypt' is deprecated: Since OpenSSL 3.0 [-Wdeprecated-declarations]
  199 |         aes_encryption(in_buf, out_buf, key);
      |         ^~~~~~~~~~~~~~
In file included from C:/ap13-dcb/openssh-msys-canonical-05/src/umac.c:163:
C:/ap13-dcb/openssl-msys-canonical-02/openssl-release-sdk-01/include/openssl/aes.h:56:6: note: declared here
   56 | void AES_encrypt(const unsigned char *in, unsigned char *out,
      |      ^~~~~~~~~~~
C:/ap13-dcb/openssh-msys-canonical-05/src/umac.c:206:9: warning: 'AES_encrypt' is deprecated: Since OpenSSL 3.0 [-Wdeprecated-declarations]
  206 |         aes_encryption(in_buf, out_buf, key);
      |         ^~~~~~~~~~~~~~
C:/ap13-dcb/openssl-msys-canonical-02/openssl-release-sdk-01/include/openssl/aes.h:56:6: note: declared here
   56 | void AES_encrypt(const unsigned char *in, unsigned char *out,
      |      ^~~~~~~~~~~
C:/ap13-dcb/openssh-msys-canonical-05/src/umac.c: In function 'pdf_init':
C:/ap13-dcb/openssh-msys-canonical-05/src/umac.c:230:5: warning: 'AES_set_encrypt_key' is deprecated: Since OpenSSL 3.0 [-Wdeprecated-declarations]
  230 |     aes_key_setup(buf, pc->prf_key);
      |     ^~~~~~~~~~~~~
C:/ap13-dcb/openssl-msys-canonical-02/openssl-release-sdk-01/include/openssl/aes.h:50:5: note: declared here
   50 | int AES_set_encrypt_key(const unsigned char *userKey, const int bits,
      |     ^~~~~~~~~~~~~~~~~~~
C:/ap13-dcb/openssh-msys-canonical-05/src/umac.c:234:5: warning: 'AES_encrypt' is deprecated: Since OpenSSL 3.0 [-Wdeprecated-declarations]
  234 |     aes_encryption(pc->nonce, pc->cache, pc->prf_key);
      |     ^~~~~~~~~~~~~~
C:/ap13-dcb/openssl-msys-canonical-02/openssl-release-sdk-01/include/openssl/aes.h:56:6: note: declared here
   56 | void AES_encrypt(const unsigned char *in, unsigned char *out,
      |      ^~~~~~~~~~~
C:/ap13-dcb/openssh-msys-canonical-05/src/umac.c: In function 'pdf_gen_xor':
C:/ap13-dcb/openssh-msys-canonical-05/src/umac.c:268:9: warning: 'AES_encrypt' is deprecated: Since OpenSSL 3.0 [-Wdeprecated-declarations]
  268 |         aes_encryption(pc->nonce, pc->cache, pc->prf_key);
      |         ^~~~~~~~~~~~~~
C:/ap13-dcb/openssl-msys-canonical-02/openssl-release-sdk-01/include/openssl/aes.h:56:6: note: declared here
   56 | void AES_encrypt(const unsigned char *in, unsigned char *out,
      |      ^~~~~~~~~~~
C:/ap13-dcb/openssh-msys-canonical-05/src/umac.c: In function 'umac128_new':
C:/ap13-dcb/openssh-msys-canonical-05/src/umac.c:1235:9: warning: 'AES_set_encrypt_key' is deprecated: Since OpenSSL 3.0 [-Wdeprecated-declarations]
 1235 |         aes_key_setup(key, prf_key);
      |         ^~~~~~~~~~~~~
C:/ap13-dcb/openssl-msys-canonical-02/openssl-release-sdk-01/include/openssl/aes.h:50:5: note: declared here
   50 | int AES_set_encrypt_key(const unsigned char *userKey, const int bits,
      |     ^~~~~~~~~~~~~~~~~~~
/c/Users/crutkasLocal/.copilot/repos/copilot-worktrees/msys2-woarm64-build/crutkas-didactic-waffle/.github/scripts/msys-openssh-release-gcc -g -O2 -pipe -Wno-error=format-truncation -Wall -Wextra -Wpointer-arith -Wuninitialized -Wsign-compare -Wformat-security -Wsizeof-pointer-memaccess -Wno-pointer-sign -Wno-unused-parameter -Wno-unused-result -Wimplicit-fallthrough -Wmisleading-indentation -fno-strict-aliasing -fno-builtin-memset -Wno-attributes   -I. -I/c/ap13-dcb/openssh-msys-canonical-05/src -I"/c/ap13-dcb/openssh-msys-canonical-05/build/openbsd-compat/include" -I/c/ap13-dcb/openssl-msys-canonical-02/openssl-release-sdk-01/include -I/c/Users/crutkasLocal/.copilot/session-state/f6ea7713-2cec-41d5-b3f9-b4373e60fa33/files/resume-20260907/zlib-msys-01/stage/usr/include -I/c/ap13-dcb/openssl-msys-canonical-02/openssl-release-sdk-01/include -I/c/Users/crutkasLocal/.copilot/session-state/f6ea7713-2cec-41d5-b3f9-b4373e60fa33/files/resume-20260907/zlib-msys-01/stage/usr/include -I/c/ag-e138920f/ssh-libxcrypt-msys-02/stage/usr/include -DSSHDIR=\"/etc/ssh\" -D_PATH_SSH_PROGRAM=\"/usr/bin/ssh\" -D_PATH_SSH_ASKPASS_DEFAULT=\"/usr/lib/ssh/ssh-askpass\" -D_PATH_SFTP_SERVER=\"/usr/lib/ssh/sftp-server\" -D_PATH_SSH_KEY_SIGN=\"/usr/lib/ssh/ssh-keysign\" -D_PATH_SSHD_SESSION=\"/usr/lib/ssh/sshd-session\" -D_PATH_SSHD_AUTH=\"/usr/lib/ssh/sshd-auth\" -D_PATH_SSH_PKCS11_HELPER=\"/usr/lib/ssh/ssh-pkcs11-helper\" -D_PATH_SSH_SK_HELPER=\"/usr/lib/ssh/ssh-sk-helper\" -D_PATH_SSH_PIDDIR=\"/etc/ssh\" -D_PATH_PRIVSEP_CHROOT_DIR=\"/var/empty\" -DHAVE_CONFIG_H -c /c/ap13-dcb/openssh-msys-canonical-05/src/poly1305.c -o poly1305.o
/c/Users/crutkasLocal/.copilot/repos/copilot-worktrees/msys2-woarm64-build/crutkas-didactic-waffle/.github/scripts/msys-openssh-release-gcc -g -O2 -pipe -Wno-error=format-truncation -Wall -Wextra -Wpointer-arith -Wuninitialized -Wsign-compare -Wformat-security -Wsizeof-pointer-memaccess -Wno-pointer-sign -Wno-unused-parameter -Wno-unused-result -Wimplicit-fallthrough -Wmisleading-indentation -fno-strict-aliasing -fno-builtin-memset -Wno-attributes   -I. -I/c/ap13-dcb/openssh-msys-canonical-05/src -I"/c/ap13-dcb/openssh-msys-canonical-05/build/openbsd-compat/include" -I/c/ap13-dcb/openssl-msys-canonical-02/openssl-release-sdk-01/include -I/c/Users/crutkasLocal/.copilot/session-state/f6ea7713-2cec-41d5-b3f9-b4373e60fa33/files/resume-20260907/zlib-msys-01/stage/usr/include -I/c/ap13-dcb/openssl-msys-canonical-02/openssl-release-sdk-01/include -I/c/Users/crutkasLocal/.copilot/session-state/f6ea7713-2cec-41d5-b3f9-b4373e60fa33/files/resume-20260907/zlib-msys-01/stage/usr/include -I/c/ag-e138920f/ssh-libxcrypt-msys-02/stage/usr/include -DSSHDIR=\"/etc/ssh\" -D_PATH_SSH_PROGRAM=\"/usr/bin/ssh\" -D_PATH_SSH_ASKPASS_DEFAULT=\"/usr/lib/ssh/ssh-askpass\" -D_PATH_SFTP_SERVER=\"/usr/lib/ssh/sftp-server\" -D_PATH_SSH_KEY_SIGN=\"/usr/lib/ssh/ssh-keysign\" -D_PATH_SSHD_SESSION=\"/usr/lib/ssh/sshd-session\" -D_PATH_SSHD_AUTH=\"/usr/lib/ssh/sshd-auth\" -D_PATH_SSH_PKCS11_HELPER=\"/usr/lib/ssh/ssh-pkcs11-helper\" -D_PATH_SSH_SK_HELPER=\"/usr/lib/ssh/ssh-sk-helper\" -D_PATH_SSH_PIDDIR=\"/etc/ssh\" -D_PATH_PRIVSEP_CHROOT_DIR=\"/var/empty\" -DHAVE_CONFIG_H -c /c/ap13-dcb/openssh-msys-canonical-05/src/chacha.c -o chacha.o
/c/Users/crutkasLocal/.copilot/repos/copilot-worktrees/msys2-woarm64-build/crutkas-didactic-waffle/.github/scripts/msys-openssh-release-gcc -g -O2 -pipe -Wno-error=format-truncation -Wall -Wextra -Wpointer-arith -Wuninitialized -Wsign-compare -Wformat-security -Wsizeof-pointer-memaccess -Wno-pointer-sign -Wno-unused-parameter -Wno-unused-result -Wimplicit-fallthrough -Wmisleading-indentation -fno-strict-aliasing -fno-builtin-memset -Wno-attributes   -I. -I/c/ap13-dcb/openssh-msys-canonical-05/src -I"/c/ap13-dcb/openssh-msys-canonical-05/build/openbsd-compat/include" -I/c/ap13-dcb/openssl-msys-canonical-02/openssl-release-sdk-01/include -I/c/Users/crutkasLocal/.copilot/session-state/f6ea7713-2cec-41d5-b3f9-b4373e60fa33/files/resume-20260907/zlib-msys-01/stage/usr/include -I/c/ap13-dcb/openssl-msys-canonical-02/openssl-release-sdk-01/include -I/c/Users/crutkasLocal/.copilot/session-state/f6ea7713-2cec-41d5-b3f9-b4373e60fa33/files/resume-20260907/zlib-msys-01/stage/usr/include -I/c/ag-e138920f/ssh-libxcrypt-msys-02/stage/usr/include -DSSHDIR=\"/etc/ssh\" -D_PATH_SSH_PROGRAM=\"/usr/bin/ssh\" -D_PATH_SSH_ASKPASS_DEFAULT=\"/usr/lib/ssh/ssh-askpass\" -D_PATH_SFTP_SERVER=\"/usr/lib/ssh/sftp-server\" -D_PATH_SSH_KEY_SIGN=\"/usr/lib/ssh/ssh-keysign\" -D_PATH_SSHD_SESSION=\"/usr/lib/ssh/sshd-session\" -D_PATH_SSHD_AUTH=\"/usr/lib/ssh/sshd-auth\" -D_PATH_SSH_PKCS11_HELPER=\"/usr/lib/ssh/ssh-pkcs11-helper\" -D_PATH_SSH_SK_HELPER=\"/usr/lib/ssh/ssh-sk-helper\" -D_PATH_SSH_PIDDIR=\"/etc/ssh\" -D_PATH_PRIVSEP_CHROOT_DIR=\"/var/empty\" -DHAVE_CONFIG_H -c /c/ap13-dcb/openssh-msys-canonical-05/src/cipher-chachapoly.c -o cipher-chachapoly.o
/c/Users/crutkasLocal/.copilot/repos/copilot-worktrees/msys2-woarm64-build/crutkas-didactic-waffle/.github/scripts/msys-openssh-release-gcc -g -O2 -pipe -Wno-error=format-truncation -Wall -Wextra -Wpointer-arith -Wuninitialized -Wsign-compare -Wformat-security -Wsizeof-pointer-memaccess -Wno-pointer-sign -Wno-unused-parameter -Wno-unused-result -Wimplicit-fallthrough -Wmisleading-indentation -fno-strict-aliasing -fno-builtin-memset -Wno-attributes   -I. -I/c/ap13-dcb/openssh-msys-canonical-05/src -I"/c/ap13-dcb/openssh-msys-canonical-05/build/openbsd-compat/include" -I/c/ap13-dcb/openssl-msys-canonical-02/openssl-release-sdk-01/include -I/c/Users/crutkasLocal/.copilot/session-state/f6ea7713-2cec-41d5-b3f9-b4373e60fa33/files/resume-20260907/zlib-msys-01/stage/usr/include -I/c/ap13-dcb/openssl-msys-canonical-02/openssl-release-sdk-01/include -I/c/Users/crutkasLocal/.copilot/session-state/f6ea7713-2cec-41d5-b3f9-b4373e60fa33/files/resume-20260907/zlib-msys-01/stage/usr/include -I/c/ag-e138920f/ssh-libxcrypt-msys-02/stage/usr/include -DSSHDIR=\"/etc/ssh\" -D_PATH_SSH_PROGRAM=\"/usr/bin/ssh\" -D_PATH_SSH_ASKPASS_DEFAULT=\"/usr/lib/ssh/ssh-askpass\" -D_PATH_SFTP_SERVER=\"/usr/lib/ssh/sftp-server\" -D_PATH_SSH_KEY_SIGN=\"/usr/lib/ssh/ssh-keysign\" -D_PATH_SSHD_SESSION=\"/usr/lib/ssh/sshd-session\" -D_PATH_SSHD_AUTH=\"/usr/lib/ssh/sshd-auth\" -D_PATH_SSH_PKCS11_HELPER=\"/usr/lib/ssh/ssh-pkcs11-helper\" -D_PATH_SSH_SK_HELPER=\"/usr/lib/ssh/ssh-sk-helper\" -D_PATH_SSH_PIDDIR=\"/etc/ssh\" -D_PATH_PRIVSEP_CHROOT_DIR=\"/var/empty\" -DHAVE_CONFIG_H -c /c/ap13-dcb/openssh-msys-canonical-05/src/cipher-chachapoly-libcrypto.c -o cipher-chachapoly-libcrypto.o
/c/Users/crutkasLocal/.copilot/repos/copilot-worktrees/msys2-woarm64-build/crutkas-didactic-waffle/.github/scripts/msys-openssh-release-gcc -g -O2 -pipe -Wno-error=format-truncation -Wall -Wextra -Wpointer-arith -Wuninitialized -Wsign-compare -Wformat-security -Wsizeof-pointer-memaccess -Wno-pointer-sign -Wno-unused-parameter -Wno-unused-result -Wimplicit-fallthrough -Wmisleading-indentation -fno-strict-aliasing -fno-builtin-memset -Wno-attributes   -I. -I/c/ap13-dcb/openssh-msys-canonical-05/src -I"/c/ap13-dcb/openssh-msys-canonical-05/build/openbsd-compat/include" -I/c/ap13-dcb/openssl-msys-canonical-02/openssl-release-sdk-01/include -I/c/Users/crutkasLocal/.copilot/session-state/f6ea7713-2cec-41d5-b3f9-b4373e60fa33/files/resume-20260907/zlib-msys-01/stage/usr/include -I/c/ap13-dcb/openssl-msys-canonical-02/openssl-release-sdk-01/include -I/c/Users/crutkasLocal/.copilot/session-state/f6ea7713-2cec-41d5-b3f9-b4373e60fa33/files/resume-20260907/zlib-msys-01/stage/usr/include -I/c/ag-e138920f/ssh-libxcrypt-msys-02/stage/usr/include -DSSHDIR=\"/etc/ssh\" -D_PATH_SSH_PROGRAM=\"/usr/bin/ssh\" -D_PATH_SSH_ASKPASS_DEFAULT=\"/usr/lib/ssh/ssh-askpass\" -D_PATH_SFTP_SERVER=\"/usr/lib/ssh/sftp-server\" -D_PATH_SSH_KEY_SIGN=\"/usr/lib/ssh/ssh-keysign\" -D_PATH_SSHD_SESSION=\"/usr/lib/ssh/sshd-session\" -D_PATH_SSHD_AUTH=\"/usr/lib/ssh/sshd-auth\" -D_PATH_SSH_PKCS11_HELPER=\"/usr/lib/ssh/ssh-pkcs11-helper\" -D_PATH_SSH_SK_HELPER=\"/usr/lib/ssh/ssh-sk-helper\" -D_PATH_SSH_PIDDIR=\"/etc/ssh\" -D_PATH_PRIVSEP_CHROOT_DIR=\"/var/empty\" -DHAVE_CONFIG_H -c /c/ap13-dcb/openssh-msys-canonical-05/src/ssh-ed25519.c -o ssh-ed25519.o
/c/Users/crutkasLocal/.copilot/repos/copilot-worktrees/msys2-woarm64-build/crutkas-didactic-waffle/.github/scripts/msys-openssh-release-gcc -g -O2 -pipe -Wno-error=format-truncation -Wall -Wextra -Wpointer-arith -Wuninitialized -Wsign-compare -Wformat-security -Wsizeof-pointer-memaccess -Wno-pointer-sign -Wno-unused-parameter -Wno-unused-result -Wimplicit-fallthrough -Wmisleading-indentation -fno-strict-aliasing -fno-builtin-memset -Wno-attributes   -I. -I/c/ap13-dcb/openssh-msys-canonical-05/src -I"/c/ap13-dcb/openssh-msys-canonical-05/build/openbsd-compat/include" -I/c/ap13-dcb/openssl-msys-canonical-02/openssl-release-sdk-01/include -I/c/Users/crutkasLocal/.copilot/session-state/f6ea7713-2cec-41d5-b3f9-b4373e60fa33/files/resume-20260907/zlib-msys-01/stage/usr/include -I/c/ap13-dcb/openssl-msys-canonical-02/openssl-release-sdk-01/include -I/c/Users/crutkasLocal/.copilot/session-state/f6ea7713-2cec-41d5-b3f9-b4373e60fa33/files/resume-20260907/zlib-msys-01/stage/usr/include -I/c/ag-e138920f/ssh-libxcrypt-msys-02/stage/usr/include -DSSHDIR=\"/etc/ssh\" -D_PATH_SSH_PROGRAM=\"/usr/bin/ssh\" -D_PATH_SSH_ASKPASS_DEFAULT=\"/usr/lib/ssh/ssh-askpass\" -D_PATH_SFTP_SERVER=\"/usr/lib/ssh/sftp-server\" -D_PATH_SSH_KEY_SIGN=\"/usr/lib/ssh/ssh-keysign\" -D_PATH_SSHD_SESSION=\"/usr/lib/ssh/sshd-session\" -D_PATH_SSHD_AUTH=\"/usr/lib/ssh/sshd-auth\" -D_PATH_SSH_PKCS11_HELPER=\"/usr/lib/ssh/ssh-pkcs11-helper\" -D_PATH_SSH_SK_HELPER=\"/usr/lib/ssh/ssh-sk-helper\" -D_PATH_SSH_PIDDIR=\"/etc/ssh\" -D_PATH_PRIVSEP_CHROOT_DIR=\"/var/empty\" -DHAVE_CONFIG_H -c /c/ap13-dcb/openssh-msys-canonical-05/src/digest-openssl.c -o digest-openssl.o
/c/Users/crutkasLocal/.copilot/repos/copilot-worktrees/msys2-woarm64-build/crutkas-didactic-waffle/.github/scripts/msys-openssh-release-gcc -g -O2 -pipe -Wno-error=format-truncation -Wall -Wextra -Wpointer-arith -Wuninitialized -Wsign-compare -Wformat-security -Wsizeof-pointer-memaccess -Wno-pointer-sign -Wno-unused-parameter -Wno-unused-result -Wimplicit-fallthrough -Wmisleading-indentation -fno-strict-aliasing -fno-builtin-memset -Wno-attributes   -I. -I/c/ap13-dcb/openssh-msys-canonical-05/src -I"/c/ap13-dcb/openssh-msys-canonical-05/build/openbsd-compat/include" -I/c/ap13-dcb/openssl-msys-canonical-02/openssl-release-sdk-01/include -I/c/Users/crutkasLocal/.copilot/session-state/f6ea7713-2cec-41d5-b3f9-b4373e60fa33/files/resume-20260907/zlib-msys-01/stage/usr/include -I/c/ap13-dcb/openssl-msys-canonical-02/openssl-release-sdk-01/include -I/c/Users/crutkasLocal/.copilot/session-state/f6ea7713-2cec-41d5-b3f9-b4373e60fa33/files/resume-20260907/zlib-msys-01/stage/usr/include -I/c/ag-e138920f/ssh-libxcrypt-msys-02/stage/usr/include -DSSHDIR=\"/etc/ssh\" -D_PATH_SSH_PROGRAM=\"/usr/bin/ssh\" -D_PATH_SSH_ASKPASS_DEFAULT=\"/usr/lib/ssh/ssh-askpass\" -D_PATH_SFTP_SERVER=\"/usr/lib/ssh/sftp-server\" -D_PATH_SSH_KEY_SIGN=\"/usr/lib/ssh/ssh-keysign\" -D_PATH_SSHD_SESSION=\"/usr/lib/ssh/sshd-session\" -D_PATH_SSHD_AUTH=\"/usr/lib/ssh/sshd-auth\" -D_PATH_SSH_PKCS11_HELPER=\"/usr/lib/ssh/ssh-pkcs11-helper\" -D_PATH_SSH_SK_HELPER=\"/usr/lib/ssh/ssh-sk-helper\" -D_PATH_SSH_PIDDIR=\"/etc/ssh\" -D_PATH_PRIVSEP_CHROOT_DIR=\"/var/empty\" -DHAVE_CONFIG_H -c /c/ap13-dcb/openssh-msys-canonical-05/src/digest-libc.c -o digest-libc.o
/c/Users/crutkasLocal/.copilot/repos/copilot-worktrees/msys2-woarm64-build/crutkas-didactic-waffle/.github/scripts/msys-openssh-release-gcc -g -O2 -pipe -Wno-error=format-truncation -Wall -Wextra -Wpointer-arith -Wuninitialized -Wsign-compare -Wformat-security -Wsizeof-pointer-memaccess -Wno-pointer-sign -Wno-unused-parameter -Wno-unused-result -Wimplicit-fallthrough -Wmisleading-indentation -fno-strict-aliasing -fno-builtin-memset -Wno-attributes   -I. -I/c/ap13-dcb/openssh-msys-canonical-05/src -I"/c/ap13-dcb/openssh-msys-canonical-05/build/openbsd-compat/include" -I/c/ap13-dcb/openssl-msys-canonical-02/openssl-release-sdk-01/include -I/c/Users/crutkasLocal/.copilot/session-state/f6ea7713-2cec-41d5-b3f9-b4373e60fa33/files/resume-20260907/zlib-msys-01/stage/usr/include -I/c/ap13-dcb/openssl-msys-canonical-02/openssl-release-sdk-01/include -I/c/Users/crutkasLocal/.copilot/session-state/f6ea7713-2cec-41d5-b3f9-b4373e60fa33/files/resume-20260907/zlib-msys-01/stage/usr/include -I/c/ag-e138920f/ssh-libxcrypt-msys-02/stage/usr/include -DSSHDIR=\"/etc/ssh\" -D_PATH_SSH_PROGRAM=\"/usr/bin/ssh\" -D_PATH_SSH_ASKPASS_DEFAULT=\"/usr/lib/ssh/ssh-askpass\" -D_PATH_SFTP_SERVER=\"/usr/lib/ssh/sftp-server\" -D_PATH_SSH_KEY_SIGN=\"/usr/lib/ssh/ssh-keysign\" -D_PATH_SSHD_SESSION=\"/usr/lib/ssh/sshd-session\" -D_PATH_SSHD_AUTH=\"/usr/lib/ssh/sshd-auth\" -D_PATH_SSH_PKCS11_HELPER=\"/usr/lib/ssh/ssh-pkcs11-helper\" -D_PATH_SSH_SK_HELPER=\"/usr/lib/ssh/ssh-sk-helper\" -D_PATH_SSH_PIDDIR=\"/etc/ssh\" -D_PATH_PRIVSEP_CHROOT_DIR=\"/var/empty\" -DHAVE_CONFIG_H -c /c/ap13-dcb/openssh-msys-canonical-05/src/libcrux-mlkem-mldsa.c -o libcrux-mlkem-mldsa.o
/c/Users/crutkasLocal/.copilot/repos/copilot-worktrees/msys2-woarm64-build/crutkas-didactic-waffle/.github/scripts/msys-openssh-release-gcc -g -O2 -pipe -Wno-error=format-truncation -Wall -Wextra -Wpointer-arith -Wuninitialized -Wsign-compare -Wformat-security -Wsizeof-pointer-memaccess -Wno-pointer-sign -Wno-unused-parameter -Wno-unused-result -Wimplicit-fallthrough -Wmisleading-indentation -fno-strict-aliasing -fno-builtin-memset -Wno-attributes   -I. -I/c/ap13-dcb/openssh-msys-canonical-05/src -I"/c/ap13-dcb/openssh-msys-canonical-05/build/openbsd-compat/include" -I/c/ap13-dcb/openssl-msys-canonical-02/openssl-release-sdk-01/include -I/c/Users/crutkasLocal/.copilot/session-state/f6ea7713-2cec-41d5-b3f9-b4373e60fa33/files/resume-20260907/zlib-msys-01/stage/usr/include -I/c/ap13-dcb/openssl-msys-canonical-02/openssl-release-sdk-01/include -I/c/Users/crutkasLocal/.copilot/session-state/f6ea7713-2cec-41d5-b3f9-b4373e60fa33/files/resume-20260907/zlib-msys-01/stage/usr/include -I/c/ag-e138920f/ssh-libxcrypt-msys-02/stage/usr/include -DSSHDIR=\"/etc/ssh\" -D_PATH_SSH_PROGRAM=\"/usr/bin/ssh\" -D_PATH_SSH_ASKPASS_DEFAULT=\"/usr/lib/ssh/ssh-askpass\" -D_PATH_SFTP_SERVER=\"/usr/lib/ssh/sftp-server\" -D_PATH_SSH_KEY_SIGN=\"/usr/lib/ssh/ssh-keysign\" -D_PATH_SSHD_SESSION=\"/usr/lib/ssh/sshd-session\" -D_PATH_SSHD_AUTH=\"/usr/lib/ssh/sshd-auth\" -D_PATH_SSH_PKCS11_HELPER=\"/usr/lib/ssh/ssh-pkcs11-helper\" -D_PATH_SSH_SK_HELPER=\"/usr/lib/ssh/ssh-sk-helper\" -D_PATH_SSH_PIDDIR=\"/etc/ssh\" -D_PATH_PRIVSEP_CHROOT_DIR=\"/var/empty\" -DHAVE_CONFIG_H -c /c/ap13-dcb/openssh-msys-canonical-05/src/ssh-mldsa-eddsa.c -o ssh-mldsa-eddsa.o
/c/Users/crutkasLocal/.copilot/repos/copilot-worktrees/msys2-woarm64-build/crutkas-didactic-waffle/.github/scripts/msys-openssh-release-gcc -g -O2 -pipe -Wno-error=format-truncation -Wall -Wextra -Wpointer-arith -Wuninitialized -Wsign-compare -Wformat-security -Wsizeof-pointer-memaccess -Wno-pointer-sign -Wno-unused-parameter -Wno-unused-result -Wimplicit-fallthrough -Wmisleading-indentation -fno-strict-aliasing -fno-builtin-memset -Wno-attributes   -I. -I/c/ap13-dcb/openssh-msys-canonical-05/src -I"/c/ap13-dcb/openssh-msys-canonical-05/build/openbsd-compat/include" -I/c/ap13-dcb/openssl-msys-canonical-02/openssl-release-sdk-01/include -I/c/Users/crutkasLocal/.copilot/session-state/f6ea7713-2cec-41d5-b3f9-b4373e60fa33/files/resume-20260907/zlib-msys-01/stage/usr/include -I/c/ap13-dcb/openssl-msys-canonical-02/openssl-release-sdk-01/include -I/c/Users/crutkasLocal/.copilot/session-state/f6ea7713-2cec-41d5-b3f9-b4373e60fa33/files/resume-20260907/zlib-msys-01/stage/usr/include -I/c/ag-e138920f/ssh-libxcrypt-msys-02/stage/usr/include -DSSHDIR=\"/etc/ssh\" -D_PATH_SSH_PROGRAM=\"/usr/bin/ssh\" -D_PATH_SSH_ASKPASS_DEFAULT=\"/usr/lib/ssh/ssh-askpass\" -D_PATH_SFTP_SERVER=\"/usr/lib/ssh/sftp-server\" -D_PATH_SSH_KEY_SIGN=\"/usr/lib/ssh/ssh-keysign\" -D_PATH_SSHD_SESSION=\"/usr/lib/ssh/sshd-session\" -D_PATH_SSHD_AUTH=\"/usr/lib/ssh/sshd-auth\" -D_PATH_SSH_PKCS11_HELPER=\"/usr/lib/ssh/ssh-pkcs11-helper\" -D_PATH_SSH_SK_HELPER=\"/usr/lib/ssh/ssh-sk-helper\" -D_PATH_SSH_PIDDIR=\"/etc/ssh\" -D_PATH_PRIVSEP_CHROOT_DIR=\"/var/empty\" -DHAVE_CONFIG_H -c /c/ap13-dcb/openssh-msys-canonical-05/src/hmac.c -o hmac.o
/c/Users/crutkasLocal/.copilot/repos/copilot-worktrees/msys2-woarm64-build/crutkas-didactic-waffle/.github/scripts/msys-openssh-release-gcc -g -O2 -pipe -Wno-error=format-truncation -Wall -Wextra -Wpointer-arith -Wuninitialized -Wsign-compare -Wformat-security -Wsizeof-pointer-memaccess -Wno-pointer-sign -Wno-unused-parameter -Wno-unused-result -Wimplicit-fallthrough -Wmisleading-indentation -fno-strict-aliasing -fno-builtin-memset -Wno-attributes   -I. -I/c/ap13-dcb/openssh-msys-canonical-05/src -I"/c/ap13-dcb/openssh-msys-canonical-05/build/openbsd-compat/include" -I/c/ap13-dcb/openssl-msys-canonical-02/openssl-release-sdk-01/include -I/c/Users/crutkasLocal/.copilot/session-state/f6ea7713-2cec-41d5-b3f9-b4373e60fa33/files/resume-20260907/zlib-msys-01/stage/usr/include -I/c/ap13-dcb/openssl-msys-canonical-02/openssl-release-sdk-01/include -I/c/Users/crutkasLocal/.copilot/session-state/f6ea7713-2cec-41d5-b3f9-b4373e60fa33/files/resume-20260907/zlib-msys-01/stage/usr/include -I/c/ag-e138920f/ssh-libxcrypt-msys-02/stage/usr/include -DSSHDIR=\"/etc/ssh\" -D_PATH_SSH_PROGRAM=\"/usr/bin/ssh\" -D_PATH_SSH_ASKPASS_DEFAULT=\"/usr/lib/ssh/ssh-askpass\" -D_PATH_SFTP_SERVER=\"/usr/lib/ssh/sftp-server\" -D_PATH_SSH_KEY_SIGN=\"/usr/lib/ssh/ssh-keysign\" -D_PATH_SSHD_SESSION=\"/usr/lib/ssh/sshd-session\" -D_PATH_SSHD_AUTH=\"/usr/lib/ssh/sshd-auth\" -D_PATH_SSH_PKCS11_HELPER=\"/usr/lib/ssh/ssh-pkcs11-helper\" -D_PATH_SSH_SK_HELPER=\"/usr/lib/ssh/ssh-sk-helper\" -D_PATH_SSH_PIDDIR=\"/etc/ssh\" -D_PATH_PRIVSEP_CHROOT_DIR=\"/var/empty\" -DHAVE_CONFIG_H -c /c/ap13-dcb/openssh-msys-canonical-05/src/ed25519.c -o ed25519.o
/c/Users/crutkasLocal/.copilot/repos/copilot-worktrees/msys2-woarm64-build/crutkas-didactic-waffle/.github/scripts/msys-openssh-release-gcc -g -O2 -pipe -Wno-error=format-truncation -Wall -Wextra -Wpointer-arith -Wuninitialized -Wsign-compare -Wformat-security -Wsizeof-pointer-memaccess -Wno-pointer-sign -Wno-unused-parameter -Wno-unused-result -Wimplicit-fallthrough -Wmisleading-indentation -fno-strict-aliasing -fno-builtin-memset -Wno-attributes   -I. -I/c/ap13-dcb/openssh-msys-canonical-05/src -I"/c/ap13-dcb/openssh-msys-canonical-05/build/openbsd-compat/include" -I/c/ap13-dcb/openssl-msys-canonical-02/openssl-release-sdk-01/include -I/c/Users/crutkasLocal/.copilot/session-state/f6ea7713-2cec-41d5-b3f9-b4373e60fa33/files/resume-20260907/zlib-msys-01/stage/usr/include -I/c/ap13-dcb/openssl-msys-canonical-02/openssl-release-sdk-01/include -I/c/Users/crutkasLocal/.copilot/session-state/f6ea7713-2cec-41d5-b3f9-b4373e60fa33/files/resume-20260907/zlib-msys-01/stage/usr/include -I/c/ag-e138920f/ssh-libxcrypt-msys-02/stage/usr/include -DSSHDIR=\"/etc/ssh\" -D_PATH_SSH_PROGRAM=\"/usr/bin/ssh\" -D_PATH_SSH_ASKPASS_DEFAULT=\"/usr/lib/ssh/ssh-askpass\" -D_PATH_SFTP_SERVER=\"/usr/lib/ssh/sftp-server\" -D_PATH_SSH_KEY_SIGN=\"/usr/lib/ssh/ssh-keysign\" -D_PATH_SSHD_SESSION=\"/usr/lib/ssh/sshd-session\" -D_PATH_SSHD_AUTH=\"/usr/lib/ssh/sshd-auth\" -D_PATH_SSH_PKCS11_HELPER=\"/usr/lib/ssh/ssh-pkcs11-helper\" -D_PATH_SSH_SK_HELPER=\"/usr/lib/ssh/ssh-sk-helper\" -D_PATH_SSH_PIDDIR=\"/etc/ssh\" -D_PATH_PRIVSEP_CHROOT_DIR=\"/var/empty\" -DHAVE_CONFIG_H -c /c/ap13-dcb/openssh-msys-canonical-05/src/ed25519-openssl.c -o ed25519-openssl.o
/c/Users/crutkasLocal/.copilot/repos/copilot-worktrees/msys2-woarm64-build/crutkas-didactic-waffle/.github/scripts/msys-openssh-release-gcc -g -O2 -pipe -Wno-error=format-truncation -Wall -Wextra -Wpointer-arith -Wuninitialized -Wsign-compare -Wformat-security -Wsizeof-pointer-memaccess -Wno-pointer-sign -Wno-unused-parameter -Wno-unused-result -Wimplicit-fallthrough -Wmisleading-indentation -fno-strict-aliasing -fno-builtin-memset -Wno-attributes   -I. -I/c/ap13-dcb/openssh-msys-canonical-05/src -I"/c/ap13-dcb/openssh-msys-canonical-05/build/openbsd-compat/include" -I/c/ap13-dcb/openssl-msys-canonical-02/openssl-release-sdk-01/include -I/c/Users/crutkasLocal/.copilot/session-state/f6ea7713-2cec-41d5-b3f9-b4373e60fa33/files/resume-20260907/zlib-msys-01/stage/usr/include -I/c/ap13-dcb/openssl-msys-canonical-02/openssl-release-sdk-01/include -I/c/Users/crutkasLocal/.copilot/session-state/f6ea7713-2cec-41d5-b3f9-b4373e60fa33/files/resume-20260907/zlib-msys-01/stage/usr/include -I/c/ag-e138920f/ssh-libxcrypt-msys-02/stage/usr/include -DSSHDIR=\"/etc/ssh\" -D_PATH_SSH_PROGRAM=\"/usr/bin/ssh\" -D_PATH_SSH_ASKPASS_DEFAULT=\"/usr/lib/ssh/ssh-askpass\" -D_PATH_SFTP_SERVER=\"/usr/lib/ssh/sftp-server\" -D_PATH_SSH_KEY_SIGN=\"/usr/lib/ssh/ssh-keysign\" -D_PATH_SSHD_SESSION=\"/usr/lib/ssh/sshd-session\" -D_PATH_SSHD_AUTH=\"/usr/lib/ssh/sshd-auth\" -D_PATH_SSH_PKCS11_HELPER=\"/usr/lib/ssh/ssh-pkcs11-helper\" -D_PATH_SSH_SK_HELPER=\"/usr/lib/ssh/ssh-sk-helper\" -D_PATH_SSH_PIDDIR=\"/etc/ssh\" -D_PATH_PRIVSEP_CHROOT_DIR=\"/var/empty\" -DHAVE_CONFIG_H -c /c/ap13-dcb/openssh-msys-canonical-05/src/kex.c -o kex.o
C:/ap13-dcb/openssh-msys-canonical-05/src/kex.c: In function 'kex_free':
C:/ap13-dcb/openssh-msys-canonical-05/src/kex.c:734:9: warning: 'DH_free' is deprecated: Since OpenSSL 3.0 [-Wdeprecated-declarations]
  734 |         DH_free(kex->dh);
      |         ^~~~~~~
In file included from C:/ap13-dcb/openssh-msys-canonical-05/src/kex.c:39:
C:/ap13-dcb/openssl-msys-canonical-02/openssl-release-sdk-01/include/openssl/dh.h:211:28: note: declared here
  211 | OSSL_DEPRECATEDIN_3_0 void DH_free(DH *dh);
      |                            ^~~~~~~
C:/ap13-dcb/openssh-msys-canonical-05/src/kex.c:735:9: warning: 'EC_KEY_free' is deprecated: Since OpenSSL 3.0 [-Wdeprecated-declarations]
  735 |         EC_KEY_free(kex->ec_client_key);
      |         ^~~~~~~~~~~
In file included from C:/ap13-dcb/openssh-msys-canonical-05/src/packet.h:27,
                 from C:/ap13-dcb/openssh-msys-canonical-05/src/kex.c:46:
C:/ap13-dcb/openssl-msys-canonical-02/openssl-release-sdk-01/include/openssl/ec.h:1014:28: note: declared here
 1014 | OSSL_DEPRECATEDIN_3_0 void EC_KEY_free(EC_KEY *key);
      |                            ^~~~~~~~~~~
/c/Users/crutkasLocal/.copilot/repos/copilot-worktrees/msys2-woarm64-build/crutkas-didactic-waffle/.github/scripts/msys-openssh-release-gcc -g -O2 -pipe -Wno-error=format-truncation -Wall -Wextra -Wpointer-arith -Wuninitialized -Wsign-compare -Wformat-security -Wsizeof-pointer-memaccess -Wno-pointer-sign -Wno-unused-parameter -Wno-unused-result -Wimplicit-fallthrough -Wmisleading-indentation -fno-strict-aliasing -fno-builtin-memset -Wno-attributes   -I. -I/c/ap13-dcb/openssh-msys-canonical-05/src -I"/c/ap13-dcb/openssh-msys-canonical-05/build/openbsd-compat/include" -I/c/ap13-dcb/openssl-msys-canonical-02/openssl-release-sdk-01/include -I/c/Users/crutkasLocal/.copilot/session-state/f6ea7713-2cec-41d5-b3f9-b4373e60fa33/files/resume-20260907/zlib-msys-01/stage/usr/include -I/c/ap13-dcb/openssl-msys-canonical-02/openssl-release-sdk-01/include -I/c/Users/crutkasLocal/.copilot/session-state/f6ea7713-2cec-41d5-b3f9-b4373e60fa33/files/resume-20260907/zlib-msys-01/stage/usr/include -I/c/ag-e138920f/ssh-libxcrypt-msys-02/stage/usr/include -DSSHDIR=\"/etc/ssh\" -D_PATH_SSH_PROGRAM=\"/usr/bin/ssh\" -D_PATH_SSH_ASKPASS_DEFAULT=\"/usr/lib/ssh/ssh-askpass\" -D_PATH_SFTP_SERVER=\"/usr/lib/ssh/sftp-server\" -D_PATH_SSH_KEY_SIGN=\"/usr/lib/ssh/ssh-keysign\" -D_PATH_SSHD_SESSION=\"/usr/lib/ssh/sshd-session\" -D_PATH_SSHD_AUTH=\"/usr/lib/ssh/sshd-auth\" -D_PATH_SSH_PKCS11_HELPER=\"/usr/lib/ssh/ssh-pkcs11-helper\" -D_PATH_SSH_SK_HELPER=\"/usr/lib/ssh/ssh-sk-helper\" -D_PATH_SSH_PIDDIR=\"/etc/ssh\" -D_PATH_PRIVSEP_CHROOT_DIR=\"/var/empty\" -DHAVE_CONFIG_H -c /c/ap13-dcb/openssh-msys-canonical-05/src/kex-names.c -o kex-names.o
/c/Users/crutkasLocal/.copilot/repos/copilot-worktrees/msys2-woarm64-build/crutkas-didactic-waffle/.github/scripts/msys-openssh-release-gcc -g -O2 -pipe -Wno-error=format-truncation -Wall -Wextra -Wpointer-arith -Wuninitialized -Wsign-compare -Wformat-security -Wsizeof-pointer-memaccess -Wno-pointer-sign -Wno-unused-parameter -Wno-unused-result -Wimplicit-fallthrough -Wmisleading-indentation -fno-strict-aliasing -fno-builtin-memset -Wno-attributes   -I. -I/c/ap13-dcb/openssh-msys-canonical-05/src -I"/c/ap13-dcb/openssh-msys-canonical-05/build/openbsd-compat/include" -I/c/ap13-dcb/openssl-msys-canonical-02/openssl-release-sdk-01/include -I/c/Users/crutkasLocal/.copilot/session-state/f6ea7713-2cec-41d5-b3f9-b4373e60fa33/files/resume-20260907/zlib-msys-01/stage/usr/include -I/c/ap13-dcb/openssl-msys-canonical-02/openssl-release-sdk-01/include -I/c/Users/crutkasLocal/.copilot/session-state/f6ea7713-2cec-41d5-b3f9-b4373e60fa33/files/resume-20260907/zlib-msys-01/stage/usr/include -I/c/ag-e138920f/ssh-libxcrypt-msys-02/stage/usr/include -DSSHDIR=\"/etc/ssh\" -D_PATH_SSH_PROGRAM=\"/usr/bin/ssh\" -D_PATH_SSH_ASKPASS_DEFAULT=\"/usr/lib/ssh/ssh-askpass\" -D_PATH_SFTP_SERVER=\"/usr/lib/ssh/sftp-server\" -D_PATH_SSH_KEY_SIGN=\"/usr/lib/ssh/ssh-keysign\" -D_PATH_SSHD_SESSION=\"/usr/lib/ssh/sshd-session\" -D_PATH_SSHD_AUTH=\"/usr/lib/ssh/sshd-auth\" -D_PATH_SSH_PKCS11_HELPER=\"/usr/lib/ssh/ssh-pkcs11-helper\" -D_PATH_SSH_SK_HELPER=\"/usr/lib/ssh/ssh-sk-helper\" -D_PATH_SSH_PIDDIR=\"/etc/ssh\" -D_PATH_PRIVSEP_CHROOT_DIR=\"/var/empty\" -DHAVE_CONFIG_H -c /c/ap13-dcb/openssh-msys-canonical-05/src/kexdh.c -o kexdh.o
C:/ap13-dcb/openssh-msys-canonical-05/src/kexdh.c: In function 'kex_dh_compute_key':
C:/ap13-dcb/openssh-msys-canonical-05/src/kexdh.c:91:9: warning: 'DH_size' is deprecated: Since OpenSSL 3.0 [-Wdeprecated-declarations]
   91 |         klen = DH_size(kex->dh);
      |         ^~~~
In file included from C:/ap13-dcb/openssh-msys-canonical-05/src/openbsd-compat/openssl-compat.h:29,
                 from C:/ap13-dcb/openssh-msys-canonical-05/src/kexdh.c:29:
C:/ap13-dcb/openssl-msys-canonical-02/openssl-release-sdk-01/include/openssl/dh.h:214:27: note: declared here
  214 | OSSL_DEPRECATEDIN_3_0 int DH_size(const DH *dh);
      |                           ^~~~~~~
C:/ap13-dcb/openssh-msys-canonical-05/src/kexdh.c:97:9: warning: 'DH_compute_key' is deprecated: Since OpenSSL 3.0 [-Wdeprecated-declarations]
   97 |         if ((kout = DH_compute_key(kbuf, dh_pub, kex->dh)) < 0 ||
      |         ^~
C:/ap13-dcb/openssl-msys-canonical-02/openssl-release-sdk-01/include/openssl/dh.h:235:27: note: declared here
  235 | OSSL_DEPRECATEDIN_3_0 int DH_compute_key(unsigned char *key,
      |                           ^~~~~~~~~~~~~~
C:/ap13-dcb/openssh-msys-canonical-05/src/kexdh.c: In function 'kex_dh_keypair':
C:/ap13-dcb/openssh-msys-canonical-05/src/kexdh.c:121:9: warning: 'DH_get0_key' is deprecated: Since OpenSSL 3.0 [-Wdeprecated-declarations]
  121 |         DH_get0_key(kex->dh, &pub_key, NULL);
      |         ^~~~~~~~~~~
C:/ap13-dcb/openssl-msys-canonical-02/openssl-release-sdk-01/include/openssl/dh.h:267:28: note: declared here
  267 | OSSL_DEPRECATEDIN_3_0 void DH_get0_key(const DH *dh, const BIGNUM **pub_key,
      |                            ^~~~~~~~~~~
C:/ap13-dcb/openssh-msys-canonical-05/src/kexdh.c: In function 'kex_dh_enc':
C:/ap13-dcb/openssh-msys-canonical-05/src/kexdh.c:153:9: warning: 'DH_get0_key' is deprecated: Since OpenSSL 3.0 [-Wdeprecated-declarations]
  153 |         DH_get0_key(kex->dh, &pub_key, NULL);
      |         ^~~~~~~~~~~
C:/ap13-dcb/openssl-msys-canonical-02/openssl-release-sdk-01/include/openssl/dh.h:267:28: note: declared here
  267 | OSSL_DEPRECATEDIN_3_0 void DH_get0_key(const DH *dh, const BIGNUM **pub_key,
      |                            ^~~~~~~~~~~
C:/ap13-dcb/openssh-msys-canonical-05/src/kexdh.c:166:9: warning: 'DH_free' is deprecated: Since OpenSSL 3.0 [-Wdeprecated-declarations]
  166 |         DH_free(kex->dh);
      |         ^~~~~~~
C:/ap13-dcb/openssl-msys-canonical-02/openssl-release-sdk-01/include/openssl/dh.h:211:28: note: declared here
  211 | OSSL_DEPRECATEDIN_3_0 void DH_free(DH *dh);
      |                            ^~~~~~~
C:/ap13-dcb/openssh-msys-canonical-05/src/kexdh.c: In function 'kex_dh_dec':
C:/ap13-dcb/openssh-msys-canonical-05/src/kexdh.c:196:9: warning: 'DH_free' is deprecated: Since OpenSSL 3.0 [-Wdeprecated-declarations]
  196 |         DH_free(kex->dh);
      |         ^~~~~~~
C:/ap13-dcb/openssl-msys-canonical-02/openssl-release-sdk-01/include/openssl/dh.h:211:28: note: declared here
  211 | OSSL_DEPRECATEDIN_3_0 void DH_free(DH *dh);
      |                            ^~~~~~~
/c/Users/crutkasLocal/.copilot/repos/copilot-worktrees/msys2-woarm64-build/crutkas-didactic-waffle/.github/scripts/msys-openssh-release-gcc -g -O2 -pipe -Wno-error=format-truncation -Wall -Wextra -Wpointer-arith -Wuninitialized -Wsign-compare -Wformat-security -Wsizeof-pointer-memaccess -Wno-pointer-sign -Wno-unused-parameter -Wno-unused-result -Wimplicit-fallthrough -Wmisleading-indentation -fno-strict-aliasing -fno-builtin-memset -Wno-attributes   -I. -I/c/ap13-dcb/openssh-msys-canonical-05/src -I"/c/ap13-dcb/openssh-msys-canonical-05/build/openbsd-compat/include" -I/c/ap13-dcb/openssl-msys-canonical-02/openssl-release-sdk-01/include -I/c/Users/crutkasLocal/.copilot/session-state/f6ea7713-2cec-41d5-b3f9-b4373e60fa33/files/resume-20260907/zlib-msys-01/stage/usr/include -I/c/ap13-dcb/openssl-msys-canonical-02/openssl-release-sdk-01/include -I/c/Users/crutkasLocal/.copilot/session-state/f6ea7713-2cec-41d5-b3f9-b4373e60fa33/files/resume-20260907/zlib-msys-01/stage/usr/include -I/c/ag-e138920f/ssh-libxcrypt-msys-02/stage/usr/include -DSSHDIR=\"/etc/ssh\" -D_PATH_SSH_PROGRAM=\"/usr/bin/ssh\" -D_PATH_SSH_ASKPASS_DEFAULT=\"/usr/lib/ssh/ssh-askpass\" -D_PATH_SFTP_SERVER=\"/usr/lib/ssh/sftp-server\" -D_PATH_SSH_KEY_SIGN=\"/usr/lib/ssh/ssh-keysign\" -D_PATH_SSHD_SESSION=\"/usr/lib/ssh/sshd-session\" -D_PATH_SSHD_AUTH=\"/usr/lib/ssh/sshd-auth\" -D_PATH_SSH_PKCS11_HELPER=\"/usr/lib/ssh/ssh-pkcs11-helper\" -D_PATH_SSH_SK_HELPER=\"/usr/lib/ssh/ssh-sk-helper\" -D_PATH_SSH_PIDDIR=\"/etc/ssh\" -D_PATH_PRIVSEP_CHROOT_DIR=\"/var/empty\" -DHAVE_CONFIG_H -c /c/ap13-dcb/openssh-msys-canonical-05/src/kexgex.c -o kexgex.o
/c/Users/crutkasLocal/.copilot/repos/copilot-worktrees/msys2-woarm64-build/crutkas-didactic-waffle/.github/scripts/msys-openssh-release-gcc -g -O2 -pipe -Wno-error=format-truncation -Wall -Wextra -Wpointer-arith -Wuninitialized -Wsign-compare -Wformat-security -Wsizeof-pointer-memaccess -Wno-pointer-sign -Wno-unused-parameter -Wno-unused-result -Wimplicit-fallthrough -Wmisleading-indentation -fno-strict-aliasing -fno-builtin-memset -Wno-attributes   -I. -I/c/ap13-dcb/openssh-msys-canonical-05/src -I"/c/ap13-dcb/openssh-msys-canonical-05/build/openbsd-compat/include" -I/c/ap13-dcb/openssl-msys-canonical-02/openssl-release-sdk-01/include -I/c/Users/crutkasLocal/.copilot/session-state/f6ea7713-2cec-41d5-b3f9-b4373e60fa33/files/resume-20260907/zlib-msys-01/stage/usr/include -I/c/ap13-dcb/openssl-msys-canonical-02/openssl-release-sdk-01/include -I/c/Users/crutkasLocal/.copilot/session-state/f6ea7713-2cec-41d5-b3f9-b4373e60fa33/files/resume-20260907/zlib-msys-01/stage/usr/include -I/c/ag-e138920f/ssh-libxcrypt-msys-02/stage/usr/include -DSSHDIR=\"/etc/ssh\" -D_PATH_SSH_PROGRAM=\"/usr/bin/ssh\" -D_PATH_SSH_ASKPASS_DEFAULT=\"/usr/lib/ssh/ssh-askpass\" -D_PATH_SFTP_SERVER=\"/usr/lib/ssh/sftp-server\" -D_PATH_SSH_KEY_SIGN=\"/usr/lib/ssh/ssh-keysign\" -D_PATH_SSHD_SESSION=\"/usr/lib/ssh/sshd-session\" -D_PATH_SSHD_AUTH=\"/usr/lib/ssh/sshd-auth\" -D_PATH_SSH_PKCS11_HELPER=\"/usr/lib/ssh/ssh-pkcs11-helper\" -D_PATH_SSH_SK_HELPER=\"/usr/lib/ssh/ssh-sk-helper\" -D_PATH_SSH_PIDDIR=\"/etc/ssh\" -D_PATH_PRIVSEP_CHROOT_DIR=\"/var/empty\" -DHAVE_CONFIG_H -c /c/ap13-dcb/openssh-msys-canonical-05/src/kexecdh.c -o kexecdh.o
C:/ap13-dcb/openssh-msys-canonical-05/src/kexecdh.c: In function 'kex_ecdh_keypair':
C:/ap13-dcb/openssh-msys-canonical-05/src/kexecdh.c:53:9: warning: 'EC_KEY_new_by_curve_name' is deprecated: Since OpenSSL 3.0 [-Wdeprecated-declarations]
   53 |         if ((client_key = EC_KEY_new_by_curve_name(kex->ec_nid)) == NULL) {
      |         ^~
In file included from C:/ap13-dcb/openssl-msys-canonical-02/openssl-release-sdk-01/include/openssl/ecdh.h:10,
                 from C:/ap13-dcb/openssh-msys-canonical-05/src/kexecdh.c:37:
C:/ap13-dcb/openssl-msys-canonical-02/openssl-release-sdk-01/include/openssl/ec.h:1009:31: note: declared here
 1009 | OSSL_DEPRECATEDIN_3_0 EC_KEY *EC_KEY_new_by_curve_name(int nid);
      |                               ^~~~~~~~~~~~~~~~~~~~~~~~
C:/ap13-dcb/openssh-msys-canonical-05/src/kexecdh.c:57:9: warning: 'EC_KEY_generate_key' is deprecated: Since OpenSSL 3.0 [-Wdeprecated-declarations]
   57 |         if (EC_KEY_generate_key(client_key) != 1) {
      |         ^~
C:/ap13-dcb/openssl-msys-canonical-02/openssl-release-sdk-01/include/openssl/ec.h:1112:27: note: declared here
 1112 | OSSL_DEPRECATEDIN_3_0 int EC_KEY_generate_key(EC_KEY *key);
      |                           ^~~~~~~~~~~~~~~~~~~
C:/ap13-dcb/openssh-msys-canonical-05/src/kexecdh.c:61:9: warning: 'EC_KEY_get0_group' is deprecated: Since OpenSSL 3.0 [-Wdeprecated-declarations]
   61 |         group = EC_KEY_get0_group(client_key);
      |         ^~~~~
C:/ap13-dcb/openssl-msys-canonical-02/openssl-release-sdk-01/include/openssl/ec.h:1045:39: note: declared here
 1045 | OSSL_DEPRECATEDIN_3_0 const EC_GROUP *EC_KEY_get0_group(const EC_KEY *key);
      |                                       ^~~~~~~~~~~~~~~~~
C:/ap13-dcb/openssh-msys-canonical-05/src/kexecdh.c:62:9: warning: 'EC_KEY_get0_public_key' is deprecated: Since OpenSSL 3.0 [-Wdeprecated-declarations]
   62 |         public_key = EC_KEY_get0_public_key(client_key);
      |         ^~~~~~~~~~
C:/ap13-dcb/openssl-msys-canonical-02/openssl-release-sdk-01/include/openssl/ec.h:1073:39: note: declared here
 1073 | OSSL_DEPRECATEDIN_3_0 const EC_POINT *EC_KEY_get0_public_key(const EC_KEY *key);
      |                                       ^~~~~~~~~~~~~~~~~~~~~~
C:/ap13-dcb/openssh-msys-canonical-05/src/kexecdh.c:81:9: warning: 'EC_KEY_free' is deprecated: Since OpenSSL 3.0 [-Wdeprecated-declarations]
   81 |         EC_KEY_free(client_key);
      |         ^~~~~~~~~~~
C:/ap13-dcb/openssl-msys-canonical-02/openssl-release-sdk-01/include/openssl/ec.h:1014:28: note: declared here
 1014 | OSSL_DEPRECATEDIN_3_0 void EC_KEY_free(EC_KEY *key);
      |                            ^~~~~~~~~~~
C:/ap13-dcb/openssh-msys-canonical-05/src/kexecdh.c: In function 'kex_ecdh_enc':
C:/ap13-dcb/openssh-msys-canonical-05/src/kexecdh.c:99:9: warning: 'EC_KEY_new_by_curve_name' is deprecated: Since OpenSSL 3.0 [-Wdeprecated-declarations]
   99 |         if ((server_key = EC_KEY_new_by_curve_name(kex->ec_nid)) == NULL) {
      |         ^~
C:/ap13-dcb/openssl-msys-canonical-02/openssl-release-sdk-01/include/openssl/ec.h:1009:31: note: declared here
 1009 | OSSL_DEPRECATEDIN_3_0 EC_KEY *EC_KEY_new_by_curve_name(int nid);
      |                               ^~~~~~~~~~~~~~~~~~~~~~~~
C:/ap13-dcb/openssh-msys-canonical-05/src/kexecdh.c:103:9: warning: 'EC_KEY_generate_key' is deprecated: Since OpenSSL 3.0 [-Wdeprecated-declarations]
  103 |         if (EC_KEY_generate_key(server_key) != 1) {
      |         ^~
C:/ap13-dcb/openssl-msys-canonical-02/openssl-release-sdk-01/include/openssl/ec.h:1112:27: note: declared here
 1112 | OSSL_DEPRECATEDIN_3_0 int EC_KEY_generate_key(EC_KEY *key);
      |                           ^~~~~~~~~~~~~~~~~~~
C:/ap13-dcb/openssh-msys-canonical-05/src/kexecdh.c:107:9: warning: 'EC_KEY_get0_group' is deprecated: Since OpenSSL 3.0 [-Wdeprecated-declarations]
  107 |         group = EC_KEY_get0_group(server_key);
      |         ^~~~~
C:/ap13-dcb/openssl-msys-canonical-02/openssl-release-sdk-01/include/openssl/ec.h:1045:39: note: declared here
 1045 | OSSL_DEPRECATEDIN_3_0 const EC_GROUP *EC_KEY_get0_group(const EC_KEY *key);
      |                                       ^~~~~~~~~~~~~~~~~
C:/ap13-dcb/openssh-msys-canonical-05/src/kexecdh.c:113:9: warning: 'EC_KEY_get0_public_key' is deprecated: Since OpenSSL 3.0 [-Wdeprecated-declarations]
  113 |         pub_key = EC_KEY_get0_public_key(server_key);
      |         ^~~~~~~
C:/ap13-dcb/openssl-msys-canonical-02/openssl-release-sdk-01/include/openssl/ec.h:1073:39: note: declared here
 1073 | OSSL_DEPRECATEDIN_3_0 const EC_POINT *EC_KEY_get0_public_key(const EC_KEY *key);
      |                                       ^~~~~~~~~~~~~~~~~~~~~~
C:/ap13-dcb/openssh-msys-canonical-05/src/kexecdh.c:127:9: warning: 'EC_KEY_free' is deprecated: Since OpenSSL 3.0 [-Wdeprecated-declarations]
  127 |         EC_KEY_free(server_key);
      |         ^~~~~~~~~~~
C:/ap13-dcb/openssl-msys-canonical-02/openssl-release-sdk-01/include/openssl/ec.h:1014:28: note: declared here
 1014 | OSSL_DEPRECATEDIN_3_0 void EC_KEY_free(EC_KEY *key);
      |                            ^~~~~~~~~~~
C:/ap13-dcb/openssh-msys-canonical-05/src/kexecdh.c: In function 'kex_ecdh_dec_key_group':
C:/ap13-dcb/openssh-msys-canonical-05/src/kexecdh.c:173:9: warning: 'ECDH_compute_key' is deprecated: Since OpenSSL 3.0 [-Wdeprecated-declarations]
  173 |         if (ECDH_compute_key(kbuf, klen, dh_pub, key, NULL) != (int)klen) {
      |         ^~
C:/ap13-dcb/openssl-msys-canonical-02/openssl-release-sdk-01/include/openssl/ec.h:1307:27: note: declared here
 1307 | OSSL_DEPRECATEDIN_3_0 int ECDH_compute_key(void *out, size_t outlen,
      |                           ^~~~~~~~~~~~~~~~
C:/ap13-dcb/openssh-msys-canonical-05/src/kexecdh.c: In function 'kex_ecdh_dec':
C:/ap13-dcb/openssh-msys-canonical-05/src/kexecdh.c:213:9: warning: 'EC_KEY_free' is deprecated: Since OpenSSL 3.0 [-Wdeprecated-declarations]
  213 |         EC_KEY_free(kex->ec_client_key);
      |         ^~~~~~~~~~~
C:/ap13-dcb/openssl-msys-canonical-02/openssl-release-sdk-01/include/openssl/ec.h:1014:28: note: declared here
 1014 | OSSL_DEPRECATEDIN_3_0 void EC_KEY_free(EC_KEY *key);
      |                            ^~~~~~~~~~~
/c/Users/crutkasLocal/.copilot/repos/copilot-worktrees/msys2-woarm64-build/crutkas-didactic-waffle/.github/scripts/msys-openssh-release-gcc -g -O2 -pipe -Wno-error=format-truncation -Wall -Wextra -Wpointer-arith -Wuninitialized -Wsign-compare -Wformat-security -Wsizeof-pointer-memaccess -Wno-pointer-sign -Wno-unused-parameter -Wno-unused-result -Wimplicit-fallthrough -Wmisleading-indentation -fno-strict-aliasing -fno-builtin-memset -Wno-attributes   -I. -I/c/ap13-dcb/openssh-msys-canonical-05/src -I"/c/ap13-dcb/openssh-msys-canonical-05/build/openbsd-compat/include" -I/c/ap13-dcb/openssl-msys-canonical-02/openssl-release-sdk-01/include -I/c/Users/crutkasLocal/.copilot/session-state/f6ea7713-2cec-41d5-b3f9-b4373e60fa33/files/resume-20260907/zlib-msys-01/stage/usr/include -I/c/ap13-dcb/openssl-msys-canonical-02/openssl-release-sdk-01/include -I/c/Users/crutkasLocal/.copilot/session-state/f6ea7713-2cec-41d5-b3f9-b4373e60fa33/files/resume-20260907/zlib-msys-01/stage/usr/include -I/c/ag-e138920f/ssh-libxcrypt-msys-02/stage/usr/include -DSSHDIR=\"/etc/ssh\" -D_PATH_SSH_PROGRAM=\"/usr/bin/ssh\" -D_PATH_SSH_ASKPASS_DEFAULT=\"/usr/lib/ssh/ssh-askpass\" -D_PATH_SFTP_SERVER=\"/usr/lib/ssh/sftp-server\" -D_PATH_SSH_KEY_SIGN=\"/usr/lib/ssh/ssh-keysign\" -D_PATH_SSHD_SESSION=\"/usr/lib/ssh/sshd-session\" -D_PATH_SSHD_AUTH=\"/usr/lib/ssh/sshd-auth\" -D_PATH_SSH_PKCS11_HELPER=\"/usr/lib/ssh/ssh-pkcs11-helper\" -D_PATH_SSH_SK_HELPER=\"/usr/lib/ssh/ssh-sk-helper\" -D_PATH_SSH_PIDDIR=\"/etc/ssh\" -D_PATH_PRIVSEP_CHROOT_DIR=\"/var/empty\" -DHAVE_CONFIG_H -c /c/ap13-dcb/openssh-msys-canonical-05/src/kexc25519.c -o kexc25519.o
/c/Users/crutkasLocal/.copilot/repos/copilot-worktrees/msys2-woarm64-build/crutkas-didactic-waffle/.github/scripts/msys-openssh-release-gcc -g -O2 -pipe -Wno-error=format-truncation -Wall -Wextra -Wpointer-arith -Wuninitialized -Wsign-compare -Wformat-security -Wsizeof-pointer-memaccess -Wno-pointer-sign -Wno-unused-parameter -Wno-unused-result -Wimplicit-fallthrough -Wmisleading-indentation -fno-strict-aliasing -fno-builtin-memset -Wno-attributes   -I. -I/c/ap13-dcb/openssh-msys-canonical-05/src -I"/c/ap13-dcb/openssh-msys-canonical-05/build/openbsd-compat/include" -I/c/ap13-dcb/openssl-msys-canonical-02/openssl-release-sdk-01/include -I/c/Users/crutkasLocal/.copilot/session-state/f6ea7713-2cec-41d5-b3f9-b4373e60fa33/files/resume-20260907/zlib-msys-01/stage/usr/include -I/c/ap13-dcb/openssl-msys-canonical-02/openssl-release-sdk-01/include -I/c/Users/crutkasLocal/.copilot/session-state/f6ea7713-2cec-41d5-b3f9-b4373e60fa33/files/resume-20260907/zlib-msys-01/stage/usr/include -I/c/ag-e138920f/ssh-libxcrypt-msys-02/stage/usr/include -DSSHDIR=\"/etc/ssh\" -D_PATH_SSH_PROGRAM=\"/usr/bin/ssh\" -D_PATH_SSH_ASKPASS_DEFAULT=\"/usr/lib/ssh/ssh-askpass\" -D_PATH_SFTP_SERVER=\"/usr/lib/ssh/sftp-server\" -D_PATH_SSH_KEY_SIGN=\"/usr/lib/ssh/ssh-keysign\" -D_PATH_SSHD_SESSION=\"/usr/lib/ssh/sshd-session\" -D_PATH_SSHD_AUTH=\"/usr/lib/ssh/sshd-auth\" -D_PATH_SSH_PKCS11_HELPER=\"/usr/lib/ssh/ssh-pkcs11-helper\" -D_PATH_SSH_SK_HELPER=\"/usr/lib/ssh/ssh-sk-helper\" -D_PATH_SSH_PIDDIR=\"/etc/ssh\" -D_PATH_PRIVSEP_CHROOT_DIR=\"/var/empty\" -DHAVE_CONFIG_H -c /c/ap13-dcb/openssh-msys-canonical-05/src/kexgexc.c -o kexgexc.o
C:/ap13-dcb/openssh-msys-canonical-05/src/kexgexc.c: In function 'input_kex_dh_gex_group':
C:/ap13-dcb/openssh-msys-canonical-05/src/kexgexc.c:122:9: warning: 'DH_get0_key' is deprecated: Since OpenSSL 3.0 [-Wdeprecated-declarations]
  122 |         DH_get0_key(kex->dh, &pub_key, NULL);
      |         ^~~~~~~~~~~
In file included from C:/ap13-dcb/openssh-msys-canonical-05/src/openbsd-compat/openssl-compat.h:29,
                 from C:/ap13-dcb/openssh-msys-canonical-05/src/kexgexc.c:30:
C:/ap13-dcb/openssl-msys-canonical-02/openssl-release-sdk-01/include/openssl/dh.h:267:28: note: declared here
  267 | OSSL_DEPRECATEDIN_3_0 void DH_get0_key(const DH *dh, const BIGNUM **pub_key,
      |                            ^~~~~~~~~~~
C:/ap13-dcb/openssh-msys-canonical-05/src/kexgexc.c: In function 'input_kex_dh_gex_reply':
C:/ap13-dcb/openssh-msys-canonical-05/src/kexgexc.c:186:9: warning: 'DH_get0_key' is deprecated: Since OpenSSL 3.0 [-Wdeprecated-declarations]
  186 |         DH_get0_key(kex->dh, &pub_key, NULL);
      |         ^~~~~~~~~~~
C:/ap13-dcb/openssl-msys-canonical-02/openssl-release-sdk-01/include/openssl/dh.h:267:28: note: declared here
  267 | OSSL_DEPRECATEDIN_3_0 void DH_get0_key(const DH *dh, const BIGNUM **pub_key,
      |                            ^~~~~~~~~~~
C:/ap13-dcb/openssh-msys-canonical-05/src/kexgexc.c:187:9: warning: 'DH_get0_pqg' is deprecated: Since OpenSSL 3.0 [-Wdeprecated-declarations]
  187 |         DH_get0_pqg(kex->dh, &dh_p, NULL, &dh_g);
      |         ^~~~~~~~~~~
C:/ap13-dcb/openssl-msys-canonical-02/openssl-release-sdk-01/include/openssl/dh.h:264:28: note: declared here
  264 | OSSL_DEPRECATEDIN_3_0 void DH_get0_pqg(const DH *dh, const BIGNUM **p,
      |                            ^~~~~~~~~~~
C:/ap13-dcb/openssh-msys-canonical-05/src/kexgexc.c:230:9: warning: 'DH_free' is deprecated: Since OpenSSL 3.0 [-Wdeprecated-declarations]
  230 |         DH_free(kex->dh);
      |         ^~~~~~~
C:/ap13-dcb/openssl-msys-canonical-02/openssl-release-sdk-01/include/openssl/dh.h:211:28: note: declared here
  211 | OSSL_DEPRECATEDIN_3_0 void DH_free(DH *dh);
      |                            ^~~~~~~
/c/Users/crutkasLocal/.copilot/repos/copilot-worktrees/msys2-woarm64-build/crutkas-didactic-waffle/.github/scripts/msys-openssh-release-gcc -g -O2 -pipe -Wno-error=format-truncation -Wall -Wextra -Wpointer-arith -Wuninitialized -Wsign-compare -Wformat-security -Wsizeof-pointer-memaccess -Wno-pointer-sign -Wno-unused-parameter -Wno-unused-result -Wimplicit-fallthrough -Wmisleading-indentation -fno-strict-aliasing -fno-builtin-memset -Wno-attributes   -I. -I/c/ap13-dcb/openssh-msys-canonical-05/src -I"/c/ap13-dcb/openssh-msys-canonical-05/build/openbsd-compat/include" -I/c/ap13-dcb/openssl-msys-canonical-02/openssl-release-sdk-01/include -I/c/Users/crutkasLocal/.copilot/session-state/f6ea7713-2cec-41d5-b3f9-b4373e60fa33/files/resume-20260907/zlib-msys-01/stage/usr/include -I/c/ap13-dcb/openssl-msys-canonical-02/openssl-release-sdk-01/include -I/c/Users/crutkasLocal/.copilot/session-state/f6ea7713-2cec-41d5-b3f9-b4373e60fa33/files/resume-20260907/zlib-msys-01/stage/usr/include -I/c/ag-e138920f/ssh-libxcrypt-msys-02/stage/usr/include -DSSHDIR=\"/etc/ssh\" -D_PATH_SSH_PROGRAM=\"/usr/bin/ssh\" -D_PATH_SSH_ASKPASS_DEFAULT=\"/usr/lib/ssh/ssh-askpass\" -D_PATH_SFTP_SERVER=\"/usr/lib/ssh/sftp-server\" -D_PATH_SSH_KEY_SIGN=\"/usr/lib/ssh/ssh-keysign\" -D_PATH_SSHD_SESSION=\"/usr/lib/ssh/sshd-session\" -D_PATH_SSHD_AUTH=\"/usr/lib/ssh/sshd-auth\" -D_PATH_SSH_PKCS11_HELPER=\"/usr/lib/ssh/ssh-pkcs11-helper\" -D_PATH_SSH_SK_HELPER=\"/usr/lib/ssh/ssh-sk-helper\" -D_PATH_SSH_PIDDIR=\"/etc/ssh\" -D_PATH_PRIVSEP_CHROOT_DIR=\"/var/empty\" -DHAVE_CONFIG_H -c /c/ap13-dcb/openssh-msys-canonical-05/src/kexgexs.c -o kexgexs.o
/c/Users/crutkasLocal/.copilot/repos/copilot-worktrees/msys2-woarm64-build/crutkas-didactic-waffle/.github/scripts/msys-openssh-release-gcc -g -O2 -pipe -Wno-error=format-truncation -Wall -Wextra -Wpointer-arith -Wuninitialized -Wsign-compare -Wformat-security -Wsizeof-pointer-memaccess -Wno-pointer-sign -Wno-unused-parameter -Wno-unused-result -Wimplicit-fallthrough -Wmisleading-indentation -fno-strict-aliasing -fno-builtin-memset -Wno-attributes   -I. -I/c/ap13-dcb/openssh-msys-canonical-05/src -I"/c/ap13-dcb/openssh-msys-canonical-05/build/openbsd-compat/include" -I/c/ap13-dcb/openssl-msys-canonical-02/openssl-release-sdk-01/include -I/c/Users/crutkasLocal/.copilot/session-state/f6ea7713-2cec-41d5-b3f9-b4373e60fa33/files/resume-20260907/zlib-msys-01/stage/usr/include -I/c/ap13-dcb/openssl-msys-canonical-02/openssl-release-sdk-01/include -I/c/Users/crutkasLocal/.copilot/session-state/f6ea7713-2cec-41d5-b3f9-b4373e60fa33/files/resume-20260907/zlib-msys-01/stage/usr/include -I/c/ag-e138920f/ssh-libxcrypt-msys-02/stage/usr/include -DSSHDIR=\"/etc/ssh\" -D_PATH_SSH_PROGRAM=\"/usr/bin/ssh\" -D_PATH_SSH_ASKPASS_DEFAULT=\"/usr/lib/ssh/ssh-askpass\" -D_PATH_SFTP_SERVER=\"/usr/lib/ssh/sftp-server\" -D_PATH_SSH_KEY_SIGN=\"/usr/lib/ssh/ssh-keysign\" -D_PATH_SSHD_SESSION=\"/usr/lib/ssh/sshd-session\" -D_PATH_SSHD_AUTH=\"/usr/lib/ssh/sshd-auth\" -D_PATH_SSH_PKCS11_HELPER=\"/usr/lib/ssh/ssh-pkcs11-helper\" -D_PATH_SSH_SK_HELPER=\"/usr/lib/ssh/ssh-sk-helper\" -D_PATH_SSH_PIDDIR=\"/etc/ssh\" -D_PATH_PRIVSEP_CHROOT_DIR=\"/var/empty\" -DHAVE_CONFIG_H -c /c/ap13-dcb/openssh-msys-canonical-05/src/kexmlkem768ecdh.c -o kexmlkem768ecdh.o
C:/ap13-dcb/openssh-msys-canonical-05/src/kexgexs.c: In function 'input_kex_dh_gex_request':
C:/ap13-dcb/openssh-msys-canonical-05/src/kexgexs.c:107:9: warning: 'DH_get0_pqg' is deprecated: Since OpenSSL 3.0 [-Wdeprecated-declarations]
  107 |         DH_get0_pqg(kex->dh, &dh_p, NULL, &dh_g);
      |         ^~~~~~~~~~~
In file included from C:/ap13-dcb/openssh-msys-canonical-05/src/openbsd-compat/openssl-compat.h:29,
                 from C:/ap13-dcb/openssh-msys-canonical-05/src/kexgexs.c:30:
C:/ap13-dcb/openssl-msys-canonical-02/openssl-release-sdk-01/include/openssl/dh.h:264:28: note: declared here
  264 | OSSL_DEPRECATEDIN_3_0 void DH_get0_pqg(const DH *dh, const BIGNUM **p,
      |                            ^~~~~~~~~~~
C:/ap13-dcb/openssh-msys-canonical-05/src/kexgexs.c: In function 'input_kex_dh_gex_init':
C:/ap13-dcb/openssh-msys-canonical-05/src/kexgexs.c:164:9: warning: 'DH_get0_key' is deprecated: Since OpenSSL 3.0 [-Wdeprecated-declarations]
  164 |         DH_get0_key(kex->dh, &pub_key, NULL);
      |         ^~~~~~~~~~~
C:/ap13-dcb/openssl-msys-canonical-02/openssl-release-sdk-01/include/openssl/dh.h:267:28: note: declared here
  267 | OSSL_DEPRECATEDIN_3_0 void DH_get0_key(const DH *dh, const BIGNUM **pub_key,
      |                            ^~~~~~~~~~~
C:/ap13-dcb/openssh-msys-canonical-05/src/kexgexs.c:165:9: warning: 'DH_get0_pqg' is deprecated: Since OpenSSL 3.0 [-Wdeprecated-declarations]
  165 |         DH_get0_pqg(kex->dh, &dh_p, NULL, &dh_g);
      |         ^~~~~~~~~~~
C:/ap13-dcb/openssl-msys-canonical-02/openssl-release-sdk-01/include/openssl/dh.h:264:28: note: declared here
  264 | OSSL_DEPRECATEDIN_3_0 void DH_get0_pqg(const DH *dh, const BIGNUM **p,
      |                            ^~~~~~~~~~~
C:/ap13-dcb/openssh-msys-canonical-05/src/kexgexs.c:207:9: warning: 'DH_free' is deprecated: Since OpenSSL 3.0 [-Wdeprecated-declarations]
  207 |         DH_free(kex->dh);
      |         ^~~~~~~
C:/ap13-dcb/openssl-msys-canonical-02/openssl-release-sdk-01/include/openssl/dh.h:211:28: note: declared here
  211 | OSSL_DEPRECATEDIN_3_0 void DH_free(DH *dh);
      |                            ^~~~~~~
C:/ap13-dcb/openssh-msys-canonical-05/src/kexmlkem768ecdh.c: In function 'kex_kem_mlkem768ecdh_keypair':
C:/ap13-dcb/openssh-msys-canonical-05/src/kexmlkem768ecdh.c:69:9: warning: 'EC_KEY_new_by_curve_name' is deprecated: Since OpenSSL 3.0 [-Wdeprecated-declarations]
   69 |         if ((client_key = EC_KEY_new_by_curve_name(kex->ec_nid)) == NULL) {
      |         ^~
In file included from C:/ap13-dcb/openssh-msys-canonical-05/src/sshkey.h:33,
                 from C:/ap13-dcb/openssh-msys-canonical-05/src/kexmlkem768ecdh.c:37:
C:/ap13-dcb/openssl-msys-canonical-02/openssl-release-sdk-01/include/openssl/ec.h:1009:31: note: declared here
 1009 | OSSL_DEPRECATEDIN_3_0 EC_KEY *EC_KEY_new_by_curve_name(int nid);
      |                               ^~~~~~~~~~~~~~~~~~~~~~~~
C:/ap13-dcb/openssh-msys-canonical-05/src/kexmlkem768ecdh.c:73:9: warning: 'EC_KEY_generate_key' is deprecated: Since OpenSSL 3.0 [-Wdeprecated-declarations]
   73 |         if (EC_KEY_generate_key(client_key) != 1) {
      |         ^~
C:/ap13-dcb/openssl-msys-canonical-02/openssl-release-sdk-01/include/openssl/ec.h:1112:27: note: declared here
 1112 | OSSL_DEPRECATEDIN_3_0 int EC_KEY_generate_key(EC_KEY *key);
      |                           ^~~~~~~~~~~~~~~~~~~
C:/ap13-dcb/openssh-msys-canonical-05/src/kexmlkem768ecdh.c:77:9: warning: 'EC_KEY_get0_group' is deprecated: Since OpenSSL 3.0 [-Wdeprecated-declarations]
   77 |         group = EC_KEY_get0_group(client_key);
      |         ^~~~~
C:/ap13-dcb/openssl-msys-canonical-02/openssl-release-sdk-01/include/openssl/ec.h:1045:39: note: declared here
 1045 | OSSL_DEPRECATEDIN_3_0 const EC_GROUP *EC_KEY_get0_group(const EC_KEY *key);
      |                                       ^~~~~~~~~~~~~~~~~
C:/ap13-dcb/openssh-msys-canonical-05/src/kexmlkem768ecdh.c:78:9: warning: 'EC_KEY_get0_public_key' is deprecated: Since OpenSSL 3.0 [-Wdeprecated-declarations]
   78 |         public_key = EC_KEY_get0_public_key(client_key);
      |         ^~~~~~~~~~
C:/ap13-dcb/openssl-msys-canonical-02/openssl-release-sdk-01/include/openssl/ec.h:1073:39: note: declared here
 1073 | OSSL_DEPRECATEDIN_3_0 const EC_POINT *EC_KEY_get0_public_key(const EC_KEY *key);
      |                                       ^~~~~~~~~~~~~~~~~~~~~~
C:/ap13-dcb/openssh-msys-canonical-05/src/kexmlkem768ecdh.c:102:9: warning: 'EC_KEY_free' is deprecated: Since OpenSSL 3.0 [-Wdeprecated-declarations]
  102 |         EC_KEY_free(client_key);
      |         ^~~~~~~~~~~
C:/ap13-dcb/openssl-msys-canonical-02/openssl-release-sdk-01/include/openssl/ec.h:1014:28: note: declared here
 1014 | OSSL_DEPRECATEDIN_3_0 void EC_KEY_free(EC_KEY *key);
      |                            ^~~~~~~~~~~
C:/ap13-dcb/openssh-msys-canonical-05/src/kexmlkem768ecdh.c: In function 'kex_kem_mlkem768ecdh_enc':
C:/ap13-dcb/openssh-msys-canonical-05/src/kexmlkem768ecdh.c:168:9: warning: 'EC_KEY_new_by_curve_name' is deprecated: Since OpenSSL 3.0 [-Wdeprecated-declarations]
  168 |         if ((server_key = EC_KEY_new_by_curve_name(kex->ec_nid)) == NULL) {
      |         ^~
C:/ap13-dcb/openssl-msys-canonical-02/openssl-release-sdk-01/include/openssl/ec.h:1009:31: note: declared here
 1009 | OSSL_DEPRECATEDIN_3_0 EC_KEY *EC_KEY_new_by_curve_name(int nid);
      |                               ^~~~~~~~~~~~~~~~~~~~~~~~
C:/ap13-dcb/openssh-msys-canonical-05/src/kexmlkem768ecdh.c:172:9: warning: 'EC_KEY_generate_key' is deprecated: Since OpenSSL 3.0 [-Wdeprecated-declarations]
  172 |         if (EC_KEY_generate_key(server_key) != 1) {
      |         ^~
C:/ap13-dcb/openssl-msys-canonical-02/openssl-release-sdk-01/include/openssl/ec.h:1112:27: note: declared here
 1112 | OSSL_DEPRECATEDIN_3_0 int EC_KEY_generate_key(EC_KEY *key);
      |                           ^~~~~~~~~~~~~~~~~~~
C:/ap13-dcb/openssh-msys-canonical-05/src/kexmlkem768ecdh.c:176:9: warning: 'EC_KEY_get0_group' is deprecated: Since OpenSSL 3.0 [-Wdeprecated-declarations]
  176 |         group = EC_KEY_get0_group(server_key);
      |         ^~~~~
C:/ap13-dcb/openssl-msys-canonical-02/openssl-release-sdk-01/include/openssl/ec.h:1045:39: note: declared here
 1045 | OSSL_DEPRECATEDIN_3_0 const EC_GROUP *EC_KEY_get0_group(const EC_KEY *key);
      |                                       ^~~~~~~~~~~~~~~~~
C:/ap13-dcb/openssh-msys-canonical-05/src/kexmlkem768ecdh.c:182:9: warning: 'EC_KEY_get0_public_key' is deprecated: Since OpenSSL 3.0 [-Wdeprecated-declarations]
  182 |         pub_key = EC_KEY_get0_public_key(server_key);
      |         ^~~~~~~
C:/ap13-dcb/openssl-msys-canonical-02/openssl-release-sdk-01/include/openssl/ec.h:1073:39: note: declared here
 1073 | OSSL_DEPRECATEDIN_3_0 const EC_POINT *EC_KEY_get0_public_key(const EC_KEY *key);
      |                                       ^~~~~~~~~~~~~~~~~~~~~~
C:/ap13-dcb/openssh-msys-canonical-05/src/kexmlkem768ecdh.c:223:9: warning: 'EC_KEY_free' is deprecated: Since OpenSSL 3.0 [-Wdeprecated-declarations]
  223 |         EC_KEY_free(server_key);
      |         ^~~~~~~~~~~
C:/ap13-dcb/openssl-msys-canonical-02/openssl-release-sdk-01/include/openssl/ec.h:1014:28: note: declared here
 1014 | OSSL_DEPRECATEDIN_3_0 void EC_KEY_free(EC_KEY *key);
      |                            ^~~~~~~~~~~
C:/ap13-dcb/openssh-msys-canonical-05/src/kexmlkem768ecdh.c: In function 'kex_kem_mlkem768ecdh_dec':
C:/ap13-dcb/openssh-msys-canonical-05/src/kexmlkem768ecdh.c:301:9: warning: 'EC_KEY_free' is deprecated: Since OpenSSL 3.0 [-Wdeprecated-declarations]
  301 |         EC_KEY_free(kex->ec_client_key);
      |         ^~~~~~~~~~~
C:/ap13-dcb/openssl-msys-canonical-02/openssl-release-sdk-01/include/openssl/ec.h:1014:28: note: declared here
 1014 | OSSL_DEPRECATEDIN_3_0 void EC_KEY_free(EC_KEY *key);
      |                            ^~~~~~~~~~~
/c/Users/crutkasLocal/.copilot/repos/copilot-worktrees/msys2-woarm64-build/crutkas-didactic-waffle/.github/scripts/msys-openssh-release-gcc -g -O2 -pipe -Wno-error=format-truncation -Wall -Wextra -Wpointer-arith -Wuninitialized -Wsign-compare -Wformat-security -Wsizeof-pointer-memaccess -Wno-pointer-sign -Wno-unused-parameter -Wno-unused-result -Wimplicit-fallthrough -Wmisleading-indentation -fno-strict-aliasing -fno-builtin-memset -Wno-attributes   -I. -I/c/ap13-dcb/openssh-msys-canonical-05/src -I"/c/ap13-dcb/openssh-msys-canonical-05/build/openbsd-compat/include" -I/c/ap13-dcb/openssl-msys-canonical-02/openssl-release-sdk-01/include -I/c/Users/crutkasLocal/.copilot/session-state/f6ea7713-2cec-41d5-b3f9-b4373e60fa33/files/resume-20260907/zlib-msys-01/stage/usr/include -I/c/ap13-dcb/openssl-msys-canonical-02/openssl-release-sdk-01/include -I/c/Users/crutkasLocal/.copilot/session-state/f6ea7713-2cec-41d5-b3f9-b4373e60fa33/files/resume-20260907/zlib-msys-01/stage/usr/include -I/c/ag-e138920f/ssh-libxcrypt-msys-02/stage/usr/include -DSSHDIR=\"/etc/ssh\" -D_PATH_SSH_PROGRAM=\"/usr/bin/ssh\" -D_PATH_SSH_ASKPASS_DEFAULT=\"/usr/lib/ssh/ssh-askpass\" -D_PATH_SFTP_SERVER=\"/usr/lib/ssh/sftp-server\" -D_PATH_SSH_KEY_SIGN=\"/usr/lib/ssh/ssh-keysign\" -D_PATH_SSHD_SESSION=\"/usr/lib/ssh/sshd-session\" -D_PATH_SSHD_AUTH=\"/usr/lib/ssh/sshd-auth\" -D_PATH_SSH_PKCS11_HELPER=\"/usr/lib/ssh/ssh-pkcs11-helper\" -D_PATH_SSH_SK_HELPER=\"/usr/lib/ssh/ssh-sk-helper\" -D_PATH_SSH_PIDDIR=\"/etc/ssh\" -D_PATH_PRIVSEP_CHROOT_DIR=\"/var/empty\" -DHAVE_CONFIG_H -c /c/ap13-dcb/openssh-msys-canonical-05/src/kexsntrup761x25519.c -o kexsntrup761x25519.o
/c/Users/crutkasLocal/.copilot/repos/copilot-worktrees/msys2-woarm64-build/crutkas-didactic-waffle/.github/scripts/msys-openssh-release-gcc -g -O2 -pipe -Wno-error=format-truncation -Wall -Wextra -Wpointer-arith -Wuninitialized -Wsign-compare -Wformat-security -Wsizeof-pointer-memaccess -Wno-pointer-sign -Wno-unused-parameter -Wno-unused-result -Wimplicit-fallthrough -Wmisleading-indentation -fno-strict-aliasing -fno-builtin-memset -Wno-attributes   -I. -I/c/ap13-dcb/openssh-msys-canonical-05/src -I"/c/ap13-dcb/openssh-msys-canonical-05/build/openbsd-compat/include" -I/c/ap13-dcb/openssl-msys-canonical-02/openssl-release-sdk-01/include -I/c/Users/crutkasLocal/.copilot/session-state/f6ea7713-2cec-41d5-b3f9-b4373e60fa33/files/resume-20260907/zlib-msys-01/stage/usr/include -I/c/ap13-dcb/openssl-msys-canonical-02/openssl-release-sdk-01/include -I/c/Users/crutkasLocal/.copilot/session-state/f6ea7713-2cec-41d5-b3f9-b4373e60fa33/files/resume-20260907/zlib-msys-01/stage/usr/include -I/c/ag-e138920f/ssh-libxcrypt-msys-02/stage/usr/include -DSSHDIR=\"/etc/ssh\" -D_PATH_SSH_PROGRAM=\"/usr/bin/ssh\" -D_PATH_SSH_ASKPASS_DEFAULT=\"/usr/lib/ssh/ssh-askpass\" -D_PATH_SFTP_SERVER=\"/usr/lib/ssh/sftp-server\" -D_PATH_SSH_KEY_SIGN=\"/usr/lib/ssh/ssh-keysign\" -D_PATH_SSHD_SESSION=\"/usr/lib/ssh/sshd-session\" -D_PATH_SSHD_AUTH=\"/usr/lib/ssh/sshd-auth\" -D_PATH_SSH_PKCS11_HELPER=\"/usr/lib/ssh/ssh-pkcs11-helper\" -D_PATH_SSH_SK_HELPER=\"/usr/lib/ssh/ssh-sk-helper\" -D_PATH_SSH_PIDDIR=\"/etc/ssh\" -D_PATH_PRIVSEP_CHROOT_DIR=\"/var/empty\" -DHAVE_CONFIG_H -c /c/ap13-dcb/openssh-msys-canonical-05/src/kexmlkem768x25519.c -o kexmlkem768x25519.o
/c/Users/crutkasLocal/.copilot/repos/copilot-worktrees/msys2-woarm64-build/crutkas-didactic-waffle/.github/scripts/msys-openssh-release-gcc -g -O2 -pipe -Wno-error=format-truncation -Wall -Wextra -Wpointer-arith -Wuninitialized -Wsign-compare -Wformat-security -Wsizeof-pointer-memaccess -Wno-pointer-sign -Wno-unused-parameter -Wno-unused-result -Wimplicit-fallthrough -Wmisleading-indentation -fno-strict-aliasing -fno-builtin-memset -Wno-attributes   -I. -I/c/ap13-dcb/openssh-msys-canonical-05/src -I"/c/ap13-dcb/openssh-msys-canonical-05/build/openbsd-compat/include" -I/c/ap13-dcb/openssl-msys-canonical-02/openssl-release-sdk-01/include -I/c/Users/crutkasLocal/.copilot/session-state/f6ea7713-2cec-41d5-b3f9-b4373e60fa33/files/resume-20260907/zlib-msys-01/stage/usr/include -I/c/ap13-dcb/openssl-msys-canonical-02/openssl-release-sdk-01/include -I/c/Users/crutkasLocal/.copilot/session-state/f6ea7713-2cec-41d5-b3f9-b4373e60fa33/files/resume-20260907/zlib-msys-01/stage/usr/include -I/c/ag-e138920f/ssh-libxcrypt-msys-02/stage/usr/include -DSSHDIR=\"/etc/ssh\" -D_PATH_SSH_PROGRAM=\"/usr/bin/ssh\" -D_PATH_SSH_ASKPASS_DEFAULT=\"/usr/lib/ssh/ssh-askpass\" -D_PATH_SFTP_SERVER=\"/usr/lib/ssh/sftp-server\" -D_PATH_SSH_KEY_SIGN=\"/usr/lib/ssh/ssh-keysign\" -D_PATH_SSHD_SESSION=\"/usr/lib/ssh/sshd-session\" -D_PATH_SSHD_AUTH=\"/usr/lib/ssh/sshd-auth\" -D_PATH_SSH_PKCS11_HELPER=\"/usr/lib/ssh/ssh-pkcs11-helper\" -D_PATH_SSH_SK_HELPER=\"/usr/lib/ssh/ssh-sk-helper\" -D_PATH_SSH_PIDDIR=\"/etc/ssh\" -D_PATH_PRIVSEP_CHROOT_DIR=\"/var/empty\" -DHAVE_CONFIG_H -c /c/ap13-dcb/openssh-msys-canonical-05/src/sntrup761.c -o sntrup761.o
/c/Users/crutkasLocal/.copilot/repos/copilot-worktrees/msys2-woarm64-build/crutkas-didactic-waffle/.github/scripts/msys-openssh-release-gcc -g -O2 -pipe -Wno-error=format-truncation -Wall -Wextra -Wpointer-arith -Wuninitialized -Wsign-compare -Wformat-security -Wsizeof-pointer-memaccess -Wno-pointer-sign -Wno-unused-parameter -Wno-unused-result -Wimplicit-fallthrough -Wmisleading-indentation -fno-strict-aliasing -fno-builtin-memset -Wno-attributes   -I. -I/c/ap13-dcb/openssh-msys-canonical-05/src -I"/c/ap13-dcb/openssh-msys-canonical-05/build/openbsd-compat/include" -I/c/ap13-dcb/openssl-msys-canonical-02/openssl-release-sdk-01/include -I/c/Users/crutkasLocal/.copilot/session-state/f6ea7713-2cec-41d5-b3f9-b4373e60fa33/files/resume-20260907/zlib-msys-01/stage/usr/include -I/c/ap13-dcb/openssl-msys-canonical-02/openssl-release-sdk-01/include -I/c/Users/crutkasLocal/.copilot/session-state/f6ea7713-2cec-41d5-b3f9-b4373e60fa33/files/resume-20260907/zlib-msys-01/stage/usr/include -I/c/ag-e138920f/ssh-libxcrypt-msys-02/stage/usr/include -DSSHDIR=\"/etc/ssh\" -D_PATH_SSH_PROGRAM=\"/usr/bin/ssh\" -D_PATH_SSH_ASKPASS_DEFAULT=\"/usr/lib/ssh/ssh-askpass\" -D_PATH_SFTP_SERVER=\"/usr/lib/ssh/sftp-server\" -D_PATH_SSH_KEY_SIGN=\"/usr/lib/ssh/ssh-keysign\" -D_PATH_SSHD_SESSION=\"/usr/lib/ssh/sshd-session\" -D_PATH_SSHD_AUTH=\"/usr/lib/ssh/sshd-auth\" -D_PATH_SSH_PKCS11_HELPER=\"/usr/lib/ssh/ssh-pkcs11-helper\" -D_PATH_SSH_SK_HELPER=\"/usr/lib/ssh/ssh-sk-helper\" -D_PATH_SSH_PIDDIR=\"/etc/ssh\" -D_PATH_PRIVSEP_CHROOT_DIR=\"/var/empty\" -DHAVE_CONFIG_H -c /c/ap13-dcb/openssh-msys-canonical-05/src/kexgen.c -o kexgen.o
/c/Users/crutkasLocal/.copilot/repos/copilot-worktrees/msys2-woarm64-build/crutkas-didactic-waffle/.github/scripts/msys-openssh-release-gcc -g -O2 -pipe -Wno-error=format-truncation -Wall -Wextra -Wpointer-arith -Wuninitialized -Wsign-compare -Wformat-security -Wsizeof-pointer-memaccess -Wno-pointer-sign -Wno-unused-parameter -Wno-unused-result -Wimplicit-fallthrough -Wmisleading-indentation -fno-strict-aliasing -fno-builtin-memset -Wno-attributes   -I. -I/c/ap13-dcb/openssh-msys-canonical-05/src -I"/c/ap13-dcb/openssh-msys-canonical-05/build/openbsd-compat/include" -I/c/ap13-dcb/openssl-msys-canonical-02/openssl-release-sdk-01/include -I/c/Users/crutkasLocal/.copilot/session-state/f6ea7713-2cec-41d5-b3f9-b4373e60fa33/files/resume-20260907/zlib-msys-01/stage/usr/include -I/c/ap13-dcb/openssl-msys-canonical-02/openssl-release-sdk-01/include -I/c/Users/crutkasLocal/.copilot/session-state/f6ea7713-2cec-41d5-b3f9-b4373e60fa33/files/resume-20260907/zlib-msys-01/stage/usr/include -I/c/ag-e138920f/ssh-libxcrypt-msys-02/stage/usr/include -DSSHDIR=\"/etc/ssh\" -D_PATH_SSH_PROGRAM=\"/usr/bin/ssh\" -D_PATH_SSH_ASKPASS_DEFAULT=\"/usr/lib/ssh/ssh-askpass\" -D_PATH_SFTP_SERVER=\"/usr/lib/ssh/sftp-server\" -D_PATH_SSH_KEY_SIGN=\"/usr/lib/ssh/ssh-keysign\" -D_PATH_SSHD_SESSION=\"/usr/lib/ssh/sshd-session\" -D_PATH_SSHD_AUTH=\"/usr/lib/ssh/sshd-auth\" -D_PATH_SSH_PKCS11_HELPER=\"/usr/lib/ssh/ssh-pkcs11-helper\" -D_PATH_SSH_SK_HELPER=\"/usr/lib/ssh/ssh-sk-helper\" -D_PATH_SSH_PIDDIR=\"/etc/ssh\" -D_PATH_PRIVSEP_CHROOT_DIR=\"/var/empty\" -DHAVE_CONFIG_H -c /c/ap13-dcb/openssh-msys-canonical-05/src/sftp-realpath.c -o sftp-realpath.o
/c/Users/crutkasLocal/.copilot/repos/copilot-worktrees/msys2-woarm64-build/crutkas-didactic-waffle/.github/scripts/msys-openssh-release-gcc -g -O2 -pipe -Wno-error=format-truncation -Wall -Wextra -Wpointer-arith -Wuninitialized -Wsign-compare -Wformat-security -Wsizeof-pointer-memaccess -Wno-pointer-sign -Wno-unused-parameter -Wno-unused-result -Wimplicit-fallthrough -Wmisleading-indentation -fno-strict-aliasing -fno-builtin-memset -Wno-attributes   -I. -I/c/ap13-dcb/openssh-msys-canonical-05/src -I"/c/ap13-dcb/openssh-msys-canonical-05/build/openbsd-compat/include" -I/c/ap13-dcb/openssl-msys-canonical-02/openssl-release-sdk-01/include -I/c/Users/crutkasLocal/.copilot/session-state/f6ea7713-2cec-41d5-b3f9-b4373e60fa33/files/resume-20260907/zlib-msys-01/stage/usr/include -I/c/ap13-dcb/openssl-msys-canonical-02/openssl-release-sdk-01/include -I/c/Users/crutkasLocal/.copilot/session-state/f6ea7713-2cec-41d5-b3f9-b4373e60fa33/files/resume-20260907/zlib-msys-01/stage/usr/include -I/c/ag-e138920f/ssh-libxcrypt-msys-02/stage/usr/include -DSSHDIR=\"/etc/ssh\" -D_PATH_SSH_PROGRAM=\"/usr/bin/ssh\" -D_PATH_SSH_ASKPASS_DEFAULT=\"/usr/lib/ssh/ssh-askpass\" -D_PATH_SFTP_SERVER=\"/usr/lib/ssh/sftp-server\" -D_PATH_SSH_KEY_SIGN=\"/usr/lib/ssh/ssh-keysign\" -D_PATH_SSHD_SESSION=\"/usr/lib/ssh/sshd-session\" -D_PATH_SSHD_AUTH=\"/usr/lib/ssh/sshd-auth\" -D_PATH_SSH_PKCS11_HELPER=\"/usr/lib/ssh/ssh-pkcs11-helper\" -D_PATH_SSH_SK_HELPER=\"/usr/lib/ssh/ssh-sk-helper\" -D_PATH_SSH_PIDDIR=\"/etc/ssh\" -D_PATH_PRIVSEP_CHROOT_DIR=\"/var/empty\" -DHAVE_CONFIG_H -c /c/ap13-dcb/openssh-msys-canonical-05/src/platform-pledge.c -o platform-pledge.o
/c/Users/crutkasLocal/.copilot/repos/copilot-worktrees/msys2-woarm64-build/crutkas-didactic-waffle/.github/scripts/msys-openssh-release-gcc -g -O2 -pipe -Wno-error=format-truncation -Wall -Wextra -Wpointer-arith -Wuninitialized -Wsign-compare -Wformat-security -Wsizeof-pointer-memaccess -Wno-pointer-sign -Wno-unused-parameter -Wno-unused-result -Wimplicit-fallthrough -Wmisleading-indentation -fno-strict-aliasing -fno-builtin-memset -Wno-attributes   -I. -I/c/ap13-dcb/openssh-msys-canonical-05/src -I"/c/ap13-dcb/openssh-msys-canonical-05/build/openbsd-compat/include" -I/c/ap13-dcb/openssl-msys-canonical-02/openssl-release-sdk-01/include -I/c/Users/crutkasLocal/.copilot/session-state/f6ea7713-2cec-41d5-b3f9-b4373e60fa33/files/resume-20260907/zlib-msys-01/stage/usr/include -I/c/ap13-dcb/openssl-msys-canonical-02/openssl-release-sdk-01/include -I/c/Users/crutkasLocal/.copilot/session-state/f6ea7713-2cec-41d5-b3f9-b4373e60fa33/files/resume-20260907/zlib-msys-01/stage/usr/include -I/c/ag-e138920f/ssh-libxcrypt-msys-02/stage/usr/include -DSSHDIR=\"/etc/ssh\" -D_PATH_SSH_PROGRAM=\"/usr/bin/ssh\" -D_PATH_SSH_ASKPASS_DEFAULT=\"/usr/lib/ssh/ssh-askpass\" -D_PATH_SFTP_SERVER=\"/usr/lib/ssh/sftp-server\" -D_PATH_SSH_KEY_SIGN=\"/usr/lib/ssh/ssh-keysign\" -D_PATH_SSHD_SESSION=\"/usr/lib/ssh/sshd-session\" -D_PATH_SSHD_AUTH=\"/usr/lib/ssh/sshd-auth\" -D_PATH_SSH_PKCS11_HELPER=\"/usr/lib/ssh/ssh-pkcs11-helper\" -D_PATH_SSH_SK_HELPER=\"/usr/lib/ssh/ssh-sk-helper\" -D_PATH_SSH_PIDDIR=\"/etc/ssh\" -D_PATH_PRIVSEP_CHROOT_DIR=\"/var/empty\" -DHAVE_CONFIG_H -c /c/ap13-dcb/openssh-msys-canonical-05/src/platform-tracing.c -o platform-tracing.o
/c/Users/crutkasLocal/.copilot/repos/copilot-worktrees/msys2-woarm64-build/crutkas-didactic-waffle/.github/scripts/msys-openssh-release-gcc -g -O2 -pipe -Wno-error=format-truncation -Wall -Wextra -Wpointer-arith -Wuninitialized -Wsign-compare -Wformat-security -Wsizeof-pointer-memaccess -Wno-pointer-sign -Wno-unused-parameter -Wno-unused-result -Wimplicit-fallthrough -Wmisleading-indentation -fno-strict-aliasing -fno-builtin-memset -Wno-attributes   -I. -I/c/ap13-dcb/openssh-msys-canonical-05/src -I"/c/ap13-dcb/openssh-msys-canonical-05/build/openbsd-compat/include" -I/c/ap13-dcb/openssl-msys-canonical-02/openssl-release-sdk-01/include -I/c/Users/crutkasLocal/.copilot/session-state/f6ea7713-2cec-41d5-b3f9-b4373e60fa33/files/resume-20260907/zlib-msys-01/stage/usr/include -I/c/ap13-dcb/openssl-msys-canonical-02/openssl-release-sdk-01/include -I/c/Users/crutkasLocal/.copilot/session-state/f6ea7713-2cec-41d5-b3f9-b4373e60fa33/files/resume-20260907/zlib-msys-01/stage/usr/include -I/c/ag-e138920f/ssh-libxcrypt-msys-02/stage/usr/include -DSSHDIR=\"/etc/ssh\" -D_PATH_SSH_PROGRAM=\"/usr/bin/ssh\" -D_PATH_SSH_ASKPASS_DEFAULT=\"/usr/lib/ssh/ssh-askpass\" -D_PATH_SFTP_SERVER=\"/usr/lib/ssh/sftp-server\" -D_PATH_SSH_KEY_SIGN=\"/usr/lib/ssh/ssh-keysign\" -D_PATH_SSHD_SESSION=\"/usr/lib/ssh/sshd-session\" -D_PATH_SSHD_AUTH=\"/usr/lib/ssh/sshd-auth\" -D_PATH_SSH_PKCS11_HELPER=\"/usr/lib/ssh/ssh-pkcs11-helper\" -D_PATH_SSH_SK_HELPER=\"/usr/lib/ssh/ssh-sk-helper\" -D_PATH_SSH_PIDDIR=\"/etc/ssh\" -D_PATH_PRIVSEP_CHROOT_DIR=\"/var/empty\" -DHAVE_CONFIG_H -c /c/ap13-dcb/openssh-msys-canonical-05/src/platform-misc.c -o platform-misc.o
/c/Users/crutkasLocal/.copilot/repos/copilot-worktrees/msys2-woarm64-build/crutkas-didactic-waffle/.github/scripts/msys-openssh-release-gcc -g -O2 -pipe -Wno-error=format-truncation -Wall -Wextra -Wpointer-arith -Wuninitialized -Wsign-compare -Wformat-security -Wsizeof-pointer-memaccess -Wno-pointer-sign -Wno-unused-parameter -Wno-unused-result -Wimplicit-fallthrough -Wmisleading-indentation -fno-strict-aliasing -fno-builtin-memset -Wno-attributes   -I. -I/c/ap13-dcb/openssh-msys-canonical-05/src -I"/c/ap13-dcb/openssh-msys-canonical-05/build/openbsd-compat/include" -I/c/ap13-dcb/openssl-msys-canonical-02/openssl-release-sdk-01/include -I/c/Users/crutkasLocal/.copilot/session-state/f6ea7713-2cec-41d5-b3f9-b4373e60fa33/files/resume-20260907/zlib-msys-01/stage/usr/include -I/c/ap13-dcb/openssl-msys-canonical-02/openssl-release-sdk-01/include -I/c/Users/crutkasLocal/.copilot/session-state/f6ea7713-2cec-41d5-b3f9-b4373e60fa33/files/resume-20260907/zlib-msys-01/stage/usr/include -I/c/ag-e138920f/ssh-libxcrypt-msys-02/stage/usr/include -DSSHDIR=\"/etc/ssh\" -D_PATH_SSH_PROGRAM=\"/usr/bin/ssh\" -D_PATH_SSH_ASKPASS_DEFAULT=\"/usr/lib/ssh/ssh-askpass\" -D_PATH_SFTP_SERVER=\"/usr/lib/ssh/sftp-server\" -D_PATH_SSH_KEY_SIGN=\"/usr/lib/ssh/ssh-keysign\" -D_PATH_SSHD_SESSION=\"/usr/lib/ssh/sshd-session\" -D_PATH_SSHD_AUTH=\"/usr/lib/ssh/sshd-auth\" -D_PATH_SSH_PKCS11_HELPER=\"/usr/lib/ssh/ssh-pkcs11-helper\" -D_PATH_SSH_SK_HELPER=\"/usr/lib/ssh/ssh-sk-helper\" -D_PATH_SSH_PIDDIR=\"/etc/ssh\" -D_PATH_PRIVSEP_CHROOT_DIR=\"/var/empty\" -DHAVE_CONFIG_H -c /c/ap13-dcb/openssh-msys-canonical-05/src/sshbuf-io.c -o sshbuf-io.o
/c/Users/crutkasLocal/.copilot/repos/copilot-worktrees/msys2-woarm64-build/crutkas-didactic-waffle/.github/scripts/msys-openssh-release-gcc -g -O2 -pipe -Wno-error=format-truncation -Wall -Wextra -Wpointer-arith -Wuninitialized -Wsign-compare -Wformat-security -Wsizeof-pointer-memaccess -Wno-pointer-sign -Wno-unused-parameter -Wno-unused-result -Wimplicit-fallthrough -Wmisleading-indentation -fno-strict-aliasing -fno-builtin-memset -Wno-attributes   -I. -I/c/ap13-dcb/openssh-msys-canonical-05/src -I"/c/ap13-dcb/openssh-msys-canonical-05/build/openbsd-compat/include" -I/c/ap13-dcb/openssl-msys-canonical-02/openssl-release-sdk-01/include -I/c/Users/crutkasLocal/.copilot/session-state/f6ea7713-2cec-41d5-b3f9-b4373e60fa33/files/resume-20260907/zlib-msys-01/stage/usr/include -I/c/ap13-dcb/openssl-msys-canonical-02/openssl-release-sdk-01/include -I/c/Users/crutkasLocal/.copilot/session-state/f6ea7713-2cec-41d5-b3f9-b4373e60fa33/files/resume-20260907/zlib-msys-01/stage/usr/include -I/c/ag-e138920f/ssh-libxcrypt-msys-02/stage/usr/include -DSSHDIR=\"/etc/ssh\" -D_PATH_SSH_PROGRAM=\"/usr/bin/ssh\" -D_PATH_SSH_ASKPASS_DEFAULT=\"/usr/lib/ssh/ssh-askpass\" -D_PATH_SFTP_SERVER=\"/usr/lib/ssh/sftp-server\" -D_PATH_SSH_KEY_SIGN=\"/usr/lib/ssh/ssh-keysign\" -D_PATH_SSHD_SESSION=\"/usr/lib/ssh/sshd-session\" -D_PATH_SSHD_AUTH=\"/usr/lib/ssh/sshd-auth\" -D_PATH_SSH_PKCS11_HELPER=\"/usr/lib/ssh/ssh-pkcs11-helper\" -D_PATH_SSH_SK_HELPER=\"/usr/lib/ssh/ssh-sk-helper\" -D_PATH_SSH_PIDDIR=\"/etc/ssh\" -D_PATH_PRIVSEP_CHROOT_DIR=\"/var/empty\" -DHAVE_CONFIG_H -c /c/ap13-dcb/openssh-msys-canonical-05/src/misc-agent.c -o misc-agent.o
/c/Users/crutkasLocal/.copilot/repos/copilot-worktrees/msys2-woarm64-build/crutkas-didactic-waffle/.github/scripts/msys-openssh-release-gcc -g -O2 -pipe -Wno-error=format-truncation -Wall -Wextra -Wpointer-arith -Wuninitialized -Wsign-compare -Wformat-security -Wsizeof-pointer-memaccess -Wno-pointer-sign -Wno-unused-parameter -Wno-unused-result -Wimplicit-fallthrough -Wmisleading-indentation -fno-strict-aliasing -fno-builtin-memset -Wno-attributes   -I. -I/c/ap13-dcb/openssh-msys-canonical-05/src -I"/c/ap13-dcb/openssh-msys-canonical-05/build/openbsd-compat/include" -I/c/ap13-dcb/openssl-msys-canonical-02/openssl-release-sdk-01/include -I/c/Users/crutkasLocal/.copilot/session-state/f6ea7713-2cec-41d5-b3f9-b4373e60fa33/files/resume-20260907/zlib-msys-01/stage/usr/include -I/c/ap13-dcb/openssl-msys-canonical-02/openssl-release-sdk-01/include -I/c/Users/crutkasLocal/.copilot/session-state/f6ea7713-2cec-41d5-b3f9-b4373e60fa33/files/resume-20260907/zlib-msys-01/stage/usr/include -I/c/ag-e138920f/ssh-libxcrypt-msys-02/stage/usr/include -DSSHDIR=\"/etc/ssh\" -D_PATH_SSH_PROGRAM=\"/usr/bin/ssh\" -D_PATH_SSH_ASKPASS_DEFAULT=\"/usr/lib/ssh/ssh-askpass\" -D_PATH_SFTP_SERVER=\"/usr/lib/ssh/sftp-server\" -D_PATH_SSH_KEY_SIGN=\"/usr/lib/ssh/ssh-keysign\" -D_PATH_SSHD_SESSION=\"/usr/lib/ssh/sshd-session\" -D_PATH_SSHD_AUTH=\"/usr/lib/ssh/sshd-auth\" -D_PATH_SSH_PKCS11_HELPER=\"/usr/lib/ssh/ssh-pkcs11-helper\" -D_PATH_SSH_SK_HELPER=\"/usr/lib/ssh/ssh-sk-helper\" -D_PATH_SSH_PIDDIR=\"/etc/ssh\" -D_PATH_PRIVSEP_CHROOT_DIR=\"/var/empty\" -DHAVE_CONFIG_H -c /c/ap13-dcb/openssh-msys-canonical-05/src/ssherr-libcrypto.c -o ssherr-libcrypto.o
/c/Users/crutkasLocal/.copilot/repos/copilot-worktrees/msys2-woarm64-build/crutkas-didactic-waffle/.github/scripts/msys-openssh-release-gcc -g -O2 -pipe -Wno-error=format-truncation -Wall -Wextra -Wpointer-arith -Wuninitialized -Wsign-compare -Wformat-security -Wsizeof-pointer-memaccess -Wno-pointer-sign -Wno-unused-parameter -Wno-unused-result -Wimplicit-fallthrough -Wmisleading-indentation -fno-strict-aliasing -fno-builtin-memset -Wno-attributes   -I. -I/c/ap13-dcb/openssh-msys-canonical-05/src -I"/c/ap13-dcb/openssh-msys-canonical-05/build/openbsd-compat/include" -I/c/ap13-dcb/openssl-msys-canonical-02/openssl-release-sdk-01/include -I/c/Users/crutkasLocal/.copilot/session-state/f6ea7713-2cec-41d5-b3f9-b4373e60fa33/files/resume-20260907/zlib-msys-01/stage/usr/include -I/c/ap13-dcb/openssl-msys-canonical-02/openssl-release-sdk-01/include -I/c/Users/crutkasLocal/.copilot/session-state/f6ea7713-2cec-41d5-b3f9-b4373e60fa33/files/resume-20260907/zlib-msys-01/stage/usr/include -I/c/ag-e138920f/ssh-libxcrypt-msys-02/stage/usr/include -DSSHDIR=\"/etc/ssh\" -D_PATH_SSH_PROGRAM=\"/usr/bin/ssh\" -D_PATH_SSH_ASKPASS_DEFAULT=\"/usr/lib/ssh/ssh-askpass\" -D_PATH_SFTP_SERVER=\"/usr/lib/ssh/sftp-server\" -D_PATH_SSH_KEY_SIGN=\"/usr/lib/ssh/ssh-keysign\" -D_PATH_SSHD_SESSION=\"/usr/lib/ssh/sshd-session\" -D_PATH_SSHD_AUTH=\"/usr/lib/ssh/sshd-auth\" -D_PATH_SSH_PKCS11_HELPER=\"/usr/lib/ssh/ssh-pkcs11-helper\" -D_PATH_SSH_SK_HELPER=\"/usr/lib/ssh/ssh-sk-helper\" -D_PATH_SSH_PIDDIR=\"/etc/ssh\" -D_PATH_PRIVSEP_CHROOT_DIR=\"/var/empty\" -DHAVE_CONFIG_H -c /c/ap13-dcb/openssh-msys-canonical-05/src/ssh.c -o ssh.o
C:/ap13-dcb/openssh-msys-canonical-05/src/ssherr-libcrypto.c: In function 'ssherr_libcrypto':
C:/ap13-dcb/openssh-msys-canonical-05/src/ssherr-libcrypto.c:40:9: warning: 'ERR_get_error_line_data' is deprecated: Since OpenSSL 3.0 [-Wdeprecated-declarations]
   40 |         while ((e = ERR_get_error_line_data(&file, &ln, &data, &fl)) != 0) {
      |         ^~~~~
In file included from C:/ap13-dcb/openssh-msys-canonical-05/src/ssherr-libcrypto.c:28:
C:/ap13-dcb/openssl-msys-canonical-02/openssl-release-sdk-01/include/openssl/err.h:428:15: note: declared here
  428 | unsigned long ERR_get_error_line_data(const char **file, int *line,
      |               ^~~~~~~~~~~~~~~~~~~~~~~
/c/Users/crutkasLocal/.copilot/repos/copilot-worktrees/msys2-woarm64-build/crutkas-didactic-waffle/.github/scripts/msys-openssh-release-gcc -g -O2 -pipe -Wno-error=format-truncation -Wall -Wextra -Wpointer-arith -Wuninitialized -Wsign-compare -Wformat-security -Wsizeof-pointer-memaccess -Wno-pointer-sign -Wno-unused-parameter -Wno-unused-result -Wimplicit-fallthrough -Wmisleading-indentation -fno-strict-aliasing -fno-builtin-memset -Wno-attributes   -I. -I/c/ap13-dcb/openssh-msys-canonical-05/src -I"/c/ap13-dcb/openssh-msys-canonical-05/build/openbsd-compat/include" -I/c/ap13-dcb/openssl-msys-canonical-02/openssl-release-sdk-01/include -I/c/Users/crutkasLocal/.copilot/session-state/f6ea7713-2cec-41d5-b3f9-b4373e60fa33/files/resume-20260907/zlib-msys-01/stage/usr/include -I/c/ap13-dcb/openssl-msys-canonical-02/openssl-release-sdk-01/include -I/c/Users/crutkasLocal/.copilot/session-state/f6ea7713-2cec-41d5-b3f9-b4373e60fa33/files/resume-20260907/zlib-msys-01/stage/usr/include -I/c/ag-e138920f/ssh-libxcrypt-msys-02/stage/usr/include -DSSHDIR=\"/etc/ssh\" -D_PATH_SSH_PROGRAM=\"/usr/bin/ssh\" -D_PATH_SSH_ASKPASS_DEFAULT=\"/usr/lib/ssh/ssh-askpass\" -D_PATH_SFTP_SERVER=\"/usr/lib/ssh/sftp-server\" -D_PATH_SSH_KEY_SIGN=\"/usr/lib/ssh/ssh-keysign\" -D_PATH_SSHD_SESSION=\"/usr/lib/ssh/sshd-session\" -D_PATH_SSHD_AUTH=\"/usr/lib/ssh/sshd-auth\" -D_PATH_SSH_PKCS11_HELPER=\"/usr/lib/ssh/ssh-pkcs11-helper\" -D_PATH_SSH_SK_HELPER=\"/usr/lib/ssh/ssh-sk-helper\" -D_PATH_SSH_PIDDIR=\"/etc/ssh\" -D_PATH_PRIVSEP_CHROOT_DIR=\"/var/empty\" -DHAVE_CONFIG_H -c /c/ap13-dcb/openssh-msys-canonical-05/src/readconf.c -o readconf.o
/c/Users/crutkasLocal/.copilot/repos/copilot-worktrees/msys2-woarm64-build/crutkas-didactic-waffle/.github/scripts/msys-openssh-release-gcc -g -O2 -pipe -Wno-error=format-truncation -Wall -Wextra -Wpointer-arith -Wuninitialized -Wsign-compare -Wformat-security -Wsizeof-pointer-memaccess -Wno-pointer-sign -Wno-unused-parameter -Wno-unused-result -Wimplicit-fallthrough -Wmisleading-indentation -fno-strict-aliasing -fno-builtin-memset -Wno-attributes   -I. -I/c/ap13-dcb/openssh-msys-canonical-05/src -I"/c/ap13-dcb/openssh-msys-canonical-05/build/openbsd-compat/include" -I/c/ap13-dcb/openssl-msys-canonical-02/openssl-release-sdk-01/include -I/c/Users/crutkasLocal/.copilot/session-state/f6ea7713-2cec-41d5-b3f9-b4373e60fa33/files/resume-20260907/zlib-msys-01/stage/usr/include -I/c/ap13-dcb/openssl-msys-canonical-02/openssl-release-sdk-01/include -I/c/Users/crutkasLocal/.copilot/session-state/f6ea7713-2cec-41d5-b3f9-b4373e60fa33/files/resume-20260907/zlib-msys-01/stage/usr/include -I/c/ag-e138920f/ssh-libxcrypt-msys-02/stage/usr/include -DSSHDIR=\"/etc/ssh\" -D_PATH_SSH_PROGRAM=\"/usr/bin/ssh\" -D_PATH_SSH_ASKPASS_DEFAULT=\"/usr/lib/ssh/ssh-askpass\" -D_PATH_SFTP_SERVER=\"/usr/lib/ssh/sftp-server\" -D_PATH_SSH_KEY_SIGN=\"/usr/lib/ssh/ssh-keysign\" -D_PATH_SSHD_SESSION=\"/usr/lib/ssh/sshd-session\" -D_PATH_SSHD_AUTH=\"/usr/lib/ssh/sshd-auth\" -D_PATH_SSH_PKCS11_HELPER=\"/usr/lib/ssh/ssh-pkcs11-helper\" -D_PATH_SSH_SK_HELPER=\"/usr/lib/ssh/ssh-sk-helper\" -D_PATH_SSH_PIDDIR=\"/etc/ssh\" -D_PATH_PRIVSEP_CHROOT_DIR=\"/var/empty\" -DHAVE_CONFIG_H -c /c/ap13-dcb/openssh-msys-canonical-05/src/clientloop.c -o clientloop.o
/c/Users/crutkasLocal/.copilot/repos/copilot-worktrees/msys2-woarm64-build/crutkas-didactic-waffle/.github/scripts/msys-openssh-release-gcc -g -O2 -pipe -Wno-error=format-truncation -Wall -Wextra -Wpointer-arith -Wuninitialized -Wsign-compare -Wformat-security -Wsizeof-pointer-memaccess -Wno-pointer-sign -Wno-unused-parameter -Wno-unused-result -Wimplicit-fallthrough -Wmisleading-indentation -fno-strict-aliasing -fno-builtin-memset -Wno-attributes   -I. -I/c/ap13-dcb/openssh-msys-canonical-05/src -I"/c/ap13-dcb/openssh-msys-canonical-05/build/openbsd-compat/include" -I/c/ap13-dcb/openssl-msys-canonical-02/openssl-release-sdk-01/include -I/c/Users/crutkasLocal/.copilot/session-state/f6ea7713-2cec-41d5-b3f9-b4373e60fa33/files/resume-20260907/zlib-msys-01/stage/usr/include -I/c/ap13-dcb/openssl-msys-canonical-02/openssl-release-sdk-01/include -I/c/Users/crutkasLocal/.copilot/session-state/f6ea7713-2cec-41d5-b3f9-b4373e60fa33/files/resume-20260907/zlib-msys-01/stage/usr/include -I/c/ag-e138920f/ssh-libxcrypt-msys-02/stage/usr/include -DSSHDIR=\"/etc/ssh\" -D_PATH_SSH_PROGRAM=\"/usr/bin/ssh\" -D_PATH_SSH_ASKPASS_DEFAULT=\"/usr/lib/ssh/ssh-askpass\" -D_PATH_SFTP_SERVER=\"/usr/lib/ssh/sftp-server\" -D_PATH_SSH_KEY_SIGN=\"/usr/lib/ssh/ssh-keysign\" -D_PATH_SSHD_SESSION=\"/usr/lib/ssh/sshd-session\" -D_PATH_SSHD_AUTH=\"/usr/lib/ssh/sshd-auth\" -D_PATH_SSH_PKCS11_HELPER=\"/usr/lib/ssh/ssh-pkcs11-helper\" -D_PATH_SSH_SK_HELPER=\"/usr/lib/ssh/ssh-sk-helper\" -D_PATH_SSH_PIDDIR=\"/etc/ssh\" -D_PATH_PRIVSEP_CHROOT_DIR=\"/var/empty\" -DHAVE_CONFIG_H -c /c/ap13-dcb/openssh-msys-canonical-05/src/sshtty.c -o sshtty.o
/c/Users/crutkasLocal/.copilot/repos/copilot-worktrees/msys2-woarm64-build/crutkas-didactic-waffle/.github/scripts/msys-openssh-release-gcc -g -O2 -pipe -Wno-error=format-truncation -Wall -Wextra -Wpointer-arith -Wuninitialized -Wsign-compare -Wformat-security -Wsizeof-pointer-memaccess -Wno-pointer-sign -Wno-unused-parameter -Wno-unused-result -Wimplicit-fallthrough -Wmisleading-indentation -fno-strict-aliasing -fno-builtin-memset -Wno-attributes   -I. -I/c/ap13-dcb/openssh-msys-canonical-05/src -I"/c/ap13-dcb/openssh-msys-canonical-05/build/openbsd-compat/include" -I/c/ap13-dcb/openssl-msys-canonical-02/openssl-release-sdk-01/include -I/c/Users/crutkasLocal/.copilot/session-state/f6ea7713-2cec-41d5-b3f9-b4373e60fa33/files/resume-20260907/zlib-msys-01/stage/usr/include -I/c/ap13-dcb/openssl-msys-canonical-02/openssl-release-sdk-01/include -I/c/Users/crutkasLocal/.copilot/session-state/f6ea7713-2cec-41d5-b3f9-b4373e60fa33/files/resume-20260907/zlib-msys-01/stage/usr/include -I/c/ag-e138920f/ssh-libxcrypt-msys-02/stage/usr/include -DSSHDIR=\"/etc/ssh\" -D_PATH_SSH_PROGRAM=\"/usr/bin/ssh\" -D_PATH_SSH_ASKPASS_DEFAULT=\"/usr/lib/ssh/ssh-askpass\" -D_PATH_SFTP_SERVER=\"/usr/lib/ssh/sftp-server\" -D_PATH_SSH_KEY_SIGN=\"/usr/lib/ssh/ssh-keysign\" -D_PATH_SSHD_SESSION=\"/usr/lib/ssh/sshd-session\" -D_PATH_SSHD_AUTH=\"/usr/lib/ssh/sshd-auth\" -D_PATH_SSH_PKCS11_HELPER=\"/usr/lib/ssh/ssh-pkcs11-helper\" -D_PATH_SSH_SK_HELPER=\"/usr/lib/ssh/ssh-sk-helper\" -D_PATH_SSH_PIDDIR=\"/etc/ssh\" -D_PATH_PRIVSEP_CHROOT_DIR=\"/var/empty\" -DHAVE_CONFIG_H -c /c/ap13-dcb/openssh-msys-canonical-05/src/sshconnect.c -o sshconnect.o
/c/Users/crutkasLocal/.copilot/repos/copilot-worktrees/msys2-woarm64-build/crutkas-didactic-waffle/.github/scripts/msys-openssh-release-gcc -g -O2 -pipe -Wno-error=format-truncation -Wall -Wextra -Wpointer-arith -Wuninitialized -Wsign-compare -Wformat-security -Wsizeof-pointer-memaccess -Wno-pointer-sign -Wno-unused-parameter -Wno-unused-result -Wimplicit-fallthrough -Wmisleading-indentation -fno-strict-aliasing -fno-builtin-memset -Wno-attributes   -I. -I/c/ap13-dcb/openssh-msys-canonical-05/src -I"/c/ap13-dcb/openssh-msys-canonical-05/build/openbsd-compat/include" -I/c/ap13-dcb/openssl-msys-canonical-02/openssl-release-sdk-01/include -I/c/Users/crutkasLocal/.copilot/session-state/f6ea7713-2cec-41d5-b3f9-b4373e60fa33/files/resume-20260907/zlib-msys-01/stage/usr/include -I/c/ap13-dcb/openssl-msys-canonical-02/openssl-release-sdk-01/include -I/c/Users/crutkasLocal/.copilot/session-state/f6ea7713-2cec-41d5-b3f9-b4373e60fa33/files/resume-20260907/zlib-msys-01/stage/usr/include -I/c/ag-e138920f/ssh-libxcrypt-msys-02/stage/usr/include -DSSHDIR=\"/etc/ssh\" -D_PATH_SSH_PROGRAM=\"/usr/bin/ssh\" -D_PATH_SSH_ASKPASS_DEFAULT=\"/usr/lib/ssh/ssh-askpass\" -D_PATH_SFTP_SERVER=\"/usr/lib/ssh/sftp-server\" -D_PATH_SSH_KEY_SIGN=\"/usr/lib/ssh/ssh-keysign\" -D_PATH_SSHD_SESSION=\"/usr/lib/ssh/sshd-session\" -D_PATH_SSHD_AUTH=\"/usr/lib/ssh/sshd-auth\" -D_PATH_SSH_PKCS11_HELPER=\"/usr/lib/ssh/ssh-pkcs11-helper\" -D_PATH_SSH_SK_HELPER=\"/usr/lib/ssh/ssh-sk-helper\" -D_PATH_SSH_PIDDIR=\"/etc/ssh\" -D_PATH_PRIVSEP_CHROOT_DIR=\"/var/empty\" -DHAVE_CONFIG_H -c /c/ap13-dcb/openssh-msys-canonical-05/src/sshconnect2.c -o sshconnect2.o
C:/ap13-dcb/openssh-msys-canonical-05/src/sshconnect.c: In function 'check_ifaddrs':
C:/ap13-dcb/openssh-msys-canonical-05/src/sshconnect.c:348:44: warning: comparison of integer expressions of different signedness: 'socklen_t' {aka 'int'} and 'long unsigned int' [-Wsign-compare]
  348 |                                 if (*rlenp < sizeof(struct sockaddr_in)) {
      |                                            ^
C:/ap13-dcb/openssh-msys-canonical-05/src/sshconnect.c:362:44: warning: comparison of integer expressions of different signedness: 'socklen_t' {aka 'int'} and 'long unsigned int' [-Wsign-compare]
  362 |                                 if (*rlenp < sizeof(struct sockaddr_in6)) {
      |                                            ^
/c/Users/crutkasLocal/.copilot/repos/copilot-worktrees/msys2-woarm64-build/crutkas-didactic-waffle/.github/scripts/msys-openssh-release-gcc -g -O2 -pipe -Wno-error=format-truncation -Wall -Wextra -Wpointer-arith -Wuninitialized -Wsign-compare -Wformat-security -Wsizeof-pointer-memaccess -Wno-pointer-sign -Wno-unused-parameter -Wno-unused-result -Wimplicit-fallthrough -Wmisleading-indentation -fno-strict-aliasing -fno-builtin-memset -Wno-attributes   -I. -I/c/ap13-dcb/openssh-msys-canonical-05/src -I"/c/ap13-dcb/openssh-msys-canonical-05/build/openbsd-compat/include" -I/c/ap13-dcb/openssl-msys-canonical-02/openssl-release-sdk-01/include -I/c/Users/crutkasLocal/.copilot/session-state/f6ea7713-2cec-41d5-b3f9-b4373e60fa33/files/resume-20260907/zlib-msys-01/stage/usr/include -I/c/ap13-dcb/openssl-msys-canonical-02/openssl-release-sdk-01/include -I/c/Users/crutkasLocal/.copilot/session-state/f6ea7713-2cec-41d5-b3f9-b4373e60fa33/files/resume-20260907/zlib-msys-01/stage/usr/include -I/c/ag-e138920f/ssh-libxcrypt-msys-02/stage/usr/include -DSSHDIR=\"/etc/ssh\" -D_PATH_SSH_PROGRAM=\"/usr/bin/ssh\" -D_PATH_SSH_ASKPASS_DEFAULT=\"/usr/lib/ssh/ssh-askpass\" -D_PATH_SFTP_SERVER=\"/usr/lib/ssh/sftp-server\" -D_PATH_SSH_KEY_SIGN=\"/usr/lib/ssh/ssh-keysign\" -D_PATH_SSHD_SESSION=\"/usr/lib/ssh/sshd-session\" -D_PATH_SSHD_AUTH=\"/usr/lib/ssh/sshd-auth\" -D_PATH_SSH_PKCS11_HELPER=\"/usr/lib/ssh/ssh-pkcs11-helper\" -D_PATH_SSH_SK_HELPER=\"/usr/lib/ssh/ssh-sk-helper\" -D_PATH_SSH_PIDDIR=\"/etc/ssh\" -D_PATH_PRIVSEP_CHROOT_DIR=\"/var/empty\" -DHAVE_CONFIG_H -c /c/ap13-dcb/openssh-msys-canonical-05/src/mux.c -o mux.o
/c/Users/crutkasLocal/.copilot/repos/copilot-worktrees/msys2-woarm64-build/crutkas-didactic-waffle/.github/scripts/msys-openssh-release-gcc -g -O2 -pipe -Wno-error=format-truncation -Wall -Wextra -Wpointer-arith -Wuninitialized -Wsign-compare -Wformat-security -Wsizeof-pointer-memaccess -Wno-pointer-sign -Wno-unused-parameter -Wno-unused-result -Wimplicit-fallthrough -Wmisleading-indentation -fno-strict-aliasing -fno-builtin-memset -Wno-attributes   -I. -I/c/ap13-dcb/openssh-msys-canonical-05/src -I"/c/ap13-dcb/openssh-msys-canonical-05/build/openbsd-compat/include" -I/c/ap13-dcb/openssl-msys-canonical-02/openssl-release-sdk-01/include -I/c/Users/crutkasLocal/.copilot/session-state/f6ea7713-2cec-41d5-b3f9-b4373e60fa33/files/resume-20260907/zlib-msys-01/stage/usr/include -I/c/ap13-dcb/openssl-msys-canonical-02/openssl-release-sdk-01/include -I/c/Users/crutkasLocal/.copilot/session-state/f6ea7713-2cec-41d5-b3f9-b4373e60fa33/files/resume-20260907/zlib-msys-01/stage/usr/include -I/c/ag-e138920f/ssh-libxcrypt-msys-02/stage/usr/include -DSSHDIR=\"/etc/ssh\" -D_PATH_SSH_PROGRAM=\"/usr/bin/ssh\" -D_PATH_SSH_ASKPASS_DEFAULT=\"/usr/lib/ssh/ssh-askpass\" -D_PATH_SFTP_SERVER=\"/usr/lib/ssh/sftp-server\" -D_PATH_SSH_KEY_SIGN=\"/usr/lib/ssh/ssh-keysign\" -D_PATH_SSHD_SESSION=\"/usr/lib/ssh/sshd-session\" -D_PATH_SSHD_AUTH=\"/usr/lib/ssh/sshd-auth\" -D_PATH_SSH_PKCS11_HELPER=\"/usr/lib/ssh/ssh-pkcs11-helper\" -D_PATH_SSH_SK_HELPER=\"/usr/lib/ssh/ssh-sk-helper\" -D_PATH_SSH_PIDDIR=\"/etc/ssh\" -D_PATH_PRIVSEP_CHROOT_DIR=\"/var/empty\" -DHAVE_CONFIG_H -c /c/ap13-dcb/openssh-msys-canonical-05/src/ssh-pkcs11.c -o ssh-pkcs11.o
C:/ap13-dcb/openssh-msys-canonical-05/src/ssh-pkcs11.c: In function 'pkcs11_fetch_ecdsa_pubkey':
C:/ap13-dcb/openssh-msys-canonical-05/src/ssh-pkcs11.c:903:9: warning: 'EC_KEY_new' is deprecated: Since OpenSSL 3.0 [-Wdeprecated-declarations]
  903 |         ec = EC_KEY_new();
      |         ^~
In file included from C:/ap13-dcb/openssl-msys-canonical-02/openssl-release-sdk-01/include/openssl/ecdsa.h:10,
                 from C:/ap13-dcb/openssh-msys-canonical-05/src/openbsd-compat/openssl-compat.h:28,
                 from C:/ap13-dcb/openssh-msys-canonical-05/src/ssh-pkcs11.c:34:
C:/ap13-dcb/openssl-msys-canonical-02/openssl-release-sdk-01/include/openssl/ec.h:979:31: note: declared here
  979 | OSSL_DEPRECATEDIN_3_0 EC_KEY *EC_KEY_new(void);
      |                               ^~~~~~~~~~
C:/ap13-dcb/openssh-msys-canonical-05/src/ssh-pkcs11.c:916:9: warning: 'EC_KEY_set_group' is deprecated: Since OpenSSL 3.0 [-Wdeprecated-declarations]
  916 |         if (EC_KEY_set_group(ec, group) == 0) {
      |         ^~
C:/ap13-dcb/openssl-msys-canonical-02/openssl-release-sdk-01/include/openssl/ec.h:1053:27: note: declared here
 1053 | OSSL_DEPRECATEDIN_3_0 int EC_KEY_set_group(EC_KEY *key, const EC_GROUP *group);
      |                           ^~~~~~~~~~~~~~~~
C:/ap13-dcb/openssh-msys-canonical-05/src/ssh-pkcs11.c:933:9: warning: 'o2i_ECPublicKey' is deprecated: Since OpenSSL 3.0 [-Wdeprecated-declarations]
  933 |         if (o2i_ECPublicKey(&ec, &attrp, ASN1_STRING_length(octet)) == NULL) {
      |         ^~
C:/ap13-dcb/openssl-msys-canonical-02/openssl-release-sdk-01/include/openssl/ec.h:1247:31: note: declared here
 1247 | OSSL_DEPRECATEDIN_3_0 EC_KEY *o2i_ECPublicKey(EC_KEY **key,
      |                               ^~~~~~~~~~~~~~~
C:/ap13-dcb/openssh-msys-canonical-05/src/ssh-pkcs11.c:937:9: warning: 'EC_KEY_get0_group' is deprecated: Since OpenSSL 3.0 [-Wdeprecated-declarations]
  937 |         if ((r = sshkey_ec_validate_public(EC_KEY_get0_group(ec),
      |         ^~
C:/ap13-dcb/openssl-msys-canonical-02/openssl-release-sdk-01/include/openssl/ec.h:1045:39: note: declared here
 1045 | OSSL_DEPRECATEDIN_3_0 const EC_GROUP *EC_KEY_get0_group(const EC_KEY *key);
      |                                       ^~~~~~~~~~~~~~~~~
C:/ap13-dcb/openssh-msys-canonical-05/src/ssh-pkcs11.c:938:13: warning: 'EC_KEY_get0_public_key' is deprecated: Since OpenSSL 3.0 [-Wdeprecated-declarations]
  938 |             EC_KEY_get0_public_key(ec))) != 0) {
      |             ^~~~~~~~~~~~~~~~~~~~~~
C:/ap13-dcb/openssl-msys-canonical-02/openssl-release-sdk-01/include/openssl/ec.h:1073:39: note: declared here
 1073 | OSSL_DEPRECATEDIN_3_0 const EC_POINT *EC_KEY_get0_public_key(const EC_KEY *key);
      |                                       ^~~~~~~~~~~~~~~~~~~~~~
C:/ap13-dcb/openssh-msys-canonical-05/src/ssh-pkcs11.c:958:9: warning: 'EVP_PKEY_set1_EC_KEY' is deprecated: Since OpenSSL 3.0 [-Wdeprecated-declarations]
  958 |         if (EVP_PKEY_set1_EC_KEY(key->pkey, ec) != 1)
      |         ^~
In file included from C:/ap13-dcb/openssh-msys-canonical-05/src/openbsd-compat/openssl-compat.h:25:
C:/ap13-dcb/openssl-msys-canonical-02/openssl-release-sdk-01/include/openssl/evp.h:1429:5: note: declared here
 1429 | int EVP_PKEY_set1_EC_KEY(EVP_PKEY *pkey, struct ec_key_st *key);
      |     ^~~~~~~~~~~~~~~~~~~~
C:/ap13-dcb/openssh-msys-canonical-05/src/ssh-pkcs11.c:975:17: warning: 'EC_KEY_free' is deprecated: Since OpenSSL 3.0 [-Wdeprecated-declarations]
  975 |                 EC_KEY_free(ec);
      |                 ^~~~~~~~~~~
C:/ap13-dcb/openssl-msys-canonical-02/openssl-release-sdk-01/include/openssl/ec.h:1014:28: note: declared here
 1014 | OSSL_DEPRECATEDIN_3_0 void EC_KEY_free(EC_KEY *key);
      |                            ^~~~~~~~~~~
C:/ap13-dcb/openssh-msys-canonical-05/src/ssh-pkcs11.c: In function 'pkcs11_fetch_rsa_pubkey':
C:/ap13-dcb/openssh-msys-canonical-05/src/ssh-pkcs11.c:1035:9: warning: 'RSA_new' is deprecated: Since OpenSSL 3.0 [-Wdeprecated-declarations]
 1035 |         rsa = RSA_new();
      |         ^~~
In file included from C:/ap13-dcb/openssh-msys-canonical-05/src/openbsd-compat/openssl-compat.h:27:
C:/ap13-dcb/openssl-msys-canonical-02/openssl-release-sdk-01/include/openssl/rsa.h:212:28: note: declared here
  212 | OSSL_DEPRECATEDIN_3_0 RSA *RSA_new(void);
      |                            ^~~~~~~
C:/ap13-dcb/openssh-msys-canonical-05/src/ssh-pkcs11.c:1047:9: warning: 'RSA_set0_key' is deprecated: Since OpenSSL 3.0 [-Wdeprecated-declarations]
 1047 |         if (!RSA_set0_key(rsa, rsa_n, rsa_e, NULL))
      |         ^~
C:/ap13-dcb/openssl-msys-canonical-02/openssl-release-sdk-01/include/openssl/rsa.h:218:27: note: declared here
  218 | OSSL_DEPRECATEDIN_3_0 int RSA_set0_key(RSA *r, BIGNUM *n, BIGNUM *e, BIGNUM *d);
      |                           ^~~~~~~~~~~~
C:/ap13-dcb/openssh-msys-canonical-05/src/ssh-pkcs11.c:1060:9: warning: 'EVP_PKEY_set1_RSA' is deprecated: Since OpenSSL 3.0 [-Wdeprecated-declarations]
 1060 |         if (EVP_PKEY_set1_RSA(key->pkey, rsa) != 1)
      |         ^~
C:/ap13-dcb/openssl-msys-canonical-02/openssl-release-sdk-01/include/openssl/evp.h:1403:5: note: declared here
 1403 | int EVP_PKEY_set1_RSA(EVP_PKEY *pkey, struct rsa_st *key);
      |     ^~~~~~~~~~~~~~~~~
C:/ap13-dcb/openssh-msys-canonical-05/src/ssh-pkcs11.c:1076:9: warning: 'RSA_free' is deprecated: Since OpenSSL 3.0 [-Wdeprecated-declarations]
 1076 |         RSA_free(rsa);
      |         ^~~~~~~~
C:/ap13-dcb/openssl-msys-canonical-02/openssl-release-sdk-01/include/openssl/rsa.h:303:28: note: declared here
  303 | OSSL_DEPRECATEDIN_3_0 void RSA_free(RSA *r);
      |                            ^~~~~~~~
C:/ap13-dcb/openssh-msys-canonical-05/src/ssh-pkcs11.c: In function 'pkcs11_fetch_x509_pubkey':
C:/ap13-dcb/openssh-msys-canonical-05/src/ssh-pkcs11.c:1277:17: warning: 'EVP_PKEY_get0_RSA' is deprecated: Since OpenSSL 3.0 [-Wdeprecated-declarations]
 1277 |                 if (EVP_PKEY_get0_RSA(evp) == NULL) {
      |                 ^~
C:/ap13-dcb/openssl-msys-canonical-02/openssl-release-sdk-01/include/openssl/evp.h:1405:22: note: declared here
 1405 | const struct rsa_st *EVP_PKEY_get0_RSA(const EVP_PKEY *pkey);
      |                      ^~~~~~~~~~~~~~~~~
C:/ap13-dcb/openssh-msys-canonical-05/src/ssh-pkcs11.c:1281:17: warning: 'RSAPublicKey_dup' is deprecated: Since OpenSSL 3.0 [-Wdeprecated-declarations]
 1281 |                 if ((rsa = RSAPublicKey_dup(EVP_PKEY_get0_RSA(evp))) == NULL) {
      |                 ^~
In file included from C:/ap13-dcb/openssl-msys-canonical-02/openssl-release-sdk-01/include/openssl/objects.h:21,
                 from C:/ap13-dcb/openssl-msys-canonical-02/openssl-release-sdk-01/include/openssl/evp.h:47:
C:/ap13-dcb/openssl-msys-canonical-02/openssl-release-sdk-01/include/openssl/rsa.h:458:65: note: declared here
  458 | DECLARE_ASN1_DUP_FUNCTION_name_attr(OSSL_DEPRECATEDIN_3_0, RSA, RSAPublicKey)
      |                                                                 ^~~~~~~~~~~~
C:/ap13-dcb/openssl-msys-canonical-02/openssl-release-sdk-01/include/openssl/asn1.h:344:16: note: in definition of macro 'DECLARE_ASN1_DUP_FUNCTION_name_attr'
  344 |     attr type *name##_dup(const type *a);
      |                ^~~~
C:/ap13-dcb/openssh-msys-canonical-05/src/ssh-pkcs11.c:1281:17: warning: 'EVP_PKEY_get0_RSA' is deprecated: Since OpenSSL 3.0 [-Wdeprecated-declarations]
 1281 |                 if ((rsa = RSAPublicKey_dup(EVP_PKEY_get0_RSA(evp))) == NULL) {
      |                 ^~
C:/ap13-dcb/openssl-msys-canonical-02/openssl-release-sdk-01/include/openssl/evp.h:1405:22: note: declared here
 1405 | const struct rsa_st *EVP_PKEY_get0_RSA(const EVP_PKEY *pkey);
      |                      ^~~~~~~~~~~~~~~~~
C:/ap13-dcb/openssh-msys-canonical-05/src/ssh-pkcs11.c:1295:17: warning: 'EVP_PKEY_set1_RSA' is deprecated: Since OpenSSL 3.0 [-Wdeprecated-declarations]
 1295 |                 if (EVP_PKEY_set1_RSA(key->pkey, rsa) != 1)
      |                 ^~
C:/ap13-dcb/openssl-msys-canonical-02/openssl-release-sdk-01/include/openssl/evp.h:1403:5: note: declared here
 1403 | int EVP_PKEY_set1_RSA(EVP_PKEY *pkey, struct rsa_st *key);
      |     ^~~~~~~~~~~~~~~~~
C:/ap13-dcb/openssh-msys-canonical-05/src/ssh-pkcs11.c:1310:17: warning: 'EVP_PKEY_get0_EC_KEY' is deprecated: Since OpenSSL 3.0 [-Wdeprecated-declarations]
 1310 |                 if (EVP_PKEY_get0_EC_KEY(evp) == NULL) {
      |                 ^~
C:/ap13-dcb/openssl-msys-canonical-02/openssl-release-sdk-01/include/openssl/evp.h:1431:25: note: declared here
 1431 | const struct ec_key_st *EVP_PKEY_get0_EC_KEY(const EVP_PKEY *pkey);
      |                         ^~~~~~~~~~~~~~~~~~~~
C:/ap13-dcb/openssh-msys-canonical-05/src/ssh-pkcs11.c:1314:17: warning: 'EC_KEY_dup' is deprecated: Since OpenSSL 3.0 [-Wdeprecated-declarations]
 1314 |                 if ((ec = EC_KEY_dup(EVP_PKEY_get0_EC_KEY(evp))) == NULL) {
      |                 ^~
C:/ap13-dcb/openssl-msys-canonical-02/openssl-release-sdk-01/include/openssl/ec.h:1027:31: note: declared here
 1027 | OSSL_DEPRECATEDIN_3_0 EC_KEY *EC_KEY_dup(const EC_KEY *src);
      |                               ^~~~~~~~~~
C:/ap13-dcb/openssh-msys-canonical-05/src/ssh-pkcs11.c:1314:17: warning: 'EVP_PKEY_get0_EC_KEY' is deprecated: Since OpenSSL 3.0 [-Wdeprecated-declarations]
 1314 |                 if ((ec = EC_KEY_dup(EVP_PKEY_get0_EC_KEY(evp))) == NULL) {
      |                 ^~
C:/ap13-dcb/openssl-msys-canonical-02/openssl-release-sdk-01/include/openssl/evp.h:1431:25: note: declared here
 1431 | const struct ec_key_st *EVP_PKEY_get0_EC_KEY(const EVP_PKEY *pkey);
      |                         ^~~~~~~~~~~~~~~~~~~~
C:/ap13-dcb/openssh-msys-canonical-05/src/ssh-pkcs11.c:1318:17: warning: 'EC_KEY_get0_group' is deprecated: Since OpenSSL 3.0 [-Wdeprecated-declarations]
 1318 |                 if ((r = sshkey_ec_validate_public(EC_KEY_get0_group(ec),
      |                 ^~
C:/ap13-dcb/openssl-msys-canonical-02/openssl-release-sdk-01/include/openssl/ec.h:1045:39: note: declared here
 1045 | OSSL_DEPRECATEDIN_3_0 const EC_GROUP *EC_KEY_get0_group(const EC_KEY *key);
      |                                       ^~~~~~~~~~~~~~~~~
C:/ap13-dcb/openssh-msys-canonical-05/src/ssh-pkcs11.c:1319:21: warning: 'EC_KEY_get0_public_key' is deprecated: Since OpenSSL 3.0 [-Wdeprecated-declarations]
 1319 |                     EC_KEY_get0_public_key(ec))) != 0) {
      |                     ^~~~~~~~~~~~~~~~~~~~~~
C:/ap13-dcb/openssl-msys-canonical-02/openssl-release-sdk-01/include/openssl/ec.h:1073:39: note: declared here
 1073 | OSSL_DEPRECATEDIN_3_0 const EC_POINT *EC_KEY_get0_public_key(const EC_KEY *key);
      |                                       ^~~~~~~~~~~~~~~~~~~~~~
C:/ap13-dcb/openssh-msys-canonical-05/src/ssh-pkcs11.c:1338:17: warning: 'EVP_PKEY_set1_EC_KEY' is deprecated: Since OpenSSL 3.0 [-Wdeprecated-declarations]
 1338 |                 if (EVP_PKEY_set1_EC_KEY(key->pkey, ec) != 1)
      |                 ^~
C:/ap13-dcb/openssl-msys-canonical-02/openssl-release-sdk-01/include/openssl/evp.h:1429:5: note: declared here
 1429 | int EVP_PKEY_set1_EC_KEY(EVP_PKEY *pkey, struct ec_key_st *key);
      |     ^~~~~~~~~~~~~~~~~~~~
C:/ap13-dcb/openssh-msys-canonical-05/src/ssh-pkcs11.c:1377:9: warning: 'RSA_free' is deprecated: Since OpenSSL 3.0 [-Wdeprecated-declarations]
 1377 |         RSA_free(rsa);
      |         ^~~~~~~~
C:/ap13-dcb/openssl-msys-canonical-02/openssl-release-sdk-01/include/openssl/rsa.h:303:28: note: declared here
  303 | OSSL_DEPRECATEDIN_3_0 void RSA_free(RSA *r);
      |                            ^~~~~~~~
C:/ap13-dcb/openssh-msys-canonical-05/src/ssh-pkcs11.c:1378:9: warning: 'EC_KEY_free' is deprecated: Since OpenSSL 3.0 [-Wdeprecated-declarations]
 1378 |         EC_KEY_free(ec);
      |         ^~~~~~~~~~~
C:/ap13-dcb/openssl-msys-canonical-02/openssl-release-sdk-01/include/openssl/ec.h:1014:28: note: declared here
 1014 | OSSL_DEPRECATEDIN_3_0 void EC_KEY_free(EC_KEY *key);
      |                            ^~~~~~~~~~~
/c/Users/crutkasLocal/.copilot/repos/copilot-worktrees/msys2-woarm64-build/crutkas-didactic-waffle/.github/scripts/msys-openssh-release-gcc -g -O2 -pipe -Wno-error=format-truncation -Wall -Wextra -Wpointer-arith -Wuninitialized -Wsign-compare -Wformat-security -Wsizeof-pointer-memaccess -Wno-pointer-sign -Wno-unused-parameter -Wno-unused-result -Wimplicit-fallthrough -Wmisleading-indentation -fno-strict-aliasing -fno-builtin-memset -Wno-attributes   -I. -I/c/ap13-dcb/openssh-msys-canonical-05/src -I"/c/ap13-dcb/openssh-msys-canonical-05/build/openbsd-compat/include" -I/c/ap13-dcb/openssl-msys-canonical-02/openssl-release-sdk-01/include -I/c/Users/crutkasLocal/.copilot/session-state/f6ea7713-2cec-41d5-b3f9-b4373e60fa33/files/resume-20260907/zlib-msys-01/stage/usr/include -I/c/ap13-dcb/openssl-msys-canonical-02/openssl-release-sdk-01/include -I/c/Users/crutkasLocal/.copilot/session-state/f6ea7713-2cec-41d5-b3f9-b4373e60fa33/files/resume-20260907/zlib-msys-01/stage/usr/include -I/c/ag-e138920f/ssh-libxcrypt-msys-02/stage/usr/include -DSSHDIR=\"/etc/ssh\" -D_PATH_SSH_PROGRAM=\"/usr/bin/ssh\" -D_PATH_SSH_ASKPASS_DEFAULT=\"/usr/lib/ssh/ssh-askpass\" -D_PATH_SFTP_SERVER=\"/usr/lib/ssh/sftp-server\" -D_PATH_SSH_KEY_SIGN=\"/usr/lib/ssh/ssh-keysign\" -D_PATH_SSHD_SESSION=\"/usr/lib/ssh/sshd-session\" -D_PATH_SSHD_AUTH=\"/usr/lib/ssh/sshd-auth\" -D_PATH_SSH_PKCS11_HELPER=\"/usr/lib/ssh/ssh-pkcs11-helper\" -D_PATH_SSH_SK_HELPER=\"/usr/lib/ssh/ssh-sk-helper\" -D_PATH_SSH_PIDDIR=\"/etc/ssh\" -D_PATH_PRIVSEP_CHROOT_DIR=\"/var/empty\" -DHAVE_CONFIG_H -c /c/ap13-dcb/openssh-msys-canonical-05/src/ssh-sk-client.c -o ssh-sk-client.o
/c/Users/crutkasLocal/.copilot/repos/copilot-worktrees/msys2-woarm64-build/crutkas-didactic-waffle/.github/scripts/msys-openssh-release-gcc -g -O2 -pipe -Wno-error=format-truncation -Wall -Wextra -Wpointer-arith -Wuninitialized -Wsign-compare -Wformat-security -Wsizeof-pointer-memaccess -Wno-pointer-sign -Wno-unused-parameter -Wno-unused-result -Wimplicit-fallthrough -Wmisleading-indentation -fno-strict-aliasing -fno-builtin-memset -Wno-attributes   -I. -I/c/ap13-dcb/openssh-msys-canonical-05/src -I"/c/ap13-dcb/openssh-msys-canonical-05/build/openbsd-compat/include" -I/c/ap13-dcb/openssl-msys-canonical-02/openssl-release-sdk-01/include -I/c/Users/crutkasLocal/.copilot/session-state/f6ea7713-2cec-41d5-b3f9-b4373e60fa33/files/resume-20260907/zlib-msys-01/stage/usr/include -I/c/ap13-dcb/openssl-msys-canonical-02/openssl-release-sdk-01/include -I/c/Users/crutkasLocal/.copilot/session-state/f6ea7713-2cec-41d5-b3f9-b4373e60fa33/files/resume-20260907/zlib-msys-01/stage/usr/include -I/c/ag-e138920f/ssh-libxcrypt-msys-02/stage/usr/include -DSSHDIR=\"/etc/ssh\" -D_PATH_SSH_PROGRAM=\"/usr/bin/ssh\" -D_PATH_SSH_ASKPASS_DEFAULT=\"/usr/lib/ssh/ssh-askpass\" -D_PATH_SFTP_SERVER=\"/usr/lib/ssh/sftp-server\" -D_PATH_SSH_KEY_SIGN=\"/usr/lib/ssh/ssh-keysign\" -D_PATH_SSHD_SESSION=\"/usr/lib/ssh/sshd-session\" -D_PATH_SSHD_AUTH=\"/usr/lib/ssh/sshd-auth\" -D_PATH_SSH_PKCS11_HELPER=\"/usr/lib/ssh/ssh-pkcs11-helper\" -D_PATH_SSH_SK_HELPER=\"/usr/lib/ssh/ssh-sk-helper\" -D_PATH_SSH_PIDDIR=\"/etc/ssh\" -D_PATH_PRIVSEP_CHROOT_DIR=\"/var/empty\" -DHAVE_CONFIG_H -c /c/ap13-dcb/openssh-msys-canonical-05/src/sshd.c -o sshd.o
/c/Users/crutkasLocal/.copilot/repos/copilot-worktrees/msys2-woarm64-build/crutkas-didactic-waffle/.github/scripts/msys-openssh-release-gcc -g -O2 -pipe -Wno-error=format-truncation -Wall -Wextra -Wpointer-arith -Wuninitialized -Wsign-compare -Wformat-security -Wsizeof-pointer-memaccess -Wno-pointer-sign -Wno-unused-parameter -Wno-unused-result -Wimplicit-fallthrough -Wmisleading-indentation -fno-strict-aliasing -fno-builtin-memset -Wno-attributes   -I. -I/c/ap13-dcb/openssh-msys-canonical-05/src -I"/c/ap13-dcb/openssh-msys-canonical-05/build/openbsd-compat/include" -I/c/ap13-dcb/openssl-msys-canonical-02/openssl-release-sdk-01/include -I/c/Users/crutkasLocal/.copilot/session-state/f6ea7713-2cec-41d5-b3f9-b4373e60fa33/files/resume-20260907/zlib-msys-01/stage/usr/include -I/c/ap13-dcb/openssl-msys-canonical-02/openssl-release-sdk-01/include -I/c/Users/crutkasLocal/.copilot/session-state/f6ea7713-2cec-41d5-b3f9-b4373e60fa33/files/resume-20260907/zlib-msys-01/stage/usr/include -I/c/ag-e138920f/ssh-libxcrypt-msys-02/stage/usr/include -DSSHDIR=\"/etc/ssh\" -D_PATH_SSH_PROGRAM=\"/usr/bin/ssh\" -D_PATH_SSH_ASKPASS_DEFAULT=\"/usr/lib/ssh/ssh-askpass\" -D_PATH_SFTP_SERVER=\"/usr/lib/ssh/sftp-server\" -D_PATH_SSH_KEY_SIGN=\"/usr/lib/ssh/ssh-keysign\" -D_PATH_SSHD_SESSION=\"/usr/lib/ssh/sshd-session\" -D_PATH_SSHD_AUTH=\"/usr/lib/ssh/sshd-auth\" -D_PATH_SSH_PKCS11_HELPER=\"/usr/lib/ssh/ssh-pkcs11-helper\" -D_PATH_SSH_SK_HELPER=\"/usr/lib/ssh/ssh-sk-helper\" -D_PATH_SSH_PIDDIR=\"/etc/ssh\" -D_PATH_PRIVSEP_CHROOT_DIR=\"/var/empty\" -DHAVE_CONFIG_H -c /c/ap13-dcb/openssh-msys-canonical-05/src/platform-listen.c -o platform-listen.o
/c/Users/crutkasLocal/.copilot/repos/copilot-worktrees/msys2-woarm64-build/crutkas-didactic-waffle/.github/scripts/msys-openssh-release-gcc -g -O2 -pipe -Wno-error=format-truncation -Wall -Wextra -Wpointer-arith -Wuninitialized -Wsign-compare -Wformat-security -Wsizeof-pointer-memaccess -Wno-pointer-sign -Wno-unused-parameter -Wno-unused-result -Wimplicit-fallthrough -Wmisleading-indentation -fno-strict-aliasing -fno-builtin-memset -Wno-attributes   -I. -I/c/ap13-dcb/openssh-msys-canonical-05/src -I"/c/ap13-dcb/openssh-msys-canonical-05/build/openbsd-compat/include" -I/c/ap13-dcb/openssl-msys-canonical-02/openssl-release-sdk-01/include -I/c/Users/crutkasLocal/.copilot/session-state/f6ea7713-2cec-41d5-b3f9-b4373e60fa33/files/resume-20260907/zlib-msys-01/stage/usr/include -I/c/ap13-dcb/openssl-msys-canonical-02/openssl-release-sdk-01/include -I/c/Users/crutkasLocal/.copilot/session-state/f6ea7713-2cec-41d5-b3f9-b4373e60fa33/files/resume-20260907/zlib-msys-01/stage/usr/include -I/c/ag-e138920f/ssh-libxcrypt-msys-02/stage/usr/include -DSSHDIR=\"/etc/ssh\" -D_PATH_SSH_PROGRAM=\"/usr/bin/ssh\" -D_PATH_SSH_ASKPASS_DEFAULT=\"/usr/lib/ssh/ssh-askpass\" -D_PATH_SFTP_SERVER=\"/usr/lib/ssh/sftp-server\" -D_PATH_SSH_KEY_SIGN=\"/usr/lib/ssh/ssh-keysign\" -D_PATH_SSHD_SESSION=\"/usr/lib/ssh/sshd-session\" -D_PATH_SSHD_AUTH=\"/usr/lib/ssh/sshd-auth\" -D_PATH_SSH_PKCS11_HELPER=\"/usr/lib/ssh/ssh-pkcs11-helper\" -D_PATH_SSH_SK_HELPER=\"/usr/lib/ssh/ssh-sk-helper\" -D_PATH_SSH_PIDDIR=\"/etc/ssh\" -D_PATH_PRIVSEP_CHROOT_DIR=\"/var/empty\" -DHAVE_CONFIG_H -c /c/ap13-dcb/openssh-msys-canonical-05/src/servconf.c -o servconf.o
/c/Users/crutkasLocal/.copilot/repos/copilot-worktrees/msys2-woarm64-build/crutkas-didactic-waffle/.github/scripts/msys-openssh-release-gcc -g -O2 -pipe -Wno-error=format-truncation -Wall -Wextra -Wpointer-arith -Wuninitialized -Wsign-compare -Wformat-security -Wsizeof-pointer-memaccess -Wno-pointer-sign -Wno-unused-parameter -Wno-unused-result -Wimplicit-fallthrough -Wmisleading-indentation -fno-strict-aliasing -fno-builtin-memset -Wno-attributes   -I. -I/c/ap13-dcb/openssh-msys-canonical-05/src -I"/c/ap13-dcb/openssh-msys-canonical-05/build/openbsd-compat/include" -I/c/ap13-dcb/openssl-msys-canonical-02/openssl-release-sdk-01/include -I/c/Users/crutkasLocal/.copilot/session-state/f6ea7713-2cec-41d5-b3f9-b4373e60fa33/files/resume-20260907/zlib-msys-01/stage/usr/include -I/c/ap13-dcb/openssl-msys-canonical-02/openssl-release-sdk-01/include -I/c/Users/crutkasLocal/.copilot/session-state/f6ea7713-2cec-41d5-b3f9-b4373e60fa33/files/resume-20260907/zlib-msys-01/stage/usr/include -I/c/ag-e138920f/ssh-libxcrypt-msys-02/stage/usr/include -DSSHDIR=\"/etc/ssh\" -D_PATH_SSH_PROGRAM=\"/usr/bin/ssh\" -D_PATH_SSH_ASKPASS_DEFAULT=\"/usr/lib/ssh/ssh-askpass\" -D_PATH_SFTP_SERVER=\"/usr/lib/ssh/sftp-server\" -D_PATH_SSH_KEY_SIGN=\"/usr/lib/ssh/ssh-keysign\" -D_PATH_SSHD_SESSION=\"/usr/lib/ssh/sshd-session\" -D_PATH_SSHD_AUTH=\"/usr/lib/ssh/sshd-auth\" -D_PATH_SSH_PKCS11_HELPER=\"/usr/lib/ssh/ssh-pkcs11-helper\" -D_PATH_SSH_SK_HELPER=\"/usr/lib/ssh/ssh-sk-helper\" -D_PATH_SSH_PIDDIR=\"/etc/ssh\" -D_PATH_PRIVSEP_CHROOT_DIR=\"/var/empty\" -DHAVE_CONFIG_H -c /c/ap13-dcb/openssh-msys-canonical-05/src/sshpty.c -o sshpty.o
/c/Users/crutkasLocal/.copilot/repos/copilot-worktrees/msys2-woarm64-build/crutkas-didactic-waffle/.github/scripts/msys-openssh-release-gcc -g -O2 -pipe -Wno-error=format-truncation -Wall -Wextra -Wpointer-arith -Wuninitialized -Wsign-compare -Wformat-security -Wsizeof-pointer-memaccess -Wno-pointer-sign -Wno-unused-parameter -Wno-unused-result -Wimplicit-fallthrough -Wmisleading-indentation -fno-strict-aliasing -fno-builtin-memset -Wno-attributes   -I. -I/c/ap13-dcb/openssh-msys-canonical-05/src -I"/c/ap13-dcb/openssh-msys-canonical-05/build/openbsd-compat/include" -I/c/ap13-dcb/openssl-msys-canonical-02/openssl-release-sdk-01/include -I/c/Users/crutkasLocal/.copilot/session-state/f6ea7713-2cec-41d5-b3f9-b4373e60fa33/files/resume-20260907/zlib-msys-01/stage/usr/include -I/c/ap13-dcb/openssl-msys-canonical-02/openssl-release-sdk-01/include -I/c/Users/crutkasLocal/.copilot/session-state/f6ea7713-2cec-41d5-b3f9-b4373e60fa33/files/resume-20260907/zlib-msys-01/stage/usr/include -I/c/ag-e138920f/ssh-libxcrypt-msys-02/stage/usr/include -DSSHDIR=\"/etc/ssh\" -D_PATH_SSH_PROGRAM=\"/usr/bin/ssh\" -D_PATH_SSH_ASKPASS_DEFAULT=\"/usr/lib/ssh/ssh-askpass\" -D_PATH_SFTP_SERVER=\"/usr/lib/ssh/sftp-server\" -D_PATH_SSH_KEY_SIGN=\"/usr/lib/ssh/ssh-keysign\" -D_PATH_SSHD_SESSION=\"/usr/lib/ssh/sshd-session\" -D_PATH_SSHD_AUTH=\"/usr/lib/ssh/sshd-auth\" -D_PATH_SSH_PKCS11_HELPER=\"/usr/lib/ssh/ssh-pkcs11-helper\" -D_PATH_SSH_SK_HELPER=\"/usr/lib/ssh/ssh-sk-helper\" -D_PATH_SSH_PIDDIR=\"/etc/ssh\" -D_PATH_PRIVSEP_CHROOT_DIR=\"/var/empty\" -DHAVE_CONFIG_H -c /c/ap13-dcb/openssh-msys-canonical-05/src/srclimit.c -o srclimit.o
/c/Users/crutkasLocal/.copilot/repos/copilot-worktrees/msys2-woarm64-build/crutkas-didactic-waffle/.github/scripts/msys-openssh-release-gcc -g -O2 -pipe -Wno-error=format-truncation -Wall -Wextra -Wpointer-arith -Wuninitialized -Wsign-compare -Wformat-security -Wsizeof-pointer-memaccess -Wno-pointer-sign -Wno-unused-parameter -Wno-unused-result -Wimplicit-fallthrough -Wmisleading-indentation -fno-strict-aliasing -fno-builtin-memset -Wno-attributes   -I. -I/c/ap13-dcb/openssh-msys-canonical-05/src -I"/c/ap13-dcb/openssh-msys-canonical-05/build/openbsd-compat/include" -I/c/ap13-dcb/openssl-msys-canonical-02/openssl-release-sdk-01/include -I/c/Users/crutkasLocal/.copilot/session-state/f6ea7713-2cec-41d5-b3f9-b4373e60fa33/files/resume-20260907/zlib-msys-01/stage/usr/include -I/c/ap13-dcb/openssl-msys-canonical-02/openssl-release-sdk-01/include -I/c/Users/crutkasLocal/.copilot/session-state/f6ea7713-2cec-41d5-b3f9-b4373e60fa33/files/resume-20260907/zlib-msys-01/stage/usr/include -I/c/ag-e138920f/ssh-libxcrypt-msys-02/stage/usr/include -DSSHDIR=\"/etc/ssh\" -D_PATH_SSH_PROGRAM=\"/usr/bin/ssh\" -D_PATH_SSH_ASKPASS_DEFAULT=\"/usr/lib/ssh/ssh-askpass\" -D_PATH_SFTP_SERVER=\"/usr/lib/ssh/sftp-server\" -D_PATH_SSH_KEY_SIGN=\"/usr/lib/ssh/ssh-keysign\" -D_PATH_SSHD_SESSION=\"/usr/lib/ssh/sshd-session\" -D_PATH_SSHD_AUTH=\"/usr/lib/ssh/sshd-auth\" -D_PATH_SSH_PKCS11_HELPER=\"/usr/lib/ssh/ssh-pkcs11-helper\" -D_PATH_SSH_SK_HELPER=\"/usr/lib/ssh/ssh-sk-helper\" -D_PATH_SSH_PIDDIR=\"/etc/ssh\" -D_PATH_PRIVSEP_CHROOT_DIR=\"/var/empty\" -DHAVE_CONFIG_H -c /c/ap13-dcb/openssh-msys-canonical-05/src/groupaccess.c -o groupaccess.o
/c/Users/crutkasLocal/.copilot/repos/copilot-worktrees/msys2-woarm64-build/crutkas-didactic-waffle/.github/scripts/msys-openssh-release-gcc -g -O2 -pipe -Wno-error=format-truncation -Wall -Wextra -Wpointer-arith -Wuninitialized -Wsign-compare -Wformat-security -Wsizeof-pointer-memaccess -Wno-pointer-sign -Wno-unused-parameter -Wno-unused-result -Wimplicit-fallthrough -Wmisleading-indentation -fno-strict-aliasing -fno-builtin-memset -Wno-attributes   -I. -I/c/ap13-dcb/openssh-msys-canonical-05/src -I"/c/ap13-dcb/openssh-msys-canonical-05/build/openbsd-compat/include" -I/c/ap13-dcb/openssl-msys-canonical-02/openssl-release-sdk-01/include -I/c/Users/crutkasLocal/.copilot/session-state/f6ea7713-2cec-41d5-b3f9-b4373e60fa33/files/resume-20260907/zlib-msys-01/stage/usr/include -I/c/ap13-dcb/openssl-msys-canonical-02/openssl-release-sdk-01/include -I/c/Users/crutkasLocal/.copilot/session-state/f6ea7713-2cec-41d5-b3f9-b4373e60fa33/files/resume-20260907/zlib-msys-01/stage/usr/include -I/c/ag-e138920f/ssh-libxcrypt-msys-02/stage/usr/include -DSSHDIR=\"/etc/ssh\" -D_PATH_SSH_PROGRAM=\"/usr/bin/ssh\" -D_PATH_SSH_ASKPASS_DEFAULT=\"/usr/lib/ssh/ssh-askpass\" -D_PATH_SFTP_SERVER=\"/usr/lib/ssh/sftp-server\" -D_PATH_SSH_KEY_SIGN=\"/usr/lib/ssh/ssh-keysign\" -D_PATH_SSHD_SESSION=\"/usr/lib/ssh/sshd-session\" -D_PATH_SSHD_AUTH=\"/usr/lib/ssh/sshd-auth\" -D_PATH_SSH_PKCS11_HELPER=\"/usr/lib/ssh/ssh-pkcs11-helper\" -D_PATH_SSH_SK_HELPER=\"/usr/lib/ssh/ssh-sk-helper\" -D_PATH_SSH_PIDDIR=\"/etc/ssh\" -D_PATH_PRIVSEP_CHROOT_DIR=\"/var/empty\" -DHAVE_CONFIG_H -c /c/ap13-dcb/openssh-msys-canonical-05/src/auth2-methods.c -o auth2-methods.o
/c/Users/crutkasLocal/.copilot/repos/copilot-worktrees/msys2-woarm64-build/crutkas-didactic-waffle/.github/scripts/msys-openssh-release-gcc -g -O2 -pipe -Wno-error=format-truncation -Wall -Wextra -Wpointer-arith -Wuninitialized -Wsign-compare -Wformat-security -Wsizeof-pointer-memaccess -Wno-pointer-sign -Wno-unused-parameter -Wno-unused-result -Wimplicit-fallthrough -Wmisleading-indentation -fno-strict-aliasing -fno-builtin-memset -Wno-attributes   -I. -I/c/ap13-dcb/openssh-msys-canonical-05/src -I"/c/ap13-dcb/openssh-msys-canonical-05/build/openbsd-compat/include" -I/c/ap13-dcb/openssl-msys-canonical-02/openssl-release-sdk-01/include -I/c/Users/crutkasLocal/.copilot/session-state/f6ea7713-2cec-41d5-b3f9-b4373e60fa33/files/resume-20260907/zlib-msys-01/stage/usr/include -I/c/ap13-dcb/openssl-msys-canonical-02/openssl-release-sdk-01/include -I/c/Users/crutkasLocal/.copilot/session-state/f6ea7713-2cec-41d5-b3f9-b4373e60fa33/files/resume-20260907/zlib-msys-01/stage/usr/include -I/c/ag-e138920f/ssh-libxcrypt-msys-02/stage/usr/include -DSSHDIR=\"/etc/ssh\" -D_PATH_SSH_PROGRAM=\"/usr/bin/ssh\" -D_PATH_SSH_ASKPASS_DEFAULT=\"/usr/lib/ssh/ssh-askpass\" -D_PATH_SFTP_SERVER=\"/usr/lib/ssh/sftp-server\" -D_PATH_SSH_KEY_SIGN=\"/usr/lib/ssh/ssh-keysign\" -D_PATH_SSHD_SESSION=\"/usr/lib/ssh/sshd-session\" -D_PATH_SSHD_AUTH=\"/usr/lib/ssh/sshd-auth\" -D_PATH_SSH_PKCS11_HELPER=\"/usr/lib/ssh/ssh-pkcs11-helper\" -D_PATH_SSH_SK_HELPER=\"/usr/lib/ssh/ssh-sk-helper\" -D_PATH_SSH_PIDDIR=\"/etc/ssh\" -D_PATH_PRIVSEP_CHROOT_DIR=\"/var/empty\" -DHAVE_CONFIG_H -c /c/ap13-dcb/openssh-msys-canonical-05/src/ssh-pkcs11-client.c -o ssh-pkcs11-client.o
/c/Users/crutkasLocal/.copilot/repos/copilot-worktrees/msys2-woarm64-build/crutkas-didactic-waffle/.github/scripts/msys-openssh-release-gcc -g -O2 -pipe -Wno-error=format-truncation -Wall -Wextra -Wpointer-arith -Wuninitialized -Wsign-compare -Wformat-security -Wsizeof-pointer-memaccess -Wno-pointer-sign -Wno-unused-parameter -Wno-unused-result -Wimplicit-fallthrough -Wmisleading-indentation -fno-strict-aliasing -fno-builtin-memset -Wno-attributes   -I. -I/c/ap13-dcb/openssh-msys-canonical-05/src -I"/c/ap13-dcb/openssh-msys-canonical-05/build/openbsd-compat/include" -I/c/ap13-dcb/openssl-msys-canonical-02/openssl-release-sdk-01/include -I/c/Users/crutkasLocal/.copilot/session-state/f6ea7713-2cec-41d5-b3f9-b4373e60fa33/files/resume-20260907/zlib-msys-01/stage/usr/include -I/c/ap13-dcb/openssl-msys-canonical-02/openssl-release-sdk-01/include -I/c/Users/crutkasLocal/.copilot/session-state/f6ea7713-2cec-41d5-b3f9-b4373e60fa33/files/resume-20260907/zlib-msys-01/stage/usr/include -I/c/ag-e138920f/ssh-libxcrypt-msys-02/stage/usr/include -DSSHDIR=\"/etc/ssh\" -D_PATH_SSH_PROGRAM=\"/usr/bin/ssh\" -D_PATH_SSH_ASKPASS_DEFAULT=\"/usr/lib/ssh/ssh-askpass\" -D_PATH_SFTP_SERVER=\"/usr/lib/ssh/sftp-server\" -D_PATH_SSH_KEY_SIGN=\"/usr/lib/ssh/ssh-keysign\" -D_PATH_SSHD_SESSION=\"/usr/lib/ssh/sshd-session\" -D_PATH_SSHD_AUTH=\"/usr/lib/ssh/sshd-auth\" -D_PATH_SSH_PKCS11_HELPER=\"/usr/lib/ssh/ssh-pkcs11-helper\" -D_PATH_SSH_SK_HELPER=\"/usr/lib/ssh/ssh-sk-helper\" -D_PATH_SSH_PIDDIR=\"/etc/ssh\" -D_PATH_PRIVSEP_CHROOT_DIR=\"/var/empty\" -DHAVE_CONFIG_H -c /c/ap13-dcb/openssh-msys-canonical-05/src/sshd-session.c -o sshd-session.o
/c/Users/crutkasLocal/.copilot/repos/copilot-worktrees/msys2-woarm64-build/crutkas-didactic-waffle/.github/scripts/msys-openssh-release-gcc -g -O2 -pipe -Wno-error=format-truncation -Wall -Wextra -Wpointer-arith -Wuninitialized -Wsign-compare -Wformat-security -Wsizeof-pointer-memaccess -Wno-pointer-sign -Wno-unused-parameter -Wno-unused-result -Wimplicit-fallthrough -Wmisleading-indentation -fno-strict-aliasing -fno-builtin-memset -Wno-attributes   -I. -I/c/ap13-dcb/openssh-msys-canonical-05/src -I"/c/ap13-dcb/openssh-msys-canonical-05/build/openbsd-compat/include" -I/c/ap13-dcb/openssl-msys-canonical-02/openssl-release-sdk-01/include -I/c/Users/crutkasLocal/.copilot/session-state/f6ea7713-2cec-41d5-b3f9-b4373e60fa33/files/resume-20260907/zlib-msys-01/stage/usr/include -I/c/ap13-dcb/openssl-msys-canonical-02/openssl-release-sdk-01/include -I/c/Users/crutkasLocal/.copilot/session-state/f6ea7713-2cec-41d5-b3f9-b4373e60fa33/files/resume-20260907/zlib-msys-01/stage/usr/include -I/c/ag-e138920f/ssh-libxcrypt-msys-02/stage/usr/include -DSSHDIR=\"/etc/ssh\" -D_PATH_SSH_PROGRAM=\"/usr/bin/ssh\" -D_PATH_SSH_ASKPASS_DEFAULT=\"/usr/lib/ssh/ssh-askpass\" -D_PATH_SFTP_SERVER=\"/usr/lib/ssh/sftp-server\" -D_PATH_SSH_KEY_SIGN=\"/usr/lib/ssh/ssh-keysign\" -D_PATH_SSHD_SESSION=\"/usr/lib/ssh/sshd-session\" -D_PATH_SSHD_AUTH=\"/usr/lib/ssh/sshd-auth\" -D_PATH_SSH_PKCS11_HELPER=\"/usr/lib/ssh/ssh-pkcs11-helper\" -D_PATH_SSH_SK_HELPER=\"/usr/lib/ssh/ssh-sk-helper\" -D_PATH_SSH_PIDDIR=\"/etc/ssh\" -D_PATH_PRIVSEP_CHROOT_DIR=\"/var/empty\" -DHAVE_CONFIG_H -c /c/ap13-dcb/openssh-msys-canonical-05/src/auth-rhosts.c -o auth-rhosts.o
/c/Users/crutkasLocal/.copilot/repos/copilot-worktrees/msys2-woarm64-build/crutkas-didactic-waffle/.github/scripts/msys-openssh-release-gcc -g -O2 -pipe -Wno-error=format-truncation -Wall -Wextra -Wpointer-arith -Wuninitialized -Wsign-compare -Wformat-security -Wsizeof-pointer-memaccess -Wno-pointer-sign -Wno-unused-parameter -Wno-unused-result -Wimplicit-fallthrough -Wmisleading-indentation -fno-strict-aliasing -fno-builtin-memset -Wno-attributes   -I. -I/c/ap13-dcb/openssh-msys-canonical-05/src -I"/c/ap13-dcb/openssh-msys-canonical-05/build/openbsd-compat/include" -I/c/ap13-dcb/openssl-msys-canonical-02/openssl-release-sdk-01/include -I/c/Users/crutkasLocal/.copilot/session-state/f6ea7713-2cec-41d5-b3f9-b4373e60fa33/files/resume-20260907/zlib-msys-01/stage/usr/include -I/c/ap13-dcb/openssl-msys-canonical-02/openssl-release-sdk-01/include -I/c/Users/crutkasLocal/.copilot/session-state/f6ea7713-2cec-41d5-b3f9-b4373e60fa33/files/resume-20260907/zlib-msys-01/stage/usr/include -I/c/ag-e138920f/ssh-libxcrypt-msys-02/stage/usr/include -DSSHDIR=\"/etc/ssh\" -D_PATH_SSH_PROGRAM=\"/usr/bin/ssh\" -D_PATH_SSH_ASKPASS_DEFAULT=\"/usr/lib/ssh/ssh-askpass\" -D_PATH_SFTP_SERVER=\"/usr/lib/ssh/sftp-server\" -D_PATH_SSH_KEY_SIGN=\"/usr/lib/ssh/ssh-keysign\" -D_PATH_SSHD_SESSION=\"/usr/lib/ssh/sshd-session\" -D_PATH_SSHD_AUTH=\"/usr/lib/ssh/sshd-auth\" -D_PATH_SSH_PKCS11_HELPER=\"/usr/lib/ssh/ssh-pkcs11-helper\" -D_PATH_SSH_SK_HELPER=\"/usr/lib/ssh/ssh-sk-helper\" -D_PATH_SSH_PIDDIR=\"/etc/ssh\" -D_PATH_PRIVSEP_CHROOT_DIR=\"/var/empty\" -DHAVE_CONFIG_H -c /c/ap13-dcb/openssh-msys-canonical-05/src/auth-passwd.c -o auth-passwd.o
/c/Users/crutkasLocal/.copilot/repos/copilot-worktrees/msys2-woarm64-build/crutkas-didactic-waffle/.github/scripts/msys-openssh-release-gcc -g -O2 -pipe -Wno-error=format-truncation -Wall -Wextra -Wpointer-arith -Wuninitialized -Wsign-compare -Wformat-security -Wsizeof-pointer-memaccess -Wno-pointer-sign -Wno-unused-parameter -Wno-unused-result -Wimplicit-fallthrough -Wmisleading-indentation -fno-strict-aliasing -fno-builtin-memset -Wno-attributes   -I. -I/c/ap13-dcb/openssh-msys-canonical-05/src -I"/c/ap13-dcb/openssh-msys-canonical-05/build/openbsd-compat/include" -I/c/ap13-dcb/openssl-msys-canonical-02/openssl-release-sdk-01/include -I/c/Users/crutkasLocal/.copilot/session-state/f6ea7713-2cec-41d5-b3f9-b4373e60fa33/files/resume-20260907/zlib-msys-01/stage/usr/include -I/c/ap13-dcb/openssl-msys-canonical-02/openssl-release-sdk-01/include -I/c/Users/crutkasLocal/.copilot/session-state/f6ea7713-2cec-41d5-b3f9-b4373e60fa33/files/resume-20260907/zlib-msys-01/stage/usr/include -I/c/ag-e138920f/ssh-libxcrypt-msys-02/stage/usr/include -DSSHDIR=\"/etc/ssh\" -D_PATH_SSH_PROGRAM=\"/usr/bin/ssh\" -D_PATH_SSH_ASKPASS_DEFAULT=\"/usr/lib/ssh/ssh-askpass\" -D_PATH_SFTP_SERVER=\"/usr/lib/ssh/sftp-server\" -D_PATH_SSH_KEY_SIGN=\"/usr/lib/ssh/ssh-keysign\" -D_PATH_SSHD_SESSION=\"/usr/lib/ssh/sshd-session\" -D_PATH_SSHD_AUTH=\"/usr/lib/ssh/sshd-auth\" -D_PATH_SSH_PKCS11_HELPER=\"/usr/lib/ssh/ssh-pkcs11-helper\" -D_PATH_SSH_SK_HELPER=\"/usr/lib/ssh/ssh-sk-helper\" -D_PATH_SSH_PIDDIR=\"/etc/ssh\" -D_PATH_PRIVSEP_CHROOT_DIR=\"/var/empty\" -DHAVE_CONFIG_H -c /c/ap13-dcb/openssh-msys-canonical-05/src/audit.c -o audit.o
/c/Users/crutkasLocal/.copilot/repos/copilot-worktrees/msys2-woarm64-build/crutkas-didactic-waffle/.github/scripts/msys-openssh-release-gcc -g -O2 -pipe -Wno-error=format-truncation -Wall -Wextra -Wpointer-arith -Wuninitialized -Wsign-compare -Wformat-security -Wsizeof-pointer-memaccess -Wno-pointer-sign -Wno-unused-parameter -Wno-unused-result -Wimplicit-fallthrough -Wmisleading-indentation -fno-strict-aliasing -fno-builtin-memset -Wno-attributes   -I. -I/c/ap13-dcb/openssh-msys-canonical-05/src -I"/c/ap13-dcb/openssh-msys-canonical-05/build/openbsd-compat/include" -I/c/ap13-dcb/openssl-msys-canonical-02/openssl-release-sdk-01/include -I/c/Users/crutkasLocal/.copilot/session-state/f6ea7713-2cec-41d5-b3f9-b4373e60fa33/files/resume-20260907/zlib-msys-01/stage/usr/include -I/c/ap13-dcb/openssl-msys-canonical-02/openssl-release-sdk-01/include -I/c/Users/crutkasLocal/.copilot/session-state/f6ea7713-2cec-41d5-b3f9-b4373e60fa33/files/resume-20260907/zlib-msys-01/stage/usr/include -I/c/ag-e138920f/ssh-libxcrypt-msys-02/stage/usr/include -DSSHDIR=\"/etc/ssh\" -D_PATH_SSH_PROGRAM=\"/usr/bin/ssh\" -D_PATH_SSH_ASKPASS_DEFAULT=\"/usr/lib/ssh/ssh-askpass\" -D_PATH_SFTP_SERVER=\"/usr/lib/ssh/sftp-server\" -D_PATH_SSH_KEY_SIGN=\"/usr/lib/ssh/ssh-keysign\" -D_PATH_SSHD_SESSION=\"/usr/lib/ssh/sshd-session\" -D_PATH_SSHD_AUTH=\"/usr/lib/ssh/sshd-auth\" -D_PATH_SSH_PKCS11_HELPER=\"/usr/lib/ssh/ssh-pkcs11-helper\" -D_PATH_SSH_SK_HELPER=\"/usr/lib/ssh/ssh-sk-helper\" -D_PATH_SSH_PIDDIR=\"/etc/ssh\" -D_PATH_PRIVSEP_CHROOT_DIR=\"/var/empty\" -DHAVE_CONFIG_H -c /c/ap13-dcb/openssh-msys-canonical-05/src/audit-bsm.c -o audit-bsm.o
/c/Users/crutkasLocal/.copilot/repos/copilot-worktrees/msys2-woarm64-build/crutkas-didactic-waffle/.github/scripts/msys-openssh-release-gcc -g -O2 -pipe -Wno-error=format-truncation -Wall -Wextra -Wpointer-arith -Wuninitialized -Wsign-compare -Wformat-security -Wsizeof-pointer-memaccess -Wno-pointer-sign -Wno-unused-parameter -Wno-unused-result -Wimplicit-fallthrough -Wmisleading-indentation -fno-strict-aliasing -fno-builtin-memset -Wno-attributes   -I. -I/c/ap13-dcb/openssh-msys-canonical-05/src -I"/c/ap13-dcb/openssh-msys-canonical-05/build/openbsd-compat/include" -I/c/ap13-dcb/openssl-msys-canonical-02/openssl-release-sdk-01/include -I/c/Users/crutkasLocal/.copilot/session-state/f6ea7713-2cec-41d5-b3f9-b4373e60fa33/files/resume-20260907/zlib-msys-01/stage/usr/include -I/c/ap13-dcb/openssl-msys-canonical-02/openssl-release-sdk-01/include -I/c/Users/crutkasLocal/.copilot/session-state/f6ea7713-2cec-41d5-b3f9-b4373e60fa33/files/resume-20260907/zlib-msys-01/stage/usr/include -I/c/ag-e138920f/ssh-libxcrypt-msys-02/stage/usr/include -DSSHDIR=\"/etc/ssh\" -D_PATH_SSH_PROGRAM=\"/usr/bin/ssh\" -D_PATH_SSH_ASKPASS_DEFAULT=\"/usr/lib/ssh/ssh-askpass\" -D_PATH_SFTP_SERVER=\"/usr/lib/ssh/sftp-server\" -D_PATH_SSH_KEY_SIGN=\"/usr/lib/ssh/ssh-keysign\" -D_PATH_SSHD_SESSION=\"/usr/lib/ssh/sshd-session\" -D_PATH_SSHD_AUTH=\"/usr/lib/ssh/sshd-auth\" -D_PATH_SSH_PKCS11_HELPER=\"/usr/lib/ssh/ssh-pkcs11-helper\" -D_PATH_SSH_SK_HELPER=\"/usr/lib/ssh/ssh-sk-helper\" -D_PATH_SSH_PIDDIR=\"/etc/ssh\" -D_PATH_PRIVSEP_CHROOT_DIR=\"/var/empty\" -DHAVE_CONFIG_H -c /c/ap13-dcb/openssh-msys-canonical-05/src/audit-linux.c -o audit-linux.o
/c/Users/crutkasLocal/.copilot/repos/copilot-worktrees/msys2-woarm64-build/crutkas-didactic-waffle/.github/scripts/msys-openssh-release-gcc -g -O2 -pipe -Wno-error=format-truncation -Wall -Wextra -Wpointer-arith -Wuninitialized -Wsign-compare -Wformat-security -Wsizeof-pointer-memaccess -Wno-pointer-sign -Wno-unused-parameter -Wno-unused-result -Wimplicit-fallthrough -Wmisleading-indentation -fno-strict-aliasing -fno-builtin-memset -Wno-attributes   -I. -I/c/ap13-dcb/openssh-msys-canonical-05/src -I"/c/ap13-dcb/openssh-msys-canonical-05/build/openbsd-compat/include" -I/c/ap13-dcb/openssl-msys-canonical-02/openssl-release-sdk-01/include -I/c/Users/crutkasLocal/.copilot/session-state/f6ea7713-2cec-41d5-b3f9-b4373e60fa33/files/resume-20260907/zlib-msys-01/stage/usr/include -I/c/ap13-dcb/openssl-msys-canonical-02/openssl-release-sdk-01/include -I/c/Users/crutkasLocal/.copilot/session-state/f6ea7713-2cec-41d5-b3f9-b4373e60fa33/files/resume-20260907/zlib-msys-01/stage/usr/include -I/c/ag-e138920f/ssh-libxcrypt-msys-02/stage/usr/include -DSSHDIR=\"/etc/ssh\" -D_PATH_SSH_PROGRAM=\"/usr/bin/ssh\" -D_PATH_SSH_ASKPASS_DEFAULT=\"/usr/lib/ssh/ssh-askpass\" -D_PATH_SFTP_SERVER=\"/usr/lib/ssh/sftp-server\" -D_PATH_SSH_KEY_SIGN=\"/usr/lib/ssh/ssh-keysign\" -D_PATH_SSHD_SESSION=\"/usr/lib/ssh/sshd-session\" -D_PATH_SSHD_AUTH=\"/usr/lib/ssh/sshd-auth\" -D_PATH_SSH_PKCS11_HELPER=\"/usr/lib/ssh/ssh-pkcs11-helper\" -D_PATH_SSH_SK_HELPER=\"/usr/lib/ssh/ssh-sk-helper\" -D_PATH_SSH_PIDDIR=\"/etc/ssh\" -D_PATH_PRIVSEP_CHROOT_DIR=\"/var/empty\" -DHAVE_CONFIG_H -c /c/ap13-dcb/openssh-msys-canonical-05/src/platform.c -o platform.o
/c/Users/crutkasLocal/.copilot/repos/copilot-worktrees/msys2-woarm64-build/crutkas-didactic-waffle/.github/scripts/msys-openssh-release-gcc -g -O2 -pipe -Wno-error=format-truncation -Wall -Wextra -Wpointer-arith -Wuninitialized -Wsign-compare -Wformat-security -Wsizeof-pointer-memaccess -Wno-pointer-sign -Wno-unused-parameter -Wno-unused-result -Wimplicit-fallthrough -Wmisleading-indentation -fno-strict-aliasing -fno-builtin-memset -Wno-attributes   -I. -I/c/ap13-dcb/openssh-msys-canonical-05/src -I"/c/ap13-dcb/openssh-msys-canonical-05/build/openbsd-compat/include" -I/c/ap13-dcb/openssl-msys-canonical-02/openssl-release-sdk-01/include -I/c/Users/crutkasLocal/.copilot/session-state/f6ea7713-2cec-41d5-b3f9-b4373e60fa33/files/resume-20260907/zlib-msys-01/stage/usr/include -I/c/ap13-dcb/openssl-msys-canonical-02/openssl-release-sdk-01/include -I/c/Users/crutkasLocal/.copilot/session-state/f6ea7713-2cec-41d5-b3f9-b4373e60fa33/files/resume-20260907/zlib-msys-01/stage/usr/include -I/c/ag-e138920f/ssh-libxcrypt-msys-02/stage/usr/include -DSSHDIR=\"/etc/ssh\" -D_PATH_SSH_PROGRAM=\"/usr/bin/ssh\" -D_PATH_SSH_ASKPASS_DEFAULT=\"/usr/lib/ssh/ssh-askpass\" -D_PATH_SFTP_SERVER=\"/usr/lib/ssh/sftp-server\" -D_PATH_SSH_KEY_SIGN=\"/usr/lib/ssh/ssh-keysign\" -D_PATH_SSHD_SESSION=\"/usr/lib/ssh/sshd-session\" -D_PATH_SSHD_AUTH=\"/usr/lib/ssh/sshd-auth\" -D_PATH_SSH_PKCS11_HELPER=\"/usr/lib/ssh/ssh-pkcs11-helper\" -D_PATH_SSH_SK_HELPER=\"/usr/lib/ssh/ssh-sk-helper\" -D_PATH_SSH_PIDDIR=\"/etc/ssh\" -D_PATH_PRIVSEP_CHROOT_DIR=\"/var/empty\" -DHAVE_CONFIG_H -c /c/ap13-dcb/openssh-msys-canonical-05/src/sshlogin.c -o sshlogin.o
/c/Users/crutkasLocal/.copilot/repos/copilot-worktrees/msys2-woarm64-build/crutkas-didactic-waffle/.github/scripts/msys-openssh-release-gcc -g -O2 -pipe -Wno-error=format-truncation -Wall -Wextra -Wpointer-arith -Wuninitialized -Wsign-compare -Wformat-security -Wsizeof-pointer-memaccess -Wno-pointer-sign -Wno-unused-parameter -Wno-unused-result -Wimplicit-fallthrough -Wmisleading-indentation -fno-strict-aliasing -fno-builtin-memset -Wno-attributes   -I. -I/c/ap13-dcb/openssh-msys-canonical-05/src -I"/c/ap13-dcb/openssh-msys-canonical-05/build/openbsd-compat/include" -I/c/ap13-dcb/openssl-msys-canonical-02/openssl-release-sdk-01/include -I/c/Users/crutkasLocal/.copilot/session-state/f6ea7713-2cec-41d5-b3f9-b4373e60fa33/files/resume-20260907/zlib-msys-01/stage/usr/include -I/c/ap13-dcb/openssl-msys-canonical-02/openssl-release-sdk-01/include -I/c/Users/crutkasLocal/.copilot/session-state/f6ea7713-2cec-41d5-b3f9-b4373e60fa33/files/resume-20260907/zlib-msys-01/stage/usr/include -I/c/ag-e138920f/ssh-libxcrypt-msys-02/stage/usr/include -DSSHDIR=\"/etc/ssh\" -D_PATH_SSH_PROGRAM=\"/usr/bin/ssh\" -D_PATH_SSH_ASKPASS_DEFAULT=\"/usr/lib/ssh/ssh-askpass\" -D_PATH_SFTP_SERVER=\"/usr/lib/ssh/sftp-server\" -D_PATH_SSH_KEY_SIGN=\"/usr/lib/ssh/ssh-keysign\" -D_PATH_SSHD_SESSION=\"/usr/lib/ssh/sshd-session\" -D_PATH_SSHD_AUTH=\"/usr/lib/ssh/sshd-auth\" -D_PATH_SSH_PKCS11_HELPER=\"/usr/lib/ssh/ssh-pkcs11-helper\" -D_PATH_SSH_SK_HELPER=\"/usr/lib/ssh/ssh-sk-helper\" -D_PATH_SSH_PIDDIR=\"/etc/ssh\" -D_PATH_PRIVSEP_CHROOT_DIR=\"/var/empty\" -DHAVE_CONFIG_H -c /c/ap13-dcb/openssh-msys-canonical-05/src/serverloop.c -o serverloop.o
/c/Users/crutkasLocal/.copilot/repos/copilot-worktrees/msys2-woarm64-build/crutkas-didactic-waffle/.github/scripts/msys-openssh-release-gcc -g -O2 -pipe -Wno-error=format-truncation -Wall -Wextra -Wpointer-arith -Wuninitialized -Wsign-compare -Wformat-security -Wsizeof-pointer-memaccess -Wno-pointer-sign -Wno-unused-parameter -Wno-unused-result -Wimplicit-fallthrough -Wmisleading-indentation -fno-strict-aliasing -fno-builtin-memset -Wno-attributes   -I. -I/c/ap13-dcb/openssh-msys-canonical-05/src -I"/c/ap13-dcb/openssh-msys-canonical-05/build/openbsd-compat/include" -I/c/ap13-dcb/openssl-msys-canonical-02/openssl-release-sdk-01/include -I/c/Users/crutkasLocal/.copilot/session-state/f6ea7713-2cec-41d5-b3f9-b4373e60fa33/files/resume-20260907/zlib-msys-01/stage/usr/include -I/c/ap13-dcb/openssl-msys-canonical-02/openssl-release-sdk-01/include -I/c/Users/crutkasLocal/.copilot/session-state/f6ea7713-2cec-41d5-b3f9-b4373e60fa33/files/resume-20260907/zlib-msys-01/stage/usr/include -I/c/ag-e138920f/ssh-libxcrypt-msys-02/stage/usr/include -DSSHDIR=\"/etc/ssh\" -D_PATH_SSH_PROGRAM=\"/usr/bin/ssh\" -D_PATH_SSH_ASKPASS_DEFAULT=\"/usr/lib/ssh/ssh-askpass\" -D_PATH_SFTP_SERVER=\"/usr/lib/ssh/sftp-server\" -D_PATH_SSH_KEY_SIGN=\"/usr/lib/ssh/ssh-keysign\" -D_PATH_SSHD_SESSION=\"/usr/lib/ssh/sshd-session\" -D_PATH_SSHD_AUTH=\"/usr/lib/ssh/sshd-auth\" -D_PATH_SSH_PKCS11_HELPER=\"/usr/lib/ssh/ssh-pkcs11-helper\" -D_PATH_SSH_SK_HELPER=\"/usr/lib/ssh/ssh-sk-helper\" -D_PATH_SSH_PIDDIR=\"/etc/ssh\" -D_PATH_PRIVSEP_CHROOT_DIR=\"/var/empty\" -DHAVE_CONFIG_H -c /c/ap13-dcb/openssh-msys-canonical-05/src/auth.c -o auth.o
/c/Users/crutkasLocal/.copilot/repos/copilot-worktrees/msys2-woarm64-build/crutkas-didactic-waffle/.github/scripts/msys-openssh-release-gcc -g -O2 -pipe -Wno-error=format-truncation -Wall -Wextra -Wpointer-arith -Wuninitialized -Wsign-compare -Wformat-security -Wsizeof-pointer-memaccess -Wno-pointer-sign -Wno-unused-parameter -Wno-unused-result -Wimplicit-fallthrough -Wmisleading-indentation -fno-strict-aliasing -fno-builtin-memset -Wno-attributes   -I. -I/c/ap13-dcb/openssh-msys-canonical-05/src -I"/c/ap13-dcb/openssh-msys-canonical-05/build/openbsd-compat/include" -I/c/ap13-dcb/openssl-msys-canonical-02/openssl-release-sdk-01/include -I/c/Users/crutkasLocal/.copilot/session-state/f6ea7713-2cec-41d5-b3f9-b4373e60fa33/files/resume-20260907/zlib-msys-01/stage/usr/include -I/c/ap13-dcb/openssl-msys-canonical-02/openssl-release-sdk-01/include -I/c/Users/crutkasLocal/.copilot/session-state/f6ea7713-2cec-41d5-b3f9-b4373e60fa33/files/resume-20260907/zlib-msys-01/stage/usr/include -I/c/ag-e138920f/ssh-libxcrypt-msys-02/stage/usr/include -DSSHDIR=\"/etc/ssh\" -D_PATH_SSH_PROGRAM=\"/usr/bin/ssh\" -D_PATH_SSH_ASKPASS_DEFAULT=\"/usr/lib/ssh/ssh-askpass\" -D_PATH_SFTP_SERVER=\"/usr/lib/ssh/sftp-server\" -D_PATH_SSH_KEY_SIGN=\"/usr/lib/ssh/ssh-keysign\" -D_PATH_SSHD_SESSION=\"/usr/lib/ssh/sshd-session\" -D_PATH_SSHD_AUTH=\"/usr/lib/ssh/sshd-auth\" -D_PATH_SSH_PKCS11_HELPER=\"/usr/lib/ssh/ssh-pkcs11-helper\" -D_PATH_SSH_SK_HELPER=\"/usr/lib/ssh/ssh-sk-helper\" -D_PATH_SSH_PIDDIR=\"/etc/ssh\" -D_PATH_PRIVSEP_CHROOT_DIR=\"/var/empty\" -DHAVE_CONFIG_H -c /c/ap13-dcb/openssh-msys-canonical-05/src/auth2.c -o auth2.o
/c/Users/crutkasLocal/.copilot/repos/copilot-worktrees/msys2-woarm64-build/crutkas-didactic-waffle/.github/scripts/msys-openssh-release-gcc -g -O2 -pipe -Wno-error=format-truncation -Wall -Wextra -Wpointer-arith -Wuninitialized -Wsign-compare -Wformat-security -Wsizeof-pointer-memaccess -Wno-pointer-sign -Wno-unused-parameter -Wno-unused-result -Wimplicit-fallthrough -Wmisleading-indentation -fno-strict-aliasing -fno-builtin-memset -Wno-attributes   -I. -I/c/ap13-dcb/openssh-msys-canonical-05/src -I"/c/ap13-dcb/openssh-msys-canonical-05/build/openbsd-compat/include" -I/c/ap13-dcb/openssl-msys-canonical-02/openssl-release-sdk-01/include -I/c/Users/crutkasLocal/.copilot/session-state/f6ea7713-2cec-41d5-b3f9-b4373e60fa33/files/resume-20260907/zlib-msys-01/stage/usr/include -I/c/ap13-dcb/openssl-msys-canonical-02/openssl-release-sdk-01/include -I/c/Users/crutkasLocal/.copilot/session-state/f6ea7713-2cec-41d5-b3f9-b4373e60fa33/files/resume-20260907/zlib-msys-01/stage/usr/include -I/c/ag-e138920f/ssh-libxcrypt-msys-02/stage/usr/include -DSSHDIR=\"/etc/ssh\" -D_PATH_SSH_PROGRAM=\"/usr/bin/ssh\" -D_PATH_SSH_ASKPASS_DEFAULT=\"/usr/lib/ssh/ssh-askpass\" -D_PATH_SFTP_SERVER=\"/usr/lib/ssh/sftp-server\" -D_PATH_SSH_KEY_SIGN=\"/usr/lib/ssh/ssh-keysign\" -D_PATH_SSHD_SESSION=\"/usr/lib/ssh/sshd-session\" -D_PATH_SSHD_AUTH=\"/usr/lib/ssh/sshd-auth\" -D_PATH_SSH_PKCS11_HELPER=\"/usr/lib/ssh/ssh-pkcs11-helper\" -D_PATH_SSH_SK_HELPER=\"/usr/lib/ssh/ssh-sk-helper\" -D_PATH_SSH_PIDDIR=\"/etc/ssh\" -D_PATH_PRIVSEP_CHROOT_DIR=\"/var/empty\" -DHAVE_CONFIG_H -c /c/ap13-dcb/openssh-msys-canonical-05/src/auth-options.c -o auth-options.o
/c/Users/crutkasLocal/.copilot/repos/copilot-worktrees/msys2-woarm64-build/crutkas-didactic-waffle/.github/scripts/msys-openssh-release-gcc -g -O2 -pipe -Wno-error=format-truncation -Wall -Wextra -Wpointer-arith -Wuninitialized -Wsign-compare -Wformat-security -Wsizeof-pointer-memaccess -Wno-pointer-sign -Wno-unused-parameter -Wno-unused-result -Wimplicit-fallthrough -Wmisleading-indentation -fno-strict-aliasing -fno-builtin-memset -Wno-attributes   -I. -I/c/ap13-dcb/openssh-msys-canonical-05/src -I"/c/ap13-dcb/openssh-msys-canonical-05/build/openbsd-compat/include" -I/c/ap13-dcb/openssl-msys-canonical-02/openssl-release-sdk-01/include -I/c/Users/crutkasLocal/.copilot/session-state/f6ea7713-2cec-41d5-b3f9-b4373e60fa33/files/resume-20260907/zlib-msys-01/stage/usr/include -I/c/ap13-dcb/openssl-msys-canonical-02/openssl-release-sdk-01/include -I/c/Users/crutkasLocal/.copilot/session-state/f6ea7713-2cec-41d5-b3f9-b4373e60fa33/files/resume-20260907/zlib-msys-01/stage/usr/include -I/c/ag-e138920f/ssh-libxcrypt-msys-02/stage/usr/include -DSSHDIR=\"/etc/ssh\" -D_PATH_SSH_PROGRAM=\"/usr/bin/ssh\" -D_PATH_SSH_ASKPASS_DEFAULT=\"/usr/lib/ssh/ssh-askpass\" -D_PATH_SFTP_SERVER=\"/usr/lib/ssh/sftp-server\" -D_PATH_SSH_KEY_SIGN=\"/usr/lib/ssh/ssh-keysign\" -D_PATH_SSHD_SESSION=\"/usr/lib/ssh/sshd-session\" -D_PATH_SSHD_AUTH=\"/usr/lib/ssh/sshd-auth\" -D_PATH_SSH_PKCS11_HELPER=\"/usr/lib/ssh/ssh-pkcs11-helper\" -D_PATH_SSH_SK_HELPER=\"/usr/lib/ssh/ssh-sk-helper\" -D_PATH_SSH_PIDDIR=\"/etc/ssh\" -D_PATH_PRIVSEP_CHROOT_DIR=\"/var/empty\" -DHAVE_CONFIG_H -c /c/ap13-dcb/openssh-msys-canonical-05/src/session.c -o session.o
/c/Users/crutkasLocal/.copilot/repos/copilot-worktrees/msys2-woarm64-build/crutkas-didactic-waffle/.github/scripts/msys-openssh-release-gcc -g -O2 -pipe -Wno-error=format-truncation -Wall -Wextra -Wpointer-arith -Wuninitialized -Wsign-compare -Wformat-security -Wsizeof-pointer-memaccess -Wno-pointer-sign -Wno-unused-parameter -Wno-unused-result -Wimplicit-fallthrough -Wmisleading-indentation -fno-strict-aliasing -fno-builtin-memset -Wno-attributes   -I. -I/c/ap13-dcb/openssh-msys-canonical-05/src -I"/c/ap13-dcb/openssh-msys-canonical-05/build/openbsd-compat/include" -I/c/ap13-dcb/openssl-msys-canonical-02/openssl-release-sdk-01/include -I/c/Users/crutkasLocal/.copilot/session-state/f6ea7713-2cec-41d5-b3f9-b4373e60fa33/files/resume-20260907/zlib-msys-01/stage/usr/include -I/c/ap13-dcb/openssl-msys-canonical-02/openssl-release-sdk-01/include -I/c/Users/crutkasLocal/.copilot/session-state/f6ea7713-2cec-41d5-b3f9-b4373e60fa33/files/resume-20260907/zlib-msys-01/stage/usr/include -I/c/ag-e138920f/ssh-libxcrypt-msys-02/stage/usr/include -DSSHDIR=\"/etc/ssh\" -D_PATH_SSH_PROGRAM=\"/usr/bin/ssh\" -D_PATH_SSH_ASKPASS_DEFAULT=\"/usr/lib/ssh/ssh-askpass\" -D_PATH_SFTP_SERVER=\"/usr/lib/ssh/sftp-server\" -D_PATH_SSH_KEY_SIGN=\"/usr/lib/ssh/ssh-keysign\" -D_PATH_SSHD_SESSION=\"/usr/lib/ssh/sshd-session\" -D_PATH_SSHD_AUTH=\"/usr/lib/ssh/sshd-auth\" -D_PATH_SSH_PKCS11_HELPER=\"/usr/lib/ssh/ssh-pkcs11-helper\" -D_PATH_SSH_SK_HELPER=\"/usr/lib/ssh/ssh-sk-helper\" -D_PATH_SSH_PIDDIR=\"/etc/ssh\" -D_PATH_PRIVSEP_CHROOT_DIR=\"/var/empty\" -DHAVE_CONFIG_H -c /c/ap13-dcb/openssh-msys-canonical-05/src/auth2-chall.c -o auth2-chall.o
/c/Users/crutkasLocal/.copilot/repos/copilot-worktrees/msys2-woarm64-build/crutkas-didactic-waffle/.github/scripts/msys-openssh-release-gcc -g -O2 -pipe -Wno-error=format-truncation -Wall -Wextra -Wpointer-arith -Wuninitialized -Wsign-compare -Wformat-security -Wsizeof-pointer-memaccess -Wno-pointer-sign -Wno-unused-parameter -Wno-unused-result -Wimplicit-fallthrough -Wmisleading-indentation -fno-strict-aliasing -fno-builtin-memset -Wno-attributes   -I. -I/c/ap13-dcb/openssh-msys-canonical-05/src -I"/c/ap13-dcb/openssh-msys-canonical-05/build/openbsd-compat/include" -I/c/ap13-dcb/openssl-msys-canonical-02/openssl-release-sdk-01/include -I/c/Users/crutkasLocal/.copilot/session-state/f6ea7713-2cec-41d5-b3f9-b4373e60fa33/files/resume-20260907/zlib-msys-01/stage/usr/include -I/c/ap13-dcb/openssl-msys-canonical-02/openssl-release-sdk-01/include -I/c/Users/crutkasLocal/.copilot/session-state/f6ea7713-2cec-41d5-b3f9-b4373e60fa33/files/resume-20260907/zlib-msys-01/stage/usr/include -I/c/ag-e138920f/ssh-libxcrypt-msys-02/stage/usr/include -DSSHDIR=\"/etc/ssh\" -D_PATH_SSH_PROGRAM=\"/usr/bin/ssh\" -D_PATH_SSH_ASKPASS_DEFAULT=\"/usr/lib/ssh/ssh-askpass\" -D_PATH_SFTP_SERVER=\"/usr/lib/ssh/sftp-server\" -D_PATH_SSH_KEY_SIGN=\"/usr/lib/ssh/ssh-keysign\" -D_PATH_SSHD_SESSION=\"/usr/lib/ssh/sshd-session\" -D_PATH_SSHD_AUTH=\"/usr/lib/ssh/sshd-auth\" -D_PATH_SSH_PKCS11_HELPER=\"/usr/lib/ssh/ssh-pkcs11-helper\" -D_PATH_SSH_SK_HELPER=\"/usr/lib/ssh/ssh-sk-helper\" -D_PATH_SSH_PIDDIR=\"/etc/ssh\" -D_PATH_PRIVSEP_CHROOT_DIR=\"/var/empty\" -DHAVE_CONFIG_H -c /c/ap13-dcb/openssh-msys-canonical-05/src/auth-bsdauth.c -o auth-bsdauth.o
/c/Users/crutkasLocal/.copilot/repos/copilot-worktrees/msys2-woarm64-build/crutkas-didactic-waffle/.github/scripts/msys-openssh-release-gcc -g -O2 -pipe -Wno-error=format-truncation -Wall -Wextra -Wpointer-arith -Wuninitialized -Wsign-compare -Wformat-security -Wsizeof-pointer-memaccess -Wno-pointer-sign -Wno-unused-parameter -Wno-unused-result -Wimplicit-fallthrough -Wmisleading-indentation -fno-strict-aliasing -fno-builtin-memset -Wno-attributes   -I. -I/c/ap13-dcb/openssh-msys-canonical-05/src -I"/c/ap13-dcb/openssh-msys-canonical-05/build/openbsd-compat/include" -I/c/ap13-dcb/openssl-msys-canonical-02/openssl-release-sdk-01/include -I/c/Users/crutkasLocal/.copilot/session-state/f6ea7713-2cec-41d5-b3f9-b4373e60fa33/files/resume-20260907/zlib-msys-01/stage/usr/include -I/c/ap13-dcb/openssl-msys-canonical-02/openssl-release-sdk-01/include -I/c/Users/crutkasLocal/.copilot/session-state/f6ea7713-2cec-41d5-b3f9-b4373e60fa33/files/resume-20260907/zlib-msys-01/stage/usr/include -I/c/ag-e138920f/ssh-libxcrypt-msys-02/stage/usr/include -DSSHDIR=\"/etc/ssh\" -D_PATH_SSH_PROGRAM=\"/usr/bin/ssh\" -D_PATH_SSH_ASKPASS_DEFAULT=\"/usr/lib/ssh/ssh-askpass\" -D_PATH_SFTP_SERVER=\"/usr/lib/ssh/sftp-server\" -D_PATH_SSH_KEY_SIGN=\"/usr/lib/ssh/ssh-keysign\" -D_PATH_SSHD_SESSION=\"/usr/lib/ssh/sshd-session\" -D_PATH_SSHD_AUTH=\"/usr/lib/ssh/sshd-auth\" -D_PATH_SSH_PKCS11_HELPER=\"/usr/lib/ssh/ssh-pkcs11-helper\" -D_PATH_SSH_SK_HELPER=\"/usr/lib/ssh/ssh-sk-helper\" -D_PATH_SSH_PIDDIR=\"/etc/ssh\" -D_PATH_PRIVSEP_CHROOT_DIR=\"/var/empty\" -DHAVE_CONFIG_H -c /c/ap13-dcb/openssh-msys-canonical-05/src/auth2-hostbased.c -o auth2-hostbased.o
/c/Users/crutkasLocal/.copilot/repos/copilot-worktrees/msys2-woarm64-build/crutkas-didactic-waffle/.github/scripts/msys-openssh-release-gcc -g -O2 -pipe -Wno-error=format-truncation -Wall -Wextra -Wpointer-arith -Wuninitialized -Wsign-compare -Wformat-security -Wsizeof-pointer-memaccess -Wno-pointer-sign -Wno-unused-parameter -Wno-unused-result -Wimplicit-fallthrough -Wmisleading-indentation -fno-strict-aliasing -fno-builtin-memset -Wno-attributes   -I. -I/c/ap13-dcb/openssh-msys-canonical-05/src -I"/c/ap13-dcb/openssh-msys-canonical-05/build/openbsd-compat/include" -I/c/ap13-dcb/openssl-msys-canonical-02/openssl-release-sdk-01/include -I/c/Users/crutkasLocal/.copilot/session-state/f6ea7713-2cec-41d5-b3f9-b4373e60fa33/files/resume-20260907/zlib-msys-01/stage/usr/include -I/c/ap13-dcb/openssl-msys-canonical-02/openssl-release-sdk-01/include -I/c/Users/crutkasLocal/.copilot/session-state/f6ea7713-2cec-41d5-b3f9-b4373e60fa33/files/resume-20260907/zlib-msys-01/stage/usr/include -I/c/ag-e138920f/ssh-libxcrypt-msys-02/stage/usr/include -DSSHDIR=\"/etc/ssh\" -D_PATH_SSH_PROGRAM=\"/usr/bin/ssh\" -D_PATH_SSH_ASKPASS_DEFAULT=\"/usr/lib/ssh/ssh-askpass\" -D_PATH_SFTP_SERVER=\"/usr/lib/ssh/sftp-server\" -D_PATH_SSH_KEY_SIGN=\"/usr/lib/ssh/ssh-keysign\" -D_PATH_SSHD_SESSION=\"/usr/lib/ssh/sshd-session\" -D_PATH_SSHD_AUTH=\"/usr/lib/ssh/sshd-auth\" -D_PATH_SSH_PKCS11_HELPER=\"/usr/lib/ssh/ssh-pkcs11-helper\" -D_PATH_SSH_SK_HELPER=\"/usr/lib/ssh/ssh-sk-helper\" -D_PATH_SSH_PIDDIR=\"/etc/ssh\" -D_PATH_PRIVSEP_CHROOT_DIR=\"/var/empty\" -DHAVE_CONFIG_H -c /c/ap13-dcb/openssh-msys-canonical-05/src/auth2-kbdint.c -o auth2-kbdint.o
/c/Users/crutkasLocal/.copilot/repos/copilot-worktrees/msys2-woarm64-build/crutkas-didactic-waffle/.github/scripts/msys-openssh-release-gcc -g -O2 -pipe -Wno-error=format-truncation -Wall -Wextra -Wpointer-arith -Wuninitialized -Wsign-compare -Wformat-security -Wsizeof-pointer-memaccess -Wno-pointer-sign -Wno-unused-parameter -Wno-unused-result -Wimplicit-fallthrough -Wmisleading-indentation -fno-strict-aliasing -fno-builtin-memset -Wno-attributes   -I. -I/c/ap13-dcb/openssh-msys-canonical-05/src -I"/c/ap13-dcb/openssh-msys-canonical-05/build/openbsd-compat/include" -I/c/ap13-dcb/openssl-msys-canonical-02/openssl-release-sdk-01/include -I/c/Users/crutkasLocal/.copilot/session-state/f6ea7713-2cec-41d5-b3f9-b4373e60fa33/files/resume-20260907/zlib-msys-01/stage/usr/include -I/c/ap13-dcb/openssl-msys-canonical-02/openssl-release-sdk-01/include -I/c/Users/crutkasLocal/.copilot/session-state/f6ea7713-2cec-41d5-b3f9-b4373e60fa33/files/resume-20260907/zlib-msys-01/stage/usr/include -I/c/ag-e138920f/ssh-libxcrypt-msys-02/stage/usr/include -DSSHDIR=\"/etc/ssh\" -D_PATH_SSH_PROGRAM=\"/usr/bin/ssh\" -D_PATH_SSH_ASKPASS_DEFAULT=\"/usr/lib/ssh/ssh-askpass\" -D_PATH_SFTP_SERVER=\"/usr/lib/ssh/sftp-server\" -D_PATH_SSH_KEY_SIGN=\"/usr/lib/ssh/ssh-keysign\" -D_PATH_SSHD_SESSION=\"/usr/lib/ssh/sshd-session\" -D_PATH_SSHD_AUTH=\"/usr/lib/ssh/sshd-auth\" -D_PATH_SSH_PKCS11_HELPER=\"/usr/lib/ssh/ssh-pkcs11-helper\" -D_PATH_SSH_SK_HELPER=\"/usr/lib/ssh/ssh-sk-helper\" -D_PATH_SSH_PIDDIR=\"/etc/ssh\" -D_PATH_PRIVSEP_CHROOT_DIR=\"/var/empty\" -DHAVE_CONFIG_H -c /c/ap13-dcb/openssh-msys-canonical-05/src/auth2-none.c -o auth2-none.o
/c/Users/crutkasLocal/.copilot/repos/copilot-worktrees/msys2-woarm64-build/crutkas-didactic-waffle/.github/scripts/msys-openssh-release-gcc -g -O2 -pipe -Wno-error=format-truncation -Wall -Wextra -Wpointer-arith -Wuninitialized -Wsign-compare -Wformat-security -Wsizeof-pointer-memaccess -Wno-pointer-sign -Wno-unused-parameter -Wno-unused-result -Wimplicit-fallthrough -Wmisleading-indentation -fno-strict-aliasing -fno-builtin-memset -Wno-attributes   -I. -I/c/ap13-dcb/openssh-msys-canonical-05/src -I"/c/ap13-dcb/openssh-msys-canonical-05/build/openbsd-compat/include" -I/c/ap13-dcb/openssl-msys-canonical-02/openssl-release-sdk-01/include -I/c/Users/crutkasLocal/.copilot/session-state/f6ea7713-2cec-41d5-b3f9-b4373e60fa33/files/resume-20260907/zlib-msys-01/stage/usr/include -I/c/ap13-dcb/openssl-msys-canonical-02/openssl-release-sdk-01/include -I/c/Users/crutkasLocal/.copilot/session-state/f6ea7713-2cec-41d5-b3f9-b4373e60fa33/files/resume-20260907/zlib-msys-01/stage/usr/include -I/c/ag-e138920f/ssh-libxcrypt-msys-02/stage/usr/include -DSSHDIR=\"/etc/ssh\" -D_PATH_SSH_PROGRAM=\"/usr/bin/ssh\" -D_PATH_SSH_ASKPASS_DEFAULT=\"/usr/lib/ssh/ssh-askpass\" -D_PATH_SFTP_SERVER=\"/usr/lib/ssh/sftp-server\" -D_PATH_SSH_KEY_SIGN=\"/usr/lib/ssh/ssh-keysign\" -D_PATH_SSHD_SESSION=\"/usr/lib/ssh/sshd-session\" -D_PATH_SSHD_AUTH=\"/usr/lib/ssh/sshd-auth\" -D_PATH_SSH_PKCS11_HELPER=\"/usr/lib/ssh/ssh-pkcs11-helper\" -D_PATH_SSH_SK_HELPER=\"/usr/lib/ssh/ssh-sk-helper\" -D_PATH_SSH_PIDDIR=\"/etc/ssh\" -D_PATH_PRIVSEP_CHROOT_DIR=\"/var/empty\" -DHAVE_CONFIG_H -c /c/ap13-dcb/openssh-msys-canonical-05/src/auth2-passwd.c -o auth2-passwd.o
/c/Users/crutkasLocal/.copilot/repos/copilot-worktrees/msys2-woarm64-build/crutkas-didactic-waffle/.github/scripts/msys-openssh-release-gcc -g -O2 -pipe -Wno-error=format-truncation -Wall -Wextra -Wpointer-arith -Wuninitialized -Wsign-compare -Wformat-security -Wsizeof-pointer-memaccess -Wno-pointer-sign -Wno-unused-parameter -Wno-unused-result -Wimplicit-fallthrough -Wmisleading-indentation -fno-strict-aliasing -fno-builtin-memset -Wno-attributes   -I. -I/c/ap13-dcb/openssh-msys-canonical-05/src -I"/c/ap13-dcb/openssh-msys-canonical-05/build/openbsd-compat/include" -I/c/ap13-dcb/openssl-msys-canonical-02/openssl-release-sdk-01/include -I/c/Users/crutkasLocal/.copilot/session-state/f6ea7713-2cec-41d5-b3f9-b4373e60fa33/files/resume-20260907/zlib-msys-01/stage/usr/include -I/c/ap13-dcb/openssl-msys-canonical-02/openssl-release-sdk-01/include -I/c/Users/crutkasLocal/.copilot/session-state/f6ea7713-2cec-41d5-b3f9-b4373e60fa33/files/resume-20260907/zlib-msys-01/stage/usr/include -I/c/ag-e138920f/ssh-libxcrypt-msys-02/stage/usr/include -DSSHDIR=\"/etc/ssh\" -D_PATH_SSH_PROGRAM=\"/usr/bin/ssh\" -D_PATH_SSH_ASKPASS_DEFAULT=\"/usr/lib/ssh/ssh-askpass\" -D_PATH_SFTP_SERVER=\"/usr/lib/ssh/sftp-server\" -D_PATH_SSH_KEY_SIGN=\"/usr/lib/ssh/ssh-keysign\" -D_PATH_SSHD_SESSION=\"/usr/lib/ssh/sshd-session\" -D_PATH_SSHD_AUTH=\"/usr/lib/ssh/sshd-auth\" -D_PATH_SSH_PKCS11_HELPER=\"/usr/lib/ssh/ssh-pkcs11-helper\" -D_PATH_SSH_SK_HELPER=\"/usr/lib/ssh/ssh-sk-helper\" -D_PATH_SSH_PIDDIR=\"/etc/ssh\" -D_PATH_PRIVSEP_CHROOT_DIR=\"/var/empty\" -DHAVE_CONFIG_H -c /c/ap13-dcb/openssh-msys-canonical-05/src/auth2-pubkey.c -o auth2-pubkey.o
/c/Users/crutkasLocal/.copilot/repos/copilot-worktrees/msys2-woarm64-build/crutkas-didactic-waffle/.github/scripts/msys-openssh-release-gcc -g -O2 -pipe -Wno-error=format-truncation -Wall -Wextra -Wpointer-arith -Wuninitialized -Wsign-compare -Wformat-security -Wsizeof-pointer-memaccess -Wno-pointer-sign -Wno-unused-parameter -Wno-unused-result -Wimplicit-fallthrough -Wmisleading-indentation -fno-strict-aliasing -fno-builtin-memset -Wno-attributes   -I. -I/c/ap13-dcb/openssh-msys-canonical-05/src -I"/c/ap13-dcb/openssh-msys-canonical-05/build/openbsd-compat/include" -I/c/ap13-dcb/openssl-msys-canonical-02/openssl-release-sdk-01/include -I/c/Users/crutkasLocal/.copilot/session-state/f6ea7713-2cec-41d5-b3f9-b4373e60fa33/files/resume-20260907/zlib-msys-01/stage/usr/include -I/c/ap13-dcb/openssl-msys-canonical-02/openssl-release-sdk-01/include -I/c/Users/crutkasLocal/.copilot/session-state/f6ea7713-2cec-41d5-b3f9-b4373e60fa33/files/resume-20260907/zlib-msys-01/stage/usr/include -I/c/ag-e138920f/ssh-libxcrypt-msys-02/stage/usr/include -DSSHDIR=\"/etc/ssh\" -D_PATH_SSH_PROGRAM=\"/usr/bin/ssh\" -D_PATH_SSH_ASKPASS_DEFAULT=\"/usr/lib/ssh/ssh-askpass\" -D_PATH_SFTP_SERVER=\"/usr/lib/ssh/sftp-server\" -D_PATH_SSH_KEY_SIGN=\"/usr/lib/ssh/ssh-keysign\" -D_PATH_SSHD_SESSION=\"/usr/lib/ssh/sshd-session\" -D_PATH_SSHD_AUTH=\"/usr/lib/ssh/sshd-auth\" -D_PATH_SSH_PKCS11_HELPER=\"/usr/lib/ssh/ssh-pkcs11-helper\" -D_PATH_SSH_SK_HELPER=\"/usr/lib/ssh/ssh-sk-helper\" -D_PATH_SSH_PIDDIR=\"/etc/ssh\" -D_PATH_PRIVSEP_CHROOT_DIR=\"/var/empty\" -DHAVE_CONFIG_H -c /c/ap13-dcb/openssh-msys-canonical-05/src/auth2-pubkeyfile.c -o auth2-pubkeyfile.o
/c/Users/crutkasLocal/.copilot/repos/copilot-worktrees/msys2-woarm64-build/crutkas-didactic-waffle/.github/scripts/msys-openssh-release-gcc -g -O2 -pipe -Wno-error=format-truncation -Wall -Wextra -Wpointer-arith -Wuninitialized -Wsign-compare -Wformat-security -Wsizeof-pointer-memaccess -Wno-pointer-sign -Wno-unused-parameter -Wno-unused-result -Wimplicit-fallthrough -Wmisleading-indentation -fno-strict-aliasing -fno-builtin-memset -Wno-attributes   -I. -I/c/ap13-dcb/openssh-msys-canonical-05/src -I"/c/ap13-dcb/openssh-msys-canonical-05/build/openbsd-compat/include" -I/c/ap13-dcb/openssl-msys-canonical-02/openssl-release-sdk-01/include -I/c/Users/crutkasLocal/.copilot/session-state/f6ea7713-2cec-41d5-b3f9-b4373e60fa33/files/resume-20260907/zlib-msys-01/stage/usr/include -I/c/ap13-dcb/openssl-msys-canonical-02/openssl-release-sdk-01/include -I/c/Users/crutkasLocal/.copilot/session-state/f6ea7713-2cec-41d5-b3f9-b4373e60fa33/files/resume-20260907/zlib-msys-01/stage/usr/include -I/c/ag-e138920f/ssh-libxcrypt-msys-02/stage/usr/include -DSSHDIR=\"/etc/ssh\" -D_PATH_SSH_PROGRAM=\"/usr/bin/ssh\" -D_PATH_SSH_ASKPASS_DEFAULT=\"/usr/lib/ssh/ssh-askpass\" -D_PATH_SFTP_SERVER=\"/usr/lib/ssh/sftp-server\" -D_PATH_SSH_KEY_SIGN=\"/usr/lib/ssh/ssh-keysign\" -D_PATH_SSHD_SESSION=\"/usr/lib/ssh/sshd-session\" -D_PATH_SSHD_AUTH=\"/usr/lib/ssh/sshd-auth\" -D_PATH_SSH_PKCS11_HELPER=\"/usr/lib/ssh/ssh-pkcs11-helper\" -D_PATH_SSH_SK_HELPER=\"/usr/lib/ssh/ssh-sk-helper\" -D_PATH_SSH_PIDDIR=\"/etc/ssh\" -D_PATH_PRIVSEP_CHROOT_DIR=\"/var/empty\" -DHAVE_CONFIG_H -c /c/ap13-dcb/openssh-msys-canonical-05/src/monitor.c -o monitor.o
/c/Users/crutkasLocal/.copilot/repos/copilot-worktrees/msys2-woarm64-build/crutkas-didactic-waffle/.github/scripts/msys-openssh-release-gcc -g -O2 -pipe -Wno-error=format-truncation -Wall -Wextra -Wpointer-arith -Wuninitialized -Wsign-compare -Wformat-security -Wsizeof-pointer-memaccess -Wno-pointer-sign -Wno-unused-parameter -Wno-unused-result -Wimplicit-fallthrough -Wmisleading-indentation -fno-strict-aliasing -fno-builtin-memset -Wno-attributes   -I. -I/c/ap13-dcb/openssh-msys-canonical-05/src -I"/c/ap13-dcb/openssh-msys-canonical-05/build/openbsd-compat/include" -I/c/ap13-dcb/openssl-msys-canonical-02/openssl-release-sdk-01/include -I/c/Users/crutkasLocal/.copilot/session-state/f6ea7713-2cec-41d5-b3f9-b4373e60fa33/files/resume-20260907/zlib-msys-01/stage/usr/include -I/c/ap13-dcb/openssl-msys-canonical-02/openssl-release-sdk-01/include -I/c/Users/crutkasLocal/.copilot/session-state/f6ea7713-2cec-41d5-b3f9-b4373e60fa33/files/resume-20260907/zlib-msys-01/stage/usr/include -I/c/ag-e138920f/ssh-libxcrypt-msys-02/stage/usr/include -DSSHDIR=\"/etc/ssh\" -D_PATH_SSH_PROGRAM=\"/usr/bin/ssh\" -D_PATH_SSH_ASKPASS_DEFAULT=\"/usr/lib/ssh/ssh-askpass\" -D_PATH_SFTP_SERVER=\"/usr/lib/ssh/sftp-server\" -D_PATH_SSH_KEY_SIGN=\"/usr/lib/ssh/ssh-keysign\" -D_PATH_SSHD_SESSION=\"/usr/lib/ssh/sshd-session\" -D_PATH_SSHD_AUTH=\"/usr/lib/ssh/sshd-auth\" -D_PATH_SSH_PKCS11_HELPER=\"/usr/lib/ssh/ssh-pkcs11-helper\" -D_PATH_SSH_SK_HELPER=\"/usr/lib/ssh/ssh-sk-helper\" -D_PATH_SSH_PIDDIR=\"/etc/ssh\" -D_PATH_PRIVSEP_CHROOT_DIR=\"/var/empty\" -DHAVE_CONFIG_H -c /c/ap13-dcb/openssh-msys-canonical-05/src/monitor_wrap.c -o monitor_wrap.o
C:/ap13-dcb/openssh-msys-canonical-05/src/monitor.c: In function 'mm_answer_moduli':
C:/ap13-dcb/openssh-msys-canonical-05/src/monitor.c:680:17: warning: 'DH_get0_pqg' is deprecated: Since OpenSSL 3.0 [-Wdeprecated-declarations]
  680 |                 DH_get0_pqg(dh, &dh_p, NULL, &dh_g);
      |                 ^~~~~~~~~~~
In file included from C:/ap13-dcb/openssh-msys-canonical-05/src/monitor.c:51:
C:/ap13-dcb/openssl-msys-canonical-02/openssl-release-sdk-01/include/openssl/dh.h:264:28: note: declared here
  264 | OSSL_DEPRECATEDIN_3_0 void DH_get0_pqg(const DH *dh, const BIGNUM **p,
      |                            ^~~~~~~~~~~
C:/ap13-dcb/openssh-msys-canonical-05/src/monitor.c:686:17: warning: 'DH_free' is deprecated: Since OpenSSL 3.0 [-Wdeprecated-declarations]
  686 |                 DH_free(dh);
      |                 ^~~~~~~
C:/ap13-dcb/openssl-msys-canonical-02/openssl-release-sdk-01/include/openssl/dh.h:211:28: note: declared here
  211 | OSSL_DEPRECATEDIN_3_0 void DH_free(DH *dh);
      |                            ^~~~~~~
/c/Users/crutkasLocal/.copilot/repos/copilot-worktrees/msys2-woarm64-build/crutkas-didactic-waffle/.github/scripts/msys-openssh-release-gcc -g -O2 -pipe -Wno-error=format-truncation -Wall -Wextra -Wpointer-arith -Wuninitialized -Wsign-compare -Wformat-security -Wsizeof-pointer-memaccess -Wno-pointer-sign -Wno-unused-parameter -Wno-unused-result -Wimplicit-fallthrough -Wmisleading-indentation -fno-strict-aliasing -fno-builtin-memset -Wno-attributes   -I. -I/c/ap13-dcb/openssh-msys-canonical-05/src -I"/c/ap13-dcb/openssh-msys-canonical-05/build/openbsd-compat/include" -I/c/ap13-dcb/openssl-msys-canonical-02/openssl-release-sdk-01/include -I/c/Users/crutkasLocal/.copilot/session-state/f6ea7713-2cec-41d5-b3f9-b4373e60fa33/files/resume-20260907/zlib-msys-01/stage/usr/include -I/c/ap13-dcb/openssl-msys-canonical-02/openssl-release-sdk-01/include -I/c/Users/crutkasLocal/.copilot/session-state/f6ea7713-2cec-41d5-b3f9-b4373e60fa33/files/resume-20260907/zlib-msys-01/stage/usr/include -I/c/ag-e138920f/ssh-libxcrypt-msys-02/stage/usr/include -DSSHDIR=\"/etc/ssh\" -D_PATH_SSH_PROGRAM=\"/usr/bin/ssh\" -D_PATH_SSH_ASKPASS_DEFAULT=\"/usr/lib/ssh/ssh-askpass\" -D_PATH_SFTP_SERVER=\"/usr/lib/ssh/sftp-server\" -D_PATH_SSH_KEY_SIGN=\"/usr/lib/ssh/ssh-keysign\" -D_PATH_SSHD_SESSION=\"/usr/lib/ssh/sshd-session\" -D_PATH_SSHD_AUTH=\"/usr/lib/ssh/sshd-auth\" -D_PATH_SSH_PKCS11_HELPER=\"/usr/lib/ssh/ssh-pkcs11-helper\" -D_PATH_SSH_SK_HELPER=\"/usr/lib/ssh/ssh-sk-helper\" -D_PATH_SSH_PIDDIR=\"/etc/ssh\" -D_PATH_PRIVSEP_CHROOT_DIR=\"/var/empty\" -DHAVE_CONFIG_H -c /c/ap13-dcb/openssh-msys-canonical-05/src/auth-krb5.c -o auth-krb5.o
/c/Users/crutkasLocal/.copilot/repos/copilot-worktrees/msys2-woarm64-build/crutkas-didactic-waffle/.github/scripts/msys-openssh-release-gcc -g -O2 -pipe -Wno-error=format-truncation -Wall -Wextra -Wpointer-arith -Wuninitialized -Wsign-compare -Wformat-security -Wsizeof-pointer-memaccess -Wno-pointer-sign -Wno-unused-parameter -Wno-unused-result -Wimplicit-fallthrough -Wmisleading-indentation -fno-strict-aliasing -fno-builtin-memset -Wno-attributes   -I. -I/c/ap13-dcb/openssh-msys-canonical-05/src -I"/c/ap13-dcb/openssh-msys-canonical-05/build/openbsd-compat/include" -I/c/ap13-dcb/openssl-msys-canonical-02/openssl-release-sdk-01/include -I/c/Users/crutkasLocal/.copilot/session-state/f6ea7713-2cec-41d5-b3f9-b4373e60fa33/files/resume-20260907/zlib-msys-01/stage/usr/include -I/c/ap13-dcb/openssl-msys-canonical-02/openssl-release-sdk-01/include -I/c/Users/crutkasLocal/.copilot/session-state/f6ea7713-2cec-41d5-b3f9-b4373e60fa33/files/resume-20260907/zlib-msys-01/stage/usr/include -I/c/ag-e138920f/ssh-libxcrypt-msys-02/stage/usr/include -DSSHDIR=\"/etc/ssh\" -D_PATH_SSH_PROGRAM=\"/usr/bin/ssh\" -D_PATH_SSH_ASKPASS_DEFAULT=\"/usr/lib/ssh/ssh-askpass\" -D_PATH_SFTP_SERVER=\"/usr/lib/ssh/sftp-server\" -D_PATH_SSH_KEY_SIGN=\"/usr/lib/ssh/ssh-keysign\" -D_PATH_SSHD_SESSION=\"/usr/lib/ssh/sshd-session\" -D_PATH_SSHD_AUTH=\"/usr/lib/ssh/sshd-auth\" -D_PATH_SSH_PKCS11_HELPER=\"/usr/lib/ssh/ssh-pkcs11-helper\" -D_PATH_SSH_SK_HELPER=\"/usr/lib/ssh/ssh-sk-helper\" -D_PATH_SSH_PIDDIR=\"/etc/ssh\" -D_PATH_PRIVSEP_CHROOT_DIR=\"/var/empty\" -DHAVE_CONFIG_H -c /c/ap13-dcb/openssh-msys-canonical-05/src/auth2-gss.c -o auth2-gss.o
/c/Users/crutkasLocal/.copilot/repos/copilot-worktrees/msys2-woarm64-build/crutkas-didactic-waffle/.github/scripts/msys-openssh-release-gcc -g -O2 -pipe -Wno-error=format-truncation -Wall -Wextra -Wpointer-arith -Wuninitialized -Wsign-compare -Wformat-security -Wsizeof-pointer-memaccess -Wno-pointer-sign -Wno-unused-parameter -Wno-unused-result -Wimplicit-fallthrough -Wmisleading-indentation -fno-strict-aliasing -fno-builtin-memset -Wno-attributes   -I. -I/c/ap13-dcb/openssh-msys-canonical-05/src -I"/c/ap13-dcb/openssh-msys-canonical-05/build/openbsd-compat/include" -I/c/ap13-dcb/openssl-msys-canonical-02/openssl-release-sdk-01/include -I/c/Users/crutkasLocal/.copilot/session-state/f6ea7713-2cec-41d5-b3f9-b4373e60fa33/files/resume-20260907/zlib-msys-01/stage/usr/include -I/c/ap13-dcb/openssl-msys-canonical-02/openssl-release-sdk-01/include -I/c/Users/crutkasLocal/.copilot/session-state/f6ea7713-2cec-41d5-b3f9-b4373e60fa33/files/resume-20260907/zlib-msys-01/stage/usr/include -I/c/ag-e138920f/ssh-libxcrypt-msys-02/stage/usr/include -DSSHDIR=\"/etc/ssh\" -D_PATH_SSH_PROGRAM=\"/usr/bin/ssh\" -D_PATH_SSH_ASKPASS_DEFAULT=\"/usr/lib/ssh/ssh-askpass\" -D_PATH_SFTP_SERVER=\"/usr/lib/ssh/sftp-server\" -D_PATH_SSH_KEY_SIGN=\"/usr/lib/ssh/ssh-keysign\" -D_PATH_SSHD_SESSION=\"/usr/lib/ssh/sshd-session\" -D_PATH_SSHD_AUTH=\"/usr/lib/ssh/sshd-auth\" -D_PATH_SSH_PKCS11_HELPER=\"/usr/lib/ssh/ssh-pkcs11-helper\" -D_PATH_SSH_SK_HELPER=\"/usr/lib/ssh/ssh-sk-helper\" -D_PATH_SSH_PIDDIR=\"/etc/ssh\" -D_PATH_PRIVSEP_CHROOT_DIR=\"/var/empty\" -DHAVE_CONFIG_H -c /c/ap13-dcb/openssh-msys-canonical-05/src/gss-serv.c -o gss-serv.o
/c/Users/crutkasLocal/.copilot/repos/copilot-worktrees/msys2-woarm64-build/crutkas-didactic-waffle/.github/scripts/msys-openssh-release-gcc -g -O2 -pipe -Wno-error=format-truncation -Wall -Wextra -Wpointer-arith -Wuninitialized -Wsign-compare -Wformat-security -Wsizeof-pointer-memaccess -Wno-pointer-sign -Wno-unused-parameter -Wno-unused-result -Wimplicit-fallthrough -Wmisleading-indentation -fno-strict-aliasing -fno-builtin-memset -Wno-attributes   -I. -I/c/ap13-dcb/openssh-msys-canonical-05/src -I"/c/ap13-dcb/openssh-msys-canonical-05/build/openbsd-compat/include" -I/c/ap13-dcb/openssl-msys-canonical-02/openssl-release-sdk-01/include -I/c/Users/crutkasLocal/.copilot/session-state/f6ea7713-2cec-41d5-b3f9-b4373e60fa33/files/resume-20260907/zlib-msys-01/stage/usr/include -I/c/ap13-dcb/openssl-msys-canonical-02/openssl-release-sdk-01/include -I/c/Users/crutkasLocal/.copilot/session-state/f6ea7713-2cec-41d5-b3f9-b4373e60fa33/files/resume-20260907/zlib-msys-01/stage/usr/include -I/c/ag-e138920f/ssh-libxcrypt-msys-02/stage/usr/include -DSSHDIR=\"/etc/ssh\" -D_PATH_SSH_PROGRAM=\"/usr/bin/ssh\" -D_PATH_SSH_ASKPASS_DEFAULT=\"/usr/lib/ssh/ssh-askpass\" -D_PATH_SFTP_SERVER=\"/usr/lib/ssh/sftp-server\" -D_PATH_SSH_KEY_SIGN=\"/usr/lib/ssh/ssh-keysign\" -D_PATH_SSHD_SESSION=\"/usr/lib/ssh/sshd-session\" -D_PATH_SSHD_AUTH=\"/usr/lib/ssh/sshd-auth\" -D_PATH_SSH_PKCS11_HELPER=\"/usr/lib/ssh/ssh-pkcs11-helper\" -D_PATH_SSH_SK_HELPER=\"/usr/lib/ssh/ssh-sk-helper\" -D_PATH_SSH_PIDDIR=\"/etc/ssh\" -D_PATH_PRIVSEP_CHROOT_DIR=\"/var/empty\" -DHAVE_CONFIG_H -c /c/ap13-dcb/openssh-msys-canonical-05/src/gss-serv-krb5.c -o gss-serv-krb5.o
/c/Users/crutkasLocal/.copilot/repos/copilot-worktrees/msys2-woarm64-build/crutkas-didactic-waffle/.github/scripts/msys-openssh-release-gcc -g -O2 -pipe -Wno-error=format-truncation -Wall -Wextra -Wpointer-arith -Wuninitialized -Wsign-compare -Wformat-security -Wsizeof-pointer-memaccess -Wno-pointer-sign -Wno-unused-parameter -Wno-unused-result -Wimplicit-fallthrough -Wmisleading-indentation -fno-strict-aliasing -fno-builtin-memset -Wno-attributes   -I. -I/c/ap13-dcb/openssh-msys-canonical-05/src -I"/c/ap13-dcb/openssh-msys-canonical-05/build/openbsd-compat/include" -I/c/ap13-dcb/openssl-msys-canonical-02/openssl-release-sdk-01/include -I/c/Users/crutkasLocal/.copilot/session-state/f6ea7713-2cec-41d5-b3f9-b4373e60fa33/files/resume-20260907/zlib-msys-01/stage/usr/include -I/c/ap13-dcb/openssl-msys-canonical-02/openssl-release-sdk-01/include -I/c/Users/crutkasLocal/.copilot/session-state/f6ea7713-2cec-41d5-b3f9-b4373e60fa33/files/resume-20260907/zlib-msys-01/stage/usr/include -I/c/ag-e138920f/ssh-libxcrypt-msys-02/stage/usr/include -DSSHDIR=\"/etc/ssh\" -D_PATH_SSH_PROGRAM=\"/usr/bin/ssh\" -D_PATH_SSH_ASKPASS_DEFAULT=\"/usr/lib/ssh/ssh-askpass\" -D_PATH_SFTP_SERVER=\"/usr/lib/ssh/sftp-server\" -D_PATH_SSH_KEY_SIGN=\"/usr/lib/ssh/ssh-keysign\" -D_PATH_SSHD_SESSION=\"/usr/lib/ssh/sshd-session\" -D_PATH_SSHD_AUTH=\"/usr/lib/ssh/sshd-auth\" -D_PATH_SSH_PKCS11_HELPER=\"/usr/lib/ssh/ssh-pkcs11-helper\" -D_PATH_SSH_SK_HELPER=\"/usr/lib/ssh/ssh-sk-helper\" -D_PATH_SSH_PIDDIR=\"/etc/ssh\" -D_PATH_PRIVSEP_CHROOT_DIR=\"/var/empty\" -DHAVE_CONFIG_H -c /c/ap13-dcb/openssh-msys-canonical-05/src/loginrec.c -o loginrec.o
/c/Users/crutkasLocal/.copilot/repos/copilot-worktrees/msys2-woarm64-build/crutkas-didactic-waffle/.github/scripts/msys-openssh-release-gcc -g -O2 -pipe -Wno-error=format-truncation -Wall -Wextra -Wpointer-arith -Wuninitialized -Wsign-compare -Wformat-security -Wsizeof-pointer-memaccess -Wno-pointer-sign -Wno-unused-parameter -Wno-unused-result -Wimplicit-fallthrough -Wmisleading-indentation -fno-strict-aliasing -fno-builtin-memset -Wno-attributes   -I. -I/c/ap13-dcb/openssh-msys-canonical-05/src -I"/c/ap13-dcb/openssh-msys-canonical-05/build/openbsd-compat/include" -I/c/ap13-dcb/openssl-msys-canonical-02/openssl-release-sdk-01/include -I/c/Users/crutkasLocal/.copilot/session-state/f6ea7713-2cec-41d5-b3f9-b4373e60fa33/files/resume-20260907/zlib-msys-01/stage/usr/include -I/c/ap13-dcb/openssl-msys-canonical-02/openssl-release-sdk-01/include -I/c/Users/crutkasLocal/.copilot/session-state/f6ea7713-2cec-41d5-b3f9-b4373e60fa33/files/resume-20260907/zlib-msys-01/stage/usr/include -I/c/ag-e138920f/ssh-libxcrypt-msys-02/stage/usr/include -DSSHDIR=\"/etc/ssh\" -D_PATH_SSH_PROGRAM=\"/usr/bin/ssh\" -D_PATH_SSH_ASKPASS_DEFAULT=\"/usr/lib/ssh/ssh-askpass\" -D_PATH_SFTP_SERVER=\"/usr/lib/ssh/sftp-server\" -D_PATH_SSH_KEY_SIGN=\"/usr/lib/ssh/ssh-keysign\" -D_PATH_SSHD_SESSION=\"/usr/lib/ssh/sshd-session\" -D_PATH_SSHD_AUTH=\"/usr/lib/ssh/sshd-auth\" -D_PATH_SSH_PKCS11_HELPER=\"/usr/lib/ssh/ssh-pkcs11-helper\" -D_PATH_SSH_SK_HELPER=\"/usr/lib/ssh/ssh-sk-helper\" -D_PATH_SSH_PIDDIR=\"/etc/ssh\" -D_PATH_PRIVSEP_CHROOT_DIR=\"/var/empty\" -DHAVE_CONFIG_H -c /c/ap13-dcb/openssh-msys-canonical-05/src/auth-pam.c -o auth-pam.o
/c/Users/crutkasLocal/.copilot/repos/copilot-worktrees/msys2-woarm64-build/crutkas-didactic-waffle/.github/scripts/msys-openssh-release-gcc -g -O2 -pipe -Wno-error=format-truncation -Wall -Wextra -Wpointer-arith -Wuninitialized -Wsign-compare -Wformat-security -Wsizeof-pointer-memaccess -Wno-pointer-sign -Wno-unused-parameter -Wno-unused-result -Wimplicit-fallthrough -Wmisleading-indentation -fno-strict-aliasing -fno-builtin-memset -Wno-attributes   -I. -I/c/ap13-dcb/openssh-msys-canonical-05/src -I"/c/ap13-dcb/openssh-msys-canonical-05/build/openbsd-compat/include" -I/c/ap13-dcb/openssl-msys-canonical-02/openssl-release-sdk-01/include -I/c/Users/crutkasLocal/.copilot/session-state/f6ea7713-2cec-41d5-b3f9-b4373e60fa33/files/resume-20260907/zlib-msys-01/stage/usr/include -I/c/ap13-dcb/openssl-msys-canonical-02/openssl-release-sdk-01/include -I/c/Users/crutkasLocal/.copilot/session-state/f6ea7713-2cec-41d5-b3f9-b4373e60fa33/files/resume-20260907/zlib-msys-01/stage/usr/include -I/c/ag-e138920f/ssh-libxcrypt-msys-02/stage/usr/include -DSSHDIR=\"/etc/ssh\" -D_PATH_SSH_PROGRAM=\"/usr/bin/ssh\" -D_PATH_SSH_ASKPASS_DEFAULT=\"/usr/lib/ssh/ssh-askpass\" -D_PATH_SFTP_SERVER=\"/usr/lib/ssh/sftp-server\" -D_PATH_SSH_KEY_SIGN=\"/usr/lib/ssh/ssh-keysign\" -D_PATH_SSHD_SESSION=\"/usr/lib/ssh/sshd-session\" -D_PATH_SSHD_AUTH=\"/usr/lib/ssh/sshd-auth\" -D_PATH_SSH_PKCS11_HELPER=\"/usr/lib/ssh/ssh-pkcs11-helper\" -D_PATH_SSH_SK_HELPER=\"/usr/lib/ssh/ssh-sk-helper\" -D_PATH_SSH_PIDDIR=\"/etc/ssh\" -D_PATH_PRIVSEP_CHROOT_DIR=\"/var/empty\" -DHAVE_CONFIG_H -c /c/ap13-dcb/openssh-msys-canonical-05/src/auth-shadow.c -o auth-shadow.o
/c/Users/crutkasLocal/.copilot/repos/copilot-worktrees/msys2-woarm64-build/crutkas-didactic-waffle/.github/scripts/msys-openssh-release-gcc -g -O2 -pipe -Wno-error=format-truncation -Wall -Wextra -Wpointer-arith -Wuninitialized -Wsign-compare -Wformat-security -Wsizeof-pointer-memaccess -Wno-pointer-sign -Wno-unused-parameter -Wno-unused-result -Wimplicit-fallthrough -Wmisleading-indentation -fno-strict-aliasing -fno-builtin-memset -Wno-attributes   -I. -I/c/ap13-dcb/openssh-msys-canonical-05/src -I"/c/ap13-dcb/openssh-msys-canonical-05/build/openbsd-compat/include" -I/c/ap13-dcb/openssl-msys-canonical-02/openssl-release-sdk-01/include -I/c/Users/crutkasLocal/.copilot/session-state/f6ea7713-2cec-41d5-b3f9-b4373e60fa33/files/resume-20260907/zlib-msys-01/stage/usr/include -I/c/ap13-dcb/openssl-msys-canonical-02/openssl-release-sdk-01/include -I/c/Users/crutkasLocal/.copilot/session-state/f6ea7713-2cec-41d5-b3f9-b4373e60fa33/files/resume-20260907/zlib-msys-01/stage/usr/include -I/c/ag-e138920f/ssh-libxcrypt-msys-02/stage/usr/include -DSSHDIR=\"/etc/ssh\" -D_PATH_SSH_PROGRAM=\"/usr/bin/ssh\" -D_PATH_SSH_ASKPASS_DEFAULT=\"/usr/lib/ssh/ssh-askpass\" -D_PATH_SFTP_SERVER=\"/usr/lib/ssh/sftp-server\" -D_PATH_SSH_KEY_SIGN=\"/usr/lib/ssh/ssh-keysign\" -D_PATH_SSHD_SESSION=\"/usr/lib/ssh/sshd-session\" -D_PATH_SSHD_AUTH=\"/usr/lib/ssh/sshd-auth\" -D_PATH_SSH_PKCS11_HELPER=\"/usr/lib/ssh/ssh-pkcs11-helper\" -D_PATH_SSH_SK_HELPER=\"/usr/lib/ssh/ssh-sk-helper\" -D_PATH_SSH_PIDDIR=\"/etc/ssh\" -D_PATH_PRIVSEP_CHROOT_DIR=\"/var/empty\" -DHAVE_CONFIG_H -c /c/ap13-dcb/openssh-msys-canonical-05/src/auth-sia.c -o auth-sia.o
/c/Users/crutkasLocal/.copilot/repos/copilot-worktrees/msys2-woarm64-build/crutkas-didactic-waffle/.github/scripts/msys-openssh-release-gcc -g -O2 -pipe -Wno-error=format-truncation -Wall -Wextra -Wpointer-arith -Wuninitialized -Wsign-compare -Wformat-security -Wsizeof-pointer-memaccess -Wno-pointer-sign -Wno-unused-parameter -Wno-unused-result -Wimplicit-fallthrough -Wmisleading-indentation -fno-strict-aliasing -fno-builtin-memset -Wno-attributes   -I. -I/c/ap13-dcb/openssh-msys-canonical-05/src -I"/c/ap13-dcb/openssh-msys-canonical-05/build/openbsd-compat/include" -I/c/ap13-dcb/openssl-msys-canonical-02/openssl-release-sdk-01/include -I/c/Users/crutkasLocal/.copilot/session-state/f6ea7713-2cec-41d5-b3f9-b4373e60fa33/files/resume-20260907/zlib-msys-01/stage/usr/include -I/c/ap13-dcb/openssl-msys-canonical-02/openssl-release-sdk-01/include -I/c/Users/crutkasLocal/.copilot/session-state/f6ea7713-2cec-41d5-b3f9-b4373e60fa33/files/resume-20260907/zlib-msys-01/stage/usr/include -I/c/ag-e138920f/ssh-libxcrypt-msys-02/stage/usr/include -DSSHDIR=\"/etc/ssh\" -D_PATH_SSH_PROGRAM=\"/usr/bin/ssh\" -D_PATH_SSH_ASKPASS_DEFAULT=\"/usr/lib/ssh/ssh-askpass\" -D_PATH_SFTP_SERVER=\"/usr/lib/ssh/sftp-server\" -D_PATH_SSH_KEY_SIGN=\"/usr/lib/ssh/ssh-keysign\" -D_PATH_SSHD_SESSION=\"/usr/lib/ssh/sshd-session\" -D_PATH_SSHD_AUTH=\"/usr/lib/ssh/sshd-auth\" -D_PATH_SSH_PKCS11_HELPER=\"/usr/lib/ssh/ssh-pkcs11-helper\" -D_PATH_SSH_SK_HELPER=\"/usr/lib/ssh/ssh-sk-helper\" -D_PATH_SSH_PIDDIR=\"/etc/ssh\" -D_PATH_PRIVSEP_CHROOT_DIR=\"/var/empty\" -DHAVE_CONFIG_H -c /c/ap13-dcb/openssh-msys-canonical-05/src/sftp-server.c -o sftp-server.o
/c/Users/crutkasLocal/.copilot/repos/copilot-worktrees/msys2-woarm64-build/crutkas-didactic-waffle/.github/scripts/msys-openssh-release-gcc -g -O2 -pipe -Wno-error=format-truncation -Wall -Wextra -Wpointer-arith -Wuninitialized -Wsign-compare -Wformat-security -Wsizeof-pointer-memaccess -Wno-pointer-sign -Wno-unused-parameter -Wno-unused-result -Wimplicit-fallthrough -Wmisleading-indentation -fno-strict-aliasing -fno-builtin-memset -Wno-attributes   -I. -I/c/ap13-dcb/openssh-msys-canonical-05/src -I"/c/ap13-dcb/openssh-msys-canonical-05/build/openbsd-compat/include" -I/c/ap13-dcb/openssl-msys-canonical-02/openssl-release-sdk-01/include -I/c/Users/crutkasLocal/.copilot/session-state/f6ea7713-2cec-41d5-b3f9-b4373e60fa33/files/resume-20260907/zlib-msys-01/stage/usr/include -I/c/ap13-dcb/openssl-msys-canonical-02/openssl-release-sdk-01/include -I/c/Users/crutkasLocal/.copilot/session-state/f6ea7713-2cec-41d5-b3f9-b4373e60fa33/files/resume-20260907/zlib-msys-01/stage/usr/include -I/c/ag-e138920f/ssh-libxcrypt-msys-02/stage/usr/include -DSSHDIR=\"/etc/ssh\" -D_PATH_SSH_PROGRAM=\"/usr/bin/ssh\" -D_PATH_SSH_ASKPASS_DEFAULT=\"/usr/lib/ssh/ssh-askpass\" -D_PATH_SFTP_SERVER=\"/usr/lib/ssh/sftp-server\" -D_PATH_SSH_KEY_SIGN=\"/usr/lib/ssh/ssh-keysign\" -D_PATH_SSHD_SESSION=\"/usr/lib/ssh/sshd-session\" -D_PATH_SSHD_AUTH=\"/usr/lib/ssh/sshd-auth\" -D_PATH_SSH_PKCS11_HELPER=\"/usr/lib/ssh/ssh-pkcs11-helper\" -D_PATH_SSH_SK_HELPER=\"/usr/lib/ssh/ssh-sk-helper\" -D_PATH_SSH_PIDDIR=\"/etc/ssh\" -D_PATH_PRIVSEP_CHROOT_DIR=\"/var/empty\" -DHAVE_CONFIG_H -c /c/ap13-dcb/openssh-msys-canonical-05/src/sftp-common.c -o sftp-common.o
/c/Users/crutkasLocal/.copilot/repos/copilot-worktrees/msys2-woarm64-build/crutkas-didactic-waffle/.github/scripts/msys-openssh-release-gcc -g -O2 -pipe -Wno-error=format-truncation -Wall -Wextra -Wpointer-arith -Wuninitialized -Wsign-compare -Wformat-security -Wsizeof-pointer-memaccess -Wno-pointer-sign -Wno-unused-parameter -Wno-unused-result -Wimplicit-fallthrough -Wmisleading-indentation -fno-strict-aliasing -fno-builtin-memset -Wno-attributes   -I. -I/c/ap13-dcb/openssh-msys-canonical-05/src -I"/c/ap13-dcb/openssh-msys-canonical-05/build/openbsd-compat/include" -I/c/ap13-dcb/openssl-msys-canonical-02/openssl-release-sdk-01/include -I/c/Users/crutkasLocal/.copilot/session-state/f6ea7713-2cec-41d5-b3f9-b4373e60fa33/files/resume-20260907/zlib-msys-01/stage/usr/include -I/c/ap13-dcb/openssl-msys-canonical-02/openssl-release-sdk-01/include -I/c/Users/crutkasLocal/.copilot/session-state/f6ea7713-2cec-41d5-b3f9-b4373e60fa33/files/resume-20260907/zlib-msys-01/stage/usr/include -I/c/ag-e138920f/ssh-libxcrypt-msys-02/stage/usr/include -DSSHDIR=\"/etc/ssh\" -D_PATH_SSH_PROGRAM=\"/usr/bin/ssh\" -D_PATH_SSH_ASKPASS_DEFAULT=\"/usr/lib/ssh/ssh-askpass\" -D_PATH_SFTP_SERVER=\"/usr/lib/ssh/sftp-server\" -D_PATH_SSH_KEY_SIGN=\"/usr/lib/ssh/ssh-keysign\" -D_PATH_SSHD_SESSION=\"/usr/lib/ssh/sshd-session\" -D_PATH_SSHD_AUTH=\"/usr/lib/ssh/sshd-auth\" -D_PATH_SSH_PKCS11_HELPER=\"/usr/lib/ssh/ssh-pkcs11-helper\" -D_PATH_SSH_SK_HELPER=\"/usr/lib/ssh/ssh-sk-helper\" -D_PATH_SSH_PIDDIR=\"/etc/ssh\" -D_PATH_PRIVSEP_CHROOT_DIR=\"/var/empty\" -DHAVE_CONFIG_H -c /c/ap13-dcb/openssh-msys-canonical-05/src/uidswap.c -o uidswap.o
/c/Users/crutkasLocal/.copilot/repos/copilot-worktrees/msys2-woarm64-build/crutkas-didactic-waffle/.github/scripts/msys-openssh-release-gcc -g -O2 -pipe -Wno-error=format-truncation -Wall -Wextra -Wpointer-arith -Wuninitialized -Wsign-compare -Wformat-security -Wsizeof-pointer-memaccess -Wno-pointer-sign -Wno-unused-parameter -Wno-unused-result -Wimplicit-fallthrough -Wmisleading-indentation -fno-strict-aliasing -fno-builtin-memset -Wno-attributes   -I. -I/c/ap13-dcb/openssh-msys-canonical-05/src -I"/c/ap13-dcb/openssh-msys-canonical-05/build/openbsd-compat/include" -I/c/ap13-dcb/openssl-msys-canonical-02/openssl-release-sdk-01/include -I/c/Users/crutkasLocal/.copilot/session-state/f6ea7713-2cec-41d5-b3f9-b4373e60fa33/files/resume-20260907/zlib-msys-01/stage/usr/include -I/c/ap13-dcb/openssl-msys-canonical-02/openssl-release-sdk-01/include -I/c/Users/crutkasLocal/.copilot/session-state/f6ea7713-2cec-41d5-b3f9-b4373e60fa33/files/resume-20260907/zlib-msys-01/stage/usr/include -I/c/ag-e138920f/ssh-libxcrypt-msys-02/stage/usr/include -DSSHDIR=\"/etc/ssh\" -D_PATH_SSH_PROGRAM=\"/usr/bin/ssh\" -D_PATH_SSH_ASKPASS_DEFAULT=\"/usr/lib/ssh/ssh-askpass\" -D_PATH_SFTP_SERVER=\"/usr/lib/ssh/sftp-server\" -D_PATH_SSH_KEY_SIGN=\"/usr/lib/ssh/ssh-keysign\" -D_PATH_SSHD_SESSION=\"/usr/lib/ssh/sshd-session\" -D_PATH_SSHD_AUTH=\"/usr/lib/ssh/sshd-auth\" -D_PATH_SSH_PKCS11_HELPER=\"/usr/lib/ssh/ssh-pkcs11-helper\" -D_PATH_SSH_SK_HELPER=\"/usr/lib/ssh/ssh-sk-helper\" -D_PATH_SSH_PIDDIR=\"/etc/ssh\" -D_PATH_PRIVSEP_CHROOT_DIR=\"/var/empty\" -DHAVE_CONFIG_H -c /c/ap13-dcb/openssh-msys-canonical-05/src/sshd-auth.c -o sshd-auth.o
/c/Users/crutkasLocal/.copilot/repos/copilot-worktrees/msys2-woarm64-build/crutkas-didactic-waffle/.github/scripts/msys-openssh-release-gcc -g -O2 -pipe -Wno-error=format-truncation -Wall -Wextra -Wpointer-arith -Wuninitialized -Wsign-compare -Wformat-security -Wsizeof-pointer-memaccess -Wno-pointer-sign -Wno-unused-parameter -Wno-unused-result -Wimplicit-fallthrough -Wmisleading-indentation -fno-strict-aliasing -fno-builtin-memset -Wno-attributes   -I. -I/c/ap13-dcb/openssh-msys-canonical-05/src -I"/c/ap13-dcb/openssh-msys-canonical-05/build/openbsd-compat/include" -I/c/ap13-dcb/openssl-msys-canonical-02/openssl-release-sdk-01/include -I/c/Users/crutkasLocal/.copilot/session-state/f6ea7713-2cec-41d5-b3f9-b4373e60fa33/files/resume-20260907/zlib-msys-01/stage/usr/include -I/c/ap13-dcb/openssl-msys-canonical-02/openssl-release-sdk-01/include -I/c/Users/crutkasLocal/.copilot/session-state/f6ea7713-2cec-41d5-b3f9-b4373e60fa33/files/resume-20260907/zlib-msys-01/stage/usr/include -I/c/ag-e138920f/ssh-libxcrypt-msys-02/stage/usr/include -DSSHDIR=\"/etc/ssh\" -D_PATH_SSH_PROGRAM=\"/usr/bin/ssh\" -D_PATH_SSH_ASKPASS_DEFAULT=\"/usr/lib/ssh/ssh-askpass\" -D_PATH_SFTP_SERVER=\"/usr/lib/ssh/sftp-server\" -D_PATH_SSH_KEY_SIGN=\"/usr/lib/ssh/ssh-keysign\" -D_PATH_SSHD_SESSION=\"/usr/lib/ssh/sshd-session\" -D_PATH_SSHD_AUTH=\"/usr/lib/ssh/sshd-auth\" -D_PATH_SSH_PKCS11_HELPER=\"/usr/lib/ssh/ssh-pkcs11-helper\" -D_PATH_SSH_SK_HELPER=\"/usr/lib/ssh/ssh-sk-helper\" -D_PATH_SSH_PIDDIR=\"/etc/ssh\" -D_PATH_PRIVSEP_CHROOT_DIR=\"/var/empty\" -DHAVE_CONFIG_H -c /c/ap13-dcb/openssh-msys-canonical-05/src/sandbox-null.c -o sandbox-null.o
/c/Users/crutkasLocal/.copilot/repos/copilot-worktrees/msys2-woarm64-build/crutkas-didactic-waffle/.github/scripts/msys-openssh-release-gcc -g -O2 -pipe -Wno-error=format-truncation -Wall -Wextra -Wpointer-arith -Wuninitialized -Wsign-compare -Wformat-security -Wsizeof-pointer-memaccess -Wno-pointer-sign -Wno-unused-parameter -Wno-unused-result -Wimplicit-fallthrough -Wmisleading-indentation -fno-strict-aliasing -fno-builtin-memset -Wno-attributes   -I. -I/c/ap13-dcb/openssh-msys-canonical-05/src -I"/c/ap13-dcb/openssh-msys-canonical-05/build/openbsd-compat/include" -I/c/ap13-dcb/openssl-msys-canonical-02/openssl-release-sdk-01/include -I/c/Users/crutkasLocal/.copilot/session-state/f6ea7713-2cec-41d5-b3f9-b4373e60fa33/files/resume-20260907/zlib-msys-01/stage/usr/include -I/c/ap13-dcb/openssl-msys-canonical-02/openssl-release-sdk-01/include -I/c/Users/crutkasLocal/.copilot/session-state/f6ea7713-2cec-41d5-b3f9-b4373e60fa33/files/resume-20260907/zlib-msys-01/stage/usr/include -I/c/ag-e138920f/ssh-libxcrypt-msys-02/stage/usr/include -DSSHDIR=\"/etc/ssh\" -D_PATH_SSH_PROGRAM=\"/usr/bin/ssh\" -D_PATH_SSH_ASKPASS_DEFAULT=\"/usr/lib/ssh/ssh-askpass\" -D_PATH_SFTP_SERVER=\"/usr/lib/ssh/sftp-server\" -D_PATH_SSH_KEY_SIGN=\"/usr/lib/ssh/ssh-keysign\" -D_PATH_SSHD_SESSION=\"/usr/lib/ssh/sshd-session\" -D_PATH_SSHD_AUTH=\"/usr/lib/ssh/sshd-auth\" -D_PATH_SSH_PKCS11_HELPER=\"/usr/lib/ssh/ssh-pkcs11-helper\" -D_PATH_SSH_SK_HELPER=\"/usr/lib/ssh/ssh-sk-helper\" -D_PATH_SSH_PIDDIR=\"/etc/ssh\" -D_PATH_PRIVSEP_CHROOT_DIR=\"/var/empty\" -DHAVE_CONFIG_H -c /c/ap13-dcb/openssh-msys-canonical-05/src/sandbox-rlimit.c -o sandbox-rlimit.o
/c/Users/crutkasLocal/.copilot/repos/copilot-worktrees/msys2-woarm64-build/crutkas-didactic-waffle/.github/scripts/msys-openssh-release-gcc -g -O2 -pipe -Wno-error=format-truncation -Wall -Wextra -Wpointer-arith -Wuninitialized -Wsign-compare -Wformat-security -Wsizeof-pointer-memaccess -Wno-pointer-sign -Wno-unused-parameter -Wno-unused-result -Wimplicit-fallthrough -Wmisleading-indentation -fno-strict-aliasing -fno-builtin-memset -Wno-attributes   -I. -I/c/ap13-dcb/openssh-msys-canonical-05/src -I"/c/ap13-dcb/openssh-msys-canonical-05/build/openbsd-compat/include" -I/c/ap13-dcb/openssl-msys-canonical-02/openssl-release-sdk-01/include -I/c/Users/crutkasLocal/.copilot/session-state/f6ea7713-2cec-41d5-b3f9-b4373e60fa33/files/resume-20260907/zlib-msys-01/stage/usr/include -I/c/ap13-dcb/openssl-msys-canonical-02/openssl-release-sdk-01/include -I/c/Users/crutkasLocal/.copilot/session-state/f6ea7713-2cec-41d5-b3f9-b4373e60fa33/files/resume-20260907/zlib-msys-01/stage/usr/include -I/c/ag-e138920f/ssh-libxcrypt-msys-02/stage/usr/include -DSSHDIR=\"/etc/ssh\" -D_PATH_SSH_PROGRAM=\"/usr/bin/ssh\" -D_PATH_SSH_ASKPASS_DEFAULT=\"/usr/lib/ssh/ssh-askpass\" -D_PATH_SFTP_SERVER=\"/usr/lib/ssh/sftp-server\" -D_PATH_SSH_KEY_SIGN=\"/usr/lib/ssh/ssh-keysign\" -D_PATH_SSHD_SESSION=\"/usr/lib/ssh/sshd-session\" -D_PATH_SSHD_AUTH=\"/usr/lib/ssh/sshd-auth\" -D_PATH_SSH_PKCS11_HELPER=\"/usr/lib/ssh/ssh-pkcs11-helper\" -D_PATH_SSH_SK_HELPER=\"/usr/lib/ssh/ssh-sk-helper\" -D_PATH_SSH_PIDDIR=\"/etc/ssh\" -D_PATH_PRIVSEP_CHROOT_DIR=\"/var/empty\" -DHAVE_CONFIG_H -c /c/ap13-dcb/openssh-msys-canonical-05/src/sandbox-darwin.c -o sandbox-darwin.o
/c/Users/crutkasLocal/.copilot/repos/copilot-worktrees/msys2-woarm64-build/crutkas-didactic-waffle/.github/scripts/msys-openssh-release-gcc -g -O2 -pipe -Wno-error=format-truncation -Wall -Wextra -Wpointer-arith -Wuninitialized -Wsign-compare -Wformat-security -Wsizeof-pointer-memaccess -Wno-pointer-sign -Wno-unused-parameter -Wno-unused-result -Wimplicit-fallthrough -Wmisleading-indentation -fno-strict-aliasing -fno-builtin-memset -Wno-attributes   -I. -I/c/ap13-dcb/openssh-msys-canonical-05/src -I"/c/ap13-dcb/openssh-msys-canonical-05/build/openbsd-compat/include" -I/c/ap13-dcb/openssl-msys-canonical-02/openssl-release-sdk-01/include -I/c/Users/crutkasLocal/.copilot/session-state/f6ea7713-2cec-41d5-b3f9-b4373e60fa33/files/resume-20260907/zlib-msys-01/stage/usr/include -I/c/ap13-dcb/openssl-msys-canonical-02/openssl-release-sdk-01/include -I/c/Users/crutkasLocal/.copilot/session-state/f6ea7713-2cec-41d5-b3f9-b4373e60fa33/files/resume-20260907/zlib-msys-01/stage/usr/include -I/c/ag-e138920f/ssh-libxcrypt-msys-02/stage/usr/include -DSSHDIR=\"/etc/ssh\" -D_PATH_SSH_PROGRAM=\"/usr/bin/ssh\" -D_PATH_SSH_ASKPASS_DEFAULT=\"/usr/lib/ssh/ssh-askpass\" -D_PATH_SFTP_SERVER=\"/usr/lib/ssh/sftp-server\" -D_PATH_SSH_KEY_SIGN=\"/usr/lib/ssh/ssh-keysign\" -D_PATH_SSHD_SESSION=\"/usr/lib/ssh/sshd-session\" -D_PATH_SSHD_AUTH=\"/usr/lib/ssh/sshd-auth\" -D_PATH_SSH_PKCS11_HELPER=\"/usr/lib/ssh/ssh-pkcs11-helper\" -D_PATH_SSH_SK_HELPER=\"/usr/lib/ssh/ssh-sk-helper\" -D_PATH_SSH_PIDDIR=\"/etc/ssh\" -D_PATH_PRIVSEP_CHROOT_DIR=\"/var/empty\" -DHAVE_CONFIG_H -c /c/ap13-dcb/openssh-msys-canonical-05/src/sandbox-seccomp-filter.c -o sandbox-seccomp-filter.o
/c/Users/crutkasLocal/.copilot/repos/copilot-worktrees/msys2-woarm64-build/crutkas-didactic-waffle/.github/scripts/msys-openssh-release-gcc -g -O2 -pipe -Wno-error=format-truncation -Wall -Wextra -Wpointer-arith -Wuninitialized -Wsign-compare -Wformat-security -Wsizeof-pointer-memaccess -Wno-pointer-sign -Wno-unused-parameter -Wno-unused-result -Wimplicit-fallthrough -Wmisleading-indentation -fno-strict-aliasing -fno-builtin-memset -Wno-attributes   -I. -I/c/ap13-dcb/openssh-msys-canonical-05/src -I"/c/ap13-dcb/openssh-msys-canonical-05/build/openbsd-compat/include" -I/c/ap13-dcb/openssl-msys-canonical-02/openssl-release-sdk-01/include -I/c/Users/crutkasLocal/.copilot/session-state/f6ea7713-2cec-41d5-b3f9-b4373e60fa33/files/resume-20260907/zlib-msys-01/stage/usr/include -I/c/ap13-dcb/openssl-msys-canonical-02/openssl-release-sdk-01/include -I/c/Users/crutkasLocal/.copilot/session-state/f6ea7713-2cec-41d5-b3f9-b4373e60fa33/files/resume-20260907/zlib-msys-01/stage/usr/include -I/c/ag-e138920f/ssh-libxcrypt-msys-02/stage/usr/include -DSSHDIR=\"/etc/ssh\" -D_PATH_SSH_PROGRAM=\"/usr/bin/ssh\" -D_PATH_SSH_ASKPASS_DEFAULT=\"/usr/lib/ssh/ssh-askpass\" -D_PATH_SFTP_SERVER=\"/usr/lib/ssh/sftp-server\" -D_PATH_SSH_KEY_SIGN=\"/usr/lib/ssh/ssh-keysign\" -D_PATH_SSHD_SESSION=\"/usr/lib/ssh/sshd-session\" -D_PATH_SSHD_AUTH=\"/usr/lib/ssh/sshd-auth\" -D_PATH_SSH_PKCS11_HELPER=\"/usr/lib/ssh/ssh-pkcs11-helper\" -D_PATH_SSH_SK_HELPER=\"/usr/lib/ssh/ssh-sk-helper\" -D_PATH_SSH_PIDDIR=\"/etc/ssh\" -D_PATH_PRIVSEP_CHROOT_DIR=\"/var/empty\" -DHAVE_CONFIG_H -c /c/ap13-dcb/openssh-msys-canonical-05/src/sandbox-capsicum.c -o sandbox-capsicum.o
/c/Users/crutkasLocal/.copilot/repos/copilot-worktrees/msys2-woarm64-build/crutkas-didactic-waffle/.github/scripts/msys-openssh-release-gcc -g -O2 -pipe -Wno-error=format-truncation -Wall -Wextra -Wpointer-arith -Wuninitialized -Wsign-compare -Wformat-security -Wsizeof-pointer-memaccess -Wno-pointer-sign -Wno-unused-parameter -Wno-unused-result -Wimplicit-fallthrough -Wmisleading-indentation -fno-strict-aliasing -fno-builtin-memset -Wno-attributes   -I. -I/c/ap13-dcb/openssh-msys-canonical-05/src -I"/c/ap13-dcb/openssh-msys-canonical-05/build/openbsd-compat/include" -I/c/ap13-dcb/openssl-msys-canonical-02/openssl-release-sdk-01/include -I/c/Users/crutkasLocal/.copilot/session-state/f6ea7713-2cec-41d5-b3f9-b4373e60fa33/files/resume-20260907/zlib-msys-01/stage/usr/include -I/c/ap13-dcb/openssl-msys-canonical-02/openssl-release-sdk-01/include -I/c/Users/crutkasLocal/.copilot/session-state/f6ea7713-2cec-41d5-b3f9-b4373e60fa33/files/resume-20260907/zlib-msys-01/stage/usr/include -I/c/ag-e138920f/ssh-libxcrypt-msys-02/stage/usr/include -DSSHDIR=\"/etc/ssh\" -D_PATH_SSH_PROGRAM=\"/usr/bin/ssh\" -D_PATH_SSH_ASKPASS_DEFAULT=\"/usr/lib/ssh/ssh-askpass\" -D_PATH_SFTP_SERVER=\"/usr/lib/ssh/sftp-server\" -D_PATH_SSH_KEY_SIGN=\"/usr/lib/ssh/ssh-keysign\" -D_PATH_SSHD_SESSION=\"/usr/lib/ssh/sshd-session\" -D_PATH_SSHD_AUTH=\"/usr/lib/ssh/sshd-auth\" -D_PATH_SSH_PKCS11_HELPER=\"/usr/lib/ssh/ssh-pkcs11-helper\" -D_PATH_SSH_SK_HELPER=\"/usr/lib/ssh/ssh-sk-helper\" -D_PATH_SSH_PIDDIR=\"/etc/ssh\" -D_PATH_PRIVSEP_CHROOT_DIR=\"/var/empty\" -DHAVE_CONFIG_H -c /c/ap13-dcb/openssh-msys-canonical-05/src/sandbox-solaris.c -o sandbox-solaris.o
/c/Users/crutkasLocal/.copilot/repos/copilot-worktrees/msys2-woarm64-build/crutkas-didactic-waffle/.github/scripts/msys-openssh-release-gcc -g -O2 -pipe -Wno-error=format-truncation -Wall -Wextra -Wpointer-arith -Wuninitialized -Wsign-compare -Wformat-security -Wsizeof-pointer-memaccess -Wno-pointer-sign -Wno-unused-parameter -Wno-unused-result -Wimplicit-fallthrough -Wmisleading-indentation -fno-strict-aliasing -fno-builtin-memset -Wno-attributes   -I. -I/c/ap13-dcb/openssh-msys-canonical-05/src -I"/c/ap13-dcb/openssh-msys-canonical-05/build/openbsd-compat/include" -I/c/ap13-dcb/openssl-msys-canonical-02/openssl-release-sdk-01/include -I/c/Users/crutkasLocal/.copilot/session-state/f6ea7713-2cec-41d5-b3f9-b4373e60fa33/files/resume-20260907/zlib-msys-01/stage/usr/include -I/c/ap13-dcb/openssl-msys-canonical-02/openssl-release-sdk-01/include -I/c/Users/crutkasLocal/.copilot/session-state/f6ea7713-2cec-41d5-b3f9-b4373e60fa33/files/resume-20260907/zlib-msys-01/stage/usr/include -I/c/ag-e138920f/ssh-libxcrypt-msys-02/stage/usr/include -DSSHDIR=\"/etc/ssh\" -D_PATH_SSH_PROGRAM=\"/usr/bin/ssh\" -D_PATH_SSH_ASKPASS_DEFAULT=\"/usr/lib/ssh/ssh-askpass\" -D_PATH_SFTP_SERVER=\"/usr/lib/ssh/sftp-server\" -D_PATH_SSH_KEY_SIGN=\"/usr/lib/ssh/ssh-keysign\" -D_PATH_SSHD_SESSION=\"/usr/lib/ssh/sshd-session\" -D_PATH_SSHD_AUTH=\"/usr/lib/ssh/sshd-auth\" -D_PATH_SSH_PKCS11_HELPER=\"/usr/lib/ssh/ssh-pkcs11-helper\" -D_PATH_SSH_SK_HELPER=\"/usr/lib/ssh/ssh-sk-helper\" -D_PATH_SSH_PIDDIR=\"/etc/ssh\" -D_PATH_PRIVSEP_CHROOT_DIR=\"/var/empty\" -DHAVE_CONFIG_H -c /c/ap13-dcb/openssh-msys-canonical-05/src/ssh-add.c -o ssh-add.o
/c/Users/crutkasLocal/.copilot/repos/copilot-worktrees/msys2-woarm64-build/crutkas-didactic-waffle/.github/scripts/msys-openssh-release-gcc -g -O2 -pipe -Wno-error=format-truncation -Wall -Wextra -Wpointer-arith -Wuninitialized -Wsign-compare -Wformat-security -Wsizeof-pointer-memaccess -Wno-pointer-sign -Wno-unused-parameter -Wno-unused-result -Wimplicit-fallthrough -Wmisleading-indentation -fno-strict-aliasing -fno-builtin-memset -Wno-attributes   -I. -I/c/ap13-dcb/openssh-msys-canonical-05/src -I"/c/ap13-dcb/openssh-msys-canonical-05/build/openbsd-compat/include" -I/c/ap13-dcb/openssl-msys-canonical-02/openssl-release-sdk-01/include -I/c/Users/crutkasLocal/.copilot/session-state/f6ea7713-2cec-41d5-b3f9-b4373e60fa33/files/resume-20260907/zlib-msys-01/stage/usr/include -I/c/ap13-dcb/openssl-msys-canonical-02/openssl-release-sdk-01/include -I/c/Users/crutkasLocal/.copilot/session-state/f6ea7713-2cec-41d5-b3f9-b4373e60fa33/files/resume-20260907/zlib-msys-01/stage/usr/include -I/c/ag-e138920f/ssh-libxcrypt-msys-02/stage/usr/include -DSSHDIR=\"/etc/ssh\" -D_PATH_SSH_PROGRAM=\"/usr/bin/ssh\" -D_PATH_SSH_ASKPASS_DEFAULT=\"/usr/lib/ssh/ssh-askpass\" -D_PATH_SFTP_SERVER=\"/usr/lib/ssh/sftp-server\" -D_PATH_SSH_KEY_SIGN=\"/usr/lib/ssh/ssh-keysign\" -D_PATH_SSHD_SESSION=\"/usr/lib/ssh/sshd-session\" -D_PATH_SSHD_AUTH=\"/usr/lib/ssh/sshd-auth\" -D_PATH_SSH_PKCS11_HELPER=\"/usr/lib/ssh/ssh-pkcs11-helper\" -D_PATH_SSH_SK_HELPER=\"/usr/lib/ssh/ssh-sk-helper\" -D_PATH_SSH_PIDDIR=\"/etc/ssh\" -D_PATH_PRIVSEP_CHROOT_DIR=\"/var/empty\" -DHAVE_CONFIG_H -c /c/ap13-dcb/openssh-msys-canonical-05/src/ssh-keygen.c -o ssh-keygen.o
/c/Users/crutkasLocal/.copilot/repos/copilot-worktrees/msys2-woarm64-build/crutkas-didactic-waffle/.github/scripts/msys-openssh-release-gcc -g -O2 -pipe -Wno-error=format-truncation -Wall -Wextra -Wpointer-arith -Wuninitialized -Wsign-compare -Wformat-security -Wsizeof-pointer-memaccess -Wno-pointer-sign -Wno-unused-parameter -Wno-unused-result -Wimplicit-fallthrough -Wmisleading-indentation -fno-strict-aliasing -fno-builtin-memset -Wno-attributes   -I. -I/c/ap13-dcb/openssh-msys-canonical-05/src -I"/c/ap13-dcb/openssh-msys-canonical-05/build/openbsd-compat/include" -I/c/ap13-dcb/openssl-msys-canonical-02/openssl-release-sdk-01/include -I/c/Users/crutkasLocal/.copilot/session-state/f6ea7713-2cec-41d5-b3f9-b4373e60fa33/files/resume-20260907/zlib-msys-01/stage/usr/include -I/c/ap13-dcb/openssl-msys-canonical-02/openssl-release-sdk-01/include -I/c/Users/crutkasLocal/.copilot/session-state/f6ea7713-2cec-41d5-b3f9-b4373e60fa33/files/resume-20260907/zlib-msys-01/stage/usr/include -I/c/ag-e138920f/ssh-libxcrypt-msys-02/stage/usr/include -DSSHDIR=\"/etc/ssh\" -D_PATH_SSH_PROGRAM=\"/usr/bin/ssh\" -D_PATH_SSH_ASKPASS_DEFAULT=\"/usr/lib/ssh/ssh-askpass\" -D_PATH_SFTP_SERVER=\"/usr/lib/ssh/sftp-server\" -D_PATH_SSH_KEY_SIGN=\"/usr/lib/ssh/ssh-keysign\" -D_PATH_SSHD_SESSION=\"/usr/lib/ssh/sshd-session\" -D_PATH_SSHD_AUTH=\"/usr/lib/ssh/sshd-auth\" -D_PATH_SSH_PKCS11_HELPER=\"/usr/lib/ssh/ssh-pkcs11-helper\" -D_PATH_SSH_SK_HELPER=\"/usr/lib/ssh/ssh-sk-helper\" -D_PATH_SSH_PIDDIR=\"/etc/ssh\" -D_PATH_PRIVSEP_CHROOT_DIR=\"/var/empty\" -DHAVE_CONFIG_H -c /c/ap13-dcb/openssh-msys-canonical-05/src/sshsig.c -o sshsig.o
C:/ap13-dcb/openssh-msys-canonical-05/src/ssh-keygen.c: In function 'do_convert_to_pkcs8':
C:/ap13-dcb/openssh-msys-canonical-05/src/ssh-keygen.c:356:17: warning: 'PEM_write_RSA_PUBKEY' is deprecated: Since OpenSSL 3.0 [-Wdeprecated-declarations]
  356 |                 if (!PEM_write_RSA_PUBKEY(stdout,
      |                 ^~
In file included from C:/ap13-dcb/openssh-msys-canonical-05/src/ssh-keygen.c:25:
C:/ap13-dcb/openssl-msys-canonical-02/openssl-release-sdk-01/include/openssl/pem.h:85:9: note: declared here
   85 |     int PEM_##writename##_##name(OUTTYPE *out, const type *x)
      |         ^~~~
C:/ap13-dcb/openssl-msys-canonical-02/openssl-release-sdk-01/include/openssl/pem.h:246:10: note: in expansion of macro 'PEM_write_fnsig'
  246 |     attr PEM_write_fnsig(name, type, FILE, write);
      |          ^~~~~~~~~~~~~~~
C:/ap13-dcb/openssl-msys-canonical-02/openssl-release-sdk-01/include/openssl/pem.h:312:5: note: in expansion of macro 'DECLARE_PEM_write_fp_attr'
  312 |     DECLARE_PEM_write_fp_attr(attr, name, type)
      |     ^~~~~~~~~~~~~~~~~~~~~~~~~
C:/ap13-dcb/openssl-msys-canonical-02/openssl-release-sdk-01/include/openssl/pem.h:349:5: note: in expansion of macro 'DECLARE_PEM_write_attr'
  349 |     DECLARE_PEM_write_attr(attr, name, type)
      |     ^~~~~~~~~~~~~~~~~~~~~~
C:/ap13-dcb/openssl-msys-canonical-02/openssl-release-sdk-01/include/openssl/pem.h:459:1: note: in expansion of macro 'DECLARE_PEM_rw_attr'
  459 | DECLARE_PEM_rw_attr(OSSL_DEPRECATEDIN_3_0, RSA_PUBKEY, RSA)
      | ^~~~~~~~~~~~~~~~~~~
C:/ap13-dcb/openssh-msys-canonical-05/src/ssh-keygen.c:357:21: warning: 'EVP_PKEY_get0_RSA' is deprecated: Since OpenSSL 3.0 [-Wdeprecated-declarations]
  357 |                     EVP_PKEY_get0_RSA(k->pkey)))
      |                     ^~~~~~~~~~~~~~~~~
In file included from C:/ap13-dcb/openssh-msys-canonical-05/src/openbsd-compat/openssl-compat.h:25,
                 from C:/ap13-dcb/openssh-msys-canonical-05/src/ssh-keygen.c:22:
C:/ap13-dcb/openssl-msys-canonical-02/openssl-release-sdk-01/include/openssl/evp.h:1405:22: note: declared here
 1405 | const struct rsa_st *EVP_PKEY_get0_RSA(const EVP_PKEY *pkey);
      |                      ^~~~~~~~~~~~~~~~~
C:/ap13-dcb/openssh-msys-canonical-05/src/ssh-keygen.c:361:17: warning: 'PEM_write_EC_PUBKEY' is deprecated: Since OpenSSL 3.0 [-Wdeprecated-declarations]
  361 |                 if (!PEM_write_EC_PUBKEY(stdout,
      |                 ^~
C:/ap13-dcb/openssl-msys-canonical-02/openssl-release-sdk-01/include/openssl/pem.h:85:9: note: declared here
   85 |     int PEM_##writename##_##name(OUTTYPE *out, const type *x)
      |         ^~~~
C:/ap13-dcb/openssl-msys-canonical-02/openssl-release-sdk-01/include/openssl/pem.h:246:10: note: in expansion of macro 'PEM_write_fnsig'
  246 |     attr PEM_write_fnsig(name, type, FILE, write);
      |          ^~~~~~~~~~~~~~~
C:/ap13-dcb/openssl-msys-canonical-02/openssl-release-sdk-01/include/openssl/pem.h:312:5: note: in expansion of macro 'DECLARE_PEM_write_fp_attr'
  312 |     DECLARE_PEM_write_fp_attr(attr, name, type)
      |     ^~~~~~~~~~~~~~~~~~~~~~~~~
C:/ap13-dcb/openssl-msys-canonical-02/openssl-release-sdk-01/include/openssl/pem.h:349:5: note: in expansion of macro 'DECLARE_PEM_write_attr'
  349 |     DECLARE_PEM_write_attr(attr, name, type)
      |     ^~~~~~~~~~~~~~~~~~~~~~
C:/ap13-dcb/openssl-msys-canonical-02/openssl-release-sdk-01/include/openssl/pem.h:473:1: note: in expansion of macro 'DECLARE_PEM_rw_attr'
  473 | DECLARE_PEM_rw_attr(OSSL_DEPRECATEDIN_3_0, EC_PUBKEY, EC_KEY)
      | ^~~~~~~~~~~~~~~~~~~
C:/ap13-dcb/openssh-msys-canonical-05/src/ssh-keygen.c:362:21: warning: 'EVP_PKEY_get0_EC_KEY' is deprecated: Since OpenSSL 3.0 [-Wdeprecated-declarations]
  362 |                     EVP_PKEY_get0_EC_KEY(k->pkey)))
      |                     ^~~~~~~~~~~~~~~~~~~~
C:/ap13-dcb/openssl-msys-canonical-02/openssl-release-sdk-01/include/openssl/evp.h:1431:25: note: declared here
 1431 | const struct ec_key_st *EVP_PKEY_get0_EC_KEY(const EVP_PKEY *pkey);
      |                         ^~~~~~~~~~~~~~~~~~~~
C:/ap13-dcb/openssh-msys-canonical-05/src/ssh-keygen.c: In function 'do_convert_to_pem':
C:/ap13-dcb/openssh-msys-canonical-05/src/ssh-keygen.c:375:17: warning: 'PEM_write_RSAPublicKey' is deprecated: Since OpenSSL 3.0 [-Wdeprecated-declarations]
  375 |                 if (!PEM_write_RSAPublicKey(stdout,
      |                 ^~
C:/ap13-dcb/openssl-msys-canonical-02/openssl-release-sdk-01/include/openssl/pem.h:85:9: note: declared here
   85 |     int PEM_##writename##_##name(OUTTYPE *out, const type *x)
      |         ^~~~
C:/ap13-dcb/openssl-msys-canonical-02/openssl-release-sdk-01/include/openssl/pem.h:246:10: note: in expansion of macro 'PEM_write_fnsig'
  246 |     attr PEM_write_fnsig(name, type, FILE, write);
      |          ^~~~~~~~~~~~~~~
C:/ap13-dcb/openssl-msys-canonical-02/openssl-release-sdk-01/include/openssl/pem.h:312:5: note: in expansion of macro 'DECLARE_PEM_write_fp_attr'
  312 |     DECLARE_PEM_write_fp_attr(attr, name, type)
      |     ^~~~~~~~~~~~~~~~~~~~~~~~~
C:/ap13-dcb/openssl-msys-canonical-02/openssl-release-sdk-01/include/openssl/pem.h:349:5: note: in expansion of macro 'DECLARE_PEM_write_attr'
  349 |     DECLARE_PEM_write_attr(attr, name, type)
      |     ^~~~~~~~~~~~~~~~~~~~~~
C:/ap13-dcb/openssl-msys-canonical-02/openssl-release-sdk-01/include/openssl/pem.h:458:1: note: in expansion of macro 'DECLARE_PEM_rw_attr'
  458 | DECLARE_PEM_rw_attr(OSSL_DEPRECATEDIN_3_0, RSAPublicKey, RSA)
      | ^~~~~~~~~~~~~~~~~~~
C:/ap13-dcb/openssh-msys-canonical-05/src/ssh-keygen.c:376:21: warning: 'EVP_PKEY_get0_RSA' is deprecated: Since OpenSSL 3.0 [-Wdeprecated-declarations]
  376 |                     EVP_PKEY_get0_RSA(k->pkey)))
      |                     ^~~~~~~~~~~~~~~~~
C:/ap13-dcb/openssl-msys-canonical-02/openssl-release-sdk-01/include/openssl/evp.h:1405:22: note: declared here
 1405 | const struct rsa_st *EVP_PKEY_get0_RSA(const EVP_PKEY *pkey);
      |                      ^~~~~~~~~~~~~~~~~
C:/ap13-dcb/openssh-msys-canonical-05/src/ssh-keygen.c:380:17: warning: 'PEM_write_EC_PUBKEY' is deprecated: Since OpenSSL 3.0 [-Wdeprecated-declarations]
  380 |                 if (!PEM_write_EC_PUBKEY(stdout,
      |                 ^~
C:/ap13-dcb/openssl-msys-canonical-02/openssl-release-sdk-01/include/openssl/pem.h:85:9: note: declared here
   85 |     int PEM_##writename##_##name(OUTTYPE *out, const type *x)
      |         ^~~~
C:/ap13-dcb/openssl-msys-canonical-02/openssl-release-sdk-01/include/openssl/pem.h:246:10: note: in expansion of macro 'PEM_write_fnsig'
  246 |     attr PEM_write_fnsig(name, type, FILE, write);
      |          ^~~~~~~~~~~~~~~
C:/ap13-dcb/openssl-msys-canonical-02/openssl-release-sdk-01/include/openssl/pem.h:312:5: note: in expansion of macro 'DECLARE_PEM_write_fp_attr'
  312 |     DECLARE_PEM_write_fp_attr(attr, name, type)
      |     ^~~~~~~~~~~~~~~~~~~~~~~~~
C:/ap13-dcb/openssl-msys-canonical-02/openssl-release-sdk-01/include/openssl/pem.h:349:5: note: in expansion of macro 'DECLARE_PEM_write_attr'
  349 |     DECLARE_PEM_write_attr(attr, name, type)
      |     ^~~~~~~~~~~~~~~~~~~~~~
C:/ap13-dcb/openssl-msys-canonical-02/openssl-release-sdk-01/include/openssl/pem.h:473:1: note: in expansion of macro 'DECLARE_PEM_rw_attr'
  473 | DECLARE_PEM_rw_attr(OSSL_DEPRECATEDIN_3_0, EC_PUBKEY, EC_KEY)
      | ^~~~~~~~~~~~~~~~~~~
C:/ap13-dcb/openssh-msys-canonical-05/src/ssh-keygen.c:381:21: warning: 'EVP_PKEY_get0_EC_KEY' is deprecated: Since OpenSSL 3.0 [-Wdeprecated-declarations]
  381 |                     EVP_PKEY_get0_EC_KEY(k->pkey)))
      |                     ^~~~~~~~~~~~~~~~~~~~
C:/ap13-dcb/openssl-msys-canonical-02/openssl-release-sdk-01/include/openssl/evp.h:1431:25: note: declared here
 1431 | const struct ec_key_st *EVP_PKEY_get0_EC_KEY(const EVP_PKEY *pkey);
      |                         ^~~~~~~~~~~~~~~~~~~~
C:/ap13-dcb/openssh-msys-canonical-05/src/ssh-keygen.c: In function 'do_convert_private_ssh2':
C:/ap13-dcb/openssh-msys-canonical-05/src/ssh-keygen.c:529:17: warning: 'RSA_new' is deprecated: Since OpenSSL 3.0 [-Wdeprecated-declarations]
  529 |                 if ((rsa = RSA_new()) == NULL)
      |                 ^~
In file included from C:/ap13-dcb/openssh-msys-canonical-05/src/openbsd-compat/openssl-compat.h:27:
C:/ap13-dcb/openssl-msys-canonical-02/openssl-release-sdk-01/include/openssl/rsa.h:212:28: note: declared here
  212 | OSSL_DEPRECATEDIN_3_0 RSA *RSA_new(void);
      |                            ^~~~~~~
C:/ap13-dcb/openssh-msys-canonical-05/src/ssh-keygen.c:531:17: warning: 'RSA_set0_key' is deprecated: Since OpenSSL 3.0 [-Wdeprecated-declarations]
  531 |                 if (!RSA_set0_key(rsa, rsa_n, rsa_e, rsa_d))
      |                 ^~
C:/ap13-dcb/openssl-msys-canonical-02/openssl-release-sdk-01/include/openssl/rsa.h:218:27: note: declared here
  218 | OSSL_DEPRECATEDIN_3_0 int RSA_set0_key(RSA *r, BIGNUM *n, BIGNUM *e, BIGNUM *d);
      |                           ^~~~~~~~~~~~
C:/ap13-dcb/openssh-msys-canonical-05/src/ssh-keygen.c:534:17: warning: 'RSA_set0_factors' is deprecated: Since OpenSSL 3.0 [-Wdeprecated-declarations]
  534 |                 if (!RSA_set0_factors(rsa, rsa_p, rsa_q))
      |                 ^~
C:/ap13-dcb/openssl-msys-canonical-02/openssl-release-sdk-01/include/openssl/rsa.h:219:27: note: declared here
  219 | OSSL_DEPRECATEDIN_3_0 int RSA_set0_factors(RSA *r, BIGNUM *p, BIGNUM *q);
      |                           ^~~~~~~~~~~~~~~~
C:/ap13-dcb/openssh-msys-canonical-05/src/ssh-keygen.c:537:17: warning: 'RSA_set0_crt_params' is deprecated: Since OpenSSL 3.0 [-Wdeprecated-declarations]
  537 |                 if (RSA_set0_crt_params(rsa, rsa_dmp1, rsa_dmq1, rsa_iqmp) != 1)
      |                 ^~
C:/ap13-dcb/openssl-msys-canonical-02/openssl-release-sdk-01/include/openssl/rsa.h:220:27: note: declared here
  220 | OSSL_DEPRECATEDIN_3_0 int RSA_set0_crt_params(RSA *r,
      |                           ^~~~~~~~~~~~~~~~~~~
C:/ap13-dcb/openssh-msys-canonical-05/src/ssh-keygen.c:540:17: warning: 'EVP_PKEY_set1_RSA' is deprecated: Since OpenSSL 3.0 [-Wdeprecated-declarations]
  540 |                 if (EVP_PKEY_set1_RSA(key->pkey, rsa) != 1)
      |                 ^~
C:/ap13-dcb/openssl-msys-canonical-02/openssl-release-sdk-01/include/openssl/evp.h:1403:5: note: declared here
 1403 | int EVP_PKEY_set1_RSA(EVP_PKEY *pkey, struct rsa_st *key);
      |     ^~~~~~~~~~~~~~~~~
C:/ap13-dcb/openssh-msys-canonical-05/src/ssh-keygen.c:542:17: warning: 'RSA_free' is deprecated: Since OpenSSL 3.0 [-Wdeprecated-declarations]
  542 |                 RSA_free(rsa);
      |                 ^~~~~~~~
C:/ap13-dcb/openssl-msys-canonical-02/openssl-release-sdk-01/include/openssl/rsa.h:303:28: note: declared here
  303 | OSSL_DEPRECATEDIN_3_0 void RSA_free(RSA *r);
      |                            ^~~~~~~~
C:/ap13-dcb/openssh-msys-canonical-05/src/ssh-keygen.c: In function 'do_convert_from_pem':
C:/ap13-dcb/openssh-msys-canonical-05/src/ssh-keygen.c:689:9: warning: 'PEM_read_RSAPublicKey' is deprecated: Since OpenSSL 3.0 [-Wdeprecated-declarations]
  689 |         if ((rsa = PEM_read_RSAPublicKey(fp, NULL, NULL, NULL)) != NULL) {
      |         ^~
C:/ap13-dcb/openssl-msys-canonical-02/openssl-release-sdk-01/include/openssl/pem.h:76:11: note: declared here
   76 |     type *PEM_##readname##_##name(INTYPE *out, type **x, \
      |           ^~~~
C:/ap13-dcb/openssl-msys-canonical-02/openssl-release-sdk-01/include/openssl/pem.h:240:10: note: in expansion of macro 'PEM_read_cb_fnsig'
  240 |     attr PEM_read_cb_fnsig(name, type, FILE, read);
      |          ^~~~~~~~~~~~~~~~~
C:/ap13-dcb/openssl-msys-canonical-02/openssl-release-sdk-01/include/openssl/pem.h:339:5: note: in expansion of macro 'DECLARE_PEM_read_fp_attr'
  339 |     DECLARE_PEM_read_fp_attr(attr, name, type)
      |     ^~~~~~~~~~~~~~~~~~~~~~~~
C:/ap13-dcb/openssl-msys-canonical-02/openssl-release-sdk-01/include/openssl/pem.h:348:5: note: in expansion of macro 'DECLARE_PEM_read_attr'
  348 |     DECLARE_PEM_read_attr(attr, name, type)   \
      |     ^~~~~~~~~~~~~~~~~~~~~
C:/ap13-dcb/openssl-msys-canonical-02/openssl-release-sdk-01/include/openssl/pem.h:458:1: note: in expansion of macro 'DECLARE_PEM_rw_attr'
  458 | DECLARE_PEM_rw_attr(OSSL_DEPRECATEDIN_3_0, RSAPublicKey, RSA)
      | ^~~~~~~~~~~~~~~~~~~
C:/ap13-dcb/openssh-msys-canonical-05/src/ssh-keygen.c:695:17: warning: 'EVP_PKEY_set1_RSA' is deprecated: Since OpenSSL 3.0 [-Wdeprecated-declarations]
  695 |                 if (EVP_PKEY_set1_RSA((*k)->pkey, rsa) != 1)
      |                 ^~
C:/ap13-dcb/openssl-msys-canonical-02/openssl-release-sdk-01/include/openssl/evp.h:1403:5: note: declared here
 1403 | int EVP_PKEY_set1_RSA(EVP_PKEY *pkey, struct rsa_st *key);
      |     ^~~~~~~~~~~~~~~~~
C:/ap13-dcb/openssh-msys-canonical-05/src/ssh-keygen.c:697:17: warning: 'RSA_free' is deprecated: Since OpenSSL 3.0 [-Wdeprecated-declarations]
  697 |                 RSA_free(rsa);
      |                 ^~~~~~~~
C:/ap13-dcb/openssl-msys-canonical-02/openssl-release-sdk-01/include/openssl/rsa.h:303:28: note: declared here
  303 | OSSL_DEPRECATEDIN_3_0 void RSA_free(RSA *r);
      |                            ^~~~~~~~
C:/ap13-dcb/openssh-msys-canonical-05/src/ssh-keygen.c: In function 'do_convert_from':
C:/ap13-dcb/openssh-msys-canonical-05/src/ssh-keygen.c:738:25: warning: 'PEM_write_ECPrivateKey' is deprecated: Since OpenSSL 3.0 [-Wdeprecated-declarations]
  738 |                         ok = PEM_write_ECPrivateKey(stdout,
      |                         ^~
C:/ap13-dcb/openssl-msys-canonical-02/openssl-release-sdk-01/include/openssl/pem.h:87:9: note: declared here
   87 |     int PEM_##writename##_##name(OUTTYPE *out, const type *x, \
      |         ^~~~
C:/ap13-dcb/openssl-msys-canonical-02/openssl-release-sdk-01/include/openssl/pem.h:255:10: note: in expansion of macro 'PEM_write_cb_fnsig'
  255 |     attr PEM_write_cb_fnsig(name, type, FILE, write);
      |          ^~~~~~~~~~~~~~~~~~
C:/ap13-dcb/openssl-msys-canonical-02/openssl-release-sdk-01/include/openssl/pem.h:329:5: note: in expansion of macro 'DECLARE_PEM_write_cb_fp_attr'
  329 |     DECLARE_PEM_write_cb_fp_attr(attr, name, type)
      |     ^~~~~~~~~~~~~~~~~~~~~~~~~~~~
C:/ap13-dcb/openssl-msys-canonical-02/openssl-release-sdk-01/include/openssl/pem.h:366:5: note: in expansion of macro 'DECLARE_PEM_write_cb_attr'
  366 |     DECLARE_PEM_write_cb_attr(attr, name, type)
      |     ^~~~~~~~~~~~~~~~~~~~~~~~~
C:/ap13-dcb/openssl-msys-canonical-02/openssl-release-sdk-01/include/openssl/pem.h:472:1: note: in expansion of macro 'DECLARE_PEM_rw_cb_attr'
  472 | DECLARE_PEM_rw_cb_attr(OSSL_DEPRECATEDIN_3_0, ECPrivateKey, EC_KEY)
      | ^~~~~~~~~~~~~~~~~~~~~~
C:/ap13-dcb/openssh-msys-canonical-05/src/ssh-keygen.c:739:29: warning: 'EVP_PKEY_get0_EC_KEY' is deprecated: Since OpenSSL 3.0 [-Wdeprecated-declarations]
  739 |                             EVP_PKEY_get0_EC_KEY(k->pkey), NULL, NULL, 0,
      |                             ^~~~~~~~~~~~~~~~~~~~
C:/ap13-dcb/openssl-msys-canonical-02/openssl-release-sdk-01/include/openssl/evp.h:1431:25: note: declared here
 1431 | const struct ec_key_st *EVP_PKEY_get0_EC_KEY(const EVP_PKEY *pkey);
      |                         ^~~~~~~~~~~~~~~~~~~~
C:/ap13-dcb/openssh-msys-canonical-05/src/ssh-keygen.c:743:25: warning: 'PEM_write_RSAPrivateKey' is deprecated: Since OpenSSL 3.0 [-Wdeprecated-declarations]
  743 |                         ok = PEM_write_RSAPrivateKey(stdout,
      |                         ^~
C:/ap13-dcb/openssl-msys-canonical-02/openssl-release-sdk-01/include/openssl/pem.h:87:9: note: declared here
   87 |     int PEM_##writename##_##name(OUTTYPE *out, const type *x, \
      |         ^~~~
C:/ap13-dcb/openssl-msys-canonical-02/openssl-release-sdk-01/include/openssl/pem.h:255:10: note: in expansion of macro 'PEM_write_cb_fnsig'
  255 |     attr PEM_write_cb_fnsig(name, type, FILE, write);
      |          ^~~~~~~~~~~~~~~~~~
C:/ap13-dcb/openssl-msys-canonical-02/openssl-release-sdk-01/include/openssl/pem.h:329:5: note: in expansion of macro 'DECLARE_PEM_write_cb_fp_attr'
  329 |     DECLARE_PEM_write_cb_fp_attr(attr, name, type)
      |     ^~~~~~~~~~~~~~~~~~~~~~~~~~~~
C:/ap13-dcb/openssl-msys-canonical-02/openssl-release-sdk-01/include/openssl/pem.h:366:5: note: in expansion of macro 'DECLARE_PEM_write_cb_attr'
  366 |     DECLARE_PEM_write_cb_attr(attr, name, type)
      |     ^~~~~~~~~~~~~~~~~~~~~~~~~
C:/ap13-dcb/openssl-msys-canonical-02/openssl-release-sdk-01/include/openssl/pem.h:457:1: note: in expansion of macro 'DECLARE_PEM_rw_cb_attr'
  457 | DECLARE_PEM_rw_cb_attr(OSSL_DEPRECATEDIN_3_0, RSAPrivateKey, RSA)
      | ^~~~~~~~~~~~~~~~~~~~~~
C:/ap13-dcb/openssh-msys-canonical-05/src/ssh-keygen.c:744:29: warning: 'EVP_PKEY_get0_RSA' is deprecated: Since OpenSSL 3.0 [-Wdeprecated-declarations]
  744 |                             EVP_PKEY_get0_RSA(k->pkey), NULL, NULL, 0,
      |                             ^~~~~~~~~~~~~~~~~
C:/ap13-dcb/openssl-msys-canonical-02/openssl-release-sdk-01/include/openssl/evp.h:1405:22: note: declared here
 1405 | const struct rsa_st *EVP_PKEY_get0_RSA(const EVP_PKEY *pkey);
      |                      ^~~~~~~~~~~~~~~~~
C:/ap13-dcb/openssh-msys-canonical-05/src/ssh-keygen.c: In function 'do_convert_to':
C:/ap13-dcb/openssh-msys-canonical-05/src/ssh-keygen.c:338:41: warning: '%s' directive output may be truncated writing up to 1024 bytes into a region of size 39 [-Wformat-truncation=]
  338 |             "%u-bit %s, converted by %s@%s from OpenSSH",
      |                                         ^~
  339 |             sshkey_size(k), sshkey_type(k),
  340 |             pw->pw_name, hostname);
      |                          ~~~~~~~~        
In function 'do_convert_to_ssh2',
    inlined from 'do_convert_to' at C:/ap13-dcb/openssh-msys-canonical-05/src/ssh-keygen.c:404:3:
C:/ap13-dcb/openssh-msys-canonical-05/src/ssh-keygen.c:337:9: note: 'snprintf' output 36 or more bytes (assuming 1060) into a destination of size 61
  337 |         snprintf(comment, sizeof(comment),
      |         ^~~~~~~~~~~~~~~~~~~~~~~~~~~~~~~~~~
  338 |             "%u-bit %s, converted by %s@%s from OpenSSH",
      |             ~~~~~~~~~~~~~~~~~~~~~~~~~~~~~~~~~~~~~~~~~~~~~
  339 |             sshkey_size(k), sshkey_type(k),
      |             ~~~~~~~~~~~~~~~~~~~~~~~~~~~~~~~
  340 |             pw->pw_name, hostname);
      |             ~~~~~~~~~~~~~~~~~~~~~~
C:/ap13-dcb/openssh-msys-canonical-05/src/ssh-keygen.c: In function 'do_gen_all_hostkeys':
C:/ap13-dcb/openssh-msys-canonical-05/src/ssh-keygen.c:1068:55: warning: '%s' directive output may be truncated writing up to 1024 bytes into a region of size 1023 [-Wformat-truncation=]
 1068 |                 snprintf(comment, sizeof comment, "%s@%s", pw->pw_name,
      |                                                       ^~
 1069 |                     hostname);
      |                     ~~~~~~~~                           
C:/ap13-dcb/openssh-msys-canonical-05/src/ssh-keygen.c:1068:17: note: 'snprintf' output 2 or more bytes (assuming 1026) into a destination of size 1024
 1068 |                 snprintf(comment, sizeof comment, "%s@%s", pw->pw_name,
      |                 ^~~~~~~~~~~~~~~~~~~~~~~~~~~~~~~~~~~~~~~~~~~~~~~~~~~~~~~
 1069 |                     hostname);
      |                     ~~~~~~~~~
/c/Users/crutkasLocal/.copilot/repos/copilot-worktrees/msys2-woarm64-build/crutkas-didactic-waffle/.github/scripts/msys-openssh-release-gcc -g -O2 -pipe -Wno-error=format-truncation -Wall -Wextra -Wpointer-arith -Wuninitialized -Wsign-compare -Wformat-security -Wsizeof-pointer-memaccess -Wno-pointer-sign -Wno-unused-parameter -Wno-unused-result -Wimplicit-fallthrough -Wmisleading-indentation -fno-strict-aliasing -fno-builtin-memset -Wno-attributes   -I. -I/c/ap13-dcb/openssh-msys-canonical-05/src -I"/c/ap13-dcb/openssh-msys-canonical-05/build/openbsd-compat/include" -I/c/ap13-dcb/openssl-msys-canonical-02/openssl-release-sdk-01/include -I/c/Users/crutkasLocal/.copilot/session-state/f6ea7713-2cec-41d5-b3f9-b4373e60fa33/files/resume-20260907/zlib-msys-01/stage/usr/include -I/c/ap13-dcb/openssl-msys-canonical-02/openssl-release-sdk-01/include -I/c/Users/crutkasLocal/.copilot/session-state/f6ea7713-2cec-41d5-b3f9-b4373e60fa33/files/resume-20260907/zlib-msys-01/stage/usr/include -I/c/ag-e138920f/ssh-libxcrypt-msys-02/stage/usr/include -DSSHDIR=\"/etc/ssh\" -D_PATH_SSH_PROGRAM=\"/usr/bin/ssh\" -D_PATH_SSH_ASKPASS_DEFAULT=\"/usr/lib/ssh/ssh-askpass\" -D_PATH_SFTP_SERVER=\"/usr/lib/ssh/sftp-server\" -D_PATH_SSH_KEY_SIGN=\"/usr/lib/ssh/ssh-keysign\" -D_PATH_SSHD_SESSION=\"/usr/lib/ssh/sshd-session\" -D_PATH_SSHD_AUTH=\"/usr/lib/ssh/sshd-auth\" -D_PATH_SSH_PKCS11_HELPER=\"/usr/lib/ssh/ssh-pkcs11-helper\" -D_PATH_SSH_SK_HELPER=\"/usr/lib/ssh/ssh-sk-helper\" -D_PATH_SSH_PIDDIR=\"/etc/ssh\" -D_PATH_PRIVSEP_CHROOT_DIR=\"/var/empty\" -DHAVE_CONFIG_H -c /c/ap13-dcb/openssh-msys-canonical-05/src/ssh-keyscan.c -o ssh-keyscan.o
C:/ap13-dcb/openssh-msys-canonical-05/src/ssh-keygen.c: In function 'main':
C:/ap13-dcb/openssh-msys-canonical-05/src/ssh-keygen.c:3906:55: warning: '%s' directive output may be truncated writing up to 1024 bytes into a region of size 1023 [-Wformat-truncation=]
 3906 |                 snprintf(comment, sizeof comment, "%s@%s", pw->pw_name, hostname);
      |                                                       ^~                ~~~~~~~~
C:/ap13-dcb/openssh-msys-canonical-05/src/ssh-keygen.c:3906:17: note: 'snprintf' output 2 or more bytes (assuming 1026) into a destination of size 1024
 3906 |                 snprintf(comment, sizeof comment, "%s@%s", pw->pw_name, hostname);
      |                 ^~~~~~~~~~~~~~~~~~~~~~~~~~~~~~~~~~~~~~~~~~~~~~~~~~~~~~~~~~~~~~~~~
/c/Users/crutkasLocal/.copilot/repos/copilot-worktrees/msys2-woarm64-build/crutkas-didactic-waffle/.github/scripts/msys-openssh-release-gcc -g -O2 -pipe -Wno-error=format-truncation -Wall -Wextra -Wpointer-arith -Wuninitialized -Wsign-compare -Wformat-security -Wsizeof-pointer-memaccess -Wno-pointer-sign -Wno-unused-parameter -Wno-unused-result -Wimplicit-fallthrough -Wmisleading-indentation -fno-strict-aliasing -fno-builtin-memset -Wno-attributes   -I. -I/c/ap13-dcb/openssh-msys-canonical-05/src -I"/c/ap13-dcb/openssh-msys-canonical-05/build/openbsd-compat/include" -I/c/ap13-dcb/openssl-msys-canonical-02/openssl-release-sdk-01/include -I/c/Users/crutkasLocal/.copilot/session-state/f6ea7713-2cec-41d5-b3f9-b4373e60fa33/files/resume-20260907/zlib-msys-01/stage/usr/include -I/c/ap13-dcb/openssl-msys-canonical-02/openssl-release-sdk-01/include -I/c/Users/crutkasLocal/.copilot/session-state/f6ea7713-2cec-41d5-b3f9-b4373e60fa33/files/resume-20260907/zlib-msys-01/stage/usr/include -I/c/ag-e138920f/ssh-libxcrypt-msys-02/stage/usr/include -DSSHDIR=\"/etc/ssh\" -D_PATH_SSH_PROGRAM=\"/usr/bin/ssh\" -D_PATH_SSH_ASKPASS_DEFAULT=\"/usr/lib/ssh/ssh-askpass\" -D_PATH_SFTP_SERVER=\"/usr/lib/ssh/sftp-server\" -D_PATH_SSH_KEY_SIGN=\"/usr/lib/ssh/ssh-keysign\" -D_PATH_SSHD_SESSION=\"/usr/lib/ssh/sshd-session\" -D_PATH_SSHD_AUTH=\"/usr/lib/ssh/sshd-auth\" -D_PATH_SSH_PKCS11_HELPER=\"/usr/lib/ssh/ssh-pkcs11-helper\" -D_PATH_SSH_SK_HELPER=\"/usr/lib/ssh/ssh-sk-helper\" -D_PATH_SSH_PIDDIR=\"/etc/ssh\" -D_PATH_PRIVSEP_CHROOT_DIR=\"/var/empty\" -DHAVE_CONFIG_H -c /c/ap13-dcb/openssh-msys-canonical-05/src/ssh-keysign.c -o ssh-keysign.o
/c/Users/crutkasLocal/.copilot/repos/copilot-worktrees/msys2-woarm64-build/crutkas-didactic-waffle/.github/scripts/msys-openssh-release-gcc -g -O2 -pipe -Wno-error=format-truncation -Wall -Wextra -Wpointer-arith -Wuninitialized -Wsign-compare -Wformat-security -Wsizeof-pointer-memaccess -Wno-pointer-sign -Wno-unused-parameter -Wno-unused-result -Wimplicit-fallthrough -Wmisleading-indentation -fno-strict-aliasing -fno-builtin-memset -Wno-attributes   -I. -I/c/ap13-dcb/openssh-msys-canonical-05/src -I"/c/ap13-dcb/openssh-msys-canonical-05/build/openbsd-compat/include" -I/c/ap13-dcb/openssl-msys-canonical-02/openssl-release-sdk-01/include -I/c/Users/crutkasLocal/.copilot/session-state/f6ea7713-2cec-41d5-b3f9-b4373e60fa33/files/resume-20260907/zlib-msys-01/stage/usr/include -I/c/ap13-dcb/openssl-msys-canonical-02/openssl-release-sdk-01/include -I/c/Users/crutkasLocal/.copilot/session-state/f6ea7713-2cec-41d5-b3f9-b4373e60fa33/files/resume-20260907/zlib-msys-01/stage/usr/include -I/c/ag-e138920f/ssh-libxcrypt-msys-02/stage/usr/include -DSSHDIR=\"/etc/ssh\" -D_PATH_SSH_PROGRAM=\"/usr/bin/ssh\" -D_PATH_SSH_ASKPASS_DEFAULT=\"/usr/lib/ssh/ssh-askpass\" -D_PATH_SFTP_SERVER=\"/usr/lib/ssh/sftp-server\" -D_PATH_SSH_KEY_SIGN=\"/usr/lib/ssh/ssh-keysign\" -D_PATH_SSHD_SESSION=\"/usr/lib/ssh/sshd-session\" -D_PATH_SSHD_AUTH=\"/usr/lib/ssh/sshd-auth\" -D_PATH_SSH_PKCS11_HELPER=\"/usr/lib/ssh/ssh-pkcs11-helper\" -D_PATH_SSH_SK_HELPER=\"/usr/lib/ssh/ssh-sk-helper\" -D_PATH_SSH_PIDDIR=\"/etc/ssh\" -D_PATH_PRIVSEP_CHROOT_DIR=\"/var/empty\" -DHAVE_CONFIG_H -c /c/ap13-dcb/openssh-msys-canonical-05/src/ssh-pkcs11-helper.c -o ssh-pkcs11-helper.o
/c/Users/crutkasLocal/.copilot/repos/copilot-worktrees/msys2-woarm64-build/crutkas-didactic-waffle/.github/scripts/msys-openssh-release-gcc -g -O2 -pipe -Wno-error=format-truncation -Wall -Wextra -Wpointer-arith -Wuninitialized -Wsign-compare -Wformat-security -Wsizeof-pointer-memaccess -Wno-pointer-sign -Wno-unused-parameter -Wno-unused-result -Wimplicit-fallthrough -Wmisleading-indentation -fno-strict-aliasing -fno-builtin-memset -Wno-attributes   -I. -I/c/ap13-dcb/openssh-msys-canonical-05/src -I"/c/ap13-dcb/openssh-msys-canonical-05/build/openbsd-compat/include" -I/c/ap13-dcb/openssl-msys-canonical-02/openssl-release-sdk-01/include -I/c/Users/crutkasLocal/.copilot/session-state/f6ea7713-2cec-41d5-b3f9-b4373e60fa33/files/resume-20260907/zlib-msys-01/stage/usr/include -I/c/ap13-dcb/openssl-msys-canonical-02/openssl-release-sdk-01/include -I/c/Users/crutkasLocal/.copilot/session-state/f6ea7713-2cec-41d5-b3f9-b4373e60fa33/files/resume-20260907/zlib-msys-01/stage/usr/include -I/c/ag-e138920f/ssh-libxcrypt-msys-02/stage/usr/include -DSSHDIR=\"/etc/ssh\" -D_PATH_SSH_PROGRAM=\"/usr/bin/ssh\" -D_PATH_SSH_ASKPASS_DEFAULT=\"/usr/lib/ssh/ssh-askpass\" -D_PATH_SFTP_SERVER=\"/usr/lib/ssh/sftp-server\" -D_PATH_SSH_KEY_SIGN=\"/usr/lib/ssh/ssh-keysign\" -D_PATH_SSHD_SESSION=\"/usr/lib/ssh/sshd-session\" -D_PATH_SSHD_AUTH=\"/usr/lib/ssh/sshd-auth\" -D_PATH_SSH_PKCS11_HELPER=\"/usr/lib/ssh/ssh-pkcs11-helper\" -D_PATH_SSH_SK_HELPER=\"/usr/lib/ssh/ssh-sk-helper\" -D_PATH_SSH_PIDDIR=\"/etc/ssh\" -D_PATH_PRIVSEP_CHROOT_DIR=\"/var/empty\" -DHAVE_CONFIG_H -c /c/ap13-dcb/openssh-msys-canonical-05/src/ssh-agent.c -o ssh-agent.o
/c/Users/crutkasLocal/.copilot/repos/copilot-worktrees/msys2-woarm64-build/crutkas-didactic-waffle/.github/scripts/msys-openssh-release-gcc -g -O2 -pipe -Wno-error=format-truncation -Wall -Wextra -Wpointer-arith -Wuninitialized -Wsign-compare -Wformat-security -Wsizeof-pointer-memaccess -Wno-pointer-sign -Wno-unused-parameter -Wno-unused-result -Wimplicit-fallthrough -Wmisleading-indentation -fno-strict-aliasing -fno-builtin-memset -Wno-attributes   -I. -I/c/ap13-dcb/openssh-msys-canonical-05/src -I"/c/ap13-dcb/openssh-msys-canonical-05/build/openbsd-compat/include" -I/c/ap13-dcb/openssl-msys-canonical-02/openssl-release-sdk-01/include -I/c/Users/crutkasLocal/.copilot/session-state/f6ea7713-2cec-41d5-b3f9-b4373e60fa33/files/resume-20260907/zlib-msys-01/stage/usr/include -I/c/ap13-dcb/openssl-msys-canonical-02/openssl-release-sdk-01/include -I/c/Users/crutkasLocal/.copilot/session-state/f6ea7713-2cec-41d5-b3f9-b4373e60fa33/files/resume-20260907/zlib-msys-01/stage/usr/include -I/c/ag-e138920f/ssh-libxcrypt-msys-02/stage/usr/include -DSSHDIR=\"/etc/ssh\" -D_PATH_SSH_PROGRAM=\"/usr/bin/ssh\" -D_PATH_SSH_ASKPASS_DEFAULT=\"/usr/lib/ssh/ssh-askpass\" -D_PATH_SFTP_SERVER=\"/usr/lib/ssh/sftp-server\" -D_PATH_SSH_KEY_SIGN=\"/usr/lib/ssh/ssh-keysign\" -D_PATH_SSHD_SESSION=\"/usr/lib/ssh/sshd-session\" -D_PATH_SSHD_AUTH=\"/usr/lib/ssh/sshd-auth\" -D_PATH_SSH_PKCS11_HELPER=\"/usr/lib/ssh/ssh-pkcs11-helper\" -D_PATH_SSH_SK_HELPER=\"/usr/lib/ssh/ssh-sk-helper\" -D_PATH_SSH_PIDDIR=\"/etc/ssh\" -D_PATH_PRIVSEP_CHROOT_DIR=\"/var/empty\" -DHAVE_CONFIG_H -c /c/ap13-dcb/openssh-msys-canonical-05/src/scp.c -o scp.o
C:/ap13-dcb/openssh-msys-canonical-05/src/scp.c: In function 'rsource':
C:/ap13-dcb/openssh-msys-canonical-05/src/scp.c:1532:56: warning: '%s' directive output may be truncated writing up to 255 bytes into a region of size between 2 and 4095 [-Wformat-truncation=]
 1532 |                 (void) snprintf(path, sizeof path, "%s/%s", name, dp->d_name);
      |                                                        ^~
C:/ap13-dcb/openssh-msys-canonical-05/src/scp.c:1532:24: note: 'snprintf' output between 2 and 4350 bytes into a destination of size 4096
 1532 |                 (void) snprintf(path, sizeof path, "%s/%s", name, dp->d_name);
      |                        ^~~~~~~~~~~~~~~~~~~~~~~~~~~~~~~~~~~~~~~~~~~~~~~~~~~~~~
/c/Users/crutkasLocal/.copilot/repos/copilot-worktrees/msys2-woarm64-build/crutkas-didactic-waffle/.github/scripts/msys-openssh-release-gcc -g -O2 -pipe -Wno-error=format-truncation -Wall -Wextra -Wpointer-arith -Wuninitialized -Wsign-compare -Wformat-security -Wsizeof-pointer-memaccess -Wno-pointer-sign -Wno-unused-parameter -Wno-unused-result -Wimplicit-fallthrough -Wmisleading-indentation -fno-strict-aliasing -fno-builtin-memset -Wno-attributes   -I. -I/c/ap13-dcb/openssh-msys-canonical-05/src -I"/c/ap13-dcb/openssh-msys-canonical-05/build/openbsd-compat/include" -I/c/ap13-dcb/openssl-msys-canonical-02/openssl-release-sdk-01/include -I/c/Users/crutkasLocal/.copilot/session-state/f6ea7713-2cec-41d5-b3f9-b4373e60fa33/files/resume-20260907/zlib-msys-01/stage/usr/include -I/c/ap13-dcb/openssl-msys-canonical-02/openssl-release-sdk-01/include -I/c/Users/crutkasLocal/.copilot/session-state/f6ea7713-2cec-41d5-b3f9-b4373e60fa33/files/resume-20260907/zlib-msys-01/stage/usr/include -I/c/ag-e138920f/ssh-libxcrypt-msys-02/stage/usr/include -DSSHDIR=\"/etc/ssh\" -D_PATH_SSH_PROGRAM=\"/usr/bin/ssh\" -D_PATH_SSH_ASKPASS_DEFAULT=\"/usr/lib/ssh/ssh-askpass\" -D_PATH_SFTP_SERVER=\"/usr/lib/ssh/sftp-server\" -D_PATH_SSH_KEY_SIGN=\"/usr/lib/ssh/ssh-keysign\" -D_PATH_SSHD_SESSION=\"/usr/lib/ssh/sshd-session\" -D_PATH_SSHD_AUTH=\"/usr/lib/ssh/sshd-auth\" -D_PATH_SSH_PKCS11_HELPER=\"/usr/lib/ssh/ssh-pkcs11-helper\" -D_PATH_SSH_SK_HELPER=\"/usr/lib/ssh/ssh-sk-helper\" -D_PATH_SSH_PIDDIR=\"/etc/ssh\" -D_PATH_PRIVSEP_CHROOT_DIR=\"/var/empty\" -DHAVE_CONFIG_H -c /c/ap13-dcb/openssh-msys-canonical-05/src/progressmeter.c -o progressmeter.o
/c/Users/crutkasLocal/.copilot/repos/copilot-worktrees/msys2-woarm64-build/crutkas-didactic-waffle/.github/scripts/msys-openssh-release-gcc -g -O2 -pipe -Wno-error=format-truncation -Wall -Wextra -Wpointer-arith -Wuninitialized -Wsign-compare -Wformat-security -Wsizeof-pointer-memaccess -Wno-pointer-sign -Wno-unused-parameter -Wno-unused-result -Wimplicit-fallthrough -Wmisleading-indentation -fno-strict-aliasing -fno-builtin-memset -Wno-attributes   -I. -I/c/ap13-dcb/openssh-msys-canonical-05/src -I"/c/ap13-dcb/openssh-msys-canonical-05/build/openbsd-compat/include" -I/c/ap13-dcb/openssl-msys-canonical-02/openssl-release-sdk-01/include -I/c/Users/crutkasLocal/.copilot/session-state/f6ea7713-2cec-41d5-b3f9-b4373e60fa33/files/resume-20260907/zlib-msys-01/stage/usr/include -I/c/ap13-dcb/openssl-msys-canonical-02/openssl-release-sdk-01/include -I/c/Users/crutkasLocal/.copilot/session-state/f6ea7713-2cec-41d5-b3f9-b4373e60fa33/files/resume-20260907/zlib-msys-01/stage/usr/include -I/c/ag-e138920f/ssh-libxcrypt-msys-02/stage/usr/include -DSSHDIR=\"/etc/ssh\" -D_PATH_SSH_PROGRAM=\"/usr/bin/ssh\" -D_PATH_SSH_ASKPASS_DEFAULT=\"/usr/lib/ssh/ssh-askpass\" -D_PATH_SFTP_SERVER=\"/usr/lib/ssh/sftp-server\" -D_PATH_SSH_KEY_SIGN=\"/usr/lib/ssh/ssh-keysign\" -D_PATH_SSHD_SESSION=\"/usr/lib/ssh/sshd-session\" -D_PATH_SSHD_AUTH=\"/usr/lib/ssh/sshd-auth\" -D_PATH_SSH_PKCS11_HELPER=\"/usr/lib/ssh/ssh-pkcs11-helper\" -D_PATH_SSH_SK_HELPER=\"/usr/lib/ssh/ssh-sk-helper\" -D_PATH_SSH_PIDDIR=\"/etc/ssh\" -D_PATH_PRIVSEP_CHROOT_DIR=\"/var/empty\" -DHAVE_CONFIG_H -c /c/ap13-dcb/openssh-msys-canonical-05/src/sftp-client.c -o sftp-client.o
/c/Users/crutkasLocal/.copilot/repos/copilot-worktrees/msys2-woarm64-build/crutkas-didactic-waffle/.github/scripts/msys-openssh-release-gcc -g -O2 -pipe -Wno-error=format-truncation -Wall -Wextra -Wpointer-arith -Wuninitialized -Wsign-compare -Wformat-security -Wsizeof-pointer-memaccess -Wno-pointer-sign -Wno-unused-parameter -Wno-unused-result -Wimplicit-fallthrough -Wmisleading-indentation -fno-strict-aliasing -fno-builtin-memset -Wno-attributes   -I. -I/c/ap13-dcb/openssh-msys-canonical-05/src -I"/c/ap13-dcb/openssh-msys-canonical-05/build/openbsd-compat/include" -I/c/ap13-dcb/openssl-msys-canonical-02/openssl-release-sdk-01/include -I/c/Users/crutkasLocal/.copilot/session-state/f6ea7713-2cec-41d5-b3f9-b4373e60fa33/files/resume-20260907/zlib-msys-01/stage/usr/include -I/c/ap13-dcb/openssl-msys-canonical-02/openssl-release-sdk-01/include -I/c/Users/crutkasLocal/.copilot/session-state/f6ea7713-2cec-41d5-b3f9-b4373e60fa33/files/resume-20260907/zlib-msys-01/stage/usr/include -I/c/ag-e138920f/ssh-libxcrypt-msys-02/stage/usr/include -DSSHDIR=\"/etc/ssh\" -D_PATH_SSH_PROGRAM=\"/usr/bin/ssh\" -D_PATH_SSH_ASKPASS_DEFAULT=\"/usr/lib/ssh/ssh-askpass\" -D_PATH_SFTP_SERVER=\"/usr/lib/ssh/sftp-server\" -D_PATH_SSH_KEY_SIGN=\"/usr/lib/ssh/ssh-keysign\" -D_PATH_SSHD_SESSION=\"/usr/lib/ssh/sshd-session\" -D_PATH_SSHD_AUTH=\"/usr/lib/ssh/sshd-auth\" -D_PATH_SSH_PKCS11_HELPER=\"/usr/lib/ssh/ssh-pkcs11-helper\" -D_PATH_SSH_SK_HELPER=\"/usr/lib/ssh/ssh-sk-helper\" -D_PATH_SSH_PIDDIR=\"/etc/ssh\" -D_PATH_PRIVSEP_CHROOT_DIR=\"/var/empty\" -DHAVE_CONFIG_H -c /c/ap13-dcb/openssh-msys-canonical-05/src/sftp-glob.c -o sftp-glob.o
/c/Users/crutkasLocal/.copilot/repos/copilot-worktrees/msys2-woarm64-build/crutkas-didactic-waffle/.github/scripts/msys-openssh-release-gcc -g -O2 -pipe -Wno-error=format-truncation -Wall -Wextra -Wpointer-arith -Wuninitialized -Wsign-compare -Wformat-security -Wsizeof-pointer-memaccess -Wno-pointer-sign -Wno-unused-parameter -Wno-unused-result -Wimplicit-fallthrough -Wmisleading-indentation -fno-strict-aliasing -fno-builtin-memset -Wno-attributes   -I. -I/c/ap13-dcb/openssh-msys-canonical-05/src -I"/c/ap13-dcb/openssh-msys-canonical-05/build/openbsd-compat/include" -I/c/ap13-dcb/openssl-msys-canonical-02/openssl-release-sdk-01/include -I/c/Users/crutkasLocal/.copilot/session-state/f6ea7713-2cec-41d5-b3f9-b4373e60fa33/files/resume-20260907/zlib-msys-01/stage/usr/include -I/c/ap13-dcb/openssl-msys-canonical-02/openssl-release-sdk-01/include -I/c/Users/crutkasLocal/.copilot/session-state/f6ea7713-2cec-41d5-b3f9-b4373e60fa33/files/resume-20260907/zlib-msys-01/stage/usr/include -I/c/ag-e138920f/ssh-libxcrypt-msys-02/stage/usr/include -DSSHDIR=\"/etc/ssh\" -D_PATH_SSH_PROGRAM=\"/usr/bin/ssh\" -D_PATH_SSH_ASKPASS_DEFAULT=\"/usr/lib/ssh/ssh-askpass\" -D_PATH_SFTP_SERVER=\"/usr/lib/ssh/sftp-server\" -D_PATH_SSH_KEY_SIGN=\"/usr/lib/ssh/ssh-keysign\" -D_PATH_SSHD_SESSION=\"/usr/lib/ssh/sshd-session\" -D_PATH_SSHD_AUTH=\"/usr/lib/ssh/sshd-auth\" -D_PATH_SSH_PKCS11_HELPER=\"/usr/lib/ssh/ssh-pkcs11-helper\" -D_PATH_SSH_SK_HELPER=\"/usr/lib/ssh/ssh-sk-helper\" -D_PATH_SSH_PIDDIR=\"/etc/ssh\" -D_PATH_PRIVSEP_CHROOT_DIR=\"/var/empty\" -DHAVE_CONFIG_H -c /c/ap13-dcb/openssh-msys-canonical-05/src/ssherr-nolibcrypto.c -o ssherr-nolibcrypto.o
/c/Users/crutkasLocal/.copilot/repos/copilot-worktrees/msys2-woarm64-build/crutkas-didactic-waffle/.github/scripts/msys-openssh-release-gcc -g -O2 -pipe -Wno-error=format-truncation -Wall -Wextra -Wpointer-arith -Wuninitialized -Wsign-compare -Wformat-security -Wsizeof-pointer-memaccess -Wno-pointer-sign -Wno-unused-parameter -Wno-unused-result -Wimplicit-fallthrough -Wmisleading-indentation -fno-strict-aliasing -fno-builtin-memset -Wno-attributes   -I. -I/c/ap13-dcb/openssh-msys-canonical-05/src -I"/c/ap13-dcb/openssh-msys-canonical-05/build/openbsd-compat/include" -I/c/ap13-dcb/openssl-msys-canonical-02/openssl-release-sdk-01/include -I/c/Users/crutkasLocal/.copilot/session-state/f6ea7713-2cec-41d5-b3f9-b4373e60fa33/files/resume-20260907/zlib-msys-01/stage/usr/include -I/c/ap13-dcb/openssl-msys-canonical-02/openssl-release-sdk-01/include -I/c/Users/crutkasLocal/.copilot/session-state/f6ea7713-2cec-41d5-b3f9-b4373e60fa33/files/resume-20260907/zlib-msys-01/stage/usr/include -I/c/ag-e138920f/ssh-libxcrypt-msys-02/stage/usr/include -DSSHDIR=\"/etc/ssh\" -D_PATH_SSH_PROGRAM=\"/usr/bin/ssh\" -D_PATH_SSH_ASKPASS_DEFAULT=\"/usr/lib/ssh/ssh-askpass\" -D_PATH_SFTP_SERVER=\"/usr/lib/ssh/sftp-server\" -D_PATH_SSH_KEY_SIGN=\"/usr/lib/ssh/ssh-keysign\" -D_PATH_SSHD_SESSION=\"/usr/lib/ssh/sshd-session\" -D_PATH_SSHD_AUTH=\"/usr/lib/ssh/sshd-auth\" -D_PATH_SSH_PKCS11_HELPER=\"/usr/lib/ssh/ssh-pkcs11-helper\" -D_PATH_SSH_SK_HELPER=\"/usr/lib/ssh/ssh-sk-helper\" -D_PATH_SSH_PIDDIR=\"/etc/ssh\" -D_PATH_PRIVSEP_CHROOT_DIR=\"/var/empty\" -DHAVE_CONFIG_H -c /c/ap13-dcb/openssh-msys-canonical-05/src/sftp-server-main.c -o sftp-server-main.o
/c/Users/crutkasLocal/.copilot/repos/copilot-worktrees/msys2-woarm64-build/crutkas-didactic-waffle/.github/scripts/msys-openssh-release-gcc -g -O2 -pipe -Wno-error=format-truncation -Wall -Wextra -Wpointer-arith -Wuninitialized -Wsign-compare -Wformat-security -Wsizeof-pointer-memaccess -Wno-pointer-sign -Wno-unused-parameter -Wno-unused-result -Wimplicit-fallthrough -Wmisleading-indentation -fno-strict-aliasing -fno-builtin-memset -Wno-attributes   -I. -I/c/ap13-dcb/openssh-msys-canonical-05/src -I"/c/ap13-dcb/openssh-msys-canonical-05/build/openbsd-compat/include" -I/c/ap13-dcb/openssl-msys-canonical-02/openssl-release-sdk-01/include -I/c/Users/crutkasLocal/.copilot/session-state/f6ea7713-2cec-41d5-b3f9-b4373e60fa33/files/resume-20260907/zlib-msys-01/stage/usr/include -I/c/ap13-dcb/openssl-msys-canonical-02/openssl-release-sdk-01/include -I/c/Users/crutkasLocal/.copilot/session-state/f6ea7713-2cec-41d5-b3f9-b4373e60fa33/files/resume-20260907/zlib-msys-01/stage/usr/include -I/c/ag-e138920f/ssh-libxcrypt-msys-02/stage/usr/include -DSSHDIR=\"/etc/ssh\" -D_PATH_SSH_PROGRAM=\"/usr/bin/ssh\" -D_PATH_SSH_ASKPASS_DEFAULT=\"/usr/lib/ssh/ssh-askpass\" -D_PATH_SFTP_SERVER=\"/usr/lib/ssh/sftp-server\" -D_PATH_SSH_KEY_SIGN=\"/usr/lib/ssh/ssh-keysign\" -D_PATH_SSHD_SESSION=\"/usr/lib/ssh/sshd-session\" -D_PATH_SSHD_AUTH=\"/usr/lib/ssh/sshd-auth\" -D_PATH_SSH_PKCS11_HELPER=\"/usr/lib/ssh/ssh-pkcs11-helper\" -D_PATH_SSH_SK_HELPER=\"/usr/lib/ssh/ssh-sk-helper\" -D_PATH_SSH_PIDDIR=\"/etc/ssh\" -D_PATH_PRIVSEP_CHROOT_DIR=\"/var/empty\" -DHAVE_CONFIG_H -c /c/ap13-dcb/openssh-msys-canonical-05/src/sftp.c -o sftp.o
/c/Users/crutkasLocal/.copilot/repos/copilot-worktrees/msys2-woarm64-build/crutkas-didactic-waffle/.github/scripts/msys-openssh-release-gcc -g -O2 -pipe -Wno-error=format-truncation -Wall -Wextra -Wpointer-arith -Wuninitialized -Wsign-compare -Wformat-security -Wsizeof-pointer-memaccess -Wno-pointer-sign -Wno-unused-parameter -Wno-unused-result -Wimplicit-fallthrough -Wmisleading-indentation -fno-strict-aliasing -fno-builtin-memset -Wno-attributes   -I. -I/c/ap13-dcb/openssh-msys-canonical-05/src -I"/c/ap13-dcb/openssh-msys-canonical-05/build/openbsd-compat/include" -I/c/ap13-dcb/openssl-msys-canonical-02/openssl-release-sdk-01/include -I/c/Users/crutkasLocal/.copilot/session-state/f6ea7713-2cec-41d5-b3f9-b4373e60fa33/files/resume-20260907/zlib-msys-01/stage/usr/include -I/c/ap13-dcb/openssl-msys-canonical-02/openssl-release-sdk-01/include -I/c/Users/crutkasLocal/.copilot/session-state/f6ea7713-2cec-41d5-b3f9-b4373e60fa33/files/resume-20260907/zlib-msys-01/stage/usr/include -I/c/ag-e138920f/ssh-libxcrypt-msys-02/stage/usr/include -DSSHDIR=\"/etc/ssh\" -D_PATH_SSH_PROGRAM=\"/usr/bin/ssh\" -D_PATH_SSH_ASKPASS_DEFAULT=\"/usr/lib/ssh/ssh-askpass\" -D_PATH_SFTP_SERVER=\"/usr/lib/ssh/sftp-server\" -D_PATH_SSH_KEY_SIGN=\"/usr/lib/ssh/ssh-keysign\" -D_PATH_SSHD_SESSION=\"/usr/lib/ssh/sshd-session\" -D_PATH_SSHD_AUTH=\"/usr/lib/ssh/sshd-auth\" -D_PATH_SSH_PKCS11_HELPER=\"/usr/lib/ssh/ssh-pkcs11-helper\" -D_PATH_SSH_SK_HELPER=\"/usr/lib/ssh/ssh-sk-helper\" -D_PATH_SSH_PIDDIR=\"/etc/ssh\" -D_PATH_PRIVSEP_CHROOT_DIR=\"/var/empty\" -DHAVE_CONFIG_H -c /c/ap13-dcb/openssh-msys-canonical-05/src/sftp-usergroup.c -o sftp-usergroup.o
/c/Users/crutkasLocal/.copilot/repos/copilot-worktrees/msys2-woarm64-build/crutkas-didactic-waffle/.github/scripts/msys-openssh-release-gcc -g -O2 -pipe -Wno-error=format-truncation -Wall -Wextra -Wpointer-arith -Wuninitialized -Wsign-compare -Wformat-security -Wsizeof-pointer-memaccess -Wno-pointer-sign -Wno-unused-parameter -Wno-unused-result -Wimplicit-fallthrough -Wmisleading-indentation -fno-strict-aliasing -fno-builtin-memset -Wno-attributes   -I. -I/c/ap13-dcb/openssh-msys-canonical-05/src -I"/c/ap13-dcb/openssh-msys-canonical-05/build/openbsd-compat/include" -I/c/ap13-dcb/openssl-msys-canonical-02/openssl-release-sdk-01/include -I/c/Users/crutkasLocal/.copilot/session-state/f6ea7713-2cec-41d5-b3f9-b4373e60fa33/files/resume-20260907/zlib-msys-01/stage/usr/include -I/c/ap13-dcb/openssl-msys-canonical-02/openssl-release-sdk-01/include -I/c/Users/crutkasLocal/.copilot/session-state/f6ea7713-2cec-41d5-b3f9-b4373e60fa33/files/resume-20260907/zlib-msys-01/stage/usr/include -I/c/ag-e138920f/ssh-libxcrypt-msys-02/stage/usr/include -DSSHDIR=\"/etc/ssh\" -D_PATH_SSH_PROGRAM=\"/usr/bin/ssh\" -D_PATH_SSH_ASKPASS_DEFAULT=\"/usr/lib/ssh/ssh-askpass\" -D_PATH_SFTP_SERVER=\"/usr/lib/ssh/sftp-server\" -D_PATH_SSH_KEY_SIGN=\"/usr/lib/ssh/ssh-keysign\" -D_PATH_SSHD_SESSION=\"/usr/lib/ssh/sshd-session\" -D_PATH_SSHD_AUTH=\"/usr/lib/ssh/sshd-auth\" -D_PATH_SSH_PKCS11_HELPER=\"/usr/lib/ssh/ssh-pkcs11-helper\" -D_PATH_SSH_SK_HELPER=\"/usr/lib/ssh/ssh-sk-helper\" -D_PATH_SSH_PIDDIR=\"/etc/ssh\" -D_PATH_PRIVSEP_CHROOT_DIR=\"/var/empty\" -DHAVE_CONFIG_H -c /c/ap13-dcb/openssh-msys-canonical-05/src/ssh-sk-helper.c -o ssh-sk-helper.o
/c/Users/crutkasLocal/.copilot/repos/copilot-worktrees/msys2-woarm64-build/crutkas-didactic-waffle/.github/scripts/msys-openssh-release-gcc -g -O2 -pipe -Wno-error=format-truncation -Wall -Wextra -Wpointer-arith -Wuninitialized -Wsign-compare -Wformat-security -Wsizeof-pointer-memaccess -Wno-pointer-sign -Wno-unused-parameter -Wno-unused-result -Wimplicit-fallthrough -Wmisleading-indentation -fno-strict-aliasing -fno-builtin-memset -Wno-attributes   -I. -I/c/ap13-dcb/openssh-msys-canonical-05/src -I"/c/ap13-dcb/openssh-msys-canonical-05/build/openbsd-compat/include" -I/c/ap13-dcb/openssl-msys-canonical-02/openssl-release-sdk-01/include -I/c/Users/crutkasLocal/.copilot/session-state/f6ea7713-2cec-41d5-b3f9-b4373e60fa33/files/resume-20260907/zlib-msys-01/stage/usr/include -I/c/ap13-dcb/openssl-msys-canonical-02/openssl-release-sdk-01/include -I/c/Users/crutkasLocal/.copilot/session-state/f6ea7713-2cec-41d5-b3f9-b4373e60fa33/files/resume-20260907/zlib-msys-01/stage/usr/include -I/c/ag-e138920f/ssh-libxcrypt-msys-02/stage/usr/include -DSSHDIR=\"/etc/ssh\" -D_PATH_SSH_PROGRAM=\"/usr/bin/ssh\" -D_PATH_SSH_ASKPASS_DEFAULT=\"/usr/lib/ssh/ssh-askpass\" -D_PATH_SFTP_SERVER=\"/usr/lib/ssh/sftp-server\" -D_PATH_SSH_KEY_SIGN=\"/usr/lib/ssh/ssh-keysign\" -D_PATH_SSHD_SESSION=\"/usr/lib/ssh/sshd-session\" -D_PATH_SSHD_AUTH=\"/usr/lib/ssh/sshd-auth\" -D_PATH_SSH_PKCS11_HELPER=\"/usr/lib/ssh/ssh-pkcs11-helper\" -D_PATH_SSH_SK_HELPER=\"/usr/lib/ssh/ssh-sk-helper\" -D_PATH_SSH_PIDDIR=\"/etc/ssh\" -D_PATH_PRIVSEP_CHROOT_DIR=\"/var/empty\" -DHAVE_CONFIG_H -c /c/ap13-dcb/openssh-msys-canonical-05/src/ssh-sk.c -o ssh-sk.o
/c/Users/crutkasLocal/.copilot/repos/copilot-worktrees/msys2-woarm64-build/crutkas-didactic-waffle/.github/scripts/msys-openssh-release-gcc -g -O2 -pipe -Wno-error=format-truncation -Wall -Wextra -Wpointer-arith -Wuninitialized -Wsign-compare -Wformat-security -Wsizeof-pointer-memaccess -Wno-pointer-sign -Wno-unused-parameter -Wno-unused-result -Wimplicit-fallthrough -Wmisleading-indentation -fno-strict-aliasing -fno-builtin-memset -Wno-attributes   -I. -I/c/ap13-dcb/openssh-msys-canonical-05/src -I"/c/ap13-dcb/openssh-msys-canonical-05/build/openbsd-compat/include" -I/c/ap13-dcb/openssl-msys-canonical-02/openssl-release-sdk-01/include -I/c/Users/crutkasLocal/.copilot/session-state/f6ea7713-2cec-41d5-b3f9-b4373e60fa33/files/resume-20260907/zlib-msys-01/stage/usr/include -I/c/ap13-dcb/openssl-msys-canonical-02/openssl-release-sdk-01/include -I/c/Users/crutkasLocal/.copilot/session-state/f6ea7713-2cec-41d5-b3f9-b4373e60fa33/files/resume-20260907/zlib-msys-01/stage/usr/include -I/c/ag-e138920f/ssh-libxcrypt-msys-02/stage/usr/include -DSSHDIR=\"/etc/ssh\" -D_PATH_SSH_PROGRAM=\"/usr/bin/ssh\" -D_PATH_SSH_ASKPASS_DEFAULT=\"/usr/lib/ssh/ssh-askpass\" -D_PATH_SFTP_SERVER=\"/usr/lib/ssh/sftp-server\" -D_PATH_SSH_KEY_SIGN=\"/usr/lib/ssh/ssh-keysign\" -D_PATH_SSHD_SESSION=\"/usr/lib/ssh/sshd-session\" -D_PATH_SSHD_AUTH=\"/usr/lib/ssh/sshd-auth\" -D_PATH_SSH_PKCS11_HELPER=\"/usr/lib/ssh/ssh-pkcs11-helper\" -D_PATH_SSH_SK_HELPER=\"/usr/lib/ssh/ssh-sk-helper\" -D_PATH_SSH_PIDDIR=\"/etc/ssh\" -D_PATH_PRIVSEP_CHROOT_DIR=\"/var/empty\" -DHAVE_CONFIG_H -c /c/ap13-dcb/openssh-msys-canonical-05/src/sk-usbhid.c -o sk-usbhid.o
/c/ap13-dcb/openssl-msys-canonical-02/test-toolchain/bin/aarch64-pc-cygwin-ar rv libssh.a ssh_api.o ssherr.o sshbuf.o sshkey.o sshbuf-getput-basic.o sshbuf-misc.o sshbuf-getput-crypto.o krl.o bitmap.o authfd.o authfile.o canohost.o channels.o cipher.o cipher-aes.o cipher-aesctr.o cleanup.o compat.o fatal.o hostfile.o log.o match.o moduli.o nchan.o packet.o readpass.o ttymodes.o xmalloc.o addr.o addrmatch.o atomicio.o dispatch.o mac.o misc.o utf8.o monitor_fdpass.o rijndael.o ssh-ecdsa.o ssh-ecdsa-sk.o ssh-ed25519-sk.o ssh-rsa.o dh.o msg.o dns.o entropy.o gss-genr.o umac.o umac128.o smult_curve25519_ref.o poly1305.o chacha.o cipher-chachapoly.o cipher-chachapoly-libcrypto.o ssh-ed25519.o digest-openssl.o digest-libc.o libcrux-mlkem-mldsa.o ssh-mldsa-eddsa.o hmac.o ed25519.o ed25519-openssl.o kex.o kex-names.o kexdh.o kexgex.o kexecdh.o kexc25519.o kexgexc.o kexgexs.o kexmlkem768ecdh.o kexsntrup761x25519.o kexmlkem768x25519.o sntrup761.o kexgen.o sftp-realpath.o platform-pledge.o platform-tracing.o platform-misc.o sshbuf-io.o misc-agent.o ssherr-libcrypto.o
C:\ap13-dcb\openssl-msys-canonical-02\test-toolchain\bin\aarch64-pc-cygwin-ar.exe: creating libssh.a
a - ssh_api.o
a - ssherr.o
a - sshbuf.o
a - sshkey.o
a - sshbuf-getput-basic.o
a - sshbuf-misc.o
a - sshbuf-getput-crypto.o
a - krl.o
a - bitmap.o
a - authfd.o
a - authfile.o
a - canohost.o
a - channels.o
a - cipher.o
a - cipher-aes.o
a - cipher-aesctr.o
a - cleanup.o
a - compat.o
a - fatal.o
a - hostfile.o
a - log.o
a - match.o
a - moduli.o
a - nchan.o
a - packet.o
a - readpass.o
a - ttymodes.o
a - xmalloc.o
a - addr.o
a - addrmatch.o
a - atomicio.o
a - dispatch.o
a - mac.o
a - misc.o
a - utf8.o
a - monitor_fdpass.o
a - rijndael.o
a - ssh-ecdsa.o
a - ssh-ecdsa-sk.o
a - ssh-ed25519-sk.o
a - ssh-rsa.o
a - dh.o
a - msg.o
a - dns.o
a - entropy.o
a - gss-genr.o
a - umac.o
a - umac128.o
a - smult_curve25519_ref.o
a - poly1305.o
a - chacha.o
a - cipher-chachapoly.o
a - cipher-chachapoly-libcrypto.o
a - ssh-ed25519.o
a - digest-openssl.o
a - digest-libc.o
a - libcrux-mlkem-mldsa.o
a - ssh-mldsa-eddsa.o
a - hmac.o
a - ed25519.o
a - ed25519-openssl.o
a - kex.o
a - kex-names.o
a - kexdh.o
a - kexgex.o
a - kexecdh.o
a - kexc25519.o
a - kexgexc.o
a - kexgexs.o
a - kexmlkem768ecdh.o
a - kexsntrup761x25519.o
a - kexmlkem768x25519.o
a - sntrup761.o
a - kexgen.o
a - sftp-realpath.o
a - platform-pledge.o
a - platform-tracing.o
a - platform-misc.o
a - sshbuf-io.o
a - misc-agent.o
a - ssherr-libcrypto.o
/c/ap13-dcb/openssl-msys-canonical-02/test-toolchain/bin/aarch64-pc-cygwin-ranlib libssh.a
/c/Users/crutkasLocal/.copilot/repos/copilot-worktrees/msys2-woarm64-build/crutkas-didactic-waffle/.github/scripts/msys-openssh-release-gcc -o ssh.exe ssh.o readconf.o clientloop.o sshtty.o sshconnect.o sshconnect2.o mux.o ssh-pkcs11.o ssh-sk-client.o -L. -Lopenbsd-compat/ -L/c/ap13-dcb/openssl-msys-canonical-02/openssl-release-sdk-01/lib -L/c/Users/crutkasLocal/.copilot/session-state/f6ea7713-2cec-41d5-b3f9-b4373e60fa33/files/resume-20260907/zlib-msys-01/stage/usr/lib -B/c/ap13-dcb/openssl-msys-canonical-02/test-toolchain/aarch64-pc-cygwin/lib/ -L/c/ap13-dcb/openssl-msys-canonical-02/openssl-release-sdk-01/lib -L/c/Users/crutkasLocal/.copilot/session-state/f6ea7713-2cec-41d5-b3f9-b4373e60fa33/files/resume-20260907/zlib-msys-01/stage/usr/lib -L/c/ag-e138920f/ssh-libxcrypt-msys-02/stage/usr/lib  -lssh -lopenbsd-compat -lcrypt /c/ap13-dcb/openssl-msys-canonical-02/test-toolchain/aarch64-pc-cygwin/lib/textreadmode.o  -lcrypto  -lz
/c/Users/crutkasLocal/.copilot/repos/copilot-worktrees/msys2-woarm64-build/crutkas-didactic-waffle/.github/scripts/msys-openssh-release-gcc -o sshd.exe sshd.o platform-listen.o servconf.o sshpty.o srclimit.o groupaccess.o auth2-methods.o dns.o fatal.o compat.o utf8.o authfd.o canohost.o ssh-pkcs11-client.o ssh-sk-client.o -L. -Lopenbsd-compat/ -L/c/ap13-dcb/openssl-msys-canonical-02/openssl-release-sdk-01/lib -L/c/Users/crutkasLocal/.copilot/session-state/f6ea7713-2cec-41d5-b3f9-b4373e60fa33/files/resume-20260907/zlib-msys-01/stage/usr/lib -B/c/ap13-dcb/openssl-msys-canonical-02/test-toolchain/aarch64-pc-cygwin/lib/ -L/c/ap13-dcb/openssl-msys-canonical-02/openssl-release-sdk-01/lib -L/c/Users/crutkasLocal/.copilot/session-state/f6ea7713-2cec-41d5-b3f9-b4373e60fa33/files/resume-20260907/zlib-msys-01/stage/usr/lib -L/c/ag-e138920f/ssh-libxcrypt-msys-02/stage/usr/lib  -lssh -lopenbsd-compat -lcrypt  -lcrypt /c/ap13-dcb/openssl-msys-canonical-02/test-toolchain/aarch64-pc-cygwin/lib/textreadmode.o -lcrypto  -lz
/c/Users/crutkasLocal/.copilot/repos/copilot-worktrees/msys2-woarm64-build/crutkas-didactic-waffle/.github/scripts/msys-openssh-release-gcc -o sshd-session.exe sshd-session.o auth-rhosts.o auth-passwd.o audit.o audit-bsm.o audit-linux.o platform.o sshpty.o sshlogin.o servconf.o serverloop.o auth.o auth2.o auth2-methods.o auth-options.o session.o auth2-chall.o groupaccess.o auth-bsdauth.o auth2-hostbased.o auth2-kbdint.o auth2-none.o auth2-passwd.o auth2-pubkey.o auth2-pubkeyfile.o monitor.o monitor_wrap.o auth-krb5.o auth2-gss.o gss-serv.o gss-serv-krb5.o loginrec.o auth-pam.o auth-shadow.o auth-sia.o sftp-server.o sftp-common.o uidswap.o platform-listen.o ssh-pkcs11-client.o ssh-sk-client.o -L. -Lopenbsd-compat/ -L/c/ap13-dcb/openssl-msys-canonical-02/openssl-release-sdk-01/lib -L/c/Users/crutkasLocal/.copilot/session-state/f6ea7713-2cec-41d5-b3f9-b4373e60fa33/files/resume-20260907/zlib-msys-01/stage/usr/lib -B/c/ap13-dcb/openssl-msys-canonical-02/test-toolchain/aarch64-pc-cygwin/lib/ -L/c/ap13-dcb/openssl-msys-canonical-02/openssl-release-sdk-01/lib -L/c/Users/crutkasLocal/.copilot/session-state/f6ea7713-2cec-41d5-b3f9-b4373e60fa33/files/resume-20260907/zlib-msys-01/stage/usr/lib -L/c/ag-e138920f/ssh-libxcrypt-msys-02/stage/usr/lib  -lssh -lopenbsd-compat -lcrypt  -lcrypt /c/ap13-dcb/openssl-msys-canonical-02/test-toolchain/aarch64-pc-cygwin/lib/textreadmode.o   -lcrypto  -lz 
/c/Users/crutkasLocal/.copilot/repos/copilot-worktrees/msys2-woarm64-build/crutkas-didactic-waffle/.github/scripts/msys-openssh-release-gcc -o sshd-auth.exe sshd-auth.o auth2-methods.o auth-rhosts.o auth-passwd.o sshpty.o sshlogin.o servconf.o serverloop.o auth.o auth2.o auth-options.o session.o auth2-chall.o groupaccess.o auth-bsdauth.o auth2-hostbased.o auth2-kbdint.o auth2-none.o auth2-passwd.o auth2-pubkey.o auth2-pubkeyfile.o auth2-gss.o gss-serv.o gss-serv-krb5.o monitor_wrap.o auth-krb5.o audit.o audit-bsm.o audit-linux.o platform.o loginrec.o auth-pam.o auth-shadow.o auth-sia.o sandbox-null.o sandbox-rlimit.o sandbox-darwin.o sandbox-seccomp-filter.o sandbox-capsicum.o  sandbox-solaris.o sftp-server.o sftp-common.o uidswap.o ssh-pkcs11-client.o ssh-sk-client.o -L. -Lopenbsd-compat/ -L/c/ap13-dcb/openssl-msys-canonical-02/openssl-release-sdk-01/lib -L/c/Users/crutkasLocal/.copilot/session-state/f6ea7713-2cec-41d5-b3f9-b4373e60fa33/files/resume-20260907/zlib-msys-01/stage/usr/lib -B/c/ap13-dcb/openssl-msys-canonical-02/test-toolchain/aarch64-pc-cygwin/lib/ -L/c/ap13-dcb/openssl-msys-canonical-02/openssl-release-sdk-01/lib -L/c/Users/crutkasLocal/.copilot/session-state/f6ea7713-2cec-41d5-b3f9-b4373e60fa33/files/resume-20260907/zlib-msys-01/stage/usr/lib -L/c/ag-e138920f/ssh-libxcrypt-msys-02/stage/usr/lib  -lssh -lopenbsd-compat -lcrypt  -lcrypt /c/ap13-dcb/openssl-msys-canonical-02/test-toolchain/aarch64-pc-cygwin/lib/textreadmode.o   -lcrypto  -lz 
/c/Users/crutkasLocal/.copilot/repos/copilot-worktrees/msys2-woarm64-build/crutkas-didactic-waffle/.github/scripts/msys-openssh-release-gcc -o ssh-add.exe ssh-add.o ssh-pkcs11-client.o ssh-sk-client.o -L. -Lopenbsd-compat/ -L/c/ap13-dcb/openssl-msys-canonical-02/openssl-release-sdk-01/lib -L/c/Users/crutkasLocal/.copilot/session-state/f6ea7713-2cec-41d5-b3f9-b4373e60fa33/files/resume-20260907/zlib-msys-01/stage/usr/lib -B/c/ap13-dcb/openssl-msys-canonical-02/test-toolchain/aarch64-pc-cygwin/lib/ -L/c/ap13-dcb/openssl-msys-canonical-02/openssl-release-sdk-01/lib -L/c/Users/crutkasLocal/.copilot/session-state/f6ea7713-2cec-41d5-b3f9-b4373e60fa33/files/resume-20260907/zlib-msys-01/stage/usr/lib -L/c/ag-e138920f/ssh-libxcrypt-msys-02/stage/usr/lib  -lssh -lopenbsd-compat -lcrypt /c/ap13-dcb/openssl-msys-canonical-02/test-toolchain/aarch64-pc-cygwin/lib/textreadmode.o -lcrypto  -lz
/c/Users/crutkasLocal/.copilot/repos/copilot-worktrees/msys2-woarm64-build/crutkas-didactic-waffle/.github/scripts/msys-openssh-release-gcc -o ssh-keygen.exe ssh-keygen.o sshsig.o ssh-pkcs11.o ssh-sk-client.o -L. -Lopenbsd-compat/ -L/c/ap13-dcb/openssl-msys-canonical-02/openssl-release-sdk-01/lib -L/c/Users/crutkasLocal/.copilot/session-state/f6ea7713-2cec-41d5-b3f9-b4373e60fa33/files/resume-20260907/zlib-msys-01/stage/usr/lib -B/c/ap13-dcb/openssl-msys-canonical-02/test-toolchain/aarch64-pc-cygwin/lib/ -L/c/ap13-dcb/openssl-msys-canonical-02/openssl-release-sdk-01/lib -L/c/Users/crutkasLocal/.copilot/session-state/f6ea7713-2cec-41d5-b3f9-b4373e60fa33/files/resume-20260907/zlib-msys-01/stage/usr/lib -L/c/ag-e138920f/ssh-libxcrypt-msys-02/stage/usr/lib  -lssh -lopenbsd-compat -lcrypt /c/ap13-dcb/openssl-msys-canonical-02/test-toolchain/aarch64-pc-cygwin/lib/textreadmode.o -lcrypto  -lz
/c/Users/crutkasLocal/.copilot/repos/copilot-worktrees/msys2-woarm64-build/crutkas-didactic-waffle/.github/scripts/msys-openssh-release-gcc -o ssh-keyscan.exe ssh-keyscan.o ssh-pkcs11-client.o ssh-sk-client.o -L. -Lopenbsd-compat/ -L/c/ap13-dcb/openssl-msys-canonical-02/openssl-release-sdk-01/lib -L/c/Users/crutkasLocal/.copilot/session-state/f6ea7713-2cec-41d5-b3f9-b4373e60fa33/files/resume-20260907/zlib-msys-01/stage/usr/lib -B/c/ap13-dcb/openssl-msys-canonical-02/test-toolchain/aarch64-pc-cygwin/lib/ -L/c/ap13-dcb/openssl-msys-canonical-02/openssl-release-sdk-01/lib -L/c/Users/crutkasLocal/.copilot/session-state/f6ea7713-2cec-41d5-b3f9-b4373e60fa33/files/resume-20260907/zlib-msys-01/stage/usr/lib -L/c/ag-e138920f/ssh-libxcrypt-msys-02/stage/usr/lib  -lssh -lopenbsd-compat -lssh -lcrypt /c/ap13-dcb/openssl-msys-canonical-02/test-toolchain/aarch64-pc-cygwin/lib/textreadmode.o -lcrypto  -lz
/c/Users/crutkasLocal/.copilot/repos/copilot-worktrees/msys2-woarm64-build/crutkas-didactic-waffle/.github/scripts/msys-openssh-release-gcc -o ssh-keysign.exe ssh-keysign.o readconf.o uidswap.o ssh-pkcs11-client.o ssh-sk-client.o -L. -Lopenbsd-compat/ -L/c/ap13-dcb/openssl-msys-canonical-02/openssl-release-sdk-01/lib -L/c/Users/crutkasLocal/.copilot/session-state/f6ea7713-2cec-41d5-b3f9-b4373e60fa33/files/resume-20260907/zlib-msys-01/stage/usr/lib -B/c/ap13-dcb/openssl-msys-canonical-02/test-toolchain/aarch64-pc-cygwin/lib/ -L/c/ap13-dcb/openssl-msys-canonical-02/openssl-release-sdk-01/lib -L/c/Users/crutkasLocal/.copilot/session-state/f6ea7713-2cec-41d5-b3f9-b4373e60fa33/files/resume-20260907/zlib-msys-01/stage/usr/lib -L/c/ag-e138920f/ssh-libxcrypt-msys-02/stage/usr/lib  -lssh -lopenbsd-compat -lcrypt /c/ap13-dcb/openssl-msys-canonical-02/test-toolchain/aarch64-pc-cygwin/lib/textreadmode.o -lcrypto  -lz
/c/Users/crutkasLocal/.copilot/repos/copilot-worktrees/msys2-woarm64-build/crutkas-didactic-waffle/.github/scripts/msys-openssh-release-gcc -o ssh-pkcs11-helper.exe ssh-pkcs11-helper.o ssh-pkcs11.o ssh-sk-client.o -L. -Lopenbsd-compat/ -L/c/ap13-dcb/openssl-msys-canonical-02/openssl-release-sdk-01/lib -L/c/Users/crutkasLocal/.copilot/session-state/f6ea7713-2cec-41d5-b3f9-b4373e60fa33/files/resume-20260907/zlib-msys-01/stage/usr/lib -B/c/ap13-dcb/openssl-msys-canonical-02/test-toolchain/aarch64-pc-cygwin/lib/ -L/c/ap13-dcb/openssl-msys-canonical-02/openssl-release-sdk-01/lib -L/c/Users/crutkasLocal/.copilot/session-state/f6ea7713-2cec-41d5-b3f9-b4373e60fa33/files/resume-20260907/zlib-msys-01/stage/usr/lib -L/c/ag-e138920f/ssh-libxcrypt-msys-02/stage/usr/lib  -lssh -lopenbsd-compat -lssh -lopenbsd-compat -lcrypt /c/ap13-dcb/openssl-msys-canonical-02/test-toolchain/aarch64-pc-cygwin/lib/textreadmode.o -lcrypto  -lz
/c/Users/crutkasLocal/.copilot/repos/copilot-worktrees/msys2-woarm64-build/crutkas-didactic-waffle/.github/scripts/msys-openssh-release-gcc -o ssh-agent.exe ssh-agent.o ssh-pkcs11-client.o ssh-sk-client.o -L. -Lopenbsd-compat/ -L/c/ap13-dcb/openssl-msys-canonical-02/openssl-release-sdk-01/lib -L/c/Users/crutkasLocal/.copilot/session-state/f6ea7713-2cec-41d5-b3f9-b4373e60fa33/files/resume-20260907/zlib-msys-01/stage/usr/lib -B/c/ap13-dcb/openssl-msys-canonical-02/test-toolchain/aarch64-pc-cygwin/lib/ -L/c/ap13-dcb/openssl-msys-canonical-02/openssl-release-sdk-01/lib -L/c/Users/crutkasLocal/.copilot/session-state/f6ea7713-2cec-41d5-b3f9-b4373e60fa33/files/resume-20260907/zlib-msys-01/stage/usr/lib -L/c/ag-e138920f/ssh-libxcrypt-msys-02/stage/usr/lib  -lssh -lopenbsd-compat -lcrypt /c/ap13-dcb/openssl-msys-canonical-02/test-toolchain/aarch64-pc-cygwin/lib/textreadmode.o -lcrypto  -lz
/c/Users/crutkasLocal/.copilot/repos/copilot-worktrees/msys2-woarm64-build/crutkas-didactic-waffle/.github/scripts/msys-openssh-release-gcc -o scp.exe scp.o progressmeter.o sftp-common.o sftp-client.o sftp-glob.o ssherr-nolibcrypto.o -L. -Lopenbsd-compat/ -L/c/ap13-dcb/openssl-msys-canonical-02/openssl-release-sdk-01/lib -L/c/Users/crutkasLocal/.copilot/session-state/f6ea7713-2cec-41d5-b3f9-b4373e60fa33/files/resume-20260907/zlib-msys-01/stage/usr/lib -B/c/ap13-dcb/openssl-msys-canonical-02/test-toolchain/aarch64-pc-cygwin/lib/ -L/c/ap13-dcb/openssl-msys-canonical-02/openssl-release-sdk-01/lib -L/c/Users/crutkasLocal/.copilot/session-state/f6ea7713-2cec-41d5-b3f9-b4373e60fa33/files/resume-20260907/zlib-msys-01/stage/usr/lib -L/c/ag-e138920f/ssh-libxcrypt-msys-02/stage/usr/lib  -lssh -lopenbsd-compat -lcrypt /c/ap13-dcb/openssl-msys-canonical-02/test-toolchain/aarch64-pc-cygwin/lib/textreadmode.o
/c/Users/crutkasLocal/.copilot/repos/copilot-worktrees/msys2-woarm64-build/crutkas-didactic-waffle/.github/scripts/msys-openssh-release-gcc -o sftp-server.exe sftp-common.o sftp-server.o sftp-server-main.o ssherr-nolibcrypto.o -L. -Lopenbsd-compat/ -L/c/ap13-dcb/openssl-msys-canonical-02/openssl-release-sdk-01/lib -L/c/Users/crutkasLocal/.copilot/session-state/f6ea7713-2cec-41d5-b3f9-b4373e60fa33/files/resume-20260907/zlib-msys-01/stage/usr/lib -B/c/ap13-dcb/openssl-msys-canonical-02/test-toolchain/aarch64-pc-cygwin/lib/ -L/c/ap13-dcb/openssl-msys-canonical-02/openssl-release-sdk-01/lib -L/c/Users/crutkasLocal/.copilot/session-state/f6ea7713-2cec-41d5-b3f9-b4373e60fa33/files/resume-20260907/zlib-msys-01/stage/usr/lib -L/c/ag-e138920f/ssh-libxcrypt-msys-02/stage/usr/lib  -lssh -lopenbsd-compat -lssh -lcrypt /c/ap13-dcb/openssl-msys-canonical-02/test-toolchain/aarch64-pc-cygwin/lib/textreadmode.o
/c/Users/crutkasLocal/.copilot/repos/copilot-worktrees/msys2-woarm64-build/crutkas-didactic-waffle/.github/scripts/msys-openssh-release-gcc -o sftp.exe sftp.o sftp-usergroup.o progressmeter.o sftp-common.o sftp-client.o sftp-glob.o ssherr-nolibcrypto.o -L. -Lopenbsd-compat/ -L/c/ap13-dcb/openssl-msys-canonical-02/openssl-release-sdk-01/lib -L/c/Users/crutkasLocal/.copilot/session-state/f6ea7713-2cec-41d5-b3f9-b4373e60fa33/files/resume-20260907/zlib-msys-01/stage/usr/lib -B/c/ap13-dcb/openssl-msys-canonical-02/test-toolchain/aarch64-pc-cygwin/lib/ -L/c/ap13-dcb/openssl-msys-canonical-02/openssl-release-sdk-01/lib -L/c/Users/crutkasLocal/.copilot/session-state/f6ea7713-2cec-41d5-b3f9-b4373e60fa33/files/resume-20260907/zlib-msys-01/stage/usr/lib -L/c/ag-e138920f/ssh-libxcrypt-msys-02/stage/usr/lib  -lssh -lopenbsd-compat -lcrypt /c/ap13-dcb/openssl-msys-canonical-02/test-toolchain/aarch64-pc-cygwin/lib/textreadmode.o 
/c/Users/crutkasLocal/.copilot/repos/copilot-worktrees/msys2-woarm64-build/crutkas-didactic-waffle/.github/scripts/msys-openssh-release-gcc -o ssh-sk-helper.exe ssh-sk-helper.o ssh-sk.o sk-usbhid.o ssherr-nolibcrypto.o -L. -Lopenbsd-compat/ -L/c/ap13-dcb/openssl-msys-canonical-02/openssl-release-sdk-01/lib -L/c/Users/crutkasLocal/.copilot/session-state/f6ea7713-2cec-41d5-b3f9-b4373e60fa33/files/resume-20260907/zlib-msys-01/stage/usr/lib -B/c/ap13-dcb/openssl-msys-canonical-02/test-toolchain/aarch64-pc-cygwin/lib/ -L/c/ap13-dcb/openssl-msys-canonical-02/openssl-release-sdk-01/lib -L/c/Users/crutkasLocal/.copilot/session-state/f6ea7713-2cec-41d5-b3f9-b4373e60fa33/files/resume-20260907/zlib-msys-01/stage/usr/lib -L/c/ag-e138920f/ssh-libxcrypt-msys-02/stage/usr/lib  -lssh -lopenbsd-compat -lssh -lopenbsd-compat -lcrypt /c/ap13-dcb/openssl-msys-canonical-02/test-toolchain/aarch64-pc-cygwin/lib/textreadmode.o  -lcrypto  -lz
