==> Making package: libgcrypt 1.12.2-1 (Fri Sep 11 16:17:03 2026)
==> WARNING: Skipping dependency checks.
==> Retrieving sources...
  -> Found libgcrypt-1.12.2.tar.bz2
  -> Found libgcrypt-1.12.2.tar.bz2.sig
==> Validating source files with sha256sums...
    libgcrypt-1.12.2.tar.bz2 ... Passed
    libgcrypt-1.12.2.tar.bz2.sig ... Skipped
==> Verifying source file signatures with gpg...
    libgcrypt-1.12.2.tar.bz2 ... Passed
==> Making package: libgcrypt 1.12.2-1 (Fri Sep 11 16:17:11 2026)
==> WARNING: Skipping dependency checks.
==> Retrieving sources...
  -> Found libgcrypt-1.12.2.tar.bz2
  -> Found libgcrypt-1.12.2.tar.bz2.sig
==> Validating source files with sha256sums...
    libgcrypt-1.12.2.tar.bz2 ... Passed
    libgcrypt-1.12.2.tar.bz2.sig ... Skipped
==> Verifying source file signatures with gpg...
    libgcrypt-1.12.2.tar.bz2 ... Passed
==> Removing existing $srcdir/ directory...
==> Extracting sources...
  -> Extracting libgcrypt-1.12.2.tar.bz2 with bsdtar
==> Starting prepare()...
libtoolize: putting auxiliary files in AC_CONFIG_AUX_DIR, 'build-aux'.
libtoolize: copying file 'build-aux/ltmain.sh'
libtoolize: putting macros in AC_CONFIG_MACRO_DIRS, 'm4'.
libtoolize: copying file 'm4/libtool.m4'
libtoolize: copying file 'm4/ltoptions.m4'
libtoolize: copying file 'm4/ltsugar.m4'
libtoolize: copying file 'm4/ltversion.m4'
libtoolize: copying file 'm4/lt~obsolete.m4'
configure.ac:88: installing 'build-aux/compile'
configure.ac:81: installing 'build-aux/missing'
cipher/Makefile.am: installing 'build-aux/depcomp'
==> Starting build()...
configure: creating cache config.cache
checking for a BSD-compatible install... /usr/bin/install -c
checking whether build environment is sane... yes
checking for a race-free mkdir -p... /usr/bin/mkdir -p
checking for gawk... gawk
checking whether make sets $(MAKE)... yes
checking whether make supports nested variables... yes
checking build system type... aarch64-pc-cygwin
checking host system type... aarch64-pc-cygwin
checking whether to enable maintainer-specific portions of Makefiles... no
checking whether make supports nested variables... (cached) yes
checking whether make supports the include directive... yes (GNU style)
checking for gcc... gcc
checking whether the C compiler works... yes
checking for C compiler default output file name... a.exe
checking for suffix of executables... .exe
checking whether we are cross compiling... no
checking for suffix of object files... o
checking whether the compiler supports GNU C... yes
checking whether gcc accepts -g... yes
checking for gcc option to enable C11 features... none needed
checking whether gcc understands -c and -o together... yes
checking dependency style of gcc... gcc3
checking for stdio.h... yes
checking for stdlib.h... yes
checking for string.h... yes
checking for inttypes.h... yes
checking for stdint.h... yes
checking for strings.h... yes
checking for sys/stat.h... yes
checking for sys/types.h... yes
checking for unistd.h... yes
checking for wchar.h... yes
checking for minix/config.h... no
checking whether it is safe to define __EXTENSIONS__... yes
checking whether _XOPEN_SOURCE should be defined... no
checking whether make sets $(MAKE)... (cached) yes
checking for gcc... (cached) gcc
checking whether the compiler supports GNU C... (cached) yes
checking whether gcc accepts -g... (cached) yes
checking for gcc option to enable C11 features... (cached) none needed
checking whether gcc understands -c and -o together... (cached) yes
checking dependency style of gcc... (cached) gcc3
checking how to run the C preprocessor... gcc -E
checking dependency style of gcc... gcc3
checking for library containing strerror... none required
checking for gawk... (cached) gawk
checking for grep that handles long lines and -e... /usr/bin/grep
checking for fgrep... /usr/bin/grep -F
checking how to print strings... printf
checking for a sed that does not truncate output... /usr/bin/sed
checking for egrep... /usr/bin/grep -E
checking for ld used by gcc... ld
checking if the linker (ld) is GNU ld... yes
checking for BSD- or MS-compatible name lister (nm)... nm
checking the name lister (nm) interface... BSD nm
checking whether ln -s works... no, using cp -pR
checking the maximum length of command line arguments... 8192
checking how to convert aarch64-pc-cygwin file names to aarch64-pc-cygwin format... func_convert_file_noop
checking how to convert aarch64-pc-cygwin file names to toolchain format... func_convert_file_noop
checking for ld option to reload object files... -r
checking for file... file
checking for objdump... objdump
checking how to recognize dependent libraries... file_magic ^x86 archive import|^x86 DLL
checking for dlltool... dlltool
checking how to associate runtime and link libraries... func_cygming_dll_for_implib
checking for ranlib... ranlib
checking for archiver @FILE support... @
checking for strip... strip
checking command to parse nm output from gcc object... ok
checking for sysroot... no
checking for a working dd... /usr/bin/dd
checking how to truncate binary pipes... /usr/bin/dd bs=4096 count=1
checking for mt... no
checking if : is a manifest tool... no
checking for dlfcn.h... yes
checking for as... as
checking for dlltool... (cached) dlltool
checking for objdump... (cached) objdump
checking for objdir... .libs
checking if gcc supports -fno-rtti -fno-exceptions... no
checking for gcc option to produce PIC... -DDLL_EXPORT -DPIC
checking if gcc PIC flag -DDLL_EXPORT -DPIC works... yes
checking if gcc static flag -static works... yes
checking if gcc supports -c -o file.o... yes
checking if gcc supports -c -o file.o... (cached) yes
checking whether the gcc linker (ld) supports shared libraries... yes
checking whether -lc should be explicitly linked in... yes
checking dynamic linker characteristics... Win32 ld.exe
checking how to hardcode library paths into programs... immediate
checking whether stripping libraries is possible... yes
checking if libtool supports shared libraries... yes
checking whether to build shared libraries... yes
checking whether to build static libraries... yes
checking for windres... windres
checking whether byte ordering is bigendian... no
checking size of unsigned short... 2
checking size of unsigned int... 4
checking size of unsigned long... 8
checking size of unsigned long long... 8
checking size of unsigned __int128... 16
checking size of void *... 8
checking for uintptr_t... yes
checking for UINT64_C... yes
checking size of uint64_t... 8
checking which symmetric ciphers to include... arcfour blowfish cast5 des aes twofish serpent rfc2268 seed camellia idea salsa20 gost28147 chacha20 sm4 aria
checking which public-key ciphers to include... dsa elgamal rsa ecc kyber dilithium
checking which message digests to include... crc gostr3411-94  md4 md5 rmd160 sha1 sha256 sha512 sha3 tiger whirlpool stribog blake2 sm3
checking which key derivation functions to include... s2k pkdf2 scrypt
checking which random module to use... default
checking whether use of /dev/random is requested... yes
checking whether MPI and cipher assembler modules are requested... no
checking whether to run large data tests... no
checking whether 'soft' HW feature bits are forced on... no
checking whether use of capabilities is requested... no
checking whether a HMAC binary check is requested... no
checking whether jitter entropy support is requested... yes
checking whether padlock support is requested... yes
checking whether AESNI support is requested... yes
checking whether SHAEXT support is requested... yes
checking whether PCLMUL support is requested... yes
checking whether SSE4.1 support is requested... yes
checking whether DRNG support is requested... yes
checking whether AVX support is requested... yes
checking whether AVX2 support is requested... yes
checking whether AVX512 support is requested... yes
checking whether GFNI support is requested... yes
checking whether NEON support is requested... yes
checking whether ARMv8 Crypto Extension support is requested... yes
checking whether SVE support is requested... yes
checking whether SVE2 support is requested... yes
checking whether PPC crypto support is requested... yes
checking whether a -O flag munging is requested... yes
checking whether a instrumentation (-fprofile, -fsanitize) munging is requested... yes
checking whether to enable AMD64 as(1) feature detection... yes
checking for gpg-error-config... /c/ap13-dcb/gnupg-core-01/builds/libgcrypt-1.12.2-1-02/sdk/usr/bin/gpg-error-config
checking for gpgrt-config... /c/ap13-dcb/gnupg-core-01/builds/libgcrypt-1.12.2-1-02/sdk/usr/bin/gpgrt-config
configure: Use gpgrt-config with /c/ap13-dcb/gnupg-core-01/builds/libgcrypt-1.12.2-1-02/sdk/usr/lib as gpg-error-config
checking for GPG Error - version >= 1.56... yes (1.61-unknown)
checking for pthread_create in -lpthread... yes
checking for library containing setsockopt... none required
checking for library containing setsockopt... (cached) none required
checking for unistd.h... (cached) yes
checking for sys/auxv.h... no
checking for sys/random.h... yes
checking for sys/sysctl.h... no
checking for an ANSI C-conforming const... yes
checking for inline... inline
checking for size_t... yes
checking for pid_t... yes
checking for byte... no
checking for ushort... yes
checking for u16... no
checking for u32... no
checking for u64... no
checking for __builtin_bswap32... yes
checking for __builtin_bswap64... yes
checking for __builtin_ctz... yes
checking for __builtin_ctzl... yes
checking for __builtin_clz... yes
checking for __builtin_clzl... yes
checking for __sync_synchronize... yes
checking whether the variable length arrays are supported... yes
checking whether the visibility attribute is supported... no
checking whether the GCC style aligned attribute is supported... yes
checking whether the GCC style packed attribute is supported... yes
checking whether the GCC style may_alias attribute is supported... yes
checking whether 'asm' assembler keyword is supported... yes
checking whether '__asm__' assembler keyword is supported... yes
checking whether inline assembly memory barrier is supported... yes
checking whether GCC assembler is compatible for ARM assembly implementations... n/a
checking whether GCC assembler is compatible for ARMv8/Aarch64 assembly implementations... n/a
checking whether GCC assembler supports for CFI directives... yes
checking whether GCC assembler supports for ELF directives... no
checking for _ prefix in compiled symbols... no
checking architecture and mpi assembler functions... disabled
checking whether compiler supports 'optimize' function attribute... yes
checking whether compiler supports 'ms_abi' function attribute... no
checking whether compiler supports 'sysv_abi' function attribute... no
checking whether compiler supports '__thread' storage class specifier... yes
checking whether GCC inline assembler supports SSSE3 instructions... n/a
checking whether GCC inline assembler supports PCLMUL instructions... n/a
checking whether GCC inline assembler supports SHA Extensions instructions... n/a
checking whether GCC inline assembler supports SSE4.1 instructions... n/a
checking whether GCC inline assembler supports AVX instructions... n/a
checking whether GCC inline assembler supports AVX2 instructions... n/a
checking whether GCC inline assembler supports AVX512 instructions... n/a
checking whether GCC inline assembler supports VAES and VPCLMUL instructions... n/a
checking whether GCC inline assembler supports GFNI instructions... n/a
checking whether GCC inline assembler supports BMI2 instructions... n/a
checking whether compiler supports x86/AVX512 intrinsics... n/a
checking whether GCC assembler handles division correctly... no
checking whether GCC assembler handles division correctly with "-Wa,--divide"... no
checking whether compiler defines __x86_64__ macro... n/a
checking whether GCC assembler is compatible for i386/amd64 assembly implementations... n/a
checking whether GCC assembler is compatible for Intel syntax assembly implementations... n/a
checking whether compiler is configured for ARMv6 or newer architecture... n/a
checking whether GCC inline assembler supports NEON instructions... n/a
checking whether GCC inline assembler supports AArch32 Crypto Extension instructions... n/a
checking whether GCC inline assembler supports AArch64 NEON instructions... n/a
checking whether GCC inline assembler supports AArch64 Crypto Extension instructions... n/a
checking whether GCC inline assembler supports AArch64 SVE instructions... n/a
checking whether GCC inline assembler supports AArch64 SVE2 instructions... n/a
checking whether GCC inline assembler supports AArch64 SHA3/SHA512/SM3/SM4 instructions... n/a
checking whether compiler supports AArch64/NEON/crypto intrinsics... n/a
checking whether compiler supports PowerPC AltiVec/VSX/crypto intrinsics... n/a
checking whether GCC inline assembler supports PowerPC AltiVec/VSX/crypto instructions... n/a
checking whether GCC inline assembler supports PowerISA 3.00 instructions... n/a
checking whether compiler supports GCC PowerPC target attributes... n/a
checking whether compiler supports clang PowerPC target attributes... n/a
checking whether GCC inline assembler supports zSeries instructions... n/a
checking whether GCC inline assembler supports zSeries vector instructions... n/a
checking whether GCC inline assembler supports RISC-V instructions... n/a
checking whether GCC inline assembler supports RISC-V vector instructions... n/a
checking whether compiler supports RISC-V -mstrict-align flag... n/a
checking whether compiler supports RISC-V vector intrinsics... n/a
checking whether compiler supports RISC-V vector cryptography intrinsics... n/a
checking for vprintf... yes
checking for stpcpy... yes
checking for strcasecmp... yes
checking for strtoul... yes
checking for memmove... yes
checking for stricmp... no
checking for atexit... yes
checking for raise... yes
checking for strerror... yes
checking for rand... yes
checking for mmap... yes
checking for getpagesize... yes
checking for sysconf... yes
checking for waitpid... yes
checking for wait4... yes
checking for gettimeofday... yes
checking for getrusage... yes
checking for gethrtime... no
checking for clock_gettime... yes
checking for syslog... yes
checking for syscall... no
checking for fcntl... yes
checking for ftruncate... yes
checking for flockfile... yes
checking for getauxval... no
checking for elf_aux_info... no
checking for explicit_bzero... yes
checking for explicit_memset... no
checking for getentropy... yes
checking for sysctlbyname... no
checking for mlock... yes
checking for sysconf... (cached) yes
checking for getpagesize... (cached) yes
checking whether mlock is broken... no
checking for random device... yes
configure: checking for cc features
checking if gcc supports -fno-delete-null-pointer-checks... yes
checking whether non excutable stack support is requested... yes
checking whether assembler supports --noexecstack option... no
configure: updating cache config.cache
checking that generated files are newer than configure... done
configure: creating ./config.status
config.status: creating Makefile
config.status: creating m4/Makefile
config.status: creating compat/Makefile
config.status: creating mpi/Makefile
config.status: creating cipher/Makefile
config.status: creating random/Makefile
config.status: creating doc/Makefile
config.status: creating src/Makefile
config.status: creating src/gcrypt.h
config.status: creating src/libgcrypt-config
config.status: creating src/libgcrypt.pc
config.status: creating src/versioninfo.rc
config.status: creating tests/Makefile
config.status: creating tests/hashtest-6g
config.status: creating tests/hashtest-256g
config.status: creating tests/basic-disable-all-hwf
config.status: creating config.h
config.status: linking mpi/generic/mpih-add1.c to mpi/mpih-add1.c
config.status: linking mpi/generic/mpih-sub1.c to mpi/mpih-sub1.c
config.status: linking mpi/generic/mpih-mul1.c to mpi/mpih-mul1.c
config.status: linking mpi/generic/mpih-mul2.c to mpi/mpih-mul2.c
config.status: linking mpi/generic/mpih-mul3.c to mpi/mpih-mul3.c
config.status: linking mpi/generic/mpih-lshift.c to mpi/mpih-lshift.c
config.status: linking mpi/generic/mpih-rshift.c to mpi/mpih-rshift.c
config.status: linking mpi/generic/mpi-asm-defs.h to mpi/mpi-asm-defs.h
config.status: executing depfiles commands
config.status: executing libtool commands
config.status: executing gcrypt-conf commands
         
        Libgcrypt v1.12.2-unknown has been configured as follows:
         
        Platform:                  MSYS_NT-10.0-28000-ARM64 (aarch64-pc-cygwin)
        Hardware detection module: none
        Enabled cipher algorithms: arcfour blowfish cast5 des aes twofish
                                   serpent rfc2268 seed camellia idea salsa20
                                   gost28147 chacha20 sm4 aria
        Enabled digest algorithms: crc gostr3411-94 md4 md5 rmd160 sha1
                                   sha256 sha512 sha3 tiger whirlpool stribog
                                   blake2 sm3
        Enabled kdf algorithms:    s2k pkdf2 scrypt
        Enabled pubkey algorithms: dsa elgamal rsa ecc kyber dilithium
        Random number generator:   default
        Try using jitter entropy:  yes
        Using linux capabilities:  no
        FIPS module version:       
        Try using Padlock crypto:  n/a
        Try using AES-NI crypto:   n/a
        Try using Intel SHAEXT:    n/a
        Try using Intel PCLMUL:    n/a
        Try using Intel SSE4.1:    n/a
        Try using DRNG (RDRAND):   n/a
        Try using Intel AVX:       n/a
        Try using Intel AVX2:      n/a
        Try using Intel AVX512:    n/a
        Try using Intel GFNI:      n/a
        Try using ARM NEON:        n/a
        Try using ARMv8 crypto:    n/a
        Try using ARMv8 SVE:       n/a
        Try using ARMv9 SVE2:      n/a
        Try using PPC crypto:      n/a
         
make  all-recursive
make[1]: Entering directory '/c/ap13-dcb/gnupg-core-01/builds/libgcrypt-1.12.2-1-02/build/libgcrypt/src/libgcrypt-1.12.2'
Making all in compat
make[2]: Entering directory '/c/ap13-dcb/gnupg-core-01/builds/libgcrypt-1.12.2-1-02/build/libgcrypt/src/libgcrypt-1.12.2/compat'
/bin/sh ../libtool  --tag=CC   --mode=compile gcc -DHAVE_CONFIG_H -I. -I..  -I../src -I../src  -I/c/ap13-dcb/gnupg-core-01/builds/libgcrypt-1.12.2-1-02/sdk/usr/include  -O2 -g -std=gnu17 -fstack-protector-strong -ffile-prefix-map=C:/ap13-dcb/gnupg-core-01/builds/libgcrypt-1.12.2-1-02=/usr/src/debug/libgcrypt-1.12.2 -fdebug-prefix-map=C:/ap13-dcb/gnupg-core-01/builds/libgcrypt-1.12.2-1-02=/usr/src/debug/libgcrypt-1.12.2 -fmacro-prefix-map=C:/ap13-dcb/gnupg-core-01/builds/libgcrypt-1.12.2-1-02=/usr/src/debug/libgcrypt-1.12.2 -ffile-prefix-map=C:/ag-e138920f/tc-cpp-guard-01=/usr/src/toolchain -fdebug-prefix-map=C:/ag-e138920f/tc-cpp-guard-01=/usr/src/toolchain -fmacro-prefix-map=C:/ag-e138920f/tc-cpp-guard-01=/usr/src/toolchain -ffile-prefix-map=C:/ap10-ca5f/git-full-01/bootstrap=/usr -fdebug-prefix-map=C:/ap10-ca5f/git-full-01/bootstrap=/usr -fmacro-prefix-map=C:/ap10-ca5f/git-full-01/bootstrap=/usr -fno-delete-null-pointer-checks -Wall -MT compat.lo -MD -MP -MF .deps/compat.Tpo -c -o compat.lo compat.c
libtool: compile:  gcc -DHAVE_CONFIG_H -I. -I.. -I../src -I../src -I/c/ap13-dcb/gnupg-core-01/builds/libgcrypt-1.12.2-1-02/sdk/usr/include -O2 -g -std=gnu17 -fstack-protector-strong -ffile-prefix-map=C:/ap13-dcb/gnupg-core-01/builds/libgcrypt-1.12.2-1-02=/usr/src/debug/libgcrypt-1.12.2 -fdebug-prefix-map=C:/ap13-dcb/gnupg-core-01/builds/libgcrypt-1.12.2-1-02=/usr/src/debug/libgcrypt-1.12.2 -fmacro-prefix-map=C:/ap13-dcb/gnupg-core-01/builds/libgcrypt-1.12.2-1-02=/usr/src/debug/libgcrypt-1.12.2 -ffile-prefix-map=C:/ag-e138920f/tc-cpp-guard-01=/usr/src/toolchain -fdebug-prefix-map=C:/ag-e138920f/tc-cpp-guard-01=/usr/src/toolchain -fmacro-prefix-map=C:/ag-e138920f/tc-cpp-guard-01=/usr/src/toolchain -ffile-prefix-map=C:/ap10-ca5f/git-full-01/bootstrap=/usr -fdebug-prefix-map=C:/ap10-ca5f/git-full-01/bootstrap=/usr -fmacro-prefix-map=C:/ap10-ca5f/git-full-01/bootstrap=/usr -fno-delete-null-pointer-checks -Wall -MT compat.lo -MD -MP -MF .deps/compat.Tpo -c compat.c  -DDLL_EXPORT -DPIC -o .libs/compat.o
libtool: compile:  gcc -DHAVE_CONFIG_H -I. -I.. -I../src -I../src -I/c/ap13-dcb/gnupg-core-01/builds/libgcrypt-1.12.2-1-02/sdk/usr/include -O2 -g -std=gnu17 -fstack-protector-strong -ffile-prefix-map=C:/ap13-dcb/gnupg-core-01/builds/libgcrypt-1.12.2-1-02=/usr/src/debug/libgcrypt-1.12.2 -fdebug-prefix-map=C:/ap13-dcb/gnupg-core-01/builds/libgcrypt-1.12.2-1-02=/usr/src/debug/libgcrypt-1.12.2 -fmacro-prefix-map=C:/ap13-dcb/gnupg-core-01/builds/libgcrypt-1.12.2-1-02=/usr/src/debug/libgcrypt-1.12.2 -ffile-prefix-map=C:/ag-e138920f/tc-cpp-guard-01=/usr/src/toolchain -fdebug-prefix-map=C:/ag-e138920f/tc-cpp-guard-01=/usr/src/toolchain -fmacro-prefix-map=C:/ag-e138920f/tc-cpp-guard-01=/usr/src/toolchain -ffile-prefix-map=C:/ap10-ca5f/git-full-01/bootstrap=/usr -fdebug-prefix-map=C:/ap10-ca5f/git-full-01/bootstrap=/usr -fmacro-prefix-map=C:/ap10-ca5f/git-full-01/bootstrap=/usr -fno-delete-null-pointer-checks -Wall -MT compat.lo -MD -MP -MF .deps/compat.Tpo -c compat.c -o compat.o >/dev/null 2>&1
mv -f .deps/compat.Tpo .deps/compat.Plo
/bin/sh ../libtool  --tag=CC   --mode=link gcc  -O2 -g -std=gnu17 -fstack-protector-strong -ffile-prefix-map=C:/ap13-dcb/gnupg-core-01/builds/libgcrypt-1.12.2-1-02=/usr/src/debug/libgcrypt-1.12.2 -fdebug-prefix-map=C:/ap13-dcb/gnupg-core-01/builds/libgcrypt-1.12.2-1-02=/usr/src/debug/libgcrypt-1.12.2 -fmacro-prefix-map=C:/ap13-dcb/gnupg-core-01/builds/libgcrypt-1.12.2-1-02=/usr/src/debug/libgcrypt-1.12.2 -ffile-prefix-map=C:/ag-e138920f/tc-cpp-guard-01=/usr/src/toolchain -fdebug-prefix-map=C:/ag-e138920f/tc-cpp-guard-01=/usr/src/toolchain -fmacro-prefix-map=C:/ag-e138920f/tc-cpp-guard-01=/usr/src/toolchain -ffile-prefix-map=C:/ap10-ca5f/git-full-01/bootstrap=/usr -fdebug-prefix-map=C:/ap10-ca5f/git-full-01/bootstrap=/usr -fmacro-prefix-map=C:/ap10-ca5f/git-full-01/bootstrap=/usr -fno-delete-null-pointer-checks -Wall  -L/c/ap13-dcb/gnupg-core-01/builds/libgcrypt-1.12.2-1-02/sdk/usr/lib -Wl,--no-insert-timestamp -o libcompat.la  compat.lo  
libtool: link: ar cr .libs/libcompat.a .libs/compat.o 
libtool: link: ranlib .libs/libcompat.a
libtool: link: ( cd ".libs" && rm -f "libcompat.la" && cp -pR "../libcompat.la" "libcompat.la" )
make[2]: Leaving directory '/c/ap13-dcb/gnupg-core-01/builds/libgcrypt-1.12.2-1-02/build/libgcrypt/src/libgcrypt-1.12.2/compat'
Making all in mpi
make[2]: Entering directory '/c/ap13-dcb/gnupg-core-01/builds/libgcrypt-1.12.2-1-02/build/libgcrypt/src/libgcrypt-1.12.2/mpi'
/bin/sh ../libtool  --tag=CC   --mode=compile gcc -DHAVE_CONFIG_H -I. -I..  -I../src -I../src -I/c/ap13-dcb/gnupg-core-01/builds/libgcrypt-1.12.2-1-02/sdk/usr/include  -O2 -g -std=gnu17 -fstack-protector-strong -ffile-prefix-map=C:/ap13-dcb/gnupg-core-01/builds/libgcrypt-1.12.2-1-02=/usr/src/debug/libgcrypt-1.12.2 -fdebug-prefix-map=C:/ap13-dcb/gnupg-core-01/builds/libgcrypt-1.12.2-1-02=/usr/src/debug/libgcrypt-1.12.2 -fmacro-prefix-map=C:/ap13-dcb/gnupg-core-01/builds/libgcrypt-1.12.2-1-02=/usr/src/debug/libgcrypt-1.12.2 -ffile-prefix-map=C:/ag-e138920f/tc-cpp-guard-01=/usr/src/toolchain -fdebug-prefix-map=C:/ag-e138920f/tc-cpp-guard-01=/usr/src/toolchain -fmacro-prefix-map=C:/ag-e138920f/tc-cpp-guard-01=/usr/src/toolchain -ffile-prefix-map=C:/ap10-ca5f/git-full-01/bootstrap=/usr -fdebug-prefix-map=C:/ap10-ca5f/git-full-01/bootstrap=/usr -fmacro-prefix-map=C:/ap10-ca5f/git-full-01/bootstrap=/usr -fno-delete-null-pointer-checks -Wall -MT mpi-add.lo -MD -MP -MF .deps/mpi-add.Tpo -c -o mpi-add.lo mpi-add.c
libtool: compile:  gcc -DHAVE_CONFIG_H -I. -I.. -I../src -I../src -I/c/ap13-dcb/gnupg-core-01/builds/libgcrypt-1.12.2-1-02/sdk/usr/include -O2 -g -std=gnu17 -fstack-protector-strong -ffile-prefix-map=C:/ap13-dcb/gnupg-core-01/builds/libgcrypt-1.12.2-1-02=/usr/src/debug/libgcrypt-1.12.2 -fdebug-prefix-map=C:/ap13-dcb/gnupg-core-01/builds/libgcrypt-1.12.2-1-02=/usr/src/debug/libgcrypt-1.12.2 -fmacro-prefix-map=C:/ap13-dcb/gnupg-core-01/builds/libgcrypt-1.12.2-1-02=/usr/src/debug/libgcrypt-1.12.2 -ffile-prefix-map=C:/ag-e138920f/tc-cpp-guard-01=/usr/src/toolchain -fdebug-prefix-map=C:/ag-e138920f/tc-cpp-guard-01=/usr/src/toolchain -fmacro-prefix-map=C:/ag-e138920f/tc-cpp-guard-01=/usr/src/toolchain -ffile-prefix-map=C:/ap10-ca5f/git-full-01/bootstrap=/usr -fdebug-prefix-map=C:/ap10-ca5f/git-full-01/bootstrap=/usr -fmacro-prefix-map=C:/ap10-ca5f/git-full-01/bootstrap=/usr -fno-delete-null-pointer-checks -Wall -MT mpi-add.lo -MD -MP -MF .deps/mpi-add.Tpo -c mpi-add.c  -DDLL_EXPORT -DPIC -o .libs/mpi-add.o
libtool: compile:  gcc -DHAVE_CONFIG_H -I. -I.. -I../src -I../src -I/c/ap13-dcb/gnupg-core-01/builds/libgcrypt-1.12.2-1-02/sdk/usr/include -O2 -g -std=gnu17 -fstack-protector-strong -ffile-prefix-map=C:/ap13-dcb/gnupg-core-01/builds/libgcrypt-1.12.2-1-02=/usr/src/debug/libgcrypt-1.12.2 -fdebug-prefix-map=C:/ap13-dcb/gnupg-core-01/builds/libgcrypt-1.12.2-1-02=/usr/src/debug/libgcrypt-1.12.2 -fmacro-prefix-map=C:/ap13-dcb/gnupg-core-01/builds/libgcrypt-1.12.2-1-02=/usr/src/debug/libgcrypt-1.12.2 -ffile-prefix-map=C:/ag-e138920f/tc-cpp-guard-01=/usr/src/toolchain -fdebug-prefix-map=C:/ag-e138920f/tc-cpp-guard-01=/usr/src/toolchain -fmacro-prefix-map=C:/ag-e138920f/tc-cpp-guard-01=/usr/src/toolchain -ffile-prefix-map=C:/ap10-ca5f/git-full-01/bootstrap=/usr -fdebug-prefix-map=C:/ap10-ca5f/git-full-01/bootstrap=/usr -fmacro-prefix-map=C:/ap10-ca5f/git-full-01/bootstrap=/usr -fno-delete-null-pointer-checks -Wall -MT mpi-add.lo -MD -MP -MF .deps/mpi-add.Tpo -c mpi-add.c -o mpi-add.o >/dev/null 2>&1
mv -f .deps/mpi-add.Tpo .deps/mpi-add.Plo
/bin/sh ../libtool  --tag=CC   --mode=compile gcc -DHAVE_CONFIG_H -I. -I..  -I../src -I../src -I/c/ap13-dcb/gnupg-core-01/builds/libgcrypt-1.12.2-1-02/sdk/usr/include  -O2 -g -std=gnu17 -fstack-protector-strong -ffile-prefix-map=C:/ap13-dcb/gnupg-core-01/builds/libgcrypt-1.12.2-1-02=/usr/src/debug/libgcrypt-1.12.2 -fdebug-prefix-map=C:/ap13-dcb/gnupg-core-01/builds/libgcrypt-1.12.2-1-02=/usr/src/debug/libgcrypt-1.12.2 -fmacro-prefix-map=C:/ap13-dcb/gnupg-core-01/builds/libgcrypt-1.12.2-1-02=/usr/src/debug/libgcrypt-1.12.2 -ffile-prefix-map=C:/ag-e138920f/tc-cpp-guard-01=/usr/src/toolchain -fdebug-prefix-map=C:/ag-e138920f/tc-cpp-guard-01=/usr/src/toolchain -fmacro-prefix-map=C:/ag-e138920f/tc-cpp-guard-01=/usr/src/toolchain -ffile-prefix-map=C:/ap10-ca5f/git-full-01/bootstrap=/usr -fdebug-prefix-map=C:/ap10-ca5f/git-full-01/bootstrap=/usr -fmacro-prefix-map=C:/ap10-ca5f/git-full-01/bootstrap=/usr -fno-delete-null-pointer-checks -Wall -MT mpi-bit.lo -MD -MP -MF .deps/mpi-bit.Tpo -c -o mpi-bit.lo mpi-bit.c
libtool: compile:  gcc -DHAVE_CONFIG_H -I. -I.. -I../src -I../src -I/c/ap13-dcb/gnupg-core-01/builds/libgcrypt-1.12.2-1-02/sdk/usr/include -O2 -g -std=gnu17 -fstack-protector-strong -ffile-prefix-map=C:/ap13-dcb/gnupg-core-01/builds/libgcrypt-1.12.2-1-02=/usr/src/debug/libgcrypt-1.12.2 -fdebug-prefix-map=C:/ap13-dcb/gnupg-core-01/builds/libgcrypt-1.12.2-1-02=/usr/src/debug/libgcrypt-1.12.2 -fmacro-prefix-map=C:/ap13-dcb/gnupg-core-01/builds/libgcrypt-1.12.2-1-02=/usr/src/debug/libgcrypt-1.12.2 -ffile-prefix-map=C:/ag-e138920f/tc-cpp-guard-01=/usr/src/toolchain -fdebug-prefix-map=C:/ag-e138920f/tc-cpp-guard-01=/usr/src/toolchain -fmacro-prefix-map=C:/ag-e138920f/tc-cpp-guard-01=/usr/src/toolchain -ffile-prefix-map=C:/ap10-ca5f/git-full-01/bootstrap=/usr -fdebug-prefix-map=C:/ap10-ca5f/git-full-01/bootstrap=/usr -fmacro-prefix-map=C:/ap10-ca5f/git-full-01/bootstrap=/usr -fno-delete-null-pointer-checks -Wall -MT mpi-bit.lo -MD -MP -MF .deps/mpi-bit.Tpo -c mpi-bit.c  -DDLL_EXPORT -DPIC -o .libs/mpi-bit.o
libtool: compile:  gcc -DHAVE_CONFIG_H -I. -I.. -I../src -I../src -I/c/ap13-dcb/gnupg-core-01/builds/libgcrypt-1.12.2-1-02/sdk/usr/include -O2 -g -std=gnu17 -fstack-protector-strong -ffile-prefix-map=C:/ap13-dcb/gnupg-core-01/builds/libgcrypt-1.12.2-1-02=/usr/src/debug/libgcrypt-1.12.2 -fdebug-prefix-map=C:/ap13-dcb/gnupg-core-01/builds/libgcrypt-1.12.2-1-02=/usr/src/debug/libgcrypt-1.12.2 -fmacro-prefix-map=C:/ap13-dcb/gnupg-core-01/builds/libgcrypt-1.12.2-1-02=/usr/src/debug/libgcrypt-1.12.2 -ffile-prefix-map=C:/ag-e138920f/tc-cpp-guard-01=/usr/src/toolchain -fdebug-prefix-map=C:/ag-e138920f/tc-cpp-guard-01=/usr/src/toolchain -fmacro-prefix-map=C:/ag-e138920f/tc-cpp-guard-01=/usr/src/toolchain -ffile-prefix-map=C:/ap10-ca5f/git-full-01/bootstrap=/usr -fdebug-prefix-map=C:/ap10-ca5f/git-full-01/bootstrap=/usr -fmacro-prefix-map=C:/ap10-ca5f/git-full-01/bootstrap=/usr -fno-delete-null-pointer-checks -Wall -MT mpi-bit.lo -MD -MP -MF .deps/mpi-bit.Tpo -c mpi-bit.c -o mpi-bit.o >/dev/null 2>&1
mv -f .deps/mpi-bit.Tpo .deps/mpi-bit.Plo
/bin/sh ../libtool  --tag=CC   --mode=compile gcc -DHAVE_CONFIG_H -I. -I..  -I../src -I../src -I/c/ap13-dcb/gnupg-core-01/builds/libgcrypt-1.12.2-1-02/sdk/usr/include  -O2 -g -std=gnu17 -fstack-protector-strong -ffile-prefix-map=C:/ap13-dcb/gnupg-core-01/builds/libgcrypt-1.12.2-1-02=/usr/src/debug/libgcrypt-1.12.2 -fdebug-prefix-map=C:/ap13-dcb/gnupg-core-01/builds/libgcrypt-1.12.2-1-02=/usr/src/debug/libgcrypt-1.12.2 -fmacro-prefix-map=C:/ap13-dcb/gnupg-core-01/builds/libgcrypt-1.12.2-1-02=/usr/src/debug/libgcrypt-1.12.2 -ffile-prefix-map=C:/ag-e138920f/tc-cpp-guard-01=/usr/src/toolchain -fdebug-prefix-map=C:/ag-e138920f/tc-cpp-guard-01=/usr/src/toolchain -fmacro-prefix-map=C:/ag-e138920f/tc-cpp-guard-01=/usr/src/toolchain -ffile-prefix-map=C:/ap10-ca5f/git-full-01/bootstrap=/usr -fdebug-prefix-map=C:/ap10-ca5f/git-full-01/bootstrap=/usr -fmacro-prefix-map=C:/ap10-ca5f/git-full-01/bootstrap=/usr -fno-delete-null-pointer-checks -Wall -MT mpi-cmp.lo -MD -MP -MF .deps/mpi-cmp.Tpo -c -o mpi-cmp.lo mpi-cmp.c
libtool: compile:  gcc -DHAVE_CONFIG_H -I. -I.. -I../src -I../src -I/c/ap13-dcb/gnupg-core-01/builds/libgcrypt-1.12.2-1-02/sdk/usr/include -O2 -g -std=gnu17 -fstack-protector-strong -ffile-prefix-map=C:/ap13-dcb/gnupg-core-01/builds/libgcrypt-1.12.2-1-02=/usr/src/debug/libgcrypt-1.12.2 -fdebug-prefix-map=C:/ap13-dcb/gnupg-core-01/builds/libgcrypt-1.12.2-1-02=/usr/src/debug/libgcrypt-1.12.2 -fmacro-prefix-map=C:/ap13-dcb/gnupg-core-01/builds/libgcrypt-1.12.2-1-02=/usr/src/debug/libgcrypt-1.12.2 -ffile-prefix-map=C:/ag-e138920f/tc-cpp-guard-01=/usr/src/toolchain -fdebug-prefix-map=C:/ag-e138920f/tc-cpp-guard-01=/usr/src/toolchain -fmacro-prefix-map=C:/ag-e138920f/tc-cpp-guard-01=/usr/src/toolchain -ffile-prefix-map=C:/ap10-ca5f/git-full-01/bootstrap=/usr -fdebug-prefix-map=C:/ap10-ca5f/git-full-01/bootstrap=/usr -fmacro-prefix-map=C:/ap10-ca5f/git-full-01/bootstrap=/usr -fno-delete-null-pointer-checks -Wall -MT mpi-cmp.lo -MD -MP -MF .deps/mpi-cmp.Tpo -c mpi-cmp.c  -DDLL_EXPORT -DPIC -o .libs/mpi-cmp.o
libtool: compile:  gcc -DHAVE_CONFIG_H -I. -I.. -I../src -I../src -I/c/ap13-dcb/gnupg-core-01/builds/libgcrypt-1.12.2-1-02/sdk/usr/include -O2 -g -std=gnu17 -fstack-protector-strong -ffile-prefix-map=C:/ap13-dcb/gnupg-core-01/builds/libgcrypt-1.12.2-1-02=/usr/src/debug/libgcrypt-1.12.2 -fdebug-prefix-map=C:/ap13-dcb/gnupg-core-01/builds/libgcrypt-1.12.2-1-02=/usr/src/debug/libgcrypt-1.12.2 -fmacro-prefix-map=C:/ap13-dcb/gnupg-core-01/builds/libgcrypt-1.12.2-1-02=/usr/src/debug/libgcrypt-1.12.2 -ffile-prefix-map=C:/ag-e138920f/tc-cpp-guard-01=/usr/src/toolchain -fdebug-prefix-map=C:/ag-e138920f/tc-cpp-guard-01=/usr/src/toolchain -fmacro-prefix-map=C:/ag-e138920f/tc-cpp-guard-01=/usr/src/toolchain -ffile-prefix-map=C:/ap10-ca5f/git-full-01/bootstrap=/usr -fdebug-prefix-map=C:/ap10-ca5f/git-full-01/bootstrap=/usr -fmacro-prefix-map=C:/ap10-ca5f/git-full-01/bootstrap=/usr -fno-delete-null-pointer-checks -Wall -MT mpi-cmp.lo -MD -MP -MF .deps/mpi-cmp.Tpo -c mpi-cmp.c -o mpi-cmp.o >/dev/null 2>&1
mv -f .deps/mpi-cmp.Tpo .deps/mpi-cmp.Plo
/bin/sh ../libtool  --tag=CC   --mode=compile gcc -DHAVE_CONFIG_H -I. -I..  -I../src -I../src -I/c/ap13-dcb/gnupg-core-01/builds/libgcrypt-1.12.2-1-02/sdk/usr/include  -O2 -g -std=gnu17 -fstack-protector-strong -ffile-prefix-map=C:/ap13-dcb/gnupg-core-01/builds/libgcrypt-1.12.2-1-02=/usr/src/debug/libgcrypt-1.12.2 -fdebug-prefix-map=C:/ap13-dcb/gnupg-core-01/builds/libgcrypt-1.12.2-1-02=/usr/src/debug/libgcrypt-1.12.2 -fmacro-prefix-map=C:/ap13-dcb/gnupg-core-01/builds/libgcrypt-1.12.2-1-02=/usr/src/debug/libgcrypt-1.12.2 -ffile-prefix-map=C:/ag-e138920f/tc-cpp-guard-01=/usr/src/toolchain -fdebug-prefix-map=C:/ag-e138920f/tc-cpp-guard-01=/usr/src/toolchain -fmacro-prefix-map=C:/ag-e138920f/tc-cpp-guard-01=/usr/src/toolchain -ffile-prefix-map=C:/ap10-ca5f/git-full-01/bootstrap=/usr -fdebug-prefix-map=C:/ap10-ca5f/git-full-01/bootstrap=/usr -fmacro-prefix-map=C:/ap10-ca5f/git-full-01/bootstrap=/usr -fno-delete-null-pointer-checks -Wall -MT mpi-div.lo -MD -MP -MF .deps/mpi-div.Tpo -c -o mpi-div.lo mpi-div.c
libtool: compile:  gcc -DHAVE_CONFIG_H -I. -I.. -I../src -I../src -I/c/ap13-dcb/gnupg-core-01/builds/libgcrypt-1.12.2-1-02/sdk/usr/include -O2 -g -std=gnu17 -fstack-protector-strong -ffile-prefix-map=C:/ap13-dcb/gnupg-core-01/builds/libgcrypt-1.12.2-1-02=/usr/src/debug/libgcrypt-1.12.2 -fdebug-prefix-map=C:/ap13-dcb/gnupg-core-01/builds/libgcrypt-1.12.2-1-02=/usr/src/debug/libgcrypt-1.12.2 -fmacro-prefix-map=C:/ap13-dcb/gnupg-core-01/builds/libgcrypt-1.12.2-1-02=/usr/src/debug/libgcrypt-1.12.2 -ffile-prefix-map=C:/ag-e138920f/tc-cpp-guard-01=/usr/src/toolchain -fdebug-prefix-map=C:/ag-e138920f/tc-cpp-guard-01=/usr/src/toolchain -fmacro-prefix-map=C:/ag-e138920f/tc-cpp-guard-01=/usr/src/toolchain -ffile-prefix-map=C:/ap10-ca5f/git-full-01/bootstrap=/usr -fdebug-prefix-map=C:/ap10-ca5f/git-full-01/bootstrap=/usr -fmacro-prefix-map=C:/ap10-ca5f/git-full-01/bootstrap=/usr -fno-delete-null-pointer-checks -Wall -MT mpi-div.lo -MD -MP -MF .deps/mpi-div.Tpo -c mpi-div.c  -DDLL_EXPORT -DPIC -o .libs/mpi-div.o
libtool: compile:  gcc -DHAVE_CONFIG_H -I. -I.. -I../src -I../src -I/c/ap13-dcb/gnupg-core-01/builds/libgcrypt-1.12.2-1-02/sdk/usr/include -O2 -g -std=gnu17 -fstack-protector-strong -ffile-prefix-map=C:/ap13-dcb/gnupg-core-01/builds/libgcrypt-1.12.2-1-02=/usr/src/debug/libgcrypt-1.12.2 -fdebug-prefix-map=C:/ap13-dcb/gnupg-core-01/builds/libgcrypt-1.12.2-1-02=/usr/src/debug/libgcrypt-1.12.2 -fmacro-prefix-map=C:/ap13-dcb/gnupg-core-01/builds/libgcrypt-1.12.2-1-02=/usr/src/debug/libgcrypt-1.12.2 -ffile-prefix-map=C:/ag-e138920f/tc-cpp-guard-01=/usr/src/toolchain -fdebug-prefix-map=C:/ag-e138920f/tc-cpp-guard-01=/usr/src/toolchain -fmacro-prefix-map=C:/ag-e138920f/tc-cpp-guard-01=/usr/src/toolchain -ffile-prefix-map=C:/ap10-ca5f/git-full-01/bootstrap=/usr -fdebug-prefix-map=C:/ap10-ca5f/git-full-01/bootstrap=/usr -fmacro-prefix-map=C:/ap10-ca5f/git-full-01/bootstrap=/usr -fno-delete-null-pointer-checks -Wall -MT mpi-div.lo -MD -MP -MF .deps/mpi-div.Tpo -c mpi-div.c -o mpi-div.o >/dev/null 2>&1
mv -f .deps/mpi-div.Tpo .deps/mpi-div.Plo
/bin/sh ../libtool  --tag=CC   --mode=compile gcc -DHAVE_CONFIG_H -I. -I..  -I../src -I../src -I/c/ap13-dcb/gnupg-core-01/builds/libgcrypt-1.12.2-1-02/sdk/usr/include  -O2 -g -std=gnu17 -fstack-protector-strong -ffile-prefix-map=C:/ap13-dcb/gnupg-core-01/builds/libgcrypt-1.12.2-1-02=/usr/src/debug/libgcrypt-1.12.2 -fdebug-prefix-map=C:/ap13-dcb/gnupg-core-01/builds/libgcrypt-1.12.2-1-02=/usr/src/debug/libgcrypt-1.12.2 -fmacro-prefix-map=C:/ap13-dcb/gnupg-core-01/builds/libgcrypt-1.12.2-1-02=/usr/src/debug/libgcrypt-1.12.2 -ffile-prefix-map=C:/ag-e138920f/tc-cpp-guard-01=/usr/src/toolchain -fdebug-prefix-map=C:/ag-e138920f/tc-cpp-guard-01=/usr/src/toolchain -fmacro-prefix-map=C:/ag-e138920f/tc-cpp-guard-01=/usr/src/toolchain -ffile-prefix-map=C:/ap10-ca5f/git-full-01/bootstrap=/usr -fdebug-prefix-map=C:/ap10-ca5f/git-full-01/bootstrap=/usr -fmacro-prefix-map=C:/ap10-ca5f/git-full-01/bootstrap=/usr -fno-delete-null-pointer-checks -Wall -MT mpi-gcd.lo -MD -MP -MF .deps/mpi-gcd.Tpo -c -o mpi-gcd.lo mpi-gcd.c
libtool: compile:  gcc -DHAVE_CONFIG_H -I. -I.. -I../src -I../src -I/c/ap13-dcb/gnupg-core-01/builds/libgcrypt-1.12.2-1-02/sdk/usr/include -O2 -g -std=gnu17 -fstack-protector-strong -ffile-prefix-map=C:/ap13-dcb/gnupg-core-01/builds/libgcrypt-1.12.2-1-02=/usr/src/debug/libgcrypt-1.12.2 -fdebug-prefix-map=C:/ap13-dcb/gnupg-core-01/builds/libgcrypt-1.12.2-1-02=/usr/src/debug/libgcrypt-1.12.2 -fmacro-prefix-map=C:/ap13-dcb/gnupg-core-01/builds/libgcrypt-1.12.2-1-02=/usr/src/debug/libgcrypt-1.12.2 -ffile-prefix-map=C:/ag-e138920f/tc-cpp-guard-01=/usr/src/toolchain -fdebug-prefix-map=C:/ag-e138920f/tc-cpp-guard-01=/usr/src/toolchain -fmacro-prefix-map=C:/ag-e138920f/tc-cpp-guard-01=/usr/src/toolchain -ffile-prefix-map=C:/ap10-ca5f/git-full-01/bootstrap=/usr -fdebug-prefix-map=C:/ap10-ca5f/git-full-01/bootstrap=/usr -fmacro-prefix-map=C:/ap10-ca5f/git-full-01/bootstrap=/usr -fno-delete-null-pointer-checks -Wall -MT mpi-gcd.lo -MD -MP -MF .deps/mpi-gcd.Tpo -c mpi-gcd.c  -DDLL_EXPORT -DPIC -o .libs/mpi-gcd.o
libtool: compile:  gcc -DHAVE_CONFIG_H -I. -I.. -I../src -I../src -I/c/ap13-dcb/gnupg-core-01/builds/libgcrypt-1.12.2-1-02/sdk/usr/include -O2 -g -std=gnu17 -fstack-protector-strong -ffile-prefix-map=C:/ap13-dcb/gnupg-core-01/builds/libgcrypt-1.12.2-1-02=/usr/src/debug/libgcrypt-1.12.2 -fdebug-prefix-map=C:/ap13-dcb/gnupg-core-01/builds/libgcrypt-1.12.2-1-02=/usr/src/debug/libgcrypt-1.12.2 -fmacro-prefix-map=C:/ap13-dcb/gnupg-core-01/builds/libgcrypt-1.12.2-1-02=/usr/src/debug/libgcrypt-1.12.2 -ffile-prefix-map=C:/ag-e138920f/tc-cpp-guard-01=/usr/src/toolchain -fdebug-prefix-map=C:/ag-e138920f/tc-cpp-guard-01=/usr/src/toolchain -fmacro-prefix-map=C:/ag-e138920f/tc-cpp-guard-01=/usr/src/toolchain -ffile-prefix-map=C:/ap10-ca5f/git-full-01/bootstrap=/usr -fdebug-prefix-map=C:/ap10-ca5f/git-full-01/bootstrap=/usr -fmacro-prefix-map=C:/ap10-ca5f/git-full-01/bootstrap=/usr -fno-delete-null-pointer-checks -Wall -MT mpi-gcd.lo -MD -MP -MF .deps/mpi-gcd.Tpo -c mpi-gcd.c -o mpi-gcd.o >/dev/null 2>&1
mv -f .deps/mpi-gcd.Tpo .deps/mpi-gcd.Plo
/bin/sh ../libtool  --tag=CC   --mode=compile gcc -DHAVE_CONFIG_H -I. -I..  -I../src -I../src -I/c/ap13-dcb/gnupg-core-01/builds/libgcrypt-1.12.2-1-02/sdk/usr/include  -O2 -g -std=gnu17 -fstack-protector-strong -ffile-prefix-map=C:/ap13-dcb/gnupg-core-01/builds/libgcrypt-1.12.2-1-02=/usr/src/debug/libgcrypt-1.12.2 -fdebug-prefix-map=C:/ap13-dcb/gnupg-core-01/builds/libgcrypt-1.12.2-1-02=/usr/src/debug/libgcrypt-1.12.2 -fmacro-prefix-map=C:/ap13-dcb/gnupg-core-01/builds/libgcrypt-1.12.2-1-02=/usr/src/debug/libgcrypt-1.12.2 -ffile-prefix-map=C:/ag-e138920f/tc-cpp-guard-01=/usr/src/toolchain -fdebug-prefix-map=C:/ag-e138920f/tc-cpp-guard-01=/usr/src/toolchain -fmacro-prefix-map=C:/ag-e138920f/tc-cpp-guard-01=/usr/src/toolchain -ffile-prefix-map=C:/ap10-ca5f/git-full-01/bootstrap=/usr -fdebug-prefix-map=C:/ap10-ca5f/git-full-01/bootstrap=/usr -fmacro-prefix-map=C:/ap10-ca5f/git-full-01/bootstrap=/usr -fno-delete-null-pointer-checks -Wall -MT mpi-inline.lo -MD -MP -MF .deps/mpi-inline.Tpo -c -o mpi-inline.lo mpi-inline.c
libtool: compile:  gcc -DHAVE_CONFIG_H -I. -I.. -I../src -I../src -I/c/ap13-dcb/gnupg-core-01/builds/libgcrypt-1.12.2-1-02/sdk/usr/include -O2 -g -std=gnu17 -fstack-protector-strong -ffile-prefix-map=C:/ap13-dcb/gnupg-core-01/builds/libgcrypt-1.12.2-1-02=/usr/src/debug/libgcrypt-1.12.2 -fdebug-prefix-map=C:/ap13-dcb/gnupg-core-01/builds/libgcrypt-1.12.2-1-02=/usr/src/debug/libgcrypt-1.12.2 -fmacro-prefix-map=C:/ap13-dcb/gnupg-core-01/builds/libgcrypt-1.12.2-1-02=/usr/src/debug/libgcrypt-1.12.2 -ffile-prefix-map=C:/ag-e138920f/tc-cpp-guard-01=/usr/src/toolchain -fdebug-prefix-map=C:/ag-e138920f/tc-cpp-guard-01=/usr/src/toolchain -fmacro-prefix-map=C:/ag-e138920f/tc-cpp-guard-01=/usr/src/toolchain -ffile-prefix-map=C:/ap10-ca5f/git-full-01/bootstrap=/usr -fdebug-prefix-map=C:/ap10-ca5f/git-full-01/bootstrap=/usr -fmacro-prefix-map=C:/ap10-ca5f/git-full-01/bootstrap=/usr -fno-delete-null-pointer-checks -Wall -MT mpi-inline.lo -MD -MP -MF .deps/mpi-inline.Tpo -c mpi-inline.c  -DDLL_EXPORT -DPIC -o .libs/mpi-inline.o
libtool: compile:  gcc -DHAVE_CONFIG_H -I. -I.. -I../src -I../src -I/c/ap13-dcb/gnupg-core-01/builds/libgcrypt-1.12.2-1-02/sdk/usr/include -O2 -g -std=gnu17 -fstack-protector-strong -ffile-prefix-map=C:/ap13-dcb/gnupg-core-01/builds/libgcrypt-1.12.2-1-02=/usr/src/debug/libgcrypt-1.12.2 -fdebug-prefix-map=C:/ap13-dcb/gnupg-core-01/builds/libgcrypt-1.12.2-1-02=/usr/src/debug/libgcrypt-1.12.2 -fmacro-prefix-map=C:/ap13-dcb/gnupg-core-01/builds/libgcrypt-1.12.2-1-02=/usr/src/debug/libgcrypt-1.12.2 -ffile-prefix-map=C:/ag-e138920f/tc-cpp-guard-01=/usr/src/toolchain -fdebug-prefix-map=C:/ag-e138920f/tc-cpp-guard-01=/usr/src/toolchain -fmacro-prefix-map=C:/ag-e138920f/tc-cpp-guard-01=/usr/src/toolchain -ffile-prefix-map=C:/ap10-ca5f/git-full-01/bootstrap=/usr -fdebug-prefix-map=C:/ap10-ca5f/git-full-01/bootstrap=/usr -fmacro-prefix-map=C:/ap10-ca5f/git-full-01/bootstrap=/usr -fno-delete-null-pointer-checks -Wall -MT mpi-inline.lo -MD -MP -MF .deps/mpi-inline.Tpo -c mpi-inline.c -o mpi-inline.o >/dev/null 2>&1
mv -f .deps/mpi-inline.Tpo .deps/mpi-inline.Plo
/bin/sh ../libtool  --tag=CC   --mode=compile gcc -DHAVE_CONFIG_H -I. -I..  -I../src -I../src -I/c/ap13-dcb/gnupg-core-01/builds/libgcrypt-1.12.2-1-02/sdk/usr/include  -O2 -g -std=gnu17 -fstack-protector-strong -ffile-prefix-map=C:/ap13-dcb/gnupg-core-01/builds/libgcrypt-1.12.2-1-02=/usr/src/debug/libgcrypt-1.12.2 -fdebug-prefix-map=C:/ap13-dcb/gnupg-core-01/builds/libgcrypt-1.12.2-1-02=/usr/src/debug/libgcrypt-1.12.2 -fmacro-prefix-map=C:/ap13-dcb/gnupg-core-01/builds/libgcrypt-1.12.2-1-02=/usr/src/debug/libgcrypt-1.12.2 -ffile-prefix-map=C:/ag-e138920f/tc-cpp-guard-01=/usr/src/toolchain -fdebug-prefix-map=C:/ag-e138920f/tc-cpp-guard-01=/usr/src/toolchain -fmacro-prefix-map=C:/ag-e138920f/tc-cpp-guard-01=/usr/src/toolchain -ffile-prefix-map=C:/ap10-ca5f/git-full-01/bootstrap=/usr -fdebug-prefix-map=C:/ap10-ca5f/git-full-01/bootstrap=/usr -fmacro-prefix-map=C:/ap10-ca5f/git-full-01/bootstrap=/usr -fno-delete-null-pointer-checks -Wall -MT mpi-inv.lo -MD -MP -MF .deps/mpi-inv.Tpo -c -o mpi-inv.lo mpi-inv.c
libtool: compile:  gcc -DHAVE_CONFIG_H -I. -I.. -I../src -I../src -I/c/ap13-dcb/gnupg-core-01/builds/libgcrypt-1.12.2-1-02/sdk/usr/include -O2 -g -std=gnu17 -fstack-protector-strong -ffile-prefix-map=C:/ap13-dcb/gnupg-core-01/builds/libgcrypt-1.12.2-1-02=/usr/src/debug/libgcrypt-1.12.2 -fdebug-prefix-map=C:/ap13-dcb/gnupg-core-01/builds/libgcrypt-1.12.2-1-02=/usr/src/debug/libgcrypt-1.12.2 -fmacro-prefix-map=C:/ap13-dcb/gnupg-core-01/builds/libgcrypt-1.12.2-1-02=/usr/src/debug/libgcrypt-1.12.2 -ffile-prefix-map=C:/ag-e138920f/tc-cpp-guard-01=/usr/src/toolchain -fdebug-prefix-map=C:/ag-e138920f/tc-cpp-guard-01=/usr/src/toolchain -fmacro-prefix-map=C:/ag-e138920f/tc-cpp-guard-01=/usr/src/toolchain -ffile-prefix-map=C:/ap10-ca5f/git-full-01/bootstrap=/usr -fdebug-prefix-map=C:/ap10-ca5f/git-full-01/bootstrap=/usr -fmacro-prefix-map=C:/ap10-ca5f/git-full-01/bootstrap=/usr -fno-delete-null-pointer-checks -Wall -MT mpi-inv.lo -MD -MP -MF .deps/mpi-inv.Tpo -c mpi-inv.c  -DDLL_EXPORT -DPIC -o .libs/mpi-inv.o
libtool: compile:  gcc -DHAVE_CONFIG_H -I. -I.. -I../src -I../src -I/c/ap13-dcb/gnupg-core-01/builds/libgcrypt-1.12.2-1-02/sdk/usr/include -O2 -g -std=gnu17 -fstack-protector-strong -ffile-prefix-map=C:/ap13-dcb/gnupg-core-01/builds/libgcrypt-1.12.2-1-02=/usr/src/debug/libgcrypt-1.12.2 -fdebug-prefix-map=C:/ap13-dcb/gnupg-core-01/builds/libgcrypt-1.12.2-1-02=/usr/src/debug/libgcrypt-1.12.2 -fmacro-prefix-map=C:/ap13-dcb/gnupg-core-01/builds/libgcrypt-1.12.2-1-02=/usr/src/debug/libgcrypt-1.12.2 -ffile-prefix-map=C:/ag-e138920f/tc-cpp-guard-01=/usr/src/toolchain -fdebug-prefix-map=C:/ag-e138920f/tc-cpp-guard-01=/usr/src/toolchain -fmacro-prefix-map=C:/ag-e138920f/tc-cpp-guard-01=/usr/src/toolchain -ffile-prefix-map=C:/ap10-ca5f/git-full-01/bootstrap=/usr -fdebug-prefix-map=C:/ap10-ca5f/git-full-01/bootstrap=/usr -fmacro-prefix-map=C:/ap10-ca5f/git-full-01/bootstrap=/usr -fno-delete-null-pointer-checks -Wall -MT mpi-inv.lo -MD -MP -MF .deps/mpi-inv.Tpo -c mpi-inv.c -o mpi-inv.o >/dev/null 2>&1
mv -f .deps/mpi-inv.Tpo .deps/mpi-inv.Plo
/bin/sh ../libtool  --tag=CC   --mode=compile gcc -DHAVE_CONFIG_H -I. -I..  -I../src -I../src -I/c/ap13-dcb/gnupg-core-01/builds/libgcrypt-1.12.2-1-02/sdk/usr/include  -O2 -g -std=gnu17 -fstack-protector-strong -ffile-prefix-map=C:/ap13-dcb/gnupg-core-01/builds/libgcrypt-1.12.2-1-02=/usr/src/debug/libgcrypt-1.12.2 -fdebug-prefix-map=C:/ap13-dcb/gnupg-core-01/builds/libgcrypt-1.12.2-1-02=/usr/src/debug/libgcrypt-1.12.2 -fmacro-prefix-map=C:/ap13-dcb/gnupg-core-01/builds/libgcrypt-1.12.2-1-02=/usr/src/debug/libgcrypt-1.12.2 -ffile-prefix-map=C:/ag-e138920f/tc-cpp-guard-01=/usr/src/toolchain -fdebug-prefix-map=C:/ag-e138920f/tc-cpp-guard-01=/usr/src/toolchain -fmacro-prefix-map=C:/ag-e138920f/tc-cpp-guard-01=/usr/src/toolchain -ffile-prefix-map=C:/ap10-ca5f/git-full-01/bootstrap=/usr -fdebug-prefix-map=C:/ap10-ca5f/git-full-01/bootstrap=/usr -fmacro-prefix-map=C:/ap10-ca5f/git-full-01/bootstrap=/usr -fno-delete-null-pointer-checks -Wall -MT mpi-mul.lo -MD -MP -MF .deps/mpi-mul.Tpo -c -o mpi-mul.lo mpi-mul.c
libtool: compile:  gcc -DHAVE_CONFIG_H -I. -I.. -I../src -I../src -I/c/ap13-dcb/gnupg-core-01/builds/libgcrypt-1.12.2-1-02/sdk/usr/include -O2 -g -std=gnu17 -fstack-protector-strong -ffile-prefix-map=C:/ap13-dcb/gnupg-core-01/builds/libgcrypt-1.12.2-1-02=/usr/src/debug/libgcrypt-1.12.2 -fdebug-prefix-map=C:/ap13-dcb/gnupg-core-01/builds/libgcrypt-1.12.2-1-02=/usr/src/debug/libgcrypt-1.12.2 -fmacro-prefix-map=C:/ap13-dcb/gnupg-core-01/builds/libgcrypt-1.12.2-1-02=/usr/src/debug/libgcrypt-1.12.2 -ffile-prefix-map=C:/ag-e138920f/tc-cpp-guard-01=/usr/src/toolchain -fdebug-prefix-map=C:/ag-e138920f/tc-cpp-guard-01=/usr/src/toolchain -fmacro-prefix-map=C:/ag-e138920f/tc-cpp-guard-01=/usr/src/toolchain -ffile-prefix-map=C:/ap10-ca5f/git-full-01/bootstrap=/usr -fdebug-prefix-map=C:/ap10-ca5f/git-full-01/bootstrap=/usr -fmacro-prefix-map=C:/ap10-ca5f/git-full-01/bootstrap=/usr -fno-delete-null-pointer-checks -Wall -MT mpi-mul.lo -MD -MP -MF .deps/mpi-mul.Tpo -c mpi-mul.c  -DDLL_EXPORT -DPIC -o .libs/mpi-mul.o
libtool: compile:  gcc -DHAVE_CONFIG_H -I. -I.. -I../src -I../src -I/c/ap13-dcb/gnupg-core-01/builds/libgcrypt-1.12.2-1-02/sdk/usr/include -O2 -g -std=gnu17 -fstack-protector-strong -ffile-prefix-map=C:/ap13-dcb/gnupg-core-01/builds/libgcrypt-1.12.2-1-02=/usr/src/debug/libgcrypt-1.12.2 -fdebug-prefix-map=C:/ap13-dcb/gnupg-core-01/builds/libgcrypt-1.12.2-1-02=/usr/src/debug/libgcrypt-1.12.2 -fmacro-prefix-map=C:/ap13-dcb/gnupg-core-01/builds/libgcrypt-1.12.2-1-02=/usr/src/debug/libgcrypt-1.12.2 -ffile-prefix-map=C:/ag-e138920f/tc-cpp-guard-01=/usr/src/toolchain -fdebug-prefix-map=C:/ag-e138920f/tc-cpp-guard-01=/usr/src/toolchain -fmacro-prefix-map=C:/ag-e138920f/tc-cpp-guard-01=/usr/src/toolchain -ffile-prefix-map=C:/ap10-ca5f/git-full-01/bootstrap=/usr -fdebug-prefix-map=C:/ap10-ca5f/git-full-01/bootstrap=/usr -fmacro-prefix-map=C:/ap10-ca5f/git-full-01/bootstrap=/usr -fno-delete-null-pointer-checks -Wall -MT mpi-mul.lo -MD -MP -MF .deps/mpi-mul.Tpo -c mpi-mul.c -o mpi-mul.o >/dev/null 2>&1
mv -f .deps/mpi-mul.Tpo .deps/mpi-mul.Plo
/bin/sh ../libtool  --tag=CC   --mode=compile gcc -DHAVE_CONFIG_H -I. -I..  -I../src -I../src -I/c/ap13-dcb/gnupg-core-01/builds/libgcrypt-1.12.2-1-02/sdk/usr/include  -O2 -g -std=gnu17 -fstack-protector-strong -ffile-prefix-map=C:/ap13-dcb/gnupg-core-01/builds/libgcrypt-1.12.2-1-02=/usr/src/debug/libgcrypt-1.12.2 -fdebug-prefix-map=C:/ap13-dcb/gnupg-core-01/builds/libgcrypt-1.12.2-1-02=/usr/src/debug/libgcrypt-1.12.2 -fmacro-prefix-map=C:/ap13-dcb/gnupg-core-01/builds/libgcrypt-1.12.2-1-02=/usr/src/debug/libgcrypt-1.12.2 -ffile-prefix-map=C:/ag-e138920f/tc-cpp-guard-01=/usr/src/toolchain -fdebug-prefix-map=C:/ag-e138920f/tc-cpp-guard-01=/usr/src/toolchain -fmacro-prefix-map=C:/ag-e138920f/tc-cpp-guard-01=/usr/src/toolchain -ffile-prefix-map=C:/ap10-ca5f/git-full-01/bootstrap=/usr -fdebug-prefix-map=C:/ap10-ca5f/git-full-01/bootstrap=/usr -fmacro-prefix-map=C:/ap10-ca5f/git-full-01/bootstrap=/usr -fno-delete-null-pointer-checks -Wall -MT mpi-mod.lo -MD -MP -MF .deps/mpi-mod.Tpo -c -o mpi-mod.lo mpi-mod.c
libtool: compile:  gcc -DHAVE_CONFIG_H -I. -I.. -I../src -I../src -I/c/ap13-dcb/gnupg-core-01/builds/libgcrypt-1.12.2-1-02/sdk/usr/include -O2 -g -std=gnu17 -fstack-protector-strong -ffile-prefix-map=C:/ap13-dcb/gnupg-core-01/builds/libgcrypt-1.12.2-1-02=/usr/src/debug/libgcrypt-1.12.2 -fdebug-prefix-map=C:/ap13-dcb/gnupg-core-01/builds/libgcrypt-1.12.2-1-02=/usr/src/debug/libgcrypt-1.12.2 -fmacro-prefix-map=C:/ap13-dcb/gnupg-core-01/builds/libgcrypt-1.12.2-1-02=/usr/src/debug/libgcrypt-1.12.2 -ffile-prefix-map=C:/ag-e138920f/tc-cpp-guard-01=/usr/src/toolchain -fdebug-prefix-map=C:/ag-e138920f/tc-cpp-guard-01=/usr/src/toolchain -fmacro-prefix-map=C:/ag-e138920f/tc-cpp-guard-01=/usr/src/toolchain -ffile-prefix-map=C:/ap10-ca5f/git-full-01/bootstrap=/usr -fdebug-prefix-map=C:/ap10-ca5f/git-full-01/bootstrap=/usr -fmacro-prefix-map=C:/ap10-ca5f/git-full-01/bootstrap=/usr -fno-delete-null-pointer-checks -Wall -MT mpi-mod.lo -MD -MP -MF .deps/mpi-mod.Tpo -c mpi-mod.c  -DDLL_EXPORT -DPIC -o .libs/mpi-mod.o
libtool: compile:  gcc -DHAVE_CONFIG_H -I. -I.. -I../src -I../src -I/c/ap13-dcb/gnupg-core-01/builds/libgcrypt-1.12.2-1-02/sdk/usr/include -O2 -g -std=gnu17 -fstack-protector-strong -ffile-prefix-map=C:/ap13-dcb/gnupg-core-01/builds/libgcrypt-1.12.2-1-02=/usr/src/debug/libgcrypt-1.12.2 -fdebug-prefix-map=C:/ap13-dcb/gnupg-core-01/builds/libgcrypt-1.12.2-1-02=/usr/src/debug/libgcrypt-1.12.2 -fmacro-prefix-map=C:/ap13-dcb/gnupg-core-01/builds/libgcrypt-1.12.2-1-02=/usr/src/debug/libgcrypt-1.12.2 -ffile-prefix-map=C:/ag-e138920f/tc-cpp-guard-01=/usr/src/toolchain -fdebug-prefix-map=C:/ag-e138920f/tc-cpp-guard-01=/usr/src/toolchain -fmacro-prefix-map=C:/ag-e138920f/tc-cpp-guard-01=/usr/src/toolchain -ffile-prefix-map=C:/ap10-ca5f/git-full-01/bootstrap=/usr -fdebug-prefix-map=C:/ap10-ca5f/git-full-01/bootstrap=/usr -fmacro-prefix-map=C:/ap10-ca5f/git-full-01/bootstrap=/usr -fno-delete-null-pointer-checks -Wall -MT mpi-mod.lo -MD -MP -MF .deps/mpi-mod.Tpo -c mpi-mod.c -o mpi-mod.o >/dev/null 2>&1
mv -f .deps/mpi-mod.Tpo .deps/mpi-mod.Plo
/bin/sh ../libtool  --tag=CC   --mode=compile gcc -DHAVE_CONFIG_H -I. -I..  -I../src -I../src -I/c/ap13-dcb/gnupg-core-01/builds/libgcrypt-1.12.2-1-02/sdk/usr/include  -O2 -g -std=gnu17 -fstack-protector-strong -ffile-prefix-map=C:/ap13-dcb/gnupg-core-01/builds/libgcrypt-1.12.2-1-02=/usr/src/debug/libgcrypt-1.12.2 -fdebug-prefix-map=C:/ap13-dcb/gnupg-core-01/builds/libgcrypt-1.12.2-1-02=/usr/src/debug/libgcrypt-1.12.2 -fmacro-prefix-map=C:/ap13-dcb/gnupg-core-01/builds/libgcrypt-1.12.2-1-02=/usr/src/debug/libgcrypt-1.12.2 -ffile-prefix-map=C:/ag-e138920f/tc-cpp-guard-01=/usr/src/toolchain -fdebug-prefix-map=C:/ag-e138920f/tc-cpp-guard-01=/usr/src/toolchain -fmacro-prefix-map=C:/ag-e138920f/tc-cpp-guard-01=/usr/src/toolchain -ffile-prefix-map=C:/ap10-ca5f/git-full-01/bootstrap=/usr -fdebug-prefix-map=C:/ap10-ca5f/git-full-01/bootstrap=/usr -fmacro-prefix-map=C:/ap10-ca5f/git-full-01/bootstrap=/usr -fno-delete-null-pointer-checks -Wall -MT mpi-pow.lo -MD -MP -MF .deps/mpi-pow.Tpo -c -o mpi-pow.lo mpi-pow.c
libtool: compile:  gcc -DHAVE_CONFIG_H -I. -I.. -I../src -I../src -I/c/ap13-dcb/gnupg-core-01/builds/libgcrypt-1.12.2-1-02/sdk/usr/include -O2 -g -std=gnu17 -fstack-protector-strong -ffile-prefix-map=C:/ap13-dcb/gnupg-core-01/builds/libgcrypt-1.12.2-1-02=/usr/src/debug/libgcrypt-1.12.2 -fdebug-prefix-map=C:/ap13-dcb/gnupg-core-01/builds/libgcrypt-1.12.2-1-02=/usr/src/debug/libgcrypt-1.12.2 -fmacro-prefix-map=C:/ap13-dcb/gnupg-core-01/builds/libgcrypt-1.12.2-1-02=/usr/src/debug/libgcrypt-1.12.2 -ffile-prefix-map=C:/ag-e138920f/tc-cpp-guard-01=/usr/src/toolchain -fdebug-prefix-map=C:/ag-e138920f/tc-cpp-guard-01=/usr/src/toolchain -fmacro-prefix-map=C:/ag-e138920f/tc-cpp-guard-01=/usr/src/toolchain -ffile-prefix-map=C:/ap10-ca5f/git-full-01/bootstrap=/usr -fdebug-prefix-map=C:/ap10-ca5f/git-full-01/bootstrap=/usr -fmacro-prefix-map=C:/ap10-ca5f/git-full-01/bootstrap=/usr -fno-delete-null-pointer-checks -Wall -MT mpi-pow.lo -MD -MP -MF .deps/mpi-pow.Tpo -c mpi-pow.c  -DDLL_EXPORT -DPIC -o .libs/mpi-pow.o
libtool: compile:  gcc -DHAVE_CONFIG_H -I. -I.. -I../src -I../src -I/c/ap13-dcb/gnupg-core-01/builds/libgcrypt-1.12.2-1-02/sdk/usr/include -O2 -g -std=gnu17 -fstack-protector-strong -ffile-prefix-map=C:/ap13-dcb/gnupg-core-01/builds/libgcrypt-1.12.2-1-02=/usr/src/debug/libgcrypt-1.12.2 -fdebug-prefix-map=C:/ap13-dcb/gnupg-core-01/builds/libgcrypt-1.12.2-1-02=/usr/src/debug/libgcrypt-1.12.2 -fmacro-prefix-map=C:/ap13-dcb/gnupg-core-01/builds/libgcrypt-1.12.2-1-02=/usr/src/debug/libgcrypt-1.12.2 -ffile-prefix-map=C:/ag-e138920f/tc-cpp-guard-01=/usr/src/toolchain -fdebug-prefix-map=C:/ag-e138920f/tc-cpp-guard-01=/usr/src/toolchain -fmacro-prefix-map=C:/ag-e138920f/tc-cpp-guard-01=/usr/src/toolchain -ffile-prefix-map=C:/ap10-ca5f/git-full-01/bootstrap=/usr -fdebug-prefix-map=C:/ap10-ca5f/git-full-01/bootstrap=/usr -fmacro-prefix-map=C:/ap10-ca5f/git-full-01/bootstrap=/usr -fno-delete-null-pointer-checks -Wall -MT mpi-pow.lo -MD -MP -MF .deps/mpi-pow.Tpo -c mpi-pow.c -o mpi-pow.o >/dev/null 2>&1
mv -f .deps/mpi-pow.Tpo .deps/mpi-pow.Plo
/bin/sh ../libtool  --tag=CC   --mode=compile gcc -DHAVE_CONFIG_H -I. -I..  -I../src -I../src -I/c/ap13-dcb/gnupg-core-01/builds/libgcrypt-1.12.2-1-02/sdk/usr/include  -O2 -g -std=gnu17 -fstack-protector-strong -ffile-prefix-map=C:/ap13-dcb/gnupg-core-01/builds/libgcrypt-1.12.2-1-02=/usr/src/debug/libgcrypt-1.12.2 -fdebug-prefix-map=C:/ap13-dcb/gnupg-core-01/builds/libgcrypt-1.12.2-1-02=/usr/src/debug/libgcrypt-1.12.2 -fmacro-prefix-map=C:/ap13-dcb/gnupg-core-01/builds/libgcrypt-1.12.2-1-02=/usr/src/debug/libgcrypt-1.12.2 -ffile-prefix-map=C:/ag-e138920f/tc-cpp-guard-01=/usr/src/toolchain -fdebug-prefix-map=C:/ag-e138920f/tc-cpp-guard-01=/usr/src/toolchain -fmacro-prefix-map=C:/ag-e138920f/tc-cpp-guard-01=/usr/src/toolchain -ffile-prefix-map=C:/ap10-ca5f/git-full-01/bootstrap=/usr -fdebug-prefix-map=C:/ap10-ca5f/git-full-01/bootstrap=/usr -fmacro-prefix-map=C:/ap10-ca5f/git-full-01/bootstrap=/usr -fno-delete-null-pointer-checks -Wall -MT mpi-mpow.lo -MD -MP -MF .deps/mpi-mpow.Tpo -c -o mpi-mpow.lo mpi-mpow.c
libtool: compile:  gcc -DHAVE_CONFIG_H -I. -I.. -I../src -I../src -I/c/ap13-dcb/gnupg-core-01/builds/libgcrypt-1.12.2-1-02/sdk/usr/include -O2 -g -std=gnu17 -fstack-protector-strong -ffile-prefix-map=C:/ap13-dcb/gnupg-core-01/builds/libgcrypt-1.12.2-1-02=/usr/src/debug/libgcrypt-1.12.2 -fdebug-prefix-map=C:/ap13-dcb/gnupg-core-01/builds/libgcrypt-1.12.2-1-02=/usr/src/debug/libgcrypt-1.12.2 -fmacro-prefix-map=C:/ap13-dcb/gnupg-core-01/builds/libgcrypt-1.12.2-1-02=/usr/src/debug/libgcrypt-1.12.2 -ffile-prefix-map=C:/ag-e138920f/tc-cpp-guard-01=/usr/src/toolchain -fdebug-prefix-map=C:/ag-e138920f/tc-cpp-guard-01=/usr/src/toolchain -fmacro-prefix-map=C:/ag-e138920f/tc-cpp-guard-01=/usr/src/toolchain -ffile-prefix-map=C:/ap10-ca5f/git-full-01/bootstrap=/usr -fdebug-prefix-map=C:/ap10-ca5f/git-full-01/bootstrap=/usr -fmacro-prefix-map=C:/ap10-ca5f/git-full-01/bootstrap=/usr -fno-delete-null-pointer-checks -Wall -MT mpi-mpow.lo -MD -MP -MF .deps/mpi-mpow.Tpo -c mpi-mpow.c  -DDLL_EXPORT -DPIC -o .libs/mpi-mpow.o
libtool: compile:  gcc -DHAVE_CONFIG_H -I. -I.. -I../src -I../src -I/c/ap13-dcb/gnupg-core-01/builds/libgcrypt-1.12.2-1-02/sdk/usr/include -O2 -g -std=gnu17 -fstack-protector-strong -ffile-prefix-map=C:/ap13-dcb/gnupg-core-01/builds/libgcrypt-1.12.2-1-02=/usr/src/debug/libgcrypt-1.12.2 -fdebug-prefix-map=C:/ap13-dcb/gnupg-core-01/builds/libgcrypt-1.12.2-1-02=/usr/src/debug/libgcrypt-1.12.2 -fmacro-prefix-map=C:/ap13-dcb/gnupg-core-01/builds/libgcrypt-1.12.2-1-02=/usr/src/debug/libgcrypt-1.12.2 -ffile-prefix-map=C:/ag-e138920f/tc-cpp-guard-01=/usr/src/toolchain -fdebug-prefix-map=C:/ag-e138920f/tc-cpp-guard-01=/usr/src/toolchain -fmacro-prefix-map=C:/ag-e138920f/tc-cpp-guard-01=/usr/src/toolchain -ffile-prefix-map=C:/ap10-ca5f/git-full-01/bootstrap=/usr -fdebug-prefix-map=C:/ap10-ca5f/git-full-01/bootstrap=/usr -fmacro-prefix-map=C:/ap10-ca5f/git-full-01/bootstrap=/usr -fno-delete-null-pointer-checks -Wall -MT mpi-mpow.lo -MD -MP -MF .deps/mpi-mpow.Tpo -c mpi-mpow.c -o mpi-mpow.o >/dev/null 2>&1
mv -f .deps/mpi-mpow.Tpo .deps/mpi-mpow.Plo
/bin/sh ../libtool  --tag=CC   --mode=compile gcc -DHAVE_CONFIG_H -I. -I..  -I../src -I../src -I/c/ap13-dcb/gnupg-core-01/builds/libgcrypt-1.12.2-1-02/sdk/usr/include  -O2 -g -std=gnu17 -fstack-protector-strong -ffile-prefix-map=C:/ap13-dcb/gnupg-core-01/builds/libgcrypt-1.12.2-1-02=/usr/src/debug/libgcrypt-1.12.2 -fdebug-prefix-map=C:/ap13-dcb/gnupg-core-01/builds/libgcrypt-1.12.2-1-02=/usr/src/debug/libgcrypt-1.12.2 -fmacro-prefix-map=C:/ap13-dcb/gnupg-core-01/builds/libgcrypt-1.12.2-1-02=/usr/src/debug/libgcrypt-1.12.2 -ffile-prefix-map=C:/ag-e138920f/tc-cpp-guard-01=/usr/src/toolchain -fdebug-prefix-map=C:/ag-e138920f/tc-cpp-guard-01=/usr/src/toolchain -fmacro-prefix-map=C:/ag-e138920f/tc-cpp-guard-01=/usr/src/toolchain -ffile-prefix-map=C:/ap10-ca5f/git-full-01/bootstrap=/usr -fdebug-prefix-map=C:/ap10-ca5f/git-full-01/bootstrap=/usr -fmacro-prefix-map=C:/ap10-ca5f/git-full-01/bootstrap=/usr -fno-delete-null-pointer-checks -Wall -MT mpi-scan.lo -MD -MP -MF .deps/mpi-scan.Tpo -c -o mpi-scan.lo mpi-scan.c
libtool: compile:  gcc -DHAVE_CONFIG_H -I. -I.. -I../src -I../src -I/c/ap13-dcb/gnupg-core-01/builds/libgcrypt-1.12.2-1-02/sdk/usr/include -O2 -g -std=gnu17 -fstack-protector-strong -ffile-prefix-map=C:/ap13-dcb/gnupg-core-01/builds/libgcrypt-1.12.2-1-02=/usr/src/debug/libgcrypt-1.12.2 -fdebug-prefix-map=C:/ap13-dcb/gnupg-core-01/builds/libgcrypt-1.12.2-1-02=/usr/src/debug/libgcrypt-1.12.2 -fmacro-prefix-map=C:/ap13-dcb/gnupg-core-01/builds/libgcrypt-1.12.2-1-02=/usr/src/debug/libgcrypt-1.12.2 -ffile-prefix-map=C:/ag-e138920f/tc-cpp-guard-01=/usr/src/toolchain -fdebug-prefix-map=C:/ag-e138920f/tc-cpp-guard-01=/usr/src/toolchain -fmacro-prefix-map=C:/ag-e138920f/tc-cpp-guard-01=/usr/src/toolchain -ffile-prefix-map=C:/ap10-ca5f/git-full-01/bootstrap=/usr -fdebug-prefix-map=C:/ap10-ca5f/git-full-01/bootstrap=/usr -fmacro-prefix-map=C:/ap10-ca5f/git-full-01/bootstrap=/usr -fno-delete-null-pointer-checks -Wall -MT mpi-scan.lo -MD -MP -MF .deps/mpi-scan.Tpo -c mpi-scan.c  -DDLL_EXPORT -DPIC -o .libs/mpi-scan.o
libtool: compile:  gcc -DHAVE_CONFIG_H -I. -I.. -I../src -I../src -I/c/ap13-dcb/gnupg-core-01/builds/libgcrypt-1.12.2-1-02/sdk/usr/include -O2 -g -std=gnu17 -fstack-protector-strong -ffile-prefix-map=C:/ap13-dcb/gnupg-core-01/builds/libgcrypt-1.12.2-1-02=/usr/src/debug/libgcrypt-1.12.2 -fdebug-prefix-map=C:/ap13-dcb/gnupg-core-01/builds/libgcrypt-1.12.2-1-02=/usr/src/debug/libgcrypt-1.12.2 -fmacro-prefix-map=C:/ap13-dcb/gnupg-core-01/builds/libgcrypt-1.12.2-1-02=/usr/src/debug/libgcrypt-1.12.2 -ffile-prefix-map=C:/ag-e138920f/tc-cpp-guard-01=/usr/src/toolchain -fdebug-prefix-map=C:/ag-e138920f/tc-cpp-guard-01=/usr/src/toolchain -fmacro-prefix-map=C:/ag-e138920f/tc-cpp-guard-01=/usr/src/toolchain -ffile-prefix-map=C:/ap10-ca5f/git-full-01/bootstrap=/usr -fdebug-prefix-map=C:/ap10-ca5f/git-full-01/bootstrap=/usr -fmacro-prefix-map=C:/ap10-ca5f/git-full-01/bootstrap=/usr -fno-delete-null-pointer-checks -Wall -MT mpi-scan.lo -MD -MP -MF .deps/mpi-scan.Tpo -c mpi-scan.c -o mpi-scan.o >/dev/null 2>&1
mv -f .deps/mpi-scan.Tpo .deps/mpi-scan.Plo
/bin/sh ../libtool  --tag=CC   --mode=compile gcc -DHAVE_CONFIG_H -I. -I..  -I../src -I../src -I/c/ap13-dcb/gnupg-core-01/builds/libgcrypt-1.12.2-1-02/sdk/usr/include  -O2 -g -std=gnu17 -fstack-protector-strong -ffile-prefix-map=C:/ap13-dcb/gnupg-core-01/builds/libgcrypt-1.12.2-1-02=/usr/src/debug/libgcrypt-1.12.2 -fdebug-prefix-map=C:/ap13-dcb/gnupg-core-01/builds/libgcrypt-1.12.2-1-02=/usr/src/debug/libgcrypt-1.12.2 -fmacro-prefix-map=C:/ap13-dcb/gnupg-core-01/builds/libgcrypt-1.12.2-1-02=/usr/src/debug/libgcrypt-1.12.2 -ffile-prefix-map=C:/ag-e138920f/tc-cpp-guard-01=/usr/src/toolchain -fdebug-prefix-map=C:/ag-e138920f/tc-cpp-guard-01=/usr/src/toolchain -fmacro-prefix-map=C:/ag-e138920f/tc-cpp-guard-01=/usr/src/toolchain -ffile-prefix-map=C:/ap10-ca5f/git-full-01/bootstrap=/usr -fdebug-prefix-map=C:/ap10-ca5f/git-full-01/bootstrap=/usr -fmacro-prefix-map=C:/ap10-ca5f/git-full-01/bootstrap=/usr -fno-delete-null-pointer-checks -Wall -MT mpicoder.lo -MD -MP -MF .deps/mpicoder.Tpo -c -o mpicoder.lo mpicoder.c
libtool: compile:  gcc -DHAVE_CONFIG_H -I. -I.. -I../src -I../src -I/c/ap13-dcb/gnupg-core-01/builds/libgcrypt-1.12.2-1-02/sdk/usr/include -O2 -g -std=gnu17 -fstack-protector-strong -ffile-prefix-map=C:/ap13-dcb/gnupg-core-01/builds/libgcrypt-1.12.2-1-02=/usr/src/debug/libgcrypt-1.12.2 -fdebug-prefix-map=C:/ap13-dcb/gnupg-core-01/builds/libgcrypt-1.12.2-1-02=/usr/src/debug/libgcrypt-1.12.2 -fmacro-prefix-map=C:/ap13-dcb/gnupg-core-01/builds/libgcrypt-1.12.2-1-02=/usr/src/debug/libgcrypt-1.12.2 -ffile-prefix-map=C:/ag-e138920f/tc-cpp-guard-01=/usr/src/toolchain -fdebug-prefix-map=C:/ag-e138920f/tc-cpp-guard-01=/usr/src/toolchain -fmacro-prefix-map=C:/ag-e138920f/tc-cpp-guard-01=/usr/src/toolchain -ffile-prefix-map=C:/ap10-ca5f/git-full-01/bootstrap=/usr -fdebug-prefix-map=C:/ap10-ca5f/git-full-01/bootstrap=/usr -fmacro-prefix-map=C:/ap10-ca5f/git-full-01/bootstrap=/usr -fno-delete-null-pointer-checks -Wall -MT mpicoder.lo -MD -MP -MF .deps/mpicoder.Tpo -c mpicoder.c  -DDLL_EXPORT -DPIC -o .libs/mpicoder.o
libtool: compile:  gcc -DHAVE_CONFIG_H -I. -I.. -I../src -I../src -I/c/ap13-dcb/gnupg-core-01/builds/libgcrypt-1.12.2-1-02/sdk/usr/include -O2 -g -std=gnu17 -fstack-protector-strong -ffile-prefix-map=C:/ap13-dcb/gnupg-core-01/builds/libgcrypt-1.12.2-1-02=/usr/src/debug/libgcrypt-1.12.2 -fdebug-prefix-map=C:/ap13-dcb/gnupg-core-01/builds/libgcrypt-1.12.2-1-02=/usr/src/debug/libgcrypt-1.12.2 -fmacro-prefix-map=C:/ap13-dcb/gnupg-core-01/builds/libgcrypt-1.12.2-1-02=/usr/src/debug/libgcrypt-1.12.2 -ffile-prefix-map=C:/ag-e138920f/tc-cpp-guard-01=/usr/src/toolchain -fdebug-prefix-map=C:/ag-e138920f/tc-cpp-guard-01=/usr/src/toolchain -fmacro-prefix-map=C:/ag-e138920f/tc-cpp-guard-01=/usr/src/toolchain -ffile-prefix-map=C:/ap10-ca5f/git-full-01/bootstrap=/usr -fdebug-prefix-map=C:/ap10-ca5f/git-full-01/bootstrap=/usr -fmacro-prefix-map=C:/ap10-ca5f/git-full-01/bootstrap=/usr -fno-delete-null-pointer-checks -Wall -MT mpicoder.lo -MD -MP -MF .deps/mpicoder.Tpo -c mpicoder.c -o mpicoder.o >/dev/null 2>&1
mv -f .deps/mpicoder.Tpo .deps/mpicoder.Plo
/bin/sh ../libtool  --tag=CC   --mode=compile gcc -DHAVE_CONFIG_H -I. -I..  -I../src -I../src -I/c/ap13-dcb/gnupg-core-01/builds/libgcrypt-1.12.2-1-02/sdk/usr/include  -O2 -g -std=gnu17 -fstack-protector-strong -ffile-prefix-map=C:/ap13-dcb/gnupg-core-01/builds/libgcrypt-1.12.2-1-02=/usr/src/debug/libgcrypt-1.12.2 -fdebug-prefix-map=C:/ap13-dcb/gnupg-core-01/builds/libgcrypt-1.12.2-1-02=/usr/src/debug/libgcrypt-1.12.2 -fmacro-prefix-map=C:/ap13-dcb/gnupg-core-01/builds/libgcrypt-1.12.2-1-02=/usr/src/debug/libgcrypt-1.12.2 -ffile-prefix-map=C:/ag-e138920f/tc-cpp-guard-01=/usr/src/toolchain -fdebug-prefix-map=C:/ag-e138920f/tc-cpp-guard-01=/usr/src/toolchain -fmacro-prefix-map=C:/ag-e138920f/tc-cpp-guard-01=/usr/src/toolchain -ffile-prefix-map=C:/ap10-ca5f/git-full-01/bootstrap=/usr -fdebug-prefix-map=C:/ap10-ca5f/git-full-01/bootstrap=/usr -fmacro-prefix-map=C:/ap10-ca5f/git-full-01/bootstrap=/usr -fno-delete-null-pointer-checks -Wall -MT mpih-div.lo -MD -MP -MF .deps/mpih-div.Tpo -c -o mpih-div.lo mpih-div.c
libtool: compile:  gcc -DHAVE_CONFIG_H -I. -I.. -I../src -I../src -I/c/ap13-dcb/gnupg-core-01/builds/libgcrypt-1.12.2-1-02/sdk/usr/include -O2 -g -std=gnu17 -fstack-protector-strong -ffile-prefix-map=C:/ap13-dcb/gnupg-core-01/builds/libgcrypt-1.12.2-1-02=/usr/src/debug/libgcrypt-1.12.2 -fdebug-prefix-map=C:/ap13-dcb/gnupg-core-01/builds/libgcrypt-1.12.2-1-02=/usr/src/debug/libgcrypt-1.12.2 -fmacro-prefix-map=C:/ap13-dcb/gnupg-core-01/builds/libgcrypt-1.12.2-1-02=/usr/src/debug/libgcrypt-1.12.2 -ffile-prefix-map=C:/ag-e138920f/tc-cpp-guard-01=/usr/src/toolchain -fdebug-prefix-map=C:/ag-e138920f/tc-cpp-guard-01=/usr/src/toolchain -fmacro-prefix-map=C:/ag-e138920f/tc-cpp-guard-01=/usr/src/toolchain -ffile-prefix-map=C:/ap10-ca5f/git-full-01/bootstrap=/usr -fdebug-prefix-map=C:/ap10-ca5f/git-full-01/bootstrap=/usr -fmacro-prefix-map=C:/ap10-ca5f/git-full-01/bootstrap=/usr -fno-delete-null-pointer-checks -Wall -MT mpih-div.lo -MD -MP -MF .deps/mpih-div.Tpo -c mpih-div.c  -DDLL_EXPORT -DPIC -o .libs/mpih-div.o
libtool: compile:  gcc -DHAVE_CONFIG_H -I. -I.. -I../src -I../src -I/c/ap13-dcb/gnupg-core-01/builds/libgcrypt-1.12.2-1-02/sdk/usr/include -O2 -g -std=gnu17 -fstack-protector-strong -ffile-prefix-map=C:/ap13-dcb/gnupg-core-01/builds/libgcrypt-1.12.2-1-02=/usr/src/debug/libgcrypt-1.12.2 -fdebug-prefix-map=C:/ap13-dcb/gnupg-core-01/builds/libgcrypt-1.12.2-1-02=/usr/src/debug/libgcrypt-1.12.2 -fmacro-prefix-map=C:/ap13-dcb/gnupg-core-01/builds/libgcrypt-1.12.2-1-02=/usr/src/debug/libgcrypt-1.12.2 -ffile-prefix-map=C:/ag-e138920f/tc-cpp-guard-01=/usr/src/toolchain -fdebug-prefix-map=C:/ag-e138920f/tc-cpp-guard-01=/usr/src/toolchain -fmacro-prefix-map=C:/ag-e138920f/tc-cpp-guard-01=/usr/src/toolchain -ffile-prefix-map=C:/ap10-ca5f/git-full-01/bootstrap=/usr -fdebug-prefix-map=C:/ap10-ca5f/git-full-01/bootstrap=/usr -fmacro-prefix-map=C:/ap10-ca5f/git-full-01/bootstrap=/usr -fno-delete-null-pointer-checks -Wall -MT mpih-div.lo -MD -MP -MF .deps/mpih-div.Tpo -c mpih-div.c -o mpih-div.o >/dev/null 2>&1
mv -f .deps/mpih-div.Tpo .deps/mpih-div.Plo
/bin/sh ../libtool  --tag=CC   --mode=compile gcc -DHAVE_CONFIG_H -I. -I..  -I../src -I../src -I/c/ap13-dcb/gnupg-core-01/builds/libgcrypt-1.12.2-1-02/sdk/usr/include  -O2 -g -std=gnu17 -fstack-protector-strong -ffile-prefix-map=C:/ap13-dcb/gnupg-core-01/builds/libgcrypt-1.12.2-1-02=/usr/src/debug/libgcrypt-1.12.2 -fdebug-prefix-map=C:/ap13-dcb/gnupg-core-01/builds/libgcrypt-1.12.2-1-02=/usr/src/debug/libgcrypt-1.12.2 -fmacro-prefix-map=C:/ap13-dcb/gnupg-core-01/builds/libgcrypt-1.12.2-1-02=/usr/src/debug/libgcrypt-1.12.2 -ffile-prefix-map=C:/ag-e138920f/tc-cpp-guard-01=/usr/src/toolchain -fdebug-prefix-map=C:/ag-e138920f/tc-cpp-guard-01=/usr/src/toolchain -fmacro-prefix-map=C:/ag-e138920f/tc-cpp-guard-01=/usr/src/toolchain -ffile-prefix-map=C:/ap10-ca5f/git-full-01/bootstrap=/usr -fdebug-prefix-map=C:/ap10-ca5f/git-full-01/bootstrap=/usr -fmacro-prefix-map=C:/ap10-ca5f/git-full-01/bootstrap=/usr -fno-delete-null-pointer-checks -Wall -MT mpih-mul.lo -MD -MP -MF .deps/mpih-mul.Tpo -c -o mpih-mul.lo mpih-mul.c
libtool: compile:  gcc -DHAVE_CONFIG_H -I. -I.. -I../src -I../src -I/c/ap13-dcb/gnupg-core-01/builds/libgcrypt-1.12.2-1-02/sdk/usr/include -O2 -g -std=gnu17 -fstack-protector-strong -ffile-prefix-map=C:/ap13-dcb/gnupg-core-01/builds/libgcrypt-1.12.2-1-02=/usr/src/debug/libgcrypt-1.12.2 -fdebug-prefix-map=C:/ap13-dcb/gnupg-core-01/builds/libgcrypt-1.12.2-1-02=/usr/src/debug/libgcrypt-1.12.2 -fmacro-prefix-map=C:/ap13-dcb/gnupg-core-01/builds/libgcrypt-1.12.2-1-02=/usr/src/debug/libgcrypt-1.12.2 -ffile-prefix-map=C:/ag-e138920f/tc-cpp-guard-01=/usr/src/toolchain -fdebug-prefix-map=C:/ag-e138920f/tc-cpp-guard-01=/usr/src/toolchain -fmacro-prefix-map=C:/ag-e138920f/tc-cpp-guard-01=/usr/src/toolchain -ffile-prefix-map=C:/ap10-ca5f/git-full-01/bootstrap=/usr -fdebug-prefix-map=C:/ap10-ca5f/git-full-01/bootstrap=/usr -fmacro-prefix-map=C:/ap10-ca5f/git-full-01/bootstrap=/usr -fno-delete-null-pointer-checks -Wall -MT mpih-mul.lo -MD -MP -MF .deps/mpih-mul.Tpo -c mpih-mul.c  -DDLL_EXPORT -DPIC -o .libs/mpih-mul.o
libtool: compile:  gcc -DHAVE_CONFIG_H -I. -I.. -I../src -I../src -I/c/ap13-dcb/gnupg-core-01/builds/libgcrypt-1.12.2-1-02/sdk/usr/include -O2 -g -std=gnu17 -fstack-protector-strong -ffile-prefix-map=C:/ap13-dcb/gnupg-core-01/builds/libgcrypt-1.12.2-1-02=/usr/src/debug/libgcrypt-1.12.2 -fdebug-prefix-map=C:/ap13-dcb/gnupg-core-01/builds/libgcrypt-1.12.2-1-02=/usr/src/debug/libgcrypt-1.12.2 -fmacro-prefix-map=C:/ap13-dcb/gnupg-core-01/builds/libgcrypt-1.12.2-1-02=/usr/src/debug/libgcrypt-1.12.2 -ffile-prefix-map=C:/ag-e138920f/tc-cpp-guard-01=/usr/src/toolchain -fdebug-prefix-map=C:/ag-e138920f/tc-cpp-guard-01=/usr/src/toolchain -fmacro-prefix-map=C:/ag-e138920f/tc-cpp-guard-01=/usr/src/toolchain -ffile-prefix-map=C:/ap10-ca5f/git-full-01/bootstrap=/usr -fdebug-prefix-map=C:/ap10-ca5f/git-full-01/bootstrap=/usr -fmacro-prefix-map=C:/ap10-ca5f/git-full-01/bootstrap=/usr -fno-delete-null-pointer-checks -Wall -MT mpih-mul.lo -MD -MP -MF .deps/mpih-mul.Tpo -c mpih-mul.c -o mpih-mul.o >/dev/null 2>&1
mv -f .deps/mpih-mul.Tpo .deps/mpih-mul.Plo
/bin/sh ../libtool  --tag=CC   --mode=compile gcc -DHAVE_CONFIG_H -I. -I..  -I../src -I../src -I/c/ap13-dcb/gnupg-core-01/builds/libgcrypt-1.12.2-1-02/sdk/usr/include  -O2 -g -std=gnu17 -fstack-protector-strong -ffile-prefix-map=C:/ap13-dcb/gnupg-core-01/builds/libgcrypt-1.12.2-1-02=/usr/src/debug/libgcrypt-1.12.2 -fdebug-prefix-map=C:/ap13-dcb/gnupg-core-01/builds/libgcrypt-1.12.2-1-02=/usr/src/debug/libgcrypt-1.12.2 -fmacro-prefix-map=C:/ap13-dcb/gnupg-core-01/builds/libgcrypt-1.12.2-1-02=/usr/src/debug/libgcrypt-1.12.2 -ffile-prefix-map=C:/ag-e138920f/tc-cpp-guard-01=/usr/src/toolchain -fdebug-prefix-map=C:/ag-e138920f/tc-cpp-guard-01=/usr/src/toolchain -fmacro-prefix-map=C:/ag-e138920f/tc-cpp-guard-01=/usr/src/toolchain -ffile-prefix-map=C:/ap10-ca5f/git-full-01/bootstrap=/usr -fdebug-prefix-map=C:/ap10-ca5f/git-full-01/bootstrap=/usr -fmacro-prefix-map=C:/ap10-ca5f/git-full-01/bootstrap=/usr -fno-delete-null-pointer-checks -Wall -MT mpih-pow.lo -MD -MP -MF .deps/mpih-pow.Tpo -c -o mpih-pow.lo mpih-pow.c
libtool: compile:  gcc -DHAVE_CONFIG_H -I. -I.. -I../src -I../src -I/c/ap13-dcb/gnupg-core-01/builds/libgcrypt-1.12.2-1-02/sdk/usr/include -O2 -g -std=gnu17 -fstack-protector-strong -ffile-prefix-map=C:/ap13-dcb/gnupg-core-01/builds/libgcrypt-1.12.2-1-02=/usr/src/debug/libgcrypt-1.12.2 -fdebug-prefix-map=C:/ap13-dcb/gnupg-core-01/builds/libgcrypt-1.12.2-1-02=/usr/src/debug/libgcrypt-1.12.2 -fmacro-prefix-map=C:/ap13-dcb/gnupg-core-01/builds/libgcrypt-1.12.2-1-02=/usr/src/debug/libgcrypt-1.12.2 -ffile-prefix-map=C:/ag-e138920f/tc-cpp-guard-01=/usr/src/toolchain -fdebug-prefix-map=C:/ag-e138920f/tc-cpp-guard-01=/usr/src/toolchain -fmacro-prefix-map=C:/ag-e138920f/tc-cpp-guard-01=/usr/src/toolchain -ffile-prefix-map=C:/ap10-ca5f/git-full-01/bootstrap=/usr -fdebug-prefix-map=C:/ap10-ca5f/git-full-01/bootstrap=/usr -fmacro-prefix-map=C:/ap10-ca5f/git-full-01/bootstrap=/usr -fno-delete-null-pointer-checks -Wall -MT mpih-pow.lo -MD -MP -MF .deps/mpih-pow.Tpo -c mpih-pow.c  -DDLL_EXPORT -DPIC -o .libs/mpih-pow.o
libtool: compile:  gcc -DHAVE_CONFIG_H -I. -I.. -I../src -I../src -I/c/ap13-dcb/gnupg-core-01/builds/libgcrypt-1.12.2-1-02/sdk/usr/include -O2 -g -std=gnu17 -fstack-protector-strong -ffile-prefix-map=C:/ap13-dcb/gnupg-core-01/builds/libgcrypt-1.12.2-1-02=/usr/src/debug/libgcrypt-1.12.2 -fdebug-prefix-map=C:/ap13-dcb/gnupg-core-01/builds/libgcrypt-1.12.2-1-02=/usr/src/debug/libgcrypt-1.12.2 -fmacro-prefix-map=C:/ap13-dcb/gnupg-core-01/builds/libgcrypt-1.12.2-1-02=/usr/src/debug/libgcrypt-1.12.2 -ffile-prefix-map=C:/ag-e138920f/tc-cpp-guard-01=/usr/src/toolchain -fdebug-prefix-map=C:/ag-e138920f/tc-cpp-guard-01=/usr/src/toolchain -fmacro-prefix-map=C:/ag-e138920f/tc-cpp-guard-01=/usr/src/toolchain -ffile-prefix-map=C:/ap10-ca5f/git-full-01/bootstrap=/usr -fdebug-prefix-map=C:/ap10-ca5f/git-full-01/bootstrap=/usr -fmacro-prefix-map=C:/ap10-ca5f/git-full-01/bootstrap=/usr -fno-delete-null-pointer-checks -Wall -MT mpih-pow.lo -MD -MP -MF .deps/mpih-pow.Tpo -c mpih-pow.c -o mpih-pow.o >/dev/null 2>&1
mv -f .deps/mpih-pow.Tpo .deps/mpih-pow.Plo
/bin/sh ../libtool  --tag=CC   --mode=compile gcc -DHAVE_CONFIG_H -I. -I..  -I../src -I../src -I/c/ap13-dcb/gnupg-core-01/builds/libgcrypt-1.12.2-1-02/sdk/usr/include  -O2 -g -std=gnu17 -fstack-protector-strong -ffile-prefix-map=C:/ap13-dcb/gnupg-core-01/builds/libgcrypt-1.12.2-1-02=/usr/src/debug/libgcrypt-1.12.2 -fdebug-prefix-map=C:/ap13-dcb/gnupg-core-01/builds/libgcrypt-1.12.2-1-02=/usr/src/debug/libgcrypt-1.12.2 -fmacro-prefix-map=C:/ap13-dcb/gnupg-core-01/builds/libgcrypt-1.12.2-1-02=/usr/src/debug/libgcrypt-1.12.2 -ffile-prefix-map=C:/ag-e138920f/tc-cpp-guard-01=/usr/src/toolchain -fdebug-prefix-map=C:/ag-e138920f/tc-cpp-guard-01=/usr/src/toolchain -fmacro-prefix-map=C:/ag-e138920f/tc-cpp-guard-01=/usr/src/toolchain -ffile-prefix-map=C:/ap10-ca5f/git-full-01/bootstrap=/usr -fdebug-prefix-map=C:/ap10-ca5f/git-full-01/bootstrap=/usr -fmacro-prefix-map=C:/ap10-ca5f/git-full-01/bootstrap=/usr -fno-delete-null-pointer-checks -Wall -MT mpih-const-time.lo -MD -MP -MF .deps/mpih-const-time.Tpo -c -o mpih-const-time.lo mpih-const-time.c
libtool: compile:  gcc -DHAVE_CONFIG_H -I. -I.. -I../src -I../src -I/c/ap13-dcb/gnupg-core-01/builds/libgcrypt-1.12.2-1-02/sdk/usr/include -O2 -g -std=gnu17 -fstack-protector-strong -ffile-prefix-map=C:/ap13-dcb/gnupg-core-01/builds/libgcrypt-1.12.2-1-02=/usr/src/debug/libgcrypt-1.12.2 -fdebug-prefix-map=C:/ap13-dcb/gnupg-core-01/builds/libgcrypt-1.12.2-1-02=/usr/src/debug/libgcrypt-1.12.2 -fmacro-prefix-map=C:/ap13-dcb/gnupg-core-01/builds/libgcrypt-1.12.2-1-02=/usr/src/debug/libgcrypt-1.12.2 -ffile-prefix-map=C:/ag-e138920f/tc-cpp-guard-01=/usr/src/toolchain -fdebug-prefix-map=C:/ag-e138920f/tc-cpp-guard-01=/usr/src/toolchain -fmacro-prefix-map=C:/ag-e138920f/tc-cpp-guard-01=/usr/src/toolchain -ffile-prefix-map=C:/ap10-ca5f/git-full-01/bootstrap=/usr -fdebug-prefix-map=C:/ap10-ca5f/git-full-01/bootstrap=/usr -fmacro-prefix-map=C:/ap10-ca5f/git-full-01/bootstrap=/usr -fno-delete-null-pointer-checks -Wall -MT mpih-const-time.lo -MD -MP -MF .deps/mpih-const-time.Tpo -c mpih-const-time.c  -DDLL_EXPORT -DPIC -o .libs/mpih-const-time.o
libtool: compile:  gcc -DHAVE_CONFIG_H -I. -I.. -I../src -I../src -I/c/ap13-dcb/gnupg-core-01/builds/libgcrypt-1.12.2-1-02/sdk/usr/include -O2 -g -std=gnu17 -fstack-protector-strong -ffile-prefix-map=C:/ap13-dcb/gnupg-core-01/builds/libgcrypt-1.12.2-1-02=/usr/src/debug/libgcrypt-1.12.2 -fdebug-prefix-map=C:/ap13-dcb/gnupg-core-01/builds/libgcrypt-1.12.2-1-02=/usr/src/debug/libgcrypt-1.12.2 -fmacro-prefix-map=C:/ap13-dcb/gnupg-core-01/builds/libgcrypt-1.12.2-1-02=/usr/src/debug/libgcrypt-1.12.2 -ffile-prefix-map=C:/ag-e138920f/tc-cpp-guard-01=/usr/src/toolchain -fdebug-prefix-map=C:/ag-e138920f/tc-cpp-guard-01=/usr/src/toolchain -fmacro-prefix-map=C:/ag-e138920f/tc-cpp-guard-01=/usr/src/toolchain -ffile-prefix-map=C:/ap10-ca5f/git-full-01/bootstrap=/usr -fdebug-prefix-map=C:/ap10-ca5f/git-full-01/bootstrap=/usr -fmacro-prefix-map=C:/ap10-ca5f/git-full-01/bootstrap=/usr -fno-delete-null-pointer-checks -Wall -MT mpih-const-time.lo -MD -MP -MF .deps/mpih-const-time.Tpo -c mpih-const-time.c -o mpih-const-time.o >/dev/null 2>&1
mv -f .deps/mpih-const-time.Tpo .deps/mpih-const-time.Plo
/bin/sh ../libtool  --tag=CC   --mode=compile gcc -DHAVE_CONFIG_H -I. -I..  -I../src -I../src -I/c/ap13-dcb/gnupg-core-01/builds/libgcrypt-1.12.2-1-02/sdk/usr/include  -O2 -g -std=gnu17 -fstack-protector-strong -ffile-prefix-map=C:/ap13-dcb/gnupg-core-01/builds/libgcrypt-1.12.2-1-02=/usr/src/debug/libgcrypt-1.12.2 -fdebug-prefix-map=C:/ap13-dcb/gnupg-core-01/builds/libgcrypt-1.12.2-1-02=/usr/src/debug/libgcrypt-1.12.2 -fmacro-prefix-map=C:/ap13-dcb/gnupg-core-01/builds/libgcrypt-1.12.2-1-02=/usr/src/debug/libgcrypt-1.12.2 -ffile-prefix-map=C:/ag-e138920f/tc-cpp-guard-01=/usr/src/toolchain -fdebug-prefix-map=C:/ag-e138920f/tc-cpp-guard-01=/usr/src/toolchain -fmacro-prefix-map=C:/ag-e138920f/tc-cpp-guard-01=/usr/src/toolchain -ffile-prefix-map=C:/ap10-ca5f/git-full-01/bootstrap=/usr -fdebug-prefix-map=C:/ap10-ca5f/git-full-01/bootstrap=/usr -fmacro-prefix-map=C:/ap10-ca5f/git-full-01/bootstrap=/usr -fno-delete-null-pointer-checks -Wall -MT mpiutil.lo -MD -MP -MF .deps/mpiutil.Tpo -c -o mpiutil.lo mpiutil.c
libtool: compile:  gcc -DHAVE_CONFIG_H -I. -I.. -I../src -I../src -I/c/ap13-dcb/gnupg-core-01/builds/libgcrypt-1.12.2-1-02/sdk/usr/include -O2 -g -std=gnu17 -fstack-protector-strong -ffile-prefix-map=C:/ap13-dcb/gnupg-core-01/builds/libgcrypt-1.12.2-1-02=/usr/src/debug/libgcrypt-1.12.2 -fdebug-prefix-map=C:/ap13-dcb/gnupg-core-01/builds/libgcrypt-1.12.2-1-02=/usr/src/debug/libgcrypt-1.12.2 -fmacro-prefix-map=C:/ap13-dcb/gnupg-core-01/builds/libgcrypt-1.12.2-1-02=/usr/src/debug/libgcrypt-1.12.2 -ffile-prefix-map=C:/ag-e138920f/tc-cpp-guard-01=/usr/src/toolchain -fdebug-prefix-map=C:/ag-e138920f/tc-cpp-guard-01=/usr/src/toolchain -fmacro-prefix-map=C:/ag-e138920f/tc-cpp-guard-01=/usr/src/toolchain -ffile-prefix-map=C:/ap10-ca5f/git-full-01/bootstrap=/usr -fdebug-prefix-map=C:/ap10-ca5f/git-full-01/bootstrap=/usr -fmacro-prefix-map=C:/ap10-ca5f/git-full-01/bootstrap=/usr -fno-delete-null-pointer-checks -Wall -MT mpiutil.lo -MD -MP -MF .deps/mpiutil.Tpo -c mpiutil.c  -DDLL_EXPORT -DPIC -o .libs/mpiutil.o
libtool: compile:  gcc -DHAVE_CONFIG_H -I. -I.. -I../src -I../src -I/c/ap13-dcb/gnupg-core-01/builds/libgcrypt-1.12.2-1-02/sdk/usr/include -O2 -g -std=gnu17 -fstack-protector-strong -ffile-prefix-map=C:/ap13-dcb/gnupg-core-01/builds/libgcrypt-1.12.2-1-02=/usr/src/debug/libgcrypt-1.12.2 -fdebug-prefix-map=C:/ap13-dcb/gnupg-core-01/builds/libgcrypt-1.12.2-1-02=/usr/src/debug/libgcrypt-1.12.2 -fmacro-prefix-map=C:/ap13-dcb/gnupg-core-01/builds/libgcrypt-1.12.2-1-02=/usr/src/debug/libgcrypt-1.12.2 -ffile-prefix-map=C:/ag-e138920f/tc-cpp-guard-01=/usr/src/toolchain -fdebug-prefix-map=C:/ag-e138920f/tc-cpp-guard-01=/usr/src/toolchain -fmacro-prefix-map=C:/ag-e138920f/tc-cpp-guard-01=/usr/src/toolchain -ffile-prefix-map=C:/ap10-ca5f/git-full-01/bootstrap=/usr -fdebug-prefix-map=C:/ap10-ca5f/git-full-01/bootstrap=/usr -fmacro-prefix-map=C:/ap10-ca5f/git-full-01/bootstrap=/usr -fno-delete-null-pointer-checks -Wall -MT mpiutil.lo -MD -MP -MF .deps/mpiutil.Tpo -c mpiutil.c -o mpiutil.o >/dev/null 2>&1
mv -f .deps/mpiutil.Tpo .deps/mpiutil.Plo
/bin/sh ../libtool  --tag=CC   --mode=compile gcc -DHAVE_CONFIG_H -I. -I..  -I../src -I../src -I/c/ap13-dcb/gnupg-core-01/builds/libgcrypt-1.12.2-1-02/sdk/usr/include  -O2 -g -std=gnu17 -fstack-protector-strong -ffile-prefix-map=C:/ap13-dcb/gnupg-core-01/builds/libgcrypt-1.12.2-1-02=/usr/src/debug/libgcrypt-1.12.2 -fdebug-prefix-map=C:/ap13-dcb/gnupg-core-01/builds/libgcrypt-1.12.2-1-02=/usr/src/debug/libgcrypt-1.12.2 -fmacro-prefix-map=C:/ap13-dcb/gnupg-core-01/builds/libgcrypt-1.12.2-1-02=/usr/src/debug/libgcrypt-1.12.2 -ffile-prefix-map=C:/ag-e138920f/tc-cpp-guard-01=/usr/src/toolchain -fdebug-prefix-map=C:/ag-e138920f/tc-cpp-guard-01=/usr/src/toolchain -fmacro-prefix-map=C:/ag-e138920f/tc-cpp-guard-01=/usr/src/toolchain -ffile-prefix-map=C:/ap10-ca5f/git-full-01/bootstrap=/usr -fdebug-prefix-map=C:/ap10-ca5f/git-full-01/bootstrap=/usr -fmacro-prefix-map=C:/ap10-ca5f/git-full-01/bootstrap=/usr -fno-delete-null-pointer-checks -Wall -MT ec.lo -MD -MP -MF .deps/ec.Tpo -c -o ec.lo ec.c
libtool: compile:  gcc -DHAVE_CONFIG_H -I. -I.. -I../src -I../src -I/c/ap13-dcb/gnupg-core-01/builds/libgcrypt-1.12.2-1-02/sdk/usr/include -O2 -g -std=gnu17 -fstack-protector-strong -ffile-prefix-map=C:/ap13-dcb/gnupg-core-01/builds/libgcrypt-1.12.2-1-02=/usr/src/debug/libgcrypt-1.12.2 -fdebug-prefix-map=C:/ap13-dcb/gnupg-core-01/builds/libgcrypt-1.12.2-1-02=/usr/src/debug/libgcrypt-1.12.2 -fmacro-prefix-map=C:/ap13-dcb/gnupg-core-01/builds/libgcrypt-1.12.2-1-02=/usr/src/debug/libgcrypt-1.12.2 -ffile-prefix-map=C:/ag-e138920f/tc-cpp-guard-01=/usr/src/toolchain -fdebug-prefix-map=C:/ag-e138920f/tc-cpp-guard-01=/usr/src/toolchain -fmacro-prefix-map=C:/ag-e138920f/tc-cpp-guard-01=/usr/src/toolchain -ffile-prefix-map=C:/ap10-ca5f/git-full-01/bootstrap=/usr -fdebug-prefix-map=C:/ap10-ca5f/git-full-01/bootstrap=/usr -fmacro-prefix-map=C:/ap10-ca5f/git-full-01/bootstrap=/usr -fno-delete-null-pointer-checks -Wall -MT ec.lo -MD -MP -MF .deps/ec.Tpo -c ec.c  -DDLL_EXPORT -DPIC -o .libs/ec.o
libtool: compile:  gcc -DHAVE_CONFIG_H -I. -I.. -I../src -I../src -I/c/ap13-dcb/gnupg-core-01/builds/libgcrypt-1.12.2-1-02/sdk/usr/include -O2 -g -std=gnu17 -fstack-protector-strong -ffile-prefix-map=C:/ap13-dcb/gnupg-core-01/builds/libgcrypt-1.12.2-1-02=/usr/src/debug/libgcrypt-1.12.2 -fdebug-prefix-map=C:/ap13-dcb/gnupg-core-01/builds/libgcrypt-1.12.2-1-02=/usr/src/debug/libgcrypt-1.12.2 -fmacro-prefix-map=C:/ap13-dcb/gnupg-core-01/builds/libgcrypt-1.12.2-1-02=/usr/src/debug/libgcrypt-1.12.2 -ffile-prefix-map=C:/ag-e138920f/tc-cpp-guard-01=/usr/src/toolchain -fdebug-prefix-map=C:/ag-e138920f/tc-cpp-guard-01=/usr/src/toolchain -fmacro-prefix-map=C:/ag-e138920f/tc-cpp-guard-01=/usr/src/toolchain -ffile-prefix-map=C:/ap10-ca5f/git-full-01/bootstrap=/usr -fdebug-prefix-map=C:/ap10-ca5f/git-full-01/bootstrap=/usr -fmacro-prefix-map=C:/ap10-ca5f/git-full-01/bootstrap=/usr -fno-delete-null-pointer-checks -Wall -MT ec.lo -MD -MP -MF .deps/ec.Tpo -c ec.c -o ec.o >/dev/null 2>&1
mv -f .deps/ec.Tpo .deps/ec.Plo
/bin/sh ../libtool  --tag=CC   --mode=compile gcc -DHAVE_CONFIG_H -I. -I..  -I../src -I../src -I/c/ap13-dcb/gnupg-core-01/builds/libgcrypt-1.12.2-1-02/sdk/usr/include  -O2 -g -std=gnu17 -fstack-protector-strong -ffile-prefix-map=C:/ap13-dcb/gnupg-core-01/builds/libgcrypt-1.12.2-1-02=/usr/src/debug/libgcrypt-1.12.2 -fdebug-prefix-map=C:/ap13-dcb/gnupg-core-01/builds/libgcrypt-1.12.2-1-02=/usr/src/debug/libgcrypt-1.12.2 -fmacro-prefix-map=C:/ap13-dcb/gnupg-core-01/builds/libgcrypt-1.12.2-1-02=/usr/src/debug/libgcrypt-1.12.2 -ffile-prefix-map=C:/ag-e138920f/tc-cpp-guard-01=/usr/src/toolchain -fdebug-prefix-map=C:/ag-e138920f/tc-cpp-guard-01=/usr/src/toolchain -fmacro-prefix-map=C:/ag-e138920f/tc-cpp-guard-01=/usr/src/toolchain -ffile-prefix-map=C:/ap10-ca5f/git-full-01/bootstrap=/usr -fdebug-prefix-map=C:/ap10-ca5f/git-full-01/bootstrap=/usr -fmacro-prefix-map=C:/ap10-ca5f/git-full-01/bootstrap=/usr -fno-delete-null-pointer-checks -Wall -MT ec-ed25519.lo -MD -MP -MF .deps/ec-ed25519.Tpo -c -o ec-ed25519.lo ec-ed25519.c
libtool: compile:  gcc -DHAVE_CONFIG_H -I. -I.. -I../src -I../src -I/c/ap13-dcb/gnupg-core-01/builds/libgcrypt-1.12.2-1-02/sdk/usr/include -O2 -g -std=gnu17 -fstack-protector-strong -ffile-prefix-map=C:/ap13-dcb/gnupg-core-01/builds/libgcrypt-1.12.2-1-02=/usr/src/debug/libgcrypt-1.12.2 -fdebug-prefix-map=C:/ap13-dcb/gnupg-core-01/builds/libgcrypt-1.12.2-1-02=/usr/src/debug/libgcrypt-1.12.2 -fmacro-prefix-map=C:/ap13-dcb/gnupg-core-01/builds/libgcrypt-1.12.2-1-02=/usr/src/debug/libgcrypt-1.12.2 -ffile-prefix-map=C:/ag-e138920f/tc-cpp-guard-01=/usr/src/toolchain -fdebug-prefix-map=C:/ag-e138920f/tc-cpp-guard-01=/usr/src/toolchain -fmacro-prefix-map=C:/ag-e138920f/tc-cpp-guard-01=/usr/src/toolchain -ffile-prefix-map=C:/ap10-ca5f/git-full-01/bootstrap=/usr -fdebug-prefix-map=C:/ap10-ca5f/git-full-01/bootstrap=/usr -fmacro-prefix-map=C:/ap10-ca5f/git-full-01/bootstrap=/usr -fno-delete-null-pointer-checks -Wall -MT ec-ed25519.lo -MD -MP -MF .deps/ec-ed25519.Tpo -c ec-ed25519.c  -DDLL_EXPORT -DPIC -o .libs/ec-ed25519.o
libtool: compile:  gcc -DHAVE_CONFIG_H -I. -I.. -I../src -I../src -I/c/ap13-dcb/gnupg-core-01/builds/libgcrypt-1.12.2-1-02/sdk/usr/include -O2 -g -std=gnu17 -fstack-protector-strong -ffile-prefix-map=C:/ap13-dcb/gnupg-core-01/builds/libgcrypt-1.12.2-1-02=/usr/src/debug/libgcrypt-1.12.2 -fdebug-prefix-map=C:/ap13-dcb/gnupg-core-01/builds/libgcrypt-1.12.2-1-02=/usr/src/debug/libgcrypt-1.12.2 -fmacro-prefix-map=C:/ap13-dcb/gnupg-core-01/builds/libgcrypt-1.12.2-1-02=/usr/src/debug/libgcrypt-1.12.2 -ffile-prefix-map=C:/ag-e138920f/tc-cpp-guard-01=/usr/src/toolchain -fdebug-prefix-map=C:/ag-e138920f/tc-cpp-guard-01=/usr/src/toolchain -fmacro-prefix-map=C:/ag-e138920f/tc-cpp-guard-01=/usr/src/toolchain -ffile-prefix-map=C:/ap10-ca5f/git-full-01/bootstrap=/usr -fdebug-prefix-map=C:/ap10-ca5f/git-full-01/bootstrap=/usr -fmacro-prefix-map=C:/ap10-ca5f/git-full-01/bootstrap=/usr -fno-delete-null-pointer-checks -Wall -MT ec-ed25519.lo -MD -MP -MF .deps/ec-ed25519.Tpo -c ec-ed25519.c -o ec-ed25519.o >/dev/null 2>&1
mv -f .deps/ec-ed25519.Tpo .deps/ec-ed25519.Plo
/bin/sh ../libtool  --tag=CC   --mode=compile gcc -DHAVE_CONFIG_H -I. -I..  -I../src -I../src -I/c/ap13-dcb/gnupg-core-01/builds/libgcrypt-1.12.2-1-02/sdk/usr/include  -O2 -g -std=gnu17 -fstack-protector-strong -ffile-prefix-map=C:/ap13-dcb/gnupg-core-01/builds/libgcrypt-1.12.2-1-02=/usr/src/debug/libgcrypt-1.12.2 -fdebug-prefix-map=C:/ap13-dcb/gnupg-core-01/builds/libgcrypt-1.12.2-1-02=/usr/src/debug/libgcrypt-1.12.2 -fmacro-prefix-map=C:/ap13-dcb/gnupg-core-01/builds/libgcrypt-1.12.2-1-02=/usr/src/debug/libgcrypt-1.12.2 -ffile-prefix-map=C:/ag-e138920f/tc-cpp-guard-01=/usr/src/toolchain -fdebug-prefix-map=C:/ag-e138920f/tc-cpp-guard-01=/usr/src/toolchain -fmacro-prefix-map=C:/ag-e138920f/tc-cpp-guard-01=/usr/src/toolchain -ffile-prefix-map=C:/ap10-ca5f/git-full-01/bootstrap=/usr -fdebug-prefix-map=C:/ap10-ca5f/git-full-01/bootstrap=/usr -fmacro-prefix-map=C:/ap10-ca5f/git-full-01/bootstrap=/usr -fno-delete-null-pointer-checks -Wall -MT ec-nist.lo -MD -MP -MF .deps/ec-nist.Tpo -c -o ec-nist.lo ec-nist.c
libtool: compile:  gcc -DHAVE_CONFIG_H -I. -I.. -I../src -I../src -I/c/ap13-dcb/gnupg-core-01/builds/libgcrypt-1.12.2-1-02/sdk/usr/include -O2 -g -std=gnu17 -fstack-protector-strong -ffile-prefix-map=C:/ap13-dcb/gnupg-core-01/builds/libgcrypt-1.12.2-1-02=/usr/src/debug/libgcrypt-1.12.2 -fdebug-prefix-map=C:/ap13-dcb/gnupg-core-01/builds/libgcrypt-1.12.2-1-02=/usr/src/debug/libgcrypt-1.12.2 -fmacro-prefix-map=C:/ap13-dcb/gnupg-core-01/builds/libgcrypt-1.12.2-1-02=/usr/src/debug/libgcrypt-1.12.2 -ffile-prefix-map=C:/ag-e138920f/tc-cpp-guard-01=/usr/src/toolchain -fdebug-prefix-map=C:/ag-e138920f/tc-cpp-guard-01=/usr/src/toolchain -fmacro-prefix-map=C:/ag-e138920f/tc-cpp-guard-01=/usr/src/toolchain -ffile-prefix-map=C:/ap10-ca5f/git-full-01/bootstrap=/usr -fdebug-prefix-map=C:/ap10-ca5f/git-full-01/bootstrap=/usr -fmacro-prefix-map=C:/ap10-ca5f/git-full-01/bootstrap=/usr -fno-delete-null-pointer-checks -Wall -MT ec-nist.lo -MD -MP -MF .deps/ec-nist.Tpo -c ec-nist.c  -DDLL_EXPORT -DPIC -o .libs/ec-nist.o
libtool: compile:  gcc -DHAVE_CONFIG_H -I. -I.. -I../src -I../src -I/c/ap13-dcb/gnupg-core-01/builds/libgcrypt-1.12.2-1-02/sdk/usr/include -O2 -g -std=gnu17 -fstack-protector-strong -ffile-prefix-map=C:/ap13-dcb/gnupg-core-01/builds/libgcrypt-1.12.2-1-02=/usr/src/debug/libgcrypt-1.12.2 -fdebug-prefix-map=C:/ap13-dcb/gnupg-core-01/builds/libgcrypt-1.12.2-1-02=/usr/src/debug/libgcrypt-1.12.2 -fmacro-prefix-map=C:/ap13-dcb/gnupg-core-01/builds/libgcrypt-1.12.2-1-02=/usr/src/debug/libgcrypt-1.12.2 -ffile-prefix-map=C:/ag-e138920f/tc-cpp-guard-01=/usr/src/toolchain -fdebug-prefix-map=C:/ag-e138920f/tc-cpp-guard-01=/usr/src/toolchain -fmacro-prefix-map=C:/ag-e138920f/tc-cpp-guard-01=/usr/src/toolchain -ffile-prefix-map=C:/ap10-ca5f/git-full-01/bootstrap=/usr -fdebug-prefix-map=C:/ap10-ca5f/git-full-01/bootstrap=/usr -fmacro-prefix-map=C:/ap10-ca5f/git-full-01/bootstrap=/usr -fno-delete-null-pointer-checks -Wall -MT ec-nist.lo -MD -MP -MF .deps/ec-nist.Tpo -c ec-nist.c -o ec-nist.o >/dev/null 2>&1
mv -f .deps/ec-nist.Tpo .deps/ec-nist.Plo
/bin/sh ../libtool  --tag=CC   --mode=compile gcc -DHAVE_CONFIG_H -I. -I..  -I../src -I../src -I/c/ap13-dcb/gnupg-core-01/builds/libgcrypt-1.12.2-1-02/sdk/usr/include  -O2 -g -std=gnu17 -fstack-protector-strong -ffile-prefix-map=C:/ap13-dcb/gnupg-core-01/builds/libgcrypt-1.12.2-1-02=/usr/src/debug/libgcrypt-1.12.2 -fdebug-prefix-map=C:/ap13-dcb/gnupg-core-01/builds/libgcrypt-1.12.2-1-02=/usr/src/debug/libgcrypt-1.12.2 -fmacro-prefix-map=C:/ap13-dcb/gnupg-core-01/builds/libgcrypt-1.12.2-1-02=/usr/src/debug/libgcrypt-1.12.2 -ffile-prefix-map=C:/ag-e138920f/tc-cpp-guard-01=/usr/src/toolchain -fdebug-prefix-map=C:/ag-e138920f/tc-cpp-guard-01=/usr/src/toolchain -fmacro-prefix-map=C:/ag-e138920f/tc-cpp-guard-01=/usr/src/toolchain -ffile-prefix-map=C:/ap10-ca5f/git-full-01/bootstrap=/usr -fdebug-prefix-map=C:/ap10-ca5f/git-full-01/bootstrap=/usr -fmacro-prefix-map=C:/ap10-ca5f/git-full-01/bootstrap=/usr -fno-delete-null-pointer-checks -Wall -MT ec-hw-s390x.lo -MD -MP -MF .deps/ec-hw-s390x.Tpo -c -o ec-hw-s390x.lo ec-hw-s390x.c
libtool: compile:  gcc -DHAVE_CONFIG_H -I. -I.. -I../src -I../src -I/c/ap13-dcb/gnupg-core-01/builds/libgcrypt-1.12.2-1-02/sdk/usr/include -O2 -g -std=gnu17 -fstack-protector-strong -ffile-prefix-map=C:/ap13-dcb/gnupg-core-01/builds/libgcrypt-1.12.2-1-02=/usr/src/debug/libgcrypt-1.12.2 -fdebug-prefix-map=C:/ap13-dcb/gnupg-core-01/builds/libgcrypt-1.12.2-1-02=/usr/src/debug/libgcrypt-1.12.2 -fmacro-prefix-map=C:/ap13-dcb/gnupg-core-01/builds/libgcrypt-1.12.2-1-02=/usr/src/debug/libgcrypt-1.12.2 -ffile-prefix-map=C:/ag-e138920f/tc-cpp-guard-01=/usr/src/toolchain -fdebug-prefix-map=C:/ag-e138920f/tc-cpp-guard-01=/usr/src/toolchain -fmacro-prefix-map=C:/ag-e138920f/tc-cpp-guard-01=/usr/src/toolchain -ffile-prefix-map=C:/ap10-ca5f/git-full-01/bootstrap=/usr -fdebug-prefix-map=C:/ap10-ca5f/git-full-01/bootstrap=/usr -fmacro-prefix-map=C:/ap10-ca5f/git-full-01/bootstrap=/usr -fno-delete-null-pointer-checks -Wall -MT ec-hw-s390x.lo -MD -MP -MF .deps/ec-hw-s390x.Tpo -c ec-hw-s390x.c  -DDLL_EXPORT -DPIC -o .libs/ec-hw-s390x.o
libtool: compile:  gcc -DHAVE_CONFIG_H -I. -I.. -I../src -I../src -I/c/ap13-dcb/gnupg-core-01/builds/libgcrypt-1.12.2-1-02/sdk/usr/include -O2 -g -std=gnu17 -fstack-protector-strong -ffile-prefix-map=C:/ap13-dcb/gnupg-core-01/builds/libgcrypt-1.12.2-1-02=/usr/src/debug/libgcrypt-1.12.2 -fdebug-prefix-map=C:/ap13-dcb/gnupg-core-01/builds/libgcrypt-1.12.2-1-02=/usr/src/debug/libgcrypt-1.12.2 -fmacro-prefix-map=C:/ap13-dcb/gnupg-core-01/builds/libgcrypt-1.12.2-1-02=/usr/src/debug/libgcrypt-1.12.2 -ffile-prefix-map=C:/ag-e138920f/tc-cpp-guard-01=/usr/src/toolchain -fdebug-prefix-map=C:/ag-e138920f/tc-cpp-guard-01=/usr/src/toolchain -fmacro-prefix-map=C:/ag-e138920f/tc-cpp-guard-01=/usr/src/toolchain -ffile-prefix-map=C:/ap10-ca5f/git-full-01/bootstrap=/usr -fdebug-prefix-map=C:/ap10-ca5f/git-full-01/bootstrap=/usr -fmacro-prefix-map=C:/ap10-ca5f/git-full-01/bootstrap=/usr -fno-delete-null-pointer-checks -Wall -MT ec-hw-s390x.lo -MD -MP -MF .deps/ec-hw-s390x.Tpo -c ec-hw-s390x.c -o ec-hw-s390x.o >/dev/null 2>&1
mv -f .deps/ec-hw-s390x.Tpo .deps/ec-hw-s390x.Plo
/bin/sh ../libtool  --tag=CC   --mode=compile gcc -DHAVE_CONFIG_H -I. -I..  -I../src -I../src -I/c/ap13-dcb/gnupg-core-01/builds/libgcrypt-1.12.2-1-02/sdk/usr/include  -O2 -g -std=gnu17 -fstack-protector-strong -ffile-prefix-map=C:/ap13-dcb/gnupg-core-01/builds/libgcrypt-1.12.2-1-02=/usr/src/debug/libgcrypt-1.12.2 -fdebug-prefix-map=C:/ap13-dcb/gnupg-core-01/builds/libgcrypt-1.12.2-1-02=/usr/src/debug/libgcrypt-1.12.2 -fmacro-prefix-map=C:/ap13-dcb/gnupg-core-01/builds/libgcrypt-1.12.2-1-02=/usr/src/debug/libgcrypt-1.12.2 -ffile-prefix-map=C:/ag-e138920f/tc-cpp-guard-01=/usr/src/toolchain -fdebug-prefix-map=C:/ag-e138920f/tc-cpp-guard-01=/usr/src/toolchain -fmacro-prefix-map=C:/ag-e138920f/tc-cpp-guard-01=/usr/src/toolchain -ffile-prefix-map=C:/ap10-ca5f/git-full-01/bootstrap=/usr -fdebug-prefix-map=C:/ap10-ca5f/git-full-01/bootstrap=/usr -fmacro-prefix-map=C:/ap10-ca5f/git-full-01/bootstrap=/usr -fno-delete-null-pointer-checks -Wall -MT mpih-add1.lo -MD -MP -MF .deps/mpih-add1.Tpo -c -o mpih-add1.lo mpih-add1.c
libtool: compile:  gcc -DHAVE_CONFIG_H -I. -I.. -I../src -I../src -I/c/ap13-dcb/gnupg-core-01/builds/libgcrypt-1.12.2-1-02/sdk/usr/include -O2 -g -std=gnu17 -fstack-protector-strong -ffile-prefix-map=C:/ap13-dcb/gnupg-core-01/builds/libgcrypt-1.12.2-1-02=/usr/src/debug/libgcrypt-1.12.2 -fdebug-prefix-map=C:/ap13-dcb/gnupg-core-01/builds/libgcrypt-1.12.2-1-02=/usr/src/debug/libgcrypt-1.12.2 -fmacro-prefix-map=C:/ap13-dcb/gnupg-core-01/builds/libgcrypt-1.12.2-1-02=/usr/src/debug/libgcrypt-1.12.2 -ffile-prefix-map=C:/ag-e138920f/tc-cpp-guard-01=/usr/src/toolchain -fdebug-prefix-map=C:/ag-e138920f/tc-cpp-guard-01=/usr/src/toolchain -fmacro-prefix-map=C:/ag-e138920f/tc-cpp-guard-01=/usr/src/toolchain -ffile-prefix-map=C:/ap10-ca5f/git-full-01/bootstrap=/usr -fdebug-prefix-map=C:/ap10-ca5f/git-full-01/bootstrap=/usr -fmacro-prefix-map=C:/ap10-ca5f/git-full-01/bootstrap=/usr -fno-delete-null-pointer-checks -Wall -MT mpih-add1.lo -MD -MP -MF .deps/mpih-add1.Tpo -c mpih-add1.c  -DDLL_EXPORT -DPIC -o .libs/mpih-add1.o
libtool: compile:  gcc -DHAVE_CONFIG_H -I. -I.. -I../src -I../src -I/c/ap13-dcb/gnupg-core-01/builds/libgcrypt-1.12.2-1-02/sdk/usr/include -O2 -g -std=gnu17 -fstack-protector-strong -ffile-prefix-map=C:/ap13-dcb/gnupg-core-01/builds/libgcrypt-1.12.2-1-02=/usr/src/debug/libgcrypt-1.12.2 -fdebug-prefix-map=C:/ap13-dcb/gnupg-core-01/builds/libgcrypt-1.12.2-1-02=/usr/src/debug/libgcrypt-1.12.2 -fmacro-prefix-map=C:/ap13-dcb/gnupg-core-01/builds/libgcrypt-1.12.2-1-02=/usr/src/debug/libgcrypt-1.12.2 -ffile-prefix-map=C:/ag-e138920f/tc-cpp-guard-01=/usr/src/toolchain -fdebug-prefix-map=C:/ag-e138920f/tc-cpp-guard-01=/usr/src/toolchain -fmacro-prefix-map=C:/ag-e138920f/tc-cpp-guard-01=/usr/src/toolchain -ffile-prefix-map=C:/ap10-ca5f/git-full-01/bootstrap=/usr -fdebug-prefix-map=C:/ap10-ca5f/git-full-01/bootstrap=/usr -fmacro-prefix-map=C:/ap10-ca5f/git-full-01/bootstrap=/usr -fno-delete-null-pointer-checks -Wall -MT mpih-add1.lo -MD -MP -MF .deps/mpih-add1.Tpo -c mpih-add1.c -o mpih-add1.o >/dev/null 2>&1
mv -f .deps/mpih-add1.Tpo .deps/mpih-add1.Plo
/bin/sh ../libtool  --tag=CC   --mode=compile gcc -DHAVE_CONFIG_H -I. -I..  -I../src -I../src -I/c/ap13-dcb/gnupg-core-01/builds/libgcrypt-1.12.2-1-02/sdk/usr/include  -O2 -g -std=gnu17 -fstack-protector-strong -ffile-prefix-map=C:/ap13-dcb/gnupg-core-01/builds/libgcrypt-1.12.2-1-02=/usr/src/debug/libgcrypt-1.12.2 -fdebug-prefix-map=C:/ap13-dcb/gnupg-core-01/builds/libgcrypt-1.12.2-1-02=/usr/src/debug/libgcrypt-1.12.2 -fmacro-prefix-map=C:/ap13-dcb/gnupg-core-01/builds/libgcrypt-1.12.2-1-02=/usr/src/debug/libgcrypt-1.12.2 -ffile-prefix-map=C:/ag-e138920f/tc-cpp-guard-01=/usr/src/toolchain -fdebug-prefix-map=C:/ag-e138920f/tc-cpp-guard-01=/usr/src/toolchain -fmacro-prefix-map=C:/ag-e138920f/tc-cpp-guard-01=/usr/src/toolchain -ffile-prefix-map=C:/ap10-ca5f/git-full-01/bootstrap=/usr -fdebug-prefix-map=C:/ap10-ca5f/git-full-01/bootstrap=/usr -fmacro-prefix-map=C:/ap10-ca5f/git-full-01/bootstrap=/usr -fno-delete-null-pointer-checks -Wall -MT mpih-sub1.lo -MD -MP -MF .deps/mpih-sub1.Tpo -c -o mpih-sub1.lo mpih-sub1.c
libtool: compile:  gcc -DHAVE_CONFIG_H -I. -I.. -I../src -I../src -I/c/ap13-dcb/gnupg-core-01/builds/libgcrypt-1.12.2-1-02/sdk/usr/include -O2 -g -std=gnu17 -fstack-protector-strong -ffile-prefix-map=C:/ap13-dcb/gnupg-core-01/builds/libgcrypt-1.12.2-1-02=/usr/src/debug/libgcrypt-1.12.2 -fdebug-prefix-map=C:/ap13-dcb/gnupg-core-01/builds/libgcrypt-1.12.2-1-02=/usr/src/debug/libgcrypt-1.12.2 -fmacro-prefix-map=C:/ap13-dcb/gnupg-core-01/builds/libgcrypt-1.12.2-1-02=/usr/src/debug/libgcrypt-1.12.2 -ffile-prefix-map=C:/ag-e138920f/tc-cpp-guard-01=/usr/src/toolchain -fdebug-prefix-map=C:/ag-e138920f/tc-cpp-guard-01=/usr/src/toolchain -fmacro-prefix-map=C:/ag-e138920f/tc-cpp-guard-01=/usr/src/toolchain -ffile-prefix-map=C:/ap10-ca5f/git-full-01/bootstrap=/usr -fdebug-prefix-map=C:/ap10-ca5f/git-full-01/bootstrap=/usr -fmacro-prefix-map=C:/ap10-ca5f/git-full-01/bootstrap=/usr -fno-delete-null-pointer-checks -Wall -MT mpih-sub1.lo -MD -MP -MF .deps/mpih-sub1.Tpo -c mpih-sub1.c  -DDLL_EXPORT -DPIC -o .libs/mpih-sub1.o
libtool: compile:  gcc -DHAVE_CONFIG_H -I. -I.. -I../src -I../src -I/c/ap13-dcb/gnupg-core-01/builds/libgcrypt-1.12.2-1-02/sdk/usr/include -O2 -g -std=gnu17 -fstack-protector-strong -ffile-prefix-map=C:/ap13-dcb/gnupg-core-01/builds/libgcrypt-1.12.2-1-02=/usr/src/debug/libgcrypt-1.12.2 -fdebug-prefix-map=C:/ap13-dcb/gnupg-core-01/builds/libgcrypt-1.12.2-1-02=/usr/src/debug/libgcrypt-1.12.2 -fmacro-prefix-map=C:/ap13-dcb/gnupg-core-01/builds/libgcrypt-1.12.2-1-02=/usr/src/debug/libgcrypt-1.12.2 -ffile-prefix-map=C:/ag-e138920f/tc-cpp-guard-01=/usr/src/toolchain -fdebug-prefix-map=C:/ag-e138920f/tc-cpp-guard-01=/usr/src/toolchain -fmacro-prefix-map=C:/ag-e138920f/tc-cpp-guard-01=/usr/src/toolchain -ffile-prefix-map=C:/ap10-ca5f/git-full-01/bootstrap=/usr -fdebug-prefix-map=C:/ap10-ca5f/git-full-01/bootstrap=/usr -fmacro-prefix-map=C:/ap10-ca5f/git-full-01/bootstrap=/usr -fno-delete-null-pointer-checks -Wall -MT mpih-sub1.lo -MD -MP -MF .deps/mpih-sub1.Tpo -c mpih-sub1.c -o mpih-sub1.o >/dev/null 2>&1
mv -f .deps/mpih-sub1.Tpo .deps/mpih-sub1.Plo
/bin/sh ../libtool  --tag=CC   --mode=compile gcc -DHAVE_CONFIG_H -I. -I..  -I../src -I../src -I/c/ap13-dcb/gnupg-core-01/builds/libgcrypt-1.12.2-1-02/sdk/usr/include  -O2 -g -std=gnu17 -fstack-protector-strong -ffile-prefix-map=C:/ap13-dcb/gnupg-core-01/builds/libgcrypt-1.12.2-1-02=/usr/src/debug/libgcrypt-1.12.2 -fdebug-prefix-map=C:/ap13-dcb/gnupg-core-01/builds/libgcrypt-1.12.2-1-02=/usr/src/debug/libgcrypt-1.12.2 -fmacro-prefix-map=C:/ap13-dcb/gnupg-core-01/builds/libgcrypt-1.12.2-1-02=/usr/src/debug/libgcrypt-1.12.2 -ffile-prefix-map=C:/ag-e138920f/tc-cpp-guard-01=/usr/src/toolchain -fdebug-prefix-map=C:/ag-e138920f/tc-cpp-guard-01=/usr/src/toolchain -fmacro-prefix-map=C:/ag-e138920f/tc-cpp-guard-01=/usr/src/toolchain -ffile-prefix-map=C:/ap10-ca5f/git-full-01/bootstrap=/usr -fdebug-prefix-map=C:/ap10-ca5f/git-full-01/bootstrap=/usr -fmacro-prefix-map=C:/ap10-ca5f/git-full-01/bootstrap=/usr -fno-delete-null-pointer-checks -Wall -MT mpih-mul1.lo -MD -MP -MF .deps/mpih-mul1.Tpo -c -o mpih-mul1.lo mpih-mul1.c
libtool: compile:  gcc -DHAVE_CONFIG_H -I. -I.. -I../src -I../src -I/c/ap13-dcb/gnupg-core-01/builds/libgcrypt-1.12.2-1-02/sdk/usr/include -O2 -g -std=gnu17 -fstack-protector-strong -ffile-prefix-map=C:/ap13-dcb/gnupg-core-01/builds/libgcrypt-1.12.2-1-02=/usr/src/debug/libgcrypt-1.12.2 -fdebug-prefix-map=C:/ap13-dcb/gnupg-core-01/builds/libgcrypt-1.12.2-1-02=/usr/src/debug/libgcrypt-1.12.2 -fmacro-prefix-map=C:/ap13-dcb/gnupg-core-01/builds/libgcrypt-1.12.2-1-02=/usr/src/debug/libgcrypt-1.12.2 -ffile-prefix-map=C:/ag-e138920f/tc-cpp-guard-01=/usr/src/toolchain -fdebug-prefix-map=C:/ag-e138920f/tc-cpp-guard-01=/usr/src/toolchain -fmacro-prefix-map=C:/ag-e138920f/tc-cpp-guard-01=/usr/src/toolchain -ffile-prefix-map=C:/ap10-ca5f/git-full-01/bootstrap=/usr -fdebug-prefix-map=C:/ap10-ca5f/git-full-01/bootstrap=/usr -fmacro-prefix-map=C:/ap10-ca5f/git-full-01/bootstrap=/usr -fno-delete-null-pointer-checks -Wall -MT mpih-mul1.lo -MD -MP -MF .deps/mpih-mul1.Tpo -c mpih-mul1.c  -DDLL_EXPORT -DPIC -o .libs/mpih-mul1.o
libtool: compile:  gcc -DHAVE_CONFIG_H -I. -I.. -I../src -I../src -I/c/ap13-dcb/gnupg-core-01/builds/libgcrypt-1.12.2-1-02/sdk/usr/include -O2 -g -std=gnu17 -fstack-protector-strong -ffile-prefix-map=C:/ap13-dcb/gnupg-core-01/builds/libgcrypt-1.12.2-1-02=/usr/src/debug/libgcrypt-1.12.2 -fdebug-prefix-map=C:/ap13-dcb/gnupg-core-01/builds/libgcrypt-1.12.2-1-02=/usr/src/debug/libgcrypt-1.12.2 -fmacro-prefix-map=C:/ap13-dcb/gnupg-core-01/builds/libgcrypt-1.12.2-1-02=/usr/src/debug/libgcrypt-1.12.2 -ffile-prefix-map=C:/ag-e138920f/tc-cpp-guard-01=/usr/src/toolchain -fdebug-prefix-map=C:/ag-e138920f/tc-cpp-guard-01=/usr/src/toolchain -fmacro-prefix-map=C:/ag-e138920f/tc-cpp-guard-01=/usr/src/toolchain -ffile-prefix-map=C:/ap10-ca5f/git-full-01/bootstrap=/usr -fdebug-prefix-map=C:/ap10-ca5f/git-full-01/bootstrap=/usr -fmacro-prefix-map=C:/ap10-ca5f/git-full-01/bootstrap=/usr -fno-delete-null-pointer-checks -Wall -MT mpih-mul1.lo -MD -MP -MF .deps/mpih-mul1.Tpo -c mpih-mul1.c -o mpih-mul1.o >/dev/null 2>&1
mv -f .deps/mpih-mul1.Tpo .deps/mpih-mul1.Plo
/bin/sh ../libtool  --tag=CC   --mode=compile gcc -DHAVE_CONFIG_H -I. -I..  -I../src -I../src -I/c/ap13-dcb/gnupg-core-01/builds/libgcrypt-1.12.2-1-02/sdk/usr/include  -O2 -g -std=gnu17 -fstack-protector-strong -ffile-prefix-map=C:/ap13-dcb/gnupg-core-01/builds/libgcrypt-1.12.2-1-02=/usr/src/debug/libgcrypt-1.12.2 -fdebug-prefix-map=C:/ap13-dcb/gnupg-core-01/builds/libgcrypt-1.12.2-1-02=/usr/src/debug/libgcrypt-1.12.2 -fmacro-prefix-map=C:/ap13-dcb/gnupg-core-01/builds/libgcrypt-1.12.2-1-02=/usr/src/debug/libgcrypt-1.12.2 -ffile-prefix-map=C:/ag-e138920f/tc-cpp-guard-01=/usr/src/toolchain -fdebug-prefix-map=C:/ag-e138920f/tc-cpp-guard-01=/usr/src/toolchain -fmacro-prefix-map=C:/ag-e138920f/tc-cpp-guard-01=/usr/src/toolchain -ffile-prefix-map=C:/ap10-ca5f/git-full-01/bootstrap=/usr -fdebug-prefix-map=C:/ap10-ca5f/git-full-01/bootstrap=/usr -fmacro-prefix-map=C:/ap10-ca5f/git-full-01/bootstrap=/usr -fno-delete-null-pointer-checks -Wall -MT mpih-mul2.lo -MD -MP -MF .deps/mpih-mul2.Tpo -c -o mpih-mul2.lo mpih-mul2.c
libtool: compile:  gcc -DHAVE_CONFIG_H -I. -I.. -I../src -I../src -I/c/ap13-dcb/gnupg-core-01/builds/libgcrypt-1.12.2-1-02/sdk/usr/include -O2 -g -std=gnu17 -fstack-protector-strong -ffile-prefix-map=C:/ap13-dcb/gnupg-core-01/builds/libgcrypt-1.12.2-1-02=/usr/src/debug/libgcrypt-1.12.2 -fdebug-prefix-map=C:/ap13-dcb/gnupg-core-01/builds/libgcrypt-1.12.2-1-02=/usr/src/debug/libgcrypt-1.12.2 -fmacro-prefix-map=C:/ap13-dcb/gnupg-core-01/builds/libgcrypt-1.12.2-1-02=/usr/src/debug/libgcrypt-1.12.2 -ffile-prefix-map=C:/ag-e138920f/tc-cpp-guard-01=/usr/src/toolchain -fdebug-prefix-map=C:/ag-e138920f/tc-cpp-guard-01=/usr/src/toolchain -fmacro-prefix-map=C:/ag-e138920f/tc-cpp-guard-01=/usr/src/toolchain -ffile-prefix-map=C:/ap10-ca5f/git-full-01/bootstrap=/usr -fdebug-prefix-map=C:/ap10-ca5f/git-full-01/bootstrap=/usr -fmacro-prefix-map=C:/ap10-ca5f/git-full-01/bootstrap=/usr -fno-delete-null-pointer-checks -Wall -MT mpih-mul2.lo -MD -MP -MF .deps/mpih-mul2.Tpo -c mpih-mul2.c  -DDLL_EXPORT -DPIC -o .libs/mpih-mul2.o
libtool: compile:  gcc -DHAVE_CONFIG_H -I. -I.. -I../src -I../src -I/c/ap13-dcb/gnupg-core-01/builds/libgcrypt-1.12.2-1-02/sdk/usr/include -O2 -g -std=gnu17 -fstack-protector-strong -ffile-prefix-map=C:/ap13-dcb/gnupg-core-01/builds/libgcrypt-1.12.2-1-02=/usr/src/debug/libgcrypt-1.12.2 -fdebug-prefix-map=C:/ap13-dcb/gnupg-core-01/builds/libgcrypt-1.12.2-1-02=/usr/src/debug/libgcrypt-1.12.2 -fmacro-prefix-map=C:/ap13-dcb/gnupg-core-01/builds/libgcrypt-1.12.2-1-02=/usr/src/debug/libgcrypt-1.12.2 -ffile-prefix-map=C:/ag-e138920f/tc-cpp-guard-01=/usr/src/toolchain -fdebug-prefix-map=C:/ag-e138920f/tc-cpp-guard-01=/usr/src/toolchain -fmacro-prefix-map=C:/ag-e138920f/tc-cpp-guard-01=/usr/src/toolchain -ffile-prefix-map=C:/ap10-ca5f/git-full-01/bootstrap=/usr -fdebug-prefix-map=C:/ap10-ca5f/git-full-01/bootstrap=/usr -fmacro-prefix-map=C:/ap10-ca5f/git-full-01/bootstrap=/usr -fno-delete-null-pointer-checks -Wall -MT mpih-mul2.lo -MD -MP -MF .deps/mpih-mul2.Tpo -c mpih-mul2.c -o mpih-mul2.o >/dev/null 2>&1
mv -f .deps/mpih-mul2.Tpo .deps/mpih-mul2.Plo
/bin/sh ../libtool  --tag=CC   --mode=compile gcc -DHAVE_CONFIG_H -I. -I..  -I../src -I../src -I/c/ap13-dcb/gnupg-core-01/builds/libgcrypt-1.12.2-1-02/sdk/usr/include  -O2 -g -std=gnu17 -fstack-protector-strong -ffile-prefix-map=C:/ap13-dcb/gnupg-core-01/builds/libgcrypt-1.12.2-1-02=/usr/src/debug/libgcrypt-1.12.2 -fdebug-prefix-map=C:/ap13-dcb/gnupg-core-01/builds/libgcrypt-1.12.2-1-02=/usr/src/debug/libgcrypt-1.12.2 -fmacro-prefix-map=C:/ap13-dcb/gnupg-core-01/builds/libgcrypt-1.12.2-1-02=/usr/src/debug/libgcrypt-1.12.2 -ffile-prefix-map=C:/ag-e138920f/tc-cpp-guard-01=/usr/src/toolchain -fdebug-prefix-map=C:/ag-e138920f/tc-cpp-guard-01=/usr/src/toolchain -fmacro-prefix-map=C:/ag-e138920f/tc-cpp-guard-01=/usr/src/toolchain -ffile-prefix-map=C:/ap10-ca5f/git-full-01/bootstrap=/usr -fdebug-prefix-map=C:/ap10-ca5f/git-full-01/bootstrap=/usr -fmacro-prefix-map=C:/ap10-ca5f/git-full-01/bootstrap=/usr -fno-delete-null-pointer-checks -Wall -MT mpih-mul3.lo -MD -MP -MF .deps/mpih-mul3.Tpo -c -o mpih-mul3.lo mpih-mul3.c
libtool: compile:  gcc -DHAVE_CONFIG_H -I. -I.. -I../src -I../src -I/c/ap13-dcb/gnupg-core-01/builds/libgcrypt-1.12.2-1-02/sdk/usr/include -O2 -g -std=gnu17 -fstack-protector-strong -ffile-prefix-map=C:/ap13-dcb/gnupg-core-01/builds/libgcrypt-1.12.2-1-02=/usr/src/debug/libgcrypt-1.12.2 -fdebug-prefix-map=C:/ap13-dcb/gnupg-core-01/builds/libgcrypt-1.12.2-1-02=/usr/src/debug/libgcrypt-1.12.2 -fmacro-prefix-map=C:/ap13-dcb/gnupg-core-01/builds/libgcrypt-1.12.2-1-02=/usr/src/debug/libgcrypt-1.12.2 -ffile-prefix-map=C:/ag-e138920f/tc-cpp-guard-01=/usr/src/toolchain -fdebug-prefix-map=C:/ag-e138920f/tc-cpp-guard-01=/usr/src/toolchain -fmacro-prefix-map=C:/ag-e138920f/tc-cpp-guard-01=/usr/src/toolchain -ffile-prefix-map=C:/ap10-ca5f/git-full-01/bootstrap=/usr -fdebug-prefix-map=C:/ap10-ca5f/git-full-01/bootstrap=/usr -fmacro-prefix-map=C:/ap10-ca5f/git-full-01/bootstrap=/usr -fno-delete-null-pointer-checks -Wall -MT mpih-mul3.lo -MD -MP -MF .deps/mpih-mul3.Tpo -c mpih-mul3.c  -DDLL_EXPORT -DPIC -o .libs/mpih-mul3.o
libtool: compile:  gcc -DHAVE_CONFIG_H -I. -I.. -I../src -I../src -I/c/ap13-dcb/gnupg-core-01/builds/libgcrypt-1.12.2-1-02/sdk/usr/include -O2 -g -std=gnu17 -fstack-protector-strong -ffile-prefix-map=C:/ap13-dcb/gnupg-core-01/builds/libgcrypt-1.12.2-1-02=/usr/src/debug/libgcrypt-1.12.2 -fdebug-prefix-map=C:/ap13-dcb/gnupg-core-01/builds/libgcrypt-1.12.2-1-02=/usr/src/debug/libgcrypt-1.12.2 -fmacro-prefix-map=C:/ap13-dcb/gnupg-core-01/builds/libgcrypt-1.12.2-1-02=/usr/src/debug/libgcrypt-1.12.2 -ffile-prefix-map=C:/ag-e138920f/tc-cpp-guard-01=/usr/src/toolchain -fdebug-prefix-map=C:/ag-e138920f/tc-cpp-guard-01=/usr/src/toolchain -fmacro-prefix-map=C:/ag-e138920f/tc-cpp-guard-01=/usr/src/toolchain -ffile-prefix-map=C:/ap10-ca5f/git-full-01/bootstrap=/usr -fdebug-prefix-map=C:/ap10-ca5f/git-full-01/bootstrap=/usr -fmacro-prefix-map=C:/ap10-ca5f/git-full-01/bootstrap=/usr -fno-delete-null-pointer-checks -Wall -MT mpih-mul3.lo -MD -MP -MF .deps/mpih-mul3.Tpo -c mpih-mul3.c -o mpih-mul3.o >/dev/null 2>&1
mv -f .deps/mpih-mul3.Tpo .deps/mpih-mul3.Plo
/bin/sh ../libtool  --tag=CC   --mode=compile gcc -DHAVE_CONFIG_H -I. -I..  -I../src -I../src -I/c/ap13-dcb/gnupg-core-01/builds/libgcrypt-1.12.2-1-02/sdk/usr/include  -O2 -g -std=gnu17 -fstack-protector-strong -ffile-prefix-map=C:/ap13-dcb/gnupg-core-01/builds/libgcrypt-1.12.2-1-02=/usr/src/debug/libgcrypt-1.12.2 -fdebug-prefix-map=C:/ap13-dcb/gnupg-core-01/builds/libgcrypt-1.12.2-1-02=/usr/src/debug/libgcrypt-1.12.2 -fmacro-prefix-map=C:/ap13-dcb/gnupg-core-01/builds/libgcrypt-1.12.2-1-02=/usr/src/debug/libgcrypt-1.12.2 -ffile-prefix-map=C:/ag-e138920f/tc-cpp-guard-01=/usr/src/toolchain -fdebug-prefix-map=C:/ag-e138920f/tc-cpp-guard-01=/usr/src/toolchain -fmacro-prefix-map=C:/ag-e138920f/tc-cpp-guard-01=/usr/src/toolchain -ffile-prefix-map=C:/ap10-ca5f/git-full-01/bootstrap=/usr -fdebug-prefix-map=C:/ap10-ca5f/git-full-01/bootstrap=/usr -fmacro-prefix-map=C:/ap10-ca5f/git-full-01/bootstrap=/usr -fno-delete-null-pointer-checks -Wall -MT mpih-lshift.lo -MD -MP -MF .deps/mpih-lshift.Tpo -c -o mpih-lshift.lo mpih-lshift.c
libtool: compile:  gcc -DHAVE_CONFIG_H -I. -I.. -I../src -I../src -I/c/ap13-dcb/gnupg-core-01/builds/libgcrypt-1.12.2-1-02/sdk/usr/include -O2 -g -std=gnu17 -fstack-protector-strong -ffile-prefix-map=C:/ap13-dcb/gnupg-core-01/builds/libgcrypt-1.12.2-1-02=/usr/src/debug/libgcrypt-1.12.2 -fdebug-prefix-map=C:/ap13-dcb/gnupg-core-01/builds/libgcrypt-1.12.2-1-02=/usr/src/debug/libgcrypt-1.12.2 -fmacro-prefix-map=C:/ap13-dcb/gnupg-core-01/builds/libgcrypt-1.12.2-1-02=/usr/src/debug/libgcrypt-1.12.2 -ffile-prefix-map=C:/ag-e138920f/tc-cpp-guard-01=/usr/src/toolchain -fdebug-prefix-map=C:/ag-e138920f/tc-cpp-guard-01=/usr/src/toolchain -fmacro-prefix-map=C:/ag-e138920f/tc-cpp-guard-01=/usr/src/toolchain -ffile-prefix-map=C:/ap10-ca5f/git-full-01/bootstrap=/usr -fdebug-prefix-map=C:/ap10-ca5f/git-full-01/bootstrap=/usr -fmacro-prefix-map=C:/ap10-ca5f/git-full-01/bootstrap=/usr -fno-delete-null-pointer-checks -Wall -MT mpih-lshift.lo -MD -MP -MF .deps/mpih-lshift.Tpo -c mpih-lshift.c  -DDLL_EXPORT -DPIC -o .libs/mpih-lshift.o
libtool: compile:  gcc -DHAVE_CONFIG_H -I. -I.. -I../src -I../src -I/c/ap13-dcb/gnupg-core-01/builds/libgcrypt-1.12.2-1-02/sdk/usr/include -O2 -g -std=gnu17 -fstack-protector-strong -ffile-prefix-map=C:/ap13-dcb/gnupg-core-01/builds/libgcrypt-1.12.2-1-02=/usr/src/debug/libgcrypt-1.12.2 -fdebug-prefix-map=C:/ap13-dcb/gnupg-core-01/builds/libgcrypt-1.12.2-1-02=/usr/src/debug/libgcrypt-1.12.2 -fmacro-prefix-map=C:/ap13-dcb/gnupg-core-01/builds/libgcrypt-1.12.2-1-02=/usr/src/debug/libgcrypt-1.12.2 -ffile-prefix-map=C:/ag-e138920f/tc-cpp-guard-01=/usr/src/toolchain -fdebug-prefix-map=C:/ag-e138920f/tc-cpp-guard-01=/usr/src/toolchain -fmacro-prefix-map=C:/ag-e138920f/tc-cpp-guard-01=/usr/src/toolchain -ffile-prefix-map=C:/ap10-ca5f/git-full-01/bootstrap=/usr -fdebug-prefix-map=C:/ap10-ca5f/git-full-01/bootstrap=/usr -fmacro-prefix-map=C:/ap10-ca5f/git-full-01/bootstrap=/usr -fno-delete-null-pointer-checks -Wall -MT mpih-lshift.lo -MD -MP -MF .deps/mpih-lshift.Tpo -c mpih-lshift.c -o mpih-lshift.o >/dev/null 2>&1
mv -f .deps/mpih-lshift.Tpo .deps/mpih-lshift.Plo
/bin/sh ../libtool  --tag=CC   --mode=compile gcc -DHAVE_CONFIG_H -I. -I..  -I../src -I../src -I/c/ap13-dcb/gnupg-core-01/builds/libgcrypt-1.12.2-1-02/sdk/usr/include  -O2 -g -std=gnu17 -fstack-protector-strong -ffile-prefix-map=C:/ap13-dcb/gnupg-core-01/builds/libgcrypt-1.12.2-1-02=/usr/src/debug/libgcrypt-1.12.2 -fdebug-prefix-map=C:/ap13-dcb/gnupg-core-01/builds/libgcrypt-1.12.2-1-02=/usr/src/debug/libgcrypt-1.12.2 -fmacro-prefix-map=C:/ap13-dcb/gnupg-core-01/builds/libgcrypt-1.12.2-1-02=/usr/src/debug/libgcrypt-1.12.2 -ffile-prefix-map=C:/ag-e138920f/tc-cpp-guard-01=/usr/src/toolchain -fdebug-prefix-map=C:/ag-e138920f/tc-cpp-guard-01=/usr/src/toolchain -fmacro-prefix-map=C:/ag-e138920f/tc-cpp-guard-01=/usr/src/toolchain -ffile-prefix-map=C:/ap10-ca5f/git-full-01/bootstrap=/usr -fdebug-prefix-map=C:/ap10-ca5f/git-full-01/bootstrap=/usr -fmacro-prefix-map=C:/ap10-ca5f/git-full-01/bootstrap=/usr -fno-delete-null-pointer-checks -Wall -MT mpih-rshift.lo -MD -MP -MF .deps/mpih-rshift.Tpo -c -o mpih-rshift.lo mpih-rshift.c
libtool: compile:  gcc -DHAVE_CONFIG_H -I. -I.. -I../src -I../src -I/c/ap13-dcb/gnupg-core-01/builds/libgcrypt-1.12.2-1-02/sdk/usr/include -O2 -g -std=gnu17 -fstack-protector-strong -ffile-prefix-map=C:/ap13-dcb/gnupg-core-01/builds/libgcrypt-1.12.2-1-02=/usr/src/debug/libgcrypt-1.12.2 -fdebug-prefix-map=C:/ap13-dcb/gnupg-core-01/builds/libgcrypt-1.12.2-1-02=/usr/src/debug/libgcrypt-1.12.2 -fmacro-prefix-map=C:/ap13-dcb/gnupg-core-01/builds/libgcrypt-1.12.2-1-02=/usr/src/debug/libgcrypt-1.12.2 -ffile-prefix-map=C:/ag-e138920f/tc-cpp-guard-01=/usr/src/toolchain -fdebug-prefix-map=C:/ag-e138920f/tc-cpp-guard-01=/usr/src/toolchain -fmacro-prefix-map=C:/ag-e138920f/tc-cpp-guard-01=/usr/src/toolchain -ffile-prefix-map=C:/ap10-ca5f/git-full-01/bootstrap=/usr -fdebug-prefix-map=C:/ap10-ca5f/git-full-01/bootstrap=/usr -fmacro-prefix-map=C:/ap10-ca5f/git-full-01/bootstrap=/usr -fno-delete-null-pointer-checks -Wall -MT mpih-rshift.lo -MD -MP -MF .deps/mpih-rshift.Tpo -c mpih-rshift.c  -DDLL_EXPORT -DPIC -o .libs/mpih-rshift.o
libtool: compile:  gcc -DHAVE_CONFIG_H -I. -I.. -I../src -I../src -I/c/ap13-dcb/gnupg-core-01/builds/libgcrypt-1.12.2-1-02/sdk/usr/include -O2 -g -std=gnu17 -fstack-protector-strong -ffile-prefix-map=C:/ap13-dcb/gnupg-core-01/builds/libgcrypt-1.12.2-1-02=/usr/src/debug/libgcrypt-1.12.2 -fdebug-prefix-map=C:/ap13-dcb/gnupg-core-01/builds/libgcrypt-1.12.2-1-02=/usr/src/debug/libgcrypt-1.12.2 -fmacro-prefix-map=C:/ap13-dcb/gnupg-core-01/builds/libgcrypt-1.12.2-1-02=/usr/src/debug/libgcrypt-1.12.2 -ffile-prefix-map=C:/ag-e138920f/tc-cpp-guard-01=/usr/src/toolchain -fdebug-prefix-map=C:/ag-e138920f/tc-cpp-guard-01=/usr/src/toolchain -fmacro-prefix-map=C:/ag-e138920f/tc-cpp-guard-01=/usr/src/toolchain -ffile-prefix-map=C:/ap10-ca5f/git-full-01/bootstrap=/usr -fdebug-prefix-map=C:/ap10-ca5f/git-full-01/bootstrap=/usr -fmacro-prefix-map=C:/ap10-ca5f/git-full-01/bootstrap=/usr -fno-delete-null-pointer-checks -Wall -MT mpih-rshift.lo -MD -MP -MF .deps/mpih-rshift.Tpo -c mpih-rshift.c -o mpih-rshift.o >/dev/null 2>&1
mv -f .deps/mpih-rshift.Tpo .deps/mpih-rshift.Plo
/bin/sh ../libtool  --tag=CC   --mode=link gcc  -O2 -g -std=gnu17 -fstack-protector-strong -ffile-prefix-map=C:/ap13-dcb/gnupg-core-01/builds/libgcrypt-1.12.2-1-02=/usr/src/debug/libgcrypt-1.12.2 -fdebug-prefix-map=C:/ap13-dcb/gnupg-core-01/builds/libgcrypt-1.12.2-1-02=/usr/src/debug/libgcrypt-1.12.2 -fmacro-prefix-map=C:/ap13-dcb/gnupg-core-01/builds/libgcrypt-1.12.2-1-02=/usr/src/debug/libgcrypt-1.12.2 -ffile-prefix-map=C:/ag-e138920f/tc-cpp-guard-01=/usr/src/toolchain -fdebug-prefix-map=C:/ag-e138920f/tc-cpp-guard-01=/usr/src/toolchain -fmacro-prefix-map=C:/ag-e138920f/tc-cpp-guard-01=/usr/src/toolchain -ffile-prefix-map=C:/ap10-ca5f/git-full-01/bootstrap=/usr -fdebug-prefix-map=C:/ap10-ca5f/git-full-01/bootstrap=/usr -fmacro-prefix-map=C:/ap10-ca5f/git-full-01/bootstrap=/usr -fno-delete-null-pointer-checks -Wall  -L/c/ap13-dcb/gnupg-core-01/builds/libgcrypt-1.12.2-1-02/sdk/usr/lib -Wl,--no-insert-timestamp -o libmpi.la  mpi-add.lo mpi-bit.lo mpi-cmp.lo mpi-div.lo mpi-gcd.lo mpi-inline.lo mpi-inv.lo mpi-mul.lo mpi-mod.lo mpi-pow.lo mpi-mpow.lo mpi-scan.lo mpicoder.lo mpih-div.lo mpih-mul.lo mpih-pow.lo mpih-const-time.lo mpiutil.lo ec.lo ec-ed25519.lo ec-nist.lo ec-hw-s390x.lo mpih-add1.lo mpih-sub1.lo mpih-mul1.lo mpih-mul2.lo mpih-mul3.lo mpih-lshift.lo mpih-rshift.lo    
libtool: link: ar cr .libs/libmpi.a .libs/mpi-add.o .libs/mpi-bit.o .libs/mpi-cmp.o .libs/mpi-div.o .libs/mpi-gcd.o .libs/mpi-inline.o .libs/mpi-inv.o .libs/mpi-mul.o .libs/mpi-mod.o .libs/mpi-pow.o .libs/mpi-mpow.o .libs/mpi-scan.o .libs/mpicoder.o .libs/mpih-div.o .libs/mpih-mul.o .libs/mpih-pow.o .libs/mpih-const-time.o .libs/mpiutil.o .libs/ec.o .libs/ec-ed25519.o .libs/ec-nist.o .libs/ec-hw-s390x.o .libs/mpih-add1.o .libs/mpih-sub1.o .libs/mpih-mul1.o .libs/mpih-mul2.o .libs/mpih-mul3.o .libs/mpih-lshift.o .libs/mpih-rshift.o 
libtool: link: ranlib .libs/libmpi.a
libtool: link: ( cd ".libs" && rm -f "libmpi.la" && cp -pR "../libmpi.la" "libmpi.la" )
make[2]: Leaving directory '/c/ap13-dcb/gnupg-core-01/builds/libgcrypt-1.12.2-1-02/build/libgcrypt/src/libgcrypt-1.12.2/mpi'
Making all in cipher
make[2]: Entering directory '/c/ap13-dcb/gnupg-core-01/builds/libgcrypt-1.12.2-1-02/build/libgcrypt/src/libgcrypt-1.12.2/cipher'
/bin/sh ../libtool  --tag=CC   --mode=compile gcc -DHAVE_CONFIG_H -I. -I..  -I../src -I../src -I../mpi -I../mpi -I/c/ap13-dcb/gnupg-core-01/builds/libgcrypt-1.12.2-1-02/sdk/usr/include  -O2 -g -std=gnu17 -fstack-protector-strong -ffile-prefix-map=C:/ap13-dcb/gnupg-core-01/builds/libgcrypt-1.12.2-1-02=/usr/src/debug/libgcrypt-1.12.2 -fdebug-prefix-map=C:/ap13-dcb/gnupg-core-01/builds/libgcrypt-1.12.2-1-02=/usr/src/debug/libgcrypt-1.12.2 -fmacro-prefix-map=C:/ap13-dcb/gnupg-core-01/builds/libgcrypt-1.12.2-1-02=/usr/src/debug/libgcrypt-1.12.2 -ffile-prefix-map=C:/ag-e138920f/tc-cpp-guard-01=/usr/src/toolchain -fdebug-prefix-map=C:/ag-e138920f/tc-cpp-guard-01=/usr/src/toolchain -fmacro-prefix-map=C:/ag-e138920f/tc-cpp-guard-01=/usr/src/toolchain -ffile-prefix-map=C:/ap10-ca5f/git-full-01/bootstrap=/usr -fdebug-prefix-map=C:/ap10-ca5f/git-full-01/bootstrap=/usr -fmacro-prefix-map=C:/ap10-ca5f/git-full-01/bootstrap=/usr -fno-delete-null-pointer-checks -Wall -MT cipher.lo -MD -MP -MF .deps/cipher.Tpo -c -o cipher.lo cipher.c
libtool: compile:  gcc -DHAVE_CONFIG_H -I. -I.. -I../src -I../src -I../mpi -I../mpi -I/c/ap13-dcb/gnupg-core-01/builds/libgcrypt-1.12.2-1-02/sdk/usr/include -O2 -g -std=gnu17 -fstack-protector-strong -ffile-prefix-map=C:/ap13-dcb/gnupg-core-01/builds/libgcrypt-1.12.2-1-02=/usr/src/debug/libgcrypt-1.12.2 -fdebug-prefix-map=C:/ap13-dcb/gnupg-core-01/builds/libgcrypt-1.12.2-1-02=/usr/src/debug/libgcrypt-1.12.2 -fmacro-prefix-map=C:/ap13-dcb/gnupg-core-01/builds/libgcrypt-1.12.2-1-02=/usr/src/debug/libgcrypt-1.12.2 -ffile-prefix-map=C:/ag-e138920f/tc-cpp-guard-01=/usr/src/toolchain -fdebug-prefix-map=C:/ag-e138920f/tc-cpp-guard-01=/usr/src/toolchain -fmacro-prefix-map=C:/ag-e138920f/tc-cpp-guard-01=/usr/src/toolchain -ffile-prefix-map=C:/ap10-ca5f/git-full-01/bootstrap=/usr -fdebug-prefix-map=C:/ap10-ca5f/git-full-01/bootstrap=/usr -fmacro-prefix-map=C:/ap10-ca5f/git-full-01/bootstrap=/usr -fno-delete-null-pointer-checks -Wall -MT cipher.lo -MD -MP -MF .deps/cipher.Tpo -c cipher.c  -DDLL_EXPORT -DPIC -o .libs/cipher.o
libtool: compile:  gcc -DHAVE_CONFIG_H -I. -I.. -I../src -I../src -I../mpi -I../mpi -I/c/ap13-dcb/gnupg-core-01/builds/libgcrypt-1.12.2-1-02/sdk/usr/include -O2 -g -std=gnu17 -fstack-protector-strong -ffile-prefix-map=C:/ap13-dcb/gnupg-core-01/builds/libgcrypt-1.12.2-1-02=/usr/src/debug/libgcrypt-1.12.2 -fdebug-prefix-map=C:/ap13-dcb/gnupg-core-01/builds/libgcrypt-1.12.2-1-02=/usr/src/debug/libgcrypt-1.12.2 -fmacro-prefix-map=C:/ap13-dcb/gnupg-core-01/builds/libgcrypt-1.12.2-1-02=/usr/src/debug/libgcrypt-1.12.2 -ffile-prefix-map=C:/ag-e138920f/tc-cpp-guard-01=/usr/src/toolchain -fdebug-prefix-map=C:/ag-e138920f/tc-cpp-guard-01=/usr/src/toolchain -fmacro-prefix-map=C:/ag-e138920f/tc-cpp-guard-01=/usr/src/toolchain -ffile-prefix-map=C:/ap10-ca5f/git-full-01/bootstrap=/usr -fdebug-prefix-map=C:/ap10-ca5f/git-full-01/bootstrap=/usr -fmacro-prefix-map=C:/ap10-ca5f/git-full-01/bootstrap=/usr -fno-delete-null-pointer-checks -Wall -MT cipher.lo -MD -MP -MF .deps/cipher.Tpo -c cipher.c -o cipher.o >/dev/null 2>&1
mv -f .deps/cipher.Tpo .deps/cipher.Plo
/bin/sh ../libtool  --tag=CC   --mode=compile gcc -DHAVE_CONFIG_H -I. -I..  -I../src -I../src -I../mpi -I../mpi -I/c/ap13-dcb/gnupg-core-01/builds/libgcrypt-1.12.2-1-02/sdk/usr/include  -O2 -g -std=gnu17 -fstack-protector-strong -ffile-prefix-map=C:/ap13-dcb/gnupg-core-01/builds/libgcrypt-1.12.2-1-02=/usr/src/debug/libgcrypt-1.12.2 -fdebug-prefix-map=C:/ap13-dcb/gnupg-core-01/builds/libgcrypt-1.12.2-1-02=/usr/src/debug/libgcrypt-1.12.2 -fmacro-prefix-map=C:/ap13-dcb/gnupg-core-01/builds/libgcrypt-1.12.2-1-02=/usr/src/debug/libgcrypt-1.12.2 -ffile-prefix-map=C:/ag-e138920f/tc-cpp-guard-01=/usr/src/toolchain -fdebug-prefix-map=C:/ag-e138920f/tc-cpp-guard-01=/usr/src/toolchain -fmacro-prefix-map=C:/ag-e138920f/tc-cpp-guard-01=/usr/src/toolchain -ffile-prefix-map=C:/ap10-ca5f/git-full-01/bootstrap=/usr -fdebug-prefix-map=C:/ap10-ca5f/git-full-01/bootstrap=/usr -fmacro-prefix-map=C:/ap10-ca5f/git-full-01/bootstrap=/usr -fno-delete-null-pointer-checks -Wall -MT cipher-cbc.lo -MD -MP -MF .deps/cipher-cbc.Tpo -c -o cipher-cbc.lo cipher-cbc.c
libtool: compile:  gcc -DHAVE_CONFIG_H -I. -I.. -I../src -I../src -I../mpi -I../mpi -I/c/ap13-dcb/gnupg-core-01/builds/libgcrypt-1.12.2-1-02/sdk/usr/include -O2 -g -std=gnu17 -fstack-protector-strong -ffile-prefix-map=C:/ap13-dcb/gnupg-core-01/builds/libgcrypt-1.12.2-1-02=/usr/src/debug/libgcrypt-1.12.2 -fdebug-prefix-map=C:/ap13-dcb/gnupg-core-01/builds/libgcrypt-1.12.2-1-02=/usr/src/debug/libgcrypt-1.12.2 -fmacro-prefix-map=C:/ap13-dcb/gnupg-core-01/builds/libgcrypt-1.12.2-1-02=/usr/src/debug/libgcrypt-1.12.2 -ffile-prefix-map=C:/ag-e138920f/tc-cpp-guard-01=/usr/src/toolchain -fdebug-prefix-map=C:/ag-e138920f/tc-cpp-guard-01=/usr/src/toolchain -fmacro-prefix-map=C:/ag-e138920f/tc-cpp-guard-01=/usr/src/toolchain -ffile-prefix-map=C:/ap10-ca5f/git-full-01/bootstrap=/usr -fdebug-prefix-map=C:/ap10-ca5f/git-full-01/bootstrap=/usr -fmacro-prefix-map=C:/ap10-ca5f/git-full-01/bootstrap=/usr -fno-delete-null-pointer-checks -Wall -MT cipher-cbc.lo -MD -MP -MF .deps/cipher-cbc.Tpo -c cipher-cbc.c  -DDLL_EXPORT -DPIC -o .libs/cipher-cbc.o
libtool: compile:  gcc -DHAVE_CONFIG_H -I. -I.. -I../src -I../src -I../mpi -I../mpi -I/c/ap13-dcb/gnupg-core-01/builds/libgcrypt-1.12.2-1-02/sdk/usr/include -O2 -g -std=gnu17 -fstack-protector-strong -ffile-prefix-map=C:/ap13-dcb/gnupg-core-01/builds/libgcrypt-1.12.2-1-02=/usr/src/debug/libgcrypt-1.12.2 -fdebug-prefix-map=C:/ap13-dcb/gnupg-core-01/builds/libgcrypt-1.12.2-1-02=/usr/src/debug/libgcrypt-1.12.2 -fmacro-prefix-map=C:/ap13-dcb/gnupg-core-01/builds/libgcrypt-1.12.2-1-02=/usr/src/debug/libgcrypt-1.12.2 -ffile-prefix-map=C:/ag-e138920f/tc-cpp-guard-01=/usr/src/toolchain -fdebug-prefix-map=C:/ag-e138920f/tc-cpp-guard-01=/usr/src/toolchain -fmacro-prefix-map=C:/ag-e138920f/tc-cpp-guard-01=/usr/src/toolchain -ffile-prefix-map=C:/ap10-ca5f/git-full-01/bootstrap=/usr -fdebug-prefix-map=C:/ap10-ca5f/git-full-01/bootstrap=/usr -fmacro-prefix-map=C:/ap10-ca5f/git-full-01/bootstrap=/usr -fno-delete-null-pointer-checks -Wall -MT cipher-cbc.lo -MD -MP -MF .deps/cipher-cbc.Tpo -c cipher-cbc.c -o cipher-cbc.o >/dev/null 2>&1
mv -f .deps/cipher-cbc.Tpo .deps/cipher-cbc.Plo
/bin/sh ../libtool  --tag=CC   --mode=compile gcc -DHAVE_CONFIG_H -I. -I..  -I../src -I../src -I../mpi -I../mpi -I/c/ap13-dcb/gnupg-core-01/builds/libgcrypt-1.12.2-1-02/sdk/usr/include  -O2 -g -std=gnu17 -fstack-protector-strong -ffile-prefix-map=C:/ap13-dcb/gnupg-core-01/builds/libgcrypt-1.12.2-1-02=/usr/src/debug/libgcrypt-1.12.2 -fdebug-prefix-map=C:/ap13-dcb/gnupg-core-01/builds/libgcrypt-1.12.2-1-02=/usr/src/debug/libgcrypt-1.12.2 -fmacro-prefix-map=C:/ap13-dcb/gnupg-core-01/builds/libgcrypt-1.12.2-1-02=/usr/src/debug/libgcrypt-1.12.2 -ffile-prefix-map=C:/ag-e138920f/tc-cpp-guard-01=/usr/src/toolchain -fdebug-prefix-map=C:/ag-e138920f/tc-cpp-guard-01=/usr/src/toolchain -fmacro-prefix-map=C:/ag-e138920f/tc-cpp-guard-01=/usr/src/toolchain -ffile-prefix-map=C:/ap10-ca5f/git-full-01/bootstrap=/usr -fdebug-prefix-map=C:/ap10-ca5f/git-full-01/bootstrap=/usr -fmacro-prefix-map=C:/ap10-ca5f/git-full-01/bootstrap=/usr -fno-delete-null-pointer-checks -Wall -MT cipher-cfb.lo -MD -MP -MF .deps/cipher-cfb.Tpo -c -o cipher-cfb.lo cipher-cfb.c
libtool: compile:  gcc -DHAVE_CONFIG_H -I. -I.. -I../src -I../src -I../mpi -I../mpi -I/c/ap13-dcb/gnupg-core-01/builds/libgcrypt-1.12.2-1-02/sdk/usr/include -O2 -g -std=gnu17 -fstack-protector-strong -ffile-prefix-map=C:/ap13-dcb/gnupg-core-01/builds/libgcrypt-1.12.2-1-02=/usr/src/debug/libgcrypt-1.12.2 -fdebug-prefix-map=C:/ap13-dcb/gnupg-core-01/builds/libgcrypt-1.12.2-1-02=/usr/src/debug/libgcrypt-1.12.2 -fmacro-prefix-map=C:/ap13-dcb/gnupg-core-01/builds/libgcrypt-1.12.2-1-02=/usr/src/debug/libgcrypt-1.12.2 -ffile-prefix-map=C:/ag-e138920f/tc-cpp-guard-01=/usr/src/toolchain -fdebug-prefix-map=C:/ag-e138920f/tc-cpp-guard-01=/usr/src/toolchain -fmacro-prefix-map=C:/ag-e138920f/tc-cpp-guard-01=/usr/src/toolchain -ffile-prefix-map=C:/ap10-ca5f/git-full-01/bootstrap=/usr -fdebug-prefix-map=C:/ap10-ca5f/git-full-01/bootstrap=/usr -fmacro-prefix-map=C:/ap10-ca5f/git-full-01/bootstrap=/usr -fno-delete-null-pointer-checks -Wall -MT cipher-cfb.lo -MD -MP -MF .deps/cipher-cfb.Tpo -c cipher-cfb.c  -DDLL_EXPORT -DPIC -o .libs/cipher-cfb.o
libtool: compile:  gcc -DHAVE_CONFIG_H -I. -I.. -I../src -I../src -I../mpi -I../mpi -I/c/ap13-dcb/gnupg-core-01/builds/libgcrypt-1.12.2-1-02/sdk/usr/include -O2 -g -std=gnu17 -fstack-protector-strong -ffile-prefix-map=C:/ap13-dcb/gnupg-core-01/builds/libgcrypt-1.12.2-1-02=/usr/src/debug/libgcrypt-1.12.2 -fdebug-prefix-map=C:/ap13-dcb/gnupg-core-01/builds/libgcrypt-1.12.2-1-02=/usr/src/debug/libgcrypt-1.12.2 -fmacro-prefix-map=C:/ap13-dcb/gnupg-core-01/builds/libgcrypt-1.12.2-1-02=/usr/src/debug/libgcrypt-1.12.2 -ffile-prefix-map=C:/ag-e138920f/tc-cpp-guard-01=/usr/src/toolchain -fdebug-prefix-map=C:/ag-e138920f/tc-cpp-guard-01=/usr/src/toolchain -fmacro-prefix-map=C:/ag-e138920f/tc-cpp-guard-01=/usr/src/toolchain -ffile-prefix-map=C:/ap10-ca5f/git-full-01/bootstrap=/usr -fdebug-prefix-map=C:/ap10-ca5f/git-full-01/bootstrap=/usr -fmacro-prefix-map=C:/ap10-ca5f/git-full-01/bootstrap=/usr -fno-delete-null-pointer-checks -Wall -MT cipher-cfb.lo -MD -MP -MF .deps/cipher-cfb.Tpo -c cipher-cfb.c -o cipher-cfb.o >/dev/null 2>&1
mv -f .deps/cipher-cfb.Tpo .deps/cipher-cfb.Plo
/bin/sh ../libtool  --tag=CC   --mode=compile gcc -DHAVE_CONFIG_H -I. -I..  -I../src -I../src -I../mpi -I../mpi -I/c/ap13-dcb/gnupg-core-01/builds/libgcrypt-1.12.2-1-02/sdk/usr/include  -O2 -g -std=gnu17 -fstack-protector-strong -ffile-prefix-map=C:/ap13-dcb/gnupg-core-01/builds/libgcrypt-1.12.2-1-02=/usr/src/debug/libgcrypt-1.12.2 -fdebug-prefix-map=C:/ap13-dcb/gnupg-core-01/builds/libgcrypt-1.12.2-1-02=/usr/src/debug/libgcrypt-1.12.2 -fmacro-prefix-map=C:/ap13-dcb/gnupg-core-01/builds/libgcrypt-1.12.2-1-02=/usr/src/debug/libgcrypt-1.12.2 -ffile-prefix-map=C:/ag-e138920f/tc-cpp-guard-01=/usr/src/toolchain -fdebug-prefix-map=C:/ag-e138920f/tc-cpp-guard-01=/usr/src/toolchain -fmacro-prefix-map=C:/ag-e138920f/tc-cpp-guard-01=/usr/src/toolchain -ffile-prefix-map=C:/ap10-ca5f/git-full-01/bootstrap=/usr -fdebug-prefix-map=C:/ap10-ca5f/git-full-01/bootstrap=/usr -fmacro-prefix-map=C:/ap10-ca5f/git-full-01/bootstrap=/usr -fno-delete-null-pointer-checks -Wall -MT cipher-ofb.lo -MD -MP -MF .deps/cipher-ofb.Tpo -c -o cipher-ofb.lo cipher-ofb.c
libtool: compile:  gcc -DHAVE_CONFIG_H -I. -I.. -I../src -I../src -I../mpi -I../mpi -I/c/ap13-dcb/gnupg-core-01/builds/libgcrypt-1.12.2-1-02/sdk/usr/include -O2 -g -std=gnu17 -fstack-protector-strong -ffile-prefix-map=C:/ap13-dcb/gnupg-core-01/builds/libgcrypt-1.12.2-1-02=/usr/src/debug/libgcrypt-1.12.2 -fdebug-prefix-map=C:/ap13-dcb/gnupg-core-01/builds/libgcrypt-1.12.2-1-02=/usr/src/debug/libgcrypt-1.12.2 -fmacro-prefix-map=C:/ap13-dcb/gnupg-core-01/builds/libgcrypt-1.12.2-1-02=/usr/src/debug/libgcrypt-1.12.2 -ffile-prefix-map=C:/ag-e138920f/tc-cpp-guard-01=/usr/src/toolchain -fdebug-prefix-map=C:/ag-e138920f/tc-cpp-guard-01=/usr/src/toolchain -fmacro-prefix-map=C:/ag-e138920f/tc-cpp-guard-01=/usr/src/toolchain -ffile-prefix-map=C:/ap10-ca5f/git-full-01/bootstrap=/usr -fdebug-prefix-map=C:/ap10-ca5f/git-full-01/bootstrap=/usr -fmacro-prefix-map=C:/ap10-ca5f/git-full-01/bootstrap=/usr -fno-delete-null-pointer-checks -Wall -MT cipher-ofb.lo -MD -MP -MF .deps/cipher-ofb.Tpo -c cipher-ofb.c  -DDLL_EXPORT -DPIC -o .libs/cipher-ofb.o
libtool: compile:  gcc -DHAVE_CONFIG_H -I. -I.. -I../src -I../src -I../mpi -I../mpi -I/c/ap13-dcb/gnupg-core-01/builds/libgcrypt-1.12.2-1-02/sdk/usr/include -O2 -g -std=gnu17 -fstack-protector-strong -ffile-prefix-map=C:/ap13-dcb/gnupg-core-01/builds/libgcrypt-1.12.2-1-02=/usr/src/debug/libgcrypt-1.12.2 -fdebug-prefix-map=C:/ap13-dcb/gnupg-core-01/builds/libgcrypt-1.12.2-1-02=/usr/src/debug/libgcrypt-1.12.2 -fmacro-prefix-map=C:/ap13-dcb/gnupg-core-01/builds/libgcrypt-1.12.2-1-02=/usr/src/debug/libgcrypt-1.12.2 -ffile-prefix-map=C:/ag-e138920f/tc-cpp-guard-01=/usr/src/toolchain -fdebug-prefix-map=C:/ag-e138920f/tc-cpp-guard-01=/usr/src/toolchain -fmacro-prefix-map=C:/ag-e138920f/tc-cpp-guard-01=/usr/src/toolchain -ffile-prefix-map=C:/ap10-ca5f/git-full-01/bootstrap=/usr -fdebug-prefix-map=C:/ap10-ca5f/git-full-01/bootstrap=/usr -fmacro-prefix-map=C:/ap10-ca5f/git-full-01/bootstrap=/usr -fno-delete-null-pointer-checks -Wall -MT cipher-ofb.lo -MD -MP -MF .deps/cipher-ofb.Tpo -c cipher-ofb.c -o cipher-ofb.o >/dev/null 2>&1
mv -f .deps/cipher-ofb.Tpo .deps/cipher-ofb.Plo
/bin/sh ../libtool  --tag=CC   --mode=compile gcc -DHAVE_CONFIG_H -I. -I..  -I../src -I../src -I../mpi -I../mpi -I/c/ap13-dcb/gnupg-core-01/builds/libgcrypt-1.12.2-1-02/sdk/usr/include  -O2 -g -std=gnu17 -fstack-protector-strong -ffile-prefix-map=C:/ap13-dcb/gnupg-core-01/builds/libgcrypt-1.12.2-1-02=/usr/src/debug/libgcrypt-1.12.2 -fdebug-prefix-map=C:/ap13-dcb/gnupg-core-01/builds/libgcrypt-1.12.2-1-02=/usr/src/debug/libgcrypt-1.12.2 -fmacro-prefix-map=C:/ap13-dcb/gnupg-core-01/builds/libgcrypt-1.12.2-1-02=/usr/src/debug/libgcrypt-1.12.2 -ffile-prefix-map=C:/ag-e138920f/tc-cpp-guard-01=/usr/src/toolchain -fdebug-prefix-map=C:/ag-e138920f/tc-cpp-guard-01=/usr/src/toolchain -fmacro-prefix-map=C:/ag-e138920f/tc-cpp-guard-01=/usr/src/toolchain -ffile-prefix-map=C:/ap10-ca5f/git-full-01/bootstrap=/usr -fdebug-prefix-map=C:/ap10-ca5f/git-full-01/bootstrap=/usr -fmacro-prefix-map=C:/ap10-ca5f/git-full-01/bootstrap=/usr -fno-delete-null-pointer-checks -Wall -MT cipher-ctr.lo -MD -MP -MF .deps/cipher-ctr.Tpo -c -o cipher-ctr.lo cipher-ctr.c
libtool: compile:  gcc -DHAVE_CONFIG_H -I. -I.. -I../src -I../src -I../mpi -I../mpi -I/c/ap13-dcb/gnupg-core-01/builds/libgcrypt-1.12.2-1-02/sdk/usr/include -O2 -g -std=gnu17 -fstack-protector-strong -ffile-prefix-map=C:/ap13-dcb/gnupg-core-01/builds/libgcrypt-1.12.2-1-02=/usr/src/debug/libgcrypt-1.12.2 -fdebug-prefix-map=C:/ap13-dcb/gnupg-core-01/builds/libgcrypt-1.12.2-1-02=/usr/src/debug/libgcrypt-1.12.2 -fmacro-prefix-map=C:/ap13-dcb/gnupg-core-01/builds/libgcrypt-1.12.2-1-02=/usr/src/debug/libgcrypt-1.12.2 -ffile-prefix-map=C:/ag-e138920f/tc-cpp-guard-01=/usr/src/toolchain -fdebug-prefix-map=C:/ag-e138920f/tc-cpp-guard-01=/usr/src/toolchain -fmacro-prefix-map=C:/ag-e138920f/tc-cpp-guard-01=/usr/src/toolchain -ffile-prefix-map=C:/ap10-ca5f/git-full-01/bootstrap=/usr -fdebug-prefix-map=C:/ap10-ca5f/git-full-01/bootstrap=/usr -fmacro-prefix-map=C:/ap10-ca5f/git-full-01/bootstrap=/usr -fno-delete-null-pointer-checks -Wall -MT cipher-ctr.lo -MD -MP -MF .deps/cipher-ctr.Tpo -c cipher-ctr.c  -DDLL_EXPORT -DPIC -o .libs/cipher-ctr.o
libtool: compile:  gcc -DHAVE_CONFIG_H -I. -I.. -I../src -I../src -I../mpi -I../mpi -I/c/ap13-dcb/gnupg-core-01/builds/libgcrypt-1.12.2-1-02/sdk/usr/include -O2 -g -std=gnu17 -fstack-protector-strong -ffile-prefix-map=C:/ap13-dcb/gnupg-core-01/builds/libgcrypt-1.12.2-1-02=/usr/src/debug/libgcrypt-1.12.2 -fdebug-prefix-map=C:/ap13-dcb/gnupg-core-01/builds/libgcrypt-1.12.2-1-02=/usr/src/debug/libgcrypt-1.12.2 -fmacro-prefix-map=C:/ap13-dcb/gnupg-core-01/builds/libgcrypt-1.12.2-1-02=/usr/src/debug/libgcrypt-1.12.2 -ffile-prefix-map=C:/ag-e138920f/tc-cpp-guard-01=/usr/src/toolchain -fdebug-prefix-map=C:/ag-e138920f/tc-cpp-guard-01=/usr/src/toolchain -fmacro-prefix-map=C:/ag-e138920f/tc-cpp-guard-01=/usr/src/toolchain -ffile-prefix-map=C:/ap10-ca5f/git-full-01/bootstrap=/usr -fdebug-prefix-map=C:/ap10-ca5f/git-full-01/bootstrap=/usr -fmacro-prefix-map=C:/ap10-ca5f/git-full-01/bootstrap=/usr -fno-delete-null-pointer-checks -Wall -MT cipher-ctr.lo -MD -MP -MF .deps/cipher-ctr.Tpo -c cipher-ctr.c -o cipher-ctr.o >/dev/null 2>&1
mv -f .deps/cipher-ctr.Tpo .deps/cipher-ctr.Plo
/bin/sh ../libtool  --tag=CC   --mode=compile gcc -DHAVE_CONFIG_H -I. -I..  -I../src -I../src -I../mpi -I../mpi -I/c/ap13-dcb/gnupg-core-01/builds/libgcrypt-1.12.2-1-02/sdk/usr/include  -O2 -g -std=gnu17 -fstack-protector-strong -ffile-prefix-map=C:/ap13-dcb/gnupg-core-01/builds/libgcrypt-1.12.2-1-02=/usr/src/debug/libgcrypt-1.12.2 -fdebug-prefix-map=C:/ap13-dcb/gnupg-core-01/builds/libgcrypt-1.12.2-1-02=/usr/src/debug/libgcrypt-1.12.2 -fmacro-prefix-map=C:/ap13-dcb/gnupg-core-01/builds/libgcrypt-1.12.2-1-02=/usr/src/debug/libgcrypt-1.12.2 -ffile-prefix-map=C:/ag-e138920f/tc-cpp-guard-01=/usr/src/toolchain -fdebug-prefix-map=C:/ag-e138920f/tc-cpp-guard-01=/usr/src/toolchain -fmacro-prefix-map=C:/ag-e138920f/tc-cpp-guard-01=/usr/src/toolchain -ffile-prefix-map=C:/ap10-ca5f/git-full-01/bootstrap=/usr -fdebug-prefix-map=C:/ap10-ca5f/git-full-01/bootstrap=/usr -fmacro-prefix-map=C:/ap10-ca5f/git-full-01/bootstrap=/usr -fno-delete-null-pointer-checks -Wall -MT cipher-aeswrap.lo -MD -MP -MF .deps/cipher-aeswrap.Tpo -c -o cipher-aeswrap.lo cipher-aeswrap.c
libtool: compile:  gcc -DHAVE_CONFIG_H -I. -I.. -I../src -I../src -I../mpi -I../mpi -I/c/ap13-dcb/gnupg-core-01/builds/libgcrypt-1.12.2-1-02/sdk/usr/include -O2 -g -std=gnu17 -fstack-protector-strong -ffile-prefix-map=C:/ap13-dcb/gnupg-core-01/builds/libgcrypt-1.12.2-1-02=/usr/src/debug/libgcrypt-1.12.2 -fdebug-prefix-map=C:/ap13-dcb/gnupg-core-01/builds/libgcrypt-1.12.2-1-02=/usr/src/debug/libgcrypt-1.12.2 -fmacro-prefix-map=C:/ap13-dcb/gnupg-core-01/builds/libgcrypt-1.12.2-1-02=/usr/src/debug/libgcrypt-1.12.2 -ffile-prefix-map=C:/ag-e138920f/tc-cpp-guard-01=/usr/src/toolchain -fdebug-prefix-map=C:/ag-e138920f/tc-cpp-guard-01=/usr/src/toolchain -fmacro-prefix-map=C:/ag-e138920f/tc-cpp-guard-01=/usr/src/toolchain -ffile-prefix-map=C:/ap10-ca5f/git-full-01/bootstrap=/usr -fdebug-prefix-map=C:/ap10-ca5f/git-full-01/bootstrap=/usr -fmacro-prefix-map=C:/ap10-ca5f/git-full-01/bootstrap=/usr -fno-delete-null-pointer-checks -Wall -MT cipher-aeswrap.lo -MD -MP -MF .deps/cipher-aeswrap.Tpo -c cipher-aeswrap.c  -DDLL_EXPORT -DPIC -o .libs/cipher-aeswrap.o
libtool: compile:  gcc -DHAVE_CONFIG_H -I. -I.. -I../src -I../src -I../mpi -I../mpi -I/c/ap13-dcb/gnupg-core-01/builds/libgcrypt-1.12.2-1-02/sdk/usr/include -O2 -g -std=gnu17 -fstack-protector-strong -ffile-prefix-map=C:/ap13-dcb/gnupg-core-01/builds/libgcrypt-1.12.2-1-02=/usr/src/debug/libgcrypt-1.12.2 -fdebug-prefix-map=C:/ap13-dcb/gnupg-core-01/builds/libgcrypt-1.12.2-1-02=/usr/src/debug/libgcrypt-1.12.2 -fmacro-prefix-map=C:/ap13-dcb/gnupg-core-01/builds/libgcrypt-1.12.2-1-02=/usr/src/debug/libgcrypt-1.12.2 -ffile-prefix-map=C:/ag-e138920f/tc-cpp-guard-01=/usr/src/toolchain -fdebug-prefix-map=C:/ag-e138920f/tc-cpp-guard-01=/usr/src/toolchain -fmacro-prefix-map=C:/ag-e138920f/tc-cpp-guard-01=/usr/src/toolchain -ffile-prefix-map=C:/ap10-ca5f/git-full-01/bootstrap=/usr -fdebug-prefix-map=C:/ap10-ca5f/git-full-01/bootstrap=/usr -fmacro-prefix-map=C:/ap10-ca5f/git-full-01/bootstrap=/usr -fno-delete-null-pointer-checks -Wall -MT cipher-aeswrap.lo -MD -MP -MF .deps/cipher-aeswrap.Tpo -c cipher-aeswrap.c -o cipher-aeswrap.o >/dev/null 2>&1
mv -f .deps/cipher-aeswrap.Tpo .deps/cipher-aeswrap.Plo
/bin/sh ../libtool  --tag=CC   --mode=compile gcc -DHAVE_CONFIG_H -I. -I..  -I../src -I../src -I../mpi -I../mpi -I/c/ap13-dcb/gnupg-core-01/builds/libgcrypt-1.12.2-1-02/sdk/usr/include  -O2 -g -std=gnu17 -fstack-protector-strong -ffile-prefix-map=C:/ap13-dcb/gnupg-core-01/builds/libgcrypt-1.12.2-1-02=/usr/src/debug/libgcrypt-1.12.2 -fdebug-prefix-map=C:/ap13-dcb/gnupg-core-01/builds/libgcrypt-1.12.2-1-02=/usr/src/debug/libgcrypt-1.12.2 -fmacro-prefix-map=C:/ap13-dcb/gnupg-core-01/builds/libgcrypt-1.12.2-1-02=/usr/src/debug/libgcrypt-1.12.2 -ffile-prefix-map=C:/ag-e138920f/tc-cpp-guard-01=/usr/src/toolchain -fdebug-prefix-map=C:/ag-e138920f/tc-cpp-guard-01=/usr/src/toolchain -fmacro-prefix-map=C:/ag-e138920f/tc-cpp-guard-01=/usr/src/toolchain -ffile-prefix-map=C:/ap10-ca5f/git-full-01/bootstrap=/usr -fdebug-prefix-map=C:/ap10-ca5f/git-full-01/bootstrap=/usr -fmacro-prefix-map=C:/ap10-ca5f/git-full-01/bootstrap=/usr -fno-delete-null-pointer-checks -Wall -MT cipher-ccm.lo -MD -MP -MF .deps/cipher-ccm.Tpo -c -o cipher-ccm.lo cipher-ccm.c
libtool: compile:  gcc -DHAVE_CONFIG_H -I. -I.. -I../src -I../src -I../mpi -I../mpi -I/c/ap13-dcb/gnupg-core-01/builds/libgcrypt-1.12.2-1-02/sdk/usr/include -O2 -g -std=gnu17 -fstack-protector-strong -ffile-prefix-map=C:/ap13-dcb/gnupg-core-01/builds/libgcrypt-1.12.2-1-02=/usr/src/debug/libgcrypt-1.12.2 -fdebug-prefix-map=C:/ap13-dcb/gnupg-core-01/builds/libgcrypt-1.12.2-1-02=/usr/src/debug/libgcrypt-1.12.2 -fmacro-prefix-map=C:/ap13-dcb/gnupg-core-01/builds/libgcrypt-1.12.2-1-02=/usr/src/debug/libgcrypt-1.12.2 -ffile-prefix-map=C:/ag-e138920f/tc-cpp-guard-01=/usr/src/toolchain -fdebug-prefix-map=C:/ag-e138920f/tc-cpp-guard-01=/usr/src/toolchain -fmacro-prefix-map=C:/ag-e138920f/tc-cpp-guard-01=/usr/src/toolchain -ffile-prefix-map=C:/ap10-ca5f/git-full-01/bootstrap=/usr -fdebug-prefix-map=C:/ap10-ca5f/git-full-01/bootstrap=/usr -fmacro-prefix-map=C:/ap10-ca5f/git-full-01/bootstrap=/usr -fno-delete-null-pointer-checks -Wall -MT cipher-ccm.lo -MD -MP -MF .deps/cipher-ccm.Tpo -c cipher-ccm.c  -DDLL_EXPORT -DPIC -o .libs/cipher-ccm.o
libtool: compile:  gcc -DHAVE_CONFIG_H -I. -I.. -I../src -I../src -I../mpi -I../mpi -I/c/ap13-dcb/gnupg-core-01/builds/libgcrypt-1.12.2-1-02/sdk/usr/include -O2 -g -std=gnu17 -fstack-protector-strong -ffile-prefix-map=C:/ap13-dcb/gnupg-core-01/builds/libgcrypt-1.12.2-1-02=/usr/src/debug/libgcrypt-1.12.2 -fdebug-prefix-map=C:/ap13-dcb/gnupg-core-01/builds/libgcrypt-1.12.2-1-02=/usr/src/debug/libgcrypt-1.12.2 -fmacro-prefix-map=C:/ap13-dcb/gnupg-core-01/builds/libgcrypt-1.12.2-1-02=/usr/src/debug/libgcrypt-1.12.2 -ffile-prefix-map=C:/ag-e138920f/tc-cpp-guard-01=/usr/src/toolchain -fdebug-prefix-map=C:/ag-e138920f/tc-cpp-guard-01=/usr/src/toolchain -fmacro-prefix-map=C:/ag-e138920f/tc-cpp-guard-01=/usr/src/toolchain -ffile-prefix-map=C:/ap10-ca5f/git-full-01/bootstrap=/usr -fdebug-prefix-map=C:/ap10-ca5f/git-full-01/bootstrap=/usr -fmacro-prefix-map=C:/ap10-ca5f/git-full-01/bootstrap=/usr -fno-delete-null-pointer-checks -Wall -MT cipher-ccm.lo -MD -MP -MF .deps/cipher-ccm.Tpo -c cipher-ccm.c -o cipher-ccm.o >/dev/null 2>&1
mv -f .deps/cipher-ccm.Tpo .deps/cipher-ccm.Plo
/bin/sh ../libtool  --tag=CC   --mode=compile gcc -DHAVE_CONFIG_H -I. -I..  -I../src -I../src -I../mpi -I../mpi -I/c/ap13-dcb/gnupg-core-01/builds/libgcrypt-1.12.2-1-02/sdk/usr/include  -O2 -g -std=gnu17 -fstack-protector-strong -ffile-prefix-map=C:/ap13-dcb/gnupg-core-01/builds/libgcrypt-1.12.2-1-02=/usr/src/debug/libgcrypt-1.12.2 -fdebug-prefix-map=C:/ap13-dcb/gnupg-core-01/builds/libgcrypt-1.12.2-1-02=/usr/src/debug/libgcrypt-1.12.2 -fmacro-prefix-map=C:/ap13-dcb/gnupg-core-01/builds/libgcrypt-1.12.2-1-02=/usr/src/debug/libgcrypt-1.12.2 -ffile-prefix-map=C:/ag-e138920f/tc-cpp-guard-01=/usr/src/toolchain -fdebug-prefix-map=C:/ag-e138920f/tc-cpp-guard-01=/usr/src/toolchain -fmacro-prefix-map=C:/ag-e138920f/tc-cpp-guard-01=/usr/src/toolchain -ffile-prefix-map=C:/ap10-ca5f/git-full-01/bootstrap=/usr -fdebug-prefix-map=C:/ap10-ca5f/git-full-01/bootstrap=/usr -fmacro-prefix-map=C:/ap10-ca5f/git-full-01/bootstrap=/usr -fno-delete-null-pointer-checks -Wall -MT cipher-cmac.lo -MD -MP -MF .deps/cipher-cmac.Tpo -c -o cipher-cmac.lo cipher-cmac.c
libtool: compile:  gcc -DHAVE_CONFIG_H -I. -I.. -I../src -I../src -I../mpi -I../mpi -I/c/ap13-dcb/gnupg-core-01/builds/libgcrypt-1.12.2-1-02/sdk/usr/include -O2 -g -std=gnu17 -fstack-protector-strong -ffile-prefix-map=C:/ap13-dcb/gnupg-core-01/builds/libgcrypt-1.12.2-1-02=/usr/src/debug/libgcrypt-1.12.2 -fdebug-prefix-map=C:/ap13-dcb/gnupg-core-01/builds/libgcrypt-1.12.2-1-02=/usr/src/debug/libgcrypt-1.12.2 -fmacro-prefix-map=C:/ap13-dcb/gnupg-core-01/builds/libgcrypt-1.12.2-1-02=/usr/src/debug/libgcrypt-1.12.2 -ffile-prefix-map=C:/ag-e138920f/tc-cpp-guard-01=/usr/src/toolchain -fdebug-prefix-map=C:/ag-e138920f/tc-cpp-guard-01=/usr/src/toolchain -fmacro-prefix-map=C:/ag-e138920f/tc-cpp-guard-01=/usr/src/toolchain -ffile-prefix-map=C:/ap10-ca5f/git-full-01/bootstrap=/usr -fdebug-prefix-map=C:/ap10-ca5f/git-full-01/bootstrap=/usr -fmacro-prefix-map=C:/ap10-ca5f/git-full-01/bootstrap=/usr -fno-delete-null-pointer-checks -Wall -MT cipher-cmac.lo -MD -MP -MF .deps/cipher-cmac.Tpo -c cipher-cmac.c  -DDLL_EXPORT -DPIC -o .libs/cipher-cmac.o
libtool: compile:  gcc -DHAVE_CONFIG_H -I. -I.. -I../src -I../src -I../mpi -I../mpi -I/c/ap13-dcb/gnupg-core-01/builds/libgcrypt-1.12.2-1-02/sdk/usr/include -O2 -g -std=gnu17 -fstack-protector-strong -ffile-prefix-map=C:/ap13-dcb/gnupg-core-01/builds/libgcrypt-1.12.2-1-02=/usr/src/debug/libgcrypt-1.12.2 -fdebug-prefix-map=C:/ap13-dcb/gnupg-core-01/builds/libgcrypt-1.12.2-1-02=/usr/src/debug/libgcrypt-1.12.2 -fmacro-prefix-map=C:/ap13-dcb/gnupg-core-01/builds/libgcrypt-1.12.2-1-02=/usr/src/debug/libgcrypt-1.12.2 -ffile-prefix-map=C:/ag-e138920f/tc-cpp-guard-01=/usr/src/toolchain -fdebug-prefix-map=C:/ag-e138920f/tc-cpp-guard-01=/usr/src/toolchain -fmacro-prefix-map=C:/ag-e138920f/tc-cpp-guard-01=/usr/src/toolchain -ffile-prefix-map=C:/ap10-ca5f/git-full-01/bootstrap=/usr -fdebug-prefix-map=C:/ap10-ca5f/git-full-01/bootstrap=/usr -fmacro-prefix-map=C:/ap10-ca5f/git-full-01/bootstrap=/usr -fno-delete-null-pointer-checks -Wall -MT cipher-cmac.lo -MD -MP -MF .deps/cipher-cmac.Tpo -c cipher-cmac.c -o cipher-cmac.o >/dev/null 2>&1
mv -f .deps/cipher-cmac.Tpo .deps/cipher-cmac.Plo
/bin/sh ../libtool  --tag=CC   --mode=compile gcc -DHAVE_CONFIG_H -I. -I..  -I../src -I../src -I../mpi -I../mpi -I/c/ap13-dcb/gnupg-core-01/builds/libgcrypt-1.12.2-1-02/sdk/usr/include  -O2 -g -std=gnu17 -fstack-protector-strong -ffile-prefix-map=C:/ap13-dcb/gnupg-core-01/builds/libgcrypt-1.12.2-1-02=/usr/src/debug/libgcrypt-1.12.2 -fdebug-prefix-map=C:/ap13-dcb/gnupg-core-01/builds/libgcrypt-1.12.2-1-02=/usr/src/debug/libgcrypt-1.12.2 -fmacro-prefix-map=C:/ap13-dcb/gnupg-core-01/builds/libgcrypt-1.12.2-1-02=/usr/src/debug/libgcrypt-1.12.2 -ffile-prefix-map=C:/ag-e138920f/tc-cpp-guard-01=/usr/src/toolchain -fdebug-prefix-map=C:/ag-e138920f/tc-cpp-guard-01=/usr/src/toolchain -fmacro-prefix-map=C:/ag-e138920f/tc-cpp-guard-01=/usr/src/toolchain -ffile-prefix-map=C:/ap10-ca5f/git-full-01/bootstrap=/usr -fdebug-prefix-map=C:/ap10-ca5f/git-full-01/bootstrap=/usr -fmacro-prefix-map=C:/ap10-ca5f/git-full-01/bootstrap=/usr -fno-delete-null-pointer-checks -Wall -MT cipher-gcm.lo -MD -MP -MF .deps/cipher-gcm.Tpo -c -o cipher-gcm.lo cipher-gcm.c
libtool: compile:  gcc -DHAVE_CONFIG_H -I. -I.. -I../src -I../src -I../mpi -I../mpi -I/c/ap13-dcb/gnupg-core-01/builds/libgcrypt-1.12.2-1-02/sdk/usr/include -O2 -g -std=gnu17 -fstack-protector-strong -ffile-prefix-map=C:/ap13-dcb/gnupg-core-01/builds/libgcrypt-1.12.2-1-02=/usr/src/debug/libgcrypt-1.12.2 -fdebug-prefix-map=C:/ap13-dcb/gnupg-core-01/builds/libgcrypt-1.12.2-1-02=/usr/src/debug/libgcrypt-1.12.2 -fmacro-prefix-map=C:/ap13-dcb/gnupg-core-01/builds/libgcrypt-1.12.2-1-02=/usr/src/debug/libgcrypt-1.12.2 -ffile-prefix-map=C:/ag-e138920f/tc-cpp-guard-01=/usr/src/toolchain -fdebug-prefix-map=C:/ag-e138920f/tc-cpp-guard-01=/usr/src/toolchain -fmacro-prefix-map=C:/ag-e138920f/tc-cpp-guard-01=/usr/src/toolchain -ffile-prefix-map=C:/ap10-ca5f/git-full-01/bootstrap=/usr -fdebug-prefix-map=C:/ap10-ca5f/git-full-01/bootstrap=/usr -fmacro-prefix-map=C:/ap10-ca5f/git-full-01/bootstrap=/usr -fno-delete-null-pointer-checks -Wall -MT cipher-gcm.lo -MD -MP -MF .deps/cipher-gcm.Tpo -c cipher-gcm.c  -DDLL_EXPORT -DPIC -o .libs/cipher-gcm.o
libtool: compile:  gcc -DHAVE_CONFIG_H -I. -I.. -I../src -I../src -I../mpi -I../mpi -I/c/ap13-dcb/gnupg-core-01/builds/libgcrypt-1.12.2-1-02/sdk/usr/include -O2 -g -std=gnu17 -fstack-protector-strong -ffile-prefix-map=C:/ap13-dcb/gnupg-core-01/builds/libgcrypt-1.12.2-1-02=/usr/src/debug/libgcrypt-1.12.2 -fdebug-prefix-map=C:/ap13-dcb/gnupg-core-01/builds/libgcrypt-1.12.2-1-02=/usr/src/debug/libgcrypt-1.12.2 -fmacro-prefix-map=C:/ap13-dcb/gnupg-core-01/builds/libgcrypt-1.12.2-1-02=/usr/src/debug/libgcrypt-1.12.2 -ffile-prefix-map=C:/ag-e138920f/tc-cpp-guard-01=/usr/src/toolchain -fdebug-prefix-map=C:/ag-e138920f/tc-cpp-guard-01=/usr/src/toolchain -fmacro-prefix-map=C:/ag-e138920f/tc-cpp-guard-01=/usr/src/toolchain -ffile-prefix-map=C:/ap10-ca5f/git-full-01/bootstrap=/usr -fdebug-prefix-map=C:/ap10-ca5f/git-full-01/bootstrap=/usr -fmacro-prefix-map=C:/ap10-ca5f/git-full-01/bootstrap=/usr -fno-delete-null-pointer-checks -Wall -MT cipher-gcm.lo -MD -MP -MF .deps/cipher-gcm.Tpo -c cipher-gcm.c -o cipher-gcm.o >/dev/null 2>&1
mv -f .deps/cipher-gcm.Tpo .deps/cipher-gcm.Plo
/bin/sh ../libtool  --tag=CC   --mode=compile gcc -DHAVE_CONFIG_H -I. -I..  -I../src -I../src -I../mpi -I../mpi -I/c/ap13-dcb/gnupg-core-01/builds/libgcrypt-1.12.2-1-02/sdk/usr/include  -O2 -g -std=gnu17 -fstack-protector-strong -ffile-prefix-map=C:/ap13-dcb/gnupg-core-01/builds/libgcrypt-1.12.2-1-02=/usr/src/debug/libgcrypt-1.12.2 -fdebug-prefix-map=C:/ap13-dcb/gnupg-core-01/builds/libgcrypt-1.12.2-1-02=/usr/src/debug/libgcrypt-1.12.2 -fmacro-prefix-map=C:/ap13-dcb/gnupg-core-01/builds/libgcrypt-1.12.2-1-02=/usr/src/debug/libgcrypt-1.12.2 -ffile-prefix-map=C:/ag-e138920f/tc-cpp-guard-01=/usr/src/toolchain -fdebug-prefix-map=C:/ag-e138920f/tc-cpp-guard-01=/usr/src/toolchain -fmacro-prefix-map=C:/ag-e138920f/tc-cpp-guard-01=/usr/src/toolchain -ffile-prefix-map=C:/ap10-ca5f/git-full-01/bootstrap=/usr -fdebug-prefix-map=C:/ap10-ca5f/git-full-01/bootstrap=/usr -fmacro-prefix-map=C:/ap10-ca5f/git-full-01/bootstrap=/usr -fno-delete-null-pointer-checks -Wall -MT cipher-poly1305.lo -MD -MP -MF .deps/cipher-poly1305.Tpo -c -o cipher-poly1305.lo cipher-poly1305.c
libtool: compile:  gcc -DHAVE_CONFIG_H -I. -I.. -I../src -I../src -I../mpi -I../mpi -I/c/ap13-dcb/gnupg-core-01/builds/libgcrypt-1.12.2-1-02/sdk/usr/include -O2 -g -std=gnu17 -fstack-protector-strong -ffile-prefix-map=C:/ap13-dcb/gnupg-core-01/builds/libgcrypt-1.12.2-1-02=/usr/src/debug/libgcrypt-1.12.2 -fdebug-prefix-map=C:/ap13-dcb/gnupg-core-01/builds/libgcrypt-1.12.2-1-02=/usr/src/debug/libgcrypt-1.12.2 -fmacro-prefix-map=C:/ap13-dcb/gnupg-core-01/builds/libgcrypt-1.12.2-1-02=/usr/src/debug/libgcrypt-1.12.2 -ffile-prefix-map=C:/ag-e138920f/tc-cpp-guard-01=/usr/src/toolchain -fdebug-prefix-map=C:/ag-e138920f/tc-cpp-guard-01=/usr/src/toolchain -fmacro-prefix-map=C:/ag-e138920f/tc-cpp-guard-01=/usr/src/toolchain -ffile-prefix-map=C:/ap10-ca5f/git-full-01/bootstrap=/usr -fdebug-prefix-map=C:/ap10-ca5f/git-full-01/bootstrap=/usr -fmacro-prefix-map=C:/ap10-ca5f/git-full-01/bootstrap=/usr -fno-delete-null-pointer-checks -Wall -MT cipher-poly1305.lo -MD -MP -MF .deps/cipher-poly1305.Tpo -c cipher-poly1305.c  -DDLL_EXPORT -DPIC -o .libs/cipher-poly1305.o
libtool: compile:  gcc -DHAVE_CONFIG_H -I. -I.. -I../src -I../src -I../mpi -I../mpi -I/c/ap13-dcb/gnupg-core-01/builds/libgcrypt-1.12.2-1-02/sdk/usr/include -O2 -g -std=gnu17 -fstack-protector-strong -ffile-prefix-map=C:/ap13-dcb/gnupg-core-01/builds/libgcrypt-1.12.2-1-02=/usr/src/debug/libgcrypt-1.12.2 -fdebug-prefix-map=C:/ap13-dcb/gnupg-core-01/builds/libgcrypt-1.12.2-1-02=/usr/src/debug/libgcrypt-1.12.2 -fmacro-prefix-map=C:/ap13-dcb/gnupg-core-01/builds/libgcrypt-1.12.2-1-02=/usr/src/debug/libgcrypt-1.12.2 -ffile-prefix-map=C:/ag-e138920f/tc-cpp-guard-01=/usr/src/toolchain -fdebug-prefix-map=C:/ag-e138920f/tc-cpp-guard-01=/usr/src/toolchain -fmacro-prefix-map=C:/ag-e138920f/tc-cpp-guard-01=/usr/src/toolchain -ffile-prefix-map=C:/ap10-ca5f/git-full-01/bootstrap=/usr -fdebug-prefix-map=C:/ap10-ca5f/git-full-01/bootstrap=/usr -fmacro-prefix-map=C:/ap10-ca5f/git-full-01/bootstrap=/usr -fno-delete-null-pointer-checks -Wall -MT cipher-poly1305.lo -MD -MP -MF .deps/cipher-poly1305.Tpo -c cipher-poly1305.c -o cipher-poly1305.o >/dev/null 2>&1
mv -f .deps/cipher-poly1305.Tpo .deps/cipher-poly1305.Plo
/bin/sh ../libtool  --tag=CC   --mode=compile gcc -DHAVE_CONFIG_H -I. -I..  -I../src -I../src -I../mpi -I../mpi -I/c/ap13-dcb/gnupg-core-01/builds/libgcrypt-1.12.2-1-02/sdk/usr/include  -O2 -g -std=gnu17 -fstack-protector-strong -ffile-prefix-map=C:/ap13-dcb/gnupg-core-01/builds/libgcrypt-1.12.2-1-02=/usr/src/debug/libgcrypt-1.12.2 -fdebug-prefix-map=C:/ap13-dcb/gnupg-core-01/builds/libgcrypt-1.12.2-1-02=/usr/src/debug/libgcrypt-1.12.2 -fmacro-prefix-map=C:/ap13-dcb/gnupg-core-01/builds/libgcrypt-1.12.2-1-02=/usr/src/debug/libgcrypt-1.12.2 -ffile-prefix-map=C:/ag-e138920f/tc-cpp-guard-01=/usr/src/toolchain -fdebug-prefix-map=C:/ag-e138920f/tc-cpp-guard-01=/usr/src/toolchain -fmacro-prefix-map=C:/ag-e138920f/tc-cpp-guard-01=/usr/src/toolchain -ffile-prefix-map=C:/ap10-ca5f/git-full-01/bootstrap=/usr -fdebug-prefix-map=C:/ap10-ca5f/git-full-01/bootstrap=/usr -fmacro-prefix-map=C:/ap10-ca5f/git-full-01/bootstrap=/usr -fno-delete-null-pointer-checks -Wall -MT cipher-ocb.lo -MD -MP -MF .deps/cipher-ocb.Tpo -c -o cipher-ocb.lo cipher-ocb.c
libtool: compile:  gcc -DHAVE_CONFIG_H -I. -I.. -I../src -I../src -I../mpi -I../mpi -I/c/ap13-dcb/gnupg-core-01/builds/libgcrypt-1.12.2-1-02/sdk/usr/include -O2 -g -std=gnu17 -fstack-protector-strong -ffile-prefix-map=C:/ap13-dcb/gnupg-core-01/builds/libgcrypt-1.12.2-1-02=/usr/src/debug/libgcrypt-1.12.2 -fdebug-prefix-map=C:/ap13-dcb/gnupg-core-01/builds/libgcrypt-1.12.2-1-02=/usr/src/debug/libgcrypt-1.12.2 -fmacro-prefix-map=C:/ap13-dcb/gnupg-core-01/builds/libgcrypt-1.12.2-1-02=/usr/src/debug/libgcrypt-1.12.2 -ffile-prefix-map=C:/ag-e138920f/tc-cpp-guard-01=/usr/src/toolchain -fdebug-prefix-map=C:/ag-e138920f/tc-cpp-guard-01=/usr/src/toolchain -fmacro-prefix-map=C:/ag-e138920f/tc-cpp-guard-01=/usr/src/toolchain -ffile-prefix-map=C:/ap10-ca5f/git-full-01/bootstrap=/usr -fdebug-prefix-map=C:/ap10-ca5f/git-full-01/bootstrap=/usr -fmacro-prefix-map=C:/ap10-ca5f/git-full-01/bootstrap=/usr -fno-delete-null-pointer-checks -Wall -MT cipher-ocb.lo -MD -MP -MF .deps/cipher-ocb.Tpo -c cipher-ocb.c  -DDLL_EXPORT -DPIC -o .libs/cipher-ocb.o
libtool: compile:  gcc -DHAVE_CONFIG_H -I. -I.. -I../src -I../src -I../mpi -I../mpi -I/c/ap13-dcb/gnupg-core-01/builds/libgcrypt-1.12.2-1-02/sdk/usr/include -O2 -g -std=gnu17 -fstack-protector-strong -ffile-prefix-map=C:/ap13-dcb/gnupg-core-01/builds/libgcrypt-1.12.2-1-02=/usr/src/debug/libgcrypt-1.12.2 -fdebug-prefix-map=C:/ap13-dcb/gnupg-core-01/builds/libgcrypt-1.12.2-1-02=/usr/src/debug/libgcrypt-1.12.2 -fmacro-prefix-map=C:/ap13-dcb/gnupg-core-01/builds/libgcrypt-1.12.2-1-02=/usr/src/debug/libgcrypt-1.12.2 -ffile-prefix-map=C:/ag-e138920f/tc-cpp-guard-01=/usr/src/toolchain -fdebug-prefix-map=C:/ag-e138920f/tc-cpp-guard-01=/usr/src/toolchain -fmacro-prefix-map=C:/ag-e138920f/tc-cpp-guard-01=/usr/src/toolchain -ffile-prefix-map=C:/ap10-ca5f/git-full-01/bootstrap=/usr -fdebug-prefix-map=C:/ap10-ca5f/git-full-01/bootstrap=/usr -fmacro-prefix-map=C:/ap10-ca5f/git-full-01/bootstrap=/usr -fno-delete-null-pointer-checks -Wall -MT cipher-ocb.lo -MD -MP -MF .deps/cipher-ocb.Tpo -c cipher-ocb.c -o cipher-ocb.o >/dev/null 2>&1
mv -f .deps/cipher-ocb.Tpo .deps/cipher-ocb.Plo
/bin/sh ../libtool  --tag=CC   --mode=compile gcc -DHAVE_CONFIG_H -I. -I..  -I../src -I../src -I../mpi -I../mpi -I/c/ap13-dcb/gnupg-core-01/builds/libgcrypt-1.12.2-1-02/sdk/usr/include  -O2 -g -std=gnu17 -fstack-protector-strong -ffile-prefix-map=C:/ap13-dcb/gnupg-core-01/builds/libgcrypt-1.12.2-1-02=/usr/src/debug/libgcrypt-1.12.2 -fdebug-prefix-map=C:/ap13-dcb/gnupg-core-01/builds/libgcrypt-1.12.2-1-02=/usr/src/debug/libgcrypt-1.12.2 -fmacro-prefix-map=C:/ap13-dcb/gnupg-core-01/builds/libgcrypt-1.12.2-1-02=/usr/src/debug/libgcrypt-1.12.2 -ffile-prefix-map=C:/ag-e138920f/tc-cpp-guard-01=/usr/src/toolchain -fdebug-prefix-map=C:/ag-e138920f/tc-cpp-guard-01=/usr/src/toolchain -fmacro-prefix-map=C:/ag-e138920f/tc-cpp-guard-01=/usr/src/toolchain -ffile-prefix-map=C:/ap10-ca5f/git-full-01/bootstrap=/usr -fdebug-prefix-map=C:/ap10-ca5f/git-full-01/bootstrap=/usr -fmacro-prefix-map=C:/ap10-ca5f/git-full-01/bootstrap=/usr -fno-delete-null-pointer-checks -Wall -MT cipher-xts.lo -MD -MP -MF .deps/cipher-xts.Tpo -c -o cipher-xts.lo cipher-xts.c
libtool: compile:  gcc -DHAVE_CONFIG_H -I. -I.. -I../src -I../src -I../mpi -I../mpi -I/c/ap13-dcb/gnupg-core-01/builds/libgcrypt-1.12.2-1-02/sdk/usr/include -O2 -g -std=gnu17 -fstack-protector-strong -ffile-prefix-map=C:/ap13-dcb/gnupg-core-01/builds/libgcrypt-1.12.2-1-02=/usr/src/debug/libgcrypt-1.12.2 -fdebug-prefix-map=C:/ap13-dcb/gnupg-core-01/builds/libgcrypt-1.12.2-1-02=/usr/src/debug/libgcrypt-1.12.2 -fmacro-prefix-map=C:/ap13-dcb/gnupg-core-01/builds/libgcrypt-1.12.2-1-02=/usr/src/debug/libgcrypt-1.12.2 -ffile-prefix-map=C:/ag-e138920f/tc-cpp-guard-01=/usr/src/toolchain -fdebug-prefix-map=C:/ag-e138920f/tc-cpp-guard-01=/usr/src/toolchain -fmacro-prefix-map=C:/ag-e138920f/tc-cpp-guard-01=/usr/src/toolchain -ffile-prefix-map=C:/ap10-ca5f/git-full-01/bootstrap=/usr -fdebug-prefix-map=C:/ap10-ca5f/git-full-01/bootstrap=/usr -fmacro-prefix-map=C:/ap10-ca5f/git-full-01/bootstrap=/usr -fno-delete-null-pointer-checks -Wall -MT cipher-xts.lo -MD -MP -MF .deps/cipher-xts.Tpo -c cipher-xts.c  -DDLL_EXPORT -DPIC -o .libs/cipher-xts.o
libtool: compile:  gcc -DHAVE_CONFIG_H -I. -I.. -I../src -I../src -I../mpi -I../mpi -I/c/ap13-dcb/gnupg-core-01/builds/libgcrypt-1.12.2-1-02/sdk/usr/include -O2 -g -std=gnu17 -fstack-protector-strong -ffile-prefix-map=C:/ap13-dcb/gnupg-core-01/builds/libgcrypt-1.12.2-1-02=/usr/src/debug/libgcrypt-1.12.2 -fdebug-prefix-map=C:/ap13-dcb/gnupg-core-01/builds/libgcrypt-1.12.2-1-02=/usr/src/debug/libgcrypt-1.12.2 -fmacro-prefix-map=C:/ap13-dcb/gnupg-core-01/builds/libgcrypt-1.12.2-1-02=/usr/src/debug/libgcrypt-1.12.2 -ffile-prefix-map=C:/ag-e138920f/tc-cpp-guard-01=/usr/src/toolchain -fdebug-prefix-map=C:/ag-e138920f/tc-cpp-guard-01=/usr/src/toolchain -fmacro-prefix-map=C:/ag-e138920f/tc-cpp-guard-01=/usr/src/toolchain -ffile-prefix-map=C:/ap10-ca5f/git-full-01/bootstrap=/usr -fdebug-prefix-map=C:/ap10-ca5f/git-full-01/bootstrap=/usr -fmacro-prefix-map=C:/ap10-ca5f/git-full-01/bootstrap=/usr -fno-delete-null-pointer-checks -Wall -MT cipher-xts.lo -MD -MP -MF .deps/cipher-xts.Tpo -c cipher-xts.c -o cipher-xts.o >/dev/null 2>&1
mv -f .deps/cipher-xts.Tpo .deps/cipher-xts.Plo
/bin/sh ../libtool  --tag=CC   --mode=compile gcc -DHAVE_CONFIG_H -I. -I..  -I../src -I../src -I../mpi -I../mpi -I/c/ap13-dcb/gnupg-core-01/builds/libgcrypt-1.12.2-1-02/sdk/usr/include  -O2 -g -std=gnu17 -fstack-protector-strong -ffile-prefix-map=C:/ap13-dcb/gnupg-core-01/builds/libgcrypt-1.12.2-1-02=/usr/src/debug/libgcrypt-1.12.2 -fdebug-prefix-map=C:/ap13-dcb/gnupg-core-01/builds/libgcrypt-1.12.2-1-02=/usr/src/debug/libgcrypt-1.12.2 -fmacro-prefix-map=C:/ap13-dcb/gnupg-core-01/builds/libgcrypt-1.12.2-1-02=/usr/src/debug/libgcrypt-1.12.2 -ffile-prefix-map=C:/ag-e138920f/tc-cpp-guard-01=/usr/src/toolchain -fdebug-prefix-map=C:/ag-e138920f/tc-cpp-guard-01=/usr/src/toolchain -fmacro-prefix-map=C:/ag-e138920f/tc-cpp-guard-01=/usr/src/toolchain -ffile-prefix-map=C:/ap10-ca5f/git-full-01/bootstrap=/usr -fdebug-prefix-map=C:/ap10-ca5f/git-full-01/bootstrap=/usr -fmacro-prefix-map=C:/ap10-ca5f/git-full-01/bootstrap=/usr -fno-delete-null-pointer-checks -Wall -MT cipher-eax.lo -MD -MP -MF .deps/cipher-eax.Tpo -c -o cipher-eax.lo cipher-eax.c
libtool: compile:  gcc -DHAVE_CONFIG_H -I. -I.. -I../src -I../src -I../mpi -I../mpi -I/c/ap13-dcb/gnupg-core-01/builds/libgcrypt-1.12.2-1-02/sdk/usr/include -O2 -g -std=gnu17 -fstack-protector-strong -ffile-prefix-map=C:/ap13-dcb/gnupg-core-01/builds/libgcrypt-1.12.2-1-02=/usr/src/debug/libgcrypt-1.12.2 -fdebug-prefix-map=C:/ap13-dcb/gnupg-core-01/builds/libgcrypt-1.12.2-1-02=/usr/src/debug/libgcrypt-1.12.2 -fmacro-prefix-map=C:/ap13-dcb/gnupg-core-01/builds/libgcrypt-1.12.2-1-02=/usr/src/debug/libgcrypt-1.12.2 -ffile-prefix-map=C:/ag-e138920f/tc-cpp-guard-01=/usr/src/toolchain -fdebug-prefix-map=C:/ag-e138920f/tc-cpp-guard-01=/usr/src/toolchain -fmacro-prefix-map=C:/ag-e138920f/tc-cpp-guard-01=/usr/src/toolchain -ffile-prefix-map=C:/ap10-ca5f/git-full-01/bootstrap=/usr -fdebug-prefix-map=C:/ap10-ca5f/git-full-01/bootstrap=/usr -fmacro-prefix-map=C:/ap10-ca5f/git-full-01/bootstrap=/usr -fno-delete-null-pointer-checks -Wall -MT cipher-eax.lo -MD -MP -MF .deps/cipher-eax.Tpo -c cipher-eax.c  -DDLL_EXPORT -DPIC -o .libs/cipher-eax.o
libtool: compile:  gcc -DHAVE_CONFIG_H -I. -I.. -I../src -I../src -I../mpi -I../mpi -I/c/ap13-dcb/gnupg-core-01/builds/libgcrypt-1.12.2-1-02/sdk/usr/include -O2 -g -std=gnu17 -fstack-protector-strong -ffile-prefix-map=C:/ap13-dcb/gnupg-core-01/builds/libgcrypt-1.12.2-1-02=/usr/src/debug/libgcrypt-1.12.2 -fdebug-prefix-map=C:/ap13-dcb/gnupg-core-01/builds/libgcrypt-1.12.2-1-02=/usr/src/debug/libgcrypt-1.12.2 -fmacro-prefix-map=C:/ap13-dcb/gnupg-core-01/builds/libgcrypt-1.12.2-1-02=/usr/src/debug/libgcrypt-1.12.2 -ffile-prefix-map=C:/ag-e138920f/tc-cpp-guard-01=/usr/src/toolchain -fdebug-prefix-map=C:/ag-e138920f/tc-cpp-guard-01=/usr/src/toolchain -fmacro-prefix-map=C:/ag-e138920f/tc-cpp-guard-01=/usr/src/toolchain -ffile-prefix-map=C:/ap10-ca5f/git-full-01/bootstrap=/usr -fdebug-prefix-map=C:/ap10-ca5f/git-full-01/bootstrap=/usr -fmacro-prefix-map=C:/ap10-ca5f/git-full-01/bootstrap=/usr -fno-delete-null-pointer-checks -Wall -MT cipher-eax.lo -MD -MP -MF .deps/cipher-eax.Tpo -c cipher-eax.c -o cipher-eax.o >/dev/null 2>&1
mv -f .deps/cipher-eax.Tpo .deps/cipher-eax.Plo
/bin/sh ../libtool  --tag=CC   --mode=compile gcc -DHAVE_CONFIG_H -I. -I..  -I../src -I../src -I../mpi -I../mpi -I/c/ap13-dcb/gnupg-core-01/builds/libgcrypt-1.12.2-1-02/sdk/usr/include  -O2 -g -std=gnu17 -fstack-protector-strong -ffile-prefix-map=C:/ap13-dcb/gnupg-core-01/builds/libgcrypt-1.12.2-1-02=/usr/src/debug/libgcrypt-1.12.2 -fdebug-prefix-map=C:/ap13-dcb/gnupg-core-01/builds/libgcrypt-1.12.2-1-02=/usr/src/debug/libgcrypt-1.12.2 -fmacro-prefix-map=C:/ap13-dcb/gnupg-core-01/builds/libgcrypt-1.12.2-1-02=/usr/src/debug/libgcrypt-1.12.2 -ffile-prefix-map=C:/ag-e138920f/tc-cpp-guard-01=/usr/src/toolchain -fdebug-prefix-map=C:/ag-e138920f/tc-cpp-guard-01=/usr/src/toolchain -fmacro-prefix-map=C:/ag-e138920f/tc-cpp-guard-01=/usr/src/toolchain -ffile-prefix-map=C:/ap10-ca5f/git-full-01/bootstrap=/usr -fdebug-prefix-map=C:/ap10-ca5f/git-full-01/bootstrap=/usr -fmacro-prefix-map=C:/ap10-ca5f/git-full-01/bootstrap=/usr -fno-delete-null-pointer-checks -Wall -MT cipher-siv.lo -MD -MP -MF .deps/cipher-siv.Tpo -c -o cipher-siv.lo cipher-siv.c
libtool: compile:  gcc -DHAVE_CONFIG_H -I. -I.. -I../src -I../src -I../mpi -I../mpi -I/c/ap13-dcb/gnupg-core-01/builds/libgcrypt-1.12.2-1-02/sdk/usr/include -O2 -g -std=gnu17 -fstack-protector-strong -ffile-prefix-map=C:/ap13-dcb/gnupg-core-01/builds/libgcrypt-1.12.2-1-02=/usr/src/debug/libgcrypt-1.12.2 -fdebug-prefix-map=C:/ap13-dcb/gnupg-core-01/builds/libgcrypt-1.12.2-1-02=/usr/src/debug/libgcrypt-1.12.2 -fmacro-prefix-map=C:/ap13-dcb/gnupg-core-01/builds/libgcrypt-1.12.2-1-02=/usr/src/debug/libgcrypt-1.12.2 -ffile-prefix-map=C:/ag-e138920f/tc-cpp-guard-01=/usr/src/toolchain -fdebug-prefix-map=C:/ag-e138920f/tc-cpp-guard-01=/usr/src/toolchain -fmacro-prefix-map=C:/ag-e138920f/tc-cpp-guard-01=/usr/src/toolchain -ffile-prefix-map=C:/ap10-ca5f/git-full-01/bootstrap=/usr -fdebug-prefix-map=C:/ap10-ca5f/git-full-01/bootstrap=/usr -fmacro-prefix-map=C:/ap10-ca5f/git-full-01/bootstrap=/usr -fno-delete-null-pointer-checks -Wall -MT cipher-siv.lo -MD -MP -MF .deps/cipher-siv.Tpo -c cipher-siv.c  -DDLL_EXPORT -DPIC -o .libs/cipher-siv.o
libtool: compile:  gcc -DHAVE_CONFIG_H -I. -I.. -I../src -I../src -I../mpi -I../mpi -I/c/ap13-dcb/gnupg-core-01/builds/libgcrypt-1.12.2-1-02/sdk/usr/include -O2 -g -std=gnu17 -fstack-protector-strong -ffile-prefix-map=C:/ap13-dcb/gnupg-core-01/builds/libgcrypt-1.12.2-1-02=/usr/src/debug/libgcrypt-1.12.2 -fdebug-prefix-map=C:/ap13-dcb/gnupg-core-01/builds/libgcrypt-1.12.2-1-02=/usr/src/debug/libgcrypt-1.12.2 -fmacro-prefix-map=C:/ap13-dcb/gnupg-core-01/builds/libgcrypt-1.12.2-1-02=/usr/src/debug/libgcrypt-1.12.2 -ffile-prefix-map=C:/ag-e138920f/tc-cpp-guard-01=/usr/src/toolchain -fdebug-prefix-map=C:/ag-e138920f/tc-cpp-guard-01=/usr/src/toolchain -fmacro-prefix-map=C:/ag-e138920f/tc-cpp-guard-01=/usr/src/toolchain -ffile-prefix-map=C:/ap10-ca5f/git-full-01/bootstrap=/usr -fdebug-prefix-map=C:/ap10-ca5f/git-full-01/bootstrap=/usr -fmacro-prefix-map=C:/ap10-ca5f/git-full-01/bootstrap=/usr -fno-delete-null-pointer-checks -Wall -MT cipher-siv.lo -MD -MP -MF .deps/cipher-siv.Tpo -c cipher-siv.c -o cipher-siv.o >/dev/null 2>&1
mv -f .deps/cipher-siv.Tpo .deps/cipher-siv.Plo
/bin/sh ../libtool  --tag=CC   --mode=compile gcc -DHAVE_CONFIG_H -I. -I..  -I../src -I../src -I../mpi -I../mpi -I/c/ap13-dcb/gnupg-core-01/builds/libgcrypt-1.12.2-1-02/sdk/usr/include  -O2 -g -std=gnu17 -fstack-protector-strong -ffile-prefix-map=C:/ap13-dcb/gnupg-core-01/builds/libgcrypt-1.12.2-1-02=/usr/src/debug/libgcrypt-1.12.2 -fdebug-prefix-map=C:/ap13-dcb/gnupg-core-01/builds/libgcrypt-1.12.2-1-02=/usr/src/debug/libgcrypt-1.12.2 -fmacro-prefix-map=C:/ap13-dcb/gnupg-core-01/builds/libgcrypt-1.12.2-1-02=/usr/src/debug/libgcrypt-1.12.2 -ffile-prefix-map=C:/ag-e138920f/tc-cpp-guard-01=/usr/src/toolchain -fdebug-prefix-map=C:/ag-e138920f/tc-cpp-guard-01=/usr/src/toolchain -fmacro-prefix-map=C:/ag-e138920f/tc-cpp-guard-01=/usr/src/toolchain -ffile-prefix-map=C:/ap10-ca5f/git-full-01/bootstrap=/usr -fdebug-prefix-map=C:/ap10-ca5f/git-full-01/bootstrap=/usr -fmacro-prefix-map=C:/ap10-ca5f/git-full-01/bootstrap=/usr -fno-delete-null-pointer-checks -Wall -MT cipher-gcm-siv.lo -MD -MP -MF .deps/cipher-gcm-siv.Tpo -c -o cipher-gcm-siv.lo cipher-gcm-siv.c
libtool: compile:  gcc -DHAVE_CONFIG_H -I. -I.. -I../src -I../src -I../mpi -I../mpi -I/c/ap13-dcb/gnupg-core-01/builds/libgcrypt-1.12.2-1-02/sdk/usr/include -O2 -g -std=gnu17 -fstack-protector-strong -ffile-prefix-map=C:/ap13-dcb/gnupg-core-01/builds/libgcrypt-1.12.2-1-02=/usr/src/debug/libgcrypt-1.12.2 -fdebug-prefix-map=C:/ap13-dcb/gnupg-core-01/builds/libgcrypt-1.12.2-1-02=/usr/src/debug/libgcrypt-1.12.2 -fmacro-prefix-map=C:/ap13-dcb/gnupg-core-01/builds/libgcrypt-1.12.2-1-02=/usr/src/debug/libgcrypt-1.12.2 -ffile-prefix-map=C:/ag-e138920f/tc-cpp-guard-01=/usr/src/toolchain -fdebug-prefix-map=C:/ag-e138920f/tc-cpp-guard-01=/usr/src/toolchain -fmacro-prefix-map=C:/ag-e138920f/tc-cpp-guard-01=/usr/src/toolchain -ffile-prefix-map=C:/ap10-ca5f/git-full-01/bootstrap=/usr -fdebug-prefix-map=C:/ap10-ca5f/git-full-01/bootstrap=/usr -fmacro-prefix-map=C:/ap10-ca5f/git-full-01/bootstrap=/usr -fno-delete-null-pointer-checks -Wall -MT cipher-gcm-siv.lo -MD -MP -MF .deps/cipher-gcm-siv.Tpo -c cipher-gcm-siv.c  -DDLL_EXPORT -DPIC -o .libs/cipher-gcm-siv.o
libtool: compile:  gcc -DHAVE_CONFIG_H -I. -I.. -I../src -I../src -I../mpi -I../mpi -I/c/ap13-dcb/gnupg-core-01/builds/libgcrypt-1.12.2-1-02/sdk/usr/include -O2 -g -std=gnu17 -fstack-protector-strong -ffile-prefix-map=C:/ap13-dcb/gnupg-core-01/builds/libgcrypt-1.12.2-1-02=/usr/src/debug/libgcrypt-1.12.2 -fdebug-prefix-map=C:/ap13-dcb/gnupg-core-01/builds/libgcrypt-1.12.2-1-02=/usr/src/debug/libgcrypt-1.12.2 -fmacro-prefix-map=C:/ap13-dcb/gnupg-core-01/builds/libgcrypt-1.12.2-1-02=/usr/src/debug/libgcrypt-1.12.2 -ffile-prefix-map=C:/ag-e138920f/tc-cpp-guard-01=/usr/src/toolchain -fdebug-prefix-map=C:/ag-e138920f/tc-cpp-guard-01=/usr/src/toolchain -fmacro-prefix-map=C:/ag-e138920f/tc-cpp-guard-01=/usr/src/toolchain -ffile-prefix-map=C:/ap10-ca5f/git-full-01/bootstrap=/usr -fdebug-prefix-map=C:/ap10-ca5f/git-full-01/bootstrap=/usr -fmacro-prefix-map=C:/ap10-ca5f/git-full-01/bootstrap=/usr -fno-delete-null-pointer-checks -Wall -MT cipher-gcm-siv.lo -MD -MP -MF .deps/cipher-gcm-siv.Tpo -c cipher-gcm-siv.c -o cipher-gcm-siv.o >/dev/null 2>&1
mv -f .deps/cipher-gcm-siv.Tpo .deps/cipher-gcm-siv.Plo
/bin/sh ../libtool  --tag=CC   --mode=compile gcc -DHAVE_CONFIG_H -I. -I..  -I../src -I../src -I../mpi -I../mpi -I/c/ap13-dcb/gnupg-core-01/builds/libgcrypt-1.12.2-1-02/sdk/usr/include  -O2 -g -std=gnu17 -fstack-protector-strong -ffile-prefix-map=C:/ap13-dcb/gnupg-core-01/builds/libgcrypt-1.12.2-1-02=/usr/src/debug/libgcrypt-1.12.2 -fdebug-prefix-map=C:/ap13-dcb/gnupg-core-01/builds/libgcrypt-1.12.2-1-02=/usr/src/debug/libgcrypt-1.12.2 -fmacro-prefix-map=C:/ap13-dcb/gnupg-core-01/builds/libgcrypt-1.12.2-1-02=/usr/src/debug/libgcrypt-1.12.2 -ffile-prefix-map=C:/ag-e138920f/tc-cpp-guard-01=/usr/src/toolchain -fdebug-prefix-map=C:/ag-e138920f/tc-cpp-guard-01=/usr/src/toolchain -fmacro-prefix-map=C:/ag-e138920f/tc-cpp-guard-01=/usr/src/toolchain -ffile-prefix-map=C:/ap10-ca5f/git-full-01/bootstrap=/usr -fdebug-prefix-map=C:/ap10-ca5f/git-full-01/bootstrap=/usr -fmacro-prefix-map=C:/ap10-ca5f/git-full-01/bootstrap=/usr -fno-delete-null-pointer-checks -Wall -MT pubkey.lo -MD -MP -MF .deps/pubkey.Tpo -c -o pubkey.lo pubkey.c
libtool: compile:  gcc -DHAVE_CONFIG_H -I. -I.. -I../src -I../src -I../mpi -I../mpi -I/c/ap13-dcb/gnupg-core-01/builds/libgcrypt-1.12.2-1-02/sdk/usr/include -O2 -g -std=gnu17 -fstack-protector-strong -ffile-prefix-map=C:/ap13-dcb/gnupg-core-01/builds/libgcrypt-1.12.2-1-02=/usr/src/debug/libgcrypt-1.12.2 -fdebug-prefix-map=C:/ap13-dcb/gnupg-core-01/builds/libgcrypt-1.12.2-1-02=/usr/src/debug/libgcrypt-1.12.2 -fmacro-prefix-map=C:/ap13-dcb/gnupg-core-01/builds/libgcrypt-1.12.2-1-02=/usr/src/debug/libgcrypt-1.12.2 -ffile-prefix-map=C:/ag-e138920f/tc-cpp-guard-01=/usr/src/toolchain -fdebug-prefix-map=C:/ag-e138920f/tc-cpp-guard-01=/usr/src/toolchain -fmacro-prefix-map=C:/ag-e138920f/tc-cpp-guard-01=/usr/src/toolchain -ffile-prefix-map=C:/ap10-ca5f/git-full-01/bootstrap=/usr -fdebug-prefix-map=C:/ap10-ca5f/git-full-01/bootstrap=/usr -fmacro-prefix-map=C:/ap10-ca5f/git-full-01/bootstrap=/usr -fno-delete-null-pointer-checks -Wall -MT pubkey.lo -MD -MP -MF .deps/pubkey.Tpo -c pubkey.c  -DDLL_EXPORT -DPIC -o .libs/pubkey.o
libtool: compile:  gcc -DHAVE_CONFIG_H -I. -I.. -I../src -I../src -I../mpi -I../mpi -I/c/ap13-dcb/gnupg-core-01/builds/libgcrypt-1.12.2-1-02/sdk/usr/include -O2 -g -std=gnu17 -fstack-protector-strong -ffile-prefix-map=C:/ap13-dcb/gnupg-core-01/builds/libgcrypt-1.12.2-1-02=/usr/src/debug/libgcrypt-1.12.2 -fdebug-prefix-map=C:/ap13-dcb/gnupg-core-01/builds/libgcrypt-1.12.2-1-02=/usr/src/debug/libgcrypt-1.12.2 -fmacro-prefix-map=C:/ap13-dcb/gnupg-core-01/builds/libgcrypt-1.12.2-1-02=/usr/src/debug/libgcrypt-1.12.2 -ffile-prefix-map=C:/ag-e138920f/tc-cpp-guard-01=/usr/src/toolchain -fdebug-prefix-map=C:/ag-e138920f/tc-cpp-guard-01=/usr/src/toolchain -fmacro-prefix-map=C:/ag-e138920f/tc-cpp-guard-01=/usr/src/toolchain -ffile-prefix-map=C:/ap10-ca5f/git-full-01/bootstrap=/usr -fdebug-prefix-map=C:/ap10-ca5f/git-full-01/bootstrap=/usr -fmacro-prefix-map=C:/ap10-ca5f/git-full-01/bootstrap=/usr -fno-delete-null-pointer-checks -Wall -MT pubkey.lo -MD -MP -MF .deps/pubkey.Tpo -c pubkey.c -o pubkey.o >/dev/null 2>&1
mv -f .deps/pubkey.Tpo .deps/pubkey.Plo
/bin/sh ../libtool  --tag=CC   --mode=compile gcc -DHAVE_CONFIG_H -I. -I..  -I../src -I../src -I../mpi -I../mpi -I/c/ap13-dcb/gnupg-core-01/builds/libgcrypt-1.12.2-1-02/sdk/usr/include  -O2 -g -std=gnu17 -fstack-protector-strong -ffile-prefix-map=C:/ap13-dcb/gnupg-core-01/builds/libgcrypt-1.12.2-1-02=/usr/src/debug/libgcrypt-1.12.2 -fdebug-prefix-map=C:/ap13-dcb/gnupg-core-01/builds/libgcrypt-1.12.2-1-02=/usr/src/debug/libgcrypt-1.12.2 -fmacro-prefix-map=C:/ap13-dcb/gnupg-core-01/builds/libgcrypt-1.12.2-1-02=/usr/src/debug/libgcrypt-1.12.2 -ffile-prefix-map=C:/ag-e138920f/tc-cpp-guard-01=/usr/src/toolchain -fdebug-prefix-map=C:/ag-e138920f/tc-cpp-guard-01=/usr/src/toolchain -fmacro-prefix-map=C:/ag-e138920f/tc-cpp-guard-01=/usr/src/toolchain -ffile-prefix-map=C:/ap10-ca5f/git-full-01/bootstrap=/usr -fdebug-prefix-map=C:/ap10-ca5f/git-full-01/bootstrap=/usr -fmacro-prefix-map=C:/ap10-ca5f/git-full-01/bootstrap=/usr -fno-delete-null-pointer-checks -Wall -MT pubkey-util.lo -MD -MP -MF .deps/pubkey-util.Tpo -c -o pubkey-util.lo pubkey-util.c
libtool: compile:  gcc -DHAVE_CONFIG_H -I. -I.. -I../src -I../src -I../mpi -I../mpi -I/c/ap13-dcb/gnupg-core-01/builds/libgcrypt-1.12.2-1-02/sdk/usr/include -O2 -g -std=gnu17 -fstack-protector-strong -ffile-prefix-map=C:/ap13-dcb/gnupg-core-01/builds/libgcrypt-1.12.2-1-02=/usr/src/debug/libgcrypt-1.12.2 -fdebug-prefix-map=C:/ap13-dcb/gnupg-core-01/builds/libgcrypt-1.12.2-1-02=/usr/src/debug/libgcrypt-1.12.2 -fmacro-prefix-map=C:/ap13-dcb/gnupg-core-01/builds/libgcrypt-1.12.2-1-02=/usr/src/debug/libgcrypt-1.12.2 -ffile-prefix-map=C:/ag-e138920f/tc-cpp-guard-01=/usr/src/toolchain -fdebug-prefix-map=C:/ag-e138920f/tc-cpp-guard-01=/usr/src/toolchain -fmacro-prefix-map=C:/ag-e138920f/tc-cpp-guard-01=/usr/src/toolchain -ffile-prefix-map=C:/ap10-ca5f/git-full-01/bootstrap=/usr -fdebug-prefix-map=C:/ap10-ca5f/git-full-01/bootstrap=/usr -fmacro-prefix-map=C:/ap10-ca5f/git-full-01/bootstrap=/usr -fno-delete-null-pointer-checks -Wall -MT pubkey-util.lo -MD -MP -MF .deps/pubkey-util.Tpo -c pubkey-util.c  -DDLL_EXPORT -DPIC -o .libs/pubkey-util.o
libtool: compile:  gcc -DHAVE_CONFIG_H -I. -I.. -I../src -I../src -I../mpi -I../mpi -I/c/ap13-dcb/gnupg-core-01/builds/libgcrypt-1.12.2-1-02/sdk/usr/include -O2 -g -std=gnu17 -fstack-protector-strong -ffile-prefix-map=C:/ap13-dcb/gnupg-core-01/builds/libgcrypt-1.12.2-1-02=/usr/src/debug/libgcrypt-1.12.2 -fdebug-prefix-map=C:/ap13-dcb/gnupg-core-01/builds/libgcrypt-1.12.2-1-02=/usr/src/debug/libgcrypt-1.12.2 -fmacro-prefix-map=C:/ap13-dcb/gnupg-core-01/builds/libgcrypt-1.12.2-1-02=/usr/src/debug/libgcrypt-1.12.2 -ffile-prefix-map=C:/ag-e138920f/tc-cpp-guard-01=/usr/src/toolchain -fdebug-prefix-map=C:/ag-e138920f/tc-cpp-guard-01=/usr/src/toolchain -fmacro-prefix-map=C:/ag-e138920f/tc-cpp-guard-01=/usr/src/toolchain -ffile-prefix-map=C:/ap10-ca5f/git-full-01/bootstrap=/usr -fdebug-prefix-map=C:/ap10-ca5f/git-full-01/bootstrap=/usr -fmacro-prefix-map=C:/ap10-ca5f/git-full-01/bootstrap=/usr -fno-delete-null-pointer-checks -Wall -MT pubkey-util.lo -MD -MP -MF .deps/pubkey-util.Tpo -c pubkey-util.c -o pubkey-util.o >/dev/null 2>&1
mv -f .deps/pubkey-util.Tpo .deps/pubkey-util.Plo
/bin/sh ../libtool  --tag=CC   --mode=compile gcc -DHAVE_CONFIG_H -I. -I..  -I../src -I../src -I../mpi -I../mpi -I/c/ap13-dcb/gnupg-core-01/builds/libgcrypt-1.12.2-1-02/sdk/usr/include  -O2 -g -std=gnu17 -fstack-protector-strong -ffile-prefix-map=C:/ap13-dcb/gnupg-core-01/builds/libgcrypt-1.12.2-1-02=/usr/src/debug/libgcrypt-1.12.2 -fdebug-prefix-map=C:/ap13-dcb/gnupg-core-01/builds/libgcrypt-1.12.2-1-02=/usr/src/debug/libgcrypt-1.12.2 -fmacro-prefix-map=C:/ap13-dcb/gnupg-core-01/builds/libgcrypt-1.12.2-1-02=/usr/src/debug/libgcrypt-1.12.2 -ffile-prefix-map=C:/ag-e138920f/tc-cpp-guard-01=/usr/src/toolchain -fdebug-prefix-map=C:/ag-e138920f/tc-cpp-guard-01=/usr/src/toolchain -fmacro-prefix-map=C:/ag-e138920f/tc-cpp-guard-01=/usr/src/toolchain -ffile-prefix-map=C:/ap10-ca5f/git-full-01/bootstrap=/usr -fdebug-prefix-map=C:/ap10-ca5f/git-full-01/bootstrap=/usr -fmacro-prefix-map=C:/ap10-ca5f/git-full-01/bootstrap=/usr -fno-delete-null-pointer-checks -Wall -MT md.lo -MD -MP -MF .deps/md.Tpo -c -o md.lo md.c
libtool: compile:  gcc -DHAVE_CONFIG_H -I. -I.. -I../src -I../src -I../mpi -I../mpi -I/c/ap13-dcb/gnupg-core-01/builds/libgcrypt-1.12.2-1-02/sdk/usr/include -O2 -g -std=gnu17 -fstack-protector-strong -ffile-prefix-map=C:/ap13-dcb/gnupg-core-01/builds/libgcrypt-1.12.2-1-02=/usr/src/debug/libgcrypt-1.12.2 -fdebug-prefix-map=C:/ap13-dcb/gnupg-core-01/builds/libgcrypt-1.12.2-1-02=/usr/src/debug/libgcrypt-1.12.2 -fmacro-prefix-map=C:/ap13-dcb/gnupg-core-01/builds/libgcrypt-1.12.2-1-02=/usr/src/debug/libgcrypt-1.12.2 -ffile-prefix-map=C:/ag-e138920f/tc-cpp-guard-01=/usr/src/toolchain -fdebug-prefix-map=C:/ag-e138920f/tc-cpp-guard-01=/usr/src/toolchain -fmacro-prefix-map=C:/ag-e138920f/tc-cpp-guard-01=/usr/src/toolchain -ffile-prefix-map=C:/ap10-ca5f/git-full-01/bootstrap=/usr -fdebug-prefix-map=C:/ap10-ca5f/git-full-01/bootstrap=/usr -fmacro-prefix-map=C:/ap10-ca5f/git-full-01/bootstrap=/usr -fno-delete-null-pointer-checks -Wall -MT md.lo -MD -MP -MF .deps/md.Tpo -c md.c  -DDLL_EXPORT -DPIC -o .libs/md.o
libtool: compile:  gcc -DHAVE_CONFIG_H -I. -I.. -I../src -I../src -I../mpi -I../mpi -I/c/ap13-dcb/gnupg-core-01/builds/libgcrypt-1.12.2-1-02/sdk/usr/include -O2 -g -std=gnu17 -fstack-protector-strong -ffile-prefix-map=C:/ap13-dcb/gnupg-core-01/builds/libgcrypt-1.12.2-1-02=/usr/src/debug/libgcrypt-1.12.2 -fdebug-prefix-map=C:/ap13-dcb/gnupg-core-01/builds/libgcrypt-1.12.2-1-02=/usr/src/debug/libgcrypt-1.12.2 -fmacro-prefix-map=C:/ap13-dcb/gnupg-core-01/builds/libgcrypt-1.12.2-1-02=/usr/src/debug/libgcrypt-1.12.2 -ffile-prefix-map=C:/ag-e138920f/tc-cpp-guard-01=/usr/src/toolchain -fdebug-prefix-map=C:/ag-e138920f/tc-cpp-guard-01=/usr/src/toolchain -fmacro-prefix-map=C:/ag-e138920f/tc-cpp-guard-01=/usr/src/toolchain -ffile-prefix-map=C:/ap10-ca5f/git-full-01/bootstrap=/usr -fdebug-prefix-map=C:/ap10-ca5f/git-full-01/bootstrap=/usr -fmacro-prefix-map=C:/ap10-ca5f/git-full-01/bootstrap=/usr -fno-delete-null-pointer-checks -Wall -MT md.lo -MD -MP -MF .deps/md.Tpo -c md.c -o md.o >/dev/null 2>&1
mv -f .deps/md.Tpo .deps/md.Plo
/bin/sh ../libtool  --tag=CC   --mode=compile gcc -DHAVE_CONFIG_H -I. -I..  -I../src -I../src -I../mpi -I../mpi -I/c/ap13-dcb/gnupg-core-01/builds/libgcrypt-1.12.2-1-02/sdk/usr/include  -O2 -g -std=gnu17 -fstack-protector-strong -ffile-prefix-map=C:/ap13-dcb/gnupg-core-01/builds/libgcrypt-1.12.2-1-02=/usr/src/debug/libgcrypt-1.12.2 -fdebug-prefix-map=C:/ap13-dcb/gnupg-core-01/builds/libgcrypt-1.12.2-1-02=/usr/src/debug/libgcrypt-1.12.2 -fmacro-prefix-map=C:/ap13-dcb/gnupg-core-01/builds/libgcrypt-1.12.2-1-02=/usr/src/debug/libgcrypt-1.12.2 -ffile-prefix-map=C:/ag-e138920f/tc-cpp-guard-01=/usr/src/toolchain -fdebug-prefix-map=C:/ag-e138920f/tc-cpp-guard-01=/usr/src/toolchain -fmacro-prefix-map=C:/ag-e138920f/tc-cpp-guard-01=/usr/src/toolchain -ffile-prefix-map=C:/ap10-ca5f/git-full-01/bootstrap=/usr -fdebug-prefix-map=C:/ap10-ca5f/git-full-01/bootstrap=/usr -fmacro-prefix-map=C:/ap10-ca5f/git-full-01/bootstrap=/usr -fno-delete-null-pointer-checks -Wall -MT mac.lo -MD -MP -MF .deps/mac.Tpo -c -o mac.lo mac.c
libtool: compile:  gcc -DHAVE_CONFIG_H -I. -I.. -I../src -I../src -I../mpi -I../mpi -I/c/ap13-dcb/gnupg-core-01/builds/libgcrypt-1.12.2-1-02/sdk/usr/include -O2 -g -std=gnu17 -fstack-protector-strong -ffile-prefix-map=C:/ap13-dcb/gnupg-core-01/builds/libgcrypt-1.12.2-1-02=/usr/src/debug/libgcrypt-1.12.2 -fdebug-prefix-map=C:/ap13-dcb/gnupg-core-01/builds/libgcrypt-1.12.2-1-02=/usr/src/debug/libgcrypt-1.12.2 -fmacro-prefix-map=C:/ap13-dcb/gnupg-core-01/builds/libgcrypt-1.12.2-1-02=/usr/src/debug/libgcrypt-1.12.2 -ffile-prefix-map=C:/ag-e138920f/tc-cpp-guard-01=/usr/src/toolchain -fdebug-prefix-map=C:/ag-e138920f/tc-cpp-guard-01=/usr/src/toolchain -fmacro-prefix-map=C:/ag-e138920f/tc-cpp-guard-01=/usr/src/toolchain -ffile-prefix-map=C:/ap10-ca5f/git-full-01/bootstrap=/usr -fdebug-prefix-map=C:/ap10-ca5f/git-full-01/bootstrap=/usr -fmacro-prefix-map=C:/ap10-ca5f/git-full-01/bootstrap=/usr -fno-delete-null-pointer-checks -Wall -MT mac.lo -MD -MP -MF .deps/mac.Tpo -c mac.c  -DDLL_EXPORT -DPIC -o .libs/mac.o
libtool: compile:  gcc -DHAVE_CONFIG_H -I. -I.. -I../src -I../src -I../mpi -I../mpi -I/c/ap13-dcb/gnupg-core-01/builds/libgcrypt-1.12.2-1-02/sdk/usr/include -O2 -g -std=gnu17 -fstack-protector-strong -ffile-prefix-map=C:/ap13-dcb/gnupg-core-01/builds/libgcrypt-1.12.2-1-02=/usr/src/debug/libgcrypt-1.12.2 -fdebug-prefix-map=C:/ap13-dcb/gnupg-core-01/builds/libgcrypt-1.12.2-1-02=/usr/src/debug/libgcrypt-1.12.2 -fmacro-prefix-map=C:/ap13-dcb/gnupg-core-01/builds/libgcrypt-1.12.2-1-02=/usr/src/debug/libgcrypt-1.12.2 -ffile-prefix-map=C:/ag-e138920f/tc-cpp-guard-01=/usr/src/toolchain -fdebug-prefix-map=C:/ag-e138920f/tc-cpp-guard-01=/usr/src/toolchain -fmacro-prefix-map=C:/ag-e138920f/tc-cpp-guard-01=/usr/src/toolchain -ffile-prefix-map=C:/ap10-ca5f/git-full-01/bootstrap=/usr -fdebug-prefix-map=C:/ap10-ca5f/git-full-01/bootstrap=/usr -fmacro-prefix-map=C:/ap10-ca5f/git-full-01/bootstrap=/usr -fno-delete-null-pointer-checks -Wall -MT mac.lo -MD -MP -MF .deps/mac.Tpo -c mac.c -o mac.o >/dev/null 2>&1
mv -f .deps/mac.Tpo .deps/mac.Plo
/bin/sh ../libtool  --tag=CC   --mode=compile gcc -DHAVE_CONFIG_H -I. -I..  -I../src -I../src -I../mpi -I../mpi -I/c/ap13-dcb/gnupg-core-01/builds/libgcrypt-1.12.2-1-02/sdk/usr/include  -O2 -g -std=gnu17 -fstack-protector-strong -ffile-prefix-map=C:/ap13-dcb/gnupg-core-01/builds/libgcrypt-1.12.2-1-02=/usr/src/debug/libgcrypt-1.12.2 -fdebug-prefix-map=C:/ap13-dcb/gnupg-core-01/builds/libgcrypt-1.12.2-1-02=/usr/src/debug/libgcrypt-1.12.2 -fmacro-prefix-map=C:/ap13-dcb/gnupg-core-01/builds/libgcrypt-1.12.2-1-02=/usr/src/debug/libgcrypt-1.12.2 -ffile-prefix-map=C:/ag-e138920f/tc-cpp-guard-01=/usr/src/toolchain -fdebug-prefix-map=C:/ag-e138920f/tc-cpp-guard-01=/usr/src/toolchain -fmacro-prefix-map=C:/ag-e138920f/tc-cpp-guard-01=/usr/src/toolchain -ffile-prefix-map=C:/ap10-ca5f/git-full-01/bootstrap=/usr -fdebug-prefix-map=C:/ap10-ca5f/git-full-01/bootstrap=/usr -fmacro-prefix-map=C:/ap10-ca5f/git-full-01/bootstrap=/usr -fno-delete-null-pointer-checks -Wall -MT mac-hmac.lo -MD -MP -MF .deps/mac-hmac.Tpo -c -o mac-hmac.lo mac-hmac.c
libtool: compile:  gcc -DHAVE_CONFIG_H -I. -I.. -I../src -I../src -I../mpi -I../mpi -I/c/ap13-dcb/gnupg-core-01/builds/libgcrypt-1.12.2-1-02/sdk/usr/include -O2 -g -std=gnu17 -fstack-protector-strong -ffile-prefix-map=C:/ap13-dcb/gnupg-core-01/builds/libgcrypt-1.12.2-1-02=/usr/src/debug/libgcrypt-1.12.2 -fdebug-prefix-map=C:/ap13-dcb/gnupg-core-01/builds/libgcrypt-1.12.2-1-02=/usr/src/debug/libgcrypt-1.12.2 -fmacro-prefix-map=C:/ap13-dcb/gnupg-core-01/builds/libgcrypt-1.12.2-1-02=/usr/src/debug/libgcrypt-1.12.2 -ffile-prefix-map=C:/ag-e138920f/tc-cpp-guard-01=/usr/src/toolchain -fdebug-prefix-map=C:/ag-e138920f/tc-cpp-guard-01=/usr/src/toolchain -fmacro-prefix-map=C:/ag-e138920f/tc-cpp-guard-01=/usr/src/toolchain -ffile-prefix-map=C:/ap10-ca5f/git-full-01/bootstrap=/usr -fdebug-prefix-map=C:/ap10-ca5f/git-full-01/bootstrap=/usr -fmacro-prefix-map=C:/ap10-ca5f/git-full-01/bootstrap=/usr -fno-delete-null-pointer-checks -Wall -MT mac-hmac.lo -MD -MP -MF .deps/mac-hmac.Tpo -c mac-hmac.c  -DDLL_EXPORT -DPIC -o .libs/mac-hmac.o
libtool: compile:  gcc -DHAVE_CONFIG_H -I. -I.. -I../src -I../src -I../mpi -I../mpi -I/c/ap13-dcb/gnupg-core-01/builds/libgcrypt-1.12.2-1-02/sdk/usr/include -O2 -g -std=gnu17 -fstack-protector-strong -ffile-prefix-map=C:/ap13-dcb/gnupg-core-01/builds/libgcrypt-1.12.2-1-02=/usr/src/debug/libgcrypt-1.12.2 -fdebug-prefix-map=C:/ap13-dcb/gnupg-core-01/builds/libgcrypt-1.12.2-1-02=/usr/src/debug/libgcrypt-1.12.2 -fmacro-prefix-map=C:/ap13-dcb/gnupg-core-01/builds/libgcrypt-1.12.2-1-02=/usr/src/debug/libgcrypt-1.12.2 -ffile-prefix-map=C:/ag-e138920f/tc-cpp-guard-01=/usr/src/toolchain -fdebug-prefix-map=C:/ag-e138920f/tc-cpp-guard-01=/usr/src/toolchain -fmacro-prefix-map=C:/ag-e138920f/tc-cpp-guard-01=/usr/src/toolchain -ffile-prefix-map=C:/ap10-ca5f/git-full-01/bootstrap=/usr -fdebug-prefix-map=C:/ap10-ca5f/git-full-01/bootstrap=/usr -fmacro-prefix-map=C:/ap10-ca5f/git-full-01/bootstrap=/usr -fno-delete-null-pointer-checks -Wall -MT mac-hmac.lo -MD -MP -MF .deps/mac-hmac.Tpo -c mac-hmac.c -o mac-hmac.o >/dev/null 2>&1
mv -f .deps/mac-hmac.Tpo .deps/mac-hmac.Plo
/bin/sh ../libtool  --tag=CC   --mode=compile gcc -DHAVE_CONFIG_H -I. -I..  -I../src -I../src -I../mpi -I../mpi -I/c/ap13-dcb/gnupg-core-01/builds/libgcrypt-1.12.2-1-02/sdk/usr/include  -O2 -g -std=gnu17 -fstack-protector-strong -ffile-prefix-map=C:/ap13-dcb/gnupg-core-01/builds/libgcrypt-1.12.2-1-02=/usr/src/debug/libgcrypt-1.12.2 -fdebug-prefix-map=C:/ap13-dcb/gnupg-core-01/builds/libgcrypt-1.12.2-1-02=/usr/src/debug/libgcrypt-1.12.2 -fmacro-prefix-map=C:/ap13-dcb/gnupg-core-01/builds/libgcrypt-1.12.2-1-02=/usr/src/debug/libgcrypt-1.12.2 -ffile-prefix-map=C:/ag-e138920f/tc-cpp-guard-01=/usr/src/toolchain -fdebug-prefix-map=C:/ag-e138920f/tc-cpp-guard-01=/usr/src/toolchain -fmacro-prefix-map=C:/ag-e138920f/tc-cpp-guard-01=/usr/src/toolchain -ffile-prefix-map=C:/ap10-ca5f/git-full-01/bootstrap=/usr -fdebug-prefix-map=C:/ap10-ca5f/git-full-01/bootstrap=/usr -fmacro-prefix-map=C:/ap10-ca5f/git-full-01/bootstrap=/usr -fno-delete-null-pointer-checks -Wall -MT mac-cmac.lo -MD -MP -MF .deps/mac-cmac.Tpo -c -o mac-cmac.lo mac-cmac.c
libtool: compile:  gcc -DHAVE_CONFIG_H -I. -I.. -I../src -I../src -I../mpi -I../mpi -I/c/ap13-dcb/gnupg-core-01/builds/libgcrypt-1.12.2-1-02/sdk/usr/include -O2 -g -std=gnu17 -fstack-protector-strong -ffile-prefix-map=C:/ap13-dcb/gnupg-core-01/builds/libgcrypt-1.12.2-1-02=/usr/src/debug/libgcrypt-1.12.2 -fdebug-prefix-map=C:/ap13-dcb/gnupg-core-01/builds/libgcrypt-1.12.2-1-02=/usr/src/debug/libgcrypt-1.12.2 -fmacro-prefix-map=C:/ap13-dcb/gnupg-core-01/builds/libgcrypt-1.12.2-1-02=/usr/src/debug/libgcrypt-1.12.2 -ffile-prefix-map=C:/ag-e138920f/tc-cpp-guard-01=/usr/src/toolchain -fdebug-prefix-map=C:/ag-e138920f/tc-cpp-guard-01=/usr/src/toolchain -fmacro-prefix-map=C:/ag-e138920f/tc-cpp-guard-01=/usr/src/toolchain -ffile-prefix-map=C:/ap10-ca5f/git-full-01/bootstrap=/usr -fdebug-prefix-map=C:/ap10-ca5f/git-full-01/bootstrap=/usr -fmacro-prefix-map=C:/ap10-ca5f/git-full-01/bootstrap=/usr -fno-delete-null-pointer-checks -Wall -MT mac-cmac.lo -MD -MP -MF .deps/mac-cmac.Tpo -c mac-cmac.c  -DDLL_EXPORT -DPIC -o .libs/mac-cmac.o
libtool: compile:  gcc -DHAVE_CONFIG_H -I. -I.. -I../src -I../src -I../mpi -I../mpi -I/c/ap13-dcb/gnupg-core-01/builds/libgcrypt-1.12.2-1-02/sdk/usr/include -O2 -g -std=gnu17 -fstack-protector-strong -ffile-prefix-map=C:/ap13-dcb/gnupg-core-01/builds/libgcrypt-1.12.2-1-02=/usr/src/debug/libgcrypt-1.12.2 -fdebug-prefix-map=C:/ap13-dcb/gnupg-core-01/builds/libgcrypt-1.12.2-1-02=/usr/src/debug/libgcrypt-1.12.2 -fmacro-prefix-map=C:/ap13-dcb/gnupg-core-01/builds/libgcrypt-1.12.2-1-02=/usr/src/debug/libgcrypt-1.12.2 -ffile-prefix-map=C:/ag-e138920f/tc-cpp-guard-01=/usr/src/toolchain -fdebug-prefix-map=C:/ag-e138920f/tc-cpp-guard-01=/usr/src/toolchain -fmacro-prefix-map=C:/ag-e138920f/tc-cpp-guard-01=/usr/src/toolchain -ffile-prefix-map=C:/ap10-ca5f/git-full-01/bootstrap=/usr -fdebug-prefix-map=C:/ap10-ca5f/git-full-01/bootstrap=/usr -fmacro-prefix-map=C:/ap10-ca5f/git-full-01/bootstrap=/usr -fno-delete-null-pointer-checks -Wall -MT mac-cmac.lo -MD -MP -MF .deps/mac-cmac.Tpo -c mac-cmac.c -o mac-cmac.o >/dev/null 2>&1
mv -f .deps/mac-cmac.Tpo .deps/mac-cmac.Plo
/bin/sh ../libtool  --tag=CC   --mode=compile gcc -DHAVE_CONFIG_H -I. -I..  -I../src -I../src -I../mpi -I../mpi -I/c/ap13-dcb/gnupg-core-01/builds/libgcrypt-1.12.2-1-02/sdk/usr/include  -O2 -g -std=gnu17 -fstack-protector-strong -ffile-prefix-map=C:/ap13-dcb/gnupg-core-01/builds/libgcrypt-1.12.2-1-02=/usr/src/debug/libgcrypt-1.12.2 -fdebug-prefix-map=C:/ap13-dcb/gnupg-core-01/builds/libgcrypt-1.12.2-1-02=/usr/src/debug/libgcrypt-1.12.2 -fmacro-prefix-map=C:/ap13-dcb/gnupg-core-01/builds/libgcrypt-1.12.2-1-02=/usr/src/debug/libgcrypt-1.12.2 -ffile-prefix-map=C:/ag-e138920f/tc-cpp-guard-01=/usr/src/toolchain -fdebug-prefix-map=C:/ag-e138920f/tc-cpp-guard-01=/usr/src/toolchain -fmacro-prefix-map=C:/ag-e138920f/tc-cpp-guard-01=/usr/src/toolchain -ffile-prefix-map=C:/ap10-ca5f/git-full-01/bootstrap=/usr -fdebug-prefix-map=C:/ap10-ca5f/git-full-01/bootstrap=/usr -fmacro-prefix-map=C:/ap10-ca5f/git-full-01/bootstrap=/usr -fno-delete-null-pointer-checks -Wall -MT mac-gmac.lo -MD -MP -MF .deps/mac-gmac.Tpo -c -o mac-gmac.lo mac-gmac.c
libtool: compile:  gcc -DHAVE_CONFIG_H -I. -I.. -I../src -I../src -I../mpi -I../mpi -I/c/ap13-dcb/gnupg-core-01/builds/libgcrypt-1.12.2-1-02/sdk/usr/include -O2 -g -std=gnu17 -fstack-protector-strong -ffile-prefix-map=C:/ap13-dcb/gnupg-core-01/builds/libgcrypt-1.12.2-1-02=/usr/src/debug/libgcrypt-1.12.2 -fdebug-prefix-map=C:/ap13-dcb/gnupg-core-01/builds/libgcrypt-1.12.2-1-02=/usr/src/debug/libgcrypt-1.12.2 -fmacro-prefix-map=C:/ap13-dcb/gnupg-core-01/builds/libgcrypt-1.12.2-1-02=/usr/src/debug/libgcrypt-1.12.2 -ffile-prefix-map=C:/ag-e138920f/tc-cpp-guard-01=/usr/src/toolchain -fdebug-prefix-map=C:/ag-e138920f/tc-cpp-guard-01=/usr/src/toolchain -fmacro-prefix-map=C:/ag-e138920f/tc-cpp-guard-01=/usr/src/toolchain -ffile-prefix-map=C:/ap10-ca5f/git-full-01/bootstrap=/usr -fdebug-prefix-map=C:/ap10-ca5f/git-full-01/bootstrap=/usr -fmacro-prefix-map=C:/ap10-ca5f/git-full-01/bootstrap=/usr -fno-delete-null-pointer-checks -Wall -MT mac-gmac.lo -MD -MP -MF .deps/mac-gmac.Tpo -c mac-gmac.c  -DDLL_EXPORT -DPIC -o .libs/mac-gmac.o
libtool: compile:  gcc -DHAVE_CONFIG_H -I. -I.. -I../src -I../src -I../mpi -I../mpi -I/c/ap13-dcb/gnupg-core-01/builds/libgcrypt-1.12.2-1-02/sdk/usr/include -O2 -g -std=gnu17 -fstack-protector-strong -ffile-prefix-map=C:/ap13-dcb/gnupg-core-01/builds/libgcrypt-1.12.2-1-02=/usr/src/debug/libgcrypt-1.12.2 -fdebug-prefix-map=C:/ap13-dcb/gnupg-core-01/builds/libgcrypt-1.12.2-1-02=/usr/src/debug/libgcrypt-1.12.2 -fmacro-prefix-map=C:/ap13-dcb/gnupg-core-01/builds/libgcrypt-1.12.2-1-02=/usr/src/debug/libgcrypt-1.12.2 -ffile-prefix-map=C:/ag-e138920f/tc-cpp-guard-01=/usr/src/toolchain -fdebug-prefix-map=C:/ag-e138920f/tc-cpp-guard-01=/usr/src/toolchain -fmacro-prefix-map=C:/ag-e138920f/tc-cpp-guard-01=/usr/src/toolchain -ffile-prefix-map=C:/ap10-ca5f/git-full-01/bootstrap=/usr -fdebug-prefix-map=C:/ap10-ca5f/git-full-01/bootstrap=/usr -fmacro-prefix-map=C:/ap10-ca5f/git-full-01/bootstrap=/usr -fno-delete-null-pointer-checks -Wall -MT mac-gmac.lo -MD -MP -MF .deps/mac-gmac.Tpo -c mac-gmac.c -o mac-gmac.o >/dev/null 2>&1
mv -f .deps/mac-gmac.Tpo .deps/mac-gmac.Plo
/bin/sh ../libtool  --tag=CC   --mode=compile gcc -DHAVE_CONFIG_H -I. -I..  -I../src -I../src -I../mpi -I../mpi -I/c/ap13-dcb/gnupg-core-01/builds/libgcrypt-1.12.2-1-02/sdk/usr/include  -O2 -g -std=gnu17 -fstack-protector-strong -ffile-prefix-map=C:/ap13-dcb/gnupg-core-01/builds/libgcrypt-1.12.2-1-02=/usr/src/debug/libgcrypt-1.12.2 -fdebug-prefix-map=C:/ap13-dcb/gnupg-core-01/builds/libgcrypt-1.12.2-1-02=/usr/src/debug/libgcrypt-1.12.2 -fmacro-prefix-map=C:/ap13-dcb/gnupg-core-01/builds/libgcrypt-1.12.2-1-02=/usr/src/debug/libgcrypt-1.12.2 -ffile-prefix-map=C:/ag-e138920f/tc-cpp-guard-01=/usr/src/toolchain -fdebug-prefix-map=C:/ag-e138920f/tc-cpp-guard-01=/usr/src/toolchain -fmacro-prefix-map=C:/ag-e138920f/tc-cpp-guard-01=/usr/src/toolchain -ffile-prefix-map=C:/ap10-ca5f/git-full-01/bootstrap=/usr -fdebug-prefix-map=C:/ap10-ca5f/git-full-01/bootstrap=/usr -fmacro-prefix-map=C:/ap10-ca5f/git-full-01/bootstrap=/usr -fno-delete-null-pointer-checks -Wall -MT mac-poly1305.lo -MD -MP -MF .deps/mac-poly1305.Tpo -c -o mac-poly1305.lo mac-poly1305.c
libtool: compile:  gcc -DHAVE_CONFIG_H -I. -I.. -I../src -I../src -I../mpi -I../mpi -I/c/ap13-dcb/gnupg-core-01/builds/libgcrypt-1.12.2-1-02/sdk/usr/include -O2 -g -std=gnu17 -fstack-protector-strong -ffile-prefix-map=C:/ap13-dcb/gnupg-core-01/builds/libgcrypt-1.12.2-1-02=/usr/src/debug/libgcrypt-1.12.2 -fdebug-prefix-map=C:/ap13-dcb/gnupg-core-01/builds/libgcrypt-1.12.2-1-02=/usr/src/debug/libgcrypt-1.12.2 -fmacro-prefix-map=C:/ap13-dcb/gnupg-core-01/builds/libgcrypt-1.12.2-1-02=/usr/src/debug/libgcrypt-1.12.2 -ffile-prefix-map=C:/ag-e138920f/tc-cpp-guard-01=/usr/src/toolchain -fdebug-prefix-map=C:/ag-e138920f/tc-cpp-guard-01=/usr/src/toolchain -fmacro-prefix-map=C:/ag-e138920f/tc-cpp-guard-01=/usr/src/toolchain -ffile-prefix-map=C:/ap10-ca5f/git-full-01/bootstrap=/usr -fdebug-prefix-map=C:/ap10-ca5f/git-full-01/bootstrap=/usr -fmacro-prefix-map=C:/ap10-ca5f/git-full-01/bootstrap=/usr -fno-delete-null-pointer-checks -Wall -MT mac-poly1305.lo -MD -MP -MF .deps/mac-poly1305.Tpo -c mac-poly1305.c  -DDLL_EXPORT -DPIC -o .libs/mac-poly1305.o
libtool: compile:  gcc -DHAVE_CONFIG_H -I. -I.. -I../src -I../src -I../mpi -I../mpi -I/c/ap13-dcb/gnupg-core-01/builds/libgcrypt-1.12.2-1-02/sdk/usr/include -O2 -g -std=gnu17 -fstack-protector-strong -ffile-prefix-map=C:/ap13-dcb/gnupg-core-01/builds/libgcrypt-1.12.2-1-02=/usr/src/debug/libgcrypt-1.12.2 -fdebug-prefix-map=C:/ap13-dcb/gnupg-core-01/builds/libgcrypt-1.12.2-1-02=/usr/src/debug/libgcrypt-1.12.2 -fmacro-prefix-map=C:/ap13-dcb/gnupg-core-01/builds/libgcrypt-1.12.2-1-02=/usr/src/debug/libgcrypt-1.12.2 -ffile-prefix-map=C:/ag-e138920f/tc-cpp-guard-01=/usr/src/toolchain -fdebug-prefix-map=C:/ag-e138920f/tc-cpp-guard-01=/usr/src/toolchain -fmacro-prefix-map=C:/ag-e138920f/tc-cpp-guard-01=/usr/src/toolchain -ffile-prefix-map=C:/ap10-ca5f/git-full-01/bootstrap=/usr -fdebug-prefix-map=C:/ap10-ca5f/git-full-01/bootstrap=/usr -fmacro-prefix-map=C:/ap10-ca5f/git-full-01/bootstrap=/usr -fno-delete-null-pointer-checks -Wall -MT mac-poly1305.lo -MD -MP -MF .deps/mac-poly1305.Tpo -c mac-poly1305.c -o mac-poly1305.o >/dev/null 2>&1
mv -f .deps/mac-poly1305.Tpo .deps/mac-poly1305.Plo
/bin/sh ../libtool  --tag=CC   --mode=compile gcc -DHAVE_CONFIG_H -I. -I..  -I../src -I../src -I../mpi -I../mpi -I/c/ap13-dcb/gnupg-core-01/builds/libgcrypt-1.12.2-1-02/sdk/usr/include  -O2 -g -std=gnu17 -fstack-protector-strong -ffile-prefix-map=C:/ap13-dcb/gnupg-core-01/builds/libgcrypt-1.12.2-1-02=/usr/src/debug/libgcrypt-1.12.2 -fdebug-prefix-map=C:/ap13-dcb/gnupg-core-01/builds/libgcrypt-1.12.2-1-02=/usr/src/debug/libgcrypt-1.12.2 -fmacro-prefix-map=C:/ap13-dcb/gnupg-core-01/builds/libgcrypt-1.12.2-1-02=/usr/src/debug/libgcrypt-1.12.2 -ffile-prefix-map=C:/ag-e138920f/tc-cpp-guard-01=/usr/src/toolchain -fdebug-prefix-map=C:/ag-e138920f/tc-cpp-guard-01=/usr/src/toolchain -fmacro-prefix-map=C:/ag-e138920f/tc-cpp-guard-01=/usr/src/toolchain -ffile-prefix-map=C:/ap10-ca5f/git-full-01/bootstrap=/usr -fdebug-prefix-map=C:/ap10-ca5f/git-full-01/bootstrap=/usr -fmacro-prefix-map=C:/ap10-ca5f/git-full-01/bootstrap=/usr -fno-delete-null-pointer-checks -Wall -MT poly1305.lo -MD -MP -MF .deps/poly1305.Tpo -c -o poly1305.lo poly1305.c
libtool: compile:  gcc -DHAVE_CONFIG_H -I. -I.. -I../src -I../src -I../mpi -I../mpi -I/c/ap13-dcb/gnupg-core-01/builds/libgcrypt-1.12.2-1-02/sdk/usr/include -O2 -g -std=gnu17 -fstack-protector-strong -ffile-prefix-map=C:/ap13-dcb/gnupg-core-01/builds/libgcrypt-1.12.2-1-02=/usr/src/debug/libgcrypt-1.12.2 -fdebug-prefix-map=C:/ap13-dcb/gnupg-core-01/builds/libgcrypt-1.12.2-1-02=/usr/src/debug/libgcrypt-1.12.2 -fmacro-prefix-map=C:/ap13-dcb/gnupg-core-01/builds/libgcrypt-1.12.2-1-02=/usr/src/debug/libgcrypt-1.12.2 -ffile-prefix-map=C:/ag-e138920f/tc-cpp-guard-01=/usr/src/toolchain -fdebug-prefix-map=C:/ag-e138920f/tc-cpp-guard-01=/usr/src/toolchain -fmacro-prefix-map=C:/ag-e138920f/tc-cpp-guard-01=/usr/src/toolchain -ffile-prefix-map=C:/ap10-ca5f/git-full-01/bootstrap=/usr -fdebug-prefix-map=C:/ap10-ca5f/git-full-01/bootstrap=/usr -fmacro-prefix-map=C:/ap10-ca5f/git-full-01/bootstrap=/usr -fno-delete-null-pointer-checks -Wall -MT poly1305.lo -MD -MP -MF .deps/poly1305.Tpo -c poly1305.c  -DDLL_EXPORT -DPIC -o .libs/poly1305.o
libtool: compile:  gcc -DHAVE_CONFIG_H -I. -I.. -I../src -I../src -I../mpi -I../mpi -I/c/ap13-dcb/gnupg-core-01/builds/libgcrypt-1.12.2-1-02/sdk/usr/include -O2 -g -std=gnu17 -fstack-protector-strong -ffile-prefix-map=C:/ap13-dcb/gnupg-core-01/builds/libgcrypt-1.12.2-1-02=/usr/src/debug/libgcrypt-1.12.2 -fdebug-prefix-map=C:/ap13-dcb/gnupg-core-01/builds/libgcrypt-1.12.2-1-02=/usr/src/debug/libgcrypt-1.12.2 -fmacro-prefix-map=C:/ap13-dcb/gnupg-core-01/builds/libgcrypt-1.12.2-1-02=/usr/src/debug/libgcrypt-1.12.2 -ffile-prefix-map=C:/ag-e138920f/tc-cpp-guard-01=/usr/src/toolchain -fdebug-prefix-map=C:/ag-e138920f/tc-cpp-guard-01=/usr/src/toolchain -fmacro-prefix-map=C:/ag-e138920f/tc-cpp-guard-01=/usr/src/toolchain -ffile-prefix-map=C:/ap10-ca5f/git-full-01/bootstrap=/usr -fdebug-prefix-map=C:/ap10-ca5f/git-full-01/bootstrap=/usr -fmacro-prefix-map=C:/ap10-ca5f/git-full-01/bootstrap=/usr -fno-delete-null-pointer-checks -Wall -MT poly1305.lo -MD -MP -MF .deps/poly1305.Tpo -c poly1305.c -o poly1305.o >/dev/null 2>&1
mv -f .deps/poly1305.Tpo .deps/poly1305.Plo
/bin/sh ../libtool  --tag=CC   --mode=compile gcc -DHAVE_CONFIG_H -I. -I..  -I../src -I../src -I../mpi -I../mpi -I/c/ap13-dcb/gnupg-core-01/builds/libgcrypt-1.12.2-1-02/sdk/usr/include  -O2 -g -std=gnu17 -fstack-protector-strong -ffile-prefix-map=C:/ap13-dcb/gnupg-core-01/builds/libgcrypt-1.12.2-1-02=/usr/src/debug/libgcrypt-1.12.2 -fdebug-prefix-map=C:/ap13-dcb/gnupg-core-01/builds/libgcrypt-1.12.2-1-02=/usr/src/debug/libgcrypt-1.12.2 -fmacro-prefix-map=C:/ap13-dcb/gnupg-core-01/builds/libgcrypt-1.12.2-1-02=/usr/src/debug/libgcrypt-1.12.2 -ffile-prefix-map=C:/ag-e138920f/tc-cpp-guard-01=/usr/src/toolchain -fdebug-prefix-map=C:/ag-e138920f/tc-cpp-guard-01=/usr/src/toolchain -fmacro-prefix-map=C:/ag-e138920f/tc-cpp-guard-01=/usr/src/toolchain -ffile-prefix-map=C:/ap10-ca5f/git-full-01/bootstrap=/usr -fdebug-prefix-map=C:/ap10-ca5f/git-full-01/bootstrap=/usr -fmacro-prefix-map=C:/ap10-ca5f/git-full-01/bootstrap=/usr -fno-delete-null-pointer-checks -Wall -MT kem.lo -MD -MP -MF .deps/kem.Tpo -c -o kem.lo kem.c
libtool: compile:  gcc -DHAVE_CONFIG_H -I. -I.. -I../src -I../src -I../mpi -I../mpi -I/c/ap13-dcb/gnupg-core-01/builds/libgcrypt-1.12.2-1-02/sdk/usr/include -O2 -g -std=gnu17 -fstack-protector-strong -ffile-prefix-map=C:/ap13-dcb/gnupg-core-01/builds/libgcrypt-1.12.2-1-02=/usr/src/debug/libgcrypt-1.12.2 -fdebug-prefix-map=C:/ap13-dcb/gnupg-core-01/builds/libgcrypt-1.12.2-1-02=/usr/src/debug/libgcrypt-1.12.2 -fmacro-prefix-map=C:/ap13-dcb/gnupg-core-01/builds/libgcrypt-1.12.2-1-02=/usr/src/debug/libgcrypt-1.12.2 -ffile-prefix-map=C:/ag-e138920f/tc-cpp-guard-01=/usr/src/toolchain -fdebug-prefix-map=C:/ag-e138920f/tc-cpp-guard-01=/usr/src/toolchain -fmacro-prefix-map=C:/ag-e138920f/tc-cpp-guard-01=/usr/src/toolchain -ffile-prefix-map=C:/ap10-ca5f/git-full-01/bootstrap=/usr -fdebug-prefix-map=C:/ap10-ca5f/git-full-01/bootstrap=/usr -fmacro-prefix-map=C:/ap10-ca5f/git-full-01/bootstrap=/usr -fno-delete-null-pointer-checks -Wall -MT kem.lo -MD -MP -MF .deps/kem.Tpo -c kem.c  -DDLL_EXPORT -DPIC -o .libs/kem.o
libtool: compile:  gcc -DHAVE_CONFIG_H -I. -I.. -I../src -I../src -I../mpi -I../mpi -I/c/ap13-dcb/gnupg-core-01/builds/libgcrypt-1.12.2-1-02/sdk/usr/include -O2 -g -std=gnu17 -fstack-protector-strong -ffile-prefix-map=C:/ap13-dcb/gnupg-core-01/builds/libgcrypt-1.12.2-1-02=/usr/src/debug/libgcrypt-1.12.2 -fdebug-prefix-map=C:/ap13-dcb/gnupg-core-01/builds/libgcrypt-1.12.2-1-02=/usr/src/debug/libgcrypt-1.12.2 -fmacro-prefix-map=C:/ap13-dcb/gnupg-core-01/builds/libgcrypt-1.12.2-1-02=/usr/src/debug/libgcrypt-1.12.2 -ffile-prefix-map=C:/ag-e138920f/tc-cpp-guard-01=/usr/src/toolchain -fdebug-prefix-map=C:/ag-e138920f/tc-cpp-guard-01=/usr/src/toolchain -fmacro-prefix-map=C:/ag-e138920f/tc-cpp-guard-01=/usr/src/toolchain -ffile-prefix-map=C:/ap10-ca5f/git-full-01/bootstrap=/usr -fdebug-prefix-map=C:/ap10-ca5f/git-full-01/bootstrap=/usr -fmacro-prefix-map=C:/ap10-ca5f/git-full-01/bootstrap=/usr -fno-delete-null-pointer-checks -Wall -MT kem.lo -MD -MP -MF .deps/kem.Tpo -c kem.c -o kem.o >/dev/null 2>&1
mv -f .deps/kem.Tpo .deps/kem.Plo
/bin/sh ../libtool  --tag=CC   --mode=compile gcc -DHAVE_CONFIG_H -I. -I..  -I../src -I../src -I../mpi -I../mpi -I/c/ap13-dcb/gnupg-core-01/builds/libgcrypt-1.12.2-1-02/sdk/usr/include  -O2 -g -std=gnu17 -fstack-protector-strong -ffile-prefix-map=C:/ap13-dcb/gnupg-core-01/builds/libgcrypt-1.12.2-1-02=/usr/src/debug/libgcrypt-1.12.2 -fdebug-prefix-map=C:/ap13-dcb/gnupg-core-01/builds/libgcrypt-1.12.2-1-02=/usr/src/debug/libgcrypt-1.12.2 -fmacro-prefix-map=C:/ap13-dcb/gnupg-core-01/builds/libgcrypt-1.12.2-1-02=/usr/src/debug/libgcrypt-1.12.2 -ffile-prefix-map=C:/ag-e138920f/tc-cpp-guard-01=/usr/src/toolchain -fdebug-prefix-map=C:/ag-e138920f/tc-cpp-guard-01=/usr/src/toolchain -fmacro-prefix-map=C:/ag-e138920f/tc-cpp-guard-01=/usr/src/toolchain -ffile-prefix-map=C:/ap10-ca5f/git-full-01/bootstrap=/usr -fdebug-prefix-map=C:/ap10-ca5f/git-full-01/bootstrap=/usr -fmacro-prefix-map=C:/ap10-ca5f/git-full-01/bootstrap=/usr -fno-delete-null-pointer-checks -Wall -MT sntrup761.lo -MD -MP -MF .deps/sntrup761.Tpo -c -o sntrup761.lo sntrup761.c
libtool: compile:  gcc -DHAVE_CONFIG_H -I. -I.. -I../src -I../src -I../mpi -I../mpi -I/c/ap13-dcb/gnupg-core-01/builds/libgcrypt-1.12.2-1-02/sdk/usr/include -O2 -g -std=gnu17 -fstack-protector-strong -ffile-prefix-map=C:/ap13-dcb/gnupg-core-01/builds/libgcrypt-1.12.2-1-02=/usr/src/debug/libgcrypt-1.12.2 -fdebug-prefix-map=C:/ap13-dcb/gnupg-core-01/builds/libgcrypt-1.12.2-1-02=/usr/src/debug/libgcrypt-1.12.2 -fmacro-prefix-map=C:/ap13-dcb/gnupg-core-01/builds/libgcrypt-1.12.2-1-02=/usr/src/debug/libgcrypt-1.12.2 -ffile-prefix-map=C:/ag-e138920f/tc-cpp-guard-01=/usr/src/toolchain -fdebug-prefix-map=C:/ag-e138920f/tc-cpp-guard-01=/usr/src/toolchain -fmacro-prefix-map=C:/ag-e138920f/tc-cpp-guard-01=/usr/src/toolchain -ffile-prefix-map=C:/ap10-ca5f/git-full-01/bootstrap=/usr -fdebug-prefix-map=C:/ap10-ca5f/git-full-01/bootstrap=/usr -fmacro-prefix-map=C:/ap10-ca5f/git-full-01/bootstrap=/usr -fno-delete-null-pointer-checks -Wall -MT sntrup761.lo -MD -MP -MF .deps/sntrup761.Tpo -c sntrup761.c  -DDLL_EXPORT -DPIC -o .libs/sntrup761.o
libtool: compile:  gcc -DHAVE_CONFIG_H -I. -I.. -I../src -I../src -I../mpi -I../mpi -I/c/ap13-dcb/gnupg-core-01/builds/libgcrypt-1.12.2-1-02/sdk/usr/include -O2 -g -std=gnu17 -fstack-protector-strong -ffile-prefix-map=C:/ap13-dcb/gnupg-core-01/builds/libgcrypt-1.12.2-1-02=/usr/src/debug/libgcrypt-1.12.2 -fdebug-prefix-map=C:/ap13-dcb/gnupg-core-01/builds/libgcrypt-1.12.2-1-02=/usr/src/debug/libgcrypt-1.12.2 -fmacro-prefix-map=C:/ap13-dcb/gnupg-core-01/builds/libgcrypt-1.12.2-1-02=/usr/src/debug/libgcrypt-1.12.2 -ffile-prefix-map=C:/ag-e138920f/tc-cpp-guard-01=/usr/src/toolchain -fdebug-prefix-map=C:/ag-e138920f/tc-cpp-guard-01=/usr/src/toolchain -fmacro-prefix-map=C:/ag-e138920f/tc-cpp-guard-01=/usr/src/toolchain -ffile-prefix-map=C:/ap10-ca5f/git-full-01/bootstrap=/usr -fdebug-prefix-map=C:/ap10-ca5f/git-full-01/bootstrap=/usr -fmacro-prefix-map=C:/ap10-ca5f/git-full-01/bootstrap=/usr -fno-delete-null-pointer-checks -Wall -MT sntrup761.lo -MD -MP -MF .deps/sntrup761.Tpo -c sntrup761.c -o sntrup761.o >/dev/null 2>&1
mv -f .deps/sntrup761.Tpo .deps/sntrup761.Plo
/bin/sh ../libtool  --tag=CC   --mode=compile gcc -DHAVE_CONFIG_H -I. -I..  -I../src -I../src -I../mpi -I../mpi -I/c/ap13-dcb/gnupg-core-01/builds/libgcrypt-1.12.2-1-02/sdk/usr/include  -O2 -g -std=gnu17 -fstack-protector-strong -ffile-prefix-map=C:/ap13-dcb/gnupg-core-01/builds/libgcrypt-1.12.2-1-02=/usr/src/debug/libgcrypt-1.12.2 -fdebug-prefix-map=C:/ap13-dcb/gnupg-core-01/builds/libgcrypt-1.12.2-1-02=/usr/src/debug/libgcrypt-1.12.2 -fmacro-prefix-map=C:/ap13-dcb/gnupg-core-01/builds/libgcrypt-1.12.2-1-02=/usr/src/debug/libgcrypt-1.12.2 -ffile-prefix-map=C:/ag-e138920f/tc-cpp-guard-01=/usr/src/toolchain -fdebug-prefix-map=C:/ag-e138920f/tc-cpp-guard-01=/usr/src/toolchain -fmacro-prefix-map=C:/ag-e138920f/tc-cpp-guard-01=/usr/src/toolchain -ffile-prefix-map=C:/ap10-ca5f/git-full-01/bootstrap=/usr -fdebug-prefix-map=C:/ap10-ca5f/git-full-01/bootstrap=/usr -fmacro-prefix-map=C:/ap10-ca5f/git-full-01/bootstrap=/usr -fno-delete-null-pointer-checks -Wall -MT kem-ecc.lo -MD -MP -MF .deps/kem-ecc.Tpo -c -o kem-ecc.lo kem-ecc.c
libtool: compile:  gcc -DHAVE_CONFIG_H -I. -I.. -I../src -I../src -I../mpi -I../mpi -I/c/ap13-dcb/gnupg-core-01/builds/libgcrypt-1.12.2-1-02/sdk/usr/include -O2 -g -std=gnu17 -fstack-protector-strong -ffile-prefix-map=C:/ap13-dcb/gnupg-core-01/builds/libgcrypt-1.12.2-1-02=/usr/src/debug/libgcrypt-1.12.2 -fdebug-prefix-map=C:/ap13-dcb/gnupg-core-01/builds/libgcrypt-1.12.2-1-02=/usr/src/debug/libgcrypt-1.12.2 -fmacro-prefix-map=C:/ap13-dcb/gnupg-core-01/builds/libgcrypt-1.12.2-1-02=/usr/src/debug/libgcrypt-1.12.2 -ffile-prefix-map=C:/ag-e138920f/tc-cpp-guard-01=/usr/src/toolchain -fdebug-prefix-map=C:/ag-e138920f/tc-cpp-guard-01=/usr/src/toolchain -fmacro-prefix-map=C:/ag-e138920f/tc-cpp-guard-01=/usr/src/toolchain -ffile-prefix-map=C:/ap10-ca5f/git-full-01/bootstrap=/usr -fdebug-prefix-map=C:/ap10-ca5f/git-full-01/bootstrap=/usr -fmacro-prefix-map=C:/ap10-ca5f/git-full-01/bootstrap=/usr -fno-delete-null-pointer-checks -Wall -MT kem-ecc.lo -MD -MP -MF .deps/kem-ecc.Tpo -c kem-ecc.c  -DDLL_EXPORT -DPIC -o .libs/kem-ecc.o
libtool: compile:  gcc -DHAVE_CONFIG_H -I. -I.. -I../src -I../src -I../mpi -I../mpi -I/c/ap13-dcb/gnupg-core-01/builds/libgcrypt-1.12.2-1-02/sdk/usr/include -O2 -g -std=gnu17 -fstack-protector-strong -ffile-prefix-map=C:/ap13-dcb/gnupg-core-01/builds/libgcrypt-1.12.2-1-02=/usr/src/debug/libgcrypt-1.12.2 -fdebug-prefix-map=C:/ap13-dcb/gnupg-core-01/builds/libgcrypt-1.12.2-1-02=/usr/src/debug/libgcrypt-1.12.2 -fmacro-prefix-map=C:/ap13-dcb/gnupg-core-01/builds/libgcrypt-1.12.2-1-02=/usr/src/debug/libgcrypt-1.12.2 -ffile-prefix-map=C:/ag-e138920f/tc-cpp-guard-01=/usr/src/toolchain -fdebug-prefix-map=C:/ag-e138920f/tc-cpp-guard-01=/usr/src/toolchain -fmacro-prefix-map=C:/ag-e138920f/tc-cpp-guard-01=/usr/src/toolchain -ffile-prefix-map=C:/ap10-ca5f/git-full-01/bootstrap=/usr -fdebug-prefix-map=C:/ap10-ca5f/git-full-01/bootstrap=/usr -fmacro-prefix-map=C:/ap10-ca5f/git-full-01/bootstrap=/usr -fno-delete-null-pointer-checks -Wall -MT kem-ecc.lo -MD -MP -MF .deps/kem-ecc.Tpo -c kem-ecc.c -o kem-ecc.o >/dev/null 2>&1
mv -f .deps/kem-ecc.Tpo .deps/kem-ecc.Plo
/bin/sh ../libtool  --tag=CC   --mode=compile gcc -DHAVE_CONFIG_H -I. -I..  -I../src -I../src -I../mpi -I../mpi -I/c/ap13-dcb/gnupg-core-01/builds/libgcrypt-1.12.2-1-02/sdk/usr/include  -O2 -g -std=gnu17 -fstack-protector-strong -ffile-prefix-map=C:/ap13-dcb/gnupg-core-01/builds/libgcrypt-1.12.2-1-02=/usr/src/debug/libgcrypt-1.12.2 -fdebug-prefix-map=C:/ap13-dcb/gnupg-core-01/builds/libgcrypt-1.12.2-1-02=/usr/src/debug/libgcrypt-1.12.2 -fmacro-prefix-map=C:/ap13-dcb/gnupg-core-01/builds/libgcrypt-1.12.2-1-02=/usr/src/debug/libgcrypt-1.12.2 -ffile-prefix-map=C:/ag-e138920f/tc-cpp-guard-01=/usr/src/toolchain -fdebug-prefix-map=C:/ag-e138920f/tc-cpp-guard-01=/usr/src/toolchain -fmacro-prefix-map=C:/ag-e138920f/tc-cpp-guard-01=/usr/src/toolchain -ffile-prefix-map=C:/ap10-ca5f/git-full-01/bootstrap=/usr -fdebug-prefix-map=C:/ap10-ca5f/git-full-01/bootstrap=/usr -fmacro-prefix-map=C:/ap10-ca5f/git-full-01/bootstrap=/usr -fno-delete-null-pointer-checks -Wall -MT mceliece6688128f.lo -MD -MP -MF .deps/mceliece6688128f.Tpo -c -o mceliece6688128f.lo mceliece6688128f.c
libtool: compile:  gcc -DHAVE_CONFIG_H -I. -I.. -I../src -I../src -I../mpi -I../mpi -I/c/ap13-dcb/gnupg-core-01/builds/libgcrypt-1.12.2-1-02/sdk/usr/include -O2 -g -std=gnu17 -fstack-protector-strong -ffile-prefix-map=C:/ap13-dcb/gnupg-core-01/builds/libgcrypt-1.12.2-1-02=/usr/src/debug/libgcrypt-1.12.2 -fdebug-prefix-map=C:/ap13-dcb/gnupg-core-01/builds/libgcrypt-1.12.2-1-02=/usr/src/debug/libgcrypt-1.12.2 -fmacro-prefix-map=C:/ap13-dcb/gnupg-core-01/builds/libgcrypt-1.12.2-1-02=/usr/src/debug/libgcrypt-1.12.2 -ffile-prefix-map=C:/ag-e138920f/tc-cpp-guard-01=/usr/src/toolchain -fdebug-prefix-map=C:/ag-e138920f/tc-cpp-guard-01=/usr/src/toolchain -fmacro-prefix-map=C:/ag-e138920f/tc-cpp-guard-01=/usr/src/toolchain -ffile-prefix-map=C:/ap10-ca5f/git-full-01/bootstrap=/usr -fdebug-prefix-map=C:/ap10-ca5f/git-full-01/bootstrap=/usr -fmacro-prefix-map=C:/ap10-ca5f/git-full-01/bootstrap=/usr -fno-delete-null-pointer-checks -Wall -MT mceliece6688128f.lo -MD -MP -MF .deps/mceliece6688128f.Tpo -c mceliece6688128f.c  -DDLL_EXPORT -DPIC -o .libs/mceliece6688128f.o
libtool: compile:  gcc -DHAVE_CONFIG_H -I. -I.. -I../src -I../src -I../mpi -I../mpi -I/c/ap13-dcb/gnupg-core-01/builds/libgcrypt-1.12.2-1-02/sdk/usr/include -O2 -g -std=gnu17 -fstack-protector-strong -ffile-prefix-map=C:/ap13-dcb/gnupg-core-01/builds/libgcrypt-1.12.2-1-02=/usr/src/debug/libgcrypt-1.12.2 -fdebug-prefix-map=C:/ap13-dcb/gnupg-core-01/builds/libgcrypt-1.12.2-1-02=/usr/src/debug/libgcrypt-1.12.2 -fmacro-prefix-map=C:/ap13-dcb/gnupg-core-01/builds/libgcrypt-1.12.2-1-02=/usr/src/debug/libgcrypt-1.12.2 -ffile-prefix-map=C:/ag-e138920f/tc-cpp-guard-01=/usr/src/toolchain -fdebug-prefix-map=C:/ag-e138920f/tc-cpp-guard-01=/usr/src/toolchain -fmacro-prefix-map=C:/ag-e138920f/tc-cpp-guard-01=/usr/src/toolchain -ffile-prefix-map=C:/ap10-ca5f/git-full-01/bootstrap=/usr -fdebug-prefix-map=C:/ap10-ca5f/git-full-01/bootstrap=/usr -fmacro-prefix-map=C:/ap10-ca5f/git-full-01/bootstrap=/usr -fno-delete-null-pointer-checks -Wall -MT mceliece6688128f.lo -MD -MP -MF .deps/mceliece6688128f.Tpo -c mceliece6688128f.c -o mceliece6688128f.o >/dev/null 2>&1
mv -f .deps/mceliece6688128f.Tpo .deps/mceliece6688128f.Plo
/bin/sh ../libtool  --tag=CC   --mode=compile gcc -DHAVE_CONFIG_H -I. -I..  -I../src -I../src -I../mpi -I../mpi -I/c/ap13-dcb/gnupg-core-01/builds/libgcrypt-1.12.2-1-02/sdk/usr/include  -O2 -g -std=gnu17 -fstack-protector-strong -ffile-prefix-map=C:/ap13-dcb/gnupg-core-01/builds/libgcrypt-1.12.2-1-02=/usr/src/debug/libgcrypt-1.12.2 -fdebug-prefix-map=C:/ap13-dcb/gnupg-core-01/builds/libgcrypt-1.12.2-1-02=/usr/src/debug/libgcrypt-1.12.2 -fmacro-prefix-map=C:/ap13-dcb/gnupg-core-01/builds/libgcrypt-1.12.2-1-02=/usr/src/debug/libgcrypt-1.12.2 -ffile-prefix-map=C:/ag-e138920f/tc-cpp-guard-01=/usr/src/toolchain -fdebug-prefix-map=C:/ag-e138920f/tc-cpp-guard-01=/usr/src/toolchain -fmacro-prefix-map=C:/ag-e138920f/tc-cpp-guard-01=/usr/src/toolchain -ffile-prefix-map=C:/ap10-ca5f/git-full-01/bootstrap=/usr -fdebug-prefix-map=C:/ap10-ca5f/git-full-01/bootstrap=/usr -fmacro-prefix-map=C:/ap10-ca5f/git-full-01/bootstrap=/usr -fno-delete-null-pointer-checks -Wall -MT kdf.lo -MD -MP -MF .deps/kdf.Tpo -c -o kdf.lo kdf.c
libtool: compile:  gcc -DHAVE_CONFIG_H -I. -I.. -I../src -I../src -I../mpi -I../mpi -I/c/ap13-dcb/gnupg-core-01/builds/libgcrypt-1.12.2-1-02/sdk/usr/include -O2 -g -std=gnu17 -fstack-protector-strong -ffile-prefix-map=C:/ap13-dcb/gnupg-core-01/builds/libgcrypt-1.12.2-1-02=/usr/src/debug/libgcrypt-1.12.2 -fdebug-prefix-map=C:/ap13-dcb/gnupg-core-01/builds/libgcrypt-1.12.2-1-02=/usr/src/debug/libgcrypt-1.12.2 -fmacro-prefix-map=C:/ap13-dcb/gnupg-core-01/builds/libgcrypt-1.12.2-1-02=/usr/src/debug/libgcrypt-1.12.2 -ffile-prefix-map=C:/ag-e138920f/tc-cpp-guard-01=/usr/src/toolchain -fdebug-prefix-map=C:/ag-e138920f/tc-cpp-guard-01=/usr/src/toolchain -fmacro-prefix-map=C:/ag-e138920f/tc-cpp-guard-01=/usr/src/toolchain -ffile-prefix-map=C:/ap10-ca5f/git-full-01/bootstrap=/usr -fdebug-prefix-map=C:/ap10-ca5f/git-full-01/bootstrap=/usr -fmacro-prefix-map=C:/ap10-ca5f/git-full-01/bootstrap=/usr -fno-delete-null-pointer-checks -Wall -MT kdf.lo -MD -MP -MF .deps/kdf.Tpo -c kdf.c  -DDLL_EXPORT -DPIC -o .libs/kdf.o
libtool: compile:  gcc -DHAVE_CONFIG_H -I. -I.. -I../src -I../src -I../mpi -I../mpi -I/c/ap13-dcb/gnupg-core-01/builds/libgcrypt-1.12.2-1-02/sdk/usr/include -O2 -g -std=gnu17 -fstack-protector-strong -ffile-prefix-map=C:/ap13-dcb/gnupg-core-01/builds/libgcrypt-1.12.2-1-02=/usr/src/debug/libgcrypt-1.12.2 -fdebug-prefix-map=C:/ap13-dcb/gnupg-core-01/builds/libgcrypt-1.12.2-1-02=/usr/src/debug/libgcrypt-1.12.2 -fmacro-prefix-map=C:/ap13-dcb/gnupg-core-01/builds/libgcrypt-1.12.2-1-02=/usr/src/debug/libgcrypt-1.12.2 -ffile-prefix-map=C:/ag-e138920f/tc-cpp-guard-01=/usr/src/toolchain -fdebug-prefix-map=C:/ag-e138920f/tc-cpp-guard-01=/usr/src/toolchain -fmacro-prefix-map=C:/ag-e138920f/tc-cpp-guard-01=/usr/src/toolchain -ffile-prefix-map=C:/ap10-ca5f/git-full-01/bootstrap=/usr -fdebug-prefix-map=C:/ap10-ca5f/git-full-01/bootstrap=/usr -fmacro-prefix-map=C:/ap10-ca5f/git-full-01/bootstrap=/usr -fno-delete-null-pointer-checks -Wall -MT kdf.lo -MD -MP -MF .deps/kdf.Tpo -c kdf.c -o kdf.o >/dev/null 2>&1
mv -f .deps/kdf.Tpo .deps/kdf.Plo
/bin/sh ../libtool  --tag=CC   --mode=compile gcc -DHAVE_CONFIG_H -I. -I..  -I../src -I../src -I../mpi -I../mpi -I/c/ap13-dcb/gnupg-core-01/builds/libgcrypt-1.12.2-1-02/sdk/usr/include  -O2 -g -std=gnu17 -fstack-protector-strong -ffile-prefix-map=C:/ap13-dcb/gnupg-core-01/builds/libgcrypt-1.12.2-1-02=/usr/src/debug/libgcrypt-1.12.2 -fdebug-prefix-map=C:/ap13-dcb/gnupg-core-01/builds/libgcrypt-1.12.2-1-02=/usr/src/debug/libgcrypt-1.12.2 -fmacro-prefix-map=C:/ap13-dcb/gnupg-core-01/builds/libgcrypt-1.12.2-1-02=/usr/src/debug/libgcrypt-1.12.2 -ffile-prefix-map=C:/ag-e138920f/tc-cpp-guard-01=/usr/src/toolchain -fdebug-prefix-map=C:/ag-e138920f/tc-cpp-guard-01=/usr/src/toolchain -fmacro-prefix-map=C:/ag-e138920f/tc-cpp-guard-01=/usr/src/toolchain -ffile-prefix-map=C:/ap10-ca5f/git-full-01/bootstrap=/usr -fdebug-prefix-map=C:/ap10-ca5f/git-full-01/bootstrap=/usr -fmacro-prefix-map=C:/ap10-ca5f/git-full-01/bootstrap=/usr -fno-delete-null-pointer-checks -Wall -MT primegen.lo -MD -MP -MF .deps/primegen.Tpo -c -o primegen.lo primegen.c
libtool: compile:  gcc -DHAVE_CONFIG_H -I. -I.. -I../src -I../src -I../mpi -I../mpi -I/c/ap13-dcb/gnupg-core-01/builds/libgcrypt-1.12.2-1-02/sdk/usr/include -O2 -g -std=gnu17 -fstack-protector-strong -ffile-prefix-map=C:/ap13-dcb/gnupg-core-01/builds/libgcrypt-1.12.2-1-02=/usr/src/debug/libgcrypt-1.12.2 -fdebug-prefix-map=C:/ap13-dcb/gnupg-core-01/builds/libgcrypt-1.12.2-1-02=/usr/src/debug/libgcrypt-1.12.2 -fmacro-prefix-map=C:/ap13-dcb/gnupg-core-01/builds/libgcrypt-1.12.2-1-02=/usr/src/debug/libgcrypt-1.12.2 -ffile-prefix-map=C:/ag-e138920f/tc-cpp-guard-01=/usr/src/toolchain -fdebug-prefix-map=C:/ag-e138920f/tc-cpp-guard-01=/usr/src/toolchain -fmacro-prefix-map=C:/ag-e138920f/tc-cpp-guard-01=/usr/src/toolchain -ffile-prefix-map=C:/ap10-ca5f/git-full-01/bootstrap=/usr -fdebug-prefix-map=C:/ap10-ca5f/git-full-01/bootstrap=/usr -fmacro-prefix-map=C:/ap10-ca5f/git-full-01/bootstrap=/usr -fno-delete-null-pointer-checks -Wall -MT primegen.lo -MD -MP -MF .deps/primegen.Tpo -c primegen.c  -DDLL_EXPORT -DPIC -o .libs/primegen.o
libtool: compile:  gcc -DHAVE_CONFIG_H -I. -I.. -I../src -I../src -I../mpi -I../mpi -I/c/ap13-dcb/gnupg-core-01/builds/libgcrypt-1.12.2-1-02/sdk/usr/include -O2 -g -std=gnu17 -fstack-protector-strong -ffile-prefix-map=C:/ap13-dcb/gnupg-core-01/builds/libgcrypt-1.12.2-1-02=/usr/src/debug/libgcrypt-1.12.2 -fdebug-prefix-map=C:/ap13-dcb/gnupg-core-01/builds/libgcrypt-1.12.2-1-02=/usr/src/debug/libgcrypt-1.12.2 -fmacro-prefix-map=C:/ap13-dcb/gnupg-core-01/builds/libgcrypt-1.12.2-1-02=/usr/src/debug/libgcrypt-1.12.2 -ffile-prefix-map=C:/ag-e138920f/tc-cpp-guard-01=/usr/src/toolchain -fdebug-prefix-map=C:/ag-e138920f/tc-cpp-guard-01=/usr/src/toolchain -fmacro-prefix-map=C:/ag-e138920f/tc-cpp-guard-01=/usr/src/toolchain -ffile-prefix-map=C:/ap10-ca5f/git-full-01/bootstrap=/usr -fdebug-prefix-map=C:/ap10-ca5f/git-full-01/bootstrap=/usr -fmacro-prefix-map=C:/ap10-ca5f/git-full-01/bootstrap=/usr -fno-delete-null-pointer-checks -Wall -MT primegen.lo -MD -MP -MF .deps/primegen.Tpo -c primegen.c -o primegen.o >/dev/null 2>&1
mv -f .deps/primegen.Tpo .deps/primegen.Plo
/bin/sh ../libtool  --tag=CC   --mode=compile gcc -DHAVE_CONFIG_H -I. -I..  -I../src -I../src -I../mpi -I../mpi -I/c/ap13-dcb/gnupg-core-01/builds/libgcrypt-1.12.2-1-02/sdk/usr/include  -O2 -g -std=gnu17 -fstack-protector-strong -ffile-prefix-map=C:/ap13-dcb/gnupg-core-01/builds/libgcrypt-1.12.2-1-02=/usr/src/debug/libgcrypt-1.12.2 -fdebug-prefix-map=C:/ap13-dcb/gnupg-core-01/builds/libgcrypt-1.12.2-1-02=/usr/src/debug/libgcrypt-1.12.2 -fmacro-prefix-map=C:/ap13-dcb/gnupg-core-01/builds/libgcrypt-1.12.2-1-02=/usr/src/debug/libgcrypt-1.12.2 -ffile-prefix-map=C:/ag-e138920f/tc-cpp-guard-01=/usr/src/toolchain -fdebug-prefix-map=C:/ag-e138920f/tc-cpp-guard-01=/usr/src/toolchain -fmacro-prefix-map=C:/ag-e138920f/tc-cpp-guard-01=/usr/src/toolchain -ffile-prefix-map=C:/ap10-ca5f/git-full-01/bootstrap=/usr -fdebug-prefix-map=C:/ap10-ca5f/git-full-01/bootstrap=/usr -fmacro-prefix-map=C:/ap10-ca5f/git-full-01/bootstrap=/usr -fno-delete-null-pointer-checks -Wall -MT hash-common.lo -MD -MP -MF .deps/hash-common.Tpo -c -o hash-common.lo hash-common.c
libtool: compile:  gcc -DHAVE_CONFIG_H -I. -I.. -I../src -I../src -I../mpi -I../mpi -I/c/ap13-dcb/gnupg-core-01/builds/libgcrypt-1.12.2-1-02/sdk/usr/include -O2 -g -std=gnu17 -fstack-protector-strong -ffile-prefix-map=C:/ap13-dcb/gnupg-core-01/builds/libgcrypt-1.12.2-1-02=/usr/src/debug/libgcrypt-1.12.2 -fdebug-prefix-map=C:/ap13-dcb/gnupg-core-01/builds/libgcrypt-1.12.2-1-02=/usr/src/debug/libgcrypt-1.12.2 -fmacro-prefix-map=C:/ap13-dcb/gnupg-core-01/builds/libgcrypt-1.12.2-1-02=/usr/src/debug/libgcrypt-1.12.2 -ffile-prefix-map=C:/ag-e138920f/tc-cpp-guard-01=/usr/src/toolchain -fdebug-prefix-map=C:/ag-e138920f/tc-cpp-guard-01=/usr/src/toolchain -fmacro-prefix-map=C:/ag-e138920f/tc-cpp-guard-01=/usr/src/toolchain -ffile-prefix-map=C:/ap10-ca5f/git-full-01/bootstrap=/usr -fdebug-prefix-map=C:/ap10-ca5f/git-full-01/bootstrap=/usr -fmacro-prefix-map=C:/ap10-ca5f/git-full-01/bootstrap=/usr -fno-delete-null-pointer-checks -Wall -MT hash-common.lo -MD -MP -MF .deps/hash-common.Tpo -c hash-common.c  -DDLL_EXPORT -DPIC -o .libs/hash-common.o
libtool: compile:  gcc -DHAVE_CONFIG_H -I. -I.. -I../src -I../src -I../mpi -I../mpi -I/c/ap13-dcb/gnupg-core-01/builds/libgcrypt-1.12.2-1-02/sdk/usr/include -O2 -g -std=gnu17 -fstack-protector-strong -ffile-prefix-map=C:/ap13-dcb/gnupg-core-01/builds/libgcrypt-1.12.2-1-02=/usr/src/debug/libgcrypt-1.12.2 -fdebug-prefix-map=C:/ap13-dcb/gnupg-core-01/builds/libgcrypt-1.12.2-1-02=/usr/src/debug/libgcrypt-1.12.2 -fmacro-prefix-map=C:/ap13-dcb/gnupg-core-01/builds/libgcrypt-1.12.2-1-02=/usr/src/debug/libgcrypt-1.12.2 -ffile-prefix-map=C:/ag-e138920f/tc-cpp-guard-01=/usr/src/toolchain -fdebug-prefix-map=C:/ag-e138920f/tc-cpp-guard-01=/usr/src/toolchain -fmacro-prefix-map=C:/ag-e138920f/tc-cpp-guard-01=/usr/src/toolchain -ffile-prefix-map=C:/ap10-ca5f/git-full-01/bootstrap=/usr -fdebug-prefix-map=C:/ap10-ca5f/git-full-01/bootstrap=/usr -fmacro-prefix-map=C:/ap10-ca5f/git-full-01/bootstrap=/usr -fno-delete-null-pointer-checks -Wall -MT hash-common.lo -MD -MP -MF .deps/hash-common.Tpo -c hash-common.c -o hash-common.o >/dev/null 2>&1
mv -f .deps/hash-common.Tpo .deps/hash-common.Plo
/bin/sh ../libtool  --tag=CC   --mode=compile gcc -DHAVE_CONFIG_H -I. -I..  -I../src -I../src -I../mpi -I../mpi -I/c/ap13-dcb/gnupg-core-01/builds/libgcrypt-1.12.2-1-02/sdk/usr/include  -O2 -g -std=gnu17 -fstack-protector-strong -ffile-prefix-map=C:/ap13-dcb/gnupg-core-01/builds/libgcrypt-1.12.2-1-02=/usr/src/debug/libgcrypt-1.12.2 -fdebug-prefix-map=C:/ap13-dcb/gnupg-core-01/builds/libgcrypt-1.12.2-1-02=/usr/src/debug/libgcrypt-1.12.2 -fmacro-prefix-map=C:/ap13-dcb/gnupg-core-01/builds/libgcrypt-1.12.2-1-02=/usr/src/debug/libgcrypt-1.12.2 -ffile-prefix-map=C:/ag-e138920f/tc-cpp-guard-01=/usr/src/toolchain -fdebug-prefix-map=C:/ag-e138920f/tc-cpp-guard-01=/usr/src/toolchain -fmacro-prefix-map=C:/ag-e138920f/tc-cpp-guard-01=/usr/src/toolchain -ffile-prefix-map=C:/ap10-ca5f/git-full-01/bootstrap=/usr -fdebug-prefix-map=C:/ap10-ca5f/git-full-01/bootstrap=/usr -fmacro-prefix-map=C:/ap10-ca5f/git-full-01/bootstrap=/usr -fno-delete-null-pointer-checks -Wall -MT dsa-common.lo -MD -MP -MF .deps/dsa-common.Tpo -c -o dsa-common.lo dsa-common.c
libtool: compile:  gcc -DHAVE_CONFIG_H -I. -I.. -I../src -I../src -I../mpi -I../mpi -I/c/ap13-dcb/gnupg-core-01/builds/libgcrypt-1.12.2-1-02/sdk/usr/include -O2 -g -std=gnu17 -fstack-protector-strong -ffile-prefix-map=C:/ap13-dcb/gnupg-core-01/builds/libgcrypt-1.12.2-1-02=/usr/src/debug/libgcrypt-1.12.2 -fdebug-prefix-map=C:/ap13-dcb/gnupg-core-01/builds/libgcrypt-1.12.2-1-02=/usr/src/debug/libgcrypt-1.12.2 -fmacro-prefix-map=C:/ap13-dcb/gnupg-core-01/builds/libgcrypt-1.12.2-1-02=/usr/src/debug/libgcrypt-1.12.2 -ffile-prefix-map=C:/ag-e138920f/tc-cpp-guard-01=/usr/src/toolchain -fdebug-prefix-map=C:/ag-e138920f/tc-cpp-guard-01=/usr/src/toolchain -fmacro-prefix-map=C:/ag-e138920f/tc-cpp-guard-01=/usr/src/toolchain -ffile-prefix-map=C:/ap10-ca5f/git-full-01/bootstrap=/usr -fdebug-prefix-map=C:/ap10-ca5f/git-full-01/bootstrap=/usr -fmacro-prefix-map=C:/ap10-ca5f/git-full-01/bootstrap=/usr -fno-delete-null-pointer-checks -Wall -MT dsa-common.lo -MD -MP -MF .deps/dsa-common.Tpo -c dsa-common.c  -DDLL_EXPORT -DPIC -o .libs/dsa-common.o
libtool: compile:  gcc -DHAVE_CONFIG_H -I. -I.. -I../src -I../src -I../mpi -I../mpi -I/c/ap13-dcb/gnupg-core-01/builds/libgcrypt-1.12.2-1-02/sdk/usr/include -O2 -g -std=gnu17 -fstack-protector-strong -ffile-prefix-map=C:/ap13-dcb/gnupg-core-01/builds/libgcrypt-1.12.2-1-02=/usr/src/debug/libgcrypt-1.12.2 -fdebug-prefix-map=C:/ap13-dcb/gnupg-core-01/builds/libgcrypt-1.12.2-1-02=/usr/src/debug/libgcrypt-1.12.2 -fmacro-prefix-map=C:/ap13-dcb/gnupg-core-01/builds/libgcrypt-1.12.2-1-02=/usr/src/debug/libgcrypt-1.12.2 -ffile-prefix-map=C:/ag-e138920f/tc-cpp-guard-01=/usr/src/toolchain -fdebug-prefix-map=C:/ag-e138920f/tc-cpp-guard-01=/usr/src/toolchain -fmacro-prefix-map=C:/ag-e138920f/tc-cpp-guard-01=/usr/src/toolchain -ffile-prefix-map=C:/ap10-ca5f/git-full-01/bootstrap=/usr -fdebug-prefix-map=C:/ap10-ca5f/git-full-01/bootstrap=/usr -fmacro-prefix-map=C:/ap10-ca5f/git-full-01/bootstrap=/usr -fno-delete-null-pointer-checks -Wall -MT dsa-common.lo -MD -MP -MF .deps/dsa-common.Tpo -c dsa-common.c -o dsa-common.o >/dev/null 2>&1
mv -f .deps/dsa-common.Tpo .deps/dsa-common.Plo
/bin/sh ../libtool  --tag=CC   --mode=compile gcc -DHAVE_CONFIG_H -I. -I..  -I../src -I../src -I../mpi -I../mpi -I/c/ap13-dcb/gnupg-core-01/builds/libgcrypt-1.12.2-1-02/sdk/usr/include  -O2 -g -std=gnu17 -fstack-protector-strong -ffile-prefix-map=C:/ap13-dcb/gnupg-core-01/builds/libgcrypt-1.12.2-1-02=/usr/src/debug/libgcrypt-1.12.2 -fdebug-prefix-map=C:/ap13-dcb/gnupg-core-01/builds/libgcrypt-1.12.2-1-02=/usr/src/debug/libgcrypt-1.12.2 -fmacro-prefix-map=C:/ap13-dcb/gnupg-core-01/builds/libgcrypt-1.12.2-1-02=/usr/src/debug/libgcrypt-1.12.2 -ffile-prefix-map=C:/ag-e138920f/tc-cpp-guard-01=/usr/src/toolchain -fdebug-prefix-map=C:/ag-e138920f/tc-cpp-guard-01=/usr/src/toolchain -fmacro-prefix-map=C:/ag-e138920f/tc-cpp-guard-01=/usr/src/toolchain -ffile-prefix-map=C:/ap10-ca5f/git-full-01/bootstrap=/usr -fdebug-prefix-map=C:/ap10-ca5f/git-full-01/bootstrap=/usr -fmacro-prefix-map=C:/ap10-ca5f/git-full-01/bootstrap=/usr -fno-delete-null-pointer-checks -Wall -MT rsa-common.lo -MD -MP -MF .deps/rsa-common.Tpo -c -o rsa-common.lo rsa-common.c
libtool: compile:  gcc -DHAVE_CONFIG_H -I. -I.. -I../src -I../src -I../mpi -I../mpi -I/c/ap13-dcb/gnupg-core-01/builds/libgcrypt-1.12.2-1-02/sdk/usr/include -O2 -g -std=gnu17 -fstack-protector-strong -ffile-prefix-map=C:/ap13-dcb/gnupg-core-01/builds/libgcrypt-1.12.2-1-02=/usr/src/debug/libgcrypt-1.12.2 -fdebug-prefix-map=C:/ap13-dcb/gnupg-core-01/builds/libgcrypt-1.12.2-1-02=/usr/src/debug/libgcrypt-1.12.2 -fmacro-prefix-map=C:/ap13-dcb/gnupg-core-01/builds/libgcrypt-1.12.2-1-02=/usr/src/debug/libgcrypt-1.12.2 -ffile-prefix-map=C:/ag-e138920f/tc-cpp-guard-01=/usr/src/toolchain -fdebug-prefix-map=C:/ag-e138920f/tc-cpp-guard-01=/usr/src/toolchain -fmacro-prefix-map=C:/ag-e138920f/tc-cpp-guard-01=/usr/src/toolchain -ffile-prefix-map=C:/ap10-ca5f/git-full-01/bootstrap=/usr -fdebug-prefix-map=C:/ap10-ca5f/git-full-01/bootstrap=/usr -fmacro-prefix-map=C:/ap10-ca5f/git-full-01/bootstrap=/usr -fno-delete-null-pointer-checks -Wall -MT rsa-common.lo -MD -MP -MF .deps/rsa-common.Tpo -c rsa-common.c  -DDLL_EXPORT -DPIC -o .libs/rsa-common.o
libtool: compile:  gcc -DHAVE_CONFIG_H -I. -I.. -I../src -I../src -I../mpi -I../mpi -I/c/ap13-dcb/gnupg-core-01/builds/libgcrypt-1.12.2-1-02/sdk/usr/include -O2 -g -std=gnu17 -fstack-protector-strong -ffile-prefix-map=C:/ap13-dcb/gnupg-core-01/builds/libgcrypt-1.12.2-1-02=/usr/src/debug/libgcrypt-1.12.2 -fdebug-prefix-map=C:/ap13-dcb/gnupg-core-01/builds/libgcrypt-1.12.2-1-02=/usr/src/debug/libgcrypt-1.12.2 -fmacro-prefix-map=C:/ap13-dcb/gnupg-core-01/builds/libgcrypt-1.12.2-1-02=/usr/src/debug/libgcrypt-1.12.2 -ffile-prefix-map=C:/ag-e138920f/tc-cpp-guard-01=/usr/src/toolchain -fdebug-prefix-map=C:/ag-e138920f/tc-cpp-guard-01=/usr/src/toolchain -fmacro-prefix-map=C:/ag-e138920f/tc-cpp-guard-01=/usr/src/toolchain -ffile-prefix-map=C:/ap10-ca5f/git-full-01/bootstrap=/usr -fdebug-prefix-map=C:/ap10-ca5f/git-full-01/bootstrap=/usr -fmacro-prefix-map=C:/ap10-ca5f/git-full-01/bootstrap=/usr -fno-delete-null-pointer-checks -Wall -MT rsa-common.lo -MD -MP -MF .deps/rsa-common.Tpo -c rsa-common.c -o rsa-common.o >/dev/null 2>&1
mv -f .deps/rsa-common.Tpo .deps/rsa-common.Plo
/bin/sh ../libtool  --tag=CC   --mode=compile gcc -DHAVE_CONFIG_H -I. -I..  -I../src -I../src -I../mpi -I../mpi -I/c/ap13-dcb/gnupg-core-01/builds/libgcrypt-1.12.2-1-02/sdk/usr/include  -O2 -g -std=gnu17 -fstack-protector-strong -ffile-prefix-map=C:/ap13-dcb/gnupg-core-01/builds/libgcrypt-1.12.2-1-02=/usr/src/debug/libgcrypt-1.12.2 -fdebug-prefix-map=C:/ap13-dcb/gnupg-core-01/builds/libgcrypt-1.12.2-1-02=/usr/src/debug/libgcrypt-1.12.2 -fmacro-prefix-map=C:/ap13-dcb/gnupg-core-01/builds/libgcrypt-1.12.2-1-02=/usr/src/debug/libgcrypt-1.12.2 -ffile-prefix-map=C:/ag-e138920f/tc-cpp-guard-01=/usr/src/toolchain -fdebug-prefix-map=C:/ag-e138920f/tc-cpp-guard-01=/usr/src/toolchain -fmacro-prefix-map=C:/ag-e138920f/tc-cpp-guard-01=/usr/src/toolchain -ffile-prefix-map=C:/ap10-ca5f/git-full-01/bootstrap=/usr -fdebug-prefix-map=C:/ap10-ca5f/git-full-01/bootstrap=/usr -fmacro-prefix-map=C:/ap10-ca5f/git-full-01/bootstrap=/usr -fno-delete-null-pointer-checks -Wall -MT arcfour.lo -MD -MP -MF .deps/arcfour.Tpo -c -o arcfour.lo arcfour.c
libtool: compile:  gcc -DHAVE_CONFIG_H -I. -I.. -I../src -I../src -I../mpi -I../mpi -I/c/ap13-dcb/gnupg-core-01/builds/libgcrypt-1.12.2-1-02/sdk/usr/include -O2 -g -std=gnu17 -fstack-protector-strong -ffile-prefix-map=C:/ap13-dcb/gnupg-core-01/builds/libgcrypt-1.12.2-1-02=/usr/src/debug/libgcrypt-1.12.2 -fdebug-prefix-map=C:/ap13-dcb/gnupg-core-01/builds/libgcrypt-1.12.2-1-02=/usr/src/debug/libgcrypt-1.12.2 -fmacro-prefix-map=C:/ap13-dcb/gnupg-core-01/builds/libgcrypt-1.12.2-1-02=/usr/src/debug/libgcrypt-1.12.2 -ffile-prefix-map=C:/ag-e138920f/tc-cpp-guard-01=/usr/src/toolchain -fdebug-prefix-map=C:/ag-e138920f/tc-cpp-guard-01=/usr/src/toolchain -fmacro-prefix-map=C:/ag-e138920f/tc-cpp-guard-01=/usr/src/toolchain -ffile-prefix-map=C:/ap10-ca5f/git-full-01/bootstrap=/usr -fdebug-prefix-map=C:/ap10-ca5f/git-full-01/bootstrap=/usr -fmacro-prefix-map=C:/ap10-ca5f/git-full-01/bootstrap=/usr -fno-delete-null-pointer-checks -Wall -MT arcfour.lo -MD -MP -MF .deps/arcfour.Tpo -c arcfour.c  -DDLL_EXPORT -DPIC -o .libs/arcfour.o
libtool: compile:  gcc -DHAVE_CONFIG_H -I. -I.. -I../src -I../src -I../mpi -I../mpi -I/c/ap13-dcb/gnupg-core-01/builds/libgcrypt-1.12.2-1-02/sdk/usr/include -O2 -g -std=gnu17 -fstack-protector-strong -ffile-prefix-map=C:/ap13-dcb/gnupg-core-01/builds/libgcrypt-1.12.2-1-02=/usr/src/debug/libgcrypt-1.12.2 -fdebug-prefix-map=C:/ap13-dcb/gnupg-core-01/builds/libgcrypt-1.12.2-1-02=/usr/src/debug/libgcrypt-1.12.2 -fmacro-prefix-map=C:/ap13-dcb/gnupg-core-01/builds/libgcrypt-1.12.2-1-02=/usr/src/debug/libgcrypt-1.12.2 -ffile-prefix-map=C:/ag-e138920f/tc-cpp-guard-01=/usr/src/toolchain -fdebug-prefix-map=C:/ag-e138920f/tc-cpp-guard-01=/usr/src/toolchain -fmacro-prefix-map=C:/ag-e138920f/tc-cpp-guard-01=/usr/src/toolchain -ffile-prefix-map=C:/ap10-ca5f/git-full-01/bootstrap=/usr -fdebug-prefix-map=C:/ap10-ca5f/git-full-01/bootstrap=/usr -fmacro-prefix-map=C:/ap10-ca5f/git-full-01/bootstrap=/usr -fno-delete-null-pointer-checks -Wall -MT arcfour.lo -MD -MP -MF .deps/arcfour.Tpo -c arcfour.c -o arcfour.o >/dev/null 2>&1
mv -f .deps/arcfour.Tpo .deps/arcfour.Plo
/bin/sh ../libtool  --tag=CC   --mode=compile gcc -DHAVE_CONFIG_H -I. -I..  -I../src -I../src -I../mpi -I../mpi -I/c/ap13-dcb/gnupg-core-01/builds/libgcrypt-1.12.2-1-02/sdk/usr/include  -O2 -g -std=gnu17 -fstack-protector-strong -ffile-prefix-map=C:/ap13-dcb/gnupg-core-01/builds/libgcrypt-1.12.2-1-02=/usr/src/debug/libgcrypt-1.12.2 -fdebug-prefix-map=C:/ap13-dcb/gnupg-core-01/builds/libgcrypt-1.12.2-1-02=/usr/src/debug/libgcrypt-1.12.2 -fmacro-prefix-map=C:/ap13-dcb/gnupg-core-01/builds/libgcrypt-1.12.2-1-02=/usr/src/debug/libgcrypt-1.12.2 -ffile-prefix-map=C:/ag-e138920f/tc-cpp-guard-01=/usr/src/toolchain -fdebug-prefix-map=C:/ag-e138920f/tc-cpp-guard-01=/usr/src/toolchain -fmacro-prefix-map=C:/ag-e138920f/tc-cpp-guard-01=/usr/src/toolchain -ffile-prefix-map=C:/ap10-ca5f/git-full-01/bootstrap=/usr -fdebug-prefix-map=C:/ap10-ca5f/git-full-01/bootstrap=/usr -fmacro-prefix-map=C:/ap10-ca5f/git-full-01/bootstrap=/usr -fno-delete-null-pointer-checks -Wall -MT blowfish.lo -MD -MP -MF .deps/blowfish.Tpo -c -o blowfish.lo blowfish.c
libtool: compile:  gcc -DHAVE_CONFIG_H -I. -I.. -I../src -I../src -I../mpi -I../mpi -I/c/ap13-dcb/gnupg-core-01/builds/libgcrypt-1.12.2-1-02/sdk/usr/include -O2 -g -std=gnu17 -fstack-protector-strong -ffile-prefix-map=C:/ap13-dcb/gnupg-core-01/builds/libgcrypt-1.12.2-1-02=/usr/src/debug/libgcrypt-1.12.2 -fdebug-prefix-map=C:/ap13-dcb/gnupg-core-01/builds/libgcrypt-1.12.2-1-02=/usr/src/debug/libgcrypt-1.12.2 -fmacro-prefix-map=C:/ap13-dcb/gnupg-core-01/builds/libgcrypt-1.12.2-1-02=/usr/src/debug/libgcrypt-1.12.2 -ffile-prefix-map=C:/ag-e138920f/tc-cpp-guard-01=/usr/src/toolchain -fdebug-prefix-map=C:/ag-e138920f/tc-cpp-guard-01=/usr/src/toolchain -fmacro-prefix-map=C:/ag-e138920f/tc-cpp-guard-01=/usr/src/toolchain -ffile-prefix-map=C:/ap10-ca5f/git-full-01/bootstrap=/usr -fdebug-prefix-map=C:/ap10-ca5f/git-full-01/bootstrap=/usr -fmacro-prefix-map=C:/ap10-ca5f/git-full-01/bootstrap=/usr -fno-delete-null-pointer-checks -Wall -MT blowfish.lo -MD -MP -MF .deps/blowfish.Tpo -c blowfish.c  -DDLL_EXPORT -DPIC -o .libs/blowfish.o
libtool: compile:  gcc -DHAVE_CONFIG_H -I. -I.. -I../src -I../src -I../mpi -I../mpi -I/c/ap13-dcb/gnupg-core-01/builds/libgcrypt-1.12.2-1-02/sdk/usr/include -O2 -g -std=gnu17 -fstack-protector-strong -ffile-prefix-map=C:/ap13-dcb/gnupg-core-01/builds/libgcrypt-1.12.2-1-02=/usr/src/debug/libgcrypt-1.12.2 -fdebug-prefix-map=C:/ap13-dcb/gnupg-core-01/builds/libgcrypt-1.12.2-1-02=/usr/src/debug/libgcrypt-1.12.2 -fmacro-prefix-map=C:/ap13-dcb/gnupg-core-01/builds/libgcrypt-1.12.2-1-02=/usr/src/debug/libgcrypt-1.12.2 -ffile-prefix-map=C:/ag-e138920f/tc-cpp-guard-01=/usr/src/toolchain -fdebug-prefix-map=C:/ag-e138920f/tc-cpp-guard-01=/usr/src/toolchain -fmacro-prefix-map=C:/ag-e138920f/tc-cpp-guard-01=/usr/src/toolchain -ffile-prefix-map=C:/ap10-ca5f/git-full-01/bootstrap=/usr -fdebug-prefix-map=C:/ap10-ca5f/git-full-01/bootstrap=/usr -fmacro-prefix-map=C:/ap10-ca5f/git-full-01/bootstrap=/usr -fno-delete-null-pointer-checks -Wall -MT blowfish.lo -MD -MP -MF .deps/blowfish.Tpo -c blowfish.c -o blowfish.o >/dev/null 2>&1
mv -f .deps/blowfish.Tpo .deps/blowfish.Plo
/bin/sh ../libtool  --tag=CC   --mode=compile gcc -DHAVE_CONFIG_H -I. -I..  -I../src -I../src -I../mpi -I../mpi -I/c/ap13-dcb/gnupg-core-01/builds/libgcrypt-1.12.2-1-02/sdk/usr/include  -O2 -g -std=gnu17 -fstack-protector-strong -ffile-prefix-map=C:/ap13-dcb/gnupg-core-01/builds/libgcrypt-1.12.2-1-02=/usr/src/debug/libgcrypt-1.12.2 -fdebug-prefix-map=C:/ap13-dcb/gnupg-core-01/builds/libgcrypt-1.12.2-1-02=/usr/src/debug/libgcrypt-1.12.2 -fmacro-prefix-map=C:/ap13-dcb/gnupg-core-01/builds/libgcrypt-1.12.2-1-02=/usr/src/debug/libgcrypt-1.12.2 -ffile-prefix-map=C:/ag-e138920f/tc-cpp-guard-01=/usr/src/toolchain -fdebug-prefix-map=C:/ag-e138920f/tc-cpp-guard-01=/usr/src/toolchain -fmacro-prefix-map=C:/ag-e138920f/tc-cpp-guard-01=/usr/src/toolchain -ffile-prefix-map=C:/ap10-ca5f/git-full-01/bootstrap=/usr -fdebug-prefix-map=C:/ap10-ca5f/git-full-01/bootstrap=/usr -fmacro-prefix-map=C:/ap10-ca5f/git-full-01/bootstrap=/usr -fno-delete-null-pointer-checks -Wall -MT cast5.lo -MD -MP -MF .deps/cast5.Tpo -c -o cast5.lo cast5.c
libtool: compile:  gcc -DHAVE_CONFIG_H -I. -I.. -I../src -I../src -I../mpi -I../mpi -I/c/ap13-dcb/gnupg-core-01/builds/libgcrypt-1.12.2-1-02/sdk/usr/include -O2 -g -std=gnu17 -fstack-protector-strong -ffile-prefix-map=C:/ap13-dcb/gnupg-core-01/builds/libgcrypt-1.12.2-1-02=/usr/src/debug/libgcrypt-1.12.2 -fdebug-prefix-map=C:/ap13-dcb/gnupg-core-01/builds/libgcrypt-1.12.2-1-02=/usr/src/debug/libgcrypt-1.12.2 -fmacro-prefix-map=C:/ap13-dcb/gnupg-core-01/builds/libgcrypt-1.12.2-1-02=/usr/src/debug/libgcrypt-1.12.2 -ffile-prefix-map=C:/ag-e138920f/tc-cpp-guard-01=/usr/src/toolchain -fdebug-prefix-map=C:/ag-e138920f/tc-cpp-guard-01=/usr/src/toolchain -fmacro-prefix-map=C:/ag-e138920f/tc-cpp-guard-01=/usr/src/toolchain -ffile-prefix-map=C:/ap10-ca5f/git-full-01/bootstrap=/usr -fdebug-prefix-map=C:/ap10-ca5f/git-full-01/bootstrap=/usr -fmacro-prefix-map=C:/ap10-ca5f/git-full-01/bootstrap=/usr -fno-delete-null-pointer-checks -Wall -MT cast5.lo -MD -MP -MF .deps/cast5.Tpo -c cast5.c  -DDLL_EXPORT -DPIC -o .libs/cast5.o
libtool: compile:  gcc -DHAVE_CONFIG_H -I. -I.. -I../src -I../src -I../mpi -I../mpi -I/c/ap13-dcb/gnupg-core-01/builds/libgcrypt-1.12.2-1-02/sdk/usr/include -O2 -g -std=gnu17 -fstack-protector-strong -ffile-prefix-map=C:/ap13-dcb/gnupg-core-01/builds/libgcrypt-1.12.2-1-02=/usr/src/debug/libgcrypt-1.12.2 -fdebug-prefix-map=C:/ap13-dcb/gnupg-core-01/builds/libgcrypt-1.12.2-1-02=/usr/src/debug/libgcrypt-1.12.2 -fmacro-prefix-map=C:/ap13-dcb/gnupg-core-01/builds/libgcrypt-1.12.2-1-02=/usr/src/debug/libgcrypt-1.12.2 -ffile-prefix-map=C:/ag-e138920f/tc-cpp-guard-01=/usr/src/toolchain -fdebug-prefix-map=C:/ag-e138920f/tc-cpp-guard-01=/usr/src/toolchain -fmacro-prefix-map=C:/ag-e138920f/tc-cpp-guard-01=/usr/src/toolchain -ffile-prefix-map=C:/ap10-ca5f/git-full-01/bootstrap=/usr -fdebug-prefix-map=C:/ap10-ca5f/git-full-01/bootstrap=/usr -fmacro-prefix-map=C:/ap10-ca5f/git-full-01/bootstrap=/usr -fno-delete-null-pointer-checks -Wall -MT cast5.lo -MD -MP -MF .deps/cast5.Tpo -c cast5.c -o cast5.o >/dev/null 2>&1
mv -f .deps/cast5.Tpo .deps/cast5.Plo
/bin/sh ../libtool  --tag=CC   --mode=compile gcc -DHAVE_CONFIG_H -I. -I..  -I../src -I../src -I../mpi -I../mpi -I/c/ap13-dcb/gnupg-core-01/builds/libgcrypt-1.12.2-1-02/sdk/usr/include  -O2 -g -std=gnu17 -fstack-protector-strong -ffile-prefix-map=C:/ap13-dcb/gnupg-core-01/builds/libgcrypt-1.12.2-1-02=/usr/src/debug/libgcrypt-1.12.2 -fdebug-prefix-map=C:/ap13-dcb/gnupg-core-01/builds/libgcrypt-1.12.2-1-02=/usr/src/debug/libgcrypt-1.12.2 -fmacro-prefix-map=C:/ap13-dcb/gnupg-core-01/builds/libgcrypt-1.12.2-1-02=/usr/src/debug/libgcrypt-1.12.2 -ffile-prefix-map=C:/ag-e138920f/tc-cpp-guard-01=/usr/src/toolchain -fdebug-prefix-map=C:/ag-e138920f/tc-cpp-guard-01=/usr/src/toolchain -fmacro-prefix-map=C:/ag-e138920f/tc-cpp-guard-01=/usr/src/toolchain -ffile-prefix-map=C:/ap10-ca5f/git-full-01/bootstrap=/usr -fdebug-prefix-map=C:/ap10-ca5f/git-full-01/bootstrap=/usr -fmacro-prefix-map=C:/ap10-ca5f/git-full-01/bootstrap=/usr -fno-delete-null-pointer-checks -Wall -MT des.lo -MD -MP -MF .deps/des.Tpo -c -o des.lo des.c
libtool: compile:  gcc -DHAVE_CONFIG_H -I. -I.. -I../src -I../src -I../mpi -I../mpi -I/c/ap13-dcb/gnupg-core-01/builds/libgcrypt-1.12.2-1-02/sdk/usr/include -O2 -g -std=gnu17 -fstack-protector-strong -ffile-prefix-map=C:/ap13-dcb/gnupg-core-01/builds/libgcrypt-1.12.2-1-02=/usr/src/debug/libgcrypt-1.12.2 -fdebug-prefix-map=C:/ap13-dcb/gnupg-core-01/builds/libgcrypt-1.12.2-1-02=/usr/src/debug/libgcrypt-1.12.2 -fmacro-prefix-map=C:/ap13-dcb/gnupg-core-01/builds/libgcrypt-1.12.2-1-02=/usr/src/debug/libgcrypt-1.12.2 -ffile-prefix-map=C:/ag-e138920f/tc-cpp-guard-01=/usr/src/toolchain -fdebug-prefix-map=C:/ag-e138920f/tc-cpp-guard-01=/usr/src/toolchain -fmacro-prefix-map=C:/ag-e138920f/tc-cpp-guard-01=/usr/src/toolchain -ffile-prefix-map=C:/ap10-ca5f/git-full-01/bootstrap=/usr -fdebug-prefix-map=C:/ap10-ca5f/git-full-01/bootstrap=/usr -fmacro-prefix-map=C:/ap10-ca5f/git-full-01/bootstrap=/usr -fno-delete-null-pointer-checks -Wall -MT des.lo -MD -MP -MF .deps/des.Tpo -c des.c  -DDLL_EXPORT -DPIC -o .libs/des.o
libtool: compile:  gcc -DHAVE_CONFIG_H -I. -I.. -I../src -I../src -I../mpi -I../mpi -I/c/ap13-dcb/gnupg-core-01/builds/libgcrypt-1.12.2-1-02/sdk/usr/include -O2 -g -std=gnu17 -fstack-protector-strong -ffile-prefix-map=C:/ap13-dcb/gnupg-core-01/builds/libgcrypt-1.12.2-1-02=/usr/src/debug/libgcrypt-1.12.2 -fdebug-prefix-map=C:/ap13-dcb/gnupg-core-01/builds/libgcrypt-1.12.2-1-02=/usr/src/debug/libgcrypt-1.12.2 -fmacro-prefix-map=C:/ap13-dcb/gnupg-core-01/builds/libgcrypt-1.12.2-1-02=/usr/src/debug/libgcrypt-1.12.2 -ffile-prefix-map=C:/ag-e138920f/tc-cpp-guard-01=/usr/src/toolchain -fdebug-prefix-map=C:/ag-e138920f/tc-cpp-guard-01=/usr/src/toolchain -fmacro-prefix-map=C:/ag-e138920f/tc-cpp-guard-01=/usr/src/toolchain -ffile-prefix-map=C:/ap10-ca5f/git-full-01/bootstrap=/usr -fdebug-prefix-map=C:/ap10-ca5f/git-full-01/bootstrap=/usr -fmacro-prefix-map=C:/ap10-ca5f/git-full-01/bootstrap=/usr -fno-delete-null-pointer-checks -Wall -MT des.lo -MD -MP -MF .deps/des.Tpo -c des.c -o des.o >/dev/null 2>&1
mv -f .deps/des.Tpo .deps/des.Plo
/bin/sh ../libtool  --tag=CC   --mode=compile gcc -DHAVE_CONFIG_H -I. -I..  -I../src -I../src -I../mpi -I../mpi -I/c/ap13-dcb/gnupg-core-01/builds/libgcrypt-1.12.2-1-02/sdk/usr/include  -O2 -g -std=gnu17 -fstack-protector-strong -ffile-prefix-map=C:/ap13-dcb/gnupg-core-01/builds/libgcrypt-1.12.2-1-02=/usr/src/debug/libgcrypt-1.12.2 -fdebug-prefix-map=C:/ap13-dcb/gnupg-core-01/builds/libgcrypt-1.12.2-1-02=/usr/src/debug/libgcrypt-1.12.2 -fmacro-prefix-map=C:/ap13-dcb/gnupg-core-01/builds/libgcrypt-1.12.2-1-02=/usr/src/debug/libgcrypt-1.12.2 -ffile-prefix-map=C:/ag-e138920f/tc-cpp-guard-01=/usr/src/toolchain -fdebug-prefix-map=C:/ag-e138920f/tc-cpp-guard-01=/usr/src/toolchain -fmacro-prefix-map=C:/ag-e138920f/tc-cpp-guard-01=/usr/src/toolchain -ffile-prefix-map=C:/ap10-ca5f/git-full-01/bootstrap=/usr -fdebug-prefix-map=C:/ap10-ca5f/git-full-01/bootstrap=/usr -fmacro-prefix-map=C:/ap10-ca5f/git-full-01/bootstrap=/usr -fno-delete-null-pointer-checks -Wall -MT rijndael.lo -MD -MP -MF .deps/rijndael.Tpo -c -o rijndael.lo rijndael.c
libtool: compile:  gcc -DHAVE_CONFIG_H -I. -I.. -I../src -I../src -I../mpi -I../mpi -I/c/ap13-dcb/gnupg-core-01/builds/libgcrypt-1.12.2-1-02/sdk/usr/include -O2 -g -std=gnu17 -fstack-protector-strong -ffile-prefix-map=C:/ap13-dcb/gnupg-core-01/builds/libgcrypt-1.12.2-1-02=/usr/src/debug/libgcrypt-1.12.2 -fdebug-prefix-map=C:/ap13-dcb/gnupg-core-01/builds/libgcrypt-1.12.2-1-02=/usr/src/debug/libgcrypt-1.12.2 -fmacro-prefix-map=C:/ap13-dcb/gnupg-core-01/builds/libgcrypt-1.12.2-1-02=/usr/src/debug/libgcrypt-1.12.2 -ffile-prefix-map=C:/ag-e138920f/tc-cpp-guard-01=/usr/src/toolchain -fdebug-prefix-map=C:/ag-e138920f/tc-cpp-guard-01=/usr/src/toolchain -fmacro-prefix-map=C:/ag-e138920f/tc-cpp-guard-01=/usr/src/toolchain -ffile-prefix-map=C:/ap10-ca5f/git-full-01/bootstrap=/usr -fdebug-prefix-map=C:/ap10-ca5f/git-full-01/bootstrap=/usr -fmacro-prefix-map=C:/ap10-ca5f/git-full-01/bootstrap=/usr -fno-delete-null-pointer-checks -Wall -MT rijndael.lo -MD -MP -MF .deps/rijndael.Tpo -c rijndael.c  -DDLL_EXPORT -DPIC -o .libs/rijndael.o
libtool: compile:  gcc -DHAVE_CONFIG_H -I. -I.. -I../src -I../src -I../mpi -I../mpi -I/c/ap13-dcb/gnupg-core-01/builds/libgcrypt-1.12.2-1-02/sdk/usr/include -O2 -g -std=gnu17 -fstack-protector-strong -ffile-prefix-map=C:/ap13-dcb/gnupg-core-01/builds/libgcrypt-1.12.2-1-02=/usr/src/debug/libgcrypt-1.12.2 -fdebug-prefix-map=C:/ap13-dcb/gnupg-core-01/builds/libgcrypt-1.12.2-1-02=/usr/src/debug/libgcrypt-1.12.2 -fmacro-prefix-map=C:/ap13-dcb/gnupg-core-01/builds/libgcrypt-1.12.2-1-02=/usr/src/debug/libgcrypt-1.12.2 -ffile-prefix-map=C:/ag-e138920f/tc-cpp-guard-01=/usr/src/toolchain -fdebug-prefix-map=C:/ag-e138920f/tc-cpp-guard-01=/usr/src/toolchain -fmacro-prefix-map=C:/ag-e138920f/tc-cpp-guard-01=/usr/src/toolchain -ffile-prefix-map=C:/ap10-ca5f/git-full-01/bootstrap=/usr -fdebug-prefix-map=C:/ap10-ca5f/git-full-01/bootstrap=/usr -fmacro-prefix-map=C:/ap10-ca5f/git-full-01/bootstrap=/usr -fno-delete-null-pointer-checks -Wall -MT rijndael.lo -MD -MP -MF .deps/rijndael.Tpo -c rijndael.c -o rijndael.o >/dev/null 2>&1
mv -f .deps/rijndael.Tpo .deps/rijndael.Plo
/bin/sh ../libtool  --tag=CC   --mode=compile gcc -DHAVE_CONFIG_H -I. -I..  -I../src -I../src -I../mpi -I../mpi -I/c/ap13-dcb/gnupg-core-01/builds/libgcrypt-1.12.2-1-02/sdk/usr/include  -O2 -g -std=gnu17 -fstack-protector-strong -ffile-prefix-map=C:/ap13-dcb/gnupg-core-01/builds/libgcrypt-1.12.2-1-02=/usr/src/debug/libgcrypt-1.12.2 -fdebug-prefix-map=C:/ap13-dcb/gnupg-core-01/builds/libgcrypt-1.12.2-1-02=/usr/src/debug/libgcrypt-1.12.2 -fmacro-prefix-map=C:/ap13-dcb/gnupg-core-01/builds/libgcrypt-1.12.2-1-02=/usr/src/debug/libgcrypt-1.12.2 -ffile-prefix-map=C:/ag-e138920f/tc-cpp-guard-01=/usr/src/toolchain -fdebug-prefix-map=C:/ag-e138920f/tc-cpp-guard-01=/usr/src/toolchain -fmacro-prefix-map=C:/ag-e138920f/tc-cpp-guard-01=/usr/src/toolchain -ffile-prefix-map=C:/ap10-ca5f/git-full-01/bootstrap=/usr -fdebug-prefix-map=C:/ap10-ca5f/git-full-01/bootstrap=/usr -fmacro-prefix-map=C:/ap10-ca5f/git-full-01/bootstrap=/usr -fno-delete-null-pointer-checks -Wall -MT twofish.lo -MD -MP -MF .deps/twofish.Tpo -c -o twofish.lo twofish.c
libtool: compile:  gcc -DHAVE_CONFIG_H -I. -I.. -I../src -I../src -I../mpi -I../mpi -I/c/ap13-dcb/gnupg-core-01/builds/libgcrypt-1.12.2-1-02/sdk/usr/include -O2 -g -std=gnu17 -fstack-protector-strong -ffile-prefix-map=C:/ap13-dcb/gnupg-core-01/builds/libgcrypt-1.12.2-1-02=/usr/src/debug/libgcrypt-1.12.2 -fdebug-prefix-map=C:/ap13-dcb/gnupg-core-01/builds/libgcrypt-1.12.2-1-02=/usr/src/debug/libgcrypt-1.12.2 -fmacro-prefix-map=C:/ap13-dcb/gnupg-core-01/builds/libgcrypt-1.12.2-1-02=/usr/src/debug/libgcrypt-1.12.2 -ffile-prefix-map=C:/ag-e138920f/tc-cpp-guard-01=/usr/src/toolchain -fdebug-prefix-map=C:/ag-e138920f/tc-cpp-guard-01=/usr/src/toolchain -fmacro-prefix-map=C:/ag-e138920f/tc-cpp-guard-01=/usr/src/toolchain -ffile-prefix-map=C:/ap10-ca5f/git-full-01/bootstrap=/usr -fdebug-prefix-map=C:/ap10-ca5f/git-full-01/bootstrap=/usr -fmacro-prefix-map=C:/ap10-ca5f/git-full-01/bootstrap=/usr -fno-delete-null-pointer-checks -Wall -MT twofish.lo -MD -MP -MF .deps/twofish.Tpo -c twofish.c  -DDLL_EXPORT -DPIC -o .libs/twofish.o
libtool: compile:  gcc -DHAVE_CONFIG_H -I. -I.. -I../src -I../src -I../mpi -I../mpi -I/c/ap13-dcb/gnupg-core-01/builds/libgcrypt-1.12.2-1-02/sdk/usr/include -O2 -g -std=gnu17 -fstack-protector-strong -ffile-prefix-map=C:/ap13-dcb/gnupg-core-01/builds/libgcrypt-1.12.2-1-02=/usr/src/debug/libgcrypt-1.12.2 -fdebug-prefix-map=C:/ap13-dcb/gnupg-core-01/builds/libgcrypt-1.12.2-1-02=/usr/src/debug/libgcrypt-1.12.2 -fmacro-prefix-map=C:/ap13-dcb/gnupg-core-01/builds/libgcrypt-1.12.2-1-02=/usr/src/debug/libgcrypt-1.12.2 -ffile-prefix-map=C:/ag-e138920f/tc-cpp-guard-01=/usr/src/toolchain -fdebug-prefix-map=C:/ag-e138920f/tc-cpp-guard-01=/usr/src/toolchain -fmacro-prefix-map=C:/ag-e138920f/tc-cpp-guard-01=/usr/src/toolchain -ffile-prefix-map=C:/ap10-ca5f/git-full-01/bootstrap=/usr -fdebug-prefix-map=C:/ap10-ca5f/git-full-01/bootstrap=/usr -fmacro-prefix-map=C:/ap10-ca5f/git-full-01/bootstrap=/usr -fno-delete-null-pointer-checks -Wall -MT twofish.lo -MD -MP -MF .deps/twofish.Tpo -c twofish.c -o twofish.o >/dev/null 2>&1
mv -f .deps/twofish.Tpo .deps/twofish.Plo
/bin/sh ../libtool  --tag=CC   --mode=compile gcc -DHAVE_CONFIG_H -I. -I..  -I../src -I../src -I../mpi -I../mpi -I/c/ap13-dcb/gnupg-core-01/builds/libgcrypt-1.12.2-1-02/sdk/usr/include  -O2 -g -std=gnu17 -fstack-protector-strong -ffile-prefix-map=C:/ap13-dcb/gnupg-core-01/builds/libgcrypt-1.12.2-1-02=/usr/src/debug/libgcrypt-1.12.2 -fdebug-prefix-map=C:/ap13-dcb/gnupg-core-01/builds/libgcrypt-1.12.2-1-02=/usr/src/debug/libgcrypt-1.12.2 -fmacro-prefix-map=C:/ap13-dcb/gnupg-core-01/builds/libgcrypt-1.12.2-1-02=/usr/src/debug/libgcrypt-1.12.2 -ffile-prefix-map=C:/ag-e138920f/tc-cpp-guard-01=/usr/src/toolchain -fdebug-prefix-map=C:/ag-e138920f/tc-cpp-guard-01=/usr/src/toolchain -fmacro-prefix-map=C:/ag-e138920f/tc-cpp-guard-01=/usr/src/toolchain -ffile-prefix-map=C:/ap10-ca5f/git-full-01/bootstrap=/usr -fdebug-prefix-map=C:/ap10-ca5f/git-full-01/bootstrap=/usr -fmacro-prefix-map=C:/ap10-ca5f/git-full-01/bootstrap=/usr -fno-delete-null-pointer-checks -Wall -MT serpent.lo -MD -MP -MF .deps/serpent.Tpo -c -o serpent.lo serpent.c
libtool: compile:  gcc -DHAVE_CONFIG_H -I. -I.. -I../src -I../src -I../mpi -I../mpi -I/c/ap13-dcb/gnupg-core-01/builds/libgcrypt-1.12.2-1-02/sdk/usr/include -O2 -g -std=gnu17 -fstack-protector-strong -ffile-prefix-map=C:/ap13-dcb/gnupg-core-01/builds/libgcrypt-1.12.2-1-02=/usr/src/debug/libgcrypt-1.12.2 -fdebug-prefix-map=C:/ap13-dcb/gnupg-core-01/builds/libgcrypt-1.12.2-1-02=/usr/src/debug/libgcrypt-1.12.2 -fmacro-prefix-map=C:/ap13-dcb/gnupg-core-01/builds/libgcrypt-1.12.2-1-02=/usr/src/debug/libgcrypt-1.12.2 -ffile-prefix-map=C:/ag-e138920f/tc-cpp-guard-01=/usr/src/toolchain -fdebug-prefix-map=C:/ag-e138920f/tc-cpp-guard-01=/usr/src/toolchain -fmacro-prefix-map=C:/ag-e138920f/tc-cpp-guard-01=/usr/src/toolchain -ffile-prefix-map=C:/ap10-ca5f/git-full-01/bootstrap=/usr -fdebug-prefix-map=C:/ap10-ca5f/git-full-01/bootstrap=/usr -fmacro-prefix-map=C:/ap10-ca5f/git-full-01/bootstrap=/usr -fno-delete-null-pointer-checks -Wall -MT serpent.lo -MD -MP -MF .deps/serpent.Tpo -c serpent.c  -DDLL_EXPORT -DPIC -o .libs/serpent.o
libtool: compile:  gcc -DHAVE_CONFIG_H -I. -I.. -I../src -I../src -I../mpi -I../mpi -I/c/ap13-dcb/gnupg-core-01/builds/libgcrypt-1.12.2-1-02/sdk/usr/include -O2 -g -std=gnu17 -fstack-protector-strong -ffile-prefix-map=C:/ap13-dcb/gnupg-core-01/builds/libgcrypt-1.12.2-1-02=/usr/src/debug/libgcrypt-1.12.2 -fdebug-prefix-map=C:/ap13-dcb/gnupg-core-01/builds/libgcrypt-1.12.2-1-02=/usr/src/debug/libgcrypt-1.12.2 -fmacro-prefix-map=C:/ap13-dcb/gnupg-core-01/builds/libgcrypt-1.12.2-1-02=/usr/src/debug/libgcrypt-1.12.2 -ffile-prefix-map=C:/ag-e138920f/tc-cpp-guard-01=/usr/src/toolchain -fdebug-prefix-map=C:/ag-e138920f/tc-cpp-guard-01=/usr/src/toolchain -fmacro-prefix-map=C:/ag-e138920f/tc-cpp-guard-01=/usr/src/toolchain -ffile-prefix-map=C:/ap10-ca5f/git-full-01/bootstrap=/usr -fdebug-prefix-map=C:/ap10-ca5f/git-full-01/bootstrap=/usr -fmacro-prefix-map=C:/ap10-ca5f/git-full-01/bootstrap=/usr -fno-delete-null-pointer-checks -Wall -MT serpent.lo -MD -MP -MF .deps/serpent.Tpo -c serpent.c -o serpent.o >/dev/null 2>&1
mv -f .deps/serpent.Tpo .deps/serpent.Plo
/bin/sh ../libtool  --tag=CC   --mode=compile gcc -DHAVE_CONFIG_H -I. -I..  -I../src -I../src -I../mpi -I../mpi -I/c/ap13-dcb/gnupg-core-01/builds/libgcrypt-1.12.2-1-02/sdk/usr/include  -O2 -g -std=gnu17 -fstack-protector-strong -ffile-prefix-map=C:/ap13-dcb/gnupg-core-01/builds/libgcrypt-1.12.2-1-02=/usr/src/debug/libgcrypt-1.12.2 -fdebug-prefix-map=C:/ap13-dcb/gnupg-core-01/builds/libgcrypt-1.12.2-1-02=/usr/src/debug/libgcrypt-1.12.2 -fmacro-prefix-map=C:/ap13-dcb/gnupg-core-01/builds/libgcrypt-1.12.2-1-02=/usr/src/debug/libgcrypt-1.12.2 -ffile-prefix-map=C:/ag-e138920f/tc-cpp-guard-01=/usr/src/toolchain -fdebug-prefix-map=C:/ag-e138920f/tc-cpp-guard-01=/usr/src/toolchain -fmacro-prefix-map=C:/ag-e138920f/tc-cpp-guard-01=/usr/src/toolchain -ffile-prefix-map=C:/ap10-ca5f/git-full-01/bootstrap=/usr -fdebug-prefix-map=C:/ap10-ca5f/git-full-01/bootstrap=/usr -fmacro-prefix-map=C:/ap10-ca5f/git-full-01/bootstrap=/usr -fno-delete-null-pointer-checks -Wall -MT rfc2268.lo -MD -MP -MF .deps/rfc2268.Tpo -c -o rfc2268.lo rfc2268.c
libtool: compile:  gcc -DHAVE_CONFIG_H -I. -I.. -I../src -I../src -I../mpi -I../mpi -I/c/ap13-dcb/gnupg-core-01/builds/libgcrypt-1.12.2-1-02/sdk/usr/include -O2 -g -std=gnu17 -fstack-protector-strong -ffile-prefix-map=C:/ap13-dcb/gnupg-core-01/builds/libgcrypt-1.12.2-1-02=/usr/src/debug/libgcrypt-1.12.2 -fdebug-prefix-map=C:/ap13-dcb/gnupg-core-01/builds/libgcrypt-1.12.2-1-02=/usr/src/debug/libgcrypt-1.12.2 -fmacro-prefix-map=C:/ap13-dcb/gnupg-core-01/builds/libgcrypt-1.12.2-1-02=/usr/src/debug/libgcrypt-1.12.2 -ffile-prefix-map=C:/ag-e138920f/tc-cpp-guard-01=/usr/src/toolchain -fdebug-prefix-map=C:/ag-e138920f/tc-cpp-guard-01=/usr/src/toolchain -fmacro-prefix-map=C:/ag-e138920f/tc-cpp-guard-01=/usr/src/toolchain -ffile-prefix-map=C:/ap10-ca5f/git-full-01/bootstrap=/usr -fdebug-prefix-map=C:/ap10-ca5f/git-full-01/bootstrap=/usr -fmacro-prefix-map=C:/ap10-ca5f/git-full-01/bootstrap=/usr -fno-delete-null-pointer-checks -Wall -MT rfc2268.lo -MD -MP -MF .deps/rfc2268.Tpo -c rfc2268.c  -DDLL_EXPORT -DPIC -o .libs/rfc2268.o
libtool: compile:  gcc -DHAVE_CONFIG_H -I. -I.. -I../src -I../src -I../mpi -I../mpi -I/c/ap13-dcb/gnupg-core-01/builds/libgcrypt-1.12.2-1-02/sdk/usr/include -O2 -g -std=gnu17 -fstack-protector-strong -ffile-prefix-map=C:/ap13-dcb/gnupg-core-01/builds/libgcrypt-1.12.2-1-02=/usr/src/debug/libgcrypt-1.12.2 -fdebug-prefix-map=C:/ap13-dcb/gnupg-core-01/builds/libgcrypt-1.12.2-1-02=/usr/src/debug/libgcrypt-1.12.2 -fmacro-prefix-map=C:/ap13-dcb/gnupg-core-01/builds/libgcrypt-1.12.2-1-02=/usr/src/debug/libgcrypt-1.12.2 -ffile-prefix-map=C:/ag-e138920f/tc-cpp-guard-01=/usr/src/toolchain -fdebug-prefix-map=C:/ag-e138920f/tc-cpp-guard-01=/usr/src/toolchain -fmacro-prefix-map=C:/ag-e138920f/tc-cpp-guard-01=/usr/src/toolchain -ffile-prefix-map=C:/ap10-ca5f/git-full-01/bootstrap=/usr -fdebug-prefix-map=C:/ap10-ca5f/git-full-01/bootstrap=/usr -fmacro-prefix-map=C:/ap10-ca5f/git-full-01/bootstrap=/usr -fno-delete-null-pointer-checks -Wall -MT rfc2268.lo -MD -MP -MF .deps/rfc2268.Tpo -c rfc2268.c -o rfc2268.o >/dev/null 2>&1
mv -f .deps/rfc2268.Tpo .deps/rfc2268.Plo
/bin/sh ../libtool  --tag=CC   --mode=compile gcc -DHAVE_CONFIG_H -I. -I..  -I../src -I../src -I../mpi -I../mpi -I/c/ap13-dcb/gnupg-core-01/builds/libgcrypt-1.12.2-1-02/sdk/usr/include  -O2 -g -std=gnu17 -fstack-protector-strong -ffile-prefix-map=C:/ap13-dcb/gnupg-core-01/builds/libgcrypt-1.12.2-1-02=/usr/src/debug/libgcrypt-1.12.2 -fdebug-prefix-map=C:/ap13-dcb/gnupg-core-01/builds/libgcrypt-1.12.2-1-02=/usr/src/debug/libgcrypt-1.12.2 -fmacro-prefix-map=C:/ap13-dcb/gnupg-core-01/builds/libgcrypt-1.12.2-1-02=/usr/src/debug/libgcrypt-1.12.2 -ffile-prefix-map=C:/ag-e138920f/tc-cpp-guard-01=/usr/src/toolchain -fdebug-prefix-map=C:/ag-e138920f/tc-cpp-guard-01=/usr/src/toolchain -fmacro-prefix-map=C:/ag-e138920f/tc-cpp-guard-01=/usr/src/toolchain -ffile-prefix-map=C:/ap10-ca5f/git-full-01/bootstrap=/usr -fdebug-prefix-map=C:/ap10-ca5f/git-full-01/bootstrap=/usr -fmacro-prefix-map=C:/ap10-ca5f/git-full-01/bootstrap=/usr -fno-delete-null-pointer-checks -Wall -MT seed.lo -MD -MP -MF .deps/seed.Tpo -c -o seed.lo seed.c
libtool: compile:  gcc -DHAVE_CONFIG_H -I. -I.. -I../src -I../src -I../mpi -I../mpi -I/c/ap13-dcb/gnupg-core-01/builds/libgcrypt-1.12.2-1-02/sdk/usr/include -O2 -g -std=gnu17 -fstack-protector-strong -ffile-prefix-map=C:/ap13-dcb/gnupg-core-01/builds/libgcrypt-1.12.2-1-02=/usr/src/debug/libgcrypt-1.12.2 -fdebug-prefix-map=C:/ap13-dcb/gnupg-core-01/builds/libgcrypt-1.12.2-1-02=/usr/src/debug/libgcrypt-1.12.2 -fmacro-prefix-map=C:/ap13-dcb/gnupg-core-01/builds/libgcrypt-1.12.2-1-02=/usr/src/debug/libgcrypt-1.12.2 -ffile-prefix-map=C:/ag-e138920f/tc-cpp-guard-01=/usr/src/toolchain -fdebug-prefix-map=C:/ag-e138920f/tc-cpp-guard-01=/usr/src/toolchain -fmacro-prefix-map=C:/ag-e138920f/tc-cpp-guard-01=/usr/src/toolchain -ffile-prefix-map=C:/ap10-ca5f/git-full-01/bootstrap=/usr -fdebug-prefix-map=C:/ap10-ca5f/git-full-01/bootstrap=/usr -fmacro-prefix-map=C:/ap10-ca5f/git-full-01/bootstrap=/usr -fno-delete-null-pointer-checks -Wall -MT seed.lo -MD -MP -MF .deps/seed.Tpo -c seed.c  -DDLL_EXPORT -DPIC -o .libs/seed.o
libtool: compile:  gcc -DHAVE_CONFIG_H -I. -I.. -I../src -I../src -I../mpi -I../mpi -I/c/ap13-dcb/gnupg-core-01/builds/libgcrypt-1.12.2-1-02/sdk/usr/include -O2 -g -std=gnu17 -fstack-protector-strong -ffile-prefix-map=C:/ap13-dcb/gnupg-core-01/builds/libgcrypt-1.12.2-1-02=/usr/src/debug/libgcrypt-1.12.2 -fdebug-prefix-map=C:/ap13-dcb/gnupg-core-01/builds/libgcrypt-1.12.2-1-02=/usr/src/debug/libgcrypt-1.12.2 -fmacro-prefix-map=C:/ap13-dcb/gnupg-core-01/builds/libgcrypt-1.12.2-1-02=/usr/src/debug/libgcrypt-1.12.2 -ffile-prefix-map=C:/ag-e138920f/tc-cpp-guard-01=/usr/src/toolchain -fdebug-prefix-map=C:/ag-e138920f/tc-cpp-guard-01=/usr/src/toolchain -fmacro-prefix-map=C:/ag-e138920f/tc-cpp-guard-01=/usr/src/toolchain -ffile-prefix-map=C:/ap10-ca5f/git-full-01/bootstrap=/usr -fdebug-prefix-map=C:/ap10-ca5f/git-full-01/bootstrap=/usr -fmacro-prefix-map=C:/ap10-ca5f/git-full-01/bootstrap=/usr -fno-delete-null-pointer-checks -Wall -MT seed.lo -MD -MP -MF .deps/seed.Tpo -c seed.c -o seed.o >/dev/null 2>&1
mv -f .deps/seed.Tpo .deps/seed.Plo
/bin/sh ../libtool  --tag=CC   --mode=compile gcc -DHAVE_CONFIG_H -I. -I..  -I../src -I../src -I../mpi -I../mpi -I/c/ap13-dcb/gnupg-core-01/builds/libgcrypt-1.12.2-1-02/sdk/usr/include  -O2 -g -std=gnu17 -fstack-protector-strong -ffile-prefix-map=C:/ap13-dcb/gnupg-core-01/builds/libgcrypt-1.12.2-1-02=/usr/src/debug/libgcrypt-1.12.2 -fdebug-prefix-map=C:/ap13-dcb/gnupg-core-01/builds/libgcrypt-1.12.2-1-02=/usr/src/debug/libgcrypt-1.12.2 -fmacro-prefix-map=C:/ap13-dcb/gnupg-core-01/builds/libgcrypt-1.12.2-1-02=/usr/src/debug/libgcrypt-1.12.2 -ffile-prefix-map=C:/ag-e138920f/tc-cpp-guard-01=/usr/src/toolchain -fdebug-prefix-map=C:/ag-e138920f/tc-cpp-guard-01=/usr/src/toolchain -fmacro-prefix-map=C:/ag-e138920f/tc-cpp-guard-01=/usr/src/toolchain -ffile-prefix-map=C:/ap10-ca5f/git-full-01/bootstrap=/usr -fdebug-prefix-map=C:/ap10-ca5f/git-full-01/bootstrap=/usr -fmacro-prefix-map=C:/ap10-ca5f/git-full-01/bootstrap=/usr -fno-delete-null-pointer-checks -Wall -MT camellia.lo -MD -MP -MF .deps/camellia.Tpo -c -o camellia.lo camellia.c
libtool: compile:  gcc -DHAVE_CONFIG_H -I. -I.. -I../src -I../src -I../mpi -I../mpi -I/c/ap13-dcb/gnupg-core-01/builds/libgcrypt-1.12.2-1-02/sdk/usr/include -O2 -g -std=gnu17 -fstack-protector-strong -ffile-prefix-map=C:/ap13-dcb/gnupg-core-01/builds/libgcrypt-1.12.2-1-02=/usr/src/debug/libgcrypt-1.12.2 -fdebug-prefix-map=C:/ap13-dcb/gnupg-core-01/builds/libgcrypt-1.12.2-1-02=/usr/src/debug/libgcrypt-1.12.2 -fmacro-prefix-map=C:/ap13-dcb/gnupg-core-01/builds/libgcrypt-1.12.2-1-02=/usr/src/debug/libgcrypt-1.12.2 -ffile-prefix-map=C:/ag-e138920f/tc-cpp-guard-01=/usr/src/toolchain -fdebug-prefix-map=C:/ag-e138920f/tc-cpp-guard-01=/usr/src/toolchain -fmacro-prefix-map=C:/ag-e138920f/tc-cpp-guard-01=/usr/src/toolchain -ffile-prefix-map=C:/ap10-ca5f/git-full-01/bootstrap=/usr -fdebug-prefix-map=C:/ap10-ca5f/git-full-01/bootstrap=/usr -fmacro-prefix-map=C:/ap10-ca5f/git-full-01/bootstrap=/usr -fno-delete-null-pointer-checks -Wall -MT camellia.lo -MD -MP -MF .deps/camellia.Tpo -c camellia.c  -DDLL_EXPORT -DPIC -o .libs/camellia.o
libtool: compile:  gcc -DHAVE_CONFIG_H -I. -I.. -I../src -I../src -I../mpi -I../mpi -I/c/ap13-dcb/gnupg-core-01/builds/libgcrypt-1.12.2-1-02/sdk/usr/include -O2 -g -std=gnu17 -fstack-protector-strong -ffile-prefix-map=C:/ap13-dcb/gnupg-core-01/builds/libgcrypt-1.12.2-1-02=/usr/src/debug/libgcrypt-1.12.2 -fdebug-prefix-map=C:/ap13-dcb/gnupg-core-01/builds/libgcrypt-1.12.2-1-02=/usr/src/debug/libgcrypt-1.12.2 -fmacro-prefix-map=C:/ap13-dcb/gnupg-core-01/builds/libgcrypt-1.12.2-1-02=/usr/src/debug/libgcrypt-1.12.2 -ffile-prefix-map=C:/ag-e138920f/tc-cpp-guard-01=/usr/src/toolchain -fdebug-prefix-map=C:/ag-e138920f/tc-cpp-guard-01=/usr/src/toolchain -fmacro-prefix-map=C:/ag-e138920f/tc-cpp-guard-01=/usr/src/toolchain -ffile-prefix-map=C:/ap10-ca5f/git-full-01/bootstrap=/usr -fdebug-prefix-map=C:/ap10-ca5f/git-full-01/bootstrap=/usr -fmacro-prefix-map=C:/ap10-ca5f/git-full-01/bootstrap=/usr -fno-delete-null-pointer-checks -Wall -MT camellia.lo -MD -MP -MF .deps/camellia.Tpo -c camellia.c -o camellia.o >/dev/null 2>&1
mv -f .deps/camellia.Tpo .deps/camellia.Plo
/bin/sh ../libtool  --tag=CC   --mode=compile gcc -DHAVE_CONFIG_H -I. -I..  -I../src -I../src -I../mpi -I../mpi -I/c/ap13-dcb/gnupg-core-01/builds/libgcrypt-1.12.2-1-02/sdk/usr/include  -O2 -g -std=gnu17 -fstack-protector-strong -ffile-prefix-map=C:/ap13-dcb/gnupg-core-01/builds/libgcrypt-1.12.2-1-02=/usr/src/debug/libgcrypt-1.12.2 -fdebug-prefix-map=C:/ap13-dcb/gnupg-core-01/builds/libgcrypt-1.12.2-1-02=/usr/src/debug/libgcrypt-1.12.2 -fmacro-prefix-map=C:/ap13-dcb/gnupg-core-01/builds/libgcrypt-1.12.2-1-02=/usr/src/debug/libgcrypt-1.12.2 -ffile-prefix-map=C:/ag-e138920f/tc-cpp-guard-01=/usr/src/toolchain -fdebug-prefix-map=C:/ag-e138920f/tc-cpp-guard-01=/usr/src/toolchain -fmacro-prefix-map=C:/ag-e138920f/tc-cpp-guard-01=/usr/src/toolchain -ffile-prefix-map=C:/ap10-ca5f/git-full-01/bootstrap=/usr -fdebug-prefix-map=C:/ap10-ca5f/git-full-01/bootstrap=/usr -fmacro-prefix-map=C:/ap10-ca5f/git-full-01/bootstrap=/usr -fno-delete-null-pointer-checks -Wall -MT camellia-glue.lo -MD -MP -MF .deps/camellia-glue.Tpo -c -o camellia-glue.lo camellia-glue.c
libtool: compile:  gcc -DHAVE_CONFIG_H -I. -I.. -I../src -I../src -I../mpi -I../mpi -I/c/ap13-dcb/gnupg-core-01/builds/libgcrypt-1.12.2-1-02/sdk/usr/include -O2 -g -std=gnu17 -fstack-protector-strong -ffile-prefix-map=C:/ap13-dcb/gnupg-core-01/builds/libgcrypt-1.12.2-1-02=/usr/src/debug/libgcrypt-1.12.2 -fdebug-prefix-map=C:/ap13-dcb/gnupg-core-01/builds/libgcrypt-1.12.2-1-02=/usr/src/debug/libgcrypt-1.12.2 -fmacro-prefix-map=C:/ap13-dcb/gnupg-core-01/builds/libgcrypt-1.12.2-1-02=/usr/src/debug/libgcrypt-1.12.2 -ffile-prefix-map=C:/ag-e138920f/tc-cpp-guard-01=/usr/src/toolchain -fdebug-prefix-map=C:/ag-e138920f/tc-cpp-guard-01=/usr/src/toolchain -fmacro-prefix-map=C:/ag-e138920f/tc-cpp-guard-01=/usr/src/toolchain -ffile-prefix-map=C:/ap10-ca5f/git-full-01/bootstrap=/usr -fdebug-prefix-map=C:/ap10-ca5f/git-full-01/bootstrap=/usr -fmacro-prefix-map=C:/ap10-ca5f/git-full-01/bootstrap=/usr -fno-delete-null-pointer-checks -Wall -MT camellia-glue.lo -MD -MP -MF .deps/camellia-glue.Tpo -c camellia-glue.c  -DDLL_EXPORT -DPIC -o .libs/camellia-glue.o
libtool: compile:  gcc -DHAVE_CONFIG_H -I. -I.. -I../src -I../src -I../mpi -I../mpi -I/c/ap13-dcb/gnupg-core-01/builds/libgcrypt-1.12.2-1-02/sdk/usr/include -O2 -g -std=gnu17 -fstack-protector-strong -ffile-prefix-map=C:/ap13-dcb/gnupg-core-01/builds/libgcrypt-1.12.2-1-02=/usr/src/debug/libgcrypt-1.12.2 -fdebug-prefix-map=C:/ap13-dcb/gnupg-core-01/builds/libgcrypt-1.12.2-1-02=/usr/src/debug/libgcrypt-1.12.2 -fmacro-prefix-map=C:/ap13-dcb/gnupg-core-01/builds/libgcrypt-1.12.2-1-02=/usr/src/debug/libgcrypt-1.12.2 -ffile-prefix-map=C:/ag-e138920f/tc-cpp-guard-01=/usr/src/toolchain -fdebug-prefix-map=C:/ag-e138920f/tc-cpp-guard-01=/usr/src/toolchain -fmacro-prefix-map=C:/ag-e138920f/tc-cpp-guard-01=/usr/src/toolchain -ffile-prefix-map=C:/ap10-ca5f/git-full-01/bootstrap=/usr -fdebug-prefix-map=C:/ap10-ca5f/git-full-01/bootstrap=/usr -fmacro-prefix-map=C:/ap10-ca5f/git-full-01/bootstrap=/usr -fno-delete-null-pointer-checks -Wall -MT camellia-glue.lo -MD -MP -MF .deps/camellia-glue.Tpo -c camellia-glue.c -o camellia-glue.o >/dev/null 2>&1
mv -f .deps/camellia-glue.Tpo .deps/camellia-glue.Plo
/bin/sh ../libtool  --tag=CC   --mode=compile gcc -DHAVE_CONFIG_H -I. -I..  -I../src -I../src -I../mpi -I../mpi -I/c/ap13-dcb/gnupg-core-01/builds/libgcrypt-1.12.2-1-02/sdk/usr/include  -O2 -g -std=gnu17 -fstack-protector-strong -ffile-prefix-map=C:/ap13-dcb/gnupg-core-01/builds/libgcrypt-1.12.2-1-02=/usr/src/debug/libgcrypt-1.12.2 -fdebug-prefix-map=C:/ap13-dcb/gnupg-core-01/builds/libgcrypt-1.12.2-1-02=/usr/src/debug/libgcrypt-1.12.2 -fmacro-prefix-map=C:/ap13-dcb/gnupg-core-01/builds/libgcrypt-1.12.2-1-02=/usr/src/debug/libgcrypt-1.12.2 -ffile-prefix-map=C:/ag-e138920f/tc-cpp-guard-01=/usr/src/toolchain -fdebug-prefix-map=C:/ag-e138920f/tc-cpp-guard-01=/usr/src/toolchain -fmacro-prefix-map=C:/ag-e138920f/tc-cpp-guard-01=/usr/src/toolchain -ffile-prefix-map=C:/ap10-ca5f/git-full-01/bootstrap=/usr -fdebug-prefix-map=C:/ap10-ca5f/git-full-01/bootstrap=/usr -fmacro-prefix-map=C:/ap10-ca5f/git-full-01/bootstrap=/usr -fno-delete-null-pointer-checks -Wall -MT idea.lo -MD -MP -MF .deps/idea.Tpo -c -o idea.lo idea.c
libtool: compile:  gcc -DHAVE_CONFIG_H -I. -I.. -I../src -I../src -I../mpi -I../mpi -I/c/ap13-dcb/gnupg-core-01/builds/libgcrypt-1.12.2-1-02/sdk/usr/include -O2 -g -std=gnu17 -fstack-protector-strong -ffile-prefix-map=C:/ap13-dcb/gnupg-core-01/builds/libgcrypt-1.12.2-1-02=/usr/src/debug/libgcrypt-1.12.2 -fdebug-prefix-map=C:/ap13-dcb/gnupg-core-01/builds/libgcrypt-1.12.2-1-02=/usr/src/debug/libgcrypt-1.12.2 -fmacro-prefix-map=C:/ap13-dcb/gnupg-core-01/builds/libgcrypt-1.12.2-1-02=/usr/src/debug/libgcrypt-1.12.2 -ffile-prefix-map=C:/ag-e138920f/tc-cpp-guard-01=/usr/src/toolchain -fdebug-prefix-map=C:/ag-e138920f/tc-cpp-guard-01=/usr/src/toolchain -fmacro-prefix-map=C:/ag-e138920f/tc-cpp-guard-01=/usr/src/toolchain -ffile-prefix-map=C:/ap10-ca5f/git-full-01/bootstrap=/usr -fdebug-prefix-map=C:/ap10-ca5f/git-full-01/bootstrap=/usr -fmacro-prefix-map=C:/ap10-ca5f/git-full-01/bootstrap=/usr -fno-delete-null-pointer-checks -Wall -MT idea.lo -MD -MP -MF .deps/idea.Tpo -c idea.c  -DDLL_EXPORT -DPIC -o .libs/idea.o
libtool: compile:  gcc -DHAVE_CONFIG_H -I. -I.. -I../src -I../src -I../mpi -I../mpi -I/c/ap13-dcb/gnupg-core-01/builds/libgcrypt-1.12.2-1-02/sdk/usr/include -O2 -g -std=gnu17 -fstack-protector-strong -ffile-prefix-map=C:/ap13-dcb/gnupg-core-01/builds/libgcrypt-1.12.2-1-02=/usr/src/debug/libgcrypt-1.12.2 -fdebug-prefix-map=C:/ap13-dcb/gnupg-core-01/builds/libgcrypt-1.12.2-1-02=/usr/src/debug/libgcrypt-1.12.2 -fmacro-prefix-map=C:/ap13-dcb/gnupg-core-01/builds/libgcrypt-1.12.2-1-02=/usr/src/debug/libgcrypt-1.12.2 -ffile-prefix-map=C:/ag-e138920f/tc-cpp-guard-01=/usr/src/toolchain -fdebug-prefix-map=C:/ag-e138920f/tc-cpp-guard-01=/usr/src/toolchain -fmacro-prefix-map=C:/ag-e138920f/tc-cpp-guard-01=/usr/src/toolchain -ffile-prefix-map=C:/ap10-ca5f/git-full-01/bootstrap=/usr -fdebug-prefix-map=C:/ap10-ca5f/git-full-01/bootstrap=/usr -fmacro-prefix-map=C:/ap10-ca5f/git-full-01/bootstrap=/usr -fno-delete-null-pointer-checks -Wall -MT idea.lo -MD -MP -MF .deps/idea.Tpo -c idea.c -o idea.o >/dev/null 2>&1
mv -f .deps/idea.Tpo .deps/idea.Plo
/bin/sh ../libtool  --tag=CC   --mode=compile gcc -DHAVE_CONFIG_H -I. -I..  -I../src -I../src -I../mpi -I../mpi -I/c/ap13-dcb/gnupg-core-01/builds/libgcrypt-1.12.2-1-02/sdk/usr/include  -O2 -g -std=gnu17 -fstack-protector-strong -ffile-prefix-map=C:/ap13-dcb/gnupg-core-01/builds/libgcrypt-1.12.2-1-02=/usr/src/debug/libgcrypt-1.12.2 -fdebug-prefix-map=C:/ap13-dcb/gnupg-core-01/builds/libgcrypt-1.12.2-1-02=/usr/src/debug/libgcrypt-1.12.2 -fmacro-prefix-map=C:/ap13-dcb/gnupg-core-01/builds/libgcrypt-1.12.2-1-02=/usr/src/debug/libgcrypt-1.12.2 -ffile-prefix-map=C:/ag-e138920f/tc-cpp-guard-01=/usr/src/toolchain -fdebug-prefix-map=C:/ag-e138920f/tc-cpp-guard-01=/usr/src/toolchain -fmacro-prefix-map=C:/ag-e138920f/tc-cpp-guard-01=/usr/src/toolchain -ffile-prefix-map=C:/ap10-ca5f/git-full-01/bootstrap=/usr -fdebug-prefix-map=C:/ap10-ca5f/git-full-01/bootstrap=/usr -fmacro-prefix-map=C:/ap10-ca5f/git-full-01/bootstrap=/usr -fno-delete-null-pointer-checks -Wall -MT salsa20.lo -MD -MP -MF .deps/salsa20.Tpo -c -o salsa20.lo salsa20.c
libtool: compile:  gcc -DHAVE_CONFIG_H -I. -I.. -I../src -I../src -I../mpi -I../mpi -I/c/ap13-dcb/gnupg-core-01/builds/libgcrypt-1.12.2-1-02/sdk/usr/include -O2 -g -std=gnu17 -fstack-protector-strong -ffile-prefix-map=C:/ap13-dcb/gnupg-core-01/builds/libgcrypt-1.12.2-1-02=/usr/src/debug/libgcrypt-1.12.2 -fdebug-prefix-map=C:/ap13-dcb/gnupg-core-01/builds/libgcrypt-1.12.2-1-02=/usr/src/debug/libgcrypt-1.12.2 -fmacro-prefix-map=C:/ap13-dcb/gnupg-core-01/builds/libgcrypt-1.12.2-1-02=/usr/src/debug/libgcrypt-1.12.2 -ffile-prefix-map=C:/ag-e138920f/tc-cpp-guard-01=/usr/src/toolchain -fdebug-prefix-map=C:/ag-e138920f/tc-cpp-guard-01=/usr/src/toolchain -fmacro-prefix-map=C:/ag-e138920f/tc-cpp-guard-01=/usr/src/toolchain -ffile-prefix-map=C:/ap10-ca5f/git-full-01/bootstrap=/usr -fdebug-prefix-map=C:/ap10-ca5f/git-full-01/bootstrap=/usr -fmacro-prefix-map=C:/ap10-ca5f/git-full-01/bootstrap=/usr -fno-delete-null-pointer-checks -Wall -MT salsa20.lo -MD -MP -MF .deps/salsa20.Tpo -c salsa20.c  -DDLL_EXPORT -DPIC -o .libs/salsa20.o
libtool: compile:  gcc -DHAVE_CONFIG_H -I. -I.. -I../src -I../src -I../mpi -I../mpi -I/c/ap13-dcb/gnupg-core-01/builds/libgcrypt-1.12.2-1-02/sdk/usr/include -O2 -g -std=gnu17 -fstack-protector-strong -ffile-prefix-map=C:/ap13-dcb/gnupg-core-01/builds/libgcrypt-1.12.2-1-02=/usr/src/debug/libgcrypt-1.12.2 -fdebug-prefix-map=C:/ap13-dcb/gnupg-core-01/builds/libgcrypt-1.12.2-1-02=/usr/src/debug/libgcrypt-1.12.2 -fmacro-prefix-map=C:/ap13-dcb/gnupg-core-01/builds/libgcrypt-1.12.2-1-02=/usr/src/debug/libgcrypt-1.12.2 -ffile-prefix-map=C:/ag-e138920f/tc-cpp-guard-01=/usr/src/toolchain -fdebug-prefix-map=C:/ag-e138920f/tc-cpp-guard-01=/usr/src/toolchain -fmacro-prefix-map=C:/ag-e138920f/tc-cpp-guard-01=/usr/src/toolchain -ffile-prefix-map=C:/ap10-ca5f/git-full-01/bootstrap=/usr -fdebug-prefix-map=C:/ap10-ca5f/git-full-01/bootstrap=/usr -fmacro-prefix-map=C:/ap10-ca5f/git-full-01/bootstrap=/usr -fno-delete-null-pointer-checks -Wall -MT salsa20.lo -MD -MP -MF .deps/salsa20.Tpo -c salsa20.c -o salsa20.o >/dev/null 2>&1
mv -f .deps/salsa20.Tpo .deps/salsa20.Plo
gcc   \
     -o gost-s-box.exe ./gost-s-box.c
./gost-s-box.exe gost-sb.h
/bin/sh ../libtool  --tag=CC   --mode=compile gcc -DHAVE_CONFIG_H -I. -I..  -I../src -I../src -I../mpi -I../mpi -I/c/ap13-dcb/gnupg-core-01/builds/libgcrypt-1.12.2-1-02/sdk/usr/include  -O2 -g -std=gnu17 -fstack-protector-strong -ffile-prefix-map=C:/ap13-dcb/gnupg-core-01/builds/libgcrypt-1.12.2-1-02=/usr/src/debug/libgcrypt-1.12.2 -fdebug-prefix-map=C:/ap13-dcb/gnupg-core-01/builds/libgcrypt-1.12.2-1-02=/usr/src/debug/libgcrypt-1.12.2 -fmacro-prefix-map=C:/ap13-dcb/gnupg-core-01/builds/libgcrypt-1.12.2-1-02=/usr/src/debug/libgcrypt-1.12.2 -ffile-prefix-map=C:/ag-e138920f/tc-cpp-guard-01=/usr/src/toolchain -fdebug-prefix-map=C:/ag-e138920f/tc-cpp-guard-01=/usr/src/toolchain -fmacro-prefix-map=C:/ag-e138920f/tc-cpp-guard-01=/usr/src/toolchain -ffile-prefix-map=C:/ap10-ca5f/git-full-01/bootstrap=/usr -fdebug-prefix-map=C:/ap10-ca5f/git-full-01/bootstrap=/usr -fmacro-prefix-map=C:/ap10-ca5f/git-full-01/bootstrap=/usr -fno-delete-null-pointer-checks -Wall -MT gost28147.lo -MD -MP -MF .deps/gost28147.Tpo -c -o gost28147.lo gost28147.c
libtool: compile:  gcc -DHAVE_CONFIG_H -I. -I.. -I../src -I../src -I../mpi -I../mpi -I/c/ap13-dcb/gnupg-core-01/builds/libgcrypt-1.12.2-1-02/sdk/usr/include -O2 -g -std=gnu17 -fstack-protector-strong -ffile-prefix-map=C:/ap13-dcb/gnupg-core-01/builds/libgcrypt-1.12.2-1-02=/usr/src/debug/libgcrypt-1.12.2 -fdebug-prefix-map=C:/ap13-dcb/gnupg-core-01/builds/libgcrypt-1.12.2-1-02=/usr/src/debug/libgcrypt-1.12.2 -fmacro-prefix-map=C:/ap13-dcb/gnupg-core-01/builds/libgcrypt-1.12.2-1-02=/usr/src/debug/libgcrypt-1.12.2 -ffile-prefix-map=C:/ag-e138920f/tc-cpp-guard-01=/usr/src/toolchain -fdebug-prefix-map=C:/ag-e138920f/tc-cpp-guard-01=/usr/src/toolchain -fmacro-prefix-map=C:/ag-e138920f/tc-cpp-guard-01=/usr/src/toolchain -ffile-prefix-map=C:/ap10-ca5f/git-full-01/bootstrap=/usr -fdebug-prefix-map=C:/ap10-ca5f/git-full-01/bootstrap=/usr -fmacro-prefix-map=C:/ap10-ca5f/git-full-01/bootstrap=/usr -fno-delete-null-pointer-checks -Wall -MT gost28147.lo -MD -MP -MF .deps/gost28147.Tpo -c gost28147.c  -DDLL_EXPORT -DPIC -o .libs/gost28147.o
libtool: compile:  gcc -DHAVE_CONFIG_H -I. -I.. -I../src -I../src -I../mpi -I../mpi -I/c/ap13-dcb/gnupg-core-01/builds/libgcrypt-1.12.2-1-02/sdk/usr/include -O2 -g -std=gnu17 -fstack-protector-strong -ffile-prefix-map=C:/ap13-dcb/gnupg-core-01/builds/libgcrypt-1.12.2-1-02=/usr/src/debug/libgcrypt-1.12.2 -fdebug-prefix-map=C:/ap13-dcb/gnupg-core-01/builds/libgcrypt-1.12.2-1-02=/usr/src/debug/libgcrypt-1.12.2 -fmacro-prefix-map=C:/ap13-dcb/gnupg-core-01/builds/libgcrypt-1.12.2-1-02=/usr/src/debug/libgcrypt-1.12.2 -ffile-prefix-map=C:/ag-e138920f/tc-cpp-guard-01=/usr/src/toolchain -fdebug-prefix-map=C:/ag-e138920f/tc-cpp-guard-01=/usr/src/toolchain -fmacro-prefix-map=C:/ag-e138920f/tc-cpp-guard-01=/usr/src/toolchain -ffile-prefix-map=C:/ap10-ca5f/git-full-01/bootstrap=/usr -fdebug-prefix-map=C:/ap10-ca5f/git-full-01/bootstrap=/usr -fmacro-prefix-map=C:/ap10-ca5f/git-full-01/bootstrap=/usr -fno-delete-null-pointer-checks -Wall -MT gost28147.lo -MD -MP -MF .deps/gost28147.Tpo -c gost28147.c -o gost28147.o >/dev/null 2>&1
mv -f .deps/gost28147.Tpo .deps/gost28147.Plo
/bin/sh ../libtool  --tag=CC   --mode=compile gcc -DHAVE_CONFIG_H -I. -I..  -I../src -I../src -I../mpi -I../mpi -I/c/ap13-dcb/gnupg-core-01/builds/libgcrypt-1.12.2-1-02/sdk/usr/include  -O2 -g -std=gnu17 -fstack-protector-strong -ffile-prefix-map=C:/ap13-dcb/gnupg-core-01/builds/libgcrypt-1.12.2-1-02=/usr/src/debug/libgcrypt-1.12.2 -fdebug-prefix-map=C:/ap13-dcb/gnupg-core-01/builds/libgcrypt-1.12.2-1-02=/usr/src/debug/libgcrypt-1.12.2 -fmacro-prefix-map=C:/ap13-dcb/gnupg-core-01/builds/libgcrypt-1.12.2-1-02=/usr/src/debug/libgcrypt-1.12.2 -ffile-prefix-map=C:/ag-e138920f/tc-cpp-guard-01=/usr/src/toolchain -fdebug-prefix-map=C:/ag-e138920f/tc-cpp-guard-01=/usr/src/toolchain -fmacro-prefix-map=C:/ag-e138920f/tc-cpp-guard-01=/usr/src/toolchain -ffile-prefix-map=C:/ap10-ca5f/git-full-01/bootstrap=/usr -fdebug-prefix-map=C:/ap10-ca5f/git-full-01/bootstrap=/usr -fmacro-prefix-map=C:/ap10-ca5f/git-full-01/bootstrap=/usr -fno-delete-null-pointer-checks -Wall -MT chacha20.lo -MD -MP -MF .deps/chacha20.Tpo -c -o chacha20.lo chacha20.c
libtool: compile:  gcc -DHAVE_CONFIG_H -I. -I.. -I../src -I../src -I../mpi -I../mpi -I/c/ap13-dcb/gnupg-core-01/builds/libgcrypt-1.12.2-1-02/sdk/usr/include -O2 -g -std=gnu17 -fstack-protector-strong -ffile-prefix-map=C:/ap13-dcb/gnupg-core-01/builds/libgcrypt-1.12.2-1-02=/usr/src/debug/libgcrypt-1.12.2 -fdebug-prefix-map=C:/ap13-dcb/gnupg-core-01/builds/libgcrypt-1.12.2-1-02=/usr/src/debug/libgcrypt-1.12.2 -fmacro-prefix-map=C:/ap13-dcb/gnupg-core-01/builds/libgcrypt-1.12.2-1-02=/usr/src/debug/libgcrypt-1.12.2 -ffile-prefix-map=C:/ag-e138920f/tc-cpp-guard-01=/usr/src/toolchain -fdebug-prefix-map=C:/ag-e138920f/tc-cpp-guard-01=/usr/src/toolchain -fmacro-prefix-map=C:/ag-e138920f/tc-cpp-guard-01=/usr/src/toolchain -ffile-prefix-map=C:/ap10-ca5f/git-full-01/bootstrap=/usr -fdebug-prefix-map=C:/ap10-ca5f/git-full-01/bootstrap=/usr -fmacro-prefix-map=C:/ap10-ca5f/git-full-01/bootstrap=/usr -fno-delete-null-pointer-checks -Wall -MT chacha20.lo -MD -MP -MF .deps/chacha20.Tpo -c chacha20.c  -DDLL_EXPORT -DPIC -o .libs/chacha20.o
libtool: compile:  gcc -DHAVE_CONFIG_H -I. -I.. -I../src -I../src -I../mpi -I../mpi -I/c/ap13-dcb/gnupg-core-01/builds/libgcrypt-1.12.2-1-02/sdk/usr/include -O2 -g -std=gnu17 -fstack-protector-strong -ffile-prefix-map=C:/ap13-dcb/gnupg-core-01/builds/libgcrypt-1.12.2-1-02=/usr/src/debug/libgcrypt-1.12.2 -fdebug-prefix-map=C:/ap13-dcb/gnupg-core-01/builds/libgcrypt-1.12.2-1-02=/usr/src/debug/libgcrypt-1.12.2 -fmacro-prefix-map=C:/ap13-dcb/gnupg-core-01/builds/libgcrypt-1.12.2-1-02=/usr/src/debug/libgcrypt-1.12.2 -ffile-prefix-map=C:/ag-e138920f/tc-cpp-guard-01=/usr/src/toolchain -fdebug-prefix-map=C:/ag-e138920f/tc-cpp-guard-01=/usr/src/toolchain -fmacro-prefix-map=C:/ag-e138920f/tc-cpp-guard-01=/usr/src/toolchain -ffile-prefix-map=C:/ap10-ca5f/git-full-01/bootstrap=/usr -fdebug-prefix-map=C:/ap10-ca5f/git-full-01/bootstrap=/usr -fmacro-prefix-map=C:/ap10-ca5f/git-full-01/bootstrap=/usr -fno-delete-null-pointer-checks -Wall -MT chacha20.lo -MD -MP -MF .deps/chacha20.Tpo -c chacha20.c -o chacha20.o >/dev/null 2>&1
mv -f .deps/chacha20.Tpo .deps/chacha20.Plo
/bin/sh ../libtool  --tag=CC   --mode=compile gcc -DHAVE_CONFIG_H -I. -I..  -I../src -I../src -I../mpi -I../mpi -I/c/ap13-dcb/gnupg-core-01/builds/libgcrypt-1.12.2-1-02/sdk/usr/include  -O2 -g -std=gnu17 -fstack-protector-strong -ffile-prefix-map=C:/ap13-dcb/gnupg-core-01/builds/libgcrypt-1.12.2-1-02=/usr/src/debug/libgcrypt-1.12.2 -fdebug-prefix-map=C:/ap13-dcb/gnupg-core-01/builds/libgcrypt-1.12.2-1-02=/usr/src/debug/libgcrypt-1.12.2 -fmacro-prefix-map=C:/ap13-dcb/gnupg-core-01/builds/libgcrypt-1.12.2-1-02=/usr/src/debug/libgcrypt-1.12.2 -ffile-prefix-map=C:/ag-e138920f/tc-cpp-guard-01=/usr/src/toolchain -fdebug-prefix-map=C:/ag-e138920f/tc-cpp-guard-01=/usr/src/toolchain -fmacro-prefix-map=C:/ag-e138920f/tc-cpp-guard-01=/usr/src/toolchain -ffile-prefix-map=C:/ap10-ca5f/git-full-01/bootstrap=/usr -fdebug-prefix-map=C:/ap10-ca5f/git-full-01/bootstrap=/usr -fmacro-prefix-map=C:/ap10-ca5f/git-full-01/bootstrap=/usr -fno-delete-null-pointer-checks -Wall -MT sm4.lo -MD -MP -MF .deps/sm4.Tpo -c -o sm4.lo sm4.c
libtool: compile:  gcc -DHAVE_CONFIG_H -I. -I.. -I../src -I../src -I../mpi -I../mpi -I/c/ap13-dcb/gnupg-core-01/builds/libgcrypt-1.12.2-1-02/sdk/usr/include -O2 -g -std=gnu17 -fstack-protector-strong -ffile-prefix-map=C:/ap13-dcb/gnupg-core-01/builds/libgcrypt-1.12.2-1-02=/usr/src/debug/libgcrypt-1.12.2 -fdebug-prefix-map=C:/ap13-dcb/gnupg-core-01/builds/libgcrypt-1.12.2-1-02=/usr/src/debug/libgcrypt-1.12.2 -fmacro-prefix-map=C:/ap13-dcb/gnupg-core-01/builds/libgcrypt-1.12.2-1-02=/usr/src/debug/libgcrypt-1.12.2 -ffile-prefix-map=C:/ag-e138920f/tc-cpp-guard-01=/usr/src/toolchain -fdebug-prefix-map=C:/ag-e138920f/tc-cpp-guard-01=/usr/src/toolchain -fmacro-prefix-map=C:/ag-e138920f/tc-cpp-guard-01=/usr/src/toolchain -ffile-prefix-map=C:/ap10-ca5f/git-full-01/bootstrap=/usr -fdebug-prefix-map=C:/ap10-ca5f/git-full-01/bootstrap=/usr -fmacro-prefix-map=C:/ap10-ca5f/git-full-01/bootstrap=/usr -fno-delete-null-pointer-checks -Wall -MT sm4.lo -MD -MP -MF .deps/sm4.Tpo -c sm4.c  -DDLL_EXPORT -DPIC -o .libs/sm4.o
libtool: compile:  gcc -DHAVE_CONFIG_H -I. -I.. -I../src -I../src -I../mpi -I../mpi -I/c/ap13-dcb/gnupg-core-01/builds/libgcrypt-1.12.2-1-02/sdk/usr/include -O2 -g -std=gnu17 -fstack-protector-strong -ffile-prefix-map=C:/ap13-dcb/gnupg-core-01/builds/libgcrypt-1.12.2-1-02=/usr/src/debug/libgcrypt-1.12.2 -fdebug-prefix-map=C:/ap13-dcb/gnupg-core-01/builds/libgcrypt-1.12.2-1-02=/usr/src/debug/libgcrypt-1.12.2 -fmacro-prefix-map=C:/ap13-dcb/gnupg-core-01/builds/libgcrypt-1.12.2-1-02=/usr/src/debug/libgcrypt-1.12.2 -ffile-prefix-map=C:/ag-e138920f/tc-cpp-guard-01=/usr/src/toolchain -fdebug-prefix-map=C:/ag-e138920f/tc-cpp-guard-01=/usr/src/toolchain -fmacro-prefix-map=C:/ag-e138920f/tc-cpp-guard-01=/usr/src/toolchain -ffile-prefix-map=C:/ap10-ca5f/git-full-01/bootstrap=/usr -fdebug-prefix-map=C:/ap10-ca5f/git-full-01/bootstrap=/usr -fmacro-prefix-map=C:/ap10-ca5f/git-full-01/bootstrap=/usr -fno-delete-null-pointer-checks -Wall -MT sm4.lo -MD -MP -MF .deps/sm4.Tpo -c sm4.c -o sm4.o >/dev/null 2>&1
mv -f .deps/sm4.Tpo .deps/sm4.Plo
/bin/sh ../libtool  --tag=CC   --mode=compile gcc -DHAVE_CONFIG_H -I. -I..  -I../src -I../src -I../mpi -I../mpi -I/c/ap13-dcb/gnupg-core-01/builds/libgcrypt-1.12.2-1-02/sdk/usr/include  -O2 -g -std=gnu17 -fstack-protector-strong -ffile-prefix-map=C:/ap13-dcb/gnupg-core-01/builds/libgcrypt-1.12.2-1-02=/usr/src/debug/libgcrypt-1.12.2 -fdebug-prefix-map=C:/ap13-dcb/gnupg-core-01/builds/libgcrypt-1.12.2-1-02=/usr/src/debug/libgcrypt-1.12.2 -fmacro-prefix-map=C:/ap13-dcb/gnupg-core-01/builds/libgcrypt-1.12.2-1-02=/usr/src/debug/libgcrypt-1.12.2 -ffile-prefix-map=C:/ag-e138920f/tc-cpp-guard-01=/usr/src/toolchain -fdebug-prefix-map=C:/ag-e138920f/tc-cpp-guard-01=/usr/src/toolchain -fmacro-prefix-map=C:/ag-e138920f/tc-cpp-guard-01=/usr/src/toolchain -ffile-prefix-map=C:/ap10-ca5f/git-full-01/bootstrap=/usr -fdebug-prefix-map=C:/ap10-ca5f/git-full-01/bootstrap=/usr -fmacro-prefix-map=C:/ap10-ca5f/git-full-01/bootstrap=/usr -fno-delete-null-pointer-checks -Wall -MT aria.lo -MD -MP -MF .deps/aria.Tpo -c -o aria.lo aria.c
libtool: compile:  gcc -DHAVE_CONFIG_H -I. -I.. -I../src -I../src -I../mpi -I../mpi -I/c/ap13-dcb/gnupg-core-01/builds/libgcrypt-1.12.2-1-02/sdk/usr/include -O2 -g -std=gnu17 -fstack-protector-strong -ffile-prefix-map=C:/ap13-dcb/gnupg-core-01/builds/libgcrypt-1.12.2-1-02=/usr/src/debug/libgcrypt-1.12.2 -fdebug-prefix-map=C:/ap13-dcb/gnupg-core-01/builds/libgcrypt-1.12.2-1-02=/usr/src/debug/libgcrypt-1.12.2 -fmacro-prefix-map=C:/ap13-dcb/gnupg-core-01/builds/libgcrypt-1.12.2-1-02=/usr/src/debug/libgcrypt-1.12.2 -ffile-prefix-map=C:/ag-e138920f/tc-cpp-guard-01=/usr/src/toolchain -fdebug-prefix-map=C:/ag-e138920f/tc-cpp-guard-01=/usr/src/toolchain -fmacro-prefix-map=C:/ag-e138920f/tc-cpp-guard-01=/usr/src/toolchain -ffile-prefix-map=C:/ap10-ca5f/git-full-01/bootstrap=/usr -fdebug-prefix-map=C:/ap10-ca5f/git-full-01/bootstrap=/usr -fmacro-prefix-map=C:/ap10-ca5f/git-full-01/bootstrap=/usr -fno-delete-null-pointer-checks -Wall -MT aria.lo -MD -MP -MF .deps/aria.Tpo -c aria.c  -DDLL_EXPORT -DPIC -o .libs/aria.o
libtool: compile:  gcc -DHAVE_CONFIG_H -I. -I.. -I../src -I../src -I../mpi -I../mpi -I/c/ap13-dcb/gnupg-core-01/builds/libgcrypt-1.12.2-1-02/sdk/usr/include -O2 -g -std=gnu17 -fstack-protector-strong -ffile-prefix-map=C:/ap13-dcb/gnupg-core-01/builds/libgcrypt-1.12.2-1-02=/usr/src/debug/libgcrypt-1.12.2 -fdebug-prefix-map=C:/ap13-dcb/gnupg-core-01/builds/libgcrypt-1.12.2-1-02=/usr/src/debug/libgcrypt-1.12.2 -fmacro-prefix-map=C:/ap13-dcb/gnupg-core-01/builds/libgcrypt-1.12.2-1-02=/usr/src/debug/libgcrypt-1.12.2 -ffile-prefix-map=C:/ag-e138920f/tc-cpp-guard-01=/usr/src/toolchain -fdebug-prefix-map=C:/ag-e138920f/tc-cpp-guard-01=/usr/src/toolchain -fmacro-prefix-map=C:/ag-e138920f/tc-cpp-guard-01=/usr/src/toolchain -ffile-prefix-map=C:/ap10-ca5f/git-full-01/bootstrap=/usr -fdebug-prefix-map=C:/ap10-ca5f/git-full-01/bootstrap=/usr -fmacro-prefix-map=C:/ap10-ca5f/git-full-01/bootstrap=/usr -fno-delete-null-pointer-checks -Wall -MT aria.lo -MD -MP -MF .deps/aria.Tpo -c aria.c -o aria.o >/dev/null 2>&1
mv -f .deps/aria.Tpo .deps/aria.Plo
/bin/sh ../libtool  --tag=CC   --mode=compile gcc -DHAVE_CONFIG_H -I. -I..  -I../src -I../src -I../mpi -I../mpi -I/c/ap13-dcb/gnupg-core-01/builds/libgcrypt-1.12.2-1-02/sdk/usr/include  -O2 -g -std=gnu17 -fstack-protector-strong -ffile-prefix-map=C:/ap13-dcb/gnupg-core-01/builds/libgcrypt-1.12.2-1-02=/usr/src/debug/libgcrypt-1.12.2 -fdebug-prefix-map=C:/ap13-dcb/gnupg-core-01/builds/libgcrypt-1.12.2-1-02=/usr/src/debug/libgcrypt-1.12.2 -fmacro-prefix-map=C:/ap13-dcb/gnupg-core-01/builds/libgcrypt-1.12.2-1-02=/usr/src/debug/libgcrypt-1.12.2 -ffile-prefix-map=C:/ag-e138920f/tc-cpp-guard-01=/usr/src/toolchain -fdebug-prefix-map=C:/ag-e138920f/tc-cpp-guard-01=/usr/src/toolchain -fmacro-prefix-map=C:/ag-e138920f/tc-cpp-guard-01=/usr/src/toolchain -ffile-prefix-map=C:/ap10-ca5f/git-full-01/bootstrap=/usr -fdebug-prefix-map=C:/ap10-ca5f/git-full-01/bootstrap=/usr -fmacro-prefix-map=C:/ap10-ca5f/git-full-01/bootstrap=/usr -fno-delete-null-pointer-checks -Wall -MT dsa.lo -MD -MP -MF .deps/dsa.Tpo -c -o dsa.lo dsa.c
libtool: compile:  gcc -DHAVE_CONFIG_H -I. -I.. -I../src -I../src -I../mpi -I../mpi -I/c/ap13-dcb/gnupg-core-01/builds/libgcrypt-1.12.2-1-02/sdk/usr/include -O2 -g -std=gnu17 -fstack-protector-strong -ffile-prefix-map=C:/ap13-dcb/gnupg-core-01/builds/libgcrypt-1.12.2-1-02=/usr/src/debug/libgcrypt-1.12.2 -fdebug-prefix-map=C:/ap13-dcb/gnupg-core-01/builds/libgcrypt-1.12.2-1-02=/usr/src/debug/libgcrypt-1.12.2 -fmacro-prefix-map=C:/ap13-dcb/gnupg-core-01/builds/libgcrypt-1.12.2-1-02=/usr/src/debug/libgcrypt-1.12.2 -ffile-prefix-map=C:/ag-e138920f/tc-cpp-guard-01=/usr/src/toolchain -fdebug-prefix-map=C:/ag-e138920f/tc-cpp-guard-01=/usr/src/toolchain -fmacro-prefix-map=C:/ag-e138920f/tc-cpp-guard-01=/usr/src/toolchain -ffile-prefix-map=C:/ap10-ca5f/git-full-01/bootstrap=/usr -fdebug-prefix-map=C:/ap10-ca5f/git-full-01/bootstrap=/usr -fmacro-prefix-map=C:/ap10-ca5f/git-full-01/bootstrap=/usr -fno-delete-null-pointer-checks -Wall -MT dsa.lo -MD -MP -MF .deps/dsa.Tpo -c dsa.c  -DDLL_EXPORT -DPIC -o .libs/dsa.o
libtool: compile:  gcc -DHAVE_CONFIG_H -I. -I.. -I../src -I../src -I../mpi -I../mpi -I/c/ap13-dcb/gnupg-core-01/builds/libgcrypt-1.12.2-1-02/sdk/usr/include -O2 -g -std=gnu17 -fstack-protector-strong -ffile-prefix-map=C:/ap13-dcb/gnupg-core-01/builds/libgcrypt-1.12.2-1-02=/usr/src/debug/libgcrypt-1.12.2 -fdebug-prefix-map=C:/ap13-dcb/gnupg-core-01/builds/libgcrypt-1.12.2-1-02=/usr/src/debug/libgcrypt-1.12.2 -fmacro-prefix-map=C:/ap13-dcb/gnupg-core-01/builds/libgcrypt-1.12.2-1-02=/usr/src/debug/libgcrypt-1.12.2 -ffile-prefix-map=C:/ag-e138920f/tc-cpp-guard-01=/usr/src/toolchain -fdebug-prefix-map=C:/ag-e138920f/tc-cpp-guard-01=/usr/src/toolchain -fmacro-prefix-map=C:/ag-e138920f/tc-cpp-guard-01=/usr/src/toolchain -ffile-prefix-map=C:/ap10-ca5f/git-full-01/bootstrap=/usr -fdebug-prefix-map=C:/ap10-ca5f/git-full-01/bootstrap=/usr -fmacro-prefix-map=C:/ap10-ca5f/git-full-01/bootstrap=/usr -fno-delete-null-pointer-checks -Wall -MT dsa.lo -MD -MP -MF .deps/dsa.Tpo -c dsa.c -o dsa.o >/dev/null 2>&1
mv -f .deps/dsa.Tpo .deps/dsa.Plo
/bin/sh ../libtool  --tag=CC   --mode=compile gcc -DHAVE_CONFIG_H -I. -I..  -I../src -I../src -I../mpi -I../mpi -I/c/ap13-dcb/gnupg-core-01/builds/libgcrypt-1.12.2-1-02/sdk/usr/include  -O2 -g -std=gnu17 -fstack-protector-strong -ffile-prefix-map=C:/ap13-dcb/gnupg-core-01/builds/libgcrypt-1.12.2-1-02=/usr/src/debug/libgcrypt-1.12.2 -fdebug-prefix-map=C:/ap13-dcb/gnupg-core-01/builds/libgcrypt-1.12.2-1-02=/usr/src/debug/libgcrypt-1.12.2 -fmacro-prefix-map=C:/ap13-dcb/gnupg-core-01/builds/libgcrypt-1.12.2-1-02=/usr/src/debug/libgcrypt-1.12.2 -ffile-prefix-map=C:/ag-e138920f/tc-cpp-guard-01=/usr/src/toolchain -fdebug-prefix-map=C:/ag-e138920f/tc-cpp-guard-01=/usr/src/toolchain -fmacro-prefix-map=C:/ag-e138920f/tc-cpp-guard-01=/usr/src/toolchain -ffile-prefix-map=C:/ap10-ca5f/git-full-01/bootstrap=/usr -fdebug-prefix-map=C:/ap10-ca5f/git-full-01/bootstrap=/usr -fmacro-prefix-map=C:/ap10-ca5f/git-full-01/bootstrap=/usr -fno-delete-null-pointer-checks -Wall -MT rsa.lo -MD -MP -MF .deps/rsa.Tpo -c -o rsa.lo rsa.c
libtool: compile:  gcc -DHAVE_CONFIG_H -I. -I.. -I../src -I../src -I../mpi -I../mpi -I/c/ap13-dcb/gnupg-core-01/builds/libgcrypt-1.12.2-1-02/sdk/usr/include -O2 -g -std=gnu17 -fstack-protector-strong -ffile-prefix-map=C:/ap13-dcb/gnupg-core-01/builds/libgcrypt-1.12.2-1-02=/usr/src/debug/libgcrypt-1.12.2 -fdebug-prefix-map=C:/ap13-dcb/gnupg-core-01/builds/libgcrypt-1.12.2-1-02=/usr/src/debug/libgcrypt-1.12.2 -fmacro-prefix-map=C:/ap13-dcb/gnupg-core-01/builds/libgcrypt-1.12.2-1-02=/usr/src/debug/libgcrypt-1.12.2 -ffile-prefix-map=C:/ag-e138920f/tc-cpp-guard-01=/usr/src/toolchain -fdebug-prefix-map=C:/ag-e138920f/tc-cpp-guard-01=/usr/src/toolchain -fmacro-prefix-map=C:/ag-e138920f/tc-cpp-guard-01=/usr/src/toolchain -ffile-prefix-map=C:/ap10-ca5f/git-full-01/bootstrap=/usr -fdebug-prefix-map=C:/ap10-ca5f/git-full-01/bootstrap=/usr -fmacro-prefix-map=C:/ap10-ca5f/git-full-01/bootstrap=/usr -fno-delete-null-pointer-checks -Wall -MT rsa.lo -MD -MP -MF .deps/rsa.Tpo -c rsa.c  -DDLL_EXPORT -DPIC -o .libs/rsa.o
libtool: compile:  gcc -DHAVE_CONFIG_H -I. -I.. -I../src -I../src -I../mpi -I../mpi -I/c/ap13-dcb/gnupg-core-01/builds/libgcrypt-1.12.2-1-02/sdk/usr/include -O2 -g -std=gnu17 -fstack-protector-strong -ffile-prefix-map=C:/ap13-dcb/gnupg-core-01/builds/libgcrypt-1.12.2-1-02=/usr/src/debug/libgcrypt-1.12.2 -fdebug-prefix-map=C:/ap13-dcb/gnupg-core-01/builds/libgcrypt-1.12.2-1-02=/usr/src/debug/libgcrypt-1.12.2 -fmacro-prefix-map=C:/ap13-dcb/gnupg-core-01/builds/libgcrypt-1.12.2-1-02=/usr/src/debug/libgcrypt-1.12.2 -ffile-prefix-map=C:/ag-e138920f/tc-cpp-guard-01=/usr/src/toolchain -fdebug-prefix-map=C:/ag-e138920f/tc-cpp-guard-01=/usr/src/toolchain -fmacro-prefix-map=C:/ag-e138920f/tc-cpp-guard-01=/usr/src/toolchain -ffile-prefix-map=C:/ap10-ca5f/git-full-01/bootstrap=/usr -fdebug-prefix-map=C:/ap10-ca5f/git-full-01/bootstrap=/usr -fmacro-prefix-map=C:/ap10-ca5f/git-full-01/bootstrap=/usr -fno-delete-null-pointer-checks -Wall -MT rsa.lo -MD -MP -MF .deps/rsa.Tpo -c rsa.c -o rsa.o >/dev/null 2>&1
mv -f .deps/rsa.Tpo .deps/rsa.Plo
/bin/sh ../libtool  --tag=CC   --mode=compile gcc -DHAVE_CONFIG_H -I. -I..  -I../src -I../src -I../mpi -I../mpi -I/c/ap13-dcb/gnupg-core-01/builds/libgcrypt-1.12.2-1-02/sdk/usr/include  -O2 -g -std=gnu17 -fstack-protector-strong -ffile-prefix-map=C:/ap13-dcb/gnupg-core-01/builds/libgcrypt-1.12.2-1-02=/usr/src/debug/libgcrypt-1.12.2 -fdebug-prefix-map=C:/ap13-dcb/gnupg-core-01/builds/libgcrypt-1.12.2-1-02=/usr/src/debug/libgcrypt-1.12.2 -fmacro-prefix-map=C:/ap13-dcb/gnupg-core-01/builds/libgcrypt-1.12.2-1-02=/usr/src/debug/libgcrypt-1.12.2 -ffile-prefix-map=C:/ag-e138920f/tc-cpp-guard-01=/usr/src/toolchain -fdebug-prefix-map=C:/ag-e138920f/tc-cpp-guard-01=/usr/src/toolchain -fmacro-prefix-map=C:/ag-e138920f/tc-cpp-guard-01=/usr/src/toolchain -ffile-prefix-map=C:/ap10-ca5f/git-full-01/bootstrap=/usr -fdebug-prefix-map=C:/ap10-ca5f/git-full-01/bootstrap=/usr -fmacro-prefix-map=C:/ap10-ca5f/git-full-01/bootstrap=/usr -fno-delete-null-pointer-checks -Wall -MT elgamal.lo -MD -MP -MF .deps/elgamal.Tpo -c -o elgamal.lo elgamal.c
libtool: compile:  gcc -DHAVE_CONFIG_H -I. -I.. -I../src -I../src -I../mpi -I../mpi -I/c/ap13-dcb/gnupg-core-01/builds/libgcrypt-1.12.2-1-02/sdk/usr/include -O2 -g -std=gnu17 -fstack-protector-strong -ffile-prefix-map=C:/ap13-dcb/gnupg-core-01/builds/libgcrypt-1.12.2-1-02=/usr/src/debug/libgcrypt-1.12.2 -fdebug-prefix-map=C:/ap13-dcb/gnupg-core-01/builds/libgcrypt-1.12.2-1-02=/usr/src/debug/libgcrypt-1.12.2 -fmacro-prefix-map=C:/ap13-dcb/gnupg-core-01/builds/libgcrypt-1.12.2-1-02=/usr/src/debug/libgcrypt-1.12.2 -ffile-prefix-map=C:/ag-e138920f/tc-cpp-guard-01=/usr/src/toolchain -fdebug-prefix-map=C:/ag-e138920f/tc-cpp-guard-01=/usr/src/toolchain -fmacro-prefix-map=C:/ag-e138920f/tc-cpp-guard-01=/usr/src/toolchain -ffile-prefix-map=C:/ap10-ca5f/git-full-01/bootstrap=/usr -fdebug-prefix-map=C:/ap10-ca5f/git-full-01/bootstrap=/usr -fmacro-prefix-map=C:/ap10-ca5f/git-full-01/bootstrap=/usr -fno-delete-null-pointer-checks -Wall -MT elgamal.lo -MD -MP -MF .deps/elgamal.Tpo -c elgamal.c  -DDLL_EXPORT -DPIC -o .libs/elgamal.o
libtool: compile:  gcc -DHAVE_CONFIG_H -I. -I.. -I../src -I../src -I../mpi -I../mpi -I/c/ap13-dcb/gnupg-core-01/builds/libgcrypt-1.12.2-1-02/sdk/usr/include -O2 -g -std=gnu17 -fstack-protector-strong -ffile-prefix-map=C:/ap13-dcb/gnupg-core-01/builds/libgcrypt-1.12.2-1-02=/usr/src/debug/libgcrypt-1.12.2 -fdebug-prefix-map=C:/ap13-dcb/gnupg-core-01/builds/libgcrypt-1.12.2-1-02=/usr/src/debug/libgcrypt-1.12.2 -fmacro-prefix-map=C:/ap13-dcb/gnupg-core-01/builds/libgcrypt-1.12.2-1-02=/usr/src/debug/libgcrypt-1.12.2 -ffile-prefix-map=C:/ag-e138920f/tc-cpp-guard-01=/usr/src/toolchain -fdebug-prefix-map=C:/ag-e138920f/tc-cpp-guard-01=/usr/src/toolchain -fmacro-prefix-map=C:/ag-e138920f/tc-cpp-guard-01=/usr/src/toolchain -ffile-prefix-map=C:/ap10-ca5f/git-full-01/bootstrap=/usr -fdebug-prefix-map=C:/ap10-ca5f/git-full-01/bootstrap=/usr -fmacro-prefix-map=C:/ap10-ca5f/git-full-01/bootstrap=/usr -fno-delete-null-pointer-checks -Wall -MT elgamal.lo -MD -MP -MF .deps/elgamal.Tpo -c elgamal.c -o elgamal.o >/dev/null 2>&1
mv -f .deps/elgamal.Tpo .deps/elgamal.Plo
/bin/sh ../libtool  --tag=CC   --mode=compile gcc -DHAVE_CONFIG_H -I. -I..  -I../src -I../src -I../mpi -I../mpi -I/c/ap13-dcb/gnupg-core-01/builds/libgcrypt-1.12.2-1-02/sdk/usr/include  -O2 -g -std=gnu17 -fstack-protector-strong -ffile-prefix-map=C:/ap13-dcb/gnupg-core-01/builds/libgcrypt-1.12.2-1-02=/usr/src/debug/libgcrypt-1.12.2 -fdebug-prefix-map=C:/ap13-dcb/gnupg-core-01/builds/libgcrypt-1.12.2-1-02=/usr/src/debug/libgcrypt-1.12.2 -fmacro-prefix-map=C:/ap13-dcb/gnupg-core-01/builds/libgcrypt-1.12.2-1-02=/usr/src/debug/libgcrypt-1.12.2 -ffile-prefix-map=C:/ag-e138920f/tc-cpp-guard-01=/usr/src/toolchain -fdebug-prefix-map=C:/ag-e138920f/tc-cpp-guard-01=/usr/src/toolchain -fmacro-prefix-map=C:/ag-e138920f/tc-cpp-guard-01=/usr/src/toolchain -ffile-prefix-map=C:/ap10-ca5f/git-full-01/bootstrap=/usr -fdebug-prefix-map=C:/ap10-ca5f/git-full-01/bootstrap=/usr -fmacro-prefix-map=C:/ap10-ca5f/git-full-01/bootstrap=/usr -fno-delete-null-pointer-checks -Wall -MT ecc.lo -MD -MP -MF .deps/ecc.Tpo -c -o ecc.lo ecc.c
libtool: compile:  gcc -DHAVE_CONFIG_H -I. -I.. -I../src -I../src -I../mpi -I../mpi -I/c/ap13-dcb/gnupg-core-01/builds/libgcrypt-1.12.2-1-02/sdk/usr/include -O2 -g -std=gnu17 -fstack-protector-strong -ffile-prefix-map=C:/ap13-dcb/gnupg-core-01/builds/libgcrypt-1.12.2-1-02=/usr/src/debug/libgcrypt-1.12.2 -fdebug-prefix-map=C:/ap13-dcb/gnupg-core-01/builds/libgcrypt-1.12.2-1-02=/usr/src/debug/libgcrypt-1.12.2 -fmacro-prefix-map=C:/ap13-dcb/gnupg-core-01/builds/libgcrypt-1.12.2-1-02=/usr/src/debug/libgcrypt-1.12.2 -ffile-prefix-map=C:/ag-e138920f/tc-cpp-guard-01=/usr/src/toolchain -fdebug-prefix-map=C:/ag-e138920f/tc-cpp-guard-01=/usr/src/toolchain -fmacro-prefix-map=C:/ag-e138920f/tc-cpp-guard-01=/usr/src/toolchain -ffile-prefix-map=C:/ap10-ca5f/git-full-01/bootstrap=/usr -fdebug-prefix-map=C:/ap10-ca5f/git-full-01/bootstrap=/usr -fmacro-prefix-map=C:/ap10-ca5f/git-full-01/bootstrap=/usr -fno-delete-null-pointer-checks -Wall -MT ecc.lo -MD -MP -MF .deps/ecc.Tpo -c ecc.c  -DDLL_EXPORT -DPIC -o .libs/ecc.o
libtool: compile:  gcc -DHAVE_CONFIG_H -I. -I.. -I../src -I../src -I../mpi -I../mpi -I/c/ap13-dcb/gnupg-core-01/builds/libgcrypt-1.12.2-1-02/sdk/usr/include -O2 -g -std=gnu17 -fstack-protector-strong -ffile-prefix-map=C:/ap13-dcb/gnupg-core-01/builds/libgcrypt-1.12.2-1-02=/usr/src/debug/libgcrypt-1.12.2 -fdebug-prefix-map=C:/ap13-dcb/gnupg-core-01/builds/libgcrypt-1.12.2-1-02=/usr/src/debug/libgcrypt-1.12.2 -fmacro-prefix-map=C:/ap13-dcb/gnupg-core-01/builds/libgcrypt-1.12.2-1-02=/usr/src/debug/libgcrypt-1.12.2 -ffile-prefix-map=C:/ag-e138920f/tc-cpp-guard-01=/usr/src/toolchain -fdebug-prefix-map=C:/ag-e138920f/tc-cpp-guard-01=/usr/src/toolchain -fmacro-prefix-map=C:/ag-e138920f/tc-cpp-guard-01=/usr/src/toolchain -ffile-prefix-map=C:/ap10-ca5f/git-full-01/bootstrap=/usr -fdebug-prefix-map=C:/ap10-ca5f/git-full-01/bootstrap=/usr -fmacro-prefix-map=C:/ap10-ca5f/git-full-01/bootstrap=/usr -fno-delete-null-pointer-checks -Wall -MT ecc.lo -MD -MP -MF .deps/ecc.Tpo -c ecc.c -o ecc.o >/dev/null 2>&1
mv -f .deps/ecc.Tpo .deps/ecc.Plo
/bin/sh ../libtool  --tag=CC   --mode=compile gcc -DHAVE_CONFIG_H -I. -I..  -I../src -I../src -I../mpi -I../mpi -I/c/ap13-dcb/gnupg-core-01/builds/libgcrypt-1.12.2-1-02/sdk/usr/include  -O2 -g -std=gnu17 -fstack-protector-strong -ffile-prefix-map=C:/ap13-dcb/gnupg-core-01/builds/libgcrypt-1.12.2-1-02=/usr/src/debug/libgcrypt-1.12.2 -fdebug-prefix-map=C:/ap13-dcb/gnupg-core-01/builds/libgcrypt-1.12.2-1-02=/usr/src/debug/libgcrypt-1.12.2 -fmacro-prefix-map=C:/ap13-dcb/gnupg-core-01/builds/libgcrypt-1.12.2-1-02=/usr/src/debug/libgcrypt-1.12.2 -ffile-prefix-map=C:/ag-e138920f/tc-cpp-guard-01=/usr/src/toolchain -fdebug-prefix-map=C:/ag-e138920f/tc-cpp-guard-01=/usr/src/toolchain -fmacro-prefix-map=C:/ag-e138920f/tc-cpp-guard-01=/usr/src/toolchain -ffile-prefix-map=C:/ap10-ca5f/git-full-01/bootstrap=/usr -fdebug-prefix-map=C:/ap10-ca5f/git-full-01/bootstrap=/usr -fmacro-prefix-map=C:/ap10-ca5f/git-full-01/bootstrap=/usr -fno-delete-null-pointer-checks -Wall -MT ecc-curves.lo -MD -MP -MF .deps/ecc-curves.Tpo -c -o ecc-curves.lo ecc-curves.c
libtool: compile:  gcc -DHAVE_CONFIG_H -I. -I.. -I../src -I../src -I../mpi -I../mpi -I/c/ap13-dcb/gnupg-core-01/builds/libgcrypt-1.12.2-1-02/sdk/usr/include -O2 -g -std=gnu17 -fstack-protector-strong -ffile-prefix-map=C:/ap13-dcb/gnupg-core-01/builds/libgcrypt-1.12.2-1-02=/usr/src/debug/libgcrypt-1.12.2 -fdebug-prefix-map=C:/ap13-dcb/gnupg-core-01/builds/libgcrypt-1.12.2-1-02=/usr/src/debug/libgcrypt-1.12.2 -fmacro-prefix-map=C:/ap13-dcb/gnupg-core-01/builds/libgcrypt-1.12.2-1-02=/usr/src/debug/libgcrypt-1.12.2 -ffile-prefix-map=C:/ag-e138920f/tc-cpp-guard-01=/usr/src/toolchain -fdebug-prefix-map=C:/ag-e138920f/tc-cpp-guard-01=/usr/src/toolchain -fmacro-prefix-map=C:/ag-e138920f/tc-cpp-guard-01=/usr/src/toolchain -ffile-prefix-map=C:/ap10-ca5f/git-full-01/bootstrap=/usr -fdebug-prefix-map=C:/ap10-ca5f/git-full-01/bootstrap=/usr -fmacro-prefix-map=C:/ap10-ca5f/git-full-01/bootstrap=/usr -fno-delete-null-pointer-checks -Wall -MT ecc-curves.lo -MD -MP -MF .deps/ecc-curves.Tpo -c ecc-curves.c  -DDLL_EXPORT -DPIC -o .libs/ecc-curves.o
libtool: compile:  gcc -DHAVE_CONFIG_H -I. -I.. -I../src -I../src -I../mpi -I../mpi -I/c/ap13-dcb/gnupg-core-01/builds/libgcrypt-1.12.2-1-02/sdk/usr/include -O2 -g -std=gnu17 -fstack-protector-strong -ffile-prefix-map=C:/ap13-dcb/gnupg-core-01/builds/libgcrypt-1.12.2-1-02=/usr/src/debug/libgcrypt-1.12.2 -fdebug-prefix-map=C:/ap13-dcb/gnupg-core-01/builds/libgcrypt-1.12.2-1-02=/usr/src/debug/libgcrypt-1.12.2 -fmacro-prefix-map=C:/ap13-dcb/gnupg-core-01/builds/libgcrypt-1.12.2-1-02=/usr/src/debug/libgcrypt-1.12.2 -ffile-prefix-map=C:/ag-e138920f/tc-cpp-guard-01=/usr/src/toolchain -fdebug-prefix-map=C:/ag-e138920f/tc-cpp-guard-01=/usr/src/toolchain -fmacro-prefix-map=C:/ag-e138920f/tc-cpp-guard-01=/usr/src/toolchain -ffile-prefix-map=C:/ap10-ca5f/git-full-01/bootstrap=/usr -fdebug-prefix-map=C:/ap10-ca5f/git-full-01/bootstrap=/usr -fmacro-prefix-map=C:/ap10-ca5f/git-full-01/bootstrap=/usr -fno-delete-null-pointer-checks -Wall -MT ecc-curves.lo -MD -MP -MF .deps/ecc-curves.Tpo -c ecc-curves.c -o ecc-curves.o >/dev/null 2>&1
mv -f .deps/ecc-curves.Tpo .deps/ecc-curves.Plo
/bin/sh ../libtool  --tag=CC   --mode=compile gcc -DHAVE_CONFIG_H -I. -I..  -I../src -I../src -I../mpi -I../mpi -I/c/ap13-dcb/gnupg-core-01/builds/libgcrypt-1.12.2-1-02/sdk/usr/include  -O2 -g -std=gnu17 -fstack-protector-strong -ffile-prefix-map=C:/ap13-dcb/gnupg-core-01/builds/libgcrypt-1.12.2-1-02=/usr/src/debug/libgcrypt-1.12.2 -fdebug-prefix-map=C:/ap13-dcb/gnupg-core-01/builds/libgcrypt-1.12.2-1-02=/usr/src/debug/libgcrypt-1.12.2 -fmacro-prefix-map=C:/ap13-dcb/gnupg-core-01/builds/libgcrypt-1.12.2-1-02=/usr/src/debug/libgcrypt-1.12.2 -ffile-prefix-map=C:/ag-e138920f/tc-cpp-guard-01=/usr/src/toolchain -fdebug-prefix-map=C:/ag-e138920f/tc-cpp-guard-01=/usr/src/toolchain -fmacro-prefix-map=C:/ag-e138920f/tc-cpp-guard-01=/usr/src/toolchain -ffile-prefix-map=C:/ap10-ca5f/git-full-01/bootstrap=/usr -fdebug-prefix-map=C:/ap10-ca5f/git-full-01/bootstrap=/usr -fmacro-prefix-map=C:/ap10-ca5f/git-full-01/bootstrap=/usr -fno-delete-null-pointer-checks -Wall -MT ecc-misc.lo -MD -MP -MF .deps/ecc-misc.Tpo -c -o ecc-misc.lo ecc-misc.c
libtool: compile:  gcc -DHAVE_CONFIG_H -I. -I.. -I../src -I../src -I../mpi -I../mpi -I/c/ap13-dcb/gnupg-core-01/builds/libgcrypt-1.12.2-1-02/sdk/usr/include -O2 -g -std=gnu17 -fstack-protector-strong -ffile-prefix-map=C:/ap13-dcb/gnupg-core-01/builds/libgcrypt-1.12.2-1-02=/usr/src/debug/libgcrypt-1.12.2 -fdebug-prefix-map=C:/ap13-dcb/gnupg-core-01/builds/libgcrypt-1.12.2-1-02=/usr/src/debug/libgcrypt-1.12.2 -fmacro-prefix-map=C:/ap13-dcb/gnupg-core-01/builds/libgcrypt-1.12.2-1-02=/usr/src/debug/libgcrypt-1.12.2 -ffile-prefix-map=C:/ag-e138920f/tc-cpp-guard-01=/usr/src/toolchain -fdebug-prefix-map=C:/ag-e138920f/tc-cpp-guard-01=/usr/src/toolchain -fmacro-prefix-map=C:/ag-e138920f/tc-cpp-guard-01=/usr/src/toolchain -ffile-prefix-map=C:/ap10-ca5f/git-full-01/bootstrap=/usr -fdebug-prefix-map=C:/ap10-ca5f/git-full-01/bootstrap=/usr -fmacro-prefix-map=C:/ap10-ca5f/git-full-01/bootstrap=/usr -fno-delete-null-pointer-checks -Wall -MT ecc-misc.lo -MD -MP -MF .deps/ecc-misc.Tpo -c ecc-misc.c  -DDLL_EXPORT -DPIC -o .libs/ecc-misc.o
libtool: compile:  gcc -DHAVE_CONFIG_H -I. -I.. -I../src -I../src -I../mpi -I../mpi -I/c/ap13-dcb/gnupg-core-01/builds/libgcrypt-1.12.2-1-02/sdk/usr/include -O2 -g -std=gnu17 -fstack-protector-strong -ffile-prefix-map=C:/ap13-dcb/gnupg-core-01/builds/libgcrypt-1.12.2-1-02=/usr/src/debug/libgcrypt-1.12.2 -fdebug-prefix-map=C:/ap13-dcb/gnupg-core-01/builds/libgcrypt-1.12.2-1-02=/usr/src/debug/libgcrypt-1.12.2 -fmacro-prefix-map=C:/ap13-dcb/gnupg-core-01/builds/libgcrypt-1.12.2-1-02=/usr/src/debug/libgcrypt-1.12.2 -ffile-prefix-map=C:/ag-e138920f/tc-cpp-guard-01=/usr/src/toolchain -fdebug-prefix-map=C:/ag-e138920f/tc-cpp-guard-01=/usr/src/toolchain -fmacro-prefix-map=C:/ag-e138920f/tc-cpp-guard-01=/usr/src/toolchain -ffile-prefix-map=C:/ap10-ca5f/git-full-01/bootstrap=/usr -fdebug-prefix-map=C:/ap10-ca5f/git-full-01/bootstrap=/usr -fmacro-prefix-map=C:/ap10-ca5f/git-full-01/bootstrap=/usr -fno-delete-null-pointer-checks -Wall -MT ecc-misc.lo -MD -MP -MF .deps/ecc-misc.Tpo -c ecc-misc.c -o ecc-misc.o >/dev/null 2>&1
mv -f .deps/ecc-misc.Tpo .deps/ecc-misc.Plo
/bin/sh ../libtool  --tag=CC   --mode=compile gcc -DHAVE_CONFIG_H -I. -I..  -I../src -I../src -I../mpi -I../mpi -I/c/ap13-dcb/gnupg-core-01/builds/libgcrypt-1.12.2-1-02/sdk/usr/include  -O2 -g -std=gnu17 -fstack-protector-strong -ffile-prefix-map=C:/ap13-dcb/gnupg-core-01/builds/libgcrypt-1.12.2-1-02=/usr/src/debug/libgcrypt-1.12.2 -fdebug-prefix-map=C:/ap13-dcb/gnupg-core-01/builds/libgcrypt-1.12.2-1-02=/usr/src/debug/libgcrypt-1.12.2 -fmacro-prefix-map=C:/ap13-dcb/gnupg-core-01/builds/libgcrypt-1.12.2-1-02=/usr/src/debug/libgcrypt-1.12.2 -ffile-prefix-map=C:/ag-e138920f/tc-cpp-guard-01=/usr/src/toolchain -fdebug-prefix-map=C:/ag-e138920f/tc-cpp-guard-01=/usr/src/toolchain -fmacro-prefix-map=C:/ag-e138920f/tc-cpp-guard-01=/usr/src/toolchain -ffile-prefix-map=C:/ap10-ca5f/git-full-01/bootstrap=/usr -fdebug-prefix-map=C:/ap10-ca5f/git-full-01/bootstrap=/usr -fmacro-prefix-map=C:/ap10-ca5f/git-full-01/bootstrap=/usr -fno-delete-null-pointer-checks -Wall -MT ecc-ecdh.lo -MD -MP -MF .deps/ecc-ecdh.Tpo -c -o ecc-ecdh.lo ecc-ecdh.c
libtool: compile:  gcc -DHAVE_CONFIG_H -I. -I.. -I../src -I../src -I../mpi -I../mpi -I/c/ap13-dcb/gnupg-core-01/builds/libgcrypt-1.12.2-1-02/sdk/usr/include -O2 -g -std=gnu17 -fstack-protector-strong -ffile-prefix-map=C:/ap13-dcb/gnupg-core-01/builds/libgcrypt-1.12.2-1-02=/usr/src/debug/libgcrypt-1.12.2 -fdebug-prefix-map=C:/ap13-dcb/gnupg-core-01/builds/libgcrypt-1.12.2-1-02=/usr/src/debug/libgcrypt-1.12.2 -fmacro-prefix-map=C:/ap13-dcb/gnupg-core-01/builds/libgcrypt-1.12.2-1-02=/usr/src/debug/libgcrypt-1.12.2 -ffile-prefix-map=C:/ag-e138920f/tc-cpp-guard-01=/usr/src/toolchain -fdebug-prefix-map=C:/ag-e138920f/tc-cpp-guard-01=/usr/src/toolchain -fmacro-prefix-map=C:/ag-e138920f/tc-cpp-guard-01=/usr/src/toolchain -ffile-prefix-map=C:/ap10-ca5f/git-full-01/bootstrap=/usr -fdebug-prefix-map=C:/ap10-ca5f/git-full-01/bootstrap=/usr -fmacro-prefix-map=C:/ap10-ca5f/git-full-01/bootstrap=/usr -fno-delete-null-pointer-checks -Wall -MT ecc-ecdh.lo -MD -MP -MF .deps/ecc-ecdh.Tpo -c ecc-ecdh.c  -DDLL_EXPORT -DPIC -o .libs/ecc-ecdh.o
libtool: compile:  gcc -DHAVE_CONFIG_H -I. -I.. -I../src -I../src -I../mpi -I../mpi -I/c/ap13-dcb/gnupg-core-01/builds/libgcrypt-1.12.2-1-02/sdk/usr/include -O2 -g -std=gnu17 -fstack-protector-strong -ffile-prefix-map=C:/ap13-dcb/gnupg-core-01/builds/libgcrypt-1.12.2-1-02=/usr/src/debug/libgcrypt-1.12.2 -fdebug-prefix-map=C:/ap13-dcb/gnupg-core-01/builds/libgcrypt-1.12.2-1-02=/usr/src/debug/libgcrypt-1.12.2 -fmacro-prefix-map=C:/ap13-dcb/gnupg-core-01/builds/libgcrypt-1.12.2-1-02=/usr/src/debug/libgcrypt-1.12.2 -ffile-prefix-map=C:/ag-e138920f/tc-cpp-guard-01=/usr/src/toolchain -fdebug-prefix-map=C:/ag-e138920f/tc-cpp-guard-01=/usr/src/toolchain -fmacro-prefix-map=C:/ag-e138920f/tc-cpp-guard-01=/usr/src/toolchain -ffile-prefix-map=C:/ap10-ca5f/git-full-01/bootstrap=/usr -fdebug-prefix-map=C:/ap10-ca5f/git-full-01/bootstrap=/usr -fmacro-prefix-map=C:/ap10-ca5f/git-full-01/bootstrap=/usr -fno-delete-null-pointer-checks -Wall -MT ecc-ecdh.lo -MD -MP -MF .deps/ecc-ecdh.Tpo -c ecc-ecdh.c -o ecc-ecdh.o >/dev/null 2>&1
mv -f .deps/ecc-ecdh.Tpo .deps/ecc-ecdh.Plo
/bin/sh ../libtool  --tag=CC   --mode=compile gcc -DHAVE_CONFIG_H -I. -I..  -I../src -I../src -I../mpi -I../mpi -I/c/ap13-dcb/gnupg-core-01/builds/libgcrypt-1.12.2-1-02/sdk/usr/include  -O2 -g -std=gnu17 -fstack-protector-strong -ffile-prefix-map=C:/ap13-dcb/gnupg-core-01/builds/libgcrypt-1.12.2-1-02=/usr/src/debug/libgcrypt-1.12.2 -fdebug-prefix-map=C:/ap13-dcb/gnupg-core-01/builds/libgcrypt-1.12.2-1-02=/usr/src/debug/libgcrypt-1.12.2 -fmacro-prefix-map=C:/ap13-dcb/gnupg-core-01/builds/libgcrypt-1.12.2-1-02=/usr/src/debug/libgcrypt-1.12.2 -ffile-prefix-map=C:/ag-e138920f/tc-cpp-guard-01=/usr/src/toolchain -fdebug-prefix-map=C:/ag-e138920f/tc-cpp-guard-01=/usr/src/toolchain -fmacro-prefix-map=C:/ag-e138920f/tc-cpp-guard-01=/usr/src/toolchain -ffile-prefix-map=C:/ap10-ca5f/git-full-01/bootstrap=/usr -fdebug-prefix-map=C:/ap10-ca5f/git-full-01/bootstrap=/usr -fmacro-prefix-map=C:/ap10-ca5f/git-full-01/bootstrap=/usr -fno-delete-null-pointer-checks -Wall -MT ecc-ecdsa.lo -MD -MP -MF .deps/ecc-ecdsa.Tpo -c -o ecc-ecdsa.lo ecc-ecdsa.c
libtool: compile:  gcc -DHAVE_CONFIG_H -I. -I.. -I../src -I../src -I../mpi -I../mpi -I/c/ap13-dcb/gnupg-core-01/builds/libgcrypt-1.12.2-1-02/sdk/usr/include -O2 -g -std=gnu17 -fstack-protector-strong -ffile-prefix-map=C:/ap13-dcb/gnupg-core-01/builds/libgcrypt-1.12.2-1-02=/usr/src/debug/libgcrypt-1.12.2 -fdebug-prefix-map=C:/ap13-dcb/gnupg-core-01/builds/libgcrypt-1.12.2-1-02=/usr/src/debug/libgcrypt-1.12.2 -fmacro-prefix-map=C:/ap13-dcb/gnupg-core-01/builds/libgcrypt-1.12.2-1-02=/usr/src/debug/libgcrypt-1.12.2 -ffile-prefix-map=C:/ag-e138920f/tc-cpp-guard-01=/usr/src/toolchain -fdebug-prefix-map=C:/ag-e138920f/tc-cpp-guard-01=/usr/src/toolchain -fmacro-prefix-map=C:/ag-e138920f/tc-cpp-guard-01=/usr/src/toolchain -ffile-prefix-map=C:/ap10-ca5f/git-full-01/bootstrap=/usr -fdebug-prefix-map=C:/ap10-ca5f/git-full-01/bootstrap=/usr -fmacro-prefix-map=C:/ap10-ca5f/git-full-01/bootstrap=/usr -fno-delete-null-pointer-checks -Wall -MT ecc-ecdsa.lo -MD -MP -MF .deps/ecc-ecdsa.Tpo -c ecc-ecdsa.c  -DDLL_EXPORT -DPIC -o .libs/ecc-ecdsa.o
libtool: compile:  gcc -DHAVE_CONFIG_H -I. -I.. -I../src -I../src -I../mpi -I../mpi -I/c/ap13-dcb/gnupg-core-01/builds/libgcrypt-1.12.2-1-02/sdk/usr/include -O2 -g -std=gnu17 -fstack-protector-strong -ffile-prefix-map=C:/ap13-dcb/gnupg-core-01/builds/libgcrypt-1.12.2-1-02=/usr/src/debug/libgcrypt-1.12.2 -fdebug-prefix-map=C:/ap13-dcb/gnupg-core-01/builds/libgcrypt-1.12.2-1-02=/usr/src/debug/libgcrypt-1.12.2 -fmacro-prefix-map=C:/ap13-dcb/gnupg-core-01/builds/libgcrypt-1.12.2-1-02=/usr/src/debug/libgcrypt-1.12.2 -ffile-prefix-map=C:/ag-e138920f/tc-cpp-guard-01=/usr/src/toolchain -fdebug-prefix-map=C:/ag-e138920f/tc-cpp-guard-01=/usr/src/toolchain -fmacro-prefix-map=C:/ag-e138920f/tc-cpp-guard-01=/usr/src/toolchain -ffile-prefix-map=C:/ap10-ca5f/git-full-01/bootstrap=/usr -fdebug-prefix-map=C:/ap10-ca5f/git-full-01/bootstrap=/usr -fmacro-prefix-map=C:/ap10-ca5f/git-full-01/bootstrap=/usr -fno-delete-null-pointer-checks -Wall -MT ecc-ecdsa.lo -MD -MP -MF .deps/ecc-ecdsa.Tpo -c ecc-ecdsa.c -o ecc-ecdsa.o >/dev/null 2>&1
mv -f .deps/ecc-ecdsa.Tpo .deps/ecc-ecdsa.Plo
/bin/sh ../libtool  --tag=CC   --mode=compile gcc -DHAVE_CONFIG_H -I. -I..  -I../src -I../src -I../mpi -I../mpi -I/c/ap13-dcb/gnupg-core-01/builds/libgcrypt-1.12.2-1-02/sdk/usr/include  -O2 -g -std=gnu17 -fstack-protector-strong -ffile-prefix-map=C:/ap13-dcb/gnupg-core-01/builds/libgcrypt-1.12.2-1-02=/usr/src/debug/libgcrypt-1.12.2 -fdebug-prefix-map=C:/ap13-dcb/gnupg-core-01/builds/libgcrypt-1.12.2-1-02=/usr/src/debug/libgcrypt-1.12.2 -fmacro-prefix-map=C:/ap13-dcb/gnupg-core-01/builds/libgcrypt-1.12.2-1-02=/usr/src/debug/libgcrypt-1.12.2 -ffile-prefix-map=C:/ag-e138920f/tc-cpp-guard-01=/usr/src/toolchain -fdebug-prefix-map=C:/ag-e138920f/tc-cpp-guard-01=/usr/src/toolchain -fmacro-prefix-map=C:/ag-e138920f/tc-cpp-guard-01=/usr/src/toolchain -ffile-prefix-map=C:/ap10-ca5f/git-full-01/bootstrap=/usr -fdebug-prefix-map=C:/ap10-ca5f/git-full-01/bootstrap=/usr -fmacro-prefix-map=C:/ap10-ca5f/git-full-01/bootstrap=/usr -fno-delete-null-pointer-checks -Wall -MT ecc-eddsa.lo -MD -MP -MF .deps/ecc-eddsa.Tpo -c -o ecc-eddsa.lo ecc-eddsa.c
libtool: compile:  gcc -DHAVE_CONFIG_H -I. -I.. -I../src -I../src -I../mpi -I../mpi -I/c/ap13-dcb/gnupg-core-01/builds/libgcrypt-1.12.2-1-02/sdk/usr/include -O2 -g -std=gnu17 -fstack-protector-strong -ffile-prefix-map=C:/ap13-dcb/gnupg-core-01/builds/libgcrypt-1.12.2-1-02=/usr/src/debug/libgcrypt-1.12.2 -fdebug-prefix-map=C:/ap13-dcb/gnupg-core-01/builds/libgcrypt-1.12.2-1-02=/usr/src/debug/libgcrypt-1.12.2 -fmacro-prefix-map=C:/ap13-dcb/gnupg-core-01/builds/libgcrypt-1.12.2-1-02=/usr/src/debug/libgcrypt-1.12.2 -ffile-prefix-map=C:/ag-e138920f/tc-cpp-guard-01=/usr/src/toolchain -fdebug-prefix-map=C:/ag-e138920f/tc-cpp-guard-01=/usr/src/toolchain -fmacro-prefix-map=C:/ag-e138920f/tc-cpp-guard-01=/usr/src/toolchain -ffile-prefix-map=C:/ap10-ca5f/git-full-01/bootstrap=/usr -fdebug-prefix-map=C:/ap10-ca5f/git-full-01/bootstrap=/usr -fmacro-prefix-map=C:/ap10-ca5f/git-full-01/bootstrap=/usr -fno-delete-null-pointer-checks -Wall -MT ecc-eddsa.lo -MD -MP -MF .deps/ecc-eddsa.Tpo -c ecc-eddsa.c  -DDLL_EXPORT -DPIC -o .libs/ecc-eddsa.o
libtool: compile:  gcc -DHAVE_CONFIG_H -I. -I.. -I../src -I../src -I../mpi -I../mpi -I/c/ap13-dcb/gnupg-core-01/builds/libgcrypt-1.12.2-1-02/sdk/usr/include -O2 -g -std=gnu17 -fstack-protector-strong -ffile-prefix-map=C:/ap13-dcb/gnupg-core-01/builds/libgcrypt-1.12.2-1-02=/usr/src/debug/libgcrypt-1.12.2 -fdebug-prefix-map=C:/ap13-dcb/gnupg-core-01/builds/libgcrypt-1.12.2-1-02=/usr/src/debug/libgcrypt-1.12.2 -fmacro-prefix-map=C:/ap13-dcb/gnupg-core-01/builds/libgcrypt-1.12.2-1-02=/usr/src/debug/libgcrypt-1.12.2 -ffile-prefix-map=C:/ag-e138920f/tc-cpp-guard-01=/usr/src/toolchain -fdebug-prefix-map=C:/ag-e138920f/tc-cpp-guard-01=/usr/src/toolchain -fmacro-prefix-map=C:/ag-e138920f/tc-cpp-guard-01=/usr/src/toolchain -ffile-prefix-map=C:/ap10-ca5f/git-full-01/bootstrap=/usr -fdebug-prefix-map=C:/ap10-ca5f/git-full-01/bootstrap=/usr -fmacro-prefix-map=C:/ap10-ca5f/git-full-01/bootstrap=/usr -fno-delete-null-pointer-checks -Wall -MT ecc-eddsa.lo -MD -MP -MF .deps/ecc-eddsa.Tpo -c ecc-eddsa.c -o ecc-eddsa.o >/dev/null 2>&1
mv -f .deps/ecc-eddsa.Tpo .deps/ecc-eddsa.Plo
/bin/sh ../libtool  --tag=CC   --mode=compile gcc -DHAVE_CONFIG_H -I. -I..  -I../src -I../src -I../mpi -I../mpi -I/c/ap13-dcb/gnupg-core-01/builds/libgcrypt-1.12.2-1-02/sdk/usr/include  -O2 -g -std=gnu17 -fstack-protector-strong -ffile-prefix-map=C:/ap13-dcb/gnupg-core-01/builds/libgcrypt-1.12.2-1-02=/usr/src/debug/libgcrypt-1.12.2 -fdebug-prefix-map=C:/ap13-dcb/gnupg-core-01/builds/libgcrypt-1.12.2-1-02=/usr/src/debug/libgcrypt-1.12.2 -fmacro-prefix-map=C:/ap13-dcb/gnupg-core-01/builds/libgcrypt-1.12.2-1-02=/usr/src/debug/libgcrypt-1.12.2 -ffile-prefix-map=C:/ag-e138920f/tc-cpp-guard-01=/usr/src/toolchain -fdebug-prefix-map=C:/ag-e138920f/tc-cpp-guard-01=/usr/src/toolchain -fmacro-prefix-map=C:/ag-e138920f/tc-cpp-guard-01=/usr/src/toolchain -ffile-prefix-map=C:/ap10-ca5f/git-full-01/bootstrap=/usr -fdebug-prefix-map=C:/ap10-ca5f/git-full-01/bootstrap=/usr -fmacro-prefix-map=C:/ap10-ca5f/git-full-01/bootstrap=/usr -fno-delete-null-pointer-checks -Wall -MT ecc-gost.lo -MD -MP -MF .deps/ecc-gost.Tpo -c -o ecc-gost.lo ecc-gost.c
libtool: compile:  gcc -DHAVE_CONFIG_H -I. -I.. -I../src -I../src -I../mpi -I../mpi -I/c/ap13-dcb/gnupg-core-01/builds/libgcrypt-1.12.2-1-02/sdk/usr/include -O2 -g -std=gnu17 -fstack-protector-strong -ffile-prefix-map=C:/ap13-dcb/gnupg-core-01/builds/libgcrypt-1.12.2-1-02=/usr/src/debug/libgcrypt-1.12.2 -fdebug-prefix-map=C:/ap13-dcb/gnupg-core-01/builds/libgcrypt-1.12.2-1-02=/usr/src/debug/libgcrypt-1.12.2 -fmacro-prefix-map=C:/ap13-dcb/gnupg-core-01/builds/libgcrypt-1.12.2-1-02=/usr/src/debug/libgcrypt-1.12.2 -ffile-prefix-map=C:/ag-e138920f/tc-cpp-guard-01=/usr/src/toolchain -fdebug-prefix-map=C:/ag-e138920f/tc-cpp-guard-01=/usr/src/toolchain -fmacro-prefix-map=C:/ag-e138920f/tc-cpp-guard-01=/usr/src/toolchain -ffile-prefix-map=C:/ap10-ca5f/git-full-01/bootstrap=/usr -fdebug-prefix-map=C:/ap10-ca5f/git-full-01/bootstrap=/usr -fmacro-prefix-map=C:/ap10-ca5f/git-full-01/bootstrap=/usr -fno-delete-null-pointer-checks -Wall -MT ecc-gost.lo -MD -MP -MF .deps/ecc-gost.Tpo -c ecc-gost.c  -DDLL_EXPORT -DPIC -o .libs/ecc-gost.o
libtool: compile:  gcc -DHAVE_CONFIG_H -I. -I.. -I../src -I../src -I../mpi -I../mpi -I/c/ap13-dcb/gnupg-core-01/builds/libgcrypt-1.12.2-1-02/sdk/usr/include -O2 -g -std=gnu17 -fstack-protector-strong -ffile-prefix-map=C:/ap13-dcb/gnupg-core-01/builds/libgcrypt-1.12.2-1-02=/usr/src/debug/libgcrypt-1.12.2 -fdebug-prefix-map=C:/ap13-dcb/gnupg-core-01/builds/libgcrypt-1.12.2-1-02=/usr/src/debug/libgcrypt-1.12.2 -fmacro-prefix-map=C:/ap13-dcb/gnupg-core-01/builds/libgcrypt-1.12.2-1-02=/usr/src/debug/libgcrypt-1.12.2 -ffile-prefix-map=C:/ag-e138920f/tc-cpp-guard-01=/usr/src/toolchain -fdebug-prefix-map=C:/ag-e138920f/tc-cpp-guard-01=/usr/src/toolchain -fmacro-prefix-map=C:/ag-e138920f/tc-cpp-guard-01=/usr/src/toolchain -ffile-prefix-map=C:/ap10-ca5f/git-full-01/bootstrap=/usr -fdebug-prefix-map=C:/ap10-ca5f/git-full-01/bootstrap=/usr -fmacro-prefix-map=C:/ap10-ca5f/git-full-01/bootstrap=/usr -fno-delete-null-pointer-checks -Wall -MT ecc-gost.lo -MD -MP -MF .deps/ecc-gost.Tpo -c ecc-gost.c -o ecc-gost.o >/dev/null 2>&1
mv -f .deps/ecc-gost.Tpo .deps/ecc-gost.Plo
/bin/sh ../libtool  --tag=CC   --mode=compile gcc -DHAVE_CONFIG_H -I. -I..  -I../src -I../src -I../mpi -I../mpi -I/c/ap13-dcb/gnupg-core-01/builds/libgcrypt-1.12.2-1-02/sdk/usr/include  -O2 -g -std=gnu17 -fstack-protector-strong -ffile-prefix-map=C:/ap13-dcb/gnupg-core-01/builds/libgcrypt-1.12.2-1-02=/usr/src/debug/libgcrypt-1.12.2 -fdebug-prefix-map=C:/ap13-dcb/gnupg-core-01/builds/libgcrypt-1.12.2-1-02=/usr/src/debug/libgcrypt-1.12.2 -fmacro-prefix-map=C:/ap13-dcb/gnupg-core-01/builds/libgcrypt-1.12.2-1-02=/usr/src/debug/libgcrypt-1.12.2 -ffile-prefix-map=C:/ag-e138920f/tc-cpp-guard-01=/usr/src/toolchain -fdebug-prefix-map=C:/ag-e138920f/tc-cpp-guard-01=/usr/src/toolchain -fmacro-prefix-map=C:/ag-e138920f/tc-cpp-guard-01=/usr/src/toolchain -ffile-prefix-map=C:/ap10-ca5f/git-full-01/bootstrap=/usr -fdebug-prefix-map=C:/ap10-ca5f/git-full-01/bootstrap=/usr -fmacro-prefix-map=C:/ap10-ca5f/git-full-01/bootstrap=/usr -fno-delete-null-pointer-checks -Wall -MT ecc-sm2.lo -MD -MP -MF .deps/ecc-sm2.Tpo -c -o ecc-sm2.lo ecc-sm2.c
libtool: compile:  gcc -DHAVE_CONFIG_H -I. -I.. -I../src -I../src -I../mpi -I../mpi -I/c/ap13-dcb/gnupg-core-01/builds/libgcrypt-1.12.2-1-02/sdk/usr/include -O2 -g -std=gnu17 -fstack-protector-strong -ffile-prefix-map=C:/ap13-dcb/gnupg-core-01/builds/libgcrypt-1.12.2-1-02=/usr/src/debug/libgcrypt-1.12.2 -fdebug-prefix-map=C:/ap13-dcb/gnupg-core-01/builds/libgcrypt-1.12.2-1-02=/usr/src/debug/libgcrypt-1.12.2 -fmacro-prefix-map=C:/ap13-dcb/gnupg-core-01/builds/libgcrypt-1.12.2-1-02=/usr/src/debug/libgcrypt-1.12.2 -ffile-prefix-map=C:/ag-e138920f/tc-cpp-guard-01=/usr/src/toolchain -fdebug-prefix-map=C:/ag-e138920f/tc-cpp-guard-01=/usr/src/toolchain -fmacro-prefix-map=C:/ag-e138920f/tc-cpp-guard-01=/usr/src/toolchain -ffile-prefix-map=C:/ap10-ca5f/git-full-01/bootstrap=/usr -fdebug-prefix-map=C:/ap10-ca5f/git-full-01/bootstrap=/usr -fmacro-prefix-map=C:/ap10-ca5f/git-full-01/bootstrap=/usr -fno-delete-null-pointer-checks -Wall -MT ecc-sm2.lo -MD -MP -MF .deps/ecc-sm2.Tpo -c ecc-sm2.c  -DDLL_EXPORT -DPIC -o .libs/ecc-sm2.o
libtool: compile:  gcc -DHAVE_CONFIG_H -I. -I.. -I../src -I../src -I../mpi -I../mpi -I/c/ap13-dcb/gnupg-core-01/builds/libgcrypt-1.12.2-1-02/sdk/usr/include -O2 -g -std=gnu17 -fstack-protector-strong -ffile-prefix-map=C:/ap13-dcb/gnupg-core-01/builds/libgcrypt-1.12.2-1-02=/usr/src/debug/libgcrypt-1.12.2 -fdebug-prefix-map=C:/ap13-dcb/gnupg-core-01/builds/libgcrypt-1.12.2-1-02=/usr/src/debug/libgcrypt-1.12.2 -fmacro-prefix-map=C:/ap13-dcb/gnupg-core-01/builds/libgcrypt-1.12.2-1-02=/usr/src/debug/libgcrypt-1.12.2 -ffile-prefix-map=C:/ag-e138920f/tc-cpp-guard-01=/usr/src/toolchain -fdebug-prefix-map=C:/ag-e138920f/tc-cpp-guard-01=/usr/src/toolchain -fmacro-prefix-map=C:/ag-e138920f/tc-cpp-guard-01=/usr/src/toolchain -ffile-prefix-map=C:/ap10-ca5f/git-full-01/bootstrap=/usr -fdebug-prefix-map=C:/ap10-ca5f/git-full-01/bootstrap=/usr -fmacro-prefix-map=C:/ap10-ca5f/git-full-01/bootstrap=/usr -fno-delete-null-pointer-checks -Wall -MT ecc-sm2.lo -MD -MP -MF .deps/ecc-sm2.Tpo -c ecc-sm2.c -o ecc-sm2.o >/dev/null 2>&1
mv -f .deps/ecc-sm2.Tpo .deps/ecc-sm2.Plo
/bin/sh ../libtool  --tag=CC   --mode=compile gcc -DHAVE_CONFIG_H -I. -I..  -I../src -I../src -I../mpi -I../mpi -I/c/ap13-dcb/gnupg-core-01/builds/libgcrypt-1.12.2-1-02/sdk/usr/include  -O2 -g -std=gnu17 -fstack-protector-strong -ffile-prefix-map=C:/ap13-dcb/gnupg-core-01/builds/libgcrypt-1.12.2-1-02=/usr/src/debug/libgcrypt-1.12.2 -fdebug-prefix-map=C:/ap13-dcb/gnupg-core-01/builds/libgcrypt-1.12.2-1-02=/usr/src/debug/libgcrypt-1.12.2 -fmacro-prefix-map=C:/ap13-dcb/gnupg-core-01/builds/libgcrypt-1.12.2-1-02=/usr/src/debug/libgcrypt-1.12.2 -ffile-prefix-map=C:/ag-e138920f/tc-cpp-guard-01=/usr/src/toolchain -fdebug-prefix-map=C:/ag-e138920f/tc-cpp-guard-01=/usr/src/toolchain -fmacro-prefix-map=C:/ag-e138920f/tc-cpp-guard-01=/usr/src/toolchain -ffile-prefix-map=C:/ap10-ca5f/git-full-01/bootstrap=/usr -fdebug-prefix-map=C:/ap10-ca5f/git-full-01/bootstrap=/usr -fmacro-prefix-map=C:/ap10-ca5f/git-full-01/bootstrap=/usr -fno-delete-null-pointer-checks -Wall -MT kyber.lo -MD -MP -MF .deps/kyber.Tpo -c -o kyber.lo kyber.c
libtool: compile:  gcc -DHAVE_CONFIG_H -I. -I.. -I../src -I../src -I../mpi -I../mpi -I/c/ap13-dcb/gnupg-core-01/builds/libgcrypt-1.12.2-1-02/sdk/usr/include -O2 -g -std=gnu17 -fstack-protector-strong -ffile-prefix-map=C:/ap13-dcb/gnupg-core-01/builds/libgcrypt-1.12.2-1-02=/usr/src/debug/libgcrypt-1.12.2 -fdebug-prefix-map=C:/ap13-dcb/gnupg-core-01/builds/libgcrypt-1.12.2-1-02=/usr/src/debug/libgcrypt-1.12.2 -fmacro-prefix-map=C:/ap13-dcb/gnupg-core-01/builds/libgcrypt-1.12.2-1-02=/usr/src/debug/libgcrypt-1.12.2 -ffile-prefix-map=C:/ag-e138920f/tc-cpp-guard-01=/usr/src/toolchain -fdebug-prefix-map=C:/ag-e138920f/tc-cpp-guard-01=/usr/src/toolchain -fmacro-prefix-map=C:/ag-e138920f/tc-cpp-guard-01=/usr/src/toolchain -ffile-prefix-map=C:/ap10-ca5f/git-full-01/bootstrap=/usr -fdebug-prefix-map=C:/ap10-ca5f/git-full-01/bootstrap=/usr -fmacro-prefix-map=C:/ap10-ca5f/git-full-01/bootstrap=/usr -fno-delete-null-pointer-checks -Wall -MT kyber.lo -MD -MP -MF .deps/kyber.Tpo -c kyber.c  -DDLL_EXPORT -DPIC -o .libs/kyber.o
libtool: compile:  gcc -DHAVE_CONFIG_H -I. -I.. -I../src -I../src -I../mpi -I../mpi -I/c/ap13-dcb/gnupg-core-01/builds/libgcrypt-1.12.2-1-02/sdk/usr/include -O2 -g -std=gnu17 -fstack-protector-strong -ffile-prefix-map=C:/ap13-dcb/gnupg-core-01/builds/libgcrypt-1.12.2-1-02=/usr/src/debug/libgcrypt-1.12.2 -fdebug-prefix-map=C:/ap13-dcb/gnupg-core-01/builds/libgcrypt-1.12.2-1-02=/usr/src/debug/libgcrypt-1.12.2 -fmacro-prefix-map=C:/ap13-dcb/gnupg-core-01/builds/libgcrypt-1.12.2-1-02=/usr/src/debug/libgcrypt-1.12.2 -ffile-prefix-map=C:/ag-e138920f/tc-cpp-guard-01=/usr/src/toolchain -fdebug-prefix-map=C:/ag-e138920f/tc-cpp-guard-01=/usr/src/toolchain -fmacro-prefix-map=C:/ag-e138920f/tc-cpp-guard-01=/usr/src/toolchain -ffile-prefix-map=C:/ap10-ca5f/git-full-01/bootstrap=/usr -fdebug-prefix-map=C:/ap10-ca5f/git-full-01/bootstrap=/usr -fmacro-prefix-map=C:/ap10-ca5f/git-full-01/bootstrap=/usr -fno-delete-null-pointer-checks -Wall -MT kyber.lo -MD -MP -MF .deps/kyber.Tpo -c kyber.c -o kyber.o >/dev/null 2>&1
mv -f .deps/kyber.Tpo .deps/kyber.Plo
/bin/sh ../libtool  --tag=CC   --mode=compile gcc -DHAVE_CONFIG_H -I. -I..  -I../src -I../src -I../mpi -I../mpi -I/c/ap13-dcb/gnupg-core-01/builds/libgcrypt-1.12.2-1-02/sdk/usr/include  -O2 -g -std=gnu17 -fstack-protector-strong -ffile-prefix-map=C:/ap13-dcb/gnupg-core-01/builds/libgcrypt-1.12.2-1-02=/usr/src/debug/libgcrypt-1.12.2 -fdebug-prefix-map=C:/ap13-dcb/gnupg-core-01/builds/libgcrypt-1.12.2-1-02=/usr/src/debug/libgcrypt-1.12.2 -fmacro-prefix-map=C:/ap13-dcb/gnupg-core-01/builds/libgcrypt-1.12.2-1-02=/usr/src/debug/libgcrypt-1.12.2 -ffile-prefix-map=C:/ag-e138920f/tc-cpp-guard-01=/usr/src/toolchain -fdebug-prefix-map=C:/ag-e138920f/tc-cpp-guard-01=/usr/src/toolchain -fmacro-prefix-map=C:/ag-e138920f/tc-cpp-guard-01=/usr/src/toolchain -ffile-prefix-map=C:/ap10-ca5f/git-full-01/bootstrap=/usr -fdebug-prefix-map=C:/ap10-ca5f/git-full-01/bootstrap=/usr -fmacro-prefix-map=C:/ap10-ca5f/git-full-01/bootstrap=/usr -fno-delete-null-pointer-checks -Wall -MT dilithium.lo -MD -MP -MF .deps/dilithium.Tpo -c -o dilithium.lo dilithium.c
libtool: compile:  gcc -DHAVE_CONFIG_H -I. -I.. -I../src -I../src -I../mpi -I../mpi -I/c/ap13-dcb/gnupg-core-01/builds/libgcrypt-1.12.2-1-02/sdk/usr/include -O2 -g -std=gnu17 -fstack-protector-strong -ffile-prefix-map=C:/ap13-dcb/gnupg-core-01/builds/libgcrypt-1.12.2-1-02=/usr/src/debug/libgcrypt-1.12.2 -fdebug-prefix-map=C:/ap13-dcb/gnupg-core-01/builds/libgcrypt-1.12.2-1-02=/usr/src/debug/libgcrypt-1.12.2 -fmacro-prefix-map=C:/ap13-dcb/gnupg-core-01/builds/libgcrypt-1.12.2-1-02=/usr/src/debug/libgcrypt-1.12.2 -ffile-prefix-map=C:/ag-e138920f/tc-cpp-guard-01=/usr/src/toolchain -fdebug-prefix-map=C:/ag-e138920f/tc-cpp-guard-01=/usr/src/toolchain -fmacro-prefix-map=C:/ag-e138920f/tc-cpp-guard-01=/usr/src/toolchain -ffile-prefix-map=C:/ap10-ca5f/git-full-01/bootstrap=/usr -fdebug-prefix-map=C:/ap10-ca5f/git-full-01/bootstrap=/usr -fmacro-prefix-map=C:/ap10-ca5f/git-full-01/bootstrap=/usr -fno-delete-null-pointer-checks -Wall -MT dilithium.lo -MD -MP -MF .deps/dilithium.Tpo -c dilithium.c  -DDLL_EXPORT -DPIC -o .libs/dilithium.o
libtool: compile:  gcc -DHAVE_CONFIG_H -I. -I.. -I../src -I../src -I../mpi -I../mpi -I/c/ap13-dcb/gnupg-core-01/builds/libgcrypt-1.12.2-1-02/sdk/usr/include -O2 -g -std=gnu17 -fstack-protector-strong -ffile-prefix-map=C:/ap13-dcb/gnupg-core-01/builds/libgcrypt-1.12.2-1-02=/usr/src/debug/libgcrypt-1.12.2 -fdebug-prefix-map=C:/ap13-dcb/gnupg-core-01/builds/libgcrypt-1.12.2-1-02=/usr/src/debug/libgcrypt-1.12.2 -fmacro-prefix-map=C:/ap13-dcb/gnupg-core-01/builds/libgcrypt-1.12.2-1-02=/usr/src/debug/libgcrypt-1.12.2 -ffile-prefix-map=C:/ag-e138920f/tc-cpp-guard-01=/usr/src/toolchain -fdebug-prefix-map=C:/ag-e138920f/tc-cpp-guard-01=/usr/src/toolchain -fmacro-prefix-map=C:/ag-e138920f/tc-cpp-guard-01=/usr/src/toolchain -ffile-prefix-map=C:/ap10-ca5f/git-full-01/bootstrap=/usr -fdebug-prefix-map=C:/ap10-ca5f/git-full-01/bootstrap=/usr -fmacro-prefix-map=C:/ap10-ca5f/git-full-01/bootstrap=/usr -fno-delete-null-pointer-checks -Wall -MT dilithium.lo -MD -MP -MF .deps/dilithium.Tpo -c dilithium.c -o dilithium.o >/dev/null 2>&1
mv -f .deps/dilithium.Tpo .deps/dilithium.Plo
/bin/sh ../libtool  --tag=CC   --mode=compile gcc -DHAVE_CONFIG_H -I. -I..  -I../src -I../src -I../mpi -I../mpi -I/c/ap13-dcb/gnupg-core-01/builds/libgcrypt-1.12.2-1-02/sdk/usr/include  -O2 -g -std=gnu17 -fstack-protector-strong -ffile-prefix-map=C:/ap13-dcb/gnupg-core-01/builds/libgcrypt-1.12.2-1-02=/usr/src/debug/libgcrypt-1.12.2 -fdebug-prefix-map=C:/ap13-dcb/gnupg-core-01/builds/libgcrypt-1.12.2-1-02=/usr/src/debug/libgcrypt-1.12.2 -fmacro-prefix-map=C:/ap13-dcb/gnupg-core-01/builds/libgcrypt-1.12.2-1-02=/usr/src/debug/libgcrypt-1.12.2 -ffile-prefix-map=C:/ag-e138920f/tc-cpp-guard-01=/usr/src/toolchain -fdebug-prefix-map=C:/ag-e138920f/tc-cpp-guard-01=/usr/src/toolchain -fmacro-prefix-map=C:/ag-e138920f/tc-cpp-guard-01=/usr/src/toolchain -ffile-prefix-map=C:/ap10-ca5f/git-full-01/bootstrap=/usr -fdebug-prefix-map=C:/ap10-ca5f/git-full-01/bootstrap=/usr -fmacro-prefix-map=C:/ap10-ca5f/git-full-01/bootstrap=/usr -fno-delete-null-pointer-checks -Wall -MT pubkey-dilithium.lo -MD -MP -MF .deps/pubkey-dilithium.Tpo -c -o pubkey-dilithium.lo pubkey-dilithium.c
libtool: compile:  gcc -DHAVE_CONFIG_H -I. -I.. -I../src -I../src -I../mpi -I../mpi -I/c/ap13-dcb/gnupg-core-01/builds/libgcrypt-1.12.2-1-02/sdk/usr/include -O2 -g -std=gnu17 -fstack-protector-strong -ffile-prefix-map=C:/ap13-dcb/gnupg-core-01/builds/libgcrypt-1.12.2-1-02=/usr/src/debug/libgcrypt-1.12.2 -fdebug-prefix-map=C:/ap13-dcb/gnupg-core-01/builds/libgcrypt-1.12.2-1-02=/usr/src/debug/libgcrypt-1.12.2 -fmacro-prefix-map=C:/ap13-dcb/gnupg-core-01/builds/libgcrypt-1.12.2-1-02=/usr/src/debug/libgcrypt-1.12.2 -ffile-prefix-map=C:/ag-e138920f/tc-cpp-guard-01=/usr/src/toolchain -fdebug-prefix-map=C:/ag-e138920f/tc-cpp-guard-01=/usr/src/toolchain -fmacro-prefix-map=C:/ag-e138920f/tc-cpp-guard-01=/usr/src/toolchain -ffile-prefix-map=C:/ap10-ca5f/git-full-01/bootstrap=/usr -fdebug-prefix-map=C:/ap10-ca5f/git-full-01/bootstrap=/usr -fmacro-prefix-map=C:/ap10-ca5f/git-full-01/bootstrap=/usr -fno-delete-null-pointer-checks -Wall -MT pubkey-dilithium.lo -MD -MP -MF .deps/pubkey-dilithium.Tpo -c pubkey-dilithium.c  -DDLL_EXPORT -DPIC -o .libs/pubkey-dilithium.o
libtool: compile:  gcc -DHAVE_CONFIG_H -I. -I.. -I../src -I../src -I../mpi -I../mpi -I/c/ap13-dcb/gnupg-core-01/builds/libgcrypt-1.12.2-1-02/sdk/usr/include -O2 -g -std=gnu17 -fstack-protector-strong -ffile-prefix-map=C:/ap13-dcb/gnupg-core-01/builds/libgcrypt-1.12.2-1-02=/usr/src/debug/libgcrypt-1.12.2 -fdebug-prefix-map=C:/ap13-dcb/gnupg-core-01/builds/libgcrypt-1.12.2-1-02=/usr/src/debug/libgcrypt-1.12.2 -fmacro-prefix-map=C:/ap13-dcb/gnupg-core-01/builds/libgcrypt-1.12.2-1-02=/usr/src/debug/libgcrypt-1.12.2 -ffile-prefix-map=C:/ag-e138920f/tc-cpp-guard-01=/usr/src/toolchain -fdebug-prefix-map=C:/ag-e138920f/tc-cpp-guard-01=/usr/src/toolchain -fmacro-prefix-map=C:/ag-e138920f/tc-cpp-guard-01=/usr/src/toolchain -ffile-prefix-map=C:/ap10-ca5f/git-full-01/bootstrap=/usr -fdebug-prefix-map=C:/ap10-ca5f/git-full-01/bootstrap=/usr -fmacro-prefix-map=C:/ap10-ca5f/git-full-01/bootstrap=/usr -fno-delete-null-pointer-checks -Wall -MT pubkey-dilithium.lo -MD -MP -MF .deps/pubkey-dilithium.Tpo -c pubkey-dilithium.c -o pubkey-dilithium.o >/dev/null 2>&1
mv -f .deps/pubkey-dilithium.Tpo .deps/pubkey-dilithium.Plo
/bin/sh ../libtool  --tag=CC   --mode=compile gcc -DHAVE_CONFIG_H -I. -I..  -I../src -I../src -I../mpi -I../mpi -I/c/ap13-dcb/gnupg-core-01/builds/libgcrypt-1.12.2-1-02/sdk/usr/include  -O2 -g -std=gnu17 -fstack-protector-strong -ffile-prefix-map=C:/ap13-dcb/gnupg-core-01/builds/libgcrypt-1.12.2-1-02=/usr/src/debug/libgcrypt-1.12.2 -fdebug-prefix-map=C:/ap13-dcb/gnupg-core-01/builds/libgcrypt-1.12.2-1-02=/usr/src/debug/libgcrypt-1.12.2 -fmacro-prefix-map=C:/ap13-dcb/gnupg-core-01/builds/libgcrypt-1.12.2-1-02=/usr/src/debug/libgcrypt-1.12.2 -ffile-prefix-map=C:/ag-e138920f/tc-cpp-guard-01=/usr/src/toolchain -fdebug-prefix-map=C:/ag-e138920f/tc-cpp-guard-01=/usr/src/toolchain -fmacro-prefix-map=C:/ag-e138920f/tc-cpp-guard-01=/usr/src/toolchain -ffile-prefix-map=C:/ap10-ca5f/git-full-01/bootstrap=/usr -fdebug-prefix-map=C:/ap10-ca5f/git-full-01/bootstrap=/usr -fmacro-prefix-map=C:/ap10-ca5f/git-full-01/bootstrap=/usr -fno-delete-null-pointer-checks -Wall -MT crc.lo -MD -MP -MF .deps/crc.Tpo -c -o crc.lo crc.c
libtool: compile:  gcc -DHAVE_CONFIG_H -I. -I.. -I../src -I../src -I../mpi -I../mpi -I/c/ap13-dcb/gnupg-core-01/builds/libgcrypt-1.12.2-1-02/sdk/usr/include -O2 -g -std=gnu17 -fstack-protector-strong -ffile-prefix-map=C:/ap13-dcb/gnupg-core-01/builds/libgcrypt-1.12.2-1-02=/usr/src/debug/libgcrypt-1.12.2 -fdebug-prefix-map=C:/ap13-dcb/gnupg-core-01/builds/libgcrypt-1.12.2-1-02=/usr/src/debug/libgcrypt-1.12.2 -fmacro-prefix-map=C:/ap13-dcb/gnupg-core-01/builds/libgcrypt-1.12.2-1-02=/usr/src/debug/libgcrypt-1.12.2 -ffile-prefix-map=C:/ag-e138920f/tc-cpp-guard-01=/usr/src/toolchain -fdebug-prefix-map=C:/ag-e138920f/tc-cpp-guard-01=/usr/src/toolchain -fmacro-prefix-map=C:/ag-e138920f/tc-cpp-guard-01=/usr/src/toolchain -ffile-prefix-map=C:/ap10-ca5f/git-full-01/bootstrap=/usr -fdebug-prefix-map=C:/ap10-ca5f/git-full-01/bootstrap=/usr -fmacro-prefix-map=C:/ap10-ca5f/git-full-01/bootstrap=/usr -fno-delete-null-pointer-checks -Wall -MT crc.lo -MD -MP -MF .deps/crc.Tpo -c crc.c  -DDLL_EXPORT -DPIC -o .libs/crc.o
libtool: compile:  gcc -DHAVE_CONFIG_H -I. -I.. -I../src -I../src -I../mpi -I../mpi -I/c/ap13-dcb/gnupg-core-01/builds/libgcrypt-1.12.2-1-02/sdk/usr/include -O2 -g -std=gnu17 -fstack-protector-strong -ffile-prefix-map=C:/ap13-dcb/gnupg-core-01/builds/libgcrypt-1.12.2-1-02=/usr/src/debug/libgcrypt-1.12.2 -fdebug-prefix-map=C:/ap13-dcb/gnupg-core-01/builds/libgcrypt-1.12.2-1-02=/usr/src/debug/libgcrypt-1.12.2 -fmacro-prefix-map=C:/ap13-dcb/gnupg-core-01/builds/libgcrypt-1.12.2-1-02=/usr/src/debug/libgcrypt-1.12.2 -ffile-prefix-map=C:/ag-e138920f/tc-cpp-guard-01=/usr/src/toolchain -fdebug-prefix-map=C:/ag-e138920f/tc-cpp-guard-01=/usr/src/toolchain -fmacro-prefix-map=C:/ag-e138920f/tc-cpp-guard-01=/usr/src/toolchain -ffile-prefix-map=C:/ap10-ca5f/git-full-01/bootstrap=/usr -fdebug-prefix-map=C:/ap10-ca5f/git-full-01/bootstrap=/usr -fmacro-prefix-map=C:/ap10-ca5f/git-full-01/bootstrap=/usr -fno-delete-null-pointer-checks -Wall -MT crc.lo -MD -MP -MF .deps/crc.Tpo -c crc.c -o crc.o >/dev/null 2>&1
mv -f .deps/crc.Tpo .deps/crc.Plo
/bin/sh ../libtool  --tag=CC   --mode=compile gcc -DHAVE_CONFIG_H -I. -I..  -I../src -I../src -I../mpi -I../mpi -I/c/ap13-dcb/gnupg-core-01/builds/libgcrypt-1.12.2-1-02/sdk/usr/include  -O2 -g -std=gnu17 -fstack-protector-strong -ffile-prefix-map=C:/ap13-dcb/gnupg-core-01/builds/libgcrypt-1.12.2-1-02=/usr/src/debug/libgcrypt-1.12.2 -fdebug-prefix-map=C:/ap13-dcb/gnupg-core-01/builds/libgcrypt-1.12.2-1-02=/usr/src/debug/libgcrypt-1.12.2 -fmacro-prefix-map=C:/ap13-dcb/gnupg-core-01/builds/libgcrypt-1.12.2-1-02=/usr/src/debug/libgcrypt-1.12.2 -ffile-prefix-map=C:/ag-e138920f/tc-cpp-guard-01=/usr/src/toolchain -fdebug-prefix-map=C:/ag-e138920f/tc-cpp-guard-01=/usr/src/toolchain -fmacro-prefix-map=C:/ag-e138920f/tc-cpp-guard-01=/usr/src/toolchain -ffile-prefix-map=C:/ap10-ca5f/git-full-01/bootstrap=/usr -fdebug-prefix-map=C:/ap10-ca5f/git-full-01/bootstrap=/usr -fmacro-prefix-map=C:/ap10-ca5f/git-full-01/bootstrap=/usr -fno-delete-null-pointer-checks -Wall -MT gostr3411-94.lo -MD -MP -MF .deps/gostr3411-94.Tpo -c -o gostr3411-94.lo gostr3411-94.c
libtool: compile:  gcc -DHAVE_CONFIG_H -I. -I.. -I../src -I../src -I../mpi -I../mpi -I/c/ap13-dcb/gnupg-core-01/builds/libgcrypt-1.12.2-1-02/sdk/usr/include -O2 -g -std=gnu17 -fstack-protector-strong -ffile-prefix-map=C:/ap13-dcb/gnupg-core-01/builds/libgcrypt-1.12.2-1-02=/usr/src/debug/libgcrypt-1.12.2 -fdebug-prefix-map=C:/ap13-dcb/gnupg-core-01/builds/libgcrypt-1.12.2-1-02=/usr/src/debug/libgcrypt-1.12.2 -fmacro-prefix-map=C:/ap13-dcb/gnupg-core-01/builds/libgcrypt-1.12.2-1-02=/usr/src/debug/libgcrypt-1.12.2 -ffile-prefix-map=C:/ag-e138920f/tc-cpp-guard-01=/usr/src/toolchain -fdebug-prefix-map=C:/ag-e138920f/tc-cpp-guard-01=/usr/src/toolchain -fmacro-prefix-map=C:/ag-e138920f/tc-cpp-guard-01=/usr/src/toolchain -ffile-prefix-map=C:/ap10-ca5f/git-full-01/bootstrap=/usr -fdebug-prefix-map=C:/ap10-ca5f/git-full-01/bootstrap=/usr -fmacro-prefix-map=C:/ap10-ca5f/git-full-01/bootstrap=/usr -fno-delete-null-pointer-checks -Wall -MT gostr3411-94.lo -MD -MP -MF .deps/gostr3411-94.Tpo -c gostr3411-94.c  -DDLL_EXPORT -DPIC -o .libs/gostr3411-94.o
libtool: compile:  gcc -DHAVE_CONFIG_H -I. -I.. -I../src -I../src -I../mpi -I../mpi -I/c/ap13-dcb/gnupg-core-01/builds/libgcrypt-1.12.2-1-02/sdk/usr/include -O2 -g -std=gnu17 -fstack-protector-strong -ffile-prefix-map=C:/ap13-dcb/gnupg-core-01/builds/libgcrypt-1.12.2-1-02=/usr/src/debug/libgcrypt-1.12.2 -fdebug-prefix-map=C:/ap13-dcb/gnupg-core-01/builds/libgcrypt-1.12.2-1-02=/usr/src/debug/libgcrypt-1.12.2 -fmacro-prefix-map=C:/ap13-dcb/gnupg-core-01/builds/libgcrypt-1.12.2-1-02=/usr/src/debug/libgcrypt-1.12.2 -ffile-prefix-map=C:/ag-e138920f/tc-cpp-guard-01=/usr/src/toolchain -fdebug-prefix-map=C:/ag-e138920f/tc-cpp-guard-01=/usr/src/toolchain -fmacro-prefix-map=C:/ag-e138920f/tc-cpp-guard-01=/usr/src/toolchain -ffile-prefix-map=C:/ap10-ca5f/git-full-01/bootstrap=/usr -fdebug-prefix-map=C:/ap10-ca5f/git-full-01/bootstrap=/usr -fmacro-prefix-map=C:/ap10-ca5f/git-full-01/bootstrap=/usr -fno-delete-null-pointer-checks -Wall -MT gostr3411-94.lo -MD -MP -MF .deps/gostr3411-94.Tpo -c gostr3411-94.c -o gostr3411-94.o >/dev/null 2>&1
mv -f .deps/gostr3411-94.Tpo .deps/gostr3411-94.Plo
/bin/sh ../libtool  --tag=CC   --mode=compile gcc -DHAVE_CONFIG_H -I. -I..  -I../src -I../src -I../mpi -I../mpi -I/c/ap13-dcb/gnupg-core-01/builds/libgcrypt-1.12.2-1-02/sdk/usr/include  -O2 -g -std=gnu17 -fstack-protector-strong -ffile-prefix-map=C:/ap13-dcb/gnupg-core-01/builds/libgcrypt-1.12.2-1-02=/usr/src/debug/libgcrypt-1.12.2 -fdebug-prefix-map=C:/ap13-dcb/gnupg-core-01/builds/libgcrypt-1.12.2-1-02=/usr/src/debug/libgcrypt-1.12.2 -fmacro-prefix-map=C:/ap13-dcb/gnupg-core-01/builds/libgcrypt-1.12.2-1-02=/usr/src/debug/libgcrypt-1.12.2 -ffile-prefix-map=C:/ag-e138920f/tc-cpp-guard-01=/usr/src/toolchain -fdebug-prefix-map=C:/ag-e138920f/tc-cpp-guard-01=/usr/src/toolchain -fmacro-prefix-map=C:/ag-e138920f/tc-cpp-guard-01=/usr/src/toolchain -ffile-prefix-map=C:/ap10-ca5f/git-full-01/bootstrap=/usr -fdebug-prefix-map=C:/ap10-ca5f/git-full-01/bootstrap=/usr -fmacro-prefix-map=C:/ap10-ca5f/git-full-01/bootstrap=/usr -fno-delete-null-pointer-checks -Wall -MT stribog.lo -MD -MP -MF .deps/stribog.Tpo -c -o stribog.lo stribog.c
libtool: compile:  gcc -DHAVE_CONFIG_H -I. -I.. -I../src -I../src -I../mpi -I../mpi -I/c/ap13-dcb/gnupg-core-01/builds/libgcrypt-1.12.2-1-02/sdk/usr/include -O2 -g -std=gnu17 -fstack-protector-strong -ffile-prefix-map=C:/ap13-dcb/gnupg-core-01/builds/libgcrypt-1.12.2-1-02=/usr/src/debug/libgcrypt-1.12.2 -fdebug-prefix-map=C:/ap13-dcb/gnupg-core-01/builds/libgcrypt-1.12.2-1-02=/usr/src/debug/libgcrypt-1.12.2 -fmacro-prefix-map=C:/ap13-dcb/gnupg-core-01/builds/libgcrypt-1.12.2-1-02=/usr/src/debug/libgcrypt-1.12.2 -ffile-prefix-map=C:/ag-e138920f/tc-cpp-guard-01=/usr/src/toolchain -fdebug-prefix-map=C:/ag-e138920f/tc-cpp-guard-01=/usr/src/toolchain -fmacro-prefix-map=C:/ag-e138920f/tc-cpp-guard-01=/usr/src/toolchain -ffile-prefix-map=C:/ap10-ca5f/git-full-01/bootstrap=/usr -fdebug-prefix-map=C:/ap10-ca5f/git-full-01/bootstrap=/usr -fmacro-prefix-map=C:/ap10-ca5f/git-full-01/bootstrap=/usr -fno-delete-null-pointer-checks -Wall -MT stribog.lo -MD -MP -MF .deps/stribog.Tpo -c stribog.c  -DDLL_EXPORT -DPIC -o .libs/stribog.o
libtool: compile:  gcc -DHAVE_CONFIG_H -I. -I.. -I../src -I../src -I../mpi -I../mpi -I/c/ap13-dcb/gnupg-core-01/builds/libgcrypt-1.12.2-1-02/sdk/usr/include -O2 -g -std=gnu17 -fstack-protector-strong -ffile-prefix-map=C:/ap13-dcb/gnupg-core-01/builds/libgcrypt-1.12.2-1-02=/usr/src/debug/libgcrypt-1.12.2 -fdebug-prefix-map=C:/ap13-dcb/gnupg-core-01/builds/libgcrypt-1.12.2-1-02=/usr/src/debug/libgcrypt-1.12.2 -fmacro-prefix-map=C:/ap13-dcb/gnupg-core-01/builds/libgcrypt-1.12.2-1-02=/usr/src/debug/libgcrypt-1.12.2 -ffile-prefix-map=C:/ag-e138920f/tc-cpp-guard-01=/usr/src/toolchain -fdebug-prefix-map=C:/ag-e138920f/tc-cpp-guard-01=/usr/src/toolchain -fmacro-prefix-map=C:/ag-e138920f/tc-cpp-guard-01=/usr/src/toolchain -ffile-prefix-map=C:/ap10-ca5f/git-full-01/bootstrap=/usr -fdebug-prefix-map=C:/ap10-ca5f/git-full-01/bootstrap=/usr -fmacro-prefix-map=C:/ap10-ca5f/git-full-01/bootstrap=/usr -fno-delete-null-pointer-checks -Wall -MT stribog.lo -MD -MP -MF .deps/stribog.Tpo -c stribog.c -o stribog.o >/dev/null 2>&1
mv -f .deps/stribog.Tpo .deps/stribog.Plo
/bin/sh ../libtool  --tag=CC   --mode=compile gcc -DHAVE_CONFIG_H -I. -I..  -I../src -I../src -I../mpi -I../mpi -I/c/ap13-dcb/gnupg-core-01/builds/libgcrypt-1.12.2-1-02/sdk/usr/include  -O2 -g -std=gnu17 -fstack-protector-strong -ffile-prefix-map=C:/ap13-dcb/gnupg-core-01/builds/libgcrypt-1.12.2-1-02=/usr/src/debug/libgcrypt-1.12.2 -fdebug-prefix-map=C:/ap13-dcb/gnupg-core-01/builds/libgcrypt-1.12.2-1-02=/usr/src/debug/libgcrypt-1.12.2 -fmacro-prefix-map=C:/ap13-dcb/gnupg-core-01/builds/libgcrypt-1.12.2-1-02=/usr/src/debug/libgcrypt-1.12.2 -ffile-prefix-map=C:/ag-e138920f/tc-cpp-guard-01=/usr/src/toolchain -fdebug-prefix-map=C:/ag-e138920f/tc-cpp-guard-01=/usr/src/toolchain -fmacro-prefix-map=C:/ag-e138920f/tc-cpp-guard-01=/usr/src/toolchain -ffile-prefix-map=C:/ap10-ca5f/git-full-01/bootstrap=/usr -fdebug-prefix-map=C:/ap10-ca5f/git-full-01/bootstrap=/usr -fmacro-prefix-map=C:/ap10-ca5f/git-full-01/bootstrap=/usr -fno-delete-null-pointer-checks -Wall -MT md4.lo -MD -MP -MF .deps/md4.Tpo -c -o md4.lo md4.c
libtool: compile:  gcc -DHAVE_CONFIG_H -I. -I.. -I../src -I../src -I../mpi -I../mpi -I/c/ap13-dcb/gnupg-core-01/builds/libgcrypt-1.12.2-1-02/sdk/usr/include -O2 -g -std=gnu17 -fstack-protector-strong -ffile-prefix-map=C:/ap13-dcb/gnupg-core-01/builds/libgcrypt-1.12.2-1-02=/usr/src/debug/libgcrypt-1.12.2 -fdebug-prefix-map=C:/ap13-dcb/gnupg-core-01/builds/libgcrypt-1.12.2-1-02=/usr/src/debug/libgcrypt-1.12.2 -fmacro-prefix-map=C:/ap13-dcb/gnupg-core-01/builds/libgcrypt-1.12.2-1-02=/usr/src/debug/libgcrypt-1.12.2 -ffile-prefix-map=C:/ag-e138920f/tc-cpp-guard-01=/usr/src/toolchain -fdebug-prefix-map=C:/ag-e138920f/tc-cpp-guard-01=/usr/src/toolchain -fmacro-prefix-map=C:/ag-e138920f/tc-cpp-guard-01=/usr/src/toolchain -ffile-prefix-map=C:/ap10-ca5f/git-full-01/bootstrap=/usr -fdebug-prefix-map=C:/ap10-ca5f/git-full-01/bootstrap=/usr -fmacro-prefix-map=C:/ap10-ca5f/git-full-01/bootstrap=/usr -fno-delete-null-pointer-checks -Wall -MT md4.lo -MD -MP -MF .deps/md4.Tpo -c md4.c  -DDLL_EXPORT -DPIC -o .libs/md4.o
libtool: compile:  gcc -DHAVE_CONFIG_H -I. -I.. -I../src -I../src -I../mpi -I../mpi -I/c/ap13-dcb/gnupg-core-01/builds/libgcrypt-1.12.2-1-02/sdk/usr/include -O2 -g -std=gnu17 -fstack-protector-strong -ffile-prefix-map=C:/ap13-dcb/gnupg-core-01/builds/libgcrypt-1.12.2-1-02=/usr/src/debug/libgcrypt-1.12.2 -fdebug-prefix-map=C:/ap13-dcb/gnupg-core-01/builds/libgcrypt-1.12.2-1-02=/usr/src/debug/libgcrypt-1.12.2 -fmacro-prefix-map=C:/ap13-dcb/gnupg-core-01/builds/libgcrypt-1.12.2-1-02=/usr/src/debug/libgcrypt-1.12.2 -ffile-prefix-map=C:/ag-e138920f/tc-cpp-guard-01=/usr/src/toolchain -fdebug-prefix-map=C:/ag-e138920f/tc-cpp-guard-01=/usr/src/toolchain -fmacro-prefix-map=C:/ag-e138920f/tc-cpp-guard-01=/usr/src/toolchain -ffile-prefix-map=C:/ap10-ca5f/git-full-01/bootstrap=/usr -fdebug-prefix-map=C:/ap10-ca5f/git-full-01/bootstrap=/usr -fmacro-prefix-map=C:/ap10-ca5f/git-full-01/bootstrap=/usr -fno-delete-null-pointer-checks -Wall -MT md4.lo -MD -MP -MF .deps/md4.Tpo -c md4.c -o md4.o >/dev/null 2>&1
mv -f .deps/md4.Tpo .deps/md4.Plo
/bin/sh ../libtool  --tag=CC   --mode=compile gcc -DHAVE_CONFIG_H -I. -I..  -I../src -I../src -I../mpi -I../mpi -I/c/ap13-dcb/gnupg-core-01/builds/libgcrypt-1.12.2-1-02/sdk/usr/include  -O2 -g -std=gnu17 -fstack-protector-strong -ffile-prefix-map=C:/ap13-dcb/gnupg-core-01/builds/libgcrypt-1.12.2-1-02=/usr/src/debug/libgcrypt-1.12.2 -fdebug-prefix-map=C:/ap13-dcb/gnupg-core-01/builds/libgcrypt-1.12.2-1-02=/usr/src/debug/libgcrypt-1.12.2 -fmacro-prefix-map=C:/ap13-dcb/gnupg-core-01/builds/libgcrypt-1.12.2-1-02=/usr/src/debug/libgcrypt-1.12.2 -ffile-prefix-map=C:/ag-e138920f/tc-cpp-guard-01=/usr/src/toolchain -fdebug-prefix-map=C:/ag-e138920f/tc-cpp-guard-01=/usr/src/toolchain -fmacro-prefix-map=C:/ag-e138920f/tc-cpp-guard-01=/usr/src/toolchain -ffile-prefix-map=C:/ap10-ca5f/git-full-01/bootstrap=/usr -fdebug-prefix-map=C:/ap10-ca5f/git-full-01/bootstrap=/usr -fmacro-prefix-map=C:/ap10-ca5f/git-full-01/bootstrap=/usr -fno-delete-null-pointer-checks -Wall -MT md5.lo -MD -MP -MF .deps/md5.Tpo -c -o md5.lo md5.c
libtool: compile:  gcc -DHAVE_CONFIG_H -I. -I.. -I../src -I../src -I../mpi -I../mpi -I/c/ap13-dcb/gnupg-core-01/builds/libgcrypt-1.12.2-1-02/sdk/usr/include -O2 -g -std=gnu17 -fstack-protector-strong -ffile-prefix-map=C:/ap13-dcb/gnupg-core-01/builds/libgcrypt-1.12.2-1-02=/usr/src/debug/libgcrypt-1.12.2 -fdebug-prefix-map=C:/ap13-dcb/gnupg-core-01/builds/libgcrypt-1.12.2-1-02=/usr/src/debug/libgcrypt-1.12.2 -fmacro-prefix-map=C:/ap13-dcb/gnupg-core-01/builds/libgcrypt-1.12.2-1-02=/usr/src/debug/libgcrypt-1.12.2 -ffile-prefix-map=C:/ag-e138920f/tc-cpp-guard-01=/usr/src/toolchain -fdebug-prefix-map=C:/ag-e138920f/tc-cpp-guard-01=/usr/src/toolchain -fmacro-prefix-map=C:/ag-e138920f/tc-cpp-guard-01=/usr/src/toolchain -ffile-prefix-map=C:/ap10-ca5f/git-full-01/bootstrap=/usr -fdebug-prefix-map=C:/ap10-ca5f/git-full-01/bootstrap=/usr -fmacro-prefix-map=C:/ap10-ca5f/git-full-01/bootstrap=/usr -fno-delete-null-pointer-checks -Wall -MT md5.lo -MD -MP -MF .deps/md5.Tpo -c md5.c  -DDLL_EXPORT -DPIC -o .libs/md5.o
libtool: compile:  gcc -DHAVE_CONFIG_H -I. -I.. -I../src -I../src -I../mpi -I../mpi -I/c/ap13-dcb/gnupg-core-01/builds/libgcrypt-1.12.2-1-02/sdk/usr/include -O2 -g -std=gnu17 -fstack-protector-strong -ffile-prefix-map=C:/ap13-dcb/gnupg-core-01/builds/libgcrypt-1.12.2-1-02=/usr/src/debug/libgcrypt-1.12.2 -fdebug-prefix-map=C:/ap13-dcb/gnupg-core-01/builds/libgcrypt-1.12.2-1-02=/usr/src/debug/libgcrypt-1.12.2 -fmacro-prefix-map=C:/ap13-dcb/gnupg-core-01/builds/libgcrypt-1.12.2-1-02=/usr/src/debug/libgcrypt-1.12.2 -ffile-prefix-map=C:/ag-e138920f/tc-cpp-guard-01=/usr/src/toolchain -fdebug-prefix-map=C:/ag-e138920f/tc-cpp-guard-01=/usr/src/toolchain -fmacro-prefix-map=C:/ag-e138920f/tc-cpp-guard-01=/usr/src/toolchain -ffile-prefix-map=C:/ap10-ca5f/git-full-01/bootstrap=/usr -fdebug-prefix-map=C:/ap10-ca5f/git-full-01/bootstrap=/usr -fmacro-prefix-map=C:/ap10-ca5f/git-full-01/bootstrap=/usr -fno-delete-null-pointer-checks -Wall -MT md5.lo -MD -MP -MF .deps/md5.Tpo -c md5.c -o md5.o >/dev/null 2>&1
mv -f .deps/md5.Tpo .deps/md5.Plo
/bin/sh ../libtool  --tag=CC   --mode=compile gcc -DHAVE_CONFIG_H -I. -I..  -I../src -I../src -I../mpi -I../mpi -I/c/ap13-dcb/gnupg-core-01/builds/libgcrypt-1.12.2-1-02/sdk/usr/include  -O2 -g -std=gnu17 -fstack-protector-strong -ffile-prefix-map=C:/ap13-dcb/gnupg-core-01/builds/libgcrypt-1.12.2-1-02=/usr/src/debug/libgcrypt-1.12.2 -fdebug-prefix-map=C:/ap13-dcb/gnupg-core-01/builds/libgcrypt-1.12.2-1-02=/usr/src/debug/libgcrypt-1.12.2 -fmacro-prefix-map=C:/ap13-dcb/gnupg-core-01/builds/libgcrypt-1.12.2-1-02=/usr/src/debug/libgcrypt-1.12.2 -ffile-prefix-map=C:/ag-e138920f/tc-cpp-guard-01=/usr/src/toolchain -fdebug-prefix-map=C:/ag-e138920f/tc-cpp-guard-01=/usr/src/toolchain -fmacro-prefix-map=C:/ag-e138920f/tc-cpp-guard-01=/usr/src/toolchain -ffile-prefix-map=C:/ap10-ca5f/git-full-01/bootstrap=/usr -fdebug-prefix-map=C:/ap10-ca5f/git-full-01/bootstrap=/usr -fmacro-prefix-map=C:/ap10-ca5f/git-full-01/bootstrap=/usr -fno-delete-null-pointer-checks -Wall -MT rmd160.lo -MD -MP -MF .deps/rmd160.Tpo -c -o rmd160.lo rmd160.c
libtool: compile:  gcc -DHAVE_CONFIG_H -I. -I.. -I../src -I../src -I../mpi -I../mpi -I/c/ap13-dcb/gnupg-core-01/builds/libgcrypt-1.12.2-1-02/sdk/usr/include -O2 -g -std=gnu17 -fstack-protector-strong -ffile-prefix-map=C:/ap13-dcb/gnupg-core-01/builds/libgcrypt-1.12.2-1-02=/usr/src/debug/libgcrypt-1.12.2 -fdebug-prefix-map=C:/ap13-dcb/gnupg-core-01/builds/libgcrypt-1.12.2-1-02=/usr/src/debug/libgcrypt-1.12.2 -fmacro-prefix-map=C:/ap13-dcb/gnupg-core-01/builds/libgcrypt-1.12.2-1-02=/usr/src/debug/libgcrypt-1.12.2 -ffile-prefix-map=C:/ag-e138920f/tc-cpp-guard-01=/usr/src/toolchain -fdebug-prefix-map=C:/ag-e138920f/tc-cpp-guard-01=/usr/src/toolchain -fmacro-prefix-map=C:/ag-e138920f/tc-cpp-guard-01=/usr/src/toolchain -ffile-prefix-map=C:/ap10-ca5f/git-full-01/bootstrap=/usr -fdebug-prefix-map=C:/ap10-ca5f/git-full-01/bootstrap=/usr -fmacro-prefix-map=C:/ap10-ca5f/git-full-01/bootstrap=/usr -fno-delete-null-pointer-checks -Wall -MT rmd160.lo -MD -MP -MF .deps/rmd160.Tpo -c rmd160.c  -DDLL_EXPORT -DPIC -o .libs/rmd160.o
libtool: compile:  gcc -DHAVE_CONFIG_H -I. -I.. -I../src -I../src -I../mpi -I../mpi -I/c/ap13-dcb/gnupg-core-01/builds/libgcrypt-1.12.2-1-02/sdk/usr/include -O2 -g -std=gnu17 -fstack-protector-strong -ffile-prefix-map=C:/ap13-dcb/gnupg-core-01/builds/libgcrypt-1.12.2-1-02=/usr/src/debug/libgcrypt-1.12.2 -fdebug-prefix-map=C:/ap13-dcb/gnupg-core-01/builds/libgcrypt-1.12.2-1-02=/usr/src/debug/libgcrypt-1.12.2 -fmacro-prefix-map=C:/ap13-dcb/gnupg-core-01/builds/libgcrypt-1.12.2-1-02=/usr/src/debug/libgcrypt-1.12.2 -ffile-prefix-map=C:/ag-e138920f/tc-cpp-guard-01=/usr/src/toolchain -fdebug-prefix-map=C:/ag-e138920f/tc-cpp-guard-01=/usr/src/toolchain -fmacro-prefix-map=C:/ag-e138920f/tc-cpp-guard-01=/usr/src/toolchain -ffile-prefix-map=C:/ap10-ca5f/git-full-01/bootstrap=/usr -fdebug-prefix-map=C:/ap10-ca5f/git-full-01/bootstrap=/usr -fmacro-prefix-map=C:/ap10-ca5f/git-full-01/bootstrap=/usr -fno-delete-null-pointer-checks -Wall -MT rmd160.lo -MD -MP -MF .deps/rmd160.Tpo -c rmd160.c -o rmd160.o >/dev/null 2>&1
mv -f .deps/rmd160.Tpo .deps/rmd160.Plo
/bin/sh ../libtool  --tag=CC   --mode=compile gcc -DHAVE_CONFIG_H -I. -I..  -I../src -I../src -I../mpi -I../mpi -I/c/ap13-dcb/gnupg-core-01/builds/libgcrypt-1.12.2-1-02/sdk/usr/include  -O2 -g -std=gnu17 -fstack-protector-strong -ffile-prefix-map=C:/ap13-dcb/gnupg-core-01/builds/libgcrypt-1.12.2-1-02=/usr/src/debug/libgcrypt-1.12.2 -fdebug-prefix-map=C:/ap13-dcb/gnupg-core-01/builds/libgcrypt-1.12.2-1-02=/usr/src/debug/libgcrypt-1.12.2 -fmacro-prefix-map=C:/ap13-dcb/gnupg-core-01/builds/libgcrypt-1.12.2-1-02=/usr/src/debug/libgcrypt-1.12.2 -ffile-prefix-map=C:/ag-e138920f/tc-cpp-guard-01=/usr/src/toolchain -fdebug-prefix-map=C:/ag-e138920f/tc-cpp-guard-01=/usr/src/toolchain -fmacro-prefix-map=C:/ag-e138920f/tc-cpp-guard-01=/usr/src/toolchain -ffile-prefix-map=C:/ap10-ca5f/git-full-01/bootstrap=/usr -fdebug-prefix-map=C:/ap10-ca5f/git-full-01/bootstrap=/usr -fmacro-prefix-map=C:/ap10-ca5f/git-full-01/bootstrap=/usr -fno-delete-null-pointer-checks -Wall -MT sha256.lo -MD -MP -MF .deps/sha256.Tpo -c -o sha256.lo sha256.c
libtool: compile:  gcc -DHAVE_CONFIG_H -I. -I.. -I../src -I../src -I../mpi -I../mpi -I/c/ap13-dcb/gnupg-core-01/builds/libgcrypt-1.12.2-1-02/sdk/usr/include -O2 -g -std=gnu17 -fstack-protector-strong -ffile-prefix-map=C:/ap13-dcb/gnupg-core-01/builds/libgcrypt-1.12.2-1-02=/usr/src/debug/libgcrypt-1.12.2 -fdebug-prefix-map=C:/ap13-dcb/gnupg-core-01/builds/libgcrypt-1.12.2-1-02=/usr/src/debug/libgcrypt-1.12.2 -fmacro-prefix-map=C:/ap13-dcb/gnupg-core-01/builds/libgcrypt-1.12.2-1-02=/usr/src/debug/libgcrypt-1.12.2 -ffile-prefix-map=C:/ag-e138920f/tc-cpp-guard-01=/usr/src/toolchain -fdebug-prefix-map=C:/ag-e138920f/tc-cpp-guard-01=/usr/src/toolchain -fmacro-prefix-map=C:/ag-e138920f/tc-cpp-guard-01=/usr/src/toolchain -ffile-prefix-map=C:/ap10-ca5f/git-full-01/bootstrap=/usr -fdebug-prefix-map=C:/ap10-ca5f/git-full-01/bootstrap=/usr -fmacro-prefix-map=C:/ap10-ca5f/git-full-01/bootstrap=/usr -fno-delete-null-pointer-checks -Wall -MT sha256.lo -MD -MP -MF .deps/sha256.Tpo -c sha256.c  -DDLL_EXPORT -DPIC -o .libs/sha256.o
libtool: compile:  gcc -DHAVE_CONFIG_H -I. -I.. -I../src -I../src -I../mpi -I../mpi -I/c/ap13-dcb/gnupg-core-01/builds/libgcrypt-1.12.2-1-02/sdk/usr/include -O2 -g -std=gnu17 -fstack-protector-strong -ffile-prefix-map=C:/ap13-dcb/gnupg-core-01/builds/libgcrypt-1.12.2-1-02=/usr/src/debug/libgcrypt-1.12.2 -fdebug-prefix-map=C:/ap13-dcb/gnupg-core-01/builds/libgcrypt-1.12.2-1-02=/usr/src/debug/libgcrypt-1.12.2 -fmacro-prefix-map=C:/ap13-dcb/gnupg-core-01/builds/libgcrypt-1.12.2-1-02=/usr/src/debug/libgcrypt-1.12.2 -ffile-prefix-map=C:/ag-e138920f/tc-cpp-guard-01=/usr/src/toolchain -fdebug-prefix-map=C:/ag-e138920f/tc-cpp-guard-01=/usr/src/toolchain -fmacro-prefix-map=C:/ag-e138920f/tc-cpp-guard-01=/usr/src/toolchain -ffile-prefix-map=C:/ap10-ca5f/git-full-01/bootstrap=/usr -fdebug-prefix-map=C:/ap10-ca5f/git-full-01/bootstrap=/usr -fmacro-prefix-map=C:/ap10-ca5f/git-full-01/bootstrap=/usr -fno-delete-null-pointer-checks -Wall -MT sha256.lo -MD -MP -MF .deps/sha256.Tpo -c sha256.c -o sha256.o >/dev/null 2>&1
mv -f .deps/sha256.Tpo .deps/sha256.Plo
/bin/sh ../libtool  --tag=CC   --mode=compile gcc -DHAVE_CONFIG_H -I. -I..  -I../src -I../src -I../mpi -I../mpi -I/c/ap13-dcb/gnupg-core-01/builds/libgcrypt-1.12.2-1-02/sdk/usr/include  -O2 -g -std=gnu17 -fstack-protector-strong -ffile-prefix-map=C:/ap13-dcb/gnupg-core-01/builds/libgcrypt-1.12.2-1-02=/usr/src/debug/libgcrypt-1.12.2 -fdebug-prefix-map=C:/ap13-dcb/gnupg-core-01/builds/libgcrypt-1.12.2-1-02=/usr/src/debug/libgcrypt-1.12.2 -fmacro-prefix-map=C:/ap13-dcb/gnupg-core-01/builds/libgcrypt-1.12.2-1-02=/usr/src/debug/libgcrypt-1.12.2 -ffile-prefix-map=C:/ag-e138920f/tc-cpp-guard-01=/usr/src/toolchain -fdebug-prefix-map=C:/ag-e138920f/tc-cpp-guard-01=/usr/src/toolchain -fmacro-prefix-map=C:/ag-e138920f/tc-cpp-guard-01=/usr/src/toolchain -ffile-prefix-map=C:/ap10-ca5f/git-full-01/bootstrap=/usr -fdebug-prefix-map=C:/ap10-ca5f/git-full-01/bootstrap=/usr -fmacro-prefix-map=C:/ap10-ca5f/git-full-01/bootstrap=/usr -fno-delete-null-pointer-checks -Wall -MT sha512.lo -MD -MP -MF .deps/sha512.Tpo -c -o sha512.lo sha512.c
libtool: compile:  gcc -DHAVE_CONFIG_H -I. -I.. -I../src -I../src -I../mpi -I../mpi -I/c/ap13-dcb/gnupg-core-01/builds/libgcrypt-1.12.2-1-02/sdk/usr/include -O2 -g -std=gnu17 -fstack-protector-strong -ffile-prefix-map=C:/ap13-dcb/gnupg-core-01/builds/libgcrypt-1.12.2-1-02=/usr/src/debug/libgcrypt-1.12.2 -fdebug-prefix-map=C:/ap13-dcb/gnupg-core-01/builds/libgcrypt-1.12.2-1-02=/usr/src/debug/libgcrypt-1.12.2 -fmacro-prefix-map=C:/ap13-dcb/gnupg-core-01/builds/libgcrypt-1.12.2-1-02=/usr/src/debug/libgcrypt-1.12.2 -ffile-prefix-map=C:/ag-e138920f/tc-cpp-guard-01=/usr/src/toolchain -fdebug-prefix-map=C:/ag-e138920f/tc-cpp-guard-01=/usr/src/toolchain -fmacro-prefix-map=C:/ag-e138920f/tc-cpp-guard-01=/usr/src/toolchain -ffile-prefix-map=C:/ap10-ca5f/git-full-01/bootstrap=/usr -fdebug-prefix-map=C:/ap10-ca5f/git-full-01/bootstrap=/usr -fmacro-prefix-map=C:/ap10-ca5f/git-full-01/bootstrap=/usr -fno-delete-null-pointer-checks -Wall -MT sha512.lo -MD -MP -MF .deps/sha512.Tpo -c sha512.c  -DDLL_EXPORT -DPIC -o .libs/sha512.o
libtool: compile:  gcc -DHAVE_CONFIG_H -I. -I.. -I../src -I../src -I../mpi -I../mpi -I/c/ap13-dcb/gnupg-core-01/builds/libgcrypt-1.12.2-1-02/sdk/usr/include -O2 -g -std=gnu17 -fstack-protector-strong -ffile-prefix-map=C:/ap13-dcb/gnupg-core-01/builds/libgcrypt-1.12.2-1-02=/usr/src/debug/libgcrypt-1.12.2 -fdebug-prefix-map=C:/ap13-dcb/gnupg-core-01/builds/libgcrypt-1.12.2-1-02=/usr/src/debug/libgcrypt-1.12.2 -fmacro-prefix-map=C:/ap13-dcb/gnupg-core-01/builds/libgcrypt-1.12.2-1-02=/usr/src/debug/libgcrypt-1.12.2 -ffile-prefix-map=C:/ag-e138920f/tc-cpp-guard-01=/usr/src/toolchain -fdebug-prefix-map=C:/ag-e138920f/tc-cpp-guard-01=/usr/src/toolchain -fmacro-prefix-map=C:/ag-e138920f/tc-cpp-guard-01=/usr/src/toolchain -ffile-prefix-map=C:/ap10-ca5f/git-full-01/bootstrap=/usr -fdebug-prefix-map=C:/ap10-ca5f/git-full-01/bootstrap=/usr -fmacro-prefix-map=C:/ap10-ca5f/git-full-01/bootstrap=/usr -fno-delete-null-pointer-checks -Wall -MT sha512.lo -MD -MP -MF .deps/sha512.Tpo -c sha512.c -o sha512.o >/dev/null 2>&1
mv -f .deps/sha512.Tpo .deps/sha512.Plo
/bin/sh ../libtool  --tag=CC   --mode=compile gcc -DHAVE_CONFIG_H -I. -I..  -I../src -I../src -I../mpi -I../mpi -I/c/ap13-dcb/gnupg-core-01/builds/libgcrypt-1.12.2-1-02/sdk/usr/include  -O2 -g -std=gnu17 -fstack-protector-strong -ffile-prefix-map=C:/ap13-dcb/gnupg-core-01/builds/libgcrypt-1.12.2-1-02=/usr/src/debug/libgcrypt-1.12.2 -fdebug-prefix-map=C:/ap13-dcb/gnupg-core-01/builds/libgcrypt-1.12.2-1-02=/usr/src/debug/libgcrypt-1.12.2 -fmacro-prefix-map=C:/ap13-dcb/gnupg-core-01/builds/libgcrypt-1.12.2-1-02=/usr/src/debug/libgcrypt-1.12.2 -ffile-prefix-map=C:/ag-e138920f/tc-cpp-guard-01=/usr/src/toolchain -fdebug-prefix-map=C:/ag-e138920f/tc-cpp-guard-01=/usr/src/toolchain -fmacro-prefix-map=C:/ag-e138920f/tc-cpp-guard-01=/usr/src/toolchain -ffile-prefix-map=C:/ap10-ca5f/git-full-01/bootstrap=/usr -fdebug-prefix-map=C:/ap10-ca5f/git-full-01/bootstrap=/usr -fmacro-prefix-map=C:/ap10-ca5f/git-full-01/bootstrap=/usr -fno-delete-null-pointer-checks -Wall -MT keccak.lo -MD -MP -MF .deps/keccak.Tpo -c -o keccak.lo keccak.c
libtool: compile:  gcc -DHAVE_CONFIG_H -I. -I.. -I../src -I../src -I../mpi -I../mpi -I/c/ap13-dcb/gnupg-core-01/builds/libgcrypt-1.12.2-1-02/sdk/usr/include -O2 -g -std=gnu17 -fstack-protector-strong -ffile-prefix-map=C:/ap13-dcb/gnupg-core-01/builds/libgcrypt-1.12.2-1-02=/usr/src/debug/libgcrypt-1.12.2 -fdebug-prefix-map=C:/ap13-dcb/gnupg-core-01/builds/libgcrypt-1.12.2-1-02=/usr/src/debug/libgcrypt-1.12.2 -fmacro-prefix-map=C:/ap13-dcb/gnupg-core-01/builds/libgcrypt-1.12.2-1-02=/usr/src/debug/libgcrypt-1.12.2 -ffile-prefix-map=C:/ag-e138920f/tc-cpp-guard-01=/usr/src/toolchain -fdebug-prefix-map=C:/ag-e138920f/tc-cpp-guard-01=/usr/src/toolchain -fmacro-prefix-map=C:/ag-e138920f/tc-cpp-guard-01=/usr/src/toolchain -ffile-prefix-map=C:/ap10-ca5f/git-full-01/bootstrap=/usr -fdebug-prefix-map=C:/ap10-ca5f/git-full-01/bootstrap=/usr -fmacro-prefix-map=C:/ap10-ca5f/git-full-01/bootstrap=/usr -fno-delete-null-pointer-checks -Wall -MT keccak.lo -MD -MP -MF .deps/keccak.Tpo -c keccak.c  -DDLL_EXPORT -DPIC -o .libs/keccak.o
libtool: compile:  gcc -DHAVE_CONFIG_H -I. -I.. -I../src -I../src -I../mpi -I../mpi -I/c/ap13-dcb/gnupg-core-01/builds/libgcrypt-1.12.2-1-02/sdk/usr/include -O2 -g -std=gnu17 -fstack-protector-strong -ffile-prefix-map=C:/ap13-dcb/gnupg-core-01/builds/libgcrypt-1.12.2-1-02=/usr/src/debug/libgcrypt-1.12.2 -fdebug-prefix-map=C:/ap13-dcb/gnupg-core-01/builds/libgcrypt-1.12.2-1-02=/usr/src/debug/libgcrypt-1.12.2 -fmacro-prefix-map=C:/ap13-dcb/gnupg-core-01/builds/libgcrypt-1.12.2-1-02=/usr/src/debug/libgcrypt-1.12.2 -ffile-prefix-map=C:/ag-e138920f/tc-cpp-guard-01=/usr/src/toolchain -fdebug-prefix-map=C:/ag-e138920f/tc-cpp-guard-01=/usr/src/toolchain -fmacro-prefix-map=C:/ag-e138920f/tc-cpp-guard-01=/usr/src/toolchain -ffile-prefix-map=C:/ap10-ca5f/git-full-01/bootstrap=/usr -fdebug-prefix-map=C:/ap10-ca5f/git-full-01/bootstrap=/usr -fmacro-prefix-map=C:/ap10-ca5f/git-full-01/bootstrap=/usr -fno-delete-null-pointer-checks -Wall -MT keccak.lo -MD -MP -MF .deps/keccak.Tpo -c keccak.c -o keccak.o >/dev/null 2>&1
mv -f .deps/keccak.Tpo .deps/keccak.Plo
`echo /bin/sh ../libtool  --tag=CC   --mode=compile gcc -DHAVE_CONFIG_H -I. -I..  -I../src -I../src -I../mpi -I../mpi -I/c/ap13-dcb/gnupg-core-01/builds/libgcrypt-1.12.2-1-02/sdk/usr/include  -O2 -g -std=gnu17 -fstack-protector-strong -ffile-prefix-map=C:/ap13-dcb/gnupg-core-01/builds/libgcrypt-1.12.2-1-02=/usr/src/debug/libgcrypt-1.12.2 -fdebug-prefix-map=C:/ap13-dcb/gnupg-core-01/builds/libgcrypt-1.12.2-1-02=/usr/src/debug/libgcrypt-1.12.2 -fmacro-prefix-map=C:/ap13-dcb/gnupg-core-01/builds/libgcrypt-1.12.2-1-02=/usr/src/debug/libgcrypt-1.12.2 -ffile-prefix-map=C:/ag-e138920f/tc-cpp-guard-01=/usr/src/toolchain -fdebug-prefix-map=C:/ag-e138920f/tc-cpp-guard-01=/usr/src/toolchain -fmacro-prefix-map=C:/ag-e138920f/tc-cpp-guard-01=/usr/src/toolchain -ffile-prefix-map=C:/ap10-ca5f/git-full-01/bootstrap=/usr -fdebug-prefix-map=C:/ap10-ca5f/git-full-01/bootstrap=/usr -fmacro-prefix-map=C:/ap10-ca5f/git-full-01/bootstrap=/usr -fno-delete-null-pointer-checks -Wall -c tiger.c | sed -e 's/[[:blank:]]-O\([2-9sgz][2-9sgz]*\)/ -O1 /g' -e 's/[[:blank:]]-Ofast/ -O1 /g' `
libtool: compile:  gcc -DHAVE_CONFIG_H -I. -I.. -I../src -I../src -I../mpi -I../mpi -I/c/ap13-dcb/gnupg-core-01/builds/libgcrypt-1.12.2-1-02/sdk/usr/include -O1 -g -std=gnu17 -fstack-protector-strong -ffile-prefix-map=C:/ap13-dcb/gnupg-core-01/builds/libgcrypt-1.12.2-1-02=/usr/src/debug/libgcrypt-1.12.2 -fdebug-prefix-map=C:/ap13-dcb/gnupg-core-01/builds/libgcrypt-1.12.2-1-02=/usr/src/debug/libgcrypt-1.12.2 -fmacro-prefix-map=C:/ap13-dcb/gnupg-core-01/builds/libgcrypt-1.12.2-1-02=/usr/src/debug/libgcrypt-1.12.2 -ffile-prefix-map=C:/ag-e138920f/tc-cpp-guard-01=/usr/src/toolchain -fdebug-prefix-map=C:/ag-e138920f/tc-cpp-guard-01=/usr/src/toolchain -fmacro-prefix-map=C:/ag-e138920f/tc-cpp-guard-01=/usr/src/toolchain -ffile-prefix-map=C:/ap10-ca5f/git-full-01/bootstrap=/usr -fdebug-prefix-map=C:/ap10-ca5f/git-full-01/bootstrap=/usr -fmacro-prefix-map=C:/ap10-ca5f/git-full-01/bootstrap=/usr -fno-delete-null-pointer-checks -Wall -c tiger.c  -DDLL_EXPORT -DPIC -o .libs/tiger.o
libtool: compile:  gcc -DHAVE_CONFIG_H -I. -I.. -I../src -I../src -I../mpi -I../mpi -I/c/ap13-dcb/gnupg-core-01/builds/libgcrypt-1.12.2-1-02/sdk/usr/include -O1 -g -std=gnu17 -fstack-protector-strong -ffile-prefix-map=C:/ap13-dcb/gnupg-core-01/builds/libgcrypt-1.12.2-1-02=/usr/src/debug/libgcrypt-1.12.2 -fdebug-prefix-map=C:/ap13-dcb/gnupg-core-01/builds/libgcrypt-1.12.2-1-02=/usr/src/debug/libgcrypt-1.12.2 -fmacro-prefix-map=C:/ap13-dcb/gnupg-core-01/builds/libgcrypt-1.12.2-1-02=/usr/src/debug/libgcrypt-1.12.2 -ffile-prefix-map=C:/ag-e138920f/tc-cpp-guard-01=/usr/src/toolchain -fdebug-prefix-map=C:/ag-e138920f/tc-cpp-guard-01=/usr/src/toolchain -fmacro-prefix-map=C:/ag-e138920f/tc-cpp-guard-01=/usr/src/toolchain -ffile-prefix-map=C:/ap10-ca5f/git-full-01/bootstrap=/usr -fdebug-prefix-map=C:/ap10-ca5f/git-full-01/bootstrap=/usr -fmacro-prefix-map=C:/ap10-ca5f/git-full-01/bootstrap=/usr -fno-delete-null-pointer-checks -Wall -c tiger.c -o tiger.o >/dev/null 2>&1
/bin/sh ../libtool  --tag=CC   --mode=compile gcc -DHAVE_CONFIG_H -I. -I..  -I../src -I../src -I../mpi -I../mpi -I/c/ap13-dcb/gnupg-core-01/builds/libgcrypt-1.12.2-1-02/sdk/usr/include  -O2 -g -std=gnu17 -fstack-protector-strong -ffile-prefix-map=C:/ap13-dcb/gnupg-core-01/builds/libgcrypt-1.12.2-1-02=/usr/src/debug/libgcrypt-1.12.2 -fdebug-prefix-map=C:/ap13-dcb/gnupg-core-01/builds/libgcrypt-1.12.2-1-02=/usr/src/debug/libgcrypt-1.12.2 -fmacro-prefix-map=C:/ap13-dcb/gnupg-core-01/builds/libgcrypt-1.12.2-1-02=/usr/src/debug/libgcrypt-1.12.2 -ffile-prefix-map=C:/ag-e138920f/tc-cpp-guard-01=/usr/src/toolchain -fdebug-prefix-map=C:/ag-e138920f/tc-cpp-guard-01=/usr/src/toolchain -fmacro-prefix-map=C:/ag-e138920f/tc-cpp-guard-01=/usr/src/toolchain -ffile-prefix-map=C:/ap10-ca5f/git-full-01/bootstrap=/usr -fdebug-prefix-map=C:/ap10-ca5f/git-full-01/bootstrap=/usr -fmacro-prefix-map=C:/ap10-ca5f/git-full-01/bootstrap=/usr -fno-delete-null-pointer-checks -Wall -MT whirlpool.lo -MD -MP -MF .deps/whirlpool.Tpo -c -o whirlpool.lo whirlpool.c
libtool: compile:  gcc -DHAVE_CONFIG_H -I. -I.. -I../src -I../src -I../mpi -I../mpi -I/c/ap13-dcb/gnupg-core-01/builds/libgcrypt-1.12.2-1-02/sdk/usr/include -O2 -g -std=gnu17 -fstack-protector-strong -ffile-prefix-map=C:/ap13-dcb/gnupg-core-01/builds/libgcrypt-1.12.2-1-02=/usr/src/debug/libgcrypt-1.12.2 -fdebug-prefix-map=C:/ap13-dcb/gnupg-core-01/builds/libgcrypt-1.12.2-1-02=/usr/src/debug/libgcrypt-1.12.2 -fmacro-prefix-map=C:/ap13-dcb/gnupg-core-01/builds/libgcrypt-1.12.2-1-02=/usr/src/debug/libgcrypt-1.12.2 -ffile-prefix-map=C:/ag-e138920f/tc-cpp-guard-01=/usr/src/toolchain -fdebug-prefix-map=C:/ag-e138920f/tc-cpp-guard-01=/usr/src/toolchain -fmacro-prefix-map=C:/ag-e138920f/tc-cpp-guard-01=/usr/src/toolchain -ffile-prefix-map=C:/ap10-ca5f/git-full-01/bootstrap=/usr -fdebug-prefix-map=C:/ap10-ca5f/git-full-01/bootstrap=/usr -fmacro-prefix-map=C:/ap10-ca5f/git-full-01/bootstrap=/usr -fno-delete-null-pointer-checks -Wall -MT whirlpool.lo -MD -MP -MF .deps/whirlpool.Tpo -c whirlpool.c  -DDLL_EXPORT -DPIC -o .libs/whirlpool.o
libtool: compile:  gcc -DHAVE_CONFIG_H -I. -I.. -I../src -I../src -I../mpi -I../mpi -I/c/ap13-dcb/gnupg-core-01/builds/libgcrypt-1.12.2-1-02/sdk/usr/include -O2 -g -std=gnu17 -fstack-protector-strong -ffile-prefix-map=C:/ap13-dcb/gnupg-core-01/builds/libgcrypt-1.12.2-1-02=/usr/src/debug/libgcrypt-1.12.2 -fdebug-prefix-map=C:/ap13-dcb/gnupg-core-01/builds/libgcrypt-1.12.2-1-02=/usr/src/debug/libgcrypt-1.12.2 -fmacro-prefix-map=C:/ap13-dcb/gnupg-core-01/builds/libgcrypt-1.12.2-1-02=/usr/src/debug/libgcrypt-1.12.2 -ffile-prefix-map=C:/ag-e138920f/tc-cpp-guard-01=/usr/src/toolchain -fdebug-prefix-map=C:/ag-e138920f/tc-cpp-guard-01=/usr/src/toolchain -fmacro-prefix-map=C:/ag-e138920f/tc-cpp-guard-01=/usr/src/toolchain -ffile-prefix-map=C:/ap10-ca5f/git-full-01/bootstrap=/usr -fdebug-prefix-map=C:/ap10-ca5f/git-full-01/bootstrap=/usr -fmacro-prefix-map=C:/ap10-ca5f/git-full-01/bootstrap=/usr -fno-delete-null-pointer-checks -Wall -MT whirlpool.lo -MD -MP -MF .deps/whirlpool.Tpo -c whirlpool.c -o whirlpool.o >/dev/null 2>&1
mv -f .deps/whirlpool.Tpo .deps/whirlpool.Plo
/bin/sh ../libtool  --tag=CC   --mode=compile gcc -DHAVE_CONFIG_H -I. -I..  -I../src -I../src -I../mpi -I../mpi -I/c/ap13-dcb/gnupg-core-01/builds/libgcrypt-1.12.2-1-02/sdk/usr/include  -O2 -g -std=gnu17 -fstack-protector-strong -ffile-prefix-map=C:/ap13-dcb/gnupg-core-01/builds/libgcrypt-1.12.2-1-02=/usr/src/debug/libgcrypt-1.12.2 -fdebug-prefix-map=C:/ap13-dcb/gnupg-core-01/builds/libgcrypt-1.12.2-1-02=/usr/src/debug/libgcrypt-1.12.2 -fmacro-prefix-map=C:/ap13-dcb/gnupg-core-01/builds/libgcrypt-1.12.2-1-02=/usr/src/debug/libgcrypt-1.12.2 -ffile-prefix-map=C:/ag-e138920f/tc-cpp-guard-01=/usr/src/toolchain -fdebug-prefix-map=C:/ag-e138920f/tc-cpp-guard-01=/usr/src/toolchain -fmacro-prefix-map=C:/ag-e138920f/tc-cpp-guard-01=/usr/src/toolchain -ffile-prefix-map=C:/ap10-ca5f/git-full-01/bootstrap=/usr -fdebug-prefix-map=C:/ap10-ca5f/git-full-01/bootstrap=/usr -fmacro-prefix-map=C:/ap10-ca5f/git-full-01/bootstrap=/usr -fno-delete-null-pointer-checks -Wall -MT blake2.lo -MD -MP -MF .deps/blake2.Tpo -c -o blake2.lo blake2.c
libtool: compile:  gcc -DHAVE_CONFIG_H -I. -I.. -I../src -I../src -I../mpi -I../mpi -I/c/ap13-dcb/gnupg-core-01/builds/libgcrypt-1.12.2-1-02/sdk/usr/include -O2 -g -std=gnu17 -fstack-protector-strong -ffile-prefix-map=C:/ap13-dcb/gnupg-core-01/builds/libgcrypt-1.12.2-1-02=/usr/src/debug/libgcrypt-1.12.2 -fdebug-prefix-map=C:/ap13-dcb/gnupg-core-01/builds/libgcrypt-1.12.2-1-02=/usr/src/debug/libgcrypt-1.12.2 -fmacro-prefix-map=C:/ap13-dcb/gnupg-core-01/builds/libgcrypt-1.12.2-1-02=/usr/src/debug/libgcrypt-1.12.2 -ffile-prefix-map=C:/ag-e138920f/tc-cpp-guard-01=/usr/src/toolchain -fdebug-prefix-map=C:/ag-e138920f/tc-cpp-guard-01=/usr/src/toolchain -fmacro-prefix-map=C:/ag-e138920f/tc-cpp-guard-01=/usr/src/toolchain -ffile-prefix-map=C:/ap10-ca5f/git-full-01/bootstrap=/usr -fdebug-prefix-map=C:/ap10-ca5f/git-full-01/bootstrap=/usr -fmacro-prefix-map=C:/ap10-ca5f/git-full-01/bootstrap=/usr -fno-delete-null-pointer-checks -Wall -MT blake2.lo -MD -MP -MF .deps/blake2.Tpo -c blake2.c  -DDLL_EXPORT -DPIC -o .libs/blake2.o
libtool: compile:  gcc -DHAVE_CONFIG_H -I. -I.. -I../src -I../src -I../mpi -I../mpi -I/c/ap13-dcb/gnupg-core-01/builds/libgcrypt-1.12.2-1-02/sdk/usr/include -O2 -g -std=gnu17 -fstack-protector-strong -ffile-prefix-map=C:/ap13-dcb/gnupg-core-01/builds/libgcrypt-1.12.2-1-02=/usr/src/debug/libgcrypt-1.12.2 -fdebug-prefix-map=C:/ap13-dcb/gnupg-core-01/builds/libgcrypt-1.12.2-1-02=/usr/src/debug/libgcrypt-1.12.2 -fmacro-prefix-map=C:/ap13-dcb/gnupg-core-01/builds/libgcrypt-1.12.2-1-02=/usr/src/debug/libgcrypt-1.12.2 -ffile-prefix-map=C:/ag-e138920f/tc-cpp-guard-01=/usr/src/toolchain -fdebug-prefix-map=C:/ag-e138920f/tc-cpp-guard-01=/usr/src/toolchain -fmacro-prefix-map=C:/ag-e138920f/tc-cpp-guard-01=/usr/src/toolchain -ffile-prefix-map=C:/ap10-ca5f/git-full-01/bootstrap=/usr -fdebug-prefix-map=C:/ap10-ca5f/git-full-01/bootstrap=/usr -fmacro-prefix-map=C:/ap10-ca5f/git-full-01/bootstrap=/usr -fno-delete-null-pointer-checks -Wall -MT blake2.lo -MD -MP -MF .deps/blake2.Tpo -c blake2.c -o blake2.o >/dev/null 2>&1
mv -f .deps/blake2.Tpo .deps/blake2.Plo
/bin/sh ../libtool  --tag=CC   --mode=compile gcc -DHAVE_CONFIG_H -I. -I..  -I../src -I../src -I../mpi -I../mpi -I/c/ap13-dcb/gnupg-core-01/builds/libgcrypt-1.12.2-1-02/sdk/usr/include  -O2 -g -std=gnu17 -fstack-protector-strong -ffile-prefix-map=C:/ap13-dcb/gnupg-core-01/builds/libgcrypt-1.12.2-1-02=/usr/src/debug/libgcrypt-1.12.2 -fdebug-prefix-map=C:/ap13-dcb/gnupg-core-01/builds/libgcrypt-1.12.2-1-02=/usr/src/debug/libgcrypt-1.12.2 -fmacro-prefix-map=C:/ap13-dcb/gnupg-core-01/builds/libgcrypt-1.12.2-1-02=/usr/src/debug/libgcrypt-1.12.2 -ffile-prefix-map=C:/ag-e138920f/tc-cpp-guard-01=/usr/src/toolchain -fdebug-prefix-map=C:/ag-e138920f/tc-cpp-guard-01=/usr/src/toolchain -fmacro-prefix-map=C:/ag-e138920f/tc-cpp-guard-01=/usr/src/toolchain -ffile-prefix-map=C:/ap10-ca5f/git-full-01/bootstrap=/usr -fdebug-prefix-map=C:/ap10-ca5f/git-full-01/bootstrap=/usr -fmacro-prefix-map=C:/ap10-ca5f/git-full-01/bootstrap=/usr -fno-delete-null-pointer-checks -Wall -MT sm3.lo -MD -MP -MF .deps/sm3.Tpo -c -o sm3.lo sm3.c
libtool: compile:  gcc -DHAVE_CONFIG_H -I. -I.. -I../src -I../src -I../mpi -I../mpi -I/c/ap13-dcb/gnupg-core-01/builds/libgcrypt-1.12.2-1-02/sdk/usr/include -O2 -g -std=gnu17 -fstack-protector-strong -ffile-prefix-map=C:/ap13-dcb/gnupg-core-01/builds/libgcrypt-1.12.2-1-02=/usr/src/debug/libgcrypt-1.12.2 -fdebug-prefix-map=C:/ap13-dcb/gnupg-core-01/builds/libgcrypt-1.12.2-1-02=/usr/src/debug/libgcrypt-1.12.2 -fmacro-prefix-map=C:/ap13-dcb/gnupg-core-01/builds/libgcrypt-1.12.2-1-02=/usr/src/debug/libgcrypt-1.12.2 -ffile-prefix-map=C:/ag-e138920f/tc-cpp-guard-01=/usr/src/toolchain -fdebug-prefix-map=C:/ag-e138920f/tc-cpp-guard-01=/usr/src/toolchain -fmacro-prefix-map=C:/ag-e138920f/tc-cpp-guard-01=/usr/src/toolchain -ffile-prefix-map=C:/ap10-ca5f/git-full-01/bootstrap=/usr -fdebug-prefix-map=C:/ap10-ca5f/git-full-01/bootstrap=/usr -fmacro-prefix-map=C:/ap10-ca5f/git-full-01/bootstrap=/usr -fno-delete-null-pointer-checks -Wall -MT sm3.lo -MD -MP -MF .deps/sm3.Tpo -c sm3.c  -DDLL_EXPORT -DPIC -o .libs/sm3.o
libtool: compile:  gcc -DHAVE_CONFIG_H -I. -I.. -I../src -I../src -I../mpi -I../mpi -I/c/ap13-dcb/gnupg-core-01/builds/libgcrypt-1.12.2-1-02/sdk/usr/include -O2 -g -std=gnu17 -fstack-protector-strong -ffile-prefix-map=C:/ap13-dcb/gnupg-core-01/builds/libgcrypt-1.12.2-1-02=/usr/src/debug/libgcrypt-1.12.2 -fdebug-prefix-map=C:/ap13-dcb/gnupg-core-01/builds/libgcrypt-1.12.2-1-02=/usr/src/debug/libgcrypt-1.12.2 -fmacro-prefix-map=C:/ap13-dcb/gnupg-core-01/builds/libgcrypt-1.12.2-1-02=/usr/src/debug/libgcrypt-1.12.2 -ffile-prefix-map=C:/ag-e138920f/tc-cpp-guard-01=/usr/src/toolchain -fdebug-prefix-map=C:/ag-e138920f/tc-cpp-guard-01=/usr/src/toolchain -fmacro-prefix-map=C:/ag-e138920f/tc-cpp-guard-01=/usr/src/toolchain -ffile-prefix-map=C:/ap10-ca5f/git-full-01/bootstrap=/usr -fdebug-prefix-map=C:/ap10-ca5f/git-full-01/bootstrap=/usr -fmacro-prefix-map=C:/ap10-ca5f/git-full-01/bootstrap=/usr -fno-delete-null-pointer-checks -Wall -MT sm3.lo -MD -MP -MF .deps/sm3.Tpo -c sm3.c -o sm3.o >/dev/null 2>&1
mv -f .deps/sm3.Tpo .deps/sm3.Plo
/bin/sh ../libtool  --tag=CC   --mode=compile gcc -DHAVE_CONFIG_H -I. -I..  -I../src -I../src -I../mpi -I../mpi -I/c/ap13-dcb/gnupg-core-01/builds/libgcrypt-1.12.2-1-02/sdk/usr/include  -O2 -g -std=gnu17 -fstack-protector-strong -ffile-prefix-map=C:/ap13-dcb/gnupg-core-01/builds/libgcrypt-1.12.2-1-02=/usr/src/debug/libgcrypt-1.12.2 -fdebug-prefix-map=C:/ap13-dcb/gnupg-core-01/builds/libgcrypt-1.12.2-1-02=/usr/src/debug/libgcrypt-1.12.2 -fmacro-prefix-map=C:/ap13-dcb/gnupg-core-01/builds/libgcrypt-1.12.2-1-02=/usr/src/debug/libgcrypt-1.12.2 -ffile-prefix-map=C:/ag-e138920f/tc-cpp-guard-01=/usr/src/toolchain -fdebug-prefix-map=C:/ag-e138920f/tc-cpp-guard-01=/usr/src/toolchain -fmacro-prefix-map=C:/ag-e138920f/tc-cpp-guard-01=/usr/src/toolchain -ffile-prefix-map=C:/ap10-ca5f/git-full-01/bootstrap=/usr -fdebug-prefix-map=C:/ap10-ca5f/git-full-01/bootstrap=/usr -fmacro-prefix-map=C:/ap10-ca5f/git-full-01/bootstrap=/usr -fno-delete-null-pointer-checks -Wall -MT sha1.lo -MD -MP -MF .deps/sha1.Tpo -c -o sha1.lo sha1.c
libtool: compile:  gcc -DHAVE_CONFIG_H -I. -I.. -I../src -I../src -I../mpi -I../mpi -I/c/ap13-dcb/gnupg-core-01/builds/libgcrypt-1.12.2-1-02/sdk/usr/include -O2 -g -std=gnu17 -fstack-protector-strong -ffile-prefix-map=C:/ap13-dcb/gnupg-core-01/builds/libgcrypt-1.12.2-1-02=/usr/src/debug/libgcrypt-1.12.2 -fdebug-prefix-map=C:/ap13-dcb/gnupg-core-01/builds/libgcrypt-1.12.2-1-02=/usr/src/debug/libgcrypt-1.12.2 -fmacro-prefix-map=C:/ap13-dcb/gnupg-core-01/builds/libgcrypt-1.12.2-1-02=/usr/src/debug/libgcrypt-1.12.2 -ffile-prefix-map=C:/ag-e138920f/tc-cpp-guard-01=/usr/src/toolchain -fdebug-prefix-map=C:/ag-e138920f/tc-cpp-guard-01=/usr/src/toolchain -fmacro-prefix-map=C:/ag-e138920f/tc-cpp-guard-01=/usr/src/toolchain -ffile-prefix-map=C:/ap10-ca5f/git-full-01/bootstrap=/usr -fdebug-prefix-map=C:/ap10-ca5f/git-full-01/bootstrap=/usr -fmacro-prefix-map=C:/ap10-ca5f/git-full-01/bootstrap=/usr -fno-delete-null-pointer-checks -Wall -MT sha1.lo -MD -MP -MF .deps/sha1.Tpo -c sha1.c  -DDLL_EXPORT -DPIC -o .libs/sha1.o
libtool: compile:  gcc -DHAVE_CONFIG_H -I. -I.. -I../src -I../src -I../mpi -I../mpi -I/c/ap13-dcb/gnupg-core-01/builds/libgcrypt-1.12.2-1-02/sdk/usr/include -O2 -g -std=gnu17 -fstack-protector-strong -ffile-prefix-map=C:/ap13-dcb/gnupg-core-01/builds/libgcrypt-1.12.2-1-02=/usr/src/debug/libgcrypt-1.12.2 -fdebug-prefix-map=C:/ap13-dcb/gnupg-core-01/builds/libgcrypt-1.12.2-1-02=/usr/src/debug/libgcrypt-1.12.2 -fmacro-prefix-map=C:/ap13-dcb/gnupg-core-01/builds/libgcrypt-1.12.2-1-02=/usr/src/debug/libgcrypt-1.12.2 -ffile-prefix-map=C:/ag-e138920f/tc-cpp-guard-01=/usr/src/toolchain -fdebug-prefix-map=C:/ag-e138920f/tc-cpp-guard-01=/usr/src/toolchain -fmacro-prefix-map=C:/ag-e138920f/tc-cpp-guard-01=/usr/src/toolchain -ffile-prefix-map=C:/ap10-ca5f/git-full-01/bootstrap=/usr -fdebug-prefix-map=C:/ap10-ca5f/git-full-01/bootstrap=/usr -fmacro-prefix-map=C:/ap10-ca5f/git-full-01/bootstrap=/usr -fno-delete-null-pointer-checks -Wall -MT sha1.lo -MD -MP -MF .deps/sha1.Tpo -c sha1.c -o sha1.o >/dev/null 2>&1
mv -f .deps/sha1.Tpo .deps/sha1.Plo
/bin/sh ../libtool  --tag=CC   --mode=compile gcc -DHAVE_CONFIG_H -I. -I..  -I../src -I../src -I../mpi -I../mpi -I/c/ap13-dcb/gnupg-core-01/builds/libgcrypt-1.12.2-1-02/sdk/usr/include  -O2 -g -std=gnu17 -fstack-protector-strong -ffile-prefix-map=C:/ap13-dcb/gnupg-core-01/builds/libgcrypt-1.12.2-1-02=/usr/src/debug/libgcrypt-1.12.2 -fdebug-prefix-map=C:/ap13-dcb/gnupg-core-01/builds/libgcrypt-1.12.2-1-02=/usr/src/debug/libgcrypt-1.12.2 -fmacro-prefix-map=C:/ap13-dcb/gnupg-core-01/builds/libgcrypt-1.12.2-1-02=/usr/src/debug/libgcrypt-1.12.2 -ffile-prefix-map=C:/ag-e138920f/tc-cpp-guard-01=/usr/src/toolchain -fdebug-prefix-map=C:/ag-e138920f/tc-cpp-guard-01=/usr/src/toolchain -fmacro-prefix-map=C:/ag-e138920f/tc-cpp-guard-01=/usr/src/toolchain -ffile-prefix-map=C:/ap10-ca5f/git-full-01/bootstrap=/usr -fdebug-prefix-map=C:/ap10-ca5f/git-full-01/bootstrap=/usr -fmacro-prefix-map=C:/ap10-ca5f/git-full-01/bootstrap=/usr -fno-delete-null-pointer-checks -Wall -MT scrypt.lo -MD -MP -MF .deps/scrypt.Tpo -c -o scrypt.lo scrypt.c
libtool: compile:  gcc -DHAVE_CONFIG_H -I. -I.. -I../src -I../src -I../mpi -I../mpi -I/c/ap13-dcb/gnupg-core-01/builds/libgcrypt-1.12.2-1-02/sdk/usr/include -O2 -g -std=gnu17 -fstack-protector-strong -ffile-prefix-map=C:/ap13-dcb/gnupg-core-01/builds/libgcrypt-1.12.2-1-02=/usr/src/debug/libgcrypt-1.12.2 -fdebug-prefix-map=C:/ap13-dcb/gnupg-core-01/builds/libgcrypt-1.12.2-1-02=/usr/src/debug/libgcrypt-1.12.2 -fmacro-prefix-map=C:/ap13-dcb/gnupg-core-01/builds/libgcrypt-1.12.2-1-02=/usr/src/debug/libgcrypt-1.12.2 -ffile-prefix-map=C:/ag-e138920f/tc-cpp-guard-01=/usr/src/toolchain -fdebug-prefix-map=C:/ag-e138920f/tc-cpp-guard-01=/usr/src/toolchain -fmacro-prefix-map=C:/ag-e138920f/tc-cpp-guard-01=/usr/src/toolchain -ffile-prefix-map=C:/ap10-ca5f/git-full-01/bootstrap=/usr -fdebug-prefix-map=C:/ap10-ca5f/git-full-01/bootstrap=/usr -fmacro-prefix-map=C:/ap10-ca5f/git-full-01/bootstrap=/usr -fno-delete-null-pointer-checks -Wall -MT scrypt.lo -MD -MP -MF .deps/scrypt.Tpo -c scrypt.c  -DDLL_EXPORT -DPIC -o .libs/scrypt.o
libtool: compile:  gcc -DHAVE_CONFIG_H -I. -I.. -I../src -I../src -I../mpi -I../mpi -I/c/ap13-dcb/gnupg-core-01/builds/libgcrypt-1.12.2-1-02/sdk/usr/include -O2 -g -std=gnu17 -fstack-protector-strong -ffile-prefix-map=C:/ap13-dcb/gnupg-core-01/builds/libgcrypt-1.12.2-1-02=/usr/src/debug/libgcrypt-1.12.2 -fdebug-prefix-map=C:/ap13-dcb/gnupg-core-01/builds/libgcrypt-1.12.2-1-02=/usr/src/debug/libgcrypt-1.12.2 -fmacro-prefix-map=C:/ap13-dcb/gnupg-core-01/builds/libgcrypt-1.12.2-1-02=/usr/src/debug/libgcrypt-1.12.2 -ffile-prefix-map=C:/ag-e138920f/tc-cpp-guard-01=/usr/src/toolchain -fdebug-prefix-map=C:/ag-e138920f/tc-cpp-guard-01=/usr/src/toolchain -fmacro-prefix-map=C:/ag-e138920f/tc-cpp-guard-01=/usr/src/toolchain -ffile-prefix-map=C:/ap10-ca5f/git-full-01/bootstrap=/usr -fdebug-prefix-map=C:/ap10-ca5f/git-full-01/bootstrap=/usr -fmacro-prefix-map=C:/ap10-ca5f/git-full-01/bootstrap=/usr -fno-delete-null-pointer-checks -Wall -MT scrypt.lo -MD -MP -MF .deps/scrypt.Tpo -c scrypt.c -o scrypt.o >/dev/null 2>&1
mv -f .deps/scrypt.Tpo .deps/scrypt.Plo
/bin/sh ../libtool  --tag=CC   --mode=link gcc  -O2 -g -std=gnu17 -fstack-protector-strong -ffile-prefix-map=C:/ap13-dcb/gnupg-core-01/builds/libgcrypt-1.12.2-1-02=/usr/src/debug/libgcrypt-1.12.2 -fdebug-prefix-map=C:/ap13-dcb/gnupg-core-01/builds/libgcrypt-1.12.2-1-02=/usr/src/debug/libgcrypt-1.12.2 -fmacro-prefix-map=C:/ap13-dcb/gnupg-core-01/builds/libgcrypt-1.12.2-1-02=/usr/src/debug/libgcrypt-1.12.2 -ffile-prefix-map=C:/ag-e138920f/tc-cpp-guard-01=/usr/src/toolchain -fdebug-prefix-map=C:/ag-e138920f/tc-cpp-guard-01=/usr/src/toolchain -fmacro-prefix-map=C:/ag-e138920f/tc-cpp-guard-01=/usr/src/toolchain -ffile-prefix-map=C:/ap10-ca5f/git-full-01/bootstrap=/usr -fdebug-prefix-map=C:/ap10-ca5f/git-full-01/bootstrap=/usr -fmacro-prefix-map=C:/ap10-ca5f/git-full-01/bootstrap=/usr -fno-delete-null-pointer-checks -Wall  -L/c/ap13-dcb/gnupg-core-01/builds/libgcrypt-1.12.2-1-02/sdk/usr/lib -Wl,--no-insert-timestamp -o libcipher.la  cipher.lo cipher-cbc.lo cipher-cfb.lo cipher-ofb.lo cipher-ctr.lo cipher-aeswrap.lo cipher-ccm.lo cipher-cmac.lo cipher-gcm.lo cipher-poly1305.lo cipher-ocb.lo cipher-xts.lo cipher-eax.lo cipher-siv.lo cipher-gcm-siv.lo pubkey.lo pubkey-util.lo md.lo mac.lo mac-hmac.lo mac-cmac.lo mac-gmac.lo mac-poly1305.lo poly1305.lo kem.lo sntrup761.lo kem-ecc.lo mceliece6688128f.lo kdf.lo primegen.lo hash-common.lo dsa-common.lo rsa-common.lo arcfour.lo blowfish.lo cast5.lo des.lo rijndael.lo twofish.lo serpent.lo rfc2268.lo seed.lo camellia.lo camellia-glue.lo idea.lo salsa20.lo gost28147.lo chacha20.lo sm4.lo aria.lo  dsa.lo rsa.lo elgamal.lo                           ecc.lo ecc-curves.lo ecc-misc.lo                           ecc-ecdh.lo ecc-ecdsa.lo ecc-eddsa.lo ecc-gost.lo                           ecc-sm2.lo                           kyber.lo                           dilithium.lo pubkey-dilithium.lo crc.lo gostr3411-94.lo stribog.lo md4.lo md5.lo rmd160.lo sha256.lo sha512.lo keccak.lo tiger.lo whirlpool.lo blake2.lo sm3.lo sha1.lo  scrypt.lo 
libtool: link: ar cr .libs/libcipher.a .libs/cipher.o .libs/cipher-cbc.o .libs/cipher-cfb.o .libs/cipher-ofb.o .libs/cipher-ctr.o .libs/cipher-aeswrap.o .libs/cipher-ccm.o .libs/cipher-cmac.o .libs/cipher-gcm.o .libs/cipher-poly1305.o .libs/cipher-ocb.o .libs/cipher-xts.o .libs/cipher-eax.o .libs/cipher-siv.o .libs/cipher-gcm-siv.o .libs/pubkey.o .libs/pubkey-util.o .libs/md.o .libs/mac.o .libs/mac-hmac.o .libs/mac-cmac.o .libs/mac-gmac.o .libs/mac-poly1305.o .libs/poly1305.o .libs/kem.o .libs/sntrup761.o .libs/kem-ecc.o .libs/mceliece6688128f.o .libs/kdf.o .libs/primegen.o .libs/hash-common.o .libs/dsa-common.o .libs/rsa-common.o .libs/arcfour.o .libs/blowfish.o .libs/cast5.o .libs/des.o .libs/rijndael.o .libs/twofish.o .libs/serpent.o .libs/rfc2268.o .libs/seed.o .libs/camellia.o .libs/camellia-glue.o .libs/idea.o .libs/salsa20.o .libs/gost28147.o .libs/chacha20.o .libs/sm4.o .libs/aria.o .libs/dsa.o .libs/rsa.o .libs/elgamal.o .libs/ecc.o .libs/ecc-curves.o .libs/ecc-misc.o .libs/ecc-ecdh.o .libs/ecc-ecdsa.o .libs/ecc-eddsa.o .libs/ecc-gost.o .libs/ecc-sm2.o .libs/kyber.o .libs/dilithium.o .libs/pubkey-dilithium.o .libs/crc.o .libs/gostr3411-94.o .libs/stribog.o .libs/md4.o .libs/md5.o .libs/rmd160.o .libs/sha256.o .libs/sha512.o .libs/keccak.o .libs/tiger.o .libs/whirlpool.o .libs/blake2.o .libs/sm3.o .libs/sha1.o .libs/scrypt.o 
libtool: link: ranlib .libs/libcipher.a
libtool: link: ( cd ".libs" && rm -f "libcipher.la" && cp -pR "../libcipher.la" "libcipher.la" )
make[2]: Leaving directory '/c/ap13-dcb/gnupg-core-01/builds/libgcrypt-1.12.2-1-02/build/libgcrypt/src/libgcrypt-1.12.2/cipher'
Making all in random
make[2]: Entering directory '/c/ap13-dcb/gnupg-core-01/builds/libgcrypt-1.12.2-1-02/build/libgcrypt/src/libgcrypt-1.12.2/random'
/bin/sh ../libtool  --tag=CC   --mode=compile gcc -DHAVE_CONFIG_H -I. -I..  -I../src -I../src -I/c/ap13-dcb/gnupg-core-01/builds/libgcrypt-1.12.2-1-02/sdk/usr/include  -O2 -g -std=gnu17 -fstack-protector-strong -ffile-prefix-map=C:/ap13-dcb/gnupg-core-01/builds/libgcrypt-1.12.2-1-02=/usr/src/debug/libgcrypt-1.12.2 -fdebug-prefix-map=C:/ap13-dcb/gnupg-core-01/builds/libgcrypt-1.12.2-1-02=/usr/src/debug/libgcrypt-1.12.2 -fmacro-prefix-map=C:/ap13-dcb/gnupg-core-01/builds/libgcrypt-1.12.2-1-02=/usr/src/debug/libgcrypt-1.12.2 -ffile-prefix-map=C:/ag-e138920f/tc-cpp-guard-01=/usr/src/toolchain -fdebug-prefix-map=C:/ag-e138920f/tc-cpp-guard-01=/usr/src/toolchain -fmacro-prefix-map=C:/ag-e138920f/tc-cpp-guard-01=/usr/src/toolchain -ffile-prefix-map=C:/ap10-ca5f/git-full-01/bootstrap=/usr -fdebug-prefix-map=C:/ap10-ca5f/git-full-01/bootstrap=/usr -fmacro-prefix-map=C:/ap10-ca5f/git-full-01/bootstrap=/usr -fno-delete-null-pointer-checks -Wall -MT random.lo -MD -MP -MF .deps/random.Tpo -c -o random.lo random.c
libtool: compile:  gcc -DHAVE_CONFIG_H -I. -I.. -I../src -I../src -I/c/ap13-dcb/gnupg-core-01/builds/libgcrypt-1.12.2-1-02/sdk/usr/include -O2 -g -std=gnu17 -fstack-protector-strong -ffile-prefix-map=C:/ap13-dcb/gnupg-core-01/builds/libgcrypt-1.12.2-1-02=/usr/src/debug/libgcrypt-1.12.2 -fdebug-prefix-map=C:/ap13-dcb/gnupg-core-01/builds/libgcrypt-1.12.2-1-02=/usr/src/debug/libgcrypt-1.12.2 -fmacro-prefix-map=C:/ap13-dcb/gnupg-core-01/builds/libgcrypt-1.12.2-1-02=/usr/src/debug/libgcrypt-1.12.2 -ffile-prefix-map=C:/ag-e138920f/tc-cpp-guard-01=/usr/src/toolchain -fdebug-prefix-map=C:/ag-e138920f/tc-cpp-guard-01=/usr/src/toolchain -fmacro-prefix-map=C:/ag-e138920f/tc-cpp-guard-01=/usr/src/toolchain -ffile-prefix-map=C:/ap10-ca5f/git-full-01/bootstrap=/usr -fdebug-prefix-map=C:/ap10-ca5f/git-full-01/bootstrap=/usr -fmacro-prefix-map=C:/ap10-ca5f/git-full-01/bootstrap=/usr -fno-delete-null-pointer-checks -Wall -MT random.lo -MD -MP -MF .deps/random.Tpo -c random.c  -DDLL_EXPORT -DPIC -o .libs/random.o
In file included from random.c:35:
random.c: In function '_gcry_random_read_conf':
random.c:153:50: warning: array subscript has type 'char' [-Wchar-subscripts]
  153 |       for (p=buffer; my_isascii (*p) && isspace (*p); p++)
      |                                                  ^~
random.c:160:44: warning: array subscript has type 'char' [-Wchar-subscripts]
  160 |         if (my_isascii (*pend) && isspace (*pend))
      |                                            ^~~~~
libtool: compile:  gcc -DHAVE_CONFIG_H -I. -I.. -I../src -I../src -I/c/ap13-dcb/gnupg-core-01/builds/libgcrypt-1.12.2-1-02/sdk/usr/include -O2 -g -std=gnu17 -fstack-protector-strong -ffile-prefix-map=C:/ap13-dcb/gnupg-core-01/builds/libgcrypt-1.12.2-1-02=/usr/src/debug/libgcrypt-1.12.2 -fdebug-prefix-map=C:/ap13-dcb/gnupg-core-01/builds/libgcrypt-1.12.2-1-02=/usr/src/debug/libgcrypt-1.12.2 -fmacro-prefix-map=C:/ap13-dcb/gnupg-core-01/builds/libgcrypt-1.12.2-1-02=/usr/src/debug/libgcrypt-1.12.2 -ffile-prefix-map=C:/ag-e138920f/tc-cpp-guard-01=/usr/src/toolchain -fdebug-prefix-map=C:/ag-e138920f/tc-cpp-guard-01=/usr/src/toolchain -fmacro-prefix-map=C:/ag-e138920f/tc-cpp-guard-01=/usr/src/toolchain -ffile-prefix-map=C:/ap10-ca5f/git-full-01/bootstrap=/usr -fdebug-prefix-map=C:/ap10-ca5f/git-full-01/bootstrap=/usr -fmacro-prefix-map=C:/ap10-ca5f/git-full-01/bootstrap=/usr -fno-delete-null-pointer-checks -Wall -MT random.lo -MD -MP -MF .deps/random.Tpo -c random.c -o random.o >/dev/null 2>&1
mv -f .deps/random.Tpo .deps/random.Plo
/bin/sh ../libtool  --tag=CC   --mode=compile gcc -DHAVE_CONFIG_H -I. -I..  -I../src -I../src -I/c/ap13-dcb/gnupg-core-01/builds/libgcrypt-1.12.2-1-02/sdk/usr/include  -O2 -g -std=gnu17 -fstack-protector-strong -ffile-prefix-map=C:/ap13-dcb/gnupg-core-01/builds/libgcrypt-1.12.2-1-02=/usr/src/debug/libgcrypt-1.12.2 -fdebug-prefix-map=C:/ap13-dcb/gnupg-core-01/builds/libgcrypt-1.12.2-1-02=/usr/src/debug/libgcrypt-1.12.2 -fmacro-prefix-map=C:/ap13-dcb/gnupg-core-01/builds/libgcrypt-1.12.2-1-02=/usr/src/debug/libgcrypt-1.12.2 -ffile-prefix-map=C:/ag-e138920f/tc-cpp-guard-01=/usr/src/toolchain -fdebug-prefix-map=C:/ag-e138920f/tc-cpp-guard-01=/usr/src/toolchain -fmacro-prefix-map=C:/ag-e138920f/tc-cpp-guard-01=/usr/src/toolchain -ffile-prefix-map=C:/ap10-ca5f/git-full-01/bootstrap=/usr -fdebug-prefix-map=C:/ap10-ca5f/git-full-01/bootstrap=/usr -fmacro-prefix-map=C:/ap10-ca5f/git-full-01/bootstrap=/usr -fno-delete-null-pointer-checks -Wall -MT random-csprng.lo -MD -MP -MF .deps/random-csprng.Tpo -c -o random-csprng.lo random-csprng.c
libtool: compile:  gcc -DHAVE_CONFIG_H -I. -I.. -I../src -I../src -I/c/ap13-dcb/gnupg-core-01/builds/libgcrypt-1.12.2-1-02/sdk/usr/include -O2 -g -std=gnu17 -fstack-protector-strong -ffile-prefix-map=C:/ap13-dcb/gnupg-core-01/builds/libgcrypt-1.12.2-1-02=/usr/src/debug/libgcrypt-1.12.2 -fdebug-prefix-map=C:/ap13-dcb/gnupg-core-01/builds/libgcrypt-1.12.2-1-02=/usr/src/debug/libgcrypt-1.12.2 -fmacro-prefix-map=C:/ap13-dcb/gnupg-core-01/builds/libgcrypt-1.12.2-1-02=/usr/src/debug/libgcrypt-1.12.2 -ffile-prefix-map=C:/ag-e138920f/tc-cpp-guard-01=/usr/src/toolchain -fdebug-prefix-map=C:/ag-e138920f/tc-cpp-guard-01=/usr/src/toolchain -fmacro-prefix-map=C:/ag-e138920f/tc-cpp-guard-01=/usr/src/toolchain -ffile-prefix-map=C:/ap10-ca5f/git-full-01/bootstrap=/usr -fdebug-prefix-map=C:/ap10-ca5f/git-full-01/bootstrap=/usr -fmacro-prefix-map=C:/ap10-ca5f/git-full-01/bootstrap=/usr -fno-delete-null-pointer-checks -Wall -MT random-csprng.lo -MD -MP -MF .deps/random-csprng.Tpo -c random-csprng.c  -DDLL_EXPORT -DPIC -o .libs/random-csprng.o
libtool: compile:  gcc -DHAVE_CONFIG_H -I. -I.. -I../src -I../src -I/c/ap13-dcb/gnupg-core-01/builds/libgcrypt-1.12.2-1-02/sdk/usr/include -O2 -g -std=gnu17 -fstack-protector-strong -ffile-prefix-map=C:/ap13-dcb/gnupg-core-01/builds/libgcrypt-1.12.2-1-02=/usr/src/debug/libgcrypt-1.12.2 -fdebug-prefix-map=C:/ap13-dcb/gnupg-core-01/builds/libgcrypt-1.12.2-1-02=/usr/src/debug/libgcrypt-1.12.2 -fmacro-prefix-map=C:/ap13-dcb/gnupg-core-01/builds/libgcrypt-1.12.2-1-02=/usr/src/debug/libgcrypt-1.12.2 -ffile-prefix-map=C:/ag-e138920f/tc-cpp-guard-01=/usr/src/toolchain -fdebug-prefix-map=C:/ag-e138920f/tc-cpp-guard-01=/usr/src/toolchain -fmacro-prefix-map=C:/ag-e138920f/tc-cpp-guard-01=/usr/src/toolchain -ffile-prefix-map=C:/ap10-ca5f/git-full-01/bootstrap=/usr -fdebug-prefix-map=C:/ap10-ca5f/git-full-01/bootstrap=/usr -fmacro-prefix-map=C:/ap10-ca5f/git-full-01/bootstrap=/usr -fno-delete-null-pointer-checks -Wall -MT random-csprng.lo -MD -MP -MF .deps/random-csprng.Tpo -c random-csprng.c -o random-csprng.o >/dev/null 2>&1
mv -f .deps/random-csprng.Tpo .deps/random-csprng.Plo
/bin/sh ../libtool  --tag=CC   --mode=compile gcc -DHAVE_CONFIG_H -I. -I..  -I../src -I../src -I/c/ap13-dcb/gnupg-core-01/builds/libgcrypt-1.12.2-1-02/sdk/usr/include  -O2 -g -std=gnu17 -fstack-protector-strong -ffile-prefix-map=C:/ap13-dcb/gnupg-core-01/builds/libgcrypt-1.12.2-1-02=/usr/src/debug/libgcrypt-1.12.2 -fdebug-prefix-map=C:/ap13-dcb/gnupg-core-01/builds/libgcrypt-1.12.2-1-02=/usr/src/debug/libgcrypt-1.12.2 -fmacro-prefix-map=C:/ap13-dcb/gnupg-core-01/builds/libgcrypt-1.12.2-1-02=/usr/src/debug/libgcrypt-1.12.2 -ffile-prefix-map=C:/ag-e138920f/tc-cpp-guard-01=/usr/src/toolchain -fdebug-prefix-map=C:/ag-e138920f/tc-cpp-guard-01=/usr/src/toolchain -fmacro-prefix-map=C:/ag-e138920f/tc-cpp-guard-01=/usr/src/toolchain -ffile-prefix-map=C:/ap10-ca5f/git-full-01/bootstrap=/usr -fdebug-prefix-map=C:/ap10-ca5f/git-full-01/bootstrap=/usr -fmacro-prefix-map=C:/ap10-ca5f/git-full-01/bootstrap=/usr -fno-delete-null-pointer-checks -Wall -MT random-drbg.lo -MD -MP -MF .deps/random-drbg.Tpo -c -o random-drbg.lo random-drbg.c
libtool: compile:  gcc -DHAVE_CONFIG_H -I. -I.. -I../src -I../src -I/c/ap13-dcb/gnupg-core-01/builds/libgcrypt-1.12.2-1-02/sdk/usr/include -O2 -g -std=gnu17 -fstack-protector-strong -ffile-prefix-map=C:/ap13-dcb/gnupg-core-01/builds/libgcrypt-1.12.2-1-02=/usr/src/debug/libgcrypt-1.12.2 -fdebug-prefix-map=C:/ap13-dcb/gnupg-core-01/builds/libgcrypt-1.12.2-1-02=/usr/src/debug/libgcrypt-1.12.2 -fmacro-prefix-map=C:/ap13-dcb/gnupg-core-01/builds/libgcrypt-1.12.2-1-02=/usr/src/debug/libgcrypt-1.12.2 -ffile-prefix-map=C:/ag-e138920f/tc-cpp-guard-01=/usr/src/toolchain -fdebug-prefix-map=C:/ag-e138920f/tc-cpp-guard-01=/usr/src/toolchain -fmacro-prefix-map=C:/ag-e138920f/tc-cpp-guard-01=/usr/src/toolchain -ffile-prefix-map=C:/ap10-ca5f/git-full-01/bootstrap=/usr -fdebug-prefix-map=C:/ap10-ca5f/git-full-01/bootstrap=/usr -fmacro-prefix-map=C:/ap10-ca5f/git-full-01/bootstrap=/usr -fno-delete-null-pointer-checks -Wall -MT random-drbg.lo -MD -MP -MF .deps/random-drbg.Tpo -c random-drbg.c  -DDLL_EXPORT -DPIC -o .libs/random-drbg.o
libtool: compile:  gcc -DHAVE_CONFIG_H -I. -I.. -I../src -I../src -I/c/ap13-dcb/gnupg-core-01/builds/libgcrypt-1.12.2-1-02/sdk/usr/include -O2 -g -std=gnu17 -fstack-protector-strong -ffile-prefix-map=C:/ap13-dcb/gnupg-core-01/builds/libgcrypt-1.12.2-1-02=/usr/src/debug/libgcrypt-1.12.2 -fdebug-prefix-map=C:/ap13-dcb/gnupg-core-01/builds/libgcrypt-1.12.2-1-02=/usr/src/debug/libgcrypt-1.12.2 -fmacro-prefix-map=C:/ap13-dcb/gnupg-core-01/builds/libgcrypt-1.12.2-1-02=/usr/src/debug/libgcrypt-1.12.2 -ffile-prefix-map=C:/ag-e138920f/tc-cpp-guard-01=/usr/src/toolchain -fdebug-prefix-map=C:/ag-e138920f/tc-cpp-guard-01=/usr/src/toolchain -fmacro-prefix-map=C:/ag-e138920f/tc-cpp-guard-01=/usr/src/toolchain -ffile-prefix-map=C:/ap10-ca5f/git-full-01/bootstrap=/usr -fdebug-prefix-map=C:/ap10-ca5f/git-full-01/bootstrap=/usr -fmacro-prefix-map=C:/ap10-ca5f/git-full-01/bootstrap=/usr -fno-delete-null-pointer-checks -Wall -MT random-drbg.lo -MD -MP -MF .deps/random-drbg.Tpo -c random-drbg.c -o random-drbg.o >/dev/null 2>&1
mv -f .deps/random-drbg.Tpo .deps/random-drbg.Plo
/bin/sh ../libtool  --tag=CC   --mode=compile gcc -DHAVE_CONFIG_H -I. -I..  -I../src -I../src -I/c/ap13-dcb/gnupg-core-01/builds/libgcrypt-1.12.2-1-02/sdk/usr/include  -O2 -g -std=gnu17 -fstack-protector-strong -ffile-prefix-map=C:/ap13-dcb/gnupg-core-01/builds/libgcrypt-1.12.2-1-02=/usr/src/debug/libgcrypt-1.12.2 -fdebug-prefix-map=C:/ap13-dcb/gnupg-core-01/builds/libgcrypt-1.12.2-1-02=/usr/src/debug/libgcrypt-1.12.2 -fmacro-prefix-map=C:/ap13-dcb/gnupg-core-01/builds/libgcrypt-1.12.2-1-02=/usr/src/debug/libgcrypt-1.12.2 -ffile-prefix-map=C:/ag-e138920f/tc-cpp-guard-01=/usr/src/toolchain -fdebug-prefix-map=C:/ag-e138920f/tc-cpp-guard-01=/usr/src/toolchain -fmacro-prefix-map=C:/ag-e138920f/tc-cpp-guard-01=/usr/src/toolchain -ffile-prefix-map=C:/ap10-ca5f/git-full-01/bootstrap=/usr -fdebug-prefix-map=C:/ap10-ca5f/git-full-01/bootstrap=/usr -fmacro-prefix-map=C:/ap10-ca5f/git-full-01/bootstrap=/usr -fno-delete-null-pointer-checks -Wall -MT random-system.lo -MD -MP -MF .deps/random-system.Tpo -c -o random-system.lo random-system.c
libtool: compile:  gcc -DHAVE_CONFIG_H -I. -I.. -I../src -I../src -I/c/ap13-dcb/gnupg-core-01/builds/libgcrypt-1.12.2-1-02/sdk/usr/include -O2 -g -std=gnu17 -fstack-protector-strong -ffile-prefix-map=C:/ap13-dcb/gnupg-core-01/builds/libgcrypt-1.12.2-1-02=/usr/src/debug/libgcrypt-1.12.2 -fdebug-prefix-map=C:/ap13-dcb/gnupg-core-01/builds/libgcrypt-1.12.2-1-02=/usr/src/debug/libgcrypt-1.12.2 -fmacro-prefix-map=C:/ap13-dcb/gnupg-core-01/builds/libgcrypt-1.12.2-1-02=/usr/src/debug/libgcrypt-1.12.2 -ffile-prefix-map=C:/ag-e138920f/tc-cpp-guard-01=/usr/src/toolchain -fdebug-prefix-map=C:/ag-e138920f/tc-cpp-guard-01=/usr/src/toolchain -fmacro-prefix-map=C:/ag-e138920f/tc-cpp-guard-01=/usr/src/toolchain -ffile-prefix-map=C:/ap10-ca5f/git-full-01/bootstrap=/usr -fdebug-prefix-map=C:/ap10-ca5f/git-full-01/bootstrap=/usr -fmacro-prefix-map=C:/ap10-ca5f/git-full-01/bootstrap=/usr -fno-delete-null-pointer-checks -Wall -MT random-system.lo -MD -MP -MF .deps/random-system.Tpo -c random-system.c  -DDLL_EXPORT -DPIC -o .libs/random-system.o
libtool: compile:  gcc -DHAVE_CONFIG_H -I. -I.. -I../src -I../src -I/c/ap13-dcb/gnupg-core-01/builds/libgcrypt-1.12.2-1-02/sdk/usr/include -O2 -g -std=gnu17 -fstack-protector-strong -ffile-prefix-map=C:/ap13-dcb/gnupg-core-01/builds/libgcrypt-1.12.2-1-02=/usr/src/debug/libgcrypt-1.12.2 -fdebug-prefix-map=C:/ap13-dcb/gnupg-core-01/builds/libgcrypt-1.12.2-1-02=/usr/src/debug/libgcrypt-1.12.2 -fmacro-prefix-map=C:/ap13-dcb/gnupg-core-01/builds/libgcrypt-1.12.2-1-02=/usr/src/debug/libgcrypt-1.12.2 -ffile-prefix-map=C:/ag-e138920f/tc-cpp-guard-01=/usr/src/toolchain -fdebug-prefix-map=C:/ag-e138920f/tc-cpp-guard-01=/usr/src/toolchain -fmacro-prefix-map=C:/ag-e138920f/tc-cpp-guard-01=/usr/src/toolchain -ffile-prefix-map=C:/ap10-ca5f/git-full-01/bootstrap=/usr -fdebug-prefix-map=C:/ap10-ca5f/git-full-01/bootstrap=/usr -fmacro-prefix-map=C:/ap10-ca5f/git-full-01/bootstrap=/usr -fno-delete-null-pointer-checks -Wall -MT random-system.lo -MD -MP -MF .deps/random-system.Tpo -c random-system.c -o random-system.o >/dev/null 2>&1
mv -f .deps/random-system.Tpo .deps/random-system.Plo
`echo /bin/sh ../libtool  --tag=CC   --mode=compile gcc -DHAVE_CONFIG_H -I. -I..  -I../src -I../src -I/c/ap13-dcb/gnupg-core-01/builds/libgcrypt-1.12.2-1-02/sdk/usr/include  -O2 -g -std=gnu17 -fstack-protector-strong -ffile-prefix-map=C:/ap13-dcb/gnupg-core-01/builds/libgcrypt-1.12.2-1-02=/usr/src/debug/libgcrypt-1.12.2 -fdebug-prefix-map=C:/ap13-dcb/gnupg-core-01/builds/libgcrypt-1.12.2-1-02=/usr/src/debug/libgcrypt-1.12.2 -fmacro-prefix-map=C:/ap13-dcb/gnupg-core-01/builds/libgcrypt-1.12.2-1-02=/usr/src/debug/libgcrypt-1.12.2 -ffile-prefix-map=C:/ag-e138920f/tc-cpp-guard-01=/usr/src/toolchain -fdebug-prefix-map=C:/ag-e138920f/tc-cpp-guard-01=/usr/src/toolchain -fmacro-prefix-map=C:/ag-e138920f/tc-cpp-guard-01=/usr/src/toolchain -ffile-prefix-map=C:/ap10-ca5f/git-full-01/bootstrap=/usr -fdebug-prefix-map=C:/ap10-ca5f/git-full-01/bootstrap=/usr -fmacro-prefix-map=C:/ap10-ca5f/git-full-01/bootstrap=/usr -fno-delete-null-pointer-checks -Wall -c ./rndjent.c | sed -e 's/[[:blank:]]-O\([1-9sgz][1-9sgz]*\)/ -O0 /g' -e 's/[[:blank:]]-Ofast/ -O0 /g' `
libtool: compile:  gcc -DHAVE_CONFIG_H -I. -I.. -I../src -I../src -I/c/ap13-dcb/gnupg-core-01/builds/libgcrypt-1.12.2-1-02/sdk/usr/include -O0 -g -std=gnu17 -fstack-protector-strong -ffile-prefix-map=C:/ap13-dcb/gnupg-core-01/builds/libgcrypt-1.12.2-1-02=/usr/src/debug/libgcrypt-1.12.2 -fdebug-prefix-map=C:/ap13-dcb/gnupg-core-01/builds/libgcrypt-1.12.2-1-02=/usr/src/debug/libgcrypt-1.12.2 -fmacro-prefix-map=C:/ap13-dcb/gnupg-core-01/builds/libgcrypt-1.12.2-1-02=/usr/src/debug/libgcrypt-1.12.2 -ffile-prefix-map=C:/ag-e138920f/tc-cpp-guard-01=/usr/src/toolchain -fdebug-prefix-map=C:/ag-e138920f/tc-cpp-guard-01=/usr/src/toolchain -fmacro-prefix-map=C:/ag-e138920f/tc-cpp-guard-01=/usr/src/toolchain -ffile-prefix-map=C:/ap10-ca5f/git-full-01/bootstrap=/usr -fdebug-prefix-map=C:/ap10-ca5f/git-full-01/bootstrap=/usr -fmacro-prefix-map=C:/ap10-ca5f/git-full-01/bootstrap=/usr -fno-delete-null-pointer-checks -Wall -c ./rndjent.c  -DDLL_EXPORT -DPIC -o .libs/rndjent.o
libtool: compile:  gcc -DHAVE_CONFIG_H -I. -I.. -I../src -I../src -I/c/ap13-dcb/gnupg-core-01/builds/libgcrypt-1.12.2-1-02/sdk/usr/include -O0 -g -std=gnu17 -fstack-protector-strong -ffile-prefix-map=C:/ap13-dcb/gnupg-core-01/builds/libgcrypt-1.12.2-1-02=/usr/src/debug/libgcrypt-1.12.2 -fdebug-prefix-map=C:/ap13-dcb/gnupg-core-01/builds/libgcrypt-1.12.2-1-02=/usr/src/debug/libgcrypt-1.12.2 -fmacro-prefix-map=C:/ap13-dcb/gnupg-core-01/builds/libgcrypt-1.12.2-1-02=/usr/src/debug/libgcrypt-1.12.2 -ffile-prefix-map=C:/ag-e138920f/tc-cpp-guard-01=/usr/src/toolchain -fdebug-prefix-map=C:/ag-e138920f/tc-cpp-guard-01=/usr/src/toolchain -fmacro-prefix-map=C:/ag-e138920f/tc-cpp-guard-01=/usr/src/toolchain -ffile-prefix-map=C:/ap10-ca5f/git-full-01/bootstrap=/usr -fdebug-prefix-map=C:/ap10-ca5f/git-full-01/bootstrap=/usr -fmacro-prefix-map=C:/ap10-ca5f/git-full-01/bootstrap=/usr -fno-delete-null-pointer-checks -Wall -c ./rndjent.c -o rndjent.o >/dev/null 2>&1
/bin/sh ../libtool  --tag=CC   --mode=compile gcc -DHAVE_CONFIG_H -I. -I..  -I../src -I../src -I/c/ap13-dcb/gnupg-core-01/builds/libgcrypt-1.12.2-1-02/sdk/usr/include  -O2 -g -std=gnu17 -fstack-protector-strong -ffile-prefix-map=C:/ap13-dcb/gnupg-core-01/builds/libgcrypt-1.12.2-1-02=/usr/src/debug/libgcrypt-1.12.2 -fdebug-prefix-map=C:/ap13-dcb/gnupg-core-01/builds/libgcrypt-1.12.2-1-02=/usr/src/debug/libgcrypt-1.12.2 -fmacro-prefix-map=C:/ap13-dcb/gnupg-core-01/builds/libgcrypt-1.12.2-1-02=/usr/src/debug/libgcrypt-1.12.2 -ffile-prefix-map=C:/ag-e138920f/tc-cpp-guard-01=/usr/src/toolchain -fdebug-prefix-map=C:/ag-e138920f/tc-cpp-guard-01=/usr/src/toolchain -fmacro-prefix-map=C:/ag-e138920f/tc-cpp-guard-01=/usr/src/toolchain -ffile-prefix-map=C:/ap10-ca5f/git-full-01/bootstrap=/usr -fdebug-prefix-map=C:/ap10-ca5f/git-full-01/bootstrap=/usr -fmacro-prefix-map=C:/ap10-ca5f/git-full-01/bootstrap=/usr -fno-delete-null-pointer-checks -Wall -MT rndhw.lo -MD -MP -MF .deps/rndhw.Tpo -c -o rndhw.lo rndhw.c
libtool: compile:  gcc -DHAVE_CONFIG_H -I. -I.. -I../src -I../src -I/c/ap13-dcb/gnupg-core-01/builds/libgcrypt-1.12.2-1-02/sdk/usr/include -O2 -g -std=gnu17 -fstack-protector-strong -ffile-prefix-map=C:/ap13-dcb/gnupg-core-01/builds/libgcrypt-1.12.2-1-02=/usr/src/debug/libgcrypt-1.12.2 -fdebug-prefix-map=C:/ap13-dcb/gnupg-core-01/builds/libgcrypt-1.12.2-1-02=/usr/src/debug/libgcrypt-1.12.2 -fmacro-prefix-map=C:/ap13-dcb/gnupg-core-01/builds/libgcrypt-1.12.2-1-02=/usr/src/debug/libgcrypt-1.12.2 -ffile-prefix-map=C:/ag-e138920f/tc-cpp-guard-01=/usr/src/toolchain -fdebug-prefix-map=C:/ag-e138920f/tc-cpp-guard-01=/usr/src/toolchain -fmacro-prefix-map=C:/ag-e138920f/tc-cpp-guard-01=/usr/src/toolchain -ffile-prefix-map=C:/ap10-ca5f/git-full-01/bootstrap=/usr -fdebug-prefix-map=C:/ap10-ca5f/git-full-01/bootstrap=/usr -fmacro-prefix-map=C:/ap10-ca5f/git-full-01/bootstrap=/usr -fno-delete-null-pointer-checks -Wall -MT rndhw.lo -MD -MP -MF .deps/rndhw.Tpo -c rndhw.c  -DDLL_EXPORT -DPIC -o .libs/rndhw.o
libtool: compile:  gcc -DHAVE_CONFIG_H -I. -I.. -I../src -I../src -I/c/ap13-dcb/gnupg-core-01/builds/libgcrypt-1.12.2-1-02/sdk/usr/include -O2 -g -std=gnu17 -fstack-protector-strong -ffile-prefix-map=C:/ap13-dcb/gnupg-core-01/builds/libgcrypt-1.12.2-1-02=/usr/src/debug/libgcrypt-1.12.2 -fdebug-prefix-map=C:/ap13-dcb/gnupg-core-01/builds/libgcrypt-1.12.2-1-02=/usr/src/debug/libgcrypt-1.12.2 -fmacro-prefix-map=C:/ap13-dcb/gnupg-core-01/builds/libgcrypt-1.12.2-1-02=/usr/src/debug/libgcrypt-1.12.2 -ffile-prefix-map=C:/ag-e138920f/tc-cpp-guard-01=/usr/src/toolchain -fdebug-prefix-map=C:/ag-e138920f/tc-cpp-guard-01=/usr/src/toolchain -fmacro-prefix-map=C:/ag-e138920f/tc-cpp-guard-01=/usr/src/toolchain -ffile-prefix-map=C:/ap10-ca5f/git-full-01/bootstrap=/usr -fdebug-prefix-map=C:/ap10-ca5f/git-full-01/bootstrap=/usr -fmacro-prefix-map=C:/ap10-ca5f/git-full-01/bootstrap=/usr -fno-delete-null-pointer-checks -Wall -MT rndhw.lo -MD -MP -MF .deps/rndhw.Tpo -c rndhw.c -o rndhw.o >/dev/null 2>&1
mv -f .deps/rndhw.Tpo .deps/rndhw.Plo
/bin/sh ../libtool  --tag=CC   --mode=compile gcc -DHAVE_CONFIG_H -I. -I..  -I../src -I../src -I/c/ap13-dcb/gnupg-core-01/builds/libgcrypt-1.12.2-1-02/sdk/usr/include  -O2 -g -std=gnu17 -fstack-protector-strong -ffile-prefix-map=C:/ap13-dcb/gnupg-core-01/builds/libgcrypt-1.12.2-1-02=/usr/src/debug/libgcrypt-1.12.2 -fdebug-prefix-map=C:/ap13-dcb/gnupg-core-01/builds/libgcrypt-1.12.2-1-02=/usr/src/debug/libgcrypt-1.12.2 -fmacro-prefix-map=C:/ap13-dcb/gnupg-core-01/builds/libgcrypt-1.12.2-1-02=/usr/src/debug/libgcrypt-1.12.2 -ffile-prefix-map=C:/ag-e138920f/tc-cpp-guard-01=/usr/src/toolchain -fdebug-prefix-map=C:/ag-e138920f/tc-cpp-guard-01=/usr/src/toolchain -fmacro-prefix-map=C:/ag-e138920f/tc-cpp-guard-01=/usr/src/toolchain -ffile-prefix-map=C:/ap10-ca5f/git-full-01/bootstrap=/usr -fdebug-prefix-map=C:/ap10-ca5f/git-full-01/bootstrap=/usr -fmacro-prefix-map=C:/ap10-ca5f/git-full-01/bootstrap=/usr -fno-delete-null-pointer-checks -Wall -MT rndgetentropy.lo -MD -MP -MF .deps/rndgetentropy.Tpo -c -o rndgetentropy.lo rndgetentropy.c
libtool: compile:  gcc -DHAVE_CONFIG_H -I. -I.. -I../src -I../src -I/c/ap13-dcb/gnupg-core-01/builds/libgcrypt-1.12.2-1-02/sdk/usr/include -O2 -g -std=gnu17 -fstack-protector-strong -ffile-prefix-map=C:/ap13-dcb/gnupg-core-01/builds/libgcrypt-1.12.2-1-02=/usr/src/debug/libgcrypt-1.12.2 -fdebug-prefix-map=C:/ap13-dcb/gnupg-core-01/builds/libgcrypt-1.12.2-1-02=/usr/src/debug/libgcrypt-1.12.2 -fmacro-prefix-map=C:/ap13-dcb/gnupg-core-01/builds/libgcrypt-1.12.2-1-02=/usr/src/debug/libgcrypt-1.12.2 -ffile-prefix-map=C:/ag-e138920f/tc-cpp-guard-01=/usr/src/toolchain -fdebug-prefix-map=C:/ag-e138920f/tc-cpp-guard-01=/usr/src/toolchain -fmacro-prefix-map=C:/ag-e138920f/tc-cpp-guard-01=/usr/src/toolchain -ffile-prefix-map=C:/ap10-ca5f/git-full-01/bootstrap=/usr -fdebug-prefix-map=C:/ap10-ca5f/git-full-01/bootstrap=/usr -fmacro-prefix-map=C:/ap10-ca5f/git-full-01/bootstrap=/usr -fno-delete-null-pointer-checks -Wall -MT rndgetentropy.lo -MD -MP -MF .deps/rndgetentropy.Tpo -c rndgetentropy.c  -DDLL_EXPORT -DPIC -o .libs/rndgetentropy.o
libtool: compile:  gcc -DHAVE_CONFIG_H -I. -I.. -I../src -I../src -I/c/ap13-dcb/gnupg-core-01/builds/libgcrypt-1.12.2-1-02/sdk/usr/include -O2 -g -std=gnu17 -fstack-protector-strong -ffile-prefix-map=C:/ap13-dcb/gnupg-core-01/builds/libgcrypt-1.12.2-1-02=/usr/src/debug/libgcrypt-1.12.2 -fdebug-prefix-map=C:/ap13-dcb/gnupg-core-01/builds/libgcrypt-1.12.2-1-02=/usr/src/debug/libgcrypt-1.12.2 -fmacro-prefix-map=C:/ap13-dcb/gnupg-core-01/builds/libgcrypt-1.12.2-1-02=/usr/src/debug/libgcrypt-1.12.2 -ffile-prefix-map=C:/ag-e138920f/tc-cpp-guard-01=/usr/src/toolchain -fdebug-prefix-map=C:/ag-e138920f/tc-cpp-guard-01=/usr/src/toolchain -fmacro-prefix-map=C:/ag-e138920f/tc-cpp-guard-01=/usr/src/toolchain -ffile-prefix-map=C:/ap10-ca5f/git-full-01/bootstrap=/usr -fdebug-prefix-map=C:/ap10-ca5f/git-full-01/bootstrap=/usr -fmacro-prefix-map=C:/ap10-ca5f/git-full-01/bootstrap=/usr -fno-delete-null-pointer-checks -Wall -MT rndgetentropy.lo -MD -MP -MF .deps/rndgetentropy.Tpo -c rndgetentropy.c -o rndgetentropy.o >/dev/null 2>&1
mv -f .deps/rndgetentropy.Tpo .deps/rndgetentropy.Plo
/bin/sh ../libtool  --tag=CC   --mode=link gcc  -O2 -g -std=gnu17 -fstack-protector-strong -ffile-prefix-map=C:/ap13-dcb/gnupg-core-01/builds/libgcrypt-1.12.2-1-02=/usr/src/debug/libgcrypt-1.12.2 -fdebug-prefix-map=C:/ap13-dcb/gnupg-core-01/builds/libgcrypt-1.12.2-1-02=/usr/src/debug/libgcrypt-1.12.2 -fmacro-prefix-map=C:/ap13-dcb/gnupg-core-01/builds/libgcrypt-1.12.2-1-02=/usr/src/debug/libgcrypt-1.12.2 -ffile-prefix-map=C:/ag-e138920f/tc-cpp-guard-01=/usr/src/toolchain -fdebug-prefix-map=C:/ag-e138920f/tc-cpp-guard-01=/usr/src/toolchain -fmacro-prefix-map=C:/ag-e138920f/tc-cpp-guard-01=/usr/src/toolchain -ffile-prefix-map=C:/ap10-ca5f/git-full-01/bootstrap=/usr -fdebug-prefix-map=C:/ap10-ca5f/git-full-01/bootstrap=/usr -fmacro-prefix-map=C:/ap10-ca5f/git-full-01/bootstrap=/usr -fno-delete-null-pointer-checks -Wall  -L/c/ap13-dcb/gnupg-core-01/builds/libgcrypt-1.12.2-1-02/sdk/usr/lib -Wl,--no-insert-timestamp -o librandom.la  random.lo random-csprng.lo random-drbg.lo random-system.lo rndjent.lo rndhw.lo rndgetentropy.lo 
libtool: link: ar cr .libs/librandom.a .libs/random.o .libs/random-csprng.o .libs/random-drbg.o .libs/random-system.o .libs/rndjent.o .libs/rndhw.o .libs/rndgetentropy.o 
libtool: link: ranlib .libs/librandom.a
libtool: link: ( cd ".libs" && rm -f "librandom.la" && cp -pR "../librandom.la" "librandom.la" )
make[2]: Leaving directory '/c/ap13-dcb/gnupg-core-01/builds/libgcrypt-1.12.2-1-02/build/libgcrypt/src/libgcrypt-1.12.2/random'
Making all in src
make[2]: Entering directory '/c/ap13-dcb/gnupg-core-01/builds/libgcrypt-1.12.2-1-02/build/libgcrypt/src/libgcrypt-1.12.2/src'
gcc -DHAVE_CONFIG_H -I. -I..   -I/c/ap13-dcb/gnupg-core-01/builds/libgcrypt-1.12.2-1-02/sdk/usr/include  -O2 -g -std=gnu17 -fstack-protector-strong -ffile-prefix-map=C:/ap13-dcb/gnupg-core-01/builds/libgcrypt-1.12.2-1-02=/usr/src/debug/libgcrypt-1.12.2 -fdebug-prefix-map=C:/ap13-dcb/gnupg-core-01/builds/libgcrypt-1.12.2-1-02=/usr/src/debug/libgcrypt-1.12.2 -fmacro-prefix-map=C:/ap13-dcb/gnupg-core-01/builds/libgcrypt-1.12.2-1-02=/usr/src/debug/libgcrypt-1.12.2 -ffile-prefix-map=C:/ag-e138920f/tc-cpp-guard-01=/usr/src/toolchain -fdebug-prefix-map=C:/ag-e138920f/tc-cpp-guard-01=/usr/src/toolchain -fmacro-prefix-map=C:/ag-e138920f/tc-cpp-guard-01=/usr/src/toolchain -ffile-prefix-map=C:/ap10-ca5f/git-full-01/bootstrap=/usr -fdebug-prefix-map=C:/ap10-ca5f/git-full-01/bootstrap=/usr -fmacro-prefix-map=C:/ap10-ca5f/git-full-01/bootstrap=/usr -fno-delete-null-pointer-checks -Wall -MT dumpsexp-dumpsexp.o -MD -MP -MF .deps/dumpsexp-dumpsexp.Tpo -c -o dumpsexp-dumpsexp.o `test -f 'dumpsexp.c' || echo './'`dumpsexp.c
mv -f .deps/dumpsexp-dumpsexp.Tpo .deps/dumpsexp-dumpsexp.Po
/bin/sh ../libtool  --tag=CC   --mode=link gcc  -O2 -g -std=gnu17 -fstack-protector-strong -ffile-prefix-map=C:/ap13-dcb/gnupg-core-01/builds/libgcrypt-1.12.2-1-02=/usr/src/debug/libgcrypt-1.12.2 -fdebug-prefix-map=C:/ap13-dcb/gnupg-core-01/builds/libgcrypt-1.12.2-1-02=/usr/src/debug/libgcrypt-1.12.2 -fmacro-prefix-map=C:/ap13-dcb/gnupg-core-01/builds/libgcrypt-1.12.2-1-02=/usr/src/debug/libgcrypt-1.12.2 -ffile-prefix-map=C:/ag-e138920f/tc-cpp-guard-01=/usr/src/toolchain -fdebug-prefix-map=C:/ag-e138920f/tc-cpp-guard-01=/usr/src/toolchain -fmacro-prefix-map=C:/ag-e138920f/tc-cpp-guard-01=/usr/src/toolchain -ffile-prefix-map=C:/ap10-ca5f/git-full-01/bootstrap=/usr -fdebug-prefix-map=C:/ap10-ca5f/git-full-01/bootstrap=/usr -fmacro-prefix-map=C:/ap10-ca5f/git-full-01/bootstrap=/usr -fno-delete-null-pointer-checks -Wall  -L/c/ap13-dcb/gnupg-core-01/builds/libgcrypt-1.12.2-1-02/sdk/usr/lib -Wl,--no-insert-timestamp -o dumpsexp.exe dumpsexp-dumpsexp.o  
libtool: link: gcc -O2 -g -std=gnu17 -fstack-protector-strong -ffile-prefix-map=C:/ap13-dcb/gnupg-core-01/builds/libgcrypt-1.12.2-1-02=/usr/src/debug/libgcrypt-1.12.2 -fdebug-prefix-map=C:/ap13-dcb/gnupg-core-01/builds/libgcrypt-1.12.2-1-02=/usr/src/debug/libgcrypt-1.12.2 -fmacro-prefix-map=C:/ap13-dcb/gnupg-core-01/builds/libgcrypt-1.12.2-1-02=/usr/src/debug/libgcrypt-1.12.2 -ffile-prefix-map=C:/ag-e138920f/tc-cpp-guard-01=/usr/src/toolchain -fdebug-prefix-map=C:/ag-e138920f/tc-cpp-guard-01=/usr/src/toolchain -fmacro-prefix-map=C:/ag-e138920f/tc-cpp-guard-01=/usr/src/toolchain -ffile-prefix-map=C:/ap10-ca5f/git-full-01/bootstrap=/usr -fdebug-prefix-map=C:/ap10-ca5f/git-full-01/bootstrap=/usr -fmacro-prefix-map=C:/ap10-ca5f/git-full-01/bootstrap=/usr -fno-delete-null-pointer-checks -Wall -Wl,--no-insert-timestamp -o .libs/dumpsexp.exe dumpsexp-dumpsexp.o  -L/c/ap13-dcb/gnupg-core-01/builds/libgcrypt-1.12.2-1-02/sdk/usr/lib
gcc -DHAVE_CONFIG_H -I. -I..   -I/c/ap13-dcb/gnupg-core-01/builds/libgcrypt-1.12.2-1-02/sdk/usr/include -DSTANDALONE  -O2 -g -std=gnu17 -fstack-protector-strong -ffile-prefix-map=C:/ap13-dcb/gnupg-core-01/builds/libgcrypt-1.12.2-1-02=/usr/src/debug/libgcrypt-1.12.2 -fdebug-prefix-map=C:/ap13-dcb/gnupg-core-01/builds/libgcrypt-1.12.2-1-02=/usr/src/debug/libgcrypt-1.12.2 -fmacro-prefix-map=C:/ap13-dcb/gnupg-core-01/builds/libgcrypt-1.12.2-1-02=/usr/src/debug/libgcrypt-1.12.2 -ffile-prefix-map=C:/ag-e138920f/tc-cpp-guard-01=/usr/src/toolchain -fdebug-prefix-map=C:/ag-e138920f/tc-cpp-guard-01=/usr/src/toolchain -fmacro-prefix-map=C:/ag-e138920f/tc-cpp-guard-01=/usr/src/toolchain -ffile-prefix-map=C:/ap10-ca5f/git-full-01/bootstrap=/usr -fdebug-prefix-map=C:/ap10-ca5f/git-full-01/bootstrap=/usr -fmacro-prefix-map=C:/ap10-ca5f/git-full-01/bootstrap=/usr -fno-delete-null-pointer-checks -Wall -MT hmac256-hmac256.o -MD -MP -MF .deps/hmac256-hmac256.Tpo -c -o hmac256-hmac256.o `test -f 'hmac256.c' || echo './'`hmac256.c
mv -f .deps/hmac256-hmac256.Tpo .deps/hmac256-hmac256.Po
/bin/sh ../libtool  --tag=CC   --mode=link gcc -DSTANDALONE  -O2 -g -std=gnu17 -fstack-protector-strong -ffile-prefix-map=C:/ap13-dcb/gnupg-core-01/builds/libgcrypt-1.12.2-1-02=/usr/src/debug/libgcrypt-1.12.2 -fdebug-prefix-map=C:/ap13-dcb/gnupg-core-01/builds/libgcrypt-1.12.2-1-02=/usr/src/debug/libgcrypt-1.12.2 -fmacro-prefix-map=C:/ap13-dcb/gnupg-core-01/builds/libgcrypt-1.12.2-1-02=/usr/src/debug/libgcrypt-1.12.2 -ffile-prefix-map=C:/ag-e138920f/tc-cpp-guard-01=/usr/src/toolchain -fdebug-prefix-map=C:/ag-e138920f/tc-cpp-guard-01=/usr/src/toolchain -fmacro-prefix-map=C:/ag-e138920f/tc-cpp-guard-01=/usr/src/toolchain -ffile-prefix-map=C:/ap10-ca5f/git-full-01/bootstrap=/usr -fdebug-prefix-map=C:/ap10-ca5f/git-full-01/bootstrap=/usr -fmacro-prefix-map=C:/ap10-ca5f/git-full-01/bootstrap=/usr -fno-delete-null-pointer-checks -Wall  -L/c/ap13-dcb/gnupg-core-01/builds/libgcrypt-1.12.2-1-02/sdk/usr/lib -Wl,--no-insert-timestamp -o hmac256.exe hmac256-hmac256.o  
libtool: link: gcc -DSTANDALONE -O2 -g -std=gnu17 -fstack-protector-strong -ffile-prefix-map=C:/ap13-dcb/gnupg-core-01/builds/libgcrypt-1.12.2-1-02=/usr/src/debug/libgcrypt-1.12.2 -fdebug-prefix-map=C:/ap13-dcb/gnupg-core-01/builds/libgcrypt-1.12.2-1-02=/usr/src/debug/libgcrypt-1.12.2 -fmacro-prefix-map=C:/ap13-dcb/gnupg-core-01/builds/libgcrypt-1.12.2-1-02=/usr/src/debug/libgcrypt-1.12.2 -ffile-prefix-map=C:/ag-e138920f/tc-cpp-guard-01=/usr/src/toolchain -fdebug-prefix-map=C:/ag-e138920f/tc-cpp-guard-01=/usr/src/toolchain -fmacro-prefix-map=C:/ag-e138920f/tc-cpp-guard-01=/usr/src/toolchain -ffile-prefix-map=C:/ap10-ca5f/git-full-01/bootstrap=/usr -fdebug-prefix-map=C:/ap10-ca5f/git-full-01/bootstrap=/usr -fmacro-prefix-map=C:/ap10-ca5f/git-full-01/bootstrap=/usr -fno-delete-null-pointer-checks -Wall -Wl,--no-insert-timestamp -o .libs/hmac256.exe hmac256-hmac256.o  -L/c/ap13-dcb/gnupg-core-01/builds/libgcrypt-1.12.2-1-02/sdk/usr/lib
gcc -DHAVE_CONFIG_H -I. -I..   -I/c/ap13-dcb/gnupg-core-01/builds/libgcrypt-1.12.2-1-02/sdk/usr/include  -O2 -g -std=gnu17 -fstack-protector-strong -ffile-prefix-map=C:/ap13-dcb/gnupg-core-01/builds/libgcrypt-1.12.2-1-02=/usr/src/debug/libgcrypt-1.12.2 -fdebug-prefix-map=C:/ap13-dcb/gnupg-core-01/builds/libgcrypt-1.12.2-1-02=/usr/src/debug/libgcrypt-1.12.2 -fmacro-prefix-map=C:/ap13-dcb/gnupg-core-01/builds/libgcrypt-1.12.2-1-02=/usr/src/debug/libgcrypt-1.12.2 -ffile-prefix-map=C:/ag-e138920f/tc-cpp-guard-01=/usr/src/toolchain -fdebug-prefix-map=C:/ag-e138920f/tc-cpp-guard-01=/usr/src/toolchain -fmacro-prefix-map=C:/ag-e138920f/tc-cpp-guard-01=/usr/src/toolchain -ffile-prefix-map=C:/ap10-ca5f/git-full-01/bootstrap=/usr -fdebug-prefix-map=C:/ap10-ca5f/git-full-01/bootstrap=/usr -fmacro-prefix-map=C:/ap10-ca5f/git-full-01/bootstrap=/usr -fno-delete-null-pointer-checks -Wall -MT mpicalc-mpicalc.o -MD -MP -MF .deps/mpicalc-mpicalc.Tpo -c -o mpicalc-mpicalc.o `test -f 'mpicalc.c' || echo './'`mpicalc.c
mv -f .deps/mpicalc-mpicalc.Tpo .deps/mpicalc-mpicalc.Po
/bin/sh ../libtool  --tag=CC   --mode=compile gcc -DHAVE_CONFIG_H -I. -I..   -I/c/ap13-dcb/gnupg-core-01/builds/libgcrypt-1.12.2-1-02/sdk/usr/include   -O2 -g -std=gnu17 -fstack-protector-strong -ffile-prefix-map=C:/ap13-dcb/gnupg-core-01/builds/libgcrypt-1.12.2-1-02=/usr/src/debug/libgcrypt-1.12.2 -fdebug-prefix-map=C:/ap13-dcb/gnupg-core-01/builds/libgcrypt-1.12.2-1-02=/usr/src/debug/libgcrypt-1.12.2 -fmacro-prefix-map=C:/ap13-dcb/gnupg-core-01/builds/libgcrypt-1.12.2-1-02=/usr/src/debug/libgcrypt-1.12.2 -ffile-prefix-map=C:/ag-e138920f/tc-cpp-guard-01=/usr/src/toolchain -fdebug-prefix-map=C:/ag-e138920f/tc-cpp-guard-01=/usr/src/toolchain -fmacro-prefix-map=C:/ag-e138920f/tc-cpp-guard-01=/usr/src/toolchain -ffile-prefix-map=C:/ap10-ca5f/git-full-01/bootstrap=/usr -fdebug-prefix-map=C:/ap10-ca5f/git-full-01/bootstrap=/usr -fmacro-prefix-map=C:/ap10-ca5f/git-full-01/bootstrap=/usr -fno-delete-null-pointer-checks -Wall -MT libgcrypt_la-visibility.lo -MD -MP -MF .deps/libgcrypt_la-visibility.Tpo -c -o libgcrypt_la-visibility.lo `test -f 'visibility.c' || echo './'`visibility.c
libtool: compile:  gcc -DHAVE_CONFIG_H -I. -I.. -I/c/ap13-dcb/gnupg-core-01/builds/libgcrypt-1.12.2-1-02/sdk/usr/include -O2 -g -std=gnu17 -fstack-protector-strong -ffile-prefix-map=C:/ap13-dcb/gnupg-core-01/builds/libgcrypt-1.12.2-1-02=/usr/src/debug/libgcrypt-1.12.2 -fdebug-prefix-map=C:/ap13-dcb/gnupg-core-01/builds/libgcrypt-1.12.2-1-02=/usr/src/debug/libgcrypt-1.12.2 -fmacro-prefix-map=C:/ap13-dcb/gnupg-core-01/builds/libgcrypt-1.12.2-1-02=/usr/src/debug/libgcrypt-1.12.2 -ffile-prefix-map=C:/ag-e138920f/tc-cpp-guard-01=/usr/src/toolchain -fdebug-prefix-map=C:/ag-e138920f/tc-cpp-guard-01=/usr/src/toolchain -fmacro-prefix-map=C:/ag-e138920f/tc-cpp-guard-01=/usr/src/toolchain -ffile-prefix-map=C:/ap10-ca5f/git-full-01/bootstrap=/usr -fdebug-prefix-map=C:/ap10-ca5f/git-full-01/bootstrap=/usr -fmacro-prefix-map=C:/ap10-ca5f/git-full-01/bootstrap=/usr -fno-delete-null-pointer-checks -Wall -MT libgcrypt_la-visibility.lo -MD -MP -MF .deps/libgcrypt_la-visibility.Tpo -c visibility.c  -DDLL_EXPORT -DPIC -o .libs/libgcrypt_la-visibility.o
libtool: compile:  gcc -DHAVE_CONFIG_H -I. -I.. -I/c/ap13-dcb/gnupg-core-01/builds/libgcrypt-1.12.2-1-02/sdk/usr/include -O2 -g -std=gnu17 -fstack-protector-strong -ffile-prefix-map=C:/ap13-dcb/gnupg-core-01/builds/libgcrypt-1.12.2-1-02=/usr/src/debug/libgcrypt-1.12.2 -fdebug-prefix-map=C:/ap13-dcb/gnupg-core-01/builds/libgcrypt-1.12.2-1-02=/usr/src/debug/libgcrypt-1.12.2 -fmacro-prefix-map=C:/ap13-dcb/gnupg-core-01/builds/libgcrypt-1.12.2-1-02=/usr/src/debug/libgcrypt-1.12.2 -ffile-prefix-map=C:/ag-e138920f/tc-cpp-guard-01=/usr/src/toolchain -fdebug-prefix-map=C:/ag-e138920f/tc-cpp-guard-01=/usr/src/toolchain -fmacro-prefix-map=C:/ag-e138920f/tc-cpp-guard-01=/usr/src/toolchain -ffile-prefix-map=C:/ap10-ca5f/git-full-01/bootstrap=/usr -fdebug-prefix-map=C:/ap10-ca5f/git-full-01/bootstrap=/usr -fmacro-prefix-map=C:/ap10-ca5f/git-full-01/bootstrap=/usr -fno-delete-null-pointer-checks -Wall -MT libgcrypt_la-visibility.lo -MD -MP -MF .deps/libgcrypt_la-visibility.Tpo -c visibility.c -o libgcrypt_la-visibility.o >/dev/null 2>&1
mv -f .deps/libgcrypt_la-visibility.Tpo .deps/libgcrypt_la-visibility.Plo
/bin/sh ../libtool  --tag=CC   --mode=compile gcc -DHAVE_CONFIG_H -I. -I..   -I/c/ap13-dcb/gnupg-core-01/builds/libgcrypt-1.12.2-1-02/sdk/usr/include   -O2 -g -std=gnu17 -fstack-protector-strong -ffile-prefix-map=C:/ap13-dcb/gnupg-core-01/builds/libgcrypt-1.12.2-1-02=/usr/src/debug/libgcrypt-1.12.2 -fdebug-prefix-map=C:/ap13-dcb/gnupg-core-01/builds/libgcrypt-1.12.2-1-02=/usr/src/debug/libgcrypt-1.12.2 -fmacro-prefix-map=C:/ap13-dcb/gnupg-core-01/builds/libgcrypt-1.12.2-1-02=/usr/src/debug/libgcrypt-1.12.2 -ffile-prefix-map=C:/ag-e138920f/tc-cpp-guard-01=/usr/src/toolchain -fdebug-prefix-map=C:/ag-e138920f/tc-cpp-guard-01=/usr/src/toolchain -fmacro-prefix-map=C:/ag-e138920f/tc-cpp-guard-01=/usr/src/toolchain -ffile-prefix-map=C:/ap10-ca5f/git-full-01/bootstrap=/usr -fdebug-prefix-map=C:/ap10-ca5f/git-full-01/bootstrap=/usr -fmacro-prefix-map=C:/ap10-ca5f/git-full-01/bootstrap=/usr -fno-delete-null-pointer-checks -Wall -MT libgcrypt_la-misc.lo -MD -MP -MF .deps/libgcrypt_la-misc.Tpo -c -o libgcrypt_la-misc.lo `test -f 'misc.c' || echo './'`misc.c
libtool: compile:  gcc -DHAVE_CONFIG_H -I. -I.. -I/c/ap13-dcb/gnupg-core-01/builds/libgcrypt-1.12.2-1-02/sdk/usr/include -O2 -g -std=gnu17 -fstack-protector-strong -ffile-prefix-map=C:/ap13-dcb/gnupg-core-01/builds/libgcrypt-1.12.2-1-02=/usr/src/debug/libgcrypt-1.12.2 -fdebug-prefix-map=C:/ap13-dcb/gnupg-core-01/builds/libgcrypt-1.12.2-1-02=/usr/src/debug/libgcrypt-1.12.2 -fmacro-prefix-map=C:/ap13-dcb/gnupg-core-01/builds/libgcrypt-1.12.2-1-02=/usr/src/debug/libgcrypt-1.12.2 -ffile-prefix-map=C:/ag-e138920f/tc-cpp-guard-01=/usr/src/toolchain -fdebug-prefix-map=C:/ag-e138920f/tc-cpp-guard-01=/usr/src/toolchain -fmacro-prefix-map=C:/ag-e138920f/tc-cpp-guard-01=/usr/src/toolchain -ffile-prefix-map=C:/ap10-ca5f/git-full-01/bootstrap=/usr -fdebug-prefix-map=C:/ap10-ca5f/git-full-01/bootstrap=/usr -fmacro-prefix-map=C:/ap10-ca5f/git-full-01/bootstrap=/usr -fno-delete-null-pointer-checks -Wall -MT libgcrypt_la-misc.lo -MD -MP -MF .deps/libgcrypt_la-misc.Tpo -c misc.c  -DDLL_EXPORT -DPIC -o .libs/libgcrypt_la-misc.o
libtool: compile:  gcc -DHAVE_CONFIG_H -I. -I.. -I/c/ap13-dcb/gnupg-core-01/builds/libgcrypt-1.12.2-1-02/sdk/usr/include -O2 -g -std=gnu17 -fstack-protector-strong -ffile-prefix-map=C:/ap13-dcb/gnupg-core-01/builds/libgcrypt-1.12.2-1-02=/usr/src/debug/libgcrypt-1.12.2 -fdebug-prefix-map=C:/ap13-dcb/gnupg-core-01/builds/libgcrypt-1.12.2-1-02=/usr/src/debug/libgcrypt-1.12.2 -fmacro-prefix-map=C:/ap13-dcb/gnupg-core-01/builds/libgcrypt-1.12.2-1-02=/usr/src/debug/libgcrypt-1.12.2 -ffile-prefix-map=C:/ag-e138920f/tc-cpp-guard-01=/usr/src/toolchain -fdebug-prefix-map=C:/ag-e138920f/tc-cpp-guard-01=/usr/src/toolchain -fmacro-prefix-map=C:/ag-e138920f/tc-cpp-guard-01=/usr/src/toolchain -ffile-prefix-map=C:/ap10-ca5f/git-full-01/bootstrap=/usr -fdebug-prefix-map=C:/ap10-ca5f/git-full-01/bootstrap=/usr -fmacro-prefix-map=C:/ap10-ca5f/git-full-01/bootstrap=/usr -fno-delete-null-pointer-checks -Wall -MT libgcrypt_la-misc.lo -MD -MP -MF .deps/libgcrypt_la-misc.Tpo -c misc.c -o libgcrypt_la-misc.o >/dev/null 2>&1
mv -f .deps/libgcrypt_la-misc.Tpo .deps/libgcrypt_la-misc.Plo
/bin/sh ../libtool  --tag=CC   --mode=compile gcc -DHAVE_CONFIG_H -I. -I..   -I/c/ap13-dcb/gnupg-core-01/builds/libgcrypt-1.12.2-1-02/sdk/usr/include   -O2 -g -std=gnu17 -fstack-protector-strong -ffile-prefix-map=C:/ap13-dcb/gnupg-core-01/builds/libgcrypt-1.12.2-1-02=/usr/src/debug/libgcrypt-1.12.2 -fdebug-prefix-map=C:/ap13-dcb/gnupg-core-01/builds/libgcrypt-1.12.2-1-02=/usr/src/debug/libgcrypt-1.12.2 -fmacro-prefix-map=C:/ap13-dcb/gnupg-core-01/builds/libgcrypt-1.12.2-1-02=/usr/src/debug/libgcrypt-1.12.2 -ffile-prefix-map=C:/ag-e138920f/tc-cpp-guard-01=/usr/src/toolchain -fdebug-prefix-map=C:/ag-e138920f/tc-cpp-guard-01=/usr/src/toolchain -fmacro-prefix-map=C:/ag-e138920f/tc-cpp-guard-01=/usr/src/toolchain -ffile-prefix-map=C:/ap10-ca5f/git-full-01/bootstrap=/usr -fdebug-prefix-map=C:/ap10-ca5f/git-full-01/bootstrap=/usr -fmacro-prefix-map=C:/ap10-ca5f/git-full-01/bootstrap=/usr -fno-delete-null-pointer-checks -Wall -MT libgcrypt_la-global.lo -MD -MP -MF .deps/libgcrypt_la-global.Tpo -c -o libgcrypt_la-global.lo `test -f 'global.c' || echo './'`global.c
libtool: compile:  gcc -DHAVE_CONFIG_H -I. -I.. -I/c/ap13-dcb/gnupg-core-01/builds/libgcrypt-1.12.2-1-02/sdk/usr/include -O2 -g -std=gnu17 -fstack-protector-strong -ffile-prefix-map=C:/ap13-dcb/gnupg-core-01/builds/libgcrypt-1.12.2-1-02=/usr/src/debug/libgcrypt-1.12.2 -fdebug-prefix-map=C:/ap13-dcb/gnupg-core-01/builds/libgcrypt-1.12.2-1-02=/usr/src/debug/libgcrypt-1.12.2 -fmacro-prefix-map=C:/ap13-dcb/gnupg-core-01/builds/libgcrypt-1.12.2-1-02=/usr/src/debug/libgcrypt-1.12.2 -ffile-prefix-map=C:/ag-e138920f/tc-cpp-guard-01=/usr/src/toolchain -fdebug-prefix-map=C:/ag-e138920f/tc-cpp-guard-01=/usr/src/toolchain -fmacro-prefix-map=C:/ag-e138920f/tc-cpp-guard-01=/usr/src/toolchain -ffile-prefix-map=C:/ap10-ca5f/git-full-01/bootstrap=/usr -fdebug-prefix-map=C:/ap10-ca5f/git-full-01/bootstrap=/usr -fmacro-prefix-map=C:/ap10-ca5f/git-full-01/bootstrap=/usr -fno-delete-null-pointer-checks -Wall -MT libgcrypt_la-global.lo -MD -MP -MF .deps/libgcrypt_la-global.Tpo -c global.c  -DDLL_EXPORT -DPIC -o .libs/libgcrypt_la-global.o
In file included from global.c:29:
global.c: In function 'parse_version_number':
global.c:211:31: warning: array subscript has type 'char' [-Wchar-subscripts]
  211 |     if( *s == '0' && isdigit(s[1]) )
      |                              ~^~~
global.c:213:21: warning: array subscript has type 'char' [-Wchar-subscripts]
  213 |     for ( ; isdigit(*s); s++ ) {
      |                     ^~
libtool: compile:  gcc -DHAVE_CONFIG_H -I. -I.. -I/c/ap13-dcb/gnupg-core-01/builds/libgcrypt-1.12.2-1-02/sdk/usr/include -O2 -g -std=gnu17 -fstack-protector-strong -ffile-prefix-map=C:/ap13-dcb/gnupg-core-01/builds/libgcrypt-1.12.2-1-02=/usr/src/debug/libgcrypt-1.12.2 -fdebug-prefix-map=C:/ap13-dcb/gnupg-core-01/builds/libgcrypt-1.12.2-1-02=/usr/src/debug/libgcrypt-1.12.2 -fmacro-prefix-map=C:/ap13-dcb/gnupg-core-01/builds/libgcrypt-1.12.2-1-02=/usr/src/debug/libgcrypt-1.12.2 -ffile-prefix-map=C:/ag-e138920f/tc-cpp-guard-01=/usr/src/toolchain -fdebug-prefix-map=C:/ag-e138920f/tc-cpp-guard-01=/usr/src/toolchain -fmacro-prefix-map=C:/ag-e138920f/tc-cpp-guard-01=/usr/src/toolchain -ffile-prefix-map=C:/ap10-ca5f/git-full-01/bootstrap=/usr -fdebug-prefix-map=C:/ap10-ca5f/git-full-01/bootstrap=/usr -fmacro-prefix-map=C:/ap10-ca5f/git-full-01/bootstrap=/usr -fno-delete-null-pointer-checks -Wall -MT libgcrypt_la-global.lo -MD -MP -MF .deps/libgcrypt_la-global.Tpo -c global.c -o libgcrypt_la-global.o >/dev/null 2>&1
mv -f .deps/libgcrypt_la-global.Tpo .deps/libgcrypt_la-global.Plo
/bin/sh ../libtool  --tag=CC   --mode=compile gcc -DHAVE_CONFIG_H -I. -I..   -I/c/ap13-dcb/gnupg-core-01/builds/libgcrypt-1.12.2-1-02/sdk/usr/include   -O2 -g -std=gnu17 -fstack-protector-strong -ffile-prefix-map=C:/ap13-dcb/gnupg-core-01/builds/libgcrypt-1.12.2-1-02=/usr/src/debug/libgcrypt-1.12.2 -fdebug-prefix-map=C:/ap13-dcb/gnupg-core-01/builds/libgcrypt-1.12.2-1-02=/usr/src/debug/libgcrypt-1.12.2 -fmacro-prefix-map=C:/ap13-dcb/gnupg-core-01/builds/libgcrypt-1.12.2-1-02=/usr/src/debug/libgcrypt-1.12.2 -ffile-prefix-map=C:/ag-e138920f/tc-cpp-guard-01=/usr/src/toolchain -fdebug-prefix-map=C:/ag-e138920f/tc-cpp-guard-01=/usr/src/toolchain -fmacro-prefix-map=C:/ag-e138920f/tc-cpp-guard-01=/usr/src/toolchain -ffile-prefix-map=C:/ap10-ca5f/git-full-01/bootstrap=/usr -fdebug-prefix-map=C:/ap10-ca5f/git-full-01/bootstrap=/usr -fmacro-prefix-map=C:/ap10-ca5f/git-full-01/bootstrap=/usr -fno-delete-null-pointer-checks -Wall -MT libgcrypt_la-sexp.lo -MD -MP -MF .deps/libgcrypt_la-sexp.Tpo -c -o libgcrypt_la-sexp.lo `test -f 'sexp.c' || echo './'`sexp.c
libtool: compile:  gcc -DHAVE_CONFIG_H -I. -I.. -I/c/ap13-dcb/gnupg-core-01/builds/libgcrypt-1.12.2-1-02/sdk/usr/include -O2 -g -std=gnu17 -fstack-protector-strong -ffile-prefix-map=C:/ap13-dcb/gnupg-core-01/builds/libgcrypt-1.12.2-1-02=/usr/src/debug/libgcrypt-1.12.2 -fdebug-prefix-map=C:/ap13-dcb/gnupg-core-01/builds/libgcrypt-1.12.2-1-02=/usr/src/debug/libgcrypt-1.12.2 -fmacro-prefix-map=C:/ap13-dcb/gnupg-core-01/builds/libgcrypt-1.12.2-1-02=/usr/src/debug/libgcrypt-1.12.2 -ffile-prefix-map=C:/ag-e138920f/tc-cpp-guard-01=/usr/src/toolchain -fdebug-prefix-map=C:/ag-e138920f/tc-cpp-guard-01=/usr/src/toolchain -fmacro-prefix-map=C:/ag-e138920f/tc-cpp-guard-01=/usr/src/toolchain -ffile-prefix-map=C:/ap10-ca5f/git-full-01/bootstrap=/usr -fdebug-prefix-map=C:/ap10-ca5f/git-full-01/bootstrap=/usr -fmacro-prefix-map=C:/ap10-ca5f/git-full-01/bootstrap=/usr -fno-delete-null-pointer-checks -Wall -MT libgcrypt_la-sexp.lo -MD -MP -MF .deps/libgcrypt_la-sexp.Tpo -c sexp.c  -DDLL_EXPORT -DPIC -o .libs/libgcrypt_la-sexp.o
In file included from sexp.c:29:
sexp.c: In function 'do_vsexp_sscan':
sexp.c:1290:25: warning: array subscript has type 'char' [-Wchar-subscripts]
 1290 |           if (isxdigit (*p))
      |                         ^~
libtool: compile:  gcc -DHAVE_CONFIG_H -I. -I.. -I/c/ap13-dcb/gnupg-core-01/builds/libgcrypt-1.12.2-1-02/sdk/usr/include -O2 -g -std=gnu17 -fstack-protector-strong -ffile-prefix-map=C:/ap13-dcb/gnupg-core-01/builds/libgcrypt-1.12.2-1-02=/usr/src/debug/libgcrypt-1.12.2 -fdebug-prefix-map=C:/ap13-dcb/gnupg-core-01/builds/libgcrypt-1.12.2-1-02=/usr/src/debug/libgcrypt-1.12.2 -fmacro-prefix-map=C:/ap13-dcb/gnupg-core-01/builds/libgcrypt-1.12.2-1-02=/usr/src/debug/libgcrypt-1.12.2 -ffile-prefix-map=C:/ag-e138920f/tc-cpp-guard-01=/usr/src/toolchain -fdebug-prefix-map=C:/ag-e138920f/tc-cpp-guard-01=/usr/src/toolchain -fmacro-prefix-map=C:/ag-e138920f/tc-cpp-guard-01=/usr/src/toolchain -ffile-prefix-map=C:/ap10-ca5f/git-full-01/bootstrap=/usr -fdebug-prefix-map=C:/ap10-ca5f/git-full-01/bootstrap=/usr -fmacro-prefix-map=C:/ap10-ca5f/git-full-01/bootstrap=/usr -fno-delete-null-pointer-checks -Wall -MT libgcrypt_la-sexp.lo -MD -MP -MF .deps/libgcrypt_la-sexp.Tpo -c sexp.c -o libgcrypt_la-sexp.o >/dev/null 2>&1
mv -f .deps/libgcrypt_la-sexp.Tpo .deps/libgcrypt_la-sexp.Plo
/bin/sh ../libtool  --tag=CC   --mode=compile gcc -DHAVE_CONFIG_H -I. -I..   -I/c/ap13-dcb/gnupg-core-01/builds/libgcrypt-1.12.2-1-02/sdk/usr/include   -O2 -g -std=gnu17 -fstack-protector-strong -ffile-prefix-map=C:/ap13-dcb/gnupg-core-01/builds/libgcrypt-1.12.2-1-02=/usr/src/debug/libgcrypt-1.12.2 -fdebug-prefix-map=C:/ap13-dcb/gnupg-core-01/builds/libgcrypt-1.12.2-1-02=/usr/src/debug/libgcrypt-1.12.2 -fmacro-prefix-map=C:/ap13-dcb/gnupg-core-01/builds/libgcrypt-1.12.2-1-02=/usr/src/debug/libgcrypt-1.12.2 -ffile-prefix-map=C:/ag-e138920f/tc-cpp-guard-01=/usr/src/toolchain -fdebug-prefix-map=C:/ag-e138920f/tc-cpp-guard-01=/usr/src/toolchain -fmacro-prefix-map=C:/ag-e138920f/tc-cpp-guard-01=/usr/src/toolchain -ffile-prefix-map=C:/ap10-ca5f/git-full-01/bootstrap=/usr -fdebug-prefix-map=C:/ap10-ca5f/git-full-01/bootstrap=/usr -fmacro-prefix-map=C:/ap10-ca5f/git-full-01/bootstrap=/usr -fno-delete-null-pointer-checks -Wall -MT libgcrypt_la-hwfeatures.lo -MD -MP -MF .deps/libgcrypt_la-hwfeatures.Tpo -c -o libgcrypt_la-hwfeatures.lo `test -f 'hwfeatures.c' || echo './'`hwfeatures.c
libtool: compile:  gcc -DHAVE_CONFIG_H -I. -I.. -I/c/ap13-dcb/gnupg-core-01/builds/libgcrypt-1.12.2-1-02/sdk/usr/include -O2 -g -std=gnu17 -fstack-protector-strong -ffile-prefix-map=C:/ap13-dcb/gnupg-core-01/builds/libgcrypt-1.12.2-1-02=/usr/src/debug/libgcrypt-1.12.2 -fdebug-prefix-map=C:/ap13-dcb/gnupg-core-01/builds/libgcrypt-1.12.2-1-02=/usr/src/debug/libgcrypt-1.12.2 -fmacro-prefix-map=C:/ap13-dcb/gnupg-core-01/builds/libgcrypt-1.12.2-1-02=/usr/src/debug/libgcrypt-1.12.2 -ffile-prefix-map=C:/ag-e138920f/tc-cpp-guard-01=/usr/src/toolchain -fdebug-prefix-map=C:/ag-e138920f/tc-cpp-guard-01=/usr/src/toolchain -fmacro-prefix-map=C:/ag-e138920f/tc-cpp-guard-01=/usr/src/toolchain -ffile-prefix-map=C:/ap10-ca5f/git-full-01/bootstrap=/usr -fdebug-prefix-map=C:/ap10-ca5f/git-full-01/bootstrap=/usr -fmacro-prefix-map=C:/ap10-ca5f/git-full-01/bootstrap=/usr -fno-delete-null-pointer-checks -Wall -MT libgcrypt_la-hwfeatures.lo -MD -MP -MF .deps/libgcrypt_la-hwfeatures.Tpo -c hwfeatures.c  -DDLL_EXPORT -DPIC -o .libs/libgcrypt_la-hwfeatures.o
In file included from hwfeatures.c:23:
hwfeatures.c: In function 'parse_hwf_deny_file':
hwfeatures.c:252:50: warning: array subscript has type 'char' [-Wchar-subscripts]
  252 |       for (p=buffer; my_isascii (*p) && isspace (*p); p++)
      |                                                  ^~
hwfeatures.c:259:44: warning: array subscript has type 'char' [-Wchar-subscripts]
  259 |         if (my_isascii (*pend) && isspace (*pend))
      |                                            ^~~~~
libtool: compile:  gcc -DHAVE_CONFIG_H -I. -I.. -I/c/ap13-dcb/gnupg-core-01/builds/libgcrypt-1.12.2-1-02/sdk/usr/include -O2 -g -std=gnu17 -fstack-protector-strong -ffile-prefix-map=C:/ap13-dcb/gnupg-core-01/builds/libgcrypt-1.12.2-1-02=/usr/src/debug/libgcrypt-1.12.2 -fdebug-prefix-map=C:/ap13-dcb/gnupg-core-01/builds/libgcrypt-1.12.2-1-02=/usr/src/debug/libgcrypt-1.12.2 -fmacro-prefix-map=C:/ap13-dcb/gnupg-core-01/builds/libgcrypt-1.12.2-1-02=/usr/src/debug/libgcrypt-1.12.2 -ffile-prefix-map=C:/ag-e138920f/tc-cpp-guard-01=/usr/src/toolchain -fdebug-prefix-map=C:/ag-e138920f/tc-cpp-guard-01=/usr/src/toolchain -fmacro-prefix-map=C:/ag-e138920f/tc-cpp-guard-01=/usr/src/toolchain -ffile-prefix-map=C:/ap10-ca5f/git-full-01/bootstrap=/usr -fdebug-prefix-map=C:/ap10-ca5f/git-full-01/bootstrap=/usr -fmacro-prefix-map=C:/ap10-ca5f/git-full-01/bootstrap=/usr -fno-delete-null-pointer-checks -Wall -MT libgcrypt_la-hwfeatures.lo -MD -MP -MF .deps/libgcrypt_la-hwfeatures.Tpo -c hwfeatures.c -o libgcrypt_la-hwfeatures.o >/dev/null 2>&1
mv -f .deps/libgcrypt_la-hwfeatures.Tpo .deps/libgcrypt_la-hwfeatures.Plo
/bin/sh ../libtool  --tag=CC   --mode=compile gcc -DHAVE_CONFIG_H -I. -I..   -I/c/ap13-dcb/gnupg-core-01/builds/libgcrypt-1.12.2-1-02/sdk/usr/include   -O2 -g -std=gnu17 -fstack-protector-strong -ffile-prefix-map=C:/ap13-dcb/gnupg-core-01/builds/libgcrypt-1.12.2-1-02=/usr/src/debug/libgcrypt-1.12.2 -fdebug-prefix-map=C:/ap13-dcb/gnupg-core-01/builds/libgcrypt-1.12.2-1-02=/usr/src/debug/libgcrypt-1.12.2 -fmacro-prefix-map=C:/ap13-dcb/gnupg-core-01/builds/libgcrypt-1.12.2-1-02=/usr/src/debug/libgcrypt-1.12.2 -ffile-prefix-map=C:/ag-e138920f/tc-cpp-guard-01=/usr/src/toolchain -fdebug-prefix-map=C:/ag-e138920f/tc-cpp-guard-01=/usr/src/toolchain -fmacro-prefix-map=C:/ag-e138920f/tc-cpp-guard-01=/usr/src/toolchain -ffile-prefix-map=C:/ap10-ca5f/git-full-01/bootstrap=/usr -fdebug-prefix-map=C:/ap10-ca5f/git-full-01/bootstrap=/usr -fmacro-prefix-map=C:/ap10-ca5f/git-full-01/bootstrap=/usr -fno-delete-null-pointer-checks -Wall -MT libgcrypt_la-stdmem.lo -MD -MP -MF .deps/libgcrypt_la-stdmem.Tpo -c -o libgcrypt_la-stdmem.lo `test -f 'stdmem.c' || echo './'`stdmem.c
libtool: compile:  gcc -DHAVE_CONFIG_H -I. -I.. -I/c/ap13-dcb/gnupg-core-01/builds/libgcrypt-1.12.2-1-02/sdk/usr/include -O2 -g -std=gnu17 -fstack-protector-strong -ffile-prefix-map=C:/ap13-dcb/gnupg-core-01/builds/libgcrypt-1.12.2-1-02=/usr/src/debug/libgcrypt-1.12.2 -fdebug-prefix-map=C:/ap13-dcb/gnupg-core-01/builds/libgcrypt-1.12.2-1-02=/usr/src/debug/libgcrypt-1.12.2 -fmacro-prefix-map=C:/ap13-dcb/gnupg-core-01/builds/libgcrypt-1.12.2-1-02=/usr/src/debug/libgcrypt-1.12.2 -ffile-prefix-map=C:/ag-e138920f/tc-cpp-guard-01=/usr/src/toolchain -fdebug-prefix-map=C:/ag-e138920f/tc-cpp-guard-01=/usr/src/toolchain -fmacro-prefix-map=C:/ag-e138920f/tc-cpp-guard-01=/usr/src/toolchain -ffile-prefix-map=C:/ap10-ca5f/git-full-01/bootstrap=/usr -fdebug-prefix-map=C:/ap10-ca5f/git-full-01/bootstrap=/usr -fmacro-prefix-map=C:/ap10-ca5f/git-full-01/bootstrap=/usr -fno-delete-null-pointer-checks -Wall -MT libgcrypt_la-stdmem.lo -MD -MP -MF .deps/libgcrypt_la-stdmem.Tpo -c stdmem.c  -DDLL_EXPORT -DPIC -o .libs/libgcrypt_la-stdmem.o
libtool: compile:  gcc -DHAVE_CONFIG_H -I. -I.. -I/c/ap13-dcb/gnupg-core-01/builds/libgcrypt-1.12.2-1-02/sdk/usr/include -O2 -g -std=gnu17 -fstack-protector-strong -ffile-prefix-map=C:/ap13-dcb/gnupg-core-01/builds/libgcrypt-1.12.2-1-02=/usr/src/debug/libgcrypt-1.12.2 -fdebug-prefix-map=C:/ap13-dcb/gnupg-core-01/builds/libgcrypt-1.12.2-1-02=/usr/src/debug/libgcrypt-1.12.2 -fmacro-prefix-map=C:/ap13-dcb/gnupg-core-01/builds/libgcrypt-1.12.2-1-02=/usr/src/debug/libgcrypt-1.12.2 -ffile-prefix-map=C:/ag-e138920f/tc-cpp-guard-01=/usr/src/toolchain -fdebug-prefix-map=C:/ag-e138920f/tc-cpp-guard-01=/usr/src/toolchain -fmacro-prefix-map=C:/ag-e138920f/tc-cpp-guard-01=/usr/src/toolchain -ffile-prefix-map=C:/ap10-ca5f/git-full-01/bootstrap=/usr -fdebug-prefix-map=C:/ap10-ca5f/git-full-01/bootstrap=/usr -fmacro-prefix-map=C:/ap10-ca5f/git-full-01/bootstrap=/usr -fno-delete-null-pointer-checks -Wall -MT libgcrypt_la-stdmem.lo -MD -MP -MF .deps/libgcrypt_la-stdmem.Tpo -c stdmem.c -o libgcrypt_la-stdmem.o >/dev/null 2>&1
mv -f .deps/libgcrypt_la-stdmem.Tpo .deps/libgcrypt_la-stdmem.Plo
/bin/sh ../libtool  --tag=CC   --mode=compile gcc -DHAVE_CONFIG_H -I. -I..   -I/c/ap13-dcb/gnupg-core-01/builds/libgcrypt-1.12.2-1-02/sdk/usr/include   -O2 -g -std=gnu17 -fstack-protector-strong -ffile-prefix-map=C:/ap13-dcb/gnupg-core-01/builds/libgcrypt-1.12.2-1-02=/usr/src/debug/libgcrypt-1.12.2 -fdebug-prefix-map=C:/ap13-dcb/gnupg-core-01/builds/libgcrypt-1.12.2-1-02=/usr/src/debug/libgcrypt-1.12.2 -fmacro-prefix-map=C:/ap13-dcb/gnupg-core-01/builds/libgcrypt-1.12.2-1-02=/usr/src/debug/libgcrypt-1.12.2 -ffile-prefix-map=C:/ag-e138920f/tc-cpp-guard-01=/usr/src/toolchain -fdebug-prefix-map=C:/ag-e138920f/tc-cpp-guard-01=/usr/src/toolchain -fmacro-prefix-map=C:/ag-e138920f/tc-cpp-guard-01=/usr/src/toolchain -ffile-prefix-map=C:/ap10-ca5f/git-full-01/bootstrap=/usr -fdebug-prefix-map=C:/ap10-ca5f/git-full-01/bootstrap=/usr -fmacro-prefix-map=C:/ap10-ca5f/git-full-01/bootstrap=/usr -fno-delete-null-pointer-checks -Wall -MT libgcrypt_la-secmem.lo -MD -MP -MF .deps/libgcrypt_la-secmem.Tpo -c -o libgcrypt_la-secmem.lo `test -f 'secmem.c' || echo './'`secmem.c
libtool: compile:  gcc -DHAVE_CONFIG_H -I. -I.. -I/c/ap13-dcb/gnupg-core-01/builds/libgcrypt-1.12.2-1-02/sdk/usr/include -O2 -g -std=gnu17 -fstack-protector-strong -ffile-prefix-map=C:/ap13-dcb/gnupg-core-01/builds/libgcrypt-1.12.2-1-02=/usr/src/debug/libgcrypt-1.12.2 -fdebug-prefix-map=C:/ap13-dcb/gnupg-core-01/builds/libgcrypt-1.12.2-1-02=/usr/src/debug/libgcrypt-1.12.2 -fmacro-prefix-map=C:/ap13-dcb/gnupg-core-01/builds/libgcrypt-1.12.2-1-02=/usr/src/debug/libgcrypt-1.12.2 -ffile-prefix-map=C:/ag-e138920f/tc-cpp-guard-01=/usr/src/toolchain -fdebug-prefix-map=C:/ag-e138920f/tc-cpp-guard-01=/usr/src/toolchain -fmacro-prefix-map=C:/ag-e138920f/tc-cpp-guard-01=/usr/src/toolchain -ffile-prefix-map=C:/ap10-ca5f/git-full-01/bootstrap=/usr -fdebug-prefix-map=C:/ap10-ca5f/git-full-01/bootstrap=/usr -fmacro-prefix-map=C:/ap10-ca5f/git-full-01/bootstrap=/usr -fno-delete-null-pointer-checks -Wall -MT libgcrypt_la-secmem.lo -MD -MP -MF .deps/libgcrypt_la-secmem.Tpo -c secmem.c  -DDLL_EXPORT -DPIC -o .libs/libgcrypt_la-secmem.o
libtool: compile:  gcc -DHAVE_CONFIG_H -I. -I.. -I/c/ap13-dcb/gnupg-core-01/builds/libgcrypt-1.12.2-1-02/sdk/usr/include -O2 -g -std=gnu17 -fstack-protector-strong -ffile-prefix-map=C:/ap13-dcb/gnupg-core-01/builds/libgcrypt-1.12.2-1-02=/usr/src/debug/libgcrypt-1.12.2 -fdebug-prefix-map=C:/ap13-dcb/gnupg-core-01/builds/libgcrypt-1.12.2-1-02=/usr/src/debug/libgcrypt-1.12.2 -fmacro-prefix-map=C:/ap13-dcb/gnupg-core-01/builds/libgcrypt-1.12.2-1-02=/usr/src/debug/libgcrypt-1.12.2 -ffile-prefix-map=C:/ag-e138920f/tc-cpp-guard-01=/usr/src/toolchain -fdebug-prefix-map=C:/ag-e138920f/tc-cpp-guard-01=/usr/src/toolchain -fmacro-prefix-map=C:/ag-e138920f/tc-cpp-guard-01=/usr/src/toolchain -ffile-prefix-map=C:/ap10-ca5f/git-full-01/bootstrap=/usr -fdebug-prefix-map=C:/ap10-ca5f/git-full-01/bootstrap=/usr -fmacro-prefix-map=C:/ap10-ca5f/git-full-01/bootstrap=/usr -fno-delete-null-pointer-checks -Wall -MT libgcrypt_la-secmem.lo -MD -MP -MF .deps/libgcrypt_la-secmem.Tpo -c secmem.c -o libgcrypt_la-secmem.o >/dev/null 2>&1
mv -f .deps/libgcrypt_la-secmem.Tpo .deps/libgcrypt_la-secmem.Plo
/bin/sh ../libtool  --tag=CC   --mode=compile gcc -DHAVE_CONFIG_H -I. -I..   -I/c/ap13-dcb/gnupg-core-01/builds/libgcrypt-1.12.2-1-02/sdk/usr/include   -O2 -g -std=gnu17 -fstack-protector-strong -ffile-prefix-map=C:/ap13-dcb/gnupg-core-01/builds/libgcrypt-1.12.2-1-02=/usr/src/debug/libgcrypt-1.12.2 -fdebug-prefix-map=C:/ap13-dcb/gnupg-core-01/builds/libgcrypt-1.12.2-1-02=/usr/src/debug/libgcrypt-1.12.2 -fmacro-prefix-map=C:/ap13-dcb/gnupg-core-01/builds/libgcrypt-1.12.2-1-02=/usr/src/debug/libgcrypt-1.12.2 -ffile-prefix-map=C:/ag-e138920f/tc-cpp-guard-01=/usr/src/toolchain -fdebug-prefix-map=C:/ag-e138920f/tc-cpp-guard-01=/usr/src/toolchain -fmacro-prefix-map=C:/ag-e138920f/tc-cpp-guard-01=/usr/src/toolchain -ffile-prefix-map=C:/ap10-ca5f/git-full-01/bootstrap=/usr -fdebug-prefix-map=C:/ap10-ca5f/git-full-01/bootstrap=/usr -fmacro-prefix-map=C:/ap10-ca5f/git-full-01/bootstrap=/usr -fno-delete-null-pointer-checks -Wall -MT libgcrypt_la-missing-string.lo -MD -MP -MF .deps/libgcrypt_la-missing-string.Tpo -c -o libgcrypt_la-missing-string.lo `test -f 'missing-string.c' || echo './'`missing-string.c
libtool: compile:  gcc -DHAVE_CONFIG_H -I. -I.. -I/c/ap13-dcb/gnupg-core-01/builds/libgcrypt-1.12.2-1-02/sdk/usr/include -O2 -g -std=gnu17 -fstack-protector-strong -ffile-prefix-map=C:/ap13-dcb/gnupg-core-01/builds/libgcrypt-1.12.2-1-02=/usr/src/debug/libgcrypt-1.12.2 -fdebug-prefix-map=C:/ap13-dcb/gnupg-core-01/builds/libgcrypt-1.12.2-1-02=/usr/src/debug/libgcrypt-1.12.2 -fmacro-prefix-map=C:/ap13-dcb/gnupg-core-01/builds/libgcrypt-1.12.2-1-02=/usr/src/debug/libgcrypt-1.12.2 -ffile-prefix-map=C:/ag-e138920f/tc-cpp-guard-01=/usr/src/toolchain -fdebug-prefix-map=C:/ag-e138920f/tc-cpp-guard-01=/usr/src/toolchain -fmacro-prefix-map=C:/ag-e138920f/tc-cpp-guard-01=/usr/src/toolchain -ffile-prefix-map=C:/ap10-ca5f/git-full-01/bootstrap=/usr -fdebug-prefix-map=C:/ap10-ca5f/git-full-01/bootstrap=/usr -fmacro-prefix-map=C:/ap10-ca5f/git-full-01/bootstrap=/usr -fno-delete-null-pointer-checks -Wall -MT libgcrypt_la-missing-string.lo -MD -MP -MF .deps/libgcrypt_la-missing-string.Tpo -c missing-string.c  -DDLL_EXPORT -DPIC -o .libs/libgcrypt_la-missing-string.o
libtool: compile:  gcc -DHAVE_CONFIG_H -I. -I.. -I/c/ap13-dcb/gnupg-core-01/builds/libgcrypt-1.12.2-1-02/sdk/usr/include -O2 -g -std=gnu17 -fstack-protector-strong -ffile-prefix-map=C:/ap13-dcb/gnupg-core-01/builds/libgcrypt-1.12.2-1-02=/usr/src/debug/libgcrypt-1.12.2 -fdebug-prefix-map=C:/ap13-dcb/gnupg-core-01/builds/libgcrypt-1.12.2-1-02=/usr/src/debug/libgcrypt-1.12.2 -fmacro-prefix-map=C:/ap13-dcb/gnupg-core-01/builds/libgcrypt-1.12.2-1-02=/usr/src/debug/libgcrypt-1.12.2 -ffile-prefix-map=C:/ag-e138920f/tc-cpp-guard-01=/usr/src/toolchain -fdebug-prefix-map=C:/ag-e138920f/tc-cpp-guard-01=/usr/src/toolchain -fmacro-prefix-map=C:/ag-e138920f/tc-cpp-guard-01=/usr/src/toolchain -ffile-prefix-map=C:/ap10-ca5f/git-full-01/bootstrap=/usr -fdebug-prefix-map=C:/ap10-ca5f/git-full-01/bootstrap=/usr -fmacro-prefix-map=C:/ap10-ca5f/git-full-01/bootstrap=/usr -fno-delete-null-pointer-checks -Wall -MT libgcrypt_la-missing-string.lo -MD -MP -MF .deps/libgcrypt_la-missing-string.Tpo -c missing-string.c -o libgcrypt_la-missing-string.o >/dev/null 2>&1
mv -f .deps/libgcrypt_la-missing-string.Tpo .deps/libgcrypt_la-missing-string.Plo
/bin/sh ../libtool  --tag=CC   --mode=compile gcc -DHAVE_CONFIG_H -I. -I..   -I/c/ap13-dcb/gnupg-core-01/builds/libgcrypt-1.12.2-1-02/sdk/usr/include   -O2 -g -std=gnu17 -fstack-protector-strong -ffile-prefix-map=C:/ap13-dcb/gnupg-core-01/builds/libgcrypt-1.12.2-1-02=/usr/src/debug/libgcrypt-1.12.2 -fdebug-prefix-map=C:/ap13-dcb/gnupg-core-01/builds/libgcrypt-1.12.2-1-02=/usr/src/debug/libgcrypt-1.12.2 -fmacro-prefix-map=C:/ap13-dcb/gnupg-core-01/builds/libgcrypt-1.12.2-1-02=/usr/src/debug/libgcrypt-1.12.2 -ffile-prefix-map=C:/ag-e138920f/tc-cpp-guard-01=/usr/src/toolchain -fdebug-prefix-map=C:/ag-e138920f/tc-cpp-guard-01=/usr/src/toolchain -fmacro-prefix-map=C:/ag-e138920f/tc-cpp-guard-01=/usr/src/toolchain -ffile-prefix-map=C:/ap10-ca5f/git-full-01/bootstrap=/usr -fdebug-prefix-map=C:/ap10-ca5f/git-full-01/bootstrap=/usr -fmacro-prefix-map=C:/ap10-ca5f/git-full-01/bootstrap=/usr -fno-delete-null-pointer-checks -Wall -MT libgcrypt_la-fips.lo -MD -MP -MF .deps/libgcrypt_la-fips.Tpo -c -o libgcrypt_la-fips.lo `test -f 'fips.c' || echo './'`fips.c
libtool: compile:  gcc -DHAVE_CONFIG_H -I. -I.. -I/c/ap13-dcb/gnupg-core-01/builds/libgcrypt-1.12.2-1-02/sdk/usr/include -O2 -g -std=gnu17 -fstack-protector-strong -ffile-prefix-map=C:/ap13-dcb/gnupg-core-01/builds/libgcrypt-1.12.2-1-02=/usr/src/debug/libgcrypt-1.12.2 -fdebug-prefix-map=C:/ap13-dcb/gnupg-core-01/builds/libgcrypt-1.12.2-1-02=/usr/src/debug/libgcrypt-1.12.2 -fmacro-prefix-map=C:/ap13-dcb/gnupg-core-01/builds/libgcrypt-1.12.2-1-02=/usr/src/debug/libgcrypt-1.12.2 -ffile-prefix-map=C:/ag-e138920f/tc-cpp-guard-01=/usr/src/toolchain -fdebug-prefix-map=C:/ag-e138920f/tc-cpp-guard-01=/usr/src/toolchain -fmacro-prefix-map=C:/ag-e138920f/tc-cpp-guard-01=/usr/src/toolchain -ffile-prefix-map=C:/ap10-ca5f/git-full-01/bootstrap=/usr -fdebug-prefix-map=C:/ap10-ca5f/git-full-01/bootstrap=/usr -fmacro-prefix-map=C:/ap10-ca5f/git-full-01/bootstrap=/usr -fno-delete-null-pointer-checks -Wall -MT libgcrypt_la-fips.lo -MD -MP -MF .deps/libgcrypt_la-fips.Tpo -c fips.c  -DDLL_EXPORT -DPIC -o .libs/libgcrypt_la-fips.o
libtool: compile:  gcc -DHAVE_CONFIG_H -I. -I.. -I/c/ap13-dcb/gnupg-core-01/builds/libgcrypt-1.12.2-1-02/sdk/usr/include -O2 -g -std=gnu17 -fstack-protector-strong -ffile-prefix-map=C:/ap13-dcb/gnupg-core-01/builds/libgcrypt-1.12.2-1-02=/usr/src/debug/libgcrypt-1.12.2 -fdebug-prefix-map=C:/ap13-dcb/gnupg-core-01/builds/libgcrypt-1.12.2-1-02=/usr/src/debug/libgcrypt-1.12.2 -fmacro-prefix-map=C:/ap13-dcb/gnupg-core-01/builds/libgcrypt-1.12.2-1-02=/usr/src/debug/libgcrypt-1.12.2 -ffile-prefix-map=C:/ag-e138920f/tc-cpp-guard-01=/usr/src/toolchain -fdebug-prefix-map=C:/ag-e138920f/tc-cpp-guard-01=/usr/src/toolchain -fmacro-prefix-map=C:/ag-e138920f/tc-cpp-guard-01=/usr/src/toolchain -ffile-prefix-map=C:/ap10-ca5f/git-full-01/bootstrap=/usr -fdebug-prefix-map=C:/ap10-ca5f/git-full-01/bootstrap=/usr -fmacro-prefix-map=C:/ap10-ca5f/git-full-01/bootstrap=/usr -fno-delete-null-pointer-checks -Wall -MT libgcrypt_la-fips.lo -MD -MP -MF .deps/libgcrypt_la-fips.Tpo -c fips.c -o libgcrypt_la-fips.o >/dev/null 2>&1
mv -f .deps/libgcrypt_la-fips.Tpo .deps/libgcrypt_la-fips.Plo
/bin/sh ../libtool  --tag=CC   --mode=compile gcc -DHAVE_CONFIG_H -I. -I..   -I/c/ap13-dcb/gnupg-core-01/builds/libgcrypt-1.12.2-1-02/sdk/usr/include   -O2 -g -std=gnu17 -fstack-protector-strong -ffile-prefix-map=C:/ap13-dcb/gnupg-core-01/builds/libgcrypt-1.12.2-1-02=/usr/src/debug/libgcrypt-1.12.2 -fdebug-prefix-map=C:/ap13-dcb/gnupg-core-01/builds/libgcrypt-1.12.2-1-02=/usr/src/debug/libgcrypt-1.12.2 -fmacro-prefix-map=C:/ap13-dcb/gnupg-core-01/builds/libgcrypt-1.12.2-1-02=/usr/src/debug/libgcrypt-1.12.2 -ffile-prefix-map=C:/ag-e138920f/tc-cpp-guard-01=/usr/src/toolchain -fdebug-prefix-map=C:/ag-e138920f/tc-cpp-guard-01=/usr/src/toolchain -fmacro-prefix-map=C:/ag-e138920f/tc-cpp-guard-01=/usr/src/toolchain -ffile-prefix-map=C:/ap10-ca5f/git-full-01/bootstrap=/usr -fdebug-prefix-map=C:/ap10-ca5f/git-full-01/bootstrap=/usr -fmacro-prefix-map=C:/ap10-ca5f/git-full-01/bootstrap=/usr -fno-delete-null-pointer-checks -Wall -MT libgcrypt_la-context.lo -MD -MP -MF .deps/libgcrypt_la-context.Tpo -c -o libgcrypt_la-context.lo `test -f 'context.c' || echo './'`context.c
libtool: compile:  gcc -DHAVE_CONFIG_H -I. -I.. -I/c/ap13-dcb/gnupg-core-01/builds/libgcrypt-1.12.2-1-02/sdk/usr/include -O2 -g -std=gnu17 -fstack-protector-strong -ffile-prefix-map=C:/ap13-dcb/gnupg-core-01/builds/libgcrypt-1.12.2-1-02=/usr/src/debug/libgcrypt-1.12.2 -fdebug-prefix-map=C:/ap13-dcb/gnupg-core-01/builds/libgcrypt-1.12.2-1-02=/usr/src/debug/libgcrypt-1.12.2 -fmacro-prefix-map=C:/ap13-dcb/gnupg-core-01/builds/libgcrypt-1.12.2-1-02=/usr/src/debug/libgcrypt-1.12.2 -ffile-prefix-map=C:/ag-e138920f/tc-cpp-guard-01=/usr/src/toolchain -fdebug-prefix-map=C:/ag-e138920f/tc-cpp-guard-01=/usr/src/toolchain -fmacro-prefix-map=C:/ag-e138920f/tc-cpp-guard-01=/usr/src/toolchain -ffile-prefix-map=C:/ap10-ca5f/git-full-01/bootstrap=/usr -fdebug-prefix-map=C:/ap10-ca5f/git-full-01/bootstrap=/usr -fmacro-prefix-map=C:/ap10-ca5f/git-full-01/bootstrap=/usr -fno-delete-null-pointer-checks -Wall -MT libgcrypt_la-context.lo -MD -MP -MF .deps/libgcrypt_la-context.Tpo -c context.c  -DDLL_EXPORT -DPIC -o .libs/libgcrypt_la-context.o
libtool: compile:  gcc -DHAVE_CONFIG_H -I. -I.. -I/c/ap13-dcb/gnupg-core-01/builds/libgcrypt-1.12.2-1-02/sdk/usr/include -O2 -g -std=gnu17 -fstack-protector-strong -ffile-prefix-map=C:/ap13-dcb/gnupg-core-01/builds/libgcrypt-1.12.2-1-02=/usr/src/debug/libgcrypt-1.12.2 -fdebug-prefix-map=C:/ap13-dcb/gnupg-core-01/builds/libgcrypt-1.12.2-1-02=/usr/src/debug/libgcrypt-1.12.2 -fmacro-prefix-map=C:/ap13-dcb/gnupg-core-01/builds/libgcrypt-1.12.2-1-02=/usr/src/debug/libgcrypt-1.12.2 -ffile-prefix-map=C:/ag-e138920f/tc-cpp-guard-01=/usr/src/toolchain -fdebug-prefix-map=C:/ag-e138920f/tc-cpp-guard-01=/usr/src/toolchain -fmacro-prefix-map=C:/ag-e138920f/tc-cpp-guard-01=/usr/src/toolchain -ffile-prefix-map=C:/ap10-ca5f/git-full-01/bootstrap=/usr -fdebug-prefix-map=C:/ap10-ca5f/git-full-01/bootstrap=/usr -fmacro-prefix-map=C:/ap10-ca5f/git-full-01/bootstrap=/usr -fno-delete-null-pointer-checks -Wall -MT libgcrypt_la-context.lo -MD -MP -MF .deps/libgcrypt_la-context.Tpo -c context.c -o libgcrypt_la-context.o >/dev/null 2>&1
mv -f .deps/libgcrypt_la-context.Tpo .deps/libgcrypt_la-context.Plo
/bin/sh ../libtool  --tag=CC   --mode=compile gcc -DHAVE_CONFIG_H -I. -I..   -I/c/ap13-dcb/gnupg-core-01/builds/libgcrypt-1.12.2-1-02/sdk/usr/include   -O2 -g -std=gnu17 -fstack-protector-strong -ffile-prefix-map=C:/ap13-dcb/gnupg-core-01/builds/libgcrypt-1.12.2-1-02=/usr/src/debug/libgcrypt-1.12.2 -fdebug-prefix-map=C:/ap13-dcb/gnupg-core-01/builds/libgcrypt-1.12.2-1-02=/usr/src/debug/libgcrypt-1.12.2 -fmacro-prefix-map=C:/ap13-dcb/gnupg-core-01/builds/libgcrypt-1.12.2-1-02=/usr/src/debug/libgcrypt-1.12.2 -ffile-prefix-map=C:/ag-e138920f/tc-cpp-guard-01=/usr/src/toolchain -fdebug-prefix-map=C:/ag-e138920f/tc-cpp-guard-01=/usr/src/toolchain -fmacro-prefix-map=C:/ag-e138920f/tc-cpp-guard-01=/usr/src/toolchain -ffile-prefix-map=C:/ap10-ca5f/git-full-01/bootstrap=/usr -fdebug-prefix-map=C:/ap10-ca5f/git-full-01/bootstrap=/usr -fmacro-prefix-map=C:/ap10-ca5f/git-full-01/bootstrap=/usr -fno-delete-null-pointer-checks -Wall -MT libgcrypt_la-const-time.lo -MD -MP -MF .deps/libgcrypt_la-const-time.Tpo -c -o libgcrypt_la-const-time.lo `test -f 'const-time.c' || echo './'`const-time.c
libtool: compile:  gcc -DHAVE_CONFIG_H -I. -I.. -I/c/ap13-dcb/gnupg-core-01/builds/libgcrypt-1.12.2-1-02/sdk/usr/include -O2 -g -std=gnu17 -fstack-protector-strong -ffile-prefix-map=C:/ap13-dcb/gnupg-core-01/builds/libgcrypt-1.12.2-1-02=/usr/src/debug/libgcrypt-1.12.2 -fdebug-prefix-map=C:/ap13-dcb/gnupg-core-01/builds/libgcrypt-1.12.2-1-02=/usr/src/debug/libgcrypt-1.12.2 -fmacro-prefix-map=C:/ap13-dcb/gnupg-core-01/builds/libgcrypt-1.12.2-1-02=/usr/src/debug/libgcrypt-1.12.2 -ffile-prefix-map=C:/ag-e138920f/tc-cpp-guard-01=/usr/src/toolchain -fdebug-prefix-map=C:/ag-e138920f/tc-cpp-guard-01=/usr/src/toolchain -fmacro-prefix-map=C:/ag-e138920f/tc-cpp-guard-01=/usr/src/toolchain -ffile-prefix-map=C:/ap10-ca5f/git-full-01/bootstrap=/usr -fdebug-prefix-map=C:/ap10-ca5f/git-full-01/bootstrap=/usr -fmacro-prefix-map=C:/ap10-ca5f/git-full-01/bootstrap=/usr -fno-delete-null-pointer-checks -Wall -MT libgcrypt_la-const-time.lo -MD -MP -MF .deps/libgcrypt_la-const-time.Tpo -c const-time.c  -DDLL_EXPORT -DPIC -o .libs/libgcrypt_la-const-time.o
libtool: compile:  gcc -DHAVE_CONFIG_H -I. -I.. -I/c/ap13-dcb/gnupg-core-01/builds/libgcrypt-1.12.2-1-02/sdk/usr/include -O2 -g -std=gnu17 -fstack-protector-strong -ffile-prefix-map=C:/ap13-dcb/gnupg-core-01/builds/libgcrypt-1.12.2-1-02=/usr/src/debug/libgcrypt-1.12.2 -fdebug-prefix-map=C:/ap13-dcb/gnupg-core-01/builds/libgcrypt-1.12.2-1-02=/usr/src/debug/libgcrypt-1.12.2 -fmacro-prefix-map=C:/ap13-dcb/gnupg-core-01/builds/libgcrypt-1.12.2-1-02=/usr/src/debug/libgcrypt-1.12.2 -ffile-prefix-map=C:/ag-e138920f/tc-cpp-guard-01=/usr/src/toolchain -fdebug-prefix-map=C:/ag-e138920f/tc-cpp-guard-01=/usr/src/toolchain -fmacro-prefix-map=C:/ag-e138920f/tc-cpp-guard-01=/usr/src/toolchain -ffile-prefix-map=C:/ap10-ca5f/git-full-01/bootstrap=/usr -fdebug-prefix-map=C:/ap10-ca5f/git-full-01/bootstrap=/usr -fmacro-prefix-map=C:/ap10-ca5f/git-full-01/bootstrap=/usr -fno-delete-null-pointer-checks -Wall -MT libgcrypt_la-const-time.lo -MD -MP -MF .deps/libgcrypt_la-const-time.Tpo -c const-time.c -o libgcrypt_la-const-time.o >/dev/null 2>&1
mv -f .deps/libgcrypt_la-const-time.Tpo .deps/libgcrypt_la-const-time.Plo
/bin/sh ../libtool  --tag=CC   --mode=link gcc   -O2 -g -std=gnu17 -fstack-protector-strong -ffile-prefix-map=C:/ap13-dcb/gnupg-core-01/builds/libgcrypt-1.12.2-1-02=/usr/src/debug/libgcrypt-1.12.2 -fdebug-prefix-map=C:/ap13-dcb/gnupg-core-01/builds/libgcrypt-1.12.2-1-02=/usr/src/debug/libgcrypt-1.12.2 -fmacro-prefix-map=C:/ap13-dcb/gnupg-core-01/builds/libgcrypt-1.12.2-1-02=/usr/src/debug/libgcrypt-1.12.2 -ffile-prefix-map=C:/ag-e138920f/tc-cpp-guard-01=/usr/src/toolchain -fdebug-prefix-map=C:/ag-e138920f/tc-cpp-guard-01=/usr/src/toolchain -fmacro-prefix-map=C:/ag-e138920f/tc-cpp-guard-01=/usr/src/toolchain -ffile-prefix-map=C:/ap10-ca5f/git-full-01/bootstrap=/usr -fdebug-prefix-map=C:/ap10-ca5f/git-full-01/bootstrap=/usr -fmacro-prefix-map=C:/ap10-ca5f/git-full-01/bootstrap=/usr -fno-delete-null-pointer-checks -Wall -no-undefined    -version-info 27:2:7 -L/c/ap13-dcb/gnupg-core-01/builds/libgcrypt-1.12.2-1-02/sdk/usr/lib -Wl,--no-insert-timestamp -o libgcrypt.la -rpath /usr/lib libgcrypt_la-visibility.lo libgcrypt_la-misc.lo libgcrypt_la-global.lo libgcrypt_la-sexp.lo libgcrypt_la-hwfeatures.lo libgcrypt_la-stdmem.lo libgcrypt_la-secmem.lo libgcrypt_la-missing-string.lo libgcrypt_la-fips.lo libgcrypt_la-context.lo libgcrypt_la-const-time.lo   ../cipher/libcipher.la ../random/librandom.la ../mpi/libmpi.la ../compat/libcompat.la  -lgpg-error 
libtool: link: gcc -shared  .libs/libgcrypt_la-visibility.o .libs/libgcrypt_la-misc.o .libs/libgcrypt_la-global.o .libs/libgcrypt_la-sexp.o .libs/libgcrypt_la-hwfeatures.o .libs/libgcrypt_la-stdmem.o .libs/libgcrypt_la-secmem.o .libs/libgcrypt_la-missing-string.o .libs/libgcrypt_la-fips.o .libs/libgcrypt_la-context.o .libs/libgcrypt_la-const-time.o  -Wl,--whole-archive ../cipher/.libs/libcipher.a ../random/.libs/librandom.a ../mpi/.libs/libmpi.a ../compat/.libs/libcompat.a -Wl,--no-whole-archive  -L/c/ap13-dcb/gnupg-core-01/builds/libgcrypt-1.12.2-1-02/sdk/usr/lib -lgpg-error  -O2 -g -fstack-protector-strong -ffile-prefix-map=C:/ap13-dcb/gnupg-core-01/builds/libgcrypt-1.12.2-1-02=/usr/src/debug/libgcrypt-1.12.2 -fdebug-prefix-map=C:/ap13-dcb/gnupg-core-01/builds/libgcrypt-1.12.2-1-02=/usr/src/debug/libgcrypt-1.12.2 -fmacro-prefix-map=C:/ap13-dcb/gnupg-core-01/builds/libgcrypt-1.12.2-1-02=/usr/src/debug/libgcrypt-1.12.2 -ffile-prefix-map=C:/ag-e138920f/tc-cpp-guard-01=/usr/src/toolchain -fdebug-prefix-map=C:/ag-e138920f/tc-cpp-guard-01=/usr/src/toolchain -fmacro-prefix-map=C:/ag-e138920f/tc-cpp-guard-01=/usr/src/toolchain -ffile-prefix-map=C:/ap10-ca5f/git-full-01/bootstrap=/usr -fdebug-prefix-map=C:/ap10-ca5f/git-full-01/bootstrap=/usr -fmacro-prefix-map=C:/ap10-ca5f/git-full-01/bootstrap=/usr -Wl,--no-insert-timestamp   -o .libs/msys-gcrypt-20.dll -Wl,--enable-auto-image-base -Xlinker --out-implib -Xlinker .libs/libgcrypt.dll.a
libtool: link: (cd .libs/libgcrypt.lax/libcipher.a && ar x "/c/ap13-dcb/gnupg-core-01/builds/libgcrypt-1.12.2-1-02/build/libgcrypt/src/libgcrypt-1.12.2/src/../cipher/.libs/libcipher.a")
libtool: link: (cd .libs/libgcrypt.lax/librandom.a && ar x "/c/ap13-dcb/gnupg-core-01/builds/libgcrypt-1.12.2-1-02/build/libgcrypt/src/libgcrypt-1.12.2/src/../random/.libs/librandom.a")
libtool: link: (cd .libs/libgcrypt.lax/libmpi.a && ar x "/c/ap13-dcb/gnupg-core-01/builds/libgcrypt-1.12.2-1-02/build/libgcrypt/src/libgcrypt-1.12.2/src/../mpi/.libs/libmpi.a")
libtool: link: (cd .libs/libgcrypt.lax/libcompat.a && ar x "/c/ap13-dcb/gnupg-core-01/builds/libgcrypt-1.12.2-1-02/build/libgcrypt/src/libgcrypt-1.12.2/src/../compat/.libs/libcompat.a")
libtool: link: ar cr .libs/libgcrypt.a  libgcrypt_la-visibility.o libgcrypt_la-misc.o libgcrypt_la-global.o libgcrypt_la-sexp.o libgcrypt_la-hwfeatures.o libgcrypt_la-stdmem.o libgcrypt_la-secmem.o libgcrypt_la-missing-string.o libgcrypt_la-fips.o libgcrypt_la-context.o libgcrypt_la-const-time.o  .libs/libgcrypt.lax/libcipher.a/arcfour.o .libs/libgcrypt.lax/libcipher.a/aria.o .libs/libgcrypt.lax/libcipher.a/blake2.o .libs/libgcrypt.lax/libcipher.a/blowfish.o .libs/libgcrypt.lax/libcipher.a/camellia-glue.o .libs/libgcrypt.lax/libcipher.a/camellia.o .libs/libgcrypt.lax/libcipher.a/cast5.o .libs/libgcrypt.lax/libcipher.a/chacha20.o .libs/libgcrypt.lax/libcipher.a/cipher-aeswrap.o .libs/libgcrypt.lax/libcipher.a/cipher-cbc.o .libs/libgcrypt.lax/libcipher.a/cipher-ccm.o .libs/libgcrypt.lax/libcipher.a/cipher-cfb.o .libs/libgcrypt.lax/libcipher.a/cipher-cmac.o .libs/libgcrypt.lax/libcipher.a/cipher-ctr.o .libs/libgcrypt.lax/libcipher.a/cipher-eax.o .libs/libgcrypt.lax/libcipher.a/cipher-gcm-siv.o .libs/libgcrypt.lax/libcipher.a/cipher-gcm.o .libs/libgcrypt.lax/libcipher.a/cipher-ocb.o .libs/libgcrypt.lax/libcipher.a/cipher-ofb.o .libs/libgcrypt.lax/libcipher.a/cipher-poly1305.o .libs/libgcrypt.lax/libcipher.a/cipher-siv.o .libs/libgcrypt.lax/libcipher.a/cipher-xts.o .libs/libgcrypt.lax/libcipher.a/cipher.o .libs/libgcrypt.lax/libcipher.a/crc.o .libs/libgcrypt.lax/libcipher.a/des.o .libs/libgcrypt.lax/libcipher.a/dilithium.o .libs/libgcrypt.lax/libcipher.a/dsa-common.o .libs/libgcrypt.lax/libcipher.a/dsa.o .libs/libgcrypt.lax/libcipher.a/ecc-curves.o .libs/libgcrypt.lax/libcipher.a/ecc-ecdh.o .libs/libgcrypt.lax/libcipher.a/ecc-ecdsa.o .libs/libgcrypt.lax/libcipher.a/ecc-eddsa.o .libs/libgcrypt.lax/libcipher.a/ecc-gost.o .libs/libgcrypt.lax/libcipher.a/ecc-misc.o .libs/libgcrypt.lax/libcipher.a/ecc-sm2.o .libs/libgcrypt.lax/libcipher.a/ecc.o .libs/libgcrypt.lax/libcipher.a/elgamal.o .libs/libgcrypt.lax/libcipher.a/gost28147.o .libs/libgcrypt.lax/libcipher.a/gostr3411-94.o .libs/libgcrypt.lax/libcipher.a/hash-common.o .libs/libgcrypt.lax/libcipher.a/idea.o .libs/libgcrypt.lax/libcipher.a/kdf.o .libs/libgcrypt.lax/libcipher.a/keccak.o .libs/libgcrypt.lax/libcipher.a/kem-ecc.o .libs/libgcrypt.lax/libcipher.a/kem.o .libs/libgcrypt.lax/libcipher.a/kyber.o .libs/libgcrypt.lax/libcipher.a/mac-cmac.o .libs/libgcrypt.lax/libcipher.a/mac-gmac.o .libs/libgcrypt.lax/libcipher.a/mac-hmac.o .libs/libgcrypt.lax/libcipher.a/mac-poly1305.o .libs/libgcrypt.lax/libcipher.a/mac.o .libs/libgcrypt.lax/libcipher.a/mceliece6688128f.o .libs/libgcrypt.lax/libcipher.a/md.o .libs/libgcrypt.lax/libcipher.a/md4.o .libs/libgcrypt.lax/libcipher.a/md5.o .libs/libgcrypt.lax/libcipher.a/poly1305.o .libs/libgcrypt.lax/libcipher.a/primegen.o .libs/libgcrypt.lax/libcipher.a/pubkey-dilithium.o .libs/libgcrypt.lax/libcipher.a/pubkey-util.o .libs/libgcrypt.lax/libcipher.a/pubkey.o .libs/libgcrypt.lax/libcipher.a/rfc2268.o .libs/libgcrypt.lax/libcipher.a/rijndael.o .libs/libgcrypt.lax/libcipher.a/rmd160.o .libs/libgcrypt.lax/libcipher.a/rsa-common.o .libs/libgcrypt.lax/libcipher.a/rsa.o .libs/libgcrypt.lax/libcipher.a/salsa20.o .libs/libgcrypt.lax/libcipher.a/scrypt.o .libs/libgcrypt.lax/libcipher.a/seed.o .libs/libgcrypt.lax/libcipher.a/serpent.o .libs/libgcrypt.lax/libcipher.a/sha1.o .libs/libgcrypt.lax/libcipher.a/sha256.o .libs/libgcrypt.lax/libcipher.a/sha512.o .libs/libgcrypt.lax/libcipher.a/sm3.o .libs/libgcrypt.lax/libcipher.a/sm4.o .libs/libgcrypt.lax/libcipher.a/sntrup761.o .libs/libgcrypt.lax/libcipher.a/stribog.o .libs/libgcrypt.lax/libcipher.a/tiger.o .libs/libgcrypt.lax/libcipher.a/twofish.o .libs/libgcrypt.lax/libcipher.a/whirlpool.o  .libs/libgcrypt.lax/librandom.a/random-csprng.o .libs/libgcrypt.lax/librandom.a/random-drbg.o .libs/libgcrypt.lax/librandom.a/random-system.o .libs/libgcrypt.lax/librandom.a/random.o .libs/libgcrypt.lax/librandom.a/rndgetentropy.o .libs/libgcrypt.lax/librandom.a/rndhw.o .libs/libgcrypt.lax/librandom.a/rndjent.o  .libs/libgcrypt.lax/libmpi.a/ec-ed25519.o .libs/libgcrypt.lax/libmpi.a/ec-hw-s390x.o .libs/libgcrypt.lax/libmpi.a/ec-nist.o .libs/libgcrypt.lax/libmpi.a/ec.o .libs/libgcrypt.lax/libmpi.a/mpi-add.o .libs/libgcrypt.lax/libmpi.a/mpi-bit.o .libs/libgcrypt.lax/libmpi.a/mpi-cmp.o .libs/libgcrypt.lax/libmpi.a/mpi-div.o .libs/libgcrypt.lax/libmpi.a/mpi-gcd.o .libs/libgcrypt.lax/libmpi.a/mpi-inline.o .libs/libgcrypt.lax/libmpi.a/mpi-inv.o .libs/libgcrypt.lax/libmpi.a/mpi-mod.o .libs/libgcrypt.lax/libmpi.a/mpi-mpow.o .libs/libgcrypt.lax/libmpi.a/mpi-mul.o .libs/libgcrypt.lax/libmpi.a/mpi-pow.o .libs/libgcrypt.lax/libmpi.a/mpi-scan.o .libs/libgcrypt.lax/libmpi.a/mpicoder.o .libs/libgcrypt.lax/libmpi.a/mpih-add1.o .libs/libgcrypt.lax/libmpi.a/mpih-const-time.o .libs/libgcrypt.lax/libmpi.a/mpih-div.o .libs/libgcrypt.lax/libmpi.a/mpih-lshift.o .libs/libgcrypt.lax/libmpi.a/mpih-mul.o .libs/libgcrypt.lax/libmpi.a/mpih-mul1.o .libs/libgcrypt.lax/libmpi.a/mpih-mul2.o .libs/libgcrypt.lax/libmpi.a/mpih-mul3.o .libs/libgcrypt.lax/libmpi.a/mpih-pow.o .libs/libgcrypt.lax/libmpi.a/mpih-rshift.o .libs/libgcrypt.lax/libmpi.a/mpih-sub1.o .libs/libgcrypt.lax/libmpi.a/mpiutil.o  .libs/libgcrypt.lax/libcompat.a/compat.o 
libtool: link: ranlib .libs/libgcrypt.a
libtool: link: rm -fr .libs/libgcrypt.lax
libtool: link: ( cd ".libs" && rm -f "libgcrypt.la" && cp -pR "../libgcrypt.la" "libgcrypt.la" )
/bin/sh ../libtool  --tag=CC   --mode=link gcc  -O2 -g -std=gnu17 -fstack-protector-strong -ffile-prefix-map=C:/ap13-dcb/gnupg-core-01/builds/libgcrypt-1.12.2-1-02=/usr/src/debug/libgcrypt-1.12.2 -fdebug-prefix-map=C:/ap13-dcb/gnupg-core-01/builds/libgcrypt-1.12.2-1-02=/usr/src/debug/libgcrypt-1.12.2 -fmacro-prefix-map=C:/ap13-dcb/gnupg-core-01/builds/libgcrypt-1.12.2-1-02=/usr/src/debug/libgcrypt-1.12.2 -ffile-prefix-map=C:/ag-e138920f/tc-cpp-guard-01=/usr/src/toolchain -fdebug-prefix-map=C:/ag-e138920f/tc-cpp-guard-01=/usr/src/toolchain -fmacro-prefix-map=C:/ag-e138920f/tc-cpp-guard-01=/usr/src/toolchain -ffile-prefix-map=C:/ap10-ca5f/git-full-01/bootstrap=/usr -fdebug-prefix-map=C:/ap10-ca5f/git-full-01/bootstrap=/usr -fmacro-prefix-map=C:/ap10-ca5f/git-full-01/bootstrap=/usr -fno-delete-null-pointer-checks -Wall  -L/c/ap13-dcb/gnupg-core-01/builds/libgcrypt-1.12.2-1-02/sdk/usr/lib -Wl,--no-insert-timestamp -o mpicalc.exe mpicalc-mpicalc.o libgcrypt.la -lgpg-error 
libtool: link: gcc -O2 -g -std=gnu17 -fstack-protector-strong -ffile-prefix-map=C:/ap13-dcb/gnupg-core-01/builds/libgcrypt-1.12.2-1-02=/usr/src/debug/libgcrypt-1.12.2 -fdebug-prefix-map=C:/ap13-dcb/gnupg-core-01/builds/libgcrypt-1.12.2-1-02=/usr/src/debug/libgcrypt-1.12.2 -fmacro-prefix-map=C:/ap13-dcb/gnupg-core-01/builds/libgcrypt-1.12.2-1-02=/usr/src/debug/libgcrypt-1.12.2 -ffile-prefix-map=C:/ag-e138920f/tc-cpp-guard-01=/usr/src/toolchain -fdebug-prefix-map=C:/ag-e138920f/tc-cpp-guard-01=/usr/src/toolchain -fmacro-prefix-map=C:/ag-e138920f/tc-cpp-guard-01=/usr/src/toolchain -ffile-prefix-map=C:/ap10-ca5f/git-full-01/bootstrap=/usr -fdebug-prefix-map=C:/ap10-ca5f/git-full-01/bootstrap=/usr -fmacro-prefix-map=C:/ap10-ca5f/git-full-01/bootstrap=/usr -fno-delete-null-pointer-checks -Wall -Wl,--no-insert-timestamp -o .libs/mpicalc.exe mpicalc-mpicalc.o  -L/c/ap13-dcb/gnupg-core-01/builds/libgcrypt-1.12.2-1-02/sdk/usr/lib ./.libs/libgcrypt.dll.a -lgpg-error
make[2]: Leaving directory '/c/ap13-dcb/gnupg-core-01/builds/libgcrypt-1.12.2-1-02/build/libgcrypt/src/libgcrypt-1.12.2/src'
Making all in doc
make[2]: Entering directory '/c/ap13-dcb/gnupg-core-01/builds/libgcrypt-1.12.2-1-02/build/libgcrypt/src/libgcrypt-1.12.2/doc'
make  all-am
make[3]: Entering directory '/c/ap13-dcb/gnupg-core-01/builds/libgcrypt-1.12.2-1-02/build/libgcrypt/src/libgcrypt-1.12.2/doc'
gcc   \
     -o yat2m.exe ./yat2m.c
for file in gcrypt.texi ; do \
              ./yat2m.exe -I . --release "Libgcrypt 1.12.2-unknown" --source "Libgcrypt" --store \
          `test -f '$file' || echo './'`$file ; done
make[3]: Leaving directory '/c/ap13-dcb/gnupg-core-01/builds/libgcrypt-1.12.2-1-02/build/libgcrypt/src/libgcrypt-1.12.2/doc'
make[2]: Leaving directory '/c/ap13-dcb/gnupg-core-01/builds/libgcrypt-1.12.2-1-02/build/libgcrypt/src/libgcrypt-1.12.2/doc'
Making all in tests
make[2]: Entering directory '/c/ap13-dcb/gnupg-core-01/builds/libgcrypt-1.12.2-1-02/build/libgcrypt/src/libgcrypt-1.12.2/tests'
gcc -DHAVE_CONFIG_H -I. -I..  -I../src -I../src -I/c/ap13-dcb/gnupg-core-01/builds/libgcrypt-1.12.2-1-02/sdk/usr/include  -O2 -g -std=gnu17 -fstack-protector-strong -ffile-prefix-map=C:/ap13-dcb/gnupg-core-01/builds/libgcrypt-1.12.2-1-02=/usr/src/debug/libgcrypt-1.12.2 -fdebug-prefix-map=C:/ap13-dcb/gnupg-core-01/builds/libgcrypt-1.12.2-1-02=/usr/src/debug/libgcrypt-1.12.2 -fmacro-prefix-map=C:/ap13-dcb/gnupg-core-01/builds/libgcrypt-1.12.2-1-02=/usr/src/debug/libgcrypt-1.12.2 -ffile-prefix-map=C:/ag-e138920f/tc-cpp-guard-01=/usr/src/toolchain -fdebug-prefix-map=C:/ag-e138920f/tc-cpp-guard-01=/usr/src/toolchain -fmacro-prefix-map=C:/ag-e138920f/tc-cpp-guard-01=/usr/src/toolchain -ffile-prefix-map=C:/ap10-ca5f/git-full-01/bootstrap=/usr -fdebug-prefix-map=C:/ap10-ca5f/git-full-01/bootstrap=/usr -fmacro-prefix-map=C:/ap10-ca5f/git-full-01/bootstrap=/usr -fno-delete-null-pointer-checks -Wall -MT testdrv.o -MD -MP -MF .deps/testdrv.Tpo -c -o testdrv.o testdrv.c
mv -f .deps/testdrv.Tpo .deps/testdrv.Po
/bin/sh ../libtool  --tag=CC   --mode=link gcc  -O2 -g -std=gnu17 -fstack-protector-strong -ffile-prefix-map=C:/ap13-dcb/gnupg-core-01/builds/libgcrypt-1.12.2-1-02=/usr/src/debug/libgcrypt-1.12.2 -fdebug-prefix-map=C:/ap13-dcb/gnupg-core-01/builds/libgcrypt-1.12.2-1-02=/usr/src/debug/libgcrypt-1.12.2 -fmacro-prefix-map=C:/ap13-dcb/gnupg-core-01/builds/libgcrypt-1.12.2-1-02=/usr/src/debug/libgcrypt-1.12.2 -ffile-prefix-map=C:/ag-e138920f/tc-cpp-guard-01=/usr/src/toolchain -fdebug-prefix-map=C:/ag-e138920f/tc-cpp-guard-01=/usr/src/toolchain -fmacro-prefix-map=C:/ag-e138920f/tc-cpp-guard-01=/usr/src/toolchain -ffile-prefix-map=C:/ap10-ca5f/git-full-01/bootstrap=/usr -fdebug-prefix-map=C:/ap10-ca5f/git-full-01/bootstrap=/usr -fmacro-prefix-map=C:/ap10-ca5f/git-full-01/bootstrap=/usr -fno-delete-null-pointer-checks -Wall -no-install -L/c/ap13-dcb/gnupg-core-01/builds/libgcrypt-1.12.2-1-02/sdk/usr/lib -Wl,--no-insert-timestamp -o testdrv.exe testdrv.o  
libtool: warning: '-no-install' is ignored for aarch64-pc-cygwin
libtool: warning: assuming '-no-fast-install' instead
libtool: link: gcc -O2 -g -std=gnu17 -fstack-protector-strong -ffile-prefix-map=C:/ap13-dcb/gnupg-core-01/builds/libgcrypt-1.12.2-1-02=/usr/src/debug/libgcrypt-1.12.2 -fdebug-prefix-map=C:/ap13-dcb/gnupg-core-01/builds/libgcrypt-1.12.2-1-02=/usr/src/debug/libgcrypt-1.12.2 -fmacro-prefix-map=C:/ap13-dcb/gnupg-core-01/builds/libgcrypt-1.12.2-1-02=/usr/src/debug/libgcrypt-1.12.2 -ffile-prefix-map=C:/ag-e138920f/tc-cpp-guard-01=/usr/src/toolchain -fdebug-prefix-map=C:/ag-e138920f/tc-cpp-guard-01=/usr/src/toolchain -fmacro-prefix-map=C:/ag-e138920f/tc-cpp-guard-01=/usr/src/toolchain -ffile-prefix-map=C:/ap10-ca5f/git-full-01/bootstrap=/usr -fdebug-prefix-map=C:/ap10-ca5f/git-full-01/bootstrap=/usr -fmacro-prefix-map=C:/ap10-ca5f/git-full-01/bootstrap=/usr -fno-delete-null-pointer-checks -Wall -Wl,--no-insert-timestamp -o .libs/testdrv.exe testdrv.o  -L/c/ap13-dcb/gnupg-core-01/builds/libgcrypt-1.12.2-1-02/sdk/usr/lib
gcc -DHAVE_CONFIG_H -I. -I..  -I../src -I../src -I/c/ap13-dcb/gnupg-core-01/builds/libgcrypt-1.12.2-1-02/sdk/usr/include  -O2 -g -std=gnu17 -fstack-protector-strong -ffile-prefix-map=C:/ap13-dcb/gnupg-core-01/builds/libgcrypt-1.12.2-1-02=/usr/src/debug/libgcrypt-1.12.2 -fdebug-prefix-map=C:/ap13-dcb/gnupg-core-01/builds/libgcrypt-1.12.2-1-02=/usr/src/debug/libgcrypt-1.12.2 -fmacro-prefix-map=C:/ap13-dcb/gnupg-core-01/builds/libgcrypt-1.12.2-1-02=/usr/src/debug/libgcrypt-1.12.2 -ffile-prefix-map=C:/ag-e138920f/tc-cpp-guard-01=/usr/src/toolchain -fdebug-prefix-map=C:/ag-e138920f/tc-cpp-guard-01=/usr/src/toolchain -fmacro-prefix-map=C:/ag-e138920f/tc-cpp-guard-01=/usr/src/toolchain -ffile-prefix-map=C:/ap10-ca5f/git-full-01/bootstrap=/usr -fdebug-prefix-map=C:/ap10-ca5f/git-full-01/bootstrap=/usr -fmacro-prefix-map=C:/ap10-ca5f/git-full-01/bootstrap=/usr -fno-delete-null-pointer-checks -Wall -MT version.o -MD -MP -MF .deps/version.Tpo -c -o version.o version.c
mv -f .deps/version.Tpo .deps/version.Po
/bin/sh ../libtool  --tag=CC   --mode=link gcc  -O2 -g -std=gnu17 -fstack-protector-strong -ffile-prefix-map=C:/ap13-dcb/gnupg-core-01/builds/libgcrypt-1.12.2-1-02=/usr/src/debug/libgcrypt-1.12.2 -fdebug-prefix-map=C:/ap13-dcb/gnupg-core-01/builds/libgcrypt-1.12.2-1-02=/usr/src/debug/libgcrypt-1.12.2 -fmacro-prefix-map=C:/ap13-dcb/gnupg-core-01/builds/libgcrypt-1.12.2-1-02=/usr/src/debug/libgcrypt-1.12.2 -ffile-prefix-map=C:/ag-e138920f/tc-cpp-guard-01=/usr/src/toolchain -fdebug-prefix-map=C:/ag-e138920f/tc-cpp-guard-01=/usr/src/toolchain -fmacro-prefix-map=C:/ag-e138920f/tc-cpp-guard-01=/usr/src/toolchain -ffile-prefix-map=C:/ap10-ca5f/git-full-01/bootstrap=/usr -fdebug-prefix-map=C:/ap10-ca5f/git-full-01/bootstrap=/usr -fmacro-prefix-map=C:/ap10-ca5f/git-full-01/bootstrap=/usr -fno-delete-null-pointer-checks -Wall -no-install -L/c/ap13-dcb/gnupg-core-01/builds/libgcrypt-1.12.2-1-02/sdk/usr/lib -Wl,--no-insert-timestamp -o version.exe version.o ../src/libgcrypt.la ../compat/libcompat.la -lgpg-error  
libtool: warning: '-no-install' is ignored for aarch64-pc-cygwin
libtool: warning: assuming '-no-fast-install' instead
libtool: link: gcc -O2 -g -std=gnu17 -fstack-protector-strong -ffile-prefix-map=C:/ap13-dcb/gnupg-core-01/builds/libgcrypt-1.12.2-1-02=/usr/src/debug/libgcrypt-1.12.2 -fdebug-prefix-map=C:/ap13-dcb/gnupg-core-01/builds/libgcrypt-1.12.2-1-02=/usr/src/debug/libgcrypt-1.12.2 -fmacro-prefix-map=C:/ap13-dcb/gnupg-core-01/builds/libgcrypt-1.12.2-1-02=/usr/src/debug/libgcrypt-1.12.2 -ffile-prefix-map=C:/ag-e138920f/tc-cpp-guard-01=/usr/src/toolchain -fdebug-prefix-map=C:/ag-e138920f/tc-cpp-guard-01=/usr/src/toolchain -fmacro-prefix-map=C:/ag-e138920f/tc-cpp-guard-01=/usr/src/toolchain -ffile-prefix-map=C:/ap10-ca5f/git-full-01/bootstrap=/usr -fdebug-prefix-map=C:/ap10-ca5f/git-full-01/bootstrap=/usr -fmacro-prefix-map=C:/ap10-ca5f/git-full-01/bootstrap=/usr -fno-delete-null-pointer-checks -Wall -Wl,--no-insert-timestamp -o .libs/version.exe version.o  -L/c/ap13-dcb/gnupg-core-01/builds/libgcrypt-1.12.2-1-02/sdk/usr/lib ../src/.libs/libgcrypt.dll.a ../compat/.libs/libcompat.a -lgpg-error -L/c/ap13-dcb/gnupg-core-01/builds/libgcrypt-1.12.2-1-02/build/libgcrypt/src/libgcrypt-1.12.2/src/.libs
gcc -DHAVE_CONFIG_H -I. -I..  -I../src -I../src -I/c/ap13-dcb/gnupg-core-01/builds/libgcrypt-1.12.2-1-02/sdk/usr/include  -O2 -g -std=gnu17 -fstack-protector-strong -ffile-prefix-map=C:/ap13-dcb/gnupg-core-01/builds/libgcrypt-1.12.2-1-02=/usr/src/debug/libgcrypt-1.12.2 -fdebug-prefix-map=C:/ap13-dcb/gnupg-core-01/builds/libgcrypt-1.12.2-1-02=/usr/src/debug/libgcrypt-1.12.2 -fmacro-prefix-map=C:/ap13-dcb/gnupg-core-01/builds/libgcrypt-1.12.2-1-02=/usr/src/debug/libgcrypt-1.12.2 -ffile-prefix-map=C:/ag-e138920f/tc-cpp-guard-01=/usr/src/toolchain -fdebug-prefix-map=C:/ag-e138920f/tc-cpp-guard-01=/usr/src/toolchain -fmacro-prefix-map=C:/ag-e138920f/tc-cpp-guard-01=/usr/src/toolchain -ffile-prefix-map=C:/ap10-ca5f/git-full-01/bootstrap=/usr -fdebug-prefix-map=C:/ap10-ca5f/git-full-01/bootstrap=/usr -fmacro-prefix-map=C:/ap10-ca5f/git-full-01/bootstrap=/usr -fno-delete-null-pointer-checks -Wall -MT t-secmem.o -MD -MP -MF .deps/t-secmem.Tpo -c -o t-secmem.o t-secmem.c
mv -f .deps/t-secmem.Tpo .deps/t-secmem.Po
/bin/sh ../libtool  --tag=CC   --mode=link gcc  -O2 -g -std=gnu17 -fstack-protector-strong -ffile-prefix-map=C:/ap13-dcb/gnupg-core-01/builds/libgcrypt-1.12.2-1-02=/usr/src/debug/libgcrypt-1.12.2 -fdebug-prefix-map=C:/ap13-dcb/gnupg-core-01/builds/libgcrypt-1.12.2-1-02=/usr/src/debug/libgcrypt-1.12.2 -fmacro-prefix-map=C:/ap13-dcb/gnupg-core-01/builds/libgcrypt-1.12.2-1-02=/usr/src/debug/libgcrypt-1.12.2 -ffile-prefix-map=C:/ag-e138920f/tc-cpp-guard-01=/usr/src/toolchain -fdebug-prefix-map=C:/ag-e138920f/tc-cpp-guard-01=/usr/src/toolchain -fmacro-prefix-map=C:/ag-e138920f/tc-cpp-guard-01=/usr/src/toolchain -ffile-prefix-map=C:/ap10-ca5f/git-full-01/bootstrap=/usr -fdebug-prefix-map=C:/ap10-ca5f/git-full-01/bootstrap=/usr -fmacro-prefix-map=C:/ap10-ca5f/git-full-01/bootstrap=/usr -fno-delete-null-pointer-checks -Wall -no-install -L/c/ap13-dcb/gnupg-core-01/builds/libgcrypt-1.12.2-1-02/sdk/usr/lib -Wl,--no-insert-timestamp -o t-secmem.exe t-secmem.o ../src/libgcrypt.la ../compat/libcompat.la  
libtool: warning: '-no-install' is ignored for aarch64-pc-cygwin
libtool: warning: assuming '-no-fast-install' instead
libtool: link: gcc -O2 -g -std=gnu17 -fstack-protector-strong -ffile-prefix-map=C:/ap13-dcb/gnupg-core-01/builds/libgcrypt-1.12.2-1-02=/usr/src/debug/libgcrypt-1.12.2 -fdebug-prefix-map=C:/ap13-dcb/gnupg-core-01/builds/libgcrypt-1.12.2-1-02=/usr/src/debug/libgcrypt-1.12.2 -fmacro-prefix-map=C:/ap13-dcb/gnupg-core-01/builds/libgcrypt-1.12.2-1-02=/usr/src/debug/libgcrypt-1.12.2 -ffile-prefix-map=C:/ag-e138920f/tc-cpp-guard-01=/usr/src/toolchain -fdebug-prefix-map=C:/ag-e138920f/tc-cpp-guard-01=/usr/src/toolchain -fmacro-prefix-map=C:/ag-e138920f/tc-cpp-guard-01=/usr/src/toolchain -ffile-prefix-map=C:/ap10-ca5f/git-full-01/bootstrap=/usr -fdebug-prefix-map=C:/ap10-ca5f/git-full-01/bootstrap=/usr -fmacro-prefix-map=C:/ap10-ca5f/git-full-01/bootstrap=/usr -fno-delete-null-pointer-checks -Wall -Wl,--no-insert-timestamp -o .libs/t-secmem.exe t-secmem.o  -L/c/ap13-dcb/gnupg-core-01/builds/libgcrypt-1.12.2-1-02/sdk/usr/lib ../src/.libs/libgcrypt.dll.a -lgpg-error ../compat/.libs/libcompat.a -L/c/ap13-dcb/gnupg-core-01/builds/libgcrypt-1.12.2-1-02/build/libgcrypt/src/libgcrypt-1.12.2/src/.libs
gcc -DHAVE_CONFIG_H -I. -I..  -I../src -I../src -I/c/ap13-dcb/gnupg-core-01/builds/libgcrypt-1.12.2-1-02/sdk/usr/include  -O2 -g -std=gnu17 -fstack-protector-strong -ffile-prefix-map=C:/ap13-dcb/gnupg-core-01/builds/libgcrypt-1.12.2-1-02=/usr/src/debug/libgcrypt-1.12.2 -fdebug-prefix-map=C:/ap13-dcb/gnupg-core-01/builds/libgcrypt-1.12.2-1-02=/usr/src/debug/libgcrypt-1.12.2 -fmacro-prefix-map=C:/ap13-dcb/gnupg-core-01/builds/libgcrypt-1.12.2-1-02=/usr/src/debug/libgcrypt-1.12.2 -ffile-prefix-map=C:/ag-e138920f/tc-cpp-guard-01=/usr/src/toolchain -fdebug-prefix-map=C:/ag-e138920f/tc-cpp-guard-01=/usr/src/toolchain -fmacro-prefix-map=C:/ag-e138920f/tc-cpp-guard-01=/usr/src/toolchain -ffile-prefix-map=C:/ap10-ca5f/git-full-01/bootstrap=/usr -fdebug-prefix-map=C:/ap10-ca5f/git-full-01/bootstrap=/usr -fmacro-prefix-map=C:/ap10-ca5f/git-full-01/bootstrap=/usr -fno-delete-null-pointer-checks -Wall -MT mpitests.o -MD -MP -MF .deps/mpitests.Tpo -c -o mpitests.o mpitests.c
mv -f .deps/mpitests.Tpo .deps/mpitests.Po
/bin/sh ../libtool  --tag=CC   --mode=link gcc  -O2 -g -std=gnu17 -fstack-protector-strong -ffile-prefix-map=C:/ap13-dcb/gnupg-core-01/builds/libgcrypt-1.12.2-1-02=/usr/src/debug/libgcrypt-1.12.2 -fdebug-prefix-map=C:/ap13-dcb/gnupg-core-01/builds/libgcrypt-1.12.2-1-02=/usr/src/debug/libgcrypt-1.12.2 -fmacro-prefix-map=C:/ap13-dcb/gnupg-core-01/builds/libgcrypt-1.12.2-1-02=/usr/src/debug/libgcrypt-1.12.2 -ffile-prefix-map=C:/ag-e138920f/tc-cpp-guard-01=/usr/src/toolchain -fdebug-prefix-map=C:/ag-e138920f/tc-cpp-guard-01=/usr/src/toolchain -fmacro-prefix-map=C:/ag-e138920f/tc-cpp-guard-01=/usr/src/toolchain -ffile-prefix-map=C:/ap10-ca5f/git-full-01/bootstrap=/usr -fdebug-prefix-map=C:/ap10-ca5f/git-full-01/bootstrap=/usr -fmacro-prefix-map=C:/ap10-ca5f/git-full-01/bootstrap=/usr -fno-delete-null-pointer-checks -Wall -no-install -L/c/ap13-dcb/gnupg-core-01/builds/libgcrypt-1.12.2-1-02/sdk/usr/lib -Wl,--no-insert-timestamp -o mpitests.exe mpitests.o ../src/libgcrypt.la ../compat/libcompat.la -lgpg-error  
libtool: warning: '-no-install' is ignored for aarch64-pc-cygwin
libtool: warning: assuming '-no-fast-install' instead
libtool: link: gcc -O2 -g -std=gnu17 -fstack-protector-strong -ffile-prefix-map=C:/ap13-dcb/gnupg-core-01/builds/libgcrypt-1.12.2-1-02=/usr/src/debug/libgcrypt-1.12.2 -fdebug-prefix-map=C:/ap13-dcb/gnupg-core-01/builds/libgcrypt-1.12.2-1-02=/usr/src/debug/libgcrypt-1.12.2 -fmacro-prefix-map=C:/ap13-dcb/gnupg-core-01/builds/libgcrypt-1.12.2-1-02=/usr/src/debug/libgcrypt-1.12.2 -ffile-prefix-map=C:/ag-e138920f/tc-cpp-guard-01=/usr/src/toolchain -fdebug-prefix-map=C:/ag-e138920f/tc-cpp-guard-01=/usr/src/toolchain -fmacro-prefix-map=C:/ag-e138920f/tc-cpp-guard-01=/usr/src/toolchain -ffile-prefix-map=C:/ap10-ca5f/git-full-01/bootstrap=/usr -fdebug-prefix-map=C:/ap10-ca5f/git-full-01/bootstrap=/usr -fmacro-prefix-map=C:/ap10-ca5f/git-full-01/bootstrap=/usr -fno-delete-null-pointer-checks -Wall -Wl,--no-insert-timestamp -o .libs/mpitests.exe mpitests.o  -L/c/ap13-dcb/gnupg-core-01/builds/libgcrypt-1.12.2-1-02/sdk/usr/lib ../src/.libs/libgcrypt.dll.a ../compat/.libs/libcompat.a -lgpg-error -L/c/ap13-dcb/gnupg-core-01/builds/libgcrypt-1.12.2-1-02/build/libgcrypt/src/libgcrypt-1.12.2/src/.libs
gcc -DHAVE_CONFIG_H -I. -I..  -I../src -I../src -I/c/ap13-dcb/gnupg-core-01/builds/libgcrypt-1.12.2-1-02/sdk/usr/include  -O2 -g -std=gnu17 -fstack-protector-strong -ffile-prefix-map=C:/ap13-dcb/gnupg-core-01/builds/libgcrypt-1.12.2-1-02=/usr/src/debug/libgcrypt-1.12.2 -fdebug-prefix-map=C:/ap13-dcb/gnupg-core-01/builds/libgcrypt-1.12.2-1-02=/usr/src/debug/libgcrypt-1.12.2 -fmacro-prefix-map=C:/ap13-dcb/gnupg-core-01/builds/libgcrypt-1.12.2-1-02=/usr/src/debug/libgcrypt-1.12.2 -ffile-prefix-map=C:/ag-e138920f/tc-cpp-guard-01=/usr/src/toolchain -fdebug-prefix-map=C:/ag-e138920f/tc-cpp-guard-01=/usr/src/toolchain -fmacro-prefix-map=C:/ag-e138920f/tc-cpp-guard-01=/usr/src/toolchain -ffile-prefix-map=C:/ap10-ca5f/git-full-01/bootstrap=/usr -fdebug-prefix-map=C:/ap10-ca5f/git-full-01/bootstrap=/usr -fmacro-prefix-map=C:/ap10-ca5f/git-full-01/bootstrap=/usr -fno-delete-null-pointer-checks -Wall -MT t-sexp.o -MD -MP -MF .deps/t-sexp.Tpo -c -o t-sexp.o t-sexp.c
mv -f .deps/t-sexp.Tpo .deps/t-sexp.Po
/bin/sh ../libtool  --tag=CC   --mode=link gcc  -O2 -g -std=gnu17 -fstack-protector-strong -ffile-prefix-map=C:/ap13-dcb/gnupg-core-01/builds/libgcrypt-1.12.2-1-02=/usr/src/debug/libgcrypt-1.12.2 -fdebug-prefix-map=C:/ap13-dcb/gnupg-core-01/builds/libgcrypt-1.12.2-1-02=/usr/src/debug/libgcrypt-1.12.2 -fmacro-prefix-map=C:/ap13-dcb/gnupg-core-01/builds/libgcrypt-1.12.2-1-02=/usr/src/debug/libgcrypt-1.12.2 -ffile-prefix-map=C:/ag-e138920f/tc-cpp-guard-01=/usr/src/toolchain -fdebug-prefix-map=C:/ag-e138920f/tc-cpp-guard-01=/usr/src/toolchain -fmacro-prefix-map=C:/ag-e138920f/tc-cpp-guard-01=/usr/src/toolchain -ffile-prefix-map=C:/ap10-ca5f/git-full-01/bootstrap=/usr -fdebug-prefix-map=C:/ap10-ca5f/git-full-01/bootstrap=/usr -fmacro-prefix-map=C:/ap10-ca5f/git-full-01/bootstrap=/usr -fno-delete-null-pointer-checks -Wall -no-install -L/c/ap13-dcb/gnupg-core-01/builds/libgcrypt-1.12.2-1-02/sdk/usr/lib -Wl,--no-insert-timestamp -o t-sexp.exe t-sexp.o ../src/libgcrypt.la ../compat/libcompat.la -lgpg-error  
libtool: warning: '-no-install' is ignored for aarch64-pc-cygwin
libtool: warning: assuming '-no-fast-install' instead
libtool: link: gcc -O2 -g -std=gnu17 -fstack-protector-strong -ffile-prefix-map=C:/ap13-dcb/gnupg-core-01/builds/libgcrypt-1.12.2-1-02=/usr/src/debug/libgcrypt-1.12.2 -fdebug-prefix-map=C:/ap13-dcb/gnupg-core-01/builds/libgcrypt-1.12.2-1-02=/usr/src/debug/libgcrypt-1.12.2 -fmacro-prefix-map=C:/ap13-dcb/gnupg-core-01/builds/libgcrypt-1.12.2-1-02=/usr/src/debug/libgcrypt-1.12.2 -ffile-prefix-map=C:/ag-e138920f/tc-cpp-guard-01=/usr/src/toolchain -fdebug-prefix-map=C:/ag-e138920f/tc-cpp-guard-01=/usr/src/toolchain -fmacro-prefix-map=C:/ag-e138920f/tc-cpp-guard-01=/usr/src/toolchain -ffile-prefix-map=C:/ap10-ca5f/git-full-01/bootstrap=/usr -fdebug-prefix-map=C:/ap10-ca5f/git-full-01/bootstrap=/usr -fmacro-prefix-map=C:/ap10-ca5f/git-full-01/bootstrap=/usr -fno-delete-null-pointer-checks -Wall -Wl,--no-insert-timestamp -o .libs/t-sexp.exe t-sexp.o  -L/c/ap13-dcb/gnupg-core-01/builds/libgcrypt-1.12.2-1-02/sdk/usr/lib ../src/.libs/libgcrypt.dll.a ../compat/.libs/libcompat.a -lgpg-error -L/c/ap13-dcb/gnupg-core-01/builds/libgcrypt-1.12.2-1-02/build/libgcrypt/src/libgcrypt-1.12.2/src/.libs
gcc -DHAVE_CONFIG_H -I. -I..  -I../src -I../src -I/c/ap13-dcb/gnupg-core-01/builds/libgcrypt-1.12.2-1-02/sdk/usr/include  -O2 -g -std=gnu17 -fstack-protector-strong -ffile-prefix-map=C:/ap13-dcb/gnupg-core-01/builds/libgcrypt-1.12.2-1-02=/usr/src/debug/libgcrypt-1.12.2 -fdebug-prefix-map=C:/ap13-dcb/gnupg-core-01/builds/libgcrypt-1.12.2-1-02=/usr/src/debug/libgcrypt-1.12.2 -fmacro-prefix-map=C:/ap13-dcb/gnupg-core-01/builds/libgcrypt-1.12.2-1-02=/usr/src/debug/libgcrypt-1.12.2 -ffile-prefix-map=C:/ag-e138920f/tc-cpp-guard-01=/usr/src/toolchain -fdebug-prefix-map=C:/ag-e138920f/tc-cpp-guard-01=/usr/src/toolchain -fmacro-prefix-map=C:/ag-e138920f/tc-cpp-guard-01=/usr/src/toolchain -ffile-prefix-map=C:/ap10-ca5f/git-full-01/bootstrap=/usr -fdebug-prefix-map=C:/ap10-ca5f/git-full-01/bootstrap=/usr -fmacro-prefix-map=C:/ap10-ca5f/git-full-01/bootstrap=/usr -fno-delete-null-pointer-checks -Wall -MT t-convert.o -MD -MP -MF .deps/t-convert.Tpo -c -o t-convert.o t-convert.c
mv -f .deps/t-convert.Tpo .deps/t-convert.Po
/bin/sh ../libtool  --tag=CC   --mode=link gcc  -O2 -g -std=gnu17 -fstack-protector-strong -ffile-prefix-map=C:/ap13-dcb/gnupg-core-01/builds/libgcrypt-1.12.2-1-02=/usr/src/debug/libgcrypt-1.12.2 -fdebug-prefix-map=C:/ap13-dcb/gnupg-core-01/builds/libgcrypt-1.12.2-1-02=/usr/src/debug/libgcrypt-1.12.2 -fmacro-prefix-map=C:/ap13-dcb/gnupg-core-01/builds/libgcrypt-1.12.2-1-02=/usr/src/debug/libgcrypt-1.12.2 -ffile-prefix-map=C:/ag-e138920f/tc-cpp-guard-01=/usr/src/toolchain -fdebug-prefix-map=C:/ag-e138920f/tc-cpp-guard-01=/usr/src/toolchain -fmacro-prefix-map=C:/ag-e138920f/tc-cpp-guard-01=/usr/src/toolchain -ffile-prefix-map=C:/ap10-ca5f/git-full-01/bootstrap=/usr -fdebug-prefix-map=C:/ap10-ca5f/git-full-01/bootstrap=/usr -fmacro-prefix-map=C:/ap10-ca5f/git-full-01/bootstrap=/usr -fno-delete-null-pointer-checks -Wall -no-install -L/c/ap13-dcb/gnupg-core-01/builds/libgcrypt-1.12.2-1-02/sdk/usr/lib -Wl,--no-insert-timestamp -o t-convert.exe t-convert.o ../src/libgcrypt.la ../compat/libcompat.la -lgpg-error  
libtool: warning: '-no-install' is ignored for aarch64-pc-cygwin
libtool: warning: assuming '-no-fast-install' instead
libtool: link: gcc -O2 -g -std=gnu17 -fstack-protector-strong -ffile-prefix-map=C:/ap13-dcb/gnupg-core-01/builds/libgcrypt-1.12.2-1-02=/usr/src/debug/libgcrypt-1.12.2 -fdebug-prefix-map=C:/ap13-dcb/gnupg-core-01/builds/libgcrypt-1.12.2-1-02=/usr/src/debug/libgcrypt-1.12.2 -fmacro-prefix-map=C:/ap13-dcb/gnupg-core-01/builds/libgcrypt-1.12.2-1-02=/usr/src/debug/libgcrypt-1.12.2 -ffile-prefix-map=C:/ag-e138920f/tc-cpp-guard-01=/usr/src/toolchain -fdebug-prefix-map=C:/ag-e138920f/tc-cpp-guard-01=/usr/src/toolchain -fmacro-prefix-map=C:/ag-e138920f/tc-cpp-guard-01=/usr/src/toolchain -ffile-prefix-map=C:/ap10-ca5f/git-full-01/bootstrap=/usr -fdebug-prefix-map=C:/ap10-ca5f/git-full-01/bootstrap=/usr -fmacro-prefix-map=C:/ap10-ca5f/git-full-01/bootstrap=/usr -fno-delete-null-pointer-checks -Wall -Wl,--no-insert-timestamp -o .libs/t-convert.exe t-convert.o  -L/c/ap13-dcb/gnupg-core-01/builds/libgcrypt-1.12.2-1-02/sdk/usr/lib ../src/.libs/libgcrypt.dll.a ../compat/.libs/libcompat.a -lgpg-error -L/c/ap13-dcb/gnupg-core-01/builds/libgcrypt-1.12.2-1-02/build/libgcrypt/src/libgcrypt-1.12.2/src/.libs
gcc -DHAVE_CONFIG_H -I. -I..  -I../src -I../src -I/c/ap13-dcb/gnupg-core-01/builds/libgcrypt-1.12.2-1-02/sdk/usr/include  -O2 -g -std=gnu17 -fstack-protector-strong -ffile-prefix-map=C:/ap13-dcb/gnupg-core-01/builds/libgcrypt-1.12.2-1-02=/usr/src/debug/libgcrypt-1.12.2 -fdebug-prefix-map=C:/ap13-dcb/gnupg-core-01/builds/libgcrypt-1.12.2-1-02=/usr/src/debug/libgcrypt-1.12.2 -fmacro-prefix-map=C:/ap13-dcb/gnupg-core-01/builds/libgcrypt-1.12.2-1-02=/usr/src/debug/libgcrypt-1.12.2 -ffile-prefix-map=C:/ag-e138920f/tc-cpp-guard-01=/usr/src/toolchain -fdebug-prefix-map=C:/ag-e138920f/tc-cpp-guard-01=/usr/src/toolchain -fmacro-prefix-map=C:/ag-e138920f/tc-cpp-guard-01=/usr/src/toolchain -ffile-prefix-map=C:/ap10-ca5f/git-full-01/bootstrap=/usr -fdebug-prefix-map=C:/ap10-ca5f/git-full-01/bootstrap=/usr -fmacro-prefix-map=C:/ap10-ca5f/git-full-01/bootstrap=/usr -fno-delete-null-pointer-checks -Wall -MT t-mpi-bit.o -MD -MP -MF .deps/t-mpi-bit.Tpo -c -o t-mpi-bit.o t-mpi-bit.c
mv -f .deps/t-mpi-bit.Tpo .deps/t-mpi-bit.Po
/bin/sh ../libtool  --tag=CC   --mode=link gcc  -O2 -g -std=gnu17 -fstack-protector-strong -ffile-prefix-map=C:/ap13-dcb/gnupg-core-01/builds/libgcrypt-1.12.2-1-02=/usr/src/debug/libgcrypt-1.12.2 -fdebug-prefix-map=C:/ap13-dcb/gnupg-core-01/builds/libgcrypt-1.12.2-1-02=/usr/src/debug/libgcrypt-1.12.2 -fmacro-prefix-map=C:/ap13-dcb/gnupg-core-01/builds/libgcrypt-1.12.2-1-02=/usr/src/debug/libgcrypt-1.12.2 -ffile-prefix-map=C:/ag-e138920f/tc-cpp-guard-01=/usr/src/toolchain -fdebug-prefix-map=C:/ag-e138920f/tc-cpp-guard-01=/usr/src/toolchain -fmacro-prefix-map=C:/ag-e138920f/tc-cpp-guard-01=/usr/src/toolchain -ffile-prefix-map=C:/ap10-ca5f/git-full-01/bootstrap=/usr -fdebug-prefix-map=C:/ap10-ca5f/git-full-01/bootstrap=/usr -fmacro-prefix-map=C:/ap10-ca5f/git-full-01/bootstrap=/usr -fno-delete-null-pointer-checks -Wall -no-install -L/c/ap13-dcb/gnupg-core-01/builds/libgcrypt-1.12.2-1-02/sdk/usr/lib -Wl,--no-insert-timestamp -o t-mpi-bit.exe t-mpi-bit.o ../src/libgcrypt.la ../compat/libcompat.la  
libtool: warning: '-no-install' is ignored for aarch64-pc-cygwin
libtool: warning: assuming '-no-fast-install' instead
libtool: link: gcc -O2 -g -std=gnu17 -fstack-protector-strong -ffile-prefix-map=C:/ap13-dcb/gnupg-core-01/builds/libgcrypt-1.12.2-1-02=/usr/src/debug/libgcrypt-1.12.2 -fdebug-prefix-map=C:/ap13-dcb/gnupg-core-01/builds/libgcrypt-1.12.2-1-02=/usr/src/debug/libgcrypt-1.12.2 -fmacro-prefix-map=C:/ap13-dcb/gnupg-core-01/builds/libgcrypt-1.12.2-1-02=/usr/src/debug/libgcrypt-1.12.2 -ffile-prefix-map=C:/ag-e138920f/tc-cpp-guard-01=/usr/src/toolchain -fdebug-prefix-map=C:/ag-e138920f/tc-cpp-guard-01=/usr/src/toolchain -fmacro-prefix-map=C:/ag-e138920f/tc-cpp-guard-01=/usr/src/toolchain -ffile-prefix-map=C:/ap10-ca5f/git-full-01/bootstrap=/usr -fdebug-prefix-map=C:/ap10-ca5f/git-full-01/bootstrap=/usr -fmacro-prefix-map=C:/ap10-ca5f/git-full-01/bootstrap=/usr -fno-delete-null-pointer-checks -Wall -Wl,--no-insert-timestamp -o .libs/t-mpi-bit.exe t-mpi-bit.o  -L/c/ap13-dcb/gnupg-core-01/builds/libgcrypt-1.12.2-1-02/sdk/usr/lib ../src/.libs/libgcrypt.dll.a -lgpg-error ../compat/.libs/libcompat.a -L/c/ap13-dcb/gnupg-core-01/builds/libgcrypt-1.12.2-1-02/build/libgcrypt/src/libgcrypt-1.12.2/src/.libs
gcc -DHAVE_CONFIG_H -I. -I..  -I../src -I../src -I/c/ap13-dcb/gnupg-core-01/builds/libgcrypt-1.12.2-1-02/sdk/usr/include  -O2 -g -std=gnu17 -fstack-protector-strong -ffile-prefix-map=C:/ap13-dcb/gnupg-core-01/builds/libgcrypt-1.12.2-1-02=/usr/src/debug/libgcrypt-1.12.2 -fdebug-prefix-map=C:/ap13-dcb/gnupg-core-01/builds/libgcrypt-1.12.2-1-02=/usr/src/debug/libgcrypt-1.12.2 -fmacro-prefix-map=C:/ap13-dcb/gnupg-core-01/builds/libgcrypt-1.12.2-1-02=/usr/src/debug/libgcrypt-1.12.2 -ffile-prefix-map=C:/ag-e138920f/tc-cpp-guard-01=/usr/src/toolchain -fdebug-prefix-map=C:/ag-e138920f/tc-cpp-guard-01=/usr/src/toolchain -fmacro-prefix-map=C:/ag-e138920f/tc-cpp-guard-01=/usr/src/toolchain -ffile-prefix-map=C:/ap10-ca5f/git-full-01/bootstrap=/usr -fdebug-prefix-map=C:/ap10-ca5f/git-full-01/bootstrap=/usr -fmacro-prefix-map=C:/ap10-ca5f/git-full-01/bootstrap=/usr -fno-delete-null-pointer-checks -Wall -MT t-mpi-point.o -MD -MP -MF .deps/t-mpi-point.Tpo -c -o t-mpi-point.o t-mpi-point.c
mv -f .deps/t-mpi-point.Tpo .deps/t-mpi-point.Po
/bin/sh ../libtool  --tag=CC   --mode=link gcc  -O2 -g -std=gnu17 -fstack-protector-strong -ffile-prefix-map=C:/ap13-dcb/gnupg-core-01/builds/libgcrypt-1.12.2-1-02=/usr/src/debug/libgcrypt-1.12.2 -fdebug-prefix-map=C:/ap13-dcb/gnupg-core-01/builds/libgcrypt-1.12.2-1-02=/usr/src/debug/libgcrypt-1.12.2 -fmacro-prefix-map=C:/ap13-dcb/gnupg-core-01/builds/libgcrypt-1.12.2-1-02=/usr/src/debug/libgcrypt-1.12.2 -ffile-prefix-map=C:/ag-e138920f/tc-cpp-guard-01=/usr/src/toolchain -fdebug-prefix-map=C:/ag-e138920f/tc-cpp-guard-01=/usr/src/toolchain -fmacro-prefix-map=C:/ag-e138920f/tc-cpp-guard-01=/usr/src/toolchain -ffile-prefix-map=C:/ap10-ca5f/git-full-01/bootstrap=/usr -fdebug-prefix-map=C:/ap10-ca5f/git-full-01/bootstrap=/usr -fmacro-prefix-map=C:/ap10-ca5f/git-full-01/bootstrap=/usr -fno-delete-null-pointer-checks -Wall -no-install -L/c/ap13-dcb/gnupg-core-01/builds/libgcrypt-1.12.2-1-02/sdk/usr/lib -Wl,--no-insert-timestamp -o t-mpi-point.exe t-mpi-point.o ../src/libgcrypt.la ../compat/libcompat.la -lgpg-error  
libtool: warning: '-no-install' is ignored for aarch64-pc-cygwin
libtool: warning: assuming '-no-fast-install' instead
libtool: link: gcc -O2 -g -std=gnu17 -fstack-protector-strong -ffile-prefix-map=C:/ap13-dcb/gnupg-core-01/builds/libgcrypt-1.12.2-1-02=/usr/src/debug/libgcrypt-1.12.2 -fdebug-prefix-map=C:/ap13-dcb/gnupg-core-01/builds/libgcrypt-1.12.2-1-02=/usr/src/debug/libgcrypt-1.12.2 -fmacro-prefix-map=C:/ap13-dcb/gnupg-core-01/builds/libgcrypt-1.12.2-1-02=/usr/src/debug/libgcrypt-1.12.2 -ffile-prefix-map=C:/ag-e138920f/tc-cpp-guard-01=/usr/src/toolchain -fdebug-prefix-map=C:/ag-e138920f/tc-cpp-guard-01=/usr/src/toolchain -fmacro-prefix-map=C:/ag-e138920f/tc-cpp-guard-01=/usr/src/toolchain -ffile-prefix-map=C:/ap10-ca5f/git-full-01/bootstrap=/usr -fdebug-prefix-map=C:/ap10-ca5f/git-full-01/bootstrap=/usr -fmacro-prefix-map=C:/ap10-ca5f/git-full-01/bootstrap=/usr -fno-delete-null-pointer-checks -Wall -Wl,--no-insert-timestamp -o .libs/t-mpi-point.exe t-mpi-point.o  -L/c/ap13-dcb/gnupg-core-01/builds/libgcrypt-1.12.2-1-02/sdk/usr/lib ../src/.libs/libgcrypt.dll.a ../compat/.libs/libcompat.a -lgpg-error -L/c/ap13-dcb/gnupg-core-01/builds/libgcrypt-1.12.2-1-02/build/libgcrypt/src/libgcrypt-1.12.2/src/.libs
gcc -DHAVE_CONFIG_H -I. -I..  -I../src -I../src -I/c/ap13-dcb/gnupg-core-01/builds/libgcrypt-1.12.2-1-02/sdk/usr/include  -O2 -g -std=gnu17 -fstack-protector-strong -ffile-prefix-map=C:/ap13-dcb/gnupg-core-01/builds/libgcrypt-1.12.2-1-02=/usr/src/debug/libgcrypt-1.12.2 -fdebug-prefix-map=C:/ap13-dcb/gnupg-core-01/builds/libgcrypt-1.12.2-1-02=/usr/src/debug/libgcrypt-1.12.2 -fmacro-prefix-map=C:/ap13-dcb/gnupg-core-01/builds/libgcrypt-1.12.2-1-02=/usr/src/debug/libgcrypt-1.12.2 -ffile-prefix-map=C:/ag-e138920f/tc-cpp-guard-01=/usr/src/toolchain -fdebug-prefix-map=C:/ag-e138920f/tc-cpp-guard-01=/usr/src/toolchain -fmacro-prefix-map=C:/ag-e138920f/tc-cpp-guard-01=/usr/src/toolchain -ffile-prefix-map=C:/ap10-ca5f/git-full-01/bootstrap=/usr -fdebug-prefix-map=C:/ap10-ca5f/git-full-01/bootstrap=/usr -fmacro-prefix-map=C:/ap10-ca5f/git-full-01/bootstrap=/usr -fno-delete-null-pointer-checks -Wall -MT t_lock-t-lock.o -MD -MP -MF .deps/t_lock-t-lock.Tpo -c -o t_lock-t-lock.o `test -f 't-lock.c' || echo './'`t-lock.c
mv -f .deps/t_lock-t-lock.Tpo .deps/t_lock-t-lock.Po
/bin/sh ../libtool  --tag=CC   --mode=link gcc  -O2 -g -std=gnu17 -fstack-protector-strong -ffile-prefix-map=C:/ap13-dcb/gnupg-core-01/builds/libgcrypt-1.12.2-1-02=/usr/src/debug/libgcrypt-1.12.2 -fdebug-prefix-map=C:/ap13-dcb/gnupg-core-01/builds/libgcrypt-1.12.2-1-02=/usr/src/debug/libgcrypt-1.12.2 -fmacro-prefix-map=C:/ap13-dcb/gnupg-core-01/builds/libgcrypt-1.12.2-1-02=/usr/src/debug/libgcrypt-1.12.2 -ffile-prefix-map=C:/ag-e138920f/tc-cpp-guard-01=/usr/src/toolchain -fdebug-prefix-map=C:/ag-e138920f/tc-cpp-guard-01=/usr/src/toolchain -fmacro-prefix-map=C:/ag-e138920f/tc-cpp-guard-01=/usr/src/toolchain -ffile-prefix-map=C:/ap10-ca5f/git-full-01/bootstrap=/usr -fdebug-prefix-map=C:/ap10-ca5f/git-full-01/bootstrap=/usr -fmacro-prefix-map=C:/ap10-ca5f/git-full-01/bootstrap=/usr -fno-delete-null-pointer-checks -Wall -no-install -L/c/ap13-dcb/gnupg-core-01/builds/libgcrypt-1.12.2-1-02/sdk/usr/lib -Wl,--no-insert-timestamp -o t-lock.exe t_lock-t-lock.o ../src/libgcrypt.la ../compat/libcompat.la -lgpg-error -lpthread  
libtool: warning: '-no-install' is ignored for aarch64-pc-cygwin
libtool: warning: assuming '-no-fast-install' instead
libtool: link: gcc -O2 -g -std=gnu17 -fstack-protector-strong -ffile-prefix-map=C:/ap13-dcb/gnupg-core-01/builds/libgcrypt-1.12.2-1-02=/usr/src/debug/libgcrypt-1.12.2 -fdebug-prefix-map=C:/ap13-dcb/gnupg-core-01/builds/libgcrypt-1.12.2-1-02=/usr/src/debug/libgcrypt-1.12.2 -fmacro-prefix-map=C:/ap13-dcb/gnupg-core-01/builds/libgcrypt-1.12.2-1-02=/usr/src/debug/libgcrypt-1.12.2 -ffile-prefix-map=C:/ag-e138920f/tc-cpp-guard-01=/usr/src/toolchain -fdebug-prefix-map=C:/ag-e138920f/tc-cpp-guard-01=/usr/src/toolchain -fmacro-prefix-map=C:/ag-e138920f/tc-cpp-guard-01=/usr/src/toolchain -ffile-prefix-map=C:/ap10-ca5f/git-full-01/bootstrap=/usr -fdebug-prefix-map=C:/ap10-ca5f/git-full-01/bootstrap=/usr -fmacro-prefix-map=C:/ap10-ca5f/git-full-01/bootstrap=/usr -fno-delete-null-pointer-checks -Wall -Wl,--no-insert-timestamp -o .libs/t-lock.exe t_lock-t-lock.o  -L/c/ap13-dcb/gnupg-core-01/builds/libgcrypt-1.12.2-1-02/sdk/usr/lib ../src/.libs/libgcrypt.dll.a ../compat/.libs/libcompat.a -lgpg-error -lpthread -L/c/ap13-dcb/gnupg-core-01/builds/libgcrypt-1.12.2-1-02/build/libgcrypt/src/libgcrypt-1.12.2/src/.libs
gcc -DHAVE_CONFIG_H -I. -I..  -I../src -I../src -I/c/ap13-dcb/gnupg-core-01/builds/libgcrypt-1.12.2-1-02/sdk/usr/include  -O2 -g -std=gnu17 -fstack-protector-strong -ffile-prefix-map=C:/ap13-dcb/gnupg-core-01/builds/libgcrypt-1.12.2-1-02=/usr/src/debug/libgcrypt-1.12.2 -fdebug-prefix-map=C:/ap13-dcb/gnupg-core-01/builds/libgcrypt-1.12.2-1-02=/usr/src/debug/libgcrypt-1.12.2 -fmacro-prefix-map=C:/ap13-dcb/gnupg-core-01/builds/libgcrypt-1.12.2-1-02=/usr/src/debug/libgcrypt-1.12.2 -ffile-prefix-map=C:/ag-e138920f/tc-cpp-guard-01=/usr/src/toolchain -fdebug-prefix-map=C:/ag-e138920f/tc-cpp-guard-01=/usr/src/toolchain -fmacro-prefix-map=C:/ag-e138920f/tc-cpp-guard-01=/usr/src/toolchain -ffile-prefix-map=C:/ap10-ca5f/git-full-01/bootstrap=/usr -fdebug-prefix-map=C:/ap10-ca5f/git-full-01/bootstrap=/usr -fmacro-prefix-map=C:/ap10-ca5f/git-full-01/bootstrap=/usr -fno-delete-null-pointer-checks -Wall -MT prime.o -MD -MP -MF .deps/prime.Tpo -c -o prime.o prime.c
mv -f .deps/prime.Tpo .deps/prime.Po
/bin/sh ../libtool  --tag=CC   --mode=link gcc  -O2 -g -std=gnu17 -fstack-protector-strong -ffile-prefix-map=C:/ap13-dcb/gnupg-core-01/builds/libgcrypt-1.12.2-1-02=/usr/src/debug/libgcrypt-1.12.2 -fdebug-prefix-map=C:/ap13-dcb/gnupg-core-01/builds/libgcrypt-1.12.2-1-02=/usr/src/debug/libgcrypt-1.12.2 -fmacro-prefix-map=C:/ap13-dcb/gnupg-core-01/builds/libgcrypt-1.12.2-1-02=/usr/src/debug/libgcrypt-1.12.2 -ffile-prefix-map=C:/ag-e138920f/tc-cpp-guard-01=/usr/src/toolchain -fdebug-prefix-map=C:/ag-e138920f/tc-cpp-guard-01=/usr/src/toolchain -fmacro-prefix-map=C:/ag-e138920f/tc-cpp-guard-01=/usr/src/toolchain -ffile-prefix-map=C:/ap10-ca5f/git-full-01/bootstrap=/usr -fdebug-prefix-map=C:/ap10-ca5f/git-full-01/bootstrap=/usr -fmacro-prefix-map=C:/ap10-ca5f/git-full-01/bootstrap=/usr -fno-delete-null-pointer-checks -Wall -no-install -L/c/ap13-dcb/gnupg-core-01/builds/libgcrypt-1.12.2-1-02/sdk/usr/lib -Wl,--no-insert-timestamp -o prime.exe prime.o ../src/libgcrypt.la ../compat/libcompat.la  
libtool: warning: '-no-install' is ignored for aarch64-pc-cygwin
libtool: warning: assuming '-no-fast-install' instead
libtool: link: gcc -O2 -g -std=gnu17 -fstack-protector-strong -ffile-prefix-map=C:/ap13-dcb/gnupg-core-01/builds/libgcrypt-1.12.2-1-02=/usr/src/debug/libgcrypt-1.12.2 -fdebug-prefix-map=C:/ap13-dcb/gnupg-core-01/builds/libgcrypt-1.12.2-1-02=/usr/src/debug/libgcrypt-1.12.2 -fmacro-prefix-map=C:/ap13-dcb/gnupg-core-01/builds/libgcrypt-1.12.2-1-02=/usr/src/debug/libgcrypt-1.12.2 -ffile-prefix-map=C:/ag-e138920f/tc-cpp-guard-01=/usr/src/toolchain -fdebug-prefix-map=C:/ag-e138920f/tc-cpp-guard-01=/usr/src/toolchain -fmacro-prefix-map=C:/ag-e138920f/tc-cpp-guard-01=/usr/src/toolchain -ffile-prefix-map=C:/ap10-ca5f/git-full-01/bootstrap=/usr -fdebug-prefix-map=C:/ap10-ca5f/git-full-01/bootstrap=/usr -fmacro-prefix-map=C:/ap10-ca5f/git-full-01/bootstrap=/usr -fno-delete-null-pointer-checks -Wall -Wl,--no-insert-timestamp -o .libs/prime.exe prime.o  -L/c/ap13-dcb/gnupg-core-01/builds/libgcrypt-1.12.2-1-02/sdk/usr/lib ../src/.libs/libgcrypt.dll.a -lgpg-error ../compat/.libs/libcompat.a -L/c/ap13-dcb/gnupg-core-01/builds/libgcrypt-1.12.2-1-02/build/libgcrypt/src/libgcrypt-1.12.2/src/.libs
gcc -DHAVE_CONFIG_H -I. -I..  -I../src -I../src -I/c/ap13-dcb/gnupg-core-01/builds/libgcrypt-1.12.2-1-02/sdk/usr/include  -O2 -g -std=gnu17 -fstack-protector-strong -ffile-prefix-map=C:/ap13-dcb/gnupg-core-01/builds/libgcrypt-1.12.2-1-02=/usr/src/debug/libgcrypt-1.12.2 -fdebug-prefix-map=C:/ap13-dcb/gnupg-core-01/builds/libgcrypt-1.12.2-1-02=/usr/src/debug/libgcrypt-1.12.2 -fmacro-prefix-map=C:/ap13-dcb/gnupg-core-01/builds/libgcrypt-1.12.2-1-02=/usr/src/debug/libgcrypt-1.12.2 -ffile-prefix-map=C:/ag-e138920f/tc-cpp-guard-01=/usr/src/toolchain -fdebug-prefix-map=C:/ag-e138920f/tc-cpp-guard-01=/usr/src/toolchain -fmacro-prefix-map=C:/ag-e138920f/tc-cpp-guard-01=/usr/src/toolchain -ffile-prefix-map=C:/ap10-ca5f/git-full-01/bootstrap=/usr -fdebug-prefix-map=C:/ap10-ca5f/git-full-01/bootstrap=/usr -fmacro-prefix-map=C:/ap10-ca5f/git-full-01/bootstrap=/usr -fno-delete-null-pointer-checks -Wall -MT basic.o -MD -MP -MF .deps/basic.Tpo -c -o basic.o basic.c
mv -f .deps/basic.Tpo .deps/basic.Po
/bin/sh ../libtool  --tag=CC   --mode=link gcc  -O2 -g -std=gnu17 -fstack-protector-strong -ffile-prefix-map=C:/ap13-dcb/gnupg-core-01/builds/libgcrypt-1.12.2-1-02=/usr/src/debug/libgcrypt-1.12.2 -fdebug-prefix-map=C:/ap13-dcb/gnupg-core-01/builds/libgcrypt-1.12.2-1-02=/usr/src/debug/libgcrypt-1.12.2 -fmacro-prefix-map=C:/ap13-dcb/gnupg-core-01/builds/libgcrypt-1.12.2-1-02=/usr/src/debug/libgcrypt-1.12.2 -ffile-prefix-map=C:/ag-e138920f/tc-cpp-guard-01=/usr/src/toolchain -fdebug-prefix-map=C:/ag-e138920f/tc-cpp-guard-01=/usr/src/toolchain -fmacro-prefix-map=C:/ag-e138920f/tc-cpp-guard-01=/usr/src/toolchain -ffile-prefix-map=C:/ap10-ca5f/git-full-01/bootstrap=/usr -fdebug-prefix-map=C:/ap10-ca5f/git-full-01/bootstrap=/usr -fmacro-prefix-map=C:/ap10-ca5f/git-full-01/bootstrap=/usr -fno-delete-null-pointer-checks -Wall -no-install -L/c/ap13-dcb/gnupg-core-01/builds/libgcrypt-1.12.2-1-02/sdk/usr/lib -Wl,--no-insert-timestamp -o basic.exe basic.o ../src/libgcrypt.la ../compat/libcompat.la -lgpg-error  
libtool: warning: '-no-install' is ignored for aarch64-pc-cygwin
libtool: warning: assuming '-no-fast-install' instead
libtool: link: gcc -O2 -g -std=gnu17 -fstack-protector-strong -ffile-prefix-map=C:/ap13-dcb/gnupg-core-01/builds/libgcrypt-1.12.2-1-02=/usr/src/debug/libgcrypt-1.12.2 -fdebug-prefix-map=C:/ap13-dcb/gnupg-core-01/builds/libgcrypt-1.12.2-1-02=/usr/src/debug/libgcrypt-1.12.2 -fmacro-prefix-map=C:/ap13-dcb/gnupg-core-01/builds/libgcrypt-1.12.2-1-02=/usr/src/debug/libgcrypt-1.12.2 -ffile-prefix-map=C:/ag-e138920f/tc-cpp-guard-01=/usr/src/toolchain -fdebug-prefix-map=C:/ag-e138920f/tc-cpp-guard-01=/usr/src/toolchain -fmacro-prefix-map=C:/ag-e138920f/tc-cpp-guard-01=/usr/src/toolchain -ffile-prefix-map=C:/ap10-ca5f/git-full-01/bootstrap=/usr -fdebug-prefix-map=C:/ap10-ca5f/git-full-01/bootstrap=/usr -fmacro-prefix-map=C:/ap10-ca5f/git-full-01/bootstrap=/usr -fno-delete-null-pointer-checks -Wall -Wl,--no-insert-timestamp -o .libs/basic.exe basic.o  -L/c/ap13-dcb/gnupg-core-01/builds/libgcrypt-1.12.2-1-02/sdk/usr/lib ../src/.libs/libgcrypt.dll.a ../compat/.libs/libcompat.a -lgpg-error -L/c/ap13-dcb/gnupg-core-01/builds/libgcrypt-1.12.2-1-02/build/libgcrypt/src/libgcrypt-1.12.2/src/.libs
gcc -DHAVE_CONFIG_H -I. -I..  -I../src -I../src -I/c/ap13-dcb/gnupg-core-01/builds/libgcrypt-1.12.2-1-02/sdk/usr/include  -O2 -g -std=gnu17 -fstack-protector-strong -ffile-prefix-map=C:/ap13-dcb/gnupg-core-01/builds/libgcrypt-1.12.2-1-02=/usr/src/debug/libgcrypt-1.12.2 -fdebug-prefix-map=C:/ap13-dcb/gnupg-core-01/builds/libgcrypt-1.12.2-1-02=/usr/src/debug/libgcrypt-1.12.2 -fmacro-prefix-map=C:/ap13-dcb/gnupg-core-01/builds/libgcrypt-1.12.2-1-02=/usr/src/debug/libgcrypt-1.12.2 -ffile-prefix-map=C:/ag-e138920f/tc-cpp-guard-01=/usr/src/toolchain -fdebug-prefix-map=C:/ag-e138920f/tc-cpp-guard-01=/usr/src/toolchain -fmacro-prefix-map=C:/ag-e138920f/tc-cpp-guard-01=/usr/src/toolchain -ffile-prefix-map=C:/ap10-ca5f/git-full-01/bootstrap=/usr -fdebug-prefix-map=C:/ap10-ca5f/git-full-01/bootstrap=/usr -fmacro-prefix-map=C:/ap10-ca5f/git-full-01/bootstrap=/usr -fno-delete-null-pointer-checks -Wall -MT keygen.o -MD -MP -MF .deps/keygen.Tpo -c -o keygen.o keygen.c
In file included from keygen.c:27:
keygen.c: In function 'check_generated_kem_key':
keygen.c:654:30: warning: array subscript has type 'char' [-Wchar-subscripts]
  654 |   for (s=algoname; !isdigit (*s); s++)
      |                              ^~
mv -f .deps/keygen.Tpo .deps/keygen.Po
/bin/sh ../libtool  --tag=CC   --mode=link gcc  -O2 -g -std=gnu17 -fstack-protector-strong -ffile-prefix-map=C:/ap13-dcb/gnupg-core-01/builds/libgcrypt-1.12.2-1-02=/usr/src/debug/libgcrypt-1.12.2 -fdebug-prefix-map=C:/ap13-dcb/gnupg-core-01/builds/libgcrypt-1.12.2-1-02=/usr/src/debug/libgcrypt-1.12.2 -fmacro-prefix-map=C:/ap13-dcb/gnupg-core-01/builds/libgcrypt-1.12.2-1-02=/usr/src/debug/libgcrypt-1.12.2 -ffile-prefix-map=C:/ag-e138920f/tc-cpp-guard-01=/usr/src/toolchain -fdebug-prefix-map=C:/ag-e138920f/tc-cpp-guard-01=/usr/src/toolchain -fmacro-prefix-map=C:/ag-e138920f/tc-cpp-guard-01=/usr/src/toolchain -ffile-prefix-map=C:/ap10-ca5f/git-full-01/bootstrap=/usr -fdebug-prefix-map=C:/ap10-ca5f/git-full-01/bootstrap=/usr -fmacro-prefix-map=C:/ap10-ca5f/git-full-01/bootstrap=/usr -fno-delete-null-pointer-checks -Wall -no-install -L/c/ap13-dcb/gnupg-core-01/builds/libgcrypt-1.12.2-1-02/sdk/usr/lib -Wl,--no-insert-timestamp -o keygen.exe keygen.o ../src/libgcrypt.la ../compat/libcompat.la -lgpg-error  
libtool: warning: '-no-install' is ignored for aarch64-pc-cygwin
libtool: warning: assuming '-no-fast-install' instead
libtool: link: gcc -O2 -g -std=gnu17 -fstack-protector-strong -ffile-prefix-map=C:/ap13-dcb/gnupg-core-01/builds/libgcrypt-1.12.2-1-02=/usr/src/debug/libgcrypt-1.12.2 -fdebug-prefix-map=C:/ap13-dcb/gnupg-core-01/builds/libgcrypt-1.12.2-1-02=/usr/src/debug/libgcrypt-1.12.2 -fmacro-prefix-map=C:/ap13-dcb/gnupg-core-01/builds/libgcrypt-1.12.2-1-02=/usr/src/debug/libgcrypt-1.12.2 -ffile-prefix-map=C:/ag-e138920f/tc-cpp-guard-01=/usr/src/toolchain -fdebug-prefix-map=C:/ag-e138920f/tc-cpp-guard-01=/usr/src/toolchain -fmacro-prefix-map=C:/ag-e138920f/tc-cpp-guard-01=/usr/src/toolchain -ffile-prefix-map=C:/ap10-ca5f/git-full-01/bootstrap=/usr -fdebug-prefix-map=C:/ap10-ca5f/git-full-01/bootstrap=/usr -fmacro-prefix-map=C:/ap10-ca5f/git-full-01/bootstrap=/usr -fno-delete-null-pointer-checks -Wall -Wl,--no-insert-timestamp -o .libs/keygen.exe keygen.o  -L/c/ap13-dcb/gnupg-core-01/builds/libgcrypt-1.12.2-1-02/sdk/usr/lib ../src/.libs/libgcrypt.dll.a ../compat/.libs/libcompat.a -lgpg-error -L/c/ap13-dcb/gnupg-core-01/builds/libgcrypt-1.12.2-1-02/build/libgcrypt/src/libgcrypt-1.12.2/src/.libs
gcc -DHAVE_CONFIG_H -I. -I..  -I../src -I../src -I/c/ap13-dcb/gnupg-core-01/builds/libgcrypt-1.12.2-1-02/sdk/usr/include  -O2 -g -std=gnu17 -fstack-protector-strong -ffile-prefix-map=C:/ap13-dcb/gnupg-core-01/builds/libgcrypt-1.12.2-1-02=/usr/src/debug/libgcrypt-1.12.2 -fdebug-prefix-map=C:/ap13-dcb/gnupg-core-01/builds/libgcrypt-1.12.2-1-02=/usr/src/debug/libgcrypt-1.12.2 -fmacro-prefix-map=C:/ap13-dcb/gnupg-core-01/builds/libgcrypt-1.12.2-1-02=/usr/src/debug/libgcrypt-1.12.2 -ffile-prefix-map=C:/ag-e138920f/tc-cpp-guard-01=/usr/src/toolchain -fdebug-prefix-map=C:/ag-e138920f/tc-cpp-guard-01=/usr/src/toolchain -fmacro-prefix-map=C:/ag-e138920f/tc-cpp-guard-01=/usr/src/toolchain -ffile-prefix-map=C:/ap10-ca5f/git-full-01/bootstrap=/usr -fdebug-prefix-map=C:/ap10-ca5f/git-full-01/bootstrap=/usr -fmacro-prefix-map=C:/ap10-ca5f/git-full-01/bootstrap=/usr -fno-delete-null-pointer-checks -Wall -MT pubkey.o -MD -MP -MF .deps/pubkey.Tpo -c -o pubkey.o pubkey.c
mv -f .deps/pubkey.Tpo .deps/pubkey.Po
/bin/sh ../libtool  --tag=CC   --mode=link gcc  -O2 -g -std=gnu17 -fstack-protector-strong -ffile-prefix-map=C:/ap13-dcb/gnupg-core-01/builds/libgcrypt-1.12.2-1-02=/usr/src/debug/libgcrypt-1.12.2 -fdebug-prefix-map=C:/ap13-dcb/gnupg-core-01/builds/libgcrypt-1.12.2-1-02=/usr/src/debug/libgcrypt-1.12.2 -fmacro-prefix-map=C:/ap13-dcb/gnupg-core-01/builds/libgcrypt-1.12.2-1-02=/usr/src/debug/libgcrypt-1.12.2 -ffile-prefix-map=C:/ag-e138920f/tc-cpp-guard-01=/usr/src/toolchain -fdebug-prefix-map=C:/ag-e138920f/tc-cpp-guard-01=/usr/src/toolchain -fmacro-prefix-map=C:/ag-e138920f/tc-cpp-guard-01=/usr/src/toolchain -ffile-prefix-map=C:/ap10-ca5f/git-full-01/bootstrap=/usr -fdebug-prefix-map=C:/ap10-ca5f/git-full-01/bootstrap=/usr -fmacro-prefix-map=C:/ap10-ca5f/git-full-01/bootstrap=/usr -fno-delete-null-pointer-checks -Wall -no-install -L/c/ap13-dcb/gnupg-core-01/builds/libgcrypt-1.12.2-1-02/sdk/usr/lib -Wl,--no-insert-timestamp -o pubkey.exe pubkey.o ../src/libgcrypt.la ../compat/libcompat.la -lgpg-error  
libtool: warning: '-no-install' is ignored for aarch64-pc-cygwin
libtool: warning: assuming '-no-fast-install' instead
libtool: link: gcc -O2 -g -std=gnu17 -fstack-protector-strong -ffile-prefix-map=C:/ap13-dcb/gnupg-core-01/builds/libgcrypt-1.12.2-1-02=/usr/src/debug/libgcrypt-1.12.2 -fdebug-prefix-map=C:/ap13-dcb/gnupg-core-01/builds/libgcrypt-1.12.2-1-02=/usr/src/debug/libgcrypt-1.12.2 -fmacro-prefix-map=C:/ap13-dcb/gnupg-core-01/builds/libgcrypt-1.12.2-1-02=/usr/src/debug/libgcrypt-1.12.2 -ffile-prefix-map=C:/ag-e138920f/tc-cpp-guard-01=/usr/src/toolchain -fdebug-prefix-map=C:/ag-e138920f/tc-cpp-guard-01=/usr/src/toolchain -fmacro-prefix-map=C:/ag-e138920f/tc-cpp-guard-01=/usr/src/toolchain -ffile-prefix-map=C:/ap10-ca5f/git-full-01/bootstrap=/usr -fdebug-prefix-map=C:/ap10-ca5f/git-full-01/bootstrap=/usr -fmacro-prefix-map=C:/ap10-ca5f/git-full-01/bootstrap=/usr -fno-delete-null-pointer-checks -Wall -Wl,--no-insert-timestamp -o .libs/pubkey.exe pubkey.o  -L/c/ap13-dcb/gnupg-core-01/builds/libgcrypt-1.12.2-1-02/sdk/usr/lib ../src/.libs/libgcrypt.dll.a ../compat/.libs/libcompat.a -lgpg-error -L/c/ap13-dcb/gnupg-core-01/builds/libgcrypt-1.12.2-1-02/build/libgcrypt/src/libgcrypt-1.12.2/src/.libs
gcc -DHAVE_CONFIG_H -I. -I..  -I../src -I../src -I/c/ap13-dcb/gnupg-core-01/builds/libgcrypt-1.12.2-1-02/sdk/usr/include  -O2 -g -std=gnu17 -fstack-protector-strong -ffile-prefix-map=C:/ap13-dcb/gnupg-core-01/builds/libgcrypt-1.12.2-1-02=/usr/src/debug/libgcrypt-1.12.2 -fdebug-prefix-map=C:/ap13-dcb/gnupg-core-01/builds/libgcrypt-1.12.2-1-02=/usr/src/debug/libgcrypt-1.12.2 -fmacro-prefix-map=C:/ap13-dcb/gnupg-core-01/builds/libgcrypt-1.12.2-1-02=/usr/src/debug/libgcrypt-1.12.2 -ffile-prefix-map=C:/ag-e138920f/tc-cpp-guard-01=/usr/src/toolchain -fdebug-prefix-map=C:/ag-e138920f/tc-cpp-guard-01=/usr/src/toolchain -fmacro-prefix-map=C:/ag-e138920f/tc-cpp-guard-01=/usr/src/toolchain -ffile-prefix-map=C:/ap10-ca5f/git-full-01/bootstrap=/usr -fdebug-prefix-map=C:/ap10-ca5f/git-full-01/bootstrap=/usr -fmacro-prefix-map=C:/ap10-ca5f/git-full-01/bootstrap=/usr -fno-delete-null-pointer-checks -Wall -MT hmac.o -MD -MP -MF .deps/hmac.Tpo -c -o hmac.o hmac.c
mv -f .deps/hmac.Tpo .deps/hmac.Po
/bin/sh ../libtool  --tag=CC   --mode=link gcc  -O2 -g -std=gnu17 -fstack-protector-strong -ffile-prefix-map=C:/ap13-dcb/gnupg-core-01/builds/libgcrypt-1.12.2-1-02=/usr/src/debug/libgcrypt-1.12.2 -fdebug-prefix-map=C:/ap13-dcb/gnupg-core-01/builds/libgcrypt-1.12.2-1-02=/usr/src/debug/libgcrypt-1.12.2 -fmacro-prefix-map=C:/ap13-dcb/gnupg-core-01/builds/libgcrypt-1.12.2-1-02=/usr/src/debug/libgcrypt-1.12.2 -ffile-prefix-map=C:/ag-e138920f/tc-cpp-guard-01=/usr/src/toolchain -fdebug-prefix-map=C:/ag-e138920f/tc-cpp-guard-01=/usr/src/toolchain -fmacro-prefix-map=C:/ag-e138920f/tc-cpp-guard-01=/usr/src/toolchain -ffile-prefix-map=C:/ap10-ca5f/git-full-01/bootstrap=/usr -fdebug-prefix-map=C:/ap10-ca5f/git-full-01/bootstrap=/usr -fmacro-prefix-map=C:/ap10-ca5f/git-full-01/bootstrap=/usr -fno-delete-null-pointer-checks -Wall -no-install -L/c/ap13-dcb/gnupg-core-01/builds/libgcrypt-1.12.2-1-02/sdk/usr/lib -Wl,--no-insert-timestamp -o hmac.exe hmac.o ../src/libgcrypt.la ../compat/libcompat.la -lgpg-error  
libtool: warning: '-no-install' is ignored for aarch64-pc-cygwin
libtool: warning: assuming '-no-fast-install' instead
libtool: link: gcc -O2 -g -std=gnu17 -fstack-protector-strong -ffile-prefix-map=C:/ap13-dcb/gnupg-core-01/builds/libgcrypt-1.12.2-1-02=/usr/src/debug/libgcrypt-1.12.2 -fdebug-prefix-map=C:/ap13-dcb/gnupg-core-01/builds/libgcrypt-1.12.2-1-02=/usr/src/debug/libgcrypt-1.12.2 -fmacro-prefix-map=C:/ap13-dcb/gnupg-core-01/builds/libgcrypt-1.12.2-1-02=/usr/src/debug/libgcrypt-1.12.2 -ffile-prefix-map=C:/ag-e138920f/tc-cpp-guard-01=/usr/src/toolchain -fdebug-prefix-map=C:/ag-e138920f/tc-cpp-guard-01=/usr/src/toolchain -fmacro-prefix-map=C:/ag-e138920f/tc-cpp-guard-01=/usr/src/toolchain -ffile-prefix-map=C:/ap10-ca5f/git-full-01/bootstrap=/usr -fdebug-prefix-map=C:/ap10-ca5f/git-full-01/bootstrap=/usr -fmacro-prefix-map=C:/ap10-ca5f/git-full-01/bootstrap=/usr -fno-delete-null-pointer-checks -Wall -Wl,--no-insert-timestamp -o .libs/hmac.exe hmac.o  -L/c/ap13-dcb/gnupg-core-01/builds/libgcrypt-1.12.2-1-02/sdk/usr/lib ../src/.libs/libgcrypt.dll.a ../compat/.libs/libcompat.a -lgpg-error -L/c/ap13-dcb/gnupg-core-01/builds/libgcrypt-1.12.2-1-02/build/libgcrypt/src/libgcrypt-1.12.2/src/.libs
gcc -DHAVE_CONFIG_H -I. -I..  -I../src -I../src -I/c/ap13-dcb/gnupg-core-01/builds/libgcrypt-1.12.2-1-02/sdk/usr/include  -O2 -g -std=gnu17 -fstack-protector-strong -ffile-prefix-map=C:/ap13-dcb/gnupg-core-01/builds/libgcrypt-1.12.2-1-02=/usr/src/debug/libgcrypt-1.12.2 -fdebug-prefix-map=C:/ap13-dcb/gnupg-core-01/builds/libgcrypt-1.12.2-1-02=/usr/src/debug/libgcrypt-1.12.2 -fmacro-prefix-map=C:/ap13-dcb/gnupg-core-01/builds/libgcrypt-1.12.2-1-02=/usr/src/debug/libgcrypt-1.12.2 -ffile-prefix-map=C:/ag-e138920f/tc-cpp-guard-01=/usr/src/toolchain -fdebug-prefix-map=C:/ag-e138920f/tc-cpp-guard-01=/usr/src/toolchain -fmacro-prefix-map=C:/ag-e138920f/tc-cpp-guard-01=/usr/src/toolchain -ffile-prefix-map=C:/ap10-ca5f/git-full-01/bootstrap=/usr -fdebug-prefix-map=C:/ap10-ca5f/git-full-01/bootstrap=/usr -fmacro-prefix-map=C:/ap10-ca5f/git-full-01/bootstrap=/usr -fno-delete-null-pointer-checks -Wall -MT hashtest.o -MD -MP -MF .deps/hashtest.Tpo -c -o hashtest.o hashtest.c
mv -f .deps/hashtest.Tpo .deps/hashtest.Po
/bin/sh ../libtool  --tag=CC   --mode=link gcc  -O2 -g -std=gnu17 -fstack-protector-strong -ffile-prefix-map=C:/ap13-dcb/gnupg-core-01/builds/libgcrypt-1.12.2-1-02=/usr/src/debug/libgcrypt-1.12.2 -fdebug-prefix-map=C:/ap13-dcb/gnupg-core-01/builds/libgcrypt-1.12.2-1-02=/usr/src/debug/libgcrypt-1.12.2 -fmacro-prefix-map=C:/ap13-dcb/gnupg-core-01/builds/libgcrypt-1.12.2-1-02=/usr/src/debug/libgcrypt-1.12.2 -ffile-prefix-map=C:/ag-e138920f/tc-cpp-guard-01=/usr/src/toolchain -fdebug-prefix-map=C:/ag-e138920f/tc-cpp-guard-01=/usr/src/toolchain -fmacro-prefix-map=C:/ag-e138920f/tc-cpp-guard-01=/usr/src/toolchain -ffile-prefix-map=C:/ap10-ca5f/git-full-01/bootstrap=/usr -fdebug-prefix-map=C:/ap10-ca5f/git-full-01/bootstrap=/usr -fmacro-prefix-map=C:/ap10-ca5f/git-full-01/bootstrap=/usr -fno-delete-null-pointer-checks -Wall -no-install -L/c/ap13-dcb/gnupg-core-01/builds/libgcrypt-1.12.2-1-02/sdk/usr/lib -Wl,--no-insert-timestamp -o hashtest.exe hashtest.o ../src/libgcrypt.la ../compat/libcompat.la -lgpg-error  
libtool: warning: '-no-install' is ignored for aarch64-pc-cygwin
libtool: warning: assuming '-no-fast-install' instead
libtool: link: gcc -O2 -g -std=gnu17 -fstack-protector-strong -ffile-prefix-map=C:/ap13-dcb/gnupg-core-01/builds/libgcrypt-1.12.2-1-02=/usr/src/debug/libgcrypt-1.12.2 -fdebug-prefix-map=C:/ap13-dcb/gnupg-core-01/builds/libgcrypt-1.12.2-1-02=/usr/src/debug/libgcrypt-1.12.2 -fmacro-prefix-map=C:/ap13-dcb/gnupg-core-01/builds/libgcrypt-1.12.2-1-02=/usr/src/debug/libgcrypt-1.12.2 -ffile-prefix-map=C:/ag-e138920f/tc-cpp-guard-01=/usr/src/toolchain -fdebug-prefix-map=C:/ag-e138920f/tc-cpp-guard-01=/usr/src/toolchain -fmacro-prefix-map=C:/ag-e138920f/tc-cpp-guard-01=/usr/src/toolchain -ffile-prefix-map=C:/ap10-ca5f/git-full-01/bootstrap=/usr -fdebug-prefix-map=C:/ap10-ca5f/git-full-01/bootstrap=/usr -fmacro-prefix-map=C:/ap10-ca5f/git-full-01/bootstrap=/usr -fno-delete-null-pointer-checks -Wall -Wl,--no-insert-timestamp -o .libs/hashtest.exe hashtest.o  -L/c/ap13-dcb/gnupg-core-01/builds/libgcrypt-1.12.2-1-02/sdk/usr/lib ../src/.libs/libgcrypt.dll.a ../compat/.libs/libcompat.a -lgpg-error -L/c/ap13-dcb/gnupg-core-01/builds/libgcrypt-1.12.2-1-02/build/libgcrypt/src/libgcrypt-1.12.2/src/.libs
gcc -DHAVE_CONFIG_H -I. -I..  -I../src -I../src -I/c/ap13-dcb/gnupg-core-01/builds/libgcrypt-1.12.2-1-02/sdk/usr/include  -O2 -g -std=gnu17 -fstack-protector-strong -ffile-prefix-map=C:/ap13-dcb/gnupg-core-01/builds/libgcrypt-1.12.2-1-02=/usr/src/debug/libgcrypt-1.12.2 -fdebug-prefix-map=C:/ap13-dcb/gnupg-core-01/builds/libgcrypt-1.12.2-1-02=/usr/src/debug/libgcrypt-1.12.2 -fmacro-prefix-map=C:/ap13-dcb/gnupg-core-01/builds/libgcrypt-1.12.2-1-02=/usr/src/debug/libgcrypt-1.12.2 -ffile-prefix-map=C:/ag-e138920f/tc-cpp-guard-01=/usr/src/toolchain -fdebug-prefix-map=C:/ag-e138920f/tc-cpp-guard-01=/usr/src/toolchain -fmacro-prefix-map=C:/ag-e138920f/tc-cpp-guard-01=/usr/src/toolchain -ffile-prefix-map=C:/ap10-ca5f/git-full-01/bootstrap=/usr -fdebug-prefix-map=C:/ap10-ca5f/git-full-01/bootstrap=/usr -fmacro-prefix-map=C:/ap10-ca5f/git-full-01/bootstrap=/usr -fno-delete-null-pointer-checks -Wall -MT t_kdf-t-kdf.o -MD -MP -MF .deps/t_kdf-t-kdf.Tpo -c -o t_kdf-t-kdf.o `test -f 't-kdf.c' || echo './'`t-kdf.c
mv -f .deps/t_kdf-t-kdf.Tpo .deps/t_kdf-t-kdf.Po
/bin/sh ../libtool  --tag=CC   --mode=link gcc  -O2 -g -std=gnu17 -fstack-protector-strong -ffile-prefix-map=C:/ap13-dcb/gnupg-core-01/builds/libgcrypt-1.12.2-1-02=/usr/src/debug/libgcrypt-1.12.2 -fdebug-prefix-map=C:/ap13-dcb/gnupg-core-01/builds/libgcrypt-1.12.2-1-02=/usr/src/debug/libgcrypt-1.12.2 -fmacro-prefix-map=C:/ap13-dcb/gnupg-core-01/builds/libgcrypt-1.12.2-1-02=/usr/src/debug/libgcrypt-1.12.2 -ffile-prefix-map=C:/ag-e138920f/tc-cpp-guard-01=/usr/src/toolchain -fdebug-prefix-map=C:/ag-e138920f/tc-cpp-guard-01=/usr/src/toolchain -fmacro-prefix-map=C:/ag-e138920f/tc-cpp-guard-01=/usr/src/toolchain -ffile-prefix-map=C:/ap10-ca5f/git-full-01/bootstrap=/usr -fdebug-prefix-map=C:/ap10-ca5f/git-full-01/bootstrap=/usr -fmacro-prefix-map=C:/ap10-ca5f/git-full-01/bootstrap=/usr -fno-delete-null-pointer-checks -Wall -no-install -L/c/ap13-dcb/gnupg-core-01/builds/libgcrypt-1.12.2-1-02/sdk/usr/lib -Wl,--no-insert-timestamp -o t-kdf.exe t_kdf-t-kdf.o ../src/libgcrypt.la ../compat/libcompat.la -lgpg-error -lpthread  
libtool: warning: '-no-install' is ignored for aarch64-pc-cygwin
libtool: warning: assuming '-no-fast-install' instead
libtool: link: gcc -O2 -g -std=gnu17 -fstack-protector-strong -ffile-prefix-map=C:/ap13-dcb/gnupg-core-01/builds/libgcrypt-1.12.2-1-02=/usr/src/debug/libgcrypt-1.12.2 -fdebug-prefix-map=C:/ap13-dcb/gnupg-core-01/builds/libgcrypt-1.12.2-1-02=/usr/src/debug/libgcrypt-1.12.2 -fmacro-prefix-map=C:/ap13-dcb/gnupg-core-01/builds/libgcrypt-1.12.2-1-02=/usr/src/debug/libgcrypt-1.12.2 -ffile-prefix-map=C:/ag-e138920f/tc-cpp-guard-01=/usr/src/toolchain -fdebug-prefix-map=C:/ag-e138920f/tc-cpp-guard-01=/usr/src/toolchain -fmacro-prefix-map=C:/ag-e138920f/tc-cpp-guard-01=/usr/src/toolchain -ffile-prefix-map=C:/ap10-ca5f/git-full-01/bootstrap=/usr -fdebug-prefix-map=C:/ap10-ca5f/git-full-01/bootstrap=/usr -fmacro-prefix-map=C:/ap10-ca5f/git-full-01/bootstrap=/usr -fno-delete-null-pointer-checks -Wall -Wl,--no-insert-timestamp -o .libs/t-kdf.exe t_kdf-t-kdf.o  -L/c/ap13-dcb/gnupg-core-01/builds/libgcrypt-1.12.2-1-02/sdk/usr/lib ../src/.libs/libgcrypt.dll.a ../compat/.libs/libcompat.a -lgpg-error -lpthread -L/c/ap13-dcb/gnupg-core-01/builds/libgcrypt-1.12.2-1-02/build/libgcrypt/src/libgcrypt-1.12.2/src/.libs
gcc -DHAVE_CONFIG_H -I. -I..  -I../src -I../src -I/c/ap13-dcb/gnupg-core-01/builds/libgcrypt-1.12.2-1-02/sdk/usr/include  -O2 -g -std=gnu17 -fstack-protector-strong -ffile-prefix-map=C:/ap13-dcb/gnupg-core-01/builds/libgcrypt-1.12.2-1-02=/usr/src/debug/libgcrypt-1.12.2 -fdebug-prefix-map=C:/ap13-dcb/gnupg-core-01/builds/libgcrypt-1.12.2-1-02=/usr/src/debug/libgcrypt-1.12.2 -fmacro-prefix-map=C:/ap13-dcb/gnupg-core-01/builds/libgcrypt-1.12.2-1-02=/usr/src/debug/libgcrypt-1.12.2 -ffile-prefix-map=C:/ag-e138920f/tc-cpp-guard-01=/usr/src/toolchain -fdebug-prefix-map=C:/ag-e138920f/tc-cpp-guard-01=/usr/src/toolchain -fmacro-prefix-map=C:/ag-e138920f/tc-cpp-guard-01=/usr/src/toolchain -ffile-prefix-map=C:/ap10-ca5f/git-full-01/bootstrap=/usr -fdebug-prefix-map=C:/ap10-ca5f/git-full-01/bootstrap=/usr -fmacro-prefix-map=C:/ap10-ca5f/git-full-01/bootstrap=/usr -fno-delete-null-pointer-checks -Wall -MT keygrip.o -MD -MP -MF .deps/keygrip.Tpo -c -o keygrip.o keygrip.c
mv -f .deps/keygrip.Tpo .deps/keygrip.Po
/bin/sh ../libtool  --tag=CC   --mode=link gcc  -O2 -g -std=gnu17 -fstack-protector-strong -ffile-prefix-map=C:/ap13-dcb/gnupg-core-01/builds/libgcrypt-1.12.2-1-02=/usr/src/debug/libgcrypt-1.12.2 -fdebug-prefix-map=C:/ap13-dcb/gnupg-core-01/builds/libgcrypt-1.12.2-1-02=/usr/src/debug/libgcrypt-1.12.2 -fmacro-prefix-map=C:/ap13-dcb/gnupg-core-01/builds/libgcrypt-1.12.2-1-02=/usr/src/debug/libgcrypt-1.12.2 -ffile-prefix-map=C:/ag-e138920f/tc-cpp-guard-01=/usr/src/toolchain -fdebug-prefix-map=C:/ag-e138920f/tc-cpp-guard-01=/usr/src/toolchain -fmacro-prefix-map=C:/ag-e138920f/tc-cpp-guard-01=/usr/src/toolchain -ffile-prefix-map=C:/ap10-ca5f/git-full-01/bootstrap=/usr -fdebug-prefix-map=C:/ap10-ca5f/git-full-01/bootstrap=/usr -fmacro-prefix-map=C:/ap10-ca5f/git-full-01/bootstrap=/usr -fno-delete-null-pointer-checks -Wall -no-install -L/c/ap13-dcb/gnupg-core-01/builds/libgcrypt-1.12.2-1-02/sdk/usr/lib -Wl,--no-insert-timestamp -o keygrip.exe keygrip.o ../src/libgcrypt.la ../compat/libcompat.la -lgpg-error  
libtool: warning: '-no-install' is ignored for aarch64-pc-cygwin
libtool: warning: assuming '-no-fast-install' instead
libtool: link: gcc -O2 -g -std=gnu17 -fstack-protector-strong -ffile-prefix-map=C:/ap13-dcb/gnupg-core-01/builds/libgcrypt-1.12.2-1-02=/usr/src/debug/libgcrypt-1.12.2 -fdebug-prefix-map=C:/ap13-dcb/gnupg-core-01/builds/libgcrypt-1.12.2-1-02=/usr/src/debug/libgcrypt-1.12.2 -fmacro-prefix-map=C:/ap13-dcb/gnupg-core-01/builds/libgcrypt-1.12.2-1-02=/usr/src/debug/libgcrypt-1.12.2 -ffile-prefix-map=C:/ag-e138920f/tc-cpp-guard-01=/usr/src/toolchain -fdebug-prefix-map=C:/ag-e138920f/tc-cpp-guard-01=/usr/src/toolchain -fmacro-prefix-map=C:/ag-e138920f/tc-cpp-guard-01=/usr/src/toolchain -ffile-prefix-map=C:/ap10-ca5f/git-full-01/bootstrap=/usr -fdebug-prefix-map=C:/ap10-ca5f/git-full-01/bootstrap=/usr -fmacro-prefix-map=C:/ap10-ca5f/git-full-01/bootstrap=/usr -fno-delete-null-pointer-checks -Wall -Wl,--no-insert-timestamp -o .libs/keygrip.exe keygrip.o  -L/c/ap13-dcb/gnupg-core-01/builds/libgcrypt-1.12.2-1-02/sdk/usr/lib ../src/.libs/libgcrypt.dll.a ../compat/.libs/libcompat.a -lgpg-error -L/c/ap13-dcb/gnupg-core-01/builds/libgcrypt-1.12.2-1-02/build/libgcrypt/src/libgcrypt-1.12.2/src/.libs
gcc -DHAVE_CONFIG_H -I. -I..  -I../src -I../src -I/c/ap13-dcb/gnupg-core-01/builds/libgcrypt-1.12.2-1-02/sdk/usr/include  -O2 -g -std=gnu17 -fstack-protector-strong -ffile-prefix-map=C:/ap13-dcb/gnupg-core-01/builds/libgcrypt-1.12.2-1-02=/usr/src/debug/libgcrypt-1.12.2 -fdebug-prefix-map=C:/ap13-dcb/gnupg-core-01/builds/libgcrypt-1.12.2-1-02=/usr/src/debug/libgcrypt-1.12.2 -fmacro-prefix-map=C:/ap13-dcb/gnupg-core-01/builds/libgcrypt-1.12.2-1-02=/usr/src/debug/libgcrypt-1.12.2 -ffile-prefix-map=C:/ag-e138920f/tc-cpp-guard-01=/usr/src/toolchain -fdebug-prefix-map=C:/ag-e138920f/tc-cpp-guard-01=/usr/src/toolchain -fmacro-prefix-map=C:/ag-e138920f/tc-cpp-guard-01=/usr/src/toolchain -ffile-prefix-map=C:/ap10-ca5f/git-full-01/bootstrap=/usr -fdebug-prefix-map=C:/ap10-ca5f/git-full-01/bootstrap=/usr -fmacro-prefix-map=C:/ap10-ca5f/git-full-01/bootstrap=/usr -fno-delete-null-pointer-checks -Wall -MT aeswrap.o -MD -MP -MF .deps/aeswrap.Tpo -c -o aeswrap.o aeswrap.c
mv -f .deps/aeswrap.Tpo .deps/aeswrap.Po
/bin/sh ../libtool  --tag=CC   --mode=link gcc  -O2 -g -std=gnu17 -fstack-protector-strong -ffile-prefix-map=C:/ap13-dcb/gnupg-core-01/builds/libgcrypt-1.12.2-1-02=/usr/src/debug/libgcrypt-1.12.2 -fdebug-prefix-map=C:/ap13-dcb/gnupg-core-01/builds/libgcrypt-1.12.2-1-02=/usr/src/debug/libgcrypt-1.12.2 -fmacro-prefix-map=C:/ap13-dcb/gnupg-core-01/builds/libgcrypt-1.12.2-1-02=/usr/src/debug/libgcrypt-1.12.2 -ffile-prefix-map=C:/ag-e138920f/tc-cpp-guard-01=/usr/src/toolchain -fdebug-prefix-map=C:/ag-e138920f/tc-cpp-guard-01=/usr/src/toolchain -fmacro-prefix-map=C:/ag-e138920f/tc-cpp-guard-01=/usr/src/toolchain -ffile-prefix-map=C:/ap10-ca5f/git-full-01/bootstrap=/usr -fdebug-prefix-map=C:/ap10-ca5f/git-full-01/bootstrap=/usr -fmacro-prefix-map=C:/ap10-ca5f/git-full-01/bootstrap=/usr -fno-delete-null-pointer-checks -Wall -no-install -L/c/ap13-dcb/gnupg-core-01/builds/libgcrypt-1.12.2-1-02/sdk/usr/lib -Wl,--no-insert-timestamp -o aeswrap.exe aeswrap.o ../src/libgcrypt.la ../compat/libcompat.la -lgpg-error  
libtool: warning: '-no-install' is ignored for aarch64-pc-cygwin
libtool: warning: assuming '-no-fast-install' instead
libtool: link: gcc -O2 -g -std=gnu17 -fstack-protector-strong -ffile-prefix-map=C:/ap13-dcb/gnupg-core-01/builds/libgcrypt-1.12.2-1-02=/usr/src/debug/libgcrypt-1.12.2 -fdebug-prefix-map=C:/ap13-dcb/gnupg-core-01/builds/libgcrypt-1.12.2-1-02=/usr/src/debug/libgcrypt-1.12.2 -fmacro-prefix-map=C:/ap13-dcb/gnupg-core-01/builds/libgcrypt-1.12.2-1-02=/usr/src/debug/libgcrypt-1.12.2 -ffile-prefix-map=C:/ag-e138920f/tc-cpp-guard-01=/usr/src/toolchain -fdebug-prefix-map=C:/ag-e138920f/tc-cpp-guard-01=/usr/src/toolchain -fmacro-prefix-map=C:/ag-e138920f/tc-cpp-guard-01=/usr/src/toolchain -ffile-prefix-map=C:/ap10-ca5f/git-full-01/bootstrap=/usr -fdebug-prefix-map=C:/ap10-ca5f/git-full-01/bootstrap=/usr -fmacro-prefix-map=C:/ap10-ca5f/git-full-01/bootstrap=/usr -fno-delete-null-pointer-checks -Wall -Wl,--no-insert-timestamp -o .libs/aeswrap.exe aeswrap.o  -L/c/ap13-dcb/gnupg-core-01/builds/libgcrypt-1.12.2-1-02/sdk/usr/lib ../src/.libs/libgcrypt.dll.a ../compat/.libs/libcompat.a -lgpg-error -L/c/ap13-dcb/gnupg-core-01/builds/libgcrypt-1.12.2-1-02/build/libgcrypt/src/libgcrypt-1.12.2/src/.libs
gcc -DHAVE_CONFIG_H -I. -I..  -I../src -I../src -I/c/ap13-dcb/gnupg-core-01/builds/libgcrypt-1.12.2-1-02/sdk/usr/include  -O2 -g -std=gnu17 -fstack-protector-strong -ffile-prefix-map=C:/ap13-dcb/gnupg-core-01/builds/libgcrypt-1.12.2-1-02=/usr/src/debug/libgcrypt-1.12.2 -fdebug-prefix-map=C:/ap13-dcb/gnupg-core-01/builds/libgcrypt-1.12.2-1-02=/usr/src/debug/libgcrypt-1.12.2 -fmacro-prefix-map=C:/ap13-dcb/gnupg-core-01/builds/libgcrypt-1.12.2-1-02=/usr/src/debug/libgcrypt-1.12.2 -ffile-prefix-map=C:/ag-e138920f/tc-cpp-guard-01=/usr/src/toolchain -fdebug-prefix-map=C:/ag-e138920f/tc-cpp-guard-01=/usr/src/toolchain -fmacro-prefix-map=C:/ag-e138920f/tc-cpp-guard-01=/usr/src/toolchain -ffile-prefix-map=C:/ap10-ca5f/git-full-01/bootstrap=/usr -fdebug-prefix-map=C:/ap10-ca5f/git-full-01/bootstrap=/usr -fmacro-prefix-map=C:/ap10-ca5f/git-full-01/bootstrap=/usr -fno-delete-null-pointer-checks -Wall -MT random.o -MD -MP -MF .deps/random.Tpo -c -o random.o random.c
mv -f .deps/random.Tpo .deps/random.Po
/bin/sh ../libtool  --tag=CC   --mode=link gcc  -O2 -g -std=gnu17 -fstack-protector-strong -ffile-prefix-map=C:/ap13-dcb/gnupg-core-01/builds/libgcrypt-1.12.2-1-02=/usr/src/debug/libgcrypt-1.12.2 -fdebug-prefix-map=C:/ap13-dcb/gnupg-core-01/builds/libgcrypt-1.12.2-1-02=/usr/src/debug/libgcrypt-1.12.2 -fmacro-prefix-map=C:/ap13-dcb/gnupg-core-01/builds/libgcrypt-1.12.2-1-02=/usr/src/debug/libgcrypt-1.12.2 -ffile-prefix-map=C:/ag-e138920f/tc-cpp-guard-01=/usr/src/toolchain -fdebug-prefix-map=C:/ag-e138920f/tc-cpp-guard-01=/usr/src/toolchain -fmacro-prefix-map=C:/ag-e138920f/tc-cpp-guard-01=/usr/src/toolchain -ffile-prefix-map=C:/ap10-ca5f/git-full-01/bootstrap=/usr -fdebug-prefix-map=C:/ap10-ca5f/git-full-01/bootstrap=/usr -fmacro-prefix-map=C:/ap10-ca5f/git-full-01/bootstrap=/usr -fno-delete-null-pointer-checks -Wall -no-install -L/c/ap13-dcb/gnupg-core-01/builds/libgcrypt-1.12.2-1-02/sdk/usr/lib -Wl,--no-insert-timestamp -o random.exe random.o ../src/libgcrypt.la ../compat/libcompat.la -lgpg-error  
libtool: warning: '-no-install' is ignored for aarch64-pc-cygwin
libtool: warning: assuming '-no-fast-install' instead
libtool: link: gcc -O2 -g -std=gnu17 -fstack-protector-strong -ffile-prefix-map=C:/ap13-dcb/gnupg-core-01/builds/libgcrypt-1.12.2-1-02=/usr/src/debug/libgcrypt-1.12.2 -fdebug-prefix-map=C:/ap13-dcb/gnupg-core-01/builds/libgcrypt-1.12.2-1-02=/usr/src/debug/libgcrypt-1.12.2 -fmacro-prefix-map=C:/ap13-dcb/gnupg-core-01/builds/libgcrypt-1.12.2-1-02=/usr/src/debug/libgcrypt-1.12.2 -ffile-prefix-map=C:/ag-e138920f/tc-cpp-guard-01=/usr/src/toolchain -fdebug-prefix-map=C:/ag-e138920f/tc-cpp-guard-01=/usr/src/toolchain -fmacro-prefix-map=C:/ag-e138920f/tc-cpp-guard-01=/usr/src/toolchain -ffile-prefix-map=C:/ap10-ca5f/git-full-01/bootstrap=/usr -fdebug-prefix-map=C:/ap10-ca5f/git-full-01/bootstrap=/usr -fmacro-prefix-map=C:/ap10-ca5f/git-full-01/bootstrap=/usr -fno-delete-null-pointer-checks -Wall -Wl,--no-insert-timestamp -o .libs/random.exe random.o  -L/c/ap13-dcb/gnupg-core-01/builds/libgcrypt-1.12.2-1-02/sdk/usr/lib ../src/.libs/libgcrypt.dll.a ../compat/.libs/libcompat.a -lgpg-error -L/c/ap13-dcb/gnupg-core-01/builds/libgcrypt-1.12.2-1-02/build/libgcrypt/src/libgcrypt-1.12.2/src/.libs
gcc -DHAVE_CONFIG_H -I. -I..  -I../src -I../src -I/c/ap13-dcb/gnupg-core-01/builds/libgcrypt-1.12.2-1-02/sdk/usr/include  -O2 -g -std=gnu17 -fstack-protector-strong -ffile-prefix-map=C:/ap13-dcb/gnupg-core-01/builds/libgcrypt-1.12.2-1-02=/usr/src/debug/libgcrypt-1.12.2 -fdebug-prefix-map=C:/ap13-dcb/gnupg-core-01/builds/libgcrypt-1.12.2-1-02=/usr/src/debug/libgcrypt-1.12.2 -fmacro-prefix-map=C:/ap13-dcb/gnupg-core-01/builds/libgcrypt-1.12.2-1-02=/usr/src/debug/libgcrypt-1.12.2 -ffile-prefix-map=C:/ag-e138920f/tc-cpp-guard-01=/usr/src/toolchain -fdebug-prefix-map=C:/ag-e138920f/tc-cpp-guard-01=/usr/src/toolchain -fmacro-prefix-map=C:/ag-e138920f/tc-cpp-guard-01=/usr/src/toolchain -ffile-prefix-map=C:/ap10-ca5f/git-full-01/bootstrap=/usr -fdebug-prefix-map=C:/ap10-ca5f/git-full-01/bootstrap=/usr -fmacro-prefix-map=C:/ap10-ca5f/git-full-01/bootstrap=/usr -fno-delete-null-pointer-checks -Wall -MT t-kem.o -MD -MP -MF .deps/t-kem.Tpo -c -o t-kem.o t-kem.c
mv -f .deps/t-kem.Tpo .deps/t-kem.Po
/bin/sh ../libtool  --tag=CC   --mode=link gcc  -O2 -g -std=gnu17 -fstack-protector-strong -ffile-prefix-map=C:/ap13-dcb/gnupg-core-01/builds/libgcrypt-1.12.2-1-02=/usr/src/debug/libgcrypt-1.12.2 -fdebug-prefix-map=C:/ap13-dcb/gnupg-core-01/builds/libgcrypt-1.12.2-1-02=/usr/src/debug/libgcrypt-1.12.2 -fmacro-prefix-map=C:/ap13-dcb/gnupg-core-01/builds/libgcrypt-1.12.2-1-02=/usr/src/debug/libgcrypt-1.12.2 -ffile-prefix-map=C:/ag-e138920f/tc-cpp-guard-01=/usr/src/toolchain -fdebug-prefix-map=C:/ag-e138920f/tc-cpp-guard-01=/usr/src/toolchain -fmacro-prefix-map=C:/ag-e138920f/tc-cpp-guard-01=/usr/src/toolchain -ffile-prefix-map=C:/ap10-ca5f/git-full-01/bootstrap=/usr -fdebug-prefix-map=C:/ap10-ca5f/git-full-01/bootstrap=/usr -fmacro-prefix-map=C:/ap10-ca5f/git-full-01/bootstrap=/usr -fno-delete-null-pointer-checks -Wall -no-install -L/c/ap13-dcb/gnupg-core-01/builds/libgcrypt-1.12.2-1-02/sdk/usr/lib -Wl,--no-insert-timestamp -o t-kem.exe t-kem.o ../src/libgcrypt.la ../compat/libcompat.la -lgpg-error  
libtool: warning: '-no-install' is ignored for aarch64-pc-cygwin
libtool: warning: assuming '-no-fast-install' instead
libtool: link: gcc -O2 -g -std=gnu17 -fstack-protector-strong -ffile-prefix-map=C:/ap13-dcb/gnupg-core-01/builds/libgcrypt-1.12.2-1-02=/usr/src/debug/libgcrypt-1.12.2 -fdebug-prefix-map=C:/ap13-dcb/gnupg-core-01/builds/libgcrypt-1.12.2-1-02=/usr/src/debug/libgcrypt-1.12.2 -fmacro-prefix-map=C:/ap13-dcb/gnupg-core-01/builds/libgcrypt-1.12.2-1-02=/usr/src/debug/libgcrypt-1.12.2 -ffile-prefix-map=C:/ag-e138920f/tc-cpp-guard-01=/usr/src/toolchain -fdebug-prefix-map=C:/ag-e138920f/tc-cpp-guard-01=/usr/src/toolchain -fmacro-prefix-map=C:/ag-e138920f/tc-cpp-guard-01=/usr/src/toolchain -ffile-prefix-map=C:/ap10-ca5f/git-full-01/bootstrap=/usr -fdebug-prefix-map=C:/ap10-ca5f/git-full-01/bootstrap=/usr -fmacro-prefix-map=C:/ap10-ca5f/git-full-01/bootstrap=/usr -fno-delete-null-pointer-checks -Wall -Wl,--no-insert-timestamp -o .libs/t-kem.exe t-kem.o  -L/c/ap13-dcb/gnupg-core-01/builds/libgcrypt-1.12.2-1-02/sdk/usr/lib ../src/.libs/libgcrypt.dll.a ../compat/.libs/libcompat.a -lgpg-error -L/c/ap13-dcb/gnupg-core-01/builds/libgcrypt-1.12.2-1-02/build/libgcrypt/src/libgcrypt-1.12.2/src/.libs
gcc -DHAVE_CONFIG_H -I. -I..  -I../src -I../src -I/c/ap13-dcb/gnupg-core-01/builds/libgcrypt-1.12.2-1-02/sdk/usr/include  -O2 -g -std=gnu17 -fstack-protector-strong -ffile-prefix-map=C:/ap13-dcb/gnupg-core-01/builds/libgcrypt-1.12.2-1-02=/usr/src/debug/libgcrypt-1.12.2 -fdebug-prefix-map=C:/ap13-dcb/gnupg-core-01/builds/libgcrypt-1.12.2-1-02=/usr/src/debug/libgcrypt-1.12.2 -fmacro-prefix-map=C:/ap13-dcb/gnupg-core-01/builds/libgcrypt-1.12.2-1-02=/usr/src/debug/libgcrypt-1.12.2 -ffile-prefix-map=C:/ag-e138920f/tc-cpp-guard-01=/usr/src/toolchain -fdebug-prefix-map=C:/ag-e138920f/tc-cpp-guard-01=/usr/src/toolchain -fmacro-prefix-map=C:/ag-e138920f/tc-cpp-guard-01=/usr/src/toolchain -ffile-prefix-map=C:/ap10-ca5f/git-full-01/bootstrap=/usr -fdebug-prefix-map=C:/ap10-ca5f/git-full-01/bootstrap=/usr -fmacro-prefix-map=C:/ap10-ca5f/git-full-01/bootstrap=/usr -fno-delete-null-pointer-checks -Wall -MT t_thread_local-t-thread-local.o -MD -MP -MF .deps/t_thread_local-t-thread-local.Tpo -c -o t_thread_local-t-thread-local.o `test -f 't-thread-local.c' || echo './'`t-thread-local.c
mv -f .deps/t_thread_local-t-thread-local.Tpo .deps/t_thread_local-t-thread-local.Po
/bin/sh ../libtool  --tag=CC   --mode=link gcc  -O2 -g -std=gnu17 -fstack-protector-strong -ffile-prefix-map=C:/ap13-dcb/gnupg-core-01/builds/libgcrypt-1.12.2-1-02=/usr/src/debug/libgcrypt-1.12.2 -fdebug-prefix-map=C:/ap13-dcb/gnupg-core-01/builds/libgcrypt-1.12.2-1-02=/usr/src/debug/libgcrypt-1.12.2 -fmacro-prefix-map=C:/ap13-dcb/gnupg-core-01/builds/libgcrypt-1.12.2-1-02=/usr/src/debug/libgcrypt-1.12.2 -ffile-prefix-map=C:/ag-e138920f/tc-cpp-guard-01=/usr/src/toolchain -fdebug-prefix-map=C:/ag-e138920f/tc-cpp-guard-01=/usr/src/toolchain -fmacro-prefix-map=C:/ag-e138920f/tc-cpp-guard-01=/usr/src/toolchain -ffile-prefix-map=C:/ap10-ca5f/git-full-01/bootstrap=/usr -fdebug-prefix-map=C:/ap10-ca5f/git-full-01/bootstrap=/usr -fmacro-prefix-map=C:/ap10-ca5f/git-full-01/bootstrap=/usr -fno-delete-null-pointer-checks -Wall -no-install -L/c/ap13-dcb/gnupg-core-01/builds/libgcrypt-1.12.2-1-02/sdk/usr/lib -Wl,--no-insert-timestamp -o t-thread-local.exe t_thread_local-t-thread-local.o ../src/libgcrypt.la ../compat/libcompat.la -lgpg-error -lpthread  
libtool: warning: '-no-install' is ignored for aarch64-pc-cygwin
libtool: warning: assuming '-no-fast-install' instead
libtool: link: gcc -O2 -g -std=gnu17 -fstack-protector-strong -ffile-prefix-map=C:/ap13-dcb/gnupg-core-01/builds/libgcrypt-1.12.2-1-02=/usr/src/debug/libgcrypt-1.12.2 -fdebug-prefix-map=C:/ap13-dcb/gnupg-core-01/builds/libgcrypt-1.12.2-1-02=/usr/src/debug/libgcrypt-1.12.2 -fmacro-prefix-map=C:/ap13-dcb/gnupg-core-01/builds/libgcrypt-1.12.2-1-02=/usr/src/debug/libgcrypt-1.12.2 -ffile-prefix-map=C:/ag-e138920f/tc-cpp-guard-01=/usr/src/toolchain -fdebug-prefix-map=C:/ag-e138920f/tc-cpp-guard-01=/usr/src/toolchain -fmacro-prefix-map=C:/ag-e138920f/tc-cpp-guard-01=/usr/src/toolchain -ffile-prefix-map=C:/ap10-ca5f/git-full-01/bootstrap=/usr -fdebug-prefix-map=C:/ap10-ca5f/git-full-01/bootstrap=/usr -fmacro-prefix-map=C:/ap10-ca5f/git-full-01/bootstrap=/usr -fno-delete-null-pointer-checks -Wall -Wl,--no-insert-timestamp -o .libs/t-thread-local.exe t_thread_local-t-thread-local.o  -L/c/ap13-dcb/gnupg-core-01/builds/libgcrypt-1.12.2-1-02/sdk/usr/lib ../src/.libs/libgcrypt.dll.a ../compat/.libs/libcompat.a -lgpg-error -lpthread -L/c/ap13-dcb/gnupg-core-01/builds/libgcrypt-1.12.2-1-02/build/libgcrypt/src/libgcrypt-1.12.2/src/.libs
gcc -DHAVE_CONFIG_H -I. -I..  -I../src -I../src -I/c/ap13-dcb/gnupg-core-01/builds/libgcrypt-1.12.2-1-02/sdk/usr/include  -O2 -g -std=gnu17 -fstack-protector-strong -ffile-prefix-map=C:/ap13-dcb/gnupg-core-01/builds/libgcrypt-1.12.2-1-02=/usr/src/debug/libgcrypt-1.12.2 -fdebug-prefix-map=C:/ap13-dcb/gnupg-core-01/builds/libgcrypt-1.12.2-1-02=/usr/src/debug/libgcrypt-1.12.2 -fmacro-prefix-map=C:/ap13-dcb/gnupg-core-01/builds/libgcrypt-1.12.2-1-02=/usr/src/debug/libgcrypt-1.12.2 -ffile-prefix-map=C:/ag-e138920f/tc-cpp-guard-01=/usr/src/toolchain -fdebug-prefix-map=C:/ag-e138920f/tc-cpp-guard-01=/usr/src/toolchain -fmacro-prefix-map=C:/ag-e138920f/tc-cpp-guard-01=/usr/src/toolchain -ffile-prefix-map=C:/ap10-ca5f/git-full-01/bootstrap=/usr -fdebug-prefix-map=C:/ap10-ca5f/git-full-01/bootstrap=/usr -fmacro-prefix-map=C:/ap10-ca5f/git-full-01/bootstrap=/usr -fno-delete-null-pointer-checks -Wall -MT t-fips-service-ind.o -MD -MP -MF .deps/t-fips-service-ind.Tpo -c -o t-fips-service-ind.o t-fips-service-ind.c
mv -f .deps/t-fips-service-ind.Tpo .deps/t-fips-service-ind.Po
/bin/sh ../libtool  --tag=CC   --mode=link gcc  -O2 -g -std=gnu17 -fstack-protector-strong -ffile-prefix-map=C:/ap13-dcb/gnupg-core-01/builds/libgcrypt-1.12.2-1-02=/usr/src/debug/libgcrypt-1.12.2 -fdebug-prefix-map=C:/ap13-dcb/gnupg-core-01/builds/libgcrypt-1.12.2-1-02=/usr/src/debug/libgcrypt-1.12.2 -fmacro-prefix-map=C:/ap13-dcb/gnupg-core-01/builds/libgcrypt-1.12.2-1-02=/usr/src/debug/libgcrypt-1.12.2 -ffile-prefix-map=C:/ag-e138920f/tc-cpp-guard-01=/usr/src/toolchain -fdebug-prefix-map=C:/ag-e138920f/tc-cpp-guard-01=/usr/src/toolchain -fmacro-prefix-map=C:/ag-e138920f/tc-cpp-guard-01=/usr/src/toolchain -ffile-prefix-map=C:/ap10-ca5f/git-full-01/bootstrap=/usr -fdebug-prefix-map=C:/ap10-ca5f/git-full-01/bootstrap=/usr -fmacro-prefix-map=C:/ap10-ca5f/git-full-01/bootstrap=/usr -fno-delete-null-pointer-checks -Wall -no-install -L/c/ap13-dcb/gnupg-core-01/builds/libgcrypt-1.12.2-1-02/sdk/usr/lib -Wl,--no-insert-timestamp -o t-fips-service-ind.exe t-fips-service-ind.o ../src/libgcrypt.la ../compat/libcompat.la -lgpg-error  
libtool: warning: '-no-install' is ignored for aarch64-pc-cygwin
libtool: warning: assuming '-no-fast-install' instead
libtool: link: gcc -O2 -g -std=gnu17 -fstack-protector-strong -ffile-prefix-map=C:/ap13-dcb/gnupg-core-01/builds/libgcrypt-1.12.2-1-02=/usr/src/debug/libgcrypt-1.12.2 -fdebug-prefix-map=C:/ap13-dcb/gnupg-core-01/builds/libgcrypt-1.12.2-1-02=/usr/src/debug/libgcrypt-1.12.2 -fmacro-prefix-map=C:/ap13-dcb/gnupg-core-01/builds/libgcrypt-1.12.2-1-02=/usr/src/debug/libgcrypt-1.12.2 -ffile-prefix-map=C:/ag-e138920f/tc-cpp-guard-01=/usr/src/toolchain -fdebug-prefix-map=C:/ag-e138920f/tc-cpp-guard-01=/usr/src/toolchain -fmacro-prefix-map=C:/ag-e138920f/tc-cpp-guard-01=/usr/src/toolchain -ffile-prefix-map=C:/ap10-ca5f/git-full-01/bootstrap=/usr -fdebug-prefix-map=C:/ap10-ca5f/git-full-01/bootstrap=/usr -fmacro-prefix-map=C:/ap10-ca5f/git-full-01/bootstrap=/usr -fno-delete-null-pointer-checks -Wall -Wl,--no-insert-timestamp -o .libs/t-fips-service-ind.exe t-fips-service-ind.o  -L/c/ap13-dcb/gnupg-core-01/builds/libgcrypt-1.12.2-1-02/sdk/usr/lib ../src/.libs/libgcrypt.dll.a ../compat/.libs/libcompat.a -lgpg-error -L/c/ap13-dcb/gnupg-core-01/builds/libgcrypt-1.12.2-1-02/build/libgcrypt/src/libgcrypt-1.12.2/src/.libs
gcc -DHAVE_CONFIG_H -I. -I..  -I../src -I../src -I/c/ap13-dcb/gnupg-core-01/builds/libgcrypt-1.12.2-1-02/sdk/usr/include  -O2 -g -std=gnu17 -fstack-protector-strong -ffile-prefix-map=C:/ap13-dcb/gnupg-core-01/builds/libgcrypt-1.12.2-1-02=/usr/src/debug/libgcrypt-1.12.2 -fdebug-prefix-map=C:/ap13-dcb/gnupg-core-01/builds/libgcrypt-1.12.2-1-02=/usr/src/debug/libgcrypt-1.12.2 -fmacro-prefix-map=C:/ap13-dcb/gnupg-core-01/builds/libgcrypt-1.12.2-1-02=/usr/src/debug/libgcrypt-1.12.2 -ffile-prefix-map=C:/ag-e138920f/tc-cpp-guard-01=/usr/src/toolchain -fdebug-prefix-map=C:/ag-e138920f/tc-cpp-guard-01=/usr/src/toolchain -fmacro-prefix-map=C:/ag-e138920f/tc-cpp-guard-01=/usr/src/toolchain -ffile-prefix-map=C:/ap10-ca5f/git-full-01/bootstrap=/usr -fdebug-prefix-map=C:/ap10-ca5f/git-full-01/bootstrap=/usr -fmacro-prefix-map=C:/ap10-ca5f/git-full-01/bootstrap=/usr -fno-delete-null-pointer-checks -Wall -MT pkcs1v2.o -MD -MP -MF .deps/pkcs1v2.Tpo -c -o pkcs1v2.o pkcs1v2.c
mv -f .deps/pkcs1v2.Tpo .deps/pkcs1v2.Po
/bin/sh ../libtool  --tag=CC   --mode=link gcc  -O2 -g -std=gnu17 -fstack-protector-strong -ffile-prefix-map=C:/ap13-dcb/gnupg-core-01/builds/libgcrypt-1.12.2-1-02=/usr/src/debug/libgcrypt-1.12.2 -fdebug-prefix-map=C:/ap13-dcb/gnupg-core-01/builds/libgcrypt-1.12.2-1-02=/usr/src/debug/libgcrypt-1.12.2 -fmacro-prefix-map=C:/ap13-dcb/gnupg-core-01/builds/libgcrypt-1.12.2-1-02=/usr/src/debug/libgcrypt-1.12.2 -ffile-prefix-map=C:/ag-e138920f/tc-cpp-guard-01=/usr/src/toolchain -fdebug-prefix-map=C:/ag-e138920f/tc-cpp-guard-01=/usr/src/toolchain -fmacro-prefix-map=C:/ag-e138920f/tc-cpp-guard-01=/usr/src/toolchain -ffile-prefix-map=C:/ap10-ca5f/git-full-01/bootstrap=/usr -fdebug-prefix-map=C:/ap10-ca5f/git-full-01/bootstrap=/usr -fmacro-prefix-map=C:/ap10-ca5f/git-full-01/bootstrap=/usr -fno-delete-null-pointer-checks -Wall -no-install -L/c/ap13-dcb/gnupg-core-01/builds/libgcrypt-1.12.2-1-02/sdk/usr/lib -Wl,--no-insert-timestamp -o pkcs1v2.exe pkcs1v2.o ../src/libgcrypt.la ../compat/libcompat.la -lgpg-error  
libtool: warning: '-no-install' is ignored for aarch64-pc-cygwin
libtool: warning: assuming '-no-fast-install' instead
libtool: link: gcc -O2 -g -std=gnu17 -fstack-protector-strong -ffile-prefix-map=C:/ap13-dcb/gnupg-core-01/builds/libgcrypt-1.12.2-1-02=/usr/src/debug/libgcrypt-1.12.2 -fdebug-prefix-map=C:/ap13-dcb/gnupg-core-01/builds/libgcrypt-1.12.2-1-02=/usr/src/debug/libgcrypt-1.12.2 -fmacro-prefix-map=C:/ap13-dcb/gnupg-core-01/builds/libgcrypt-1.12.2-1-02=/usr/src/debug/libgcrypt-1.12.2 -ffile-prefix-map=C:/ag-e138920f/tc-cpp-guard-01=/usr/src/toolchain -fdebug-prefix-map=C:/ag-e138920f/tc-cpp-guard-01=/usr/src/toolchain -fmacro-prefix-map=C:/ag-e138920f/tc-cpp-guard-01=/usr/src/toolchain -ffile-prefix-map=C:/ap10-ca5f/git-full-01/bootstrap=/usr -fdebug-prefix-map=C:/ap10-ca5f/git-full-01/bootstrap=/usr -fmacro-prefix-map=C:/ap10-ca5f/git-full-01/bootstrap=/usr -fno-delete-null-pointer-checks -Wall -Wl,--no-insert-timestamp -o .libs/pkcs1v2.exe pkcs1v2.o  -L/c/ap13-dcb/gnupg-core-01/builds/libgcrypt-1.12.2-1-02/sdk/usr/lib ../src/.libs/libgcrypt.dll.a ../compat/.libs/libcompat.a -lgpg-error -L/c/ap13-dcb/gnupg-core-01/builds/libgcrypt-1.12.2-1-02/build/libgcrypt/src/libgcrypt-1.12.2/src/.libs
gcc -DHAVE_CONFIG_H -I. -I..  -I../src -I../src -I/c/ap13-dcb/gnupg-core-01/builds/libgcrypt-1.12.2-1-02/sdk/usr/include  -O2 -g -std=gnu17 -fstack-protector-strong -ffile-prefix-map=C:/ap13-dcb/gnupg-core-01/builds/libgcrypt-1.12.2-1-02=/usr/src/debug/libgcrypt-1.12.2 -fdebug-prefix-map=C:/ap13-dcb/gnupg-core-01/builds/libgcrypt-1.12.2-1-02=/usr/src/debug/libgcrypt-1.12.2 -fmacro-prefix-map=C:/ap13-dcb/gnupg-core-01/builds/libgcrypt-1.12.2-1-02=/usr/src/debug/libgcrypt-1.12.2 -ffile-prefix-map=C:/ag-e138920f/tc-cpp-guard-01=/usr/src/toolchain -fdebug-prefix-map=C:/ag-e138920f/tc-cpp-guard-01=/usr/src/toolchain -fmacro-prefix-map=C:/ag-e138920f/tc-cpp-guard-01=/usr/src/toolchain -ffile-prefix-map=C:/ap10-ca5f/git-full-01/bootstrap=/usr -fdebug-prefix-map=C:/ap10-ca5f/git-full-01/bootstrap=/usr -fmacro-prefix-map=C:/ap10-ca5f/git-full-01/bootstrap=/usr -fno-delete-null-pointer-checks -Wall -MT t-rsa-pss.o -MD -MP -MF .deps/t-rsa-pss.Tpo -c -o t-rsa-pss.o t-rsa-pss.c
In file included from t-rsa-pss.c:25:
t-rsa-pss.c: In function 'read_textline':
t-rsa-pss.c:98:56: warning: array subscript has type 'char' [-Wchar-subscripts]
   98 |       for (p--;p > line && my_isascii (*p) && isspace (*p); p--)
      |                                                        ^~
t-rsa-pss.c: In function 'copy_data':
t-rsa-pss.c:124:41: warning: array subscript has type 'char' [-Wchar-subscripts]
  124 |   for (s++; my_isascii (*s) && isspace (*s); s++)
      |                                         ^~
mv -f .deps/t-rsa-pss.Tpo .deps/t-rsa-pss.Po
/bin/sh ../libtool  --tag=CC   --mode=link gcc  -O2 -g -std=gnu17 -fstack-protector-strong -ffile-prefix-map=C:/ap13-dcb/gnupg-core-01/builds/libgcrypt-1.12.2-1-02=/usr/src/debug/libgcrypt-1.12.2 -fdebug-prefix-map=C:/ap13-dcb/gnupg-core-01/builds/libgcrypt-1.12.2-1-02=/usr/src/debug/libgcrypt-1.12.2 -fmacro-prefix-map=C:/ap13-dcb/gnupg-core-01/builds/libgcrypt-1.12.2-1-02=/usr/src/debug/libgcrypt-1.12.2 -ffile-prefix-map=C:/ag-e138920f/tc-cpp-guard-01=/usr/src/toolchain -fdebug-prefix-map=C:/ag-e138920f/tc-cpp-guard-01=/usr/src/toolchain -fmacro-prefix-map=C:/ag-e138920f/tc-cpp-guard-01=/usr/src/toolchain -ffile-prefix-map=C:/ap10-ca5f/git-full-01/bootstrap=/usr -fdebug-prefix-map=C:/ap10-ca5f/git-full-01/bootstrap=/usr -fmacro-prefix-map=C:/ap10-ca5f/git-full-01/bootstrap=/usr -fno-delete-null-pointer-checks -Wall -no-install -L/c/ap13-dcb/gnupg-core-01/builds/libgcrypt-1.12.2-1-02/sdk/usr/lib -Wl,--no-insert-timestamp -o t-rsa-pss.exe t-rsa-pss.o ../src/libgcrypt.la ../compat/libcompat.la -lgpg-error  
libtool: warning: '-no-install' is ignored for aarch64-pc-cygwin
libtool: warning: assuming '-no-fast-install' instead
libtool: link: gcc -O2 -g -std=gnu17 -fstack-protector-strong -ffile-prefix-map=C:/ap13-dcb/gnupg-core-01/builds/libgcrypt-1.12.2-1-02=/usr/src/debug/libgcrypt-1.12.2 -fdebug-prefix-map=C:/ap13-dcb/gnupg-core-01/builds/libgcrypt-1.12.2-1-02=/usr/src/debug/libgcrypt-1.12.2 -fmacro-prefix-map=C:/ap13-dcb/gnupg-core-01/builds/libgcrypt-1.12.2-1-02=/usr/src/debug/libgcrypt-1.12.2 -ffile-prefix-map=C:/ag-e138920f/tc-cpp-guard-01=/usr/src/toolchain -fdebug-prefix-map=C:/ag-e138920f/tc-cpp-guard-01=/usr/src/toolchain -fmacro-prefix-map=C:/ag-e138920f/tc-cpp-guard-01=/usr/src/toolchain -ffile-prefix-map=C:/ap10-ca5f/git-full-01/bootstrap=/usr -fdebug-prefix-map=C:/ap10-ca5f/git-full-01/bootstrap=/usr -fmacro-prefix-map=C:/ap10-ca5f/git-full-01/bootstrap=/usr -fno-delete-null-pointer-checks -Wall -Wl,--no-insert-timestamp -o .libs/t-rsa-pss.exe t-rsa-pss.o  -L/c/ap13-dcb/gnupg-core-01/builds/libgcrypt-1.12.2-1-02/sdk/usr/lib ../src/.libs/libgcrypt.dll.a ../compat/.libs/libcompat.a -lgpg-error -L/c/ap13-dcb/gnupg-core-01/builds/libgcrypt-1.12.2-1-02/build/libgcrypt/src/libgcrypt-1.12.2/src/.libs
gcc -DHAVE_CONFIG_H -I. -I..  -I../src -I../src -I/c/ap13-dcb/gnupg-core-01/builds/libgcrypt-1.12.2-1-02/sdk/usr/include  -O2 -g -std=gnu17 -fstack-protector-strong -ffile-prefix-map=C:/ap13-dcb/gnupg-core-01/builds/libgcrypt-1.12.2-1-02=/usr/src/debug/libgcrypt-1.12.2 -fdebug-prefix-map=C:/ap13-dcb/gnupg-core-01/builds/libgcrypt-1.12.2-1-02=/usr/src/debug/libgcrypt-1.12.2 -fmacro-prefix-map=C:/ap13-dcb/gnupg-core-01/builds/libgcrypt-1.12.2-1-02=/usr/src/debug/libgcrypt-1.12.2 -ffile-prefix-map=C:/ag-e138920f/tc-cpp-guard-01=/usr/src/toolchain -fdebug-prefix-map=C:/ag-e138920f/tc-cpp-guard-01=/usr/src/toolchain -fmacro-prefix-map=C:/ag-e138920f/tc-cpp-guard-01=/usr/src/toolchain -ffile-prefix-map=C:/ap10-ca5f/git-full-01/bootstrap=/usr -fdebug-prefix-map=C:/ap10-ca5f/git-full-01/bootstrap=/usr -fmacro-prefix-map=C:/ap10-ca5f/git-full-01/bootstrap=/usr -fno-delete-null-pointer-checks -Wall -MT t-rsa-15.o -MD -MP -MF .deps/t-rsa-15.Tpo -c -o t-rsa-15.o t-rsa-15.c
In file included from t-rsa-15.c:25:
t-rsa-15.c: In function 'read_textline':
t-rsa-15.c:98:56: warning: array subscript has type 'char' [-Wchar-subscripts]
   98 |       for (p--;p > line && my_isascii (*p) && isspace (*p); p--)
      |                                                        ^~
t-rsa-15.c: In function 'copy_data':
t-rsa-15.c:124:41: warning: array subscript has type 'char' [-Wchar-subscripts]
  124 |   for (s++; my_isascii (*s) && isspace (*s); s++)
      |                                         ^~
mv -f .deps/t-rsa-15.Tpo .deps/t-rsa-15.Po
/bin/sh ../libtool  --tag=CC   --mode=link gcc  -O2 -g -std=gnu17 -fstack-protector-strong -ffile-prefix-map=C:/ap13-dcb/gnupg-core-01/builds/libgcrypt-1.12.2-1-02=/usr/src/debug/libgcrypt-1.12.2 -fdebug-prefix-map=C:/ap13-dcb/gnupg-core-01/builds/libgcrypt-1.12.2-1-02=/usr/src/debug/libgcrypt-1.12.2 -fmacro-prefix-map=C:/ap13-dcb/gnupg-core-01/builds/libgcrypt-1.12.2-1-02=/usr/src/debug/libgcrypt-1.12.2 -ffile-prefix-map=C:/ag-e138920f/tc-cpp-guard-01=/usr/src/toolchain -fdebug-prefix-map=C:/ag-e138920f/tc-cpp-guard-01=/usr/src/toolchain -fmacro-prefix-map=C:/ag-e138920f/tc-cpp-guard-01=/usr/src/toolchain -ffile-prefix-map=C:/ap10-ca5f/git-full-01/bootstrap=/usr -fdebug-prefix-map=C:/ap10-ca5f/git-full-01/bootstrap=/usr -fmacro-prefix-map=C:/ap10-ca5f/git-full-01/bootstrap=/usr -fno-delete-null-pointer-checks -Wall -no-install -L/c/ap13-dcb/gnupg-core-01/builds/libgcrypt-1.12.2-1-02/sdk/usr/lib -Wl,--no-insert-timestamp -o t-rsa-15.exe t-rsa-15.o ../src/libgcrypt.la ../compat/libcompat.la -lgpg-error  
libtool: warning: '-no-install' is ignored for aarch64-pc-cygwin
libtool: warning: assuming '-no-fast-install' instead
libtool: link: gcc -O2 -g -std=gnu17 -fstack-protector-strong -ffile-prefix-map=C:/ap13-dcb/gnupg-core-01/builds/libgcrypt-1.12.2-1-02=/usr/src/debug/libgcrypt-1.12.2 -fdebug-prefix-map=C:/ap13-dcb/gnupg-core-01/builds/libgcrypt-1.12.2-1-02=/usr/src/debug/libgcrypt-1.12.2 -fmacro-prefix-map=C:/ap13-dcb/gnupg-core-01/builds/libgcrypt-1.12.2-1-02=/usr/src/debug/libgcrypt-1.12.2 -ffile-prefix-map=C:/ag-e138920f/tc-cpp-guard-01=/usr/src/toolchain -fdebug-prefix-map=C:/ag-e138920f/tc-cpp-guard-01=/usr/src/toolchain -fmacro-prefix-map=C:/ag-e138920f/tc-cpp-guard-01=/usr/src/toolchain -ffile-prefix-map=C:/ap10-ca5f/git-full-01/bootstrap=/usr -fdebug-prefix-map=C:/ap10-ca5f/git-full-01/bootstrap=/usr -fmacro-prefix-map=C:/ap10-ca5f/git-full-01/bootstrap=/usr -fno-delete-null-pointer-checks -Wall -Wl,--no-insert-timestamp -o .libs/t-rsa-15.exe t-rsa-15.o  -L/c/ap13-dcb/gnupg-core-01/builds/libgcrypt-1.12.2-1-02/sdk/usr/lib ../src/.libs/libgcrypt.dll.a ../compat/.libs/libcompat.a -lgpg-error -L/c/ap13-dcb/gnupg-core-01/builds/libgcrypt-1.12.2-1-02/build/libgcrypt/src/libgcrypt-1.12.2/src/.libs
gcc -DHAVE_CONFIG_H -I. -I..  -I../src -I../src -I/c/ap13-dcb/gnupg-core-01/builds/libgcrypt-1.12.2-1-02/sdk/usr/include  -O2 -g -std=gnu17 -fstack-protector-strong -ffile-prefix-map=C:/ap13-dcb/gnupg-core-01/builds/libgcrypt-1.12.2-1-02=/usr/src/debug/libgcrypt-1.12.2 -fdebug-prefix-map=C:/ap13-dcb/gnupg-core-01/builds/libgcrypt-1.12.2-1-02=/usr/src/debug/libgcrypt-1.12.2 -fmacro-prefix-map=C:/ap13-dcb/gnupg-core-01/builds/libgcrypt-1.12.2-1-02=/usr/src/debug/libgcrypt-1.12.2 -ffile-prefix-map=C:/ag-e138920f/tc-cpp-guard-01=/usr/src/toolchain -fdebug-prefix-map=C:/ag-e138920f/tc-cpp-guard-01=/usr/src/toolchain -fmacro-prefix-map=C:/ag-e138920f/tc-cpp-guard-01=/usr/src/toolchain -ffile-prefix-map=C:/ap10-ca5f/git-full-01/bootstrap=/usr -fdebug-prefix-map=C:/ap10-ca5f/git-full-01/bootstrap=/usr -fmacro-prefix-map=C:/ap10-ca5f/git-full-01/bootstrap=/usr -fno-delete-null-pointer-checks -Wall -MT t-rsa-testparm.o -MD -MP -MF .deps/t-rsa-testparm.Tpo -c -o t-rsa-testparm.o t-rsa-testparm.c
mv -f .deps/t-rsa-testparm.Tpo .deps/t-rsa-testparm.Po
/bin/sh ../libtool  --tag=CC   --mode=link gcc  -O2 -g -std=gnu17 -fstack-protector-strong -ffile-prefix-map=C:/ap13-dcb/gnupg-core-01/builds/libgcrypt-1.12.2-1-02=/usr/src/debug/libgcrypt-1.12.2 -fdebug-prefix-map=C:/ap13-dcb/gnupg-core-01/builds/libgcrypt-1.12.2-1-02=/usr/src/debug/libgcrypt-1.12.2 -fmacro-prefix-map=C:/ap13-dcb/gnupg-core-01/builds/libgcrypt-1.12.2-1-02=/usr/src/debug/libgcrypt-1.12.2 -ffile-prefix-map=C:/ag-e138920f/tc-cpp-guard-01=/usr/src/toolchain -fdebug-prefix-map=C:/ag-e138920f/tc-cpp-guard-01=/usr/src/toolchain -fmacro-prefix-map=C:/ag-e138920f/tc-cpp-guard-01=/usr/src/toolchain -ffile-prefix-map=C:/ap10-ca5f/git-full-01/bootstrap=/usr -fdebug-prefix-map=C:/ap10-ca5f/git-full-01/bootstrap=/usr -fmacro-prefix-map=C:/ap10-ca5f/git-full-01/bootstrap=/usr -fno-delete-null-pointer-checks -Wall -no-install -L/c/ap13-dcb/gnupg-core-01/builds/libgcrypt-1.12.2-1-02/sdk/usr/lib -Wl,--no-insert-timestamp -o t-rsa-testparm.exe t-rsa-testparm.o ../src/libgcrypt.la ../compat/libcompat.la -lgpg-error  
libtool: warning: '-no-install' is ignored for aarch64-pc-cygwin
libtool: warning: assuming '-no-fast-install' instead
libtool: link: gcc -O2 -g -std=gnu17 -fstack-protector-strong -ffile-prefix-map=C:/ap13-dcb/gnupg-core-01/builds/libgcrypt-1.12.2-1-02=/usr/src/debug/libgcrypt-1.12.2 -fdebug-prefix-map=C:/ap13-dcb/gnupg-core-01/builds/libgcrypt-1.12.2-1-02=/usr/src/debug/libgcrypt-1.12.2 -fmacro-prefix-map=C:/ap13-dcb/gnupg-core-01/builds/libgcrypt-1.12.2-1-02=/usr/src/debug/libgcrypt-1.12.2 -ffile-prefix-map=C:/ag-e138920f/tc-cpp-guard-01=/usr/src/toolchain -fdebug-prefix-map=C:/ag-e138920f/tc-cpp-guard-01=/usr/src/toolchain -fmacro-prefix-map=C:/ag-e138920f/tc-cpp-guard-01=/usr/src/toolchain -ffile-prefix-map=C:/ap10-ca5f/git-full-01/bootstrap=/usr -fdebug-prefix-map=C:/ap10-ca5f/git-full-01/bootstrap=/usr -fmacro-prefix-map=C:/ap10-ca5f/git-full-01/bootstrap=/usr -fno-delete-null-pointer-checks -Wall -Wl,--no-insert-timestamp -o .libs/t-rsa-testparm.exe t-rsa-testparm.o  -L/c/ap13-dcb/gnupg-core-01/builds/libgcrypt-1.12.2-1-02/sdk/usr/lib ../src/.libs/libgcrypt.dll.a ../compat/.libs/libcompat.a -lgpg-error -L/c/ap13-dcb/gnupg-core-01/builds/libgcrypt-1.12.2-1-02/build/libgcrypt/src/libgcrypt-1.12.2/src/.libs
gcc -DHAVE_CONFIG_H -I. -I..  -I../src -I../src -I/c/ap13-dcb/gnupg-core-01/builds/libgcrypt-1.12.2-1-02/sdk/usr/include  -O2 -g -std=gnu17 -fstack-protector-strong -ffile-prefix-map=C:/ap13-dcb/gnupg-core-01/builds/libgcrypt-1.12.2-1-02=/usr/src/debug/libgcrypt-1.12.2 -fdebug-prefix-map=C:/ap13-dcb/gnupg-core-01/builds/libgcrypt-1.12.2-1-02=/usr/src/debug/libgcrypt-1.12.2 -fmacro-prefix-map=C:/ap13-dcb/gnupg-core-01/builds/libgcrypt-1.12.2-1-02=/usr/src/debug/libgcrypt-1.12.2 -ffile-prefix-map=C:/ag-e138920f/tc-cpp-guard-01=/usr/src/toolchain -fdebug-prefix-map=C:/ag-e138920f/tc-cpp-guard-01=/usr/src/toolchain -fmacro-prefix-map=C:/ag-e138920f/tc-cpp-guard-01=/usr/src/toolchain -ffile-prefix-map=C:/ap10-ca5f/git-full-01/bootstrap=/usr -fdebug-prefix-map=C:/ap10-ca5f/git-full-01/bootstrap=/usr -fmacro-prefix-map=C:/ap10-ca5f/git-full-01/bootstrap=/usr -fno-delete-null-pointer-checks -Wall -MT fips186-dsa.o -MD -MP -MF .deps/fips186-dsa.Tpo -c -o fips186-dsa.o fips186-dsa.c
mv -f .deps/fips186-dsa.Tpo .deps/fips186-dsa.Po
/bin/sh ../libtool  --tag=CC   --mode=link gcc  -O2 -g -std=gnu17 -fstack-protector-strong -ffile-prefix-map=C:/ap13-dcb/gnupg-core-01/builds/libgcrypt-1.12.2-1-02=/usr/src/debug/libgcrypt-1.12.2 -fdebug-prefix-map=C:/ap13-dcb/gnupg-core-01/builds/libgcrypt-1.12.2-1-02=/usr/src/debug/libgcrypt-1.12.2 -fmacro-prefix-map=C:/ap13-dcb/gnupg-core-01/builds/libgcrypt-1.12.2-1-02=/usr/src/debug/libgcrypt-1.12.2 -ffile-prefix-map=C:/ag-e138920f/tc-cpp-guard-01=/usr/src/toolchain -fdebug-prefix-map=C:/ag-e138920f/tc-cpp-guard-01=/usr/src/toolchain -fmacro-prefix-map=C:/ag-e138920f/tc-cpp-guard-01=/usr/src/toolchain -ffile-prefix-map=C:/ap10-ca5f/git-full-01/bootstrap=/usr -fdebug-prefix-map=C:/ap10-ca5f/git-full-01/bootstrap=/usr -fmacro-prefix-map=C:/ap10-ca5f/git-full-01/bootstrap=/usr -fno-delete-null-pointer-checks -Wall -no-install -L/c/ap13-dcb/gnupg-core-01/builds/libgcrypt-1.12.2-1-02/sdk/usr/lib -Wl,--no-insert-timestamp -o fips186-dsa.exe fips186-dsa.o ../src/libgcrypt.la ../compat/libcompat.la -lgpg-error  
libtool: warning: '-no-install' is ignored for aarch64-pc-cygwin
libtool: warning: assuming '-no-fast-install' instead
libtool: link: gcc -O2 -g -std=gnu17 -fstack-protector-strong -ffile-prefix-map=C:/ap13-dcb/gnupg-core-01/builds/libgcrypt-1.12.2-1-02=/usr/src/debug/libgcrypt-1.12.2 -fdebug-prefix-map=C:/ap13-dcb/gnupg-core-01/builds/libgcrypt-1.12.2-1-02=/usr/src/debug/libgcrypt-1.12.2 -fmacro-prefix-map=C:/ap13-dcb/gnupg-core-01/builds/libgcrypt-1.12.2-1-02=/usr/src/debug/libgcrypt-1.12.2 -ffile-prefix-map=C:/ag-e138920f/tc-cpp-guard-01=/usr/src/toolchain -fdebug-prefix-map=C:/ag-e138920f/tc-cpp-guard-01=/usr/src/toolchain -fmacro-prefix-map=C:/ag-e138920f/tc-cpp-guard-01=/usr/src/toolchain -ffile-prefix-map=C:/ap10-ca5f/git-full-01/bootstrap=/usr -fdebug-prefix-map=C:/ap10-ca5f/git-full-01/bootstrap=/usr -fmacro-prefix-map=C:/ap10-ca5f/git-full-01/bootstrap=/usr -fno-delete-null-pointer-checks -Wall -Wl,--no-insert-timestamp -o .libs/fips186-dsa.exe fips186-dsa.o  -L/c/ap13-dcb/gnupg-core-01/builds/libgcrypt-1.12.2-1-02/sdk/usr/lib ../src/.libs/libgcrypt.dll.a ../compat/.libs/libcompat.a -lgpg-error -L/c/ap13-dcb/gnupg-core-01/builds/libgcrypt-1.12.2-1-02/build/libgcrypt/src/libgcrypt-1.12.2/src/.libs
gcc -DHAVE_CONFIG_H -I. -I..  -I../src -I../src -I/c/ap13-dcb/gnupg-core-01/builds/libgcrypt-1.12.2-1-02/sdk/usr/include  -O2 -g -std=gnu17 -fstack-protector-strong -ffile-prefix-map=C:/ap13-dcb/gnupg-core-01/builds/libgcrypt-1.12.2-1-02=/usr/src/debug/libgcrypt-1.12.2 -fdebug-prefix-map=C:/ap13-dcb/gnupg-core-01/builds/libgcrypt-1.12.2-1-02=/usr/src/debug/libgcrypt-1.12.2 -fmacro-prefix-map=C:/ap13-dcb/gnupg-core-01/builds/libgcrypt-1.12.2-1-02=/usr/src/debug/libgcrypt-1.12.2 -ffile-prefix-map=C:/ag-e138920f/tc-cpp-guard-01=/usr/src/toolchain -fdebug-prefix-map=C:/ag-e138920f/tc-cpp-guard-01=/usr/src/toolchain -fmacro-prefix-map=C:/ag-e138920f/tc-cpp-guard-01=/usr/src/toolchain -ffile-prefix-map=C:/ap10-ca5f/git-full-01/bootstrap=/usr -fdebug-prefix-map=C:/ap10-ca5f/git-full-01/bootstrap=/usr -fmacro-prefix-map=C:/ap10-ca5f/git-full-01/bootstrap=/usr -fno-delete-null-pointer-checks -Wall -MT dsa-rfc6979.o -MD -MP -MF .deps/dsa-rfc6979.Tpo -c -o dsa-rfc6979.o dsa-rfc6979.c
mv -f .deps/dsa-rfc6979.Tpo .deps/dsa-rfc6979.Po
/bin/sh ../libtool  --tag=CC   --mode=link gcc  -O2 -g -std=gnu17 -fstack-protector-strong -ffile-prefix-map=C:/ap13-dcb/gnupg-core-01/builds/libgcrypt-1.12.2-1-02=/usr/src/debug/libgcrypt-1.12.2 -fdebug-prefix-map=C:/ap13-dcb/gnupg-core-01/builds/libgcrypt-1.12.2-1-02=/usr/src/debug/libgcrypt-1.12.2 -fmacro-prefix-map=C:/ap13-dcb/gnupg-core-01/builds/libgcrypt-1.12.2-1-02=/usr/src/debug/libgcrypt-1.12.2 -ffile-prefix-map=C:/ag-e138920f/tc-cpp-guard-01=/usr/src/toolchain -fdebug-prefix-map=C:/ag-e138920f/tc-cpp-guard-01=/usr/src/toolchain -fmacro-prefix-map=C:/ag-e138920f/tc-cpp-guard-01=/usr/src/toolchain -ffile-prefix-map=C:/ap10-ca5f/git-full-01/bootstrap=/usr -fdebug-prefix-map=C:/ap10-ca5f/git-full-01/bootstrap=/usr -fmacro-prefix-map=C:/ap10-ca5f/git-full-01/bootstrap=/usr -fno-delete-null-pointer-checks -Wall -no-install -L/c/ap13-dcb/gnupg-core-01/builds/libgcrypt-1.12.2-1-02/sdk/usr/lib -Wl,--no-insert-timestamp -o dsa-rfc6979.exe dsa-rfc6979.o ../src/libgcrypt.la ../compat/libcompat.la -lgpg-error  
libtool: warning: '-no-install' is ignored for aarch64-pc-cygwin
libtool: warning: assuming '-no-fast-install' instead
libtool: link: gcc -O2 -g -std=gnu17 -fstack-protector-strong -ffile-prefix-map=C:/ap13-dcb/gnupg-core-01/builds/libgcrypt-1.12.2-1-02=/usr/src/debug/libgcrypt-1.12.2 -fdebug-prefix-map=C:/ap13-dcb/gnupg-core-01/builds/libgcrypt-1.12.2-1-02=/usr/src/debug/libgcrypt-1.12.2 -fmacro-prefix-map=C:/ap13-dcb/gnupg-core-01/builds/libgcrypt-1.12.2-1-02=/usr/src/debug/libgcrypt-1.12.2 -ffile-prefix-map=C:/ag-e138920f/tc-cpp-guard-01=/usr/src/toolchain -fdebug-prefix-map=C:/ag-e138920f/tc-cpp-guard-01=/usr/src/toolchain -fmacro-prefix-map=C:/ag-e138920f/tc-cpp-guard-01=/usr/src/toolchain -ffile-prefix-map=C:/ap10-ca5f/git-full-01/bootstrap=/usr -fdebug-prefix-map=C:/ap10-ca5f/git-full-01/bootstrap=/usr -fmacro-prefix-map=C:/ap10-ca5f/git-full-01/bootstrap=/usr -fno-delete-null-pointer-checks -Wall -Wl,--no-insert-timestamp -o .libs/dsa-rfc6979.exe dsa-rfc6979.o  -L/c/ap13-dcb/gnupg-core-01/builds/libgcrypt-1.12.2-1-02/sdk/usr/lib ../src/.libs/libgcrypt.dll.a ../compat/.libs/libcompat.a -lgpg-error -L/c/ap13-dcb/gnupg-core-01/builds/libgcrypt-1.12.2-1-02/build/libgcrypt/src/libgcrypt-1.12.2/src/.libs
gcc -DHAVE_CONFIG_H -I. -I..  -I../src -I../src -I/c/ap13-dcb/gnupg-core-01/builds/libgcrypt-1.12.2-1-02/sdk/usr/include  -O2 -g -std=gnu17 -fstack-protector-strong -ffile-prefix-map=C:/ap13-dcb/gnupg-core-01/builds/libgcrypt-1.12.2-1-02=/usr/src/debug/libgcrypt-1.12.2 -fdebug-prefix-map=C:/ap13-dcb/gnupg-core-01/builds/libgcrypt-1.12.2-1-02=/usr/src/debug/libgcrypt-1.12.2 -fmacro-prefix-map=C:/ap13-dcb/gnupg-core-01/builds/libgcrypt-1.12.2-1-02=/usr/src/debug/libgcrypt-1.12.2 -ffile-prefix-map=C:/ag-e138920f/tc-cpp-guard-01=/usr/src/toolchain -fdebug-prefix-map=C:/ag-e138920f/tc-cpp-guard-01=/usr/src/toolchain -fmacro-prefix-map=C:/ag-e138920f/tc-cpp-guard-01=/usr/src/toolchain -ffile-prefix-map=C:/ap10-ca5f/git-full-01/bootstrap=/usr -fdebug-prefix-map=C:/ap10-ca5f/git-full-01/bootstrap=/usr -fmacro-prefix-map=C:/ap10-ca5f/git-full-01/bootstrap=/usr -fno-delete-null-pointer-checks -Wall -MT t-dsa.o -MD -MP -MF .deps/t-dsa.Tpo -c -o t-dsa.o t-dsa.c
In file included from t-dsa.c:25:
t-dsa.c: In function 'read_textline':
t-dsa.c:98:56: warning: array subscript has type 'char' [-Wchar-subscripts]
   98 |       for (p--;p > line && my_isascii (*p) && isspace (*p); p--)
      |                                                        ^~
t-dsa.c: In function 'copy_data':
t-dsa.c:148:41: warning: array subscript has type 'char' [-Wchar-subscripts]
  148 |   for (s++; my_isascii (*s) && isspace (*s); s++)
      |                                         ^~
mv -f .deps/t-dsa.Tpo .deps/t-dsa.Po
/bin/sh ../libtool  --tag=CC   --mode=link gcc  -O2 -g -std=gnu17 -fstack-protector-strong -ffile-prefix-map=C:/ap13-dcb/gnupg-core-01/builds/libgcrypt-1.12.2-1-02=/usr/src/debug/libgcrypt-1.12.2 -fdebug-prefix-map=C:/ap13-dcb/gnupg-core-01/builds/libgcrypt-1.12.2-1-02=/usr/src/debug/libgcrypt-1.12.2 -fmacro-prefix-map=C:/ap13-dcb/gnupg-core-01/builds/libgcrypt-1.12.2-1-02=/usr/src/debug/libgcrypt-1.12.2 -ffile-prefix-map=C:/ag-e138920f/tc-cpp-guard-01=/usr/src/toolchain -fdebug-prefix-map=C:/ag-e138920f/tc-cpp-guard-01=/usr/src/toolchain -fmacro-prefix-map=C:/ag-e138920f/tc-cpp-guard-01=/usr/src/toolchain -ffile-prefix-map=C:/ap10-ca5f/git-full-01/bootstrap=/usr -fdebug-prefix-map=C:/ap10-ca5f/git-full-01/bootstrap=/usr -fmacro-prefix-map=C:/ap10-ca5f/git-full-01/bootstrap=/usr -fno-delete-null-pointer-checks -Wall -no-install -L/c/ap13-dcb/gnupg-core-01/builds/libgcrypt-1.12.2-1-02/sdk/usr/lib -Wl,--no-insert-timestamp -o t-dsa.exe t-dsa.o ../src/libgcrypt.la ../compat/libcompat.la -lgpg-error  
libtool: warning: '-no-install' is ignored for aarch64-pc-cygwin
libtool: warning: assuming '-no-fast-install' instead
libtool: link: gcc -O2 -g -std=gnu17 -fstack-protector-strong -ffile-prefix-map=C:/ap13-dcb/gnupg-core-01/builds/libgcrypt-1.12.2-1-02=/usr/src/debug/libgcrypt-1.12.2 -fdebug-prefix-map=C:/ap13-dcb/gnupg-core-01/builds/libgcrypt-1.12.2-1-02=/usr/src/debug/libgcrypt-1.12.2 -fmacro-prefix-map=C:/ap13-dcb/gnupg-core-01/builds/libgcrypt-1.12.2-1-02=/usr/src/debug/libgcrypt-1.12.2 -ffile-prefix-map=C:/ag-e138920f/tc-cpp-guard-01=/usr/src/toolchain -fdebug-prefix-map=C:/ag-e138920f/tc-cpp-guard-01=/usr/src/toolchain -fmacro-prefix-map=C:/ag-e138920f/tc-cpp-guard-01=/usr/src/toolchain -ffile-prefix-map=C:/ap10-ca5f/git-full-01/bootstrap=/usr -fdebug-prefix-map=C:/ap10-ca5f/git-full-01/bootstrap=/usr -fmacro-prefix-map=C:/ap10-ca5f/git-full-01/bootstrap=/usr -fno-delete-null-pointer-checks -Wall -Wl,--no-insert-timestamp -o .libs/t-dsa.exe t-dsa.o  -L/c/ap13-dcb/gnupg-core-01/builds/libgcrypt-1.12.2-1-02/sdk/usr/lib ../src/.libs/libgcrypt.dll.a ../compat/.libs/libcompat.a -lgpg-error -L/c/ap13-dcb/gnupg-core-01/builds/libgcrypt-1.12.2-1-02/build/libgcrypt/src/libgcrypt-1.12.2/src/.libs
gcc -DHAVE_CONFIG_H -I. -I..  -I../src -I../src -I/c/ap13-dcb/gnupg-core-01/builds/libgcrypt-1.12.2-1-02/sdk/usr/include  -O2 -g -std=gnu17 -fstack-protector-strong -ffile-prefix-map=C:/ap13-dcb/gnupg-core-01/builds/libgcrypt-1.12.2-1-02=/usr/src/debug/libgcrypt-1.12.2 -fdebug-prefix-map=C:/ap13-dcb/gnupg-core-01/builds/libgcrypt-1.12.2-1-02=/usr/src/debug/libgcrypt-1.12.2 -fmacro-prefix-map=C:/ap13-dcb/gnupg-core-01/builds/libgcrypt-1.12.2-1-02=/usr/src/debug/libgcrypt-1.12.2 -ffile-prefix-map=C:/ag-e138920f/tc-cpp-guard-01=/usr/src/toolchain -fdebug-prefix-map=C:/ag-e138920f/tc-cpp-guard-01=/usr/src/toolchain -fmacro-prefix-map=C:/ag-e138920f/tc-cpp-guard-01=/usr/src/toolchain -ffile-prefix-map=C:/ap10-ca5f/git-full-01/bootstrap=/usr -fdebug-prefix-map=C:/ap10-ca5f/git-full-01/bootstrap=/usr -fmacro-prefix-map=C:/ap10-ca5f/git-full-01/bootstrap=/usr -fno-delete-null-pointer-checks -Wall -MT curves.o -MD -MP -MF .deps/curves.Tpo -c -o curves.o curves.c
mv -f .deps/curves.Tpo .deps/curves.Po
/bin/sh ../libtool  --tag=CC   --mode=link gcc  -O2 -g -std=gnu17 -fstack-protector-strong -ffile-prefix-map=C:/ap13-dcb/gnupg-core-01/builds/libgcrypt-1.12.2-1-02=/usr/src/debug/libgcrypt-1.12.2 -fdebug-prefix-map=C:/ap13-dcb/gnupg-core-01/builds/libgcrypt-1.12.2-1-02=/usr/src/debug/libgcrypt-1.12.2 -fmacro-prefix-map=C:/ap13-dcb/gnupg-core-01/builds/libgcrypt-1.12.2-1-02=/usr/src/debug/libgcrypt-1.12.2 -ffile-prefix-map=C:/ag-e138920f/tc-cpp-guard-01=/usr/src/toolchain -fdebug-prefix-map=C:/ag-e138920f/tc-cpp-guard-01=/usr/src/toolchain -fmacro-prefix-map=C:/ag-e138920f/tc-cpp-guard-01=/usr/src/toolchain -ffile-prefix-map=C:/ap10-ca5f/git-full-01/bootstrap=/usr -fdebug-prefix-map=C:/ap10-ca5f/git-full-01/bootstrap=/usr -fmacro-prefix-map=C:/ap10-ca5f/git-full-01/bootstrap=/usr -fno-delete-null-pointer-checks -Wall -no-install -L/c/ap13-dcb/gnupg-core-01/builds/libgcrypt-1.12.2-1-02/sdk/usr/lib -Wl,--no-insert-timestamp -o curves.exe curves.o ../src/libgcrypt.la ../compat/libcompat.la -lgpg-error  
libtool: warning: '-no-install' is ignored for aarch64-pc-cygwin
libtool: warning: assuming '-no-fast-install' instead
libtool: link: gcc -O2 -g -std=gnu17 -fstack-protector-strong -ffile-prefix-map=C:/ap13-dcb/gnupg-core-01/builds/libgcrypt-1.12.2-1-02=/usr/src/debug/libgcrypt-1.12.2 -fdebug-prefix-map=C:/ap13-dcb/gnupg-core-01/builds/libgcrypt-1.12.2-1-02=/usr/src/debug/libgcrypt-1.12.2 -fmacro-prefix-map=C:/ap13-dcb/gnupg-core-01/builds/libgcrypt-1.12.2-1-02=/usr/src/debug/libgcrypt-1.12.2 -ffile-prefix-map=C:/ag-e138920f/tc-cpp-guard-01=/usr/src/toolchain -fdebug-prefix-map=C:/ag-e138920f/tc-cpp-guard-01=/usr/src/toolchain -fmacro-prefix-map=C:/ag-e138920f/tc-cpp-guard-01=/usr/src/toolchain -ffile-prefix-map=C:/ap10-ca5f/git-full-01/bootstrap=/usr -fdebug-prefix-map=C:/ap10-ca5f/git-full-01/bootstrap=/usr -fmacro-prefix-map=C:/ap10-ca5f/git-full-01/bootstrap=/usr -fno-delete-null-pointer-checks -Wall -Wl,--no-insert-timestamp -o .libs/curves.exe curves.o  -L/c/ap13-dcb/gnupg-core-01/builds/libgcrypt-1.12.2-1-02/sdk/usr/lib ../src/.libs/libgcrypt.dll.a ../compat/.libs/libcompat.a -lgpg-error -L/c/ap13-dcb/gnupg-core-01/builds/libgcrypt-1.12.2-1-02/build/libgcrypt/src/libgcrypt-1.12.2/src/.libs
gcc -DHAVE_CONFIG_H -I. -I..  -I../src -I../src -I/c/ap13-dcb/gnupg-core-01/builds/libgcrypt-1.12.2-1-02/sdk/usr/include  -O2 -g -std=gnu17 -fstack-protector-strong -ffile-prefix-map=C:/ap13-dcb/gnupg-core-01/builds/libgcrypt-1.12.2-1-02=/usr/src/debug/libgcrypt-1.12.2 -fdebug-prefix-map=C:/ap13-dcb/gnupg-core-01/builds/libgcrypt-1.12.2-1-02=/usr/src/debug/libgcrypt-1.12.2 -fmacro-prefix-map=C:/ap13-dcb/gnupg-core-01/builds/libgcrypt-1.12.2-1-02=/usr/src/debug/libgcrypt-1.12.2 -ffile-prefix-map=C:/ag-e138920f/tc-cpp-guard-01=/usr/src/toolchain -fdebug-prefix-map=C:/ag-e138920f/tc-cpp-guard-01=/usr/src/toolchain -fmacro-prefix-map=C:/ag-e138920f/tc-cpp-guard-01=/usr/src/toolchain -ffile-prefix-map=C:/ap10-ca5f/git-full-01/bootstrap=/usr -fdebug-prefix-map=C:/ap10-ca5f/git-full-01/bootstrap=/usr -fmacro-prefix-map=C:/ap10-ca5f/git-full-01/bootstrap=/usr -fno-delete-null-pointer-checks -Wall -MT t-ecdsa.o -MD -MP -MF .deps/t-ecdsa.Tpo -c -o t-ecdsa.o t-ecdsa.c
In file included from t-ecdsa.c:25:
t-ecdsa.c: In function 'read_textline':
t-ecdsa.c:98:56: warning: array subscript has type 'char' [-Wchar-subscripts]
   98 |       for (p--;p > line && my_isascii (*p) && isspace (*p); p--)
      |                                                        ^~
t-ecdsa.c: In function 'copy_data':
t-ecdsa.c:161:41: warning: array subscript has type 'char' [-Wchar-subscripts]
  161 |   for (s++; my_isascii (*s) && isspace (*s); s++)
      |                                         ^~
mv -f .deps/t-ecdsa.Tpo .deps/t-ecdsa.Po
/bin/sh ../libtool  --tag=CC   --mode=link gcc  -O2 -g -std=gnu17 -fstack-protector-strong -ffile-prefix-map=C:/ap13-dcb/gnupg-core-01/builds/libgcrypt-1.12.2-1-02=/usr/src/debug/libgcrypt-1.12.2 -fdebug-prefix-map=C:/ap13-dcb/gnupg-core-01/builds/libgcrypt-1.12.2-1-02=/usr/src/debug/libgcrypt-1.12.2 -fmacro-prefix-map=C:/ap13-dcb/gnupg-core-01/builds/libgcrypt-1.12.2-1-02=/usr/src/debug/libgcrypt-1.12.2 -ffile-prefix-map=C:/ag-e138920f/tc-cpp-guard-01=/usr/src/toolchain -fdebug-prefix-map=C:/ag-e138920f/tc-cpp-guard-01=/usr/src/toolchain -fmacro-prefix-map=C:/ag-e138920f/tc-cpp-guard-01=/usr/src/toolchain -ffile-prefix-map=C:/ap10-ca5f/git-full-01/bootstrap=/usr -fdebug-prefix-map=C:/ap10-ca5f/git-full-01/bootstrap=/usr -fmacro-prefix-map=C:/ap10-ca5f/git-full-01/bootstrap=/usr -fno-delete-null-pointer-checks -Wall -no-install -L/c/ap13-dcb/gnupg-core-01/builds/libgcrypt-1.12.2-1-02/sdk/usr/lib -Wl,--no-insert-timestamp -o t-ecdsa.exe t-ecdsa.o ../src/libgcrypt.la ../compat/libcompat.la -lgpg-error  
libtool: warning: '-no-install' is ignored for aarch64-pc-cygwin
libtool: warning: assuming '-no-fast-install' instead
libtool: link: gcc -O2 -g -std=gnu17 -fstack-protector-strong -ffile-prefix-map=C:/ap13-dcb/gnupg-core-01/builds/libgcrypt-1.12.2-1-02=/usr/src/debug/libgcrypt-1.12.2 -fdebug-prefix-map=C:/ap13-dcb/gnupg-core-01/builds/libgcrypt-1.12.2-1-02=/usr/src/debug/libgcrypt-1.12.2 -fmacro-prefix-map=C:/ap13-dcb/gnupg-core-01/builds/libgcrypt-1.12.2-1-02=/usr/src/debug/libgcrypt-1.12.2 -ffile-prefix-map=C:/ag-e138920f/tc-cpp-guard-01=/usr/src/toolchain -fdebug-prefix-map=C:/ag-e138920f/tc-cpp-guard-01=/usr/src/toolchain -fmacro-prefix-map=C:/ag-e138920f/tc-cpp-guard-01=/usr/src/toolchain -ffile-prefix-map=C:/ap10-ca5f/git-full-01/bootstrap=/usr -fdebug-prefix-map=C:/ap10-ca5f/git-full-01/bootstrap=/usr -fmacro-prefix-map=C:/ap10-ca5f/git-full-01/bootstrap=/usr -fno-delete-null-pointer-checks -Wall -Wl,--no-insert-timestamp -o .libs/t-ecdsa.exe t-ecdsa.o  -L/c/ap13-dcb/gnupg-core-01/builds/libgcrypt-1.12.2-1-02/sdk/usr/lib ../src/.libs/libgcrypt.dll.a ../compat/.libs/libcompat.a -lgpg-error -L/c/ap13-dcb/gnupg-core-01/builds/libgcrypt-1.12.2-1-02/build/libgcrypt/src/libgcrypt-1.12.2/src/.libs
gcc -DHAVE_CONFIG_H -I. -I..  -I../src -I../src -I/c/ap13-dcb/gnupg-core-01/builds/libgcrypt-1.12.2-1-02/sdk/usr/include  -O2 -g -std=gnu17 -fstack-protector-strong -ffile-prefix-map=C:/ap13-dcb/gnupg-core-01/builds/libgcrypt-1.12.2-1-02=/usr/src/debug/libgcrypt-1.12.2 -fdebug-prefix-map=C:/ap13-dcb/gnupg-core-01/builds/libgcrypt-1.12.2-1-02=/usr/src/debug/libgcrypt-1.12.2 -fmacro-prefix-map=C:/ap13-dcb/gnupg-core-01/builds/libgcrypt-1.12.2-1-02=/usr/src/debug/libgcrypt-1.12.2 -ffile-prefix-map=C:/ag-e138920f/tc-cpp-guard-01=/usr/src/toolchain -fdebug-prefix-map=C:/ag-e138920f/tc-cpp-guard-01=/usr/src/toolchain -fmacro-prefix-map=C:/ag-e138920f/tc-cpp-guard-01=/usr/src/toolchain -ffile-prefix-map=C:/ap10-ca5f/git-full-01/bootstrap=/usr -fdebug-prefix-map=C:/ap10-ca5f/git-full-01/bootstrap=/usr -fmacro-prefix-map=C:/ap10-ca5f/git-full-01/bootstrap=/usr -fno-delete-null-pointer-checks -Wall -MT t-ed25519.o -MD -MP -MF .deps/t-ed25519.Tpo -c -o t-ed25519.o t-ed25519.c
In file included from t-ed25519.c:25:
t-ed25519.c: In function 'read_textline':
t-ed25519.c:117:56: warning: array subscript has type 'char' [-Wchar-subscripts]
  117 |       for (p--;p > line && my_isascii (*p) && isspace (*p); p--)
      |                                                        ^~
t-ed25519.c: In function 'copy_data':
t-ed25519.c:143:41: warning: array subscript has type 'char' [-Wchar-subscripts]
  143 |   for (s++; my_isascii (*s) && isspace (*s); s++)
      |                                         ^~
mv -f .deps/t-ed25519.Tpo .deps/t-ed25519.Po
/bin/sh ../libtool  --tag=CC   --mode=link gcc  -O2 -g -std=gnu17 -fstack-protector-strong -ffile-prefix-map=C:/ap13-dcb/gnupg-core-01/builds/libgcrypt-1.12.2-1-02=/usr/src/debug/libgcrypt-1.12.2 -fdebug-prefix-map=C:/ap13-dcb/gnupg-core-01/builds/libgcrypt-1.12.2-1-02=/usr/src/debug/libgcrypt-1.12.2 -fmacro-prefix-map=C:/ap13-dcb/gnupg-core-01/builds/libgcrypt-1.12.2-1-02=/usr/src/debug/libgcrypt-1.12.2 -ffile-prefix-map=C:/ag-e138920f/tc-cpp-guard-01=/usr/src/toolchain -fdebug-prefix-map=C:/ag-e138920f/tc-cpp-guard-01=/usr/src/toolchain -fmacro-prefix-map=C:/ag-e138920f/tc-cpp-guard-01=/usr/src/toolchain -ffile-prefix-map=C:/ap10-ca5f/git-full-01/bootstrap=/usr -fdebug-prefix-map=C:/ap10-ca5f/git-full-01/bootstrap=/usr -fmacro-prefix-map=C:/ap10-ca5f/git-full-01/bootstrap=/usr -fno-delete-null-pointer-checks -Wall -no-install -L/c/ap13-dcb/gnupg-core-01/builds/libgcrypt-1.12.2-1-02/sdk/usr/lib -Wl,--no-insert-timestamp -o t-ed25519.exe t-ed25519.o ../src/libgcrypt.la ../compat/libcompat.la -lgpg-error  
libtool: warning: '-no-install' is ignored for aarch64-pc-cygwin
libtool: warning: assuming '-no-fast-install' instead
libtool: link: gcc -O2 -g -std=gnu17 -fstack-protector-strong -ffile-prefix-map=C:/ap13-dcb/gnupg-core-01/builds/libgcrypt-1.12.2-1-02=/usr/src/debug/libgcrypt-1.12.2 -fdebug-prefix-map=C:/ap13-dcb/gnupg-core-01/builds/libgcrypt-1.12.2-1-02=/usr/src/debug/libgcrypt-1.12.2 -fmacro-prefix-map=C:/ap13-dcb/gnupg-core-01/builds/libgcrypt-1.12.2-1-02=/usr/src/debug/libgcrypt-1.12.2 -ffile-prefix-map=C:/ag-e138920f/tc-cpp-guard-01=/usr/src/toolchain -fdebug-prefix-map=C:/ag-e138920f/tc-cpp-guard-01=/usr/src/toolchain -fmacro-prefix-map=C:/ag-e138920f/tc-cpp-guard-01=/usr/src/toolchain -ffile-prefix-map=C:/ap10-ca5f/git-full-01/bootstrap=/usr -fdebug-prefix-map=C:/ap10-ca5f/git-full-01/bootstrap=/usr -fmacro-prefix-map=C:/ap10-ca5f/git-full-01/bootstrap=/usr -fno-delete-null-pointer-checks -Wall -Wl,--no-insert-timestamp -o .libs/t-ed25519.exe t-ed25519.o  -L/c/ap13-dcb/gnupg-core-01/builds/libgcrypt-1.12.2-1-02/sdk/usr/lib ../src/.libs/libgcrypt.dll.a ../compat/.libs/libcompat.a -lgpg-error -L/c/ap13-dcb/gnupg-core-01/builds/libgcrypt-1.12.2-1-02/build/libgcrypt/src/libgcrypt-1.12.2/src/.libs
gcc -DHAVE_CONFIG_H -I. -I..  -I../src -I../src -I/c/ap13-dcb/gnupg-core-01/builds/libgcrypt-1.12.2-1-02/sdk/usr/include  -O2 -g -std=gnu17 -fstack-protector-strong -ffile-prefix-map=C:/ap13-dcb/gnupg-core-01/builds/libgcrypt-1.12.2-1-02=/usr/src/debug/libgcrypt-1.12.2 -fdebug-prefix-map=C:/ap13-dcb/gnupg-core-01/builds/libgcrypt-1.12.2-1-02=/usr/src/debug/libgcrypt-1.12.2 -fmacro-prefix-map=C:/ap13-dcb/gnupg-core-01/builds/libgcrypt-1.12.2-1-02=/usr/src/debug/libgcrypt-1.12.2 -ffile-prefix-map=C:/ag-e138920f/tc-cpp-guard-01=/usr/src/toolchain -fdebug-prefix-map=C:/ag-e138920f/tc-cpp-guard-01=/usr/src/toolchain -fmacro-prefix-map=C:/ag-e138920f/tc-cpp-guard-01=/usr/src/toolchain -ffile-prefix-map=C:/ap10-ca5f/git-full-01/bootstrap=/usr -fdebug-prefix-map=C:/ap10-ca5f/git-full-01/bootstrap=/usr -fmacro-prefix-map=C:/ap10-ca5f/git-full-01/bootstrap=/usr -fno-delete-null-pointer-checks -Wall -MT t-cv25519.o -MD -MP -MF .deps/t-cv25519.Tpo -c -o t-cv25519.o t-cv25519.c
mv -f .deps/t-cv25519.Tpo .deps/t-cv25519.Po
/bin/sh ../libtool  --tag=CC   --mode=link gcc  -O2 -g -std=gnu17 -fstack-protector-strong -ffile-prefix-map=C:/ap13-dcb/gnupg-core-01/builds/libgcrypt-1.12.2-1-02=/usr/src/debug/libgcrypt-1.12.2 -fdebug-prefix-map=C:/ap13-dcb/gnupg-core-01/builds/libgcrypt-1.12.2-1-02=/usr/src/debug/libgcrypt-1.12.2 -fmacro-prefix-map=C:/ap13-dcb/gnupg-core-01/builds/libgcrypt-1.12.2-1-02=/usr/src/debug/libgcrypt-1.12.2 -ffile-prefix-map=C:/ag-e138920f/tc-cpp-guard-01=/usr/src/toolchain -fdebug-prefix-map=C:/ag-e138920f/tc-cpp-guard-01=/usr/src/toolchain -fmacro-prefix-map=C:/ag-e138920f/tc-cpp-guard-01=/usr/src/toolchain -ffile-prefix-map=C:/ap10-ca5f/git-full-01/bootstrap=/usr -fdebug-prefix-map=C:/ap10-ca5f/git-full-01/bootstrap=/usr -fmacro-prefix-map=C:/ap10-ca5f/git-full-01/bootstrap=/usr -fno-delete-null-pointer-checks -Wall -no-install -L/c/ap13-dcb/gnupg-core-01/builds/libgcrypt-1.12.2-1-02/sdk/usr/lib -Wl,--no-insert-timestamp -o t-cv25519.exe t-cv25519.o ../src/libgcrypt.la ../compat/libcompat.la -lgpg-error  
libtool: warning: '-no-install' is ignored for aarch64-pc-cygwin
libtool: warning: assuming '-no-fast-install' instead
libtool: link: gcc -O2 -g -std=gnu17 -fstack-protector-strong -ffile-prefix-map=C:/ap13-dcb/gnupg-core-01/builds/libgcrypt-1.12.2-1-02=/usr/src/debug/libgcrypt-1.12.2 -fdebug-prefix-map=C:/ap13-dcb/gnupg-core-01/builds/libgcrypt-1.12.2-1-02=/usr/src/debug/libgcrypt-1.12.2 -fmacro-prefix-map=C:/ap13-dcb/gnupg-core-01/builds/libgcrypt-1.12.2-1-02=/usr/src/debug/libgcrypt-1.12.2 -ffile-prefix-map=C:/ag-e138920f/tc-cpp-guard-01=/usr/src/toolchain -fdebug-prefix-map=C:/ag-e138920f/tc-cpp-guard-01=/usr/src/toolchain -fmacro-prefix-map=C:/ag-e138920f/tc-cpp-guard-01=/usr/src/toolchain -ffile-prefix-map=C:/ap10-ca5f/git-full-01/bootstrap=/usr -fdebug-prefix-map=C:/ap10-ca5f/git-full-01/bootstrap=/usr -fmacro-prefix-map=C:/ap10-ca5f/git-full-01/bootstrap=/usr -fno-delete-null-pointer-checks -Wall -Wl,--no-insert-timestamp -o .libs/t-cv25519.exe t-cv25519.o  -L/c/ap13-dcb/gnupg-core-01/builds/libgcrypt-1.12.2-1-02/sdk/usr/lib ../src/.libs/libgcrypt.dll.a ../compat/.libs/libcompat.a -lgpg-error -L/c/ap13-dcb/gnupg-core-01/builds/libgcrypt-1.12.2-1-02/build/libgcrypt/src/libgcrypt-1.12.2/src/.libs
gcc -DHAVE_CONFIG_H -I. -I..  -I../src -I../src -I/c/ap13-dcb/gnupg-core-01/builds/libgcrypt-1.12.2-1-02/sdk/usr/include  -O2 -g -std=gnu17 -fstack-protector-strong -ffile-prefix-map=C:/ap13-dcb/gnupg-core-01/builds/libgcrypt-1.12.2-1-02=/usr/src/debug/libgcrypt-1.12.2 -fdebug-prefix-map=C:/ap13-dcb/gnupg-core-01/builds/libgcrypt-1.12.2-1-02=/usr/src/debug/libgcrypt-1.12.2 -fmacro-prefix-map=C:/ap13-dcb/gnupg-core-01/builds/libgcrypt-1.12.2-1-02=/usr/src/debug/libgcrypt-1.12.2 -ffile-prefix-map=C:/ag-e138920f/tc-cpp-guard-01=/usr/src/toolchain -fdebug-prefix-map=C:/ag-e138920f/tc-cpp-guard-01=/usr/src/toolchain -fmacro-prefix-map=C:/ag-e138920f/tc-cpp-guard-01=/usr/src/toolchain -ffile-prefix-map=C:/ap10-ca5f/git-full-01/bootstrap=/usr -fdebug-prefix-map=C:/ap10-ca5f/git-full-01/bootstrap=/usr -fmacro-prefix-map=C:/ap10-ca5f/git-full-01/bootstrap=/usr -fno-delete-null-pointer-checks -Wall -MT t-x448.o -MD -MP -MF .deps/t-x448.Tpo -c -o t-x448.o t-x448.c
mv -f .deps/t-x448.Tpo .deps/t-x448.Po
/bin/sh ../libtool  --tag=CC   --mode=link gcc  -O2 -g -std=gnu17 -fstack-protector-strong -ffile-prefix-map=C:/ap13-dcb/gnupg-core-01/builds/libgcrypt-1.12.2-1-02=/usr/src/debug/libgcrypt-1.12.2 -fdebug-prefix-map=C:/ap13-dcb/gnupg-core-01/builds/libgcrypt-1.12.2-1-02=/usr/src/debug/libgcrypt-1.12.2 -fmacro-prefix-map=C:/ap13-dcb/gnupg-core-01/builds/libgcrypt-1.12.2-1-02=/usr/src/debug/libgcrypt-1.12.2 -ffile-prefix-map=C:/ag-e138920f/tc-cpp-guard-01=/usr/src/toolchain -fdebug-prefix-map=C:/ag-e138920f/tc-cpp-guard-01=/usr/src/toolchain -fmacro-prefix-map=C:/ag-e138920f/tc-cpp-guard-01=/usr/src/toolchain -ffile-prefix-map=C:/ap10-ca5f/git-full-01/bootstrap=/usr -fdebug-prefix-map=C:/ap10-ca5f/git-full-01/bootstrap=/usr -fmacro-prefix-map=C:/ap10-ca5f/git-full-01/bootstrap=/usr -fno-delete-null-pointer-checks -Wall -no-install -L/c/ap13-dcb/gnupg-core-01/builds/libgcrypt-1.12.2-1-02/sdk/usr/lib -Wl,--no-insert-timestamp -o t-x448.exe t-x448.o ../src/libgcrypt.la ../compat/libcompat.la -lgpg-error  
libtool: warning: '-no-install' is ignored for aarch64-pc-cygwin
libtool: warning: assuming '-no-fast-install' instead
libtool: link: gcc -O2 -g -std=gnu17 -fstack-protector-strong -ffile-prefix-map=C:/ap13-dcb/gnupg-core-01/builds/libgcrypt-1.12.2-1-02=/usr/src/debug/libgcrypt-1.12.2 -fdebug-prefix-map=C:/ap13-dcb/gnupg-core-01/builds/libgcrypt-1.12.2-1-02=/usr/src/debug/libgcrypt-1.12.2 -fmacro-prefix-map=C:/ap13-dcb/gnupg-core-01/builds/libgcrypt-1.12.2-1-02=/usr/src/debug/libgcrypt-1.12.2 -ffile-prefix-map=C:/ag-e138920f/tc-cpp-guard-01=/usr/src/toolchain -fdebug-prefix-map=C:/ag-e138920f/tc-cpp-guard-01=/usr/src/toolchain -fmacro-prefix-map=C:/ag-e138920f/tc-cpp-guard-01=/usr/src/toolchain -ffile-prefix-map=C:/ap10-ca5f/git-full-01/bootstrap=/usr -fdebug-prefix-map=C:/ap10-ca5f/git-full-01/bootstrap=/usr -fmacro-prefix-map=C:/ap10-ca5f/git-full-01/bootstrap=/usr -fno-delete-null-pointer-checks -Wall -Wl,--no-insert-timestamp -o .libs/t-x448.exe t-x448.o  -L/c/ap13-dcb/gnupg-core-01/builds/libgcrypt-1.12.2-1-02/sdk/usr/lib ../src/.libs/libgcrypt.dll.a ../compat/.libs/libcompat.a -lgpg-error -L/c/ap13-dcb/gnupg-core-01/builds/libgcrypt-1.12.2-1-02/build/libgcrypt/src/libgcrypt-1.12.2/src/.libs
gcc -DHAVE_CONFIG_H -I. -I..  -I../src -I../src -I/c/ap13-dcb/gnupg-core-01/builds/libgcrypt-1.12.2-1-02/sdk/usr/include  -O2 -g -std=gnu17 -fstack-protector-strong -ffile-prefix-map=C:/ap13-dcb/gnupg-core-01/builds/libgcrypt-1.12.2-1-02=/usr/src/debug/libgcrypt-1.12.2 -fdebug-prefix-map=C:/ap13-dcb/gnupg-core-01/builds/libgcrypt-1.12.2-1-02=/usr/src/debug/libgcrypt-1.12.2 -fmacro-prefix-map=C:/ap13-dcb/gnupg-core-01/builds/libgcrypt-1.12.2-1-02=/usr/src/debug/libgcrypt-1.12.2 -ffile-prefix-map=C:/ag-e138920f/tc-cpp-guard-01=/usr/src/toolchain -fdebug-prefix-map=C:/ag-e138920f/tc-cpp-guard-01=/usr/src/toolchain -fmacro-prefix-map=C:/ag-e138920f/tc-cpp-guard-01=/usr/src/toolchain -ffile-prefix-map=C:/ap10-ca5f/git-full-01/bootstrap=/usr -fdebug-prefix-map=C:/ap10-ca5f/git-full-01/bootstrap=/usr -fmacro-prefix-map=C:/ap10-ca5f/git-full-01/bootstrap=/usr -fno-delete-null-pointer-checks -Wall -MT t-ed448.o -MD -MP -MF .deps/t-ed448.Tpo -c -o t-ed448.o t-ed448.c
In file included from t-ed448.c:25:
t-ed448.c: In function 'read_textline':
t-ed448.c:116:56: warning: array subscript has type 'char' [-Wchar-subscripts]
  116 |       for (p--;p > line && my_isascii (*p) && isspace (*p); p--)
      |                                                        ^~
t-ed448.c: In function 'copy_data':
t-ed448.c:142:41: warning: array subscript has type 'char' [-Wchar-subscripts]
  142 |   for (s++; my_isascii (*s) && isspace (*s); s++)
      |                                         ^~
mv -f .deps/t-ed448.Tpo .deps/t-ed448.Po
/bin/sh ../libtool  --tag=CC   --mode=link gcc  -O2 -g -std=gnu17 -fstack-protector-strong -ffile-prefix-map=C:/ap13-dcb/gnupg-core-01/builds/libgcrypt-1.12.2-1-02=/usr/src/debug/libgcrypt-1.12.2 -fdebug-prefix-map=C:/ap13-dcb/gnupg-core-01/builds/libgcrypt-1.12.2-1-02=/usr/src/debug/libgcrypt-1.12.2 -fmacro-prefix-map=C:/ap13-dcb/gnupg-core-01/builds/libgcrypt-1.12.2-1-02=/usr/src/debug/libgcrypt-1.12.2 -ffile-prefix-map=C:/ag-e138920f/tc-cpp-guard-01=/usr/src/toolchain -fdebug-prefix-map=C:/ag-e138920f/tc-cpp-guard-01=/usr/src/toolchain -fmacro-prefix-map=C:/ag-e138920f/tc-cpp-guard-01=/usr/src/toolchain -ffile-prefix-map=C:/ap10-ca5f/git-full-01/bootstrap=/usr -fdebug-prefix-map=C:/ap10-ca5f/git-full-01/bootstrap=/usr -fmacro-prefix-map=C:/ap10-ca5f/git-full-01/bootstrap=/usr -fno-delete-null-pointer-checks -Wall -no-install -L/c/ap13-dcb/gnupg-core-01/builds/libgcrypt-1.12.2-1-02/sdk/usr/lib -Wl,--no-insert-timestamp -o t-ed448.exe t-ed448.o ../src/libgcrypt.la ../compat/libcompat.la -lgpg-error  
libtool: warning: '-no-install' is ignored for aarch64-pc-cygwin
libtool: warning: assuming '-no-fast-install' instead
libtool: link: gcc -O2 -g -std=gnu17 -fstack-protector-strong -ffile-prefix-map=C:/ap13-dcb/gnupg-core-01/builds/libgcrypt-1.12.2-1-02=/usr/src/debug/libgcrypt-1.12.2 -fdebug-prefix-map=C:/ap13-dcb/gnupg-core-01/builds/libgcrypt-1.12.2-1-02=/usr/src/debug/libgcrypt-1.12.2 -fmacro-prefix-map=C:/ap13-dcb/gnupg-core-01/builds/libgcrypt-1.12.2-1-02=/usr/src/debug/libgcrypt-1.12.2 -ffile-prefix-map=C:/ag-e138920f/tc-cpp-guard-01=/usr/src/toolchain -fdebug-prefix-map=C:/ag-e138920f/tc-cpp-guard-01=/usr/src/toolchain -fmacro-prefix-map=C:/ag-e138920f/tc-cpp-guard-01=/usr/src/toolchain -ffile-prefix-map=C:/ap10-ca5f/git-full-01/bootstrap=/usr -fdebug-prefix-map=C:/ap10-ca5f/git-full-01/bootstrap=/usr -fmacro-prefix-map=C:/ap10-ca5f/git-full-01/bootstrap=/usr -fno-delete-null-pointer-checks -Wall -Wl,--no-insert-timestamp -o .libs/t-ed448.exe t-ed448.o  -L/c/ap13-dcb/gnupg-core-01/builds/libgcrypt-1.12.2-1-02/sdk/usr/lib ../src/.libs/libgcrypt.dll.a ../compat/.libs/libcompat.a -lgpg-error -L/c/ap13-dcb/gnupg-core-01/builds/libgcrypt-1.12.2-1-02/build/libgcrypt/src/libgcrypt-1.12.2/src/.libs
gcc -DHAVE_CONFIG_H -I. -I..  -I../src -I../src -I/c/ap13-dcb/gnupg-core-01/builds/libgcrypt-1.12.2-1-02/sdk/usr/include  -O2 -g -std=gnu17 -fstack-protector-strong -ffile-prefix-map=C:/ap13-dcb/gnupg-core-01/builds/libgcrypt-1.12.2-1-02=/usr/src/debug/libgcrypt-1.12.2 -fdebug-prefix-map=C:/ap13-dcb/gnupg-core-01/builds/libgcrypt-1.12.2-1-02=/usr/src/debug/libgcrypt-1.12.2 -fmacro-prefix-map=C:/ap13-dcb/gnupg-core-01/builds/libgcrypt-1.12.2-1-02=/usr/src/debug/libgcrypt-1.12.2 -ffile-prefix-map=C:/ag-e138920f/tc-cpp-guard-01=/usr/src/toolchain -fdebug-prefix-map=C:/ag-e138920f/tc-cpp-guard-01=/usr/src/toolchain -fmacro-prefix-map=C:/ag-e138920f/tc-cpp-guard-01=/usr/src/toolchain -ffile-prefix-map=C:/ap10-ca5f/git-full-01/bootstrap=/usr -fdebug-prefix-map=C:/ap10-ca5f/git-full-01/bootstrap=/usr -fmacro-prefix-map=C:/ap10-ca5f/git-full-01/bootstrap=/usr -fno-delete-null-pointer-checks -Wall -MT t-mlkem.o -MD -MP -MF .deps/t-mlkem.Tpo -c -o t-mlkem.o t-mlkem.c
In file included from t-mlkem.c:26:
t-common.h: In function 'read_textline':
t-common.h:279:56: warning: array subscript has type 'char' [-Wchar-subscripts]
  279 |       for (p--;p > line && my_isascii (*p) && isspace (*p); p--)
      |                                                        ^~
t-common.h: In function 'copy_data':
t-common.h:306:41: warning: array subscript has type 'char' [-Wchar-subscripts]
  306 |   for (s++; my_isascii (*s) && isspace (*s); s++)
      |                                         ^~
mv -f .deps/t-mlkem.Tpo .deps/t-mlkem.Po
/bin/sh ../libtool  --tag=CC   --mode=link gcc  -O2 -g -std=gnu17 -fstack-protector-strong -ffile-prefix-map=C:/ap13-dcb/gnupg-core-01/builds/libgcrypt-1.12.2-1-02=/usr/src/debug/libgcrypt-1.12.2 -fdebug-prefix-map=C:/ap13-dcb/gnupg-core-01/builds/libgcrypt-1.12.2-1-02=/usr/src/debug/libgcrypt-1.12.2 -fmacro-prefix-map=C:/ap13-dcb/gnupg-core-01/builds/libgcrypt-1.12.2-1-02=/usr/src/debug/libgcrypt-1.12.2 -ffile-prefix-map=C:/ag-e138920f/tc-cpp-guard-01=/usr/src/toolchain -fdebug-prefix-map=C:/ag-e138920f/tc-cpp-guard-01=/usr/src/toolchain -fmacro-prefix-map=C:/ag-e138920f/tc-cpp-guard-01=/usr/src/toolchain -ffile-prefix-map=C:/ap10-ca5f/git-full-01/bootstrap=/usr -fdebug-prefix-map=C:/ap10-ca5f/git-full-01/bootstrap=/usr -fmacro-prefix-map=C:/ap10-ca5f/git-full-01/bootstrap=/usr -fno-delete-null-pointer-checks -Wall -no-install -L/c/ap13-dcb/gnupg-core-01/builds/libgcrypt-1.12.2-1-02/sdk/usr/lib -Wl,--no-insert-timestamp -o t-mlkem.exe t-mlkem.o ../src/libgcrypt.la ../compat/libcompat.la -lgpg-error  
libtool: warning: '-no-install' is ignored for aarch64-pc-cygwin
libtool: warning: assuming '-no-fast-install' instead
libtool: link: gcc -O2 -g -std=gnu17 -fstack-protector-strong -ffile-prefix-map=C:/ap13-dcb/gnupg-core-01/builds/libgcrypt-1.12.2-1-02=/usr/src/debug/libgcrypt-1.12.2 -fdebug-prefix-map=C:/ap13-dcb/gnupg-core-01/builds/libgcrypt-1.12.2-1-02=/usr/src/debug/libgcrypt-1.12.2 -fmacro-prefix-map=C:/ap13-dcb/gnupg-core-01/builds/libgcrypt-1.12.2-1-02=/usr/src/debug/libgcrypt-1.12.2 -ffile-prefix-map=C:/ag-e138920f/tc-cpp-guard-01=/usr/src/toolchain -fdebug-prefix-map=C:/ag-e138920f/tc-cpp-guard-01=/usr/src/toolchain -fmacro-prefix-map=C:/ag-e138920f/tc-cpp-guard-01=/usr/src/toolchain -ffile-prefix-map=C:/ap10-ca5f/git-full-01/bootstrap=/usr -fdebug-prefix-map=C:/ap10-ca5f/git-full-01/bootstrap=/usr -fmacro-prefix-map=C:/ap10-ca5f/git-full-01/bootstrap=/usr -fno-delete-null-pointer-checks -Wall -Wl,--no-insert-timestamp -o .libs/t-mlkem.exe t-mlkem.o  -L/c/ap13-dcb/gnupg-core-01/builds/libgcrypt-1.12.2-1-02/sdk/usr/lib ../src/.libs/libgcrypt.dll.a ../compat/.libs/libcompat.a -lgpg-error -L/c/ap13-dcb/gnupg-core-01/builds/libgcrypt-1.12.2-1-02/build/libgcrypt/src/libgcrypt-1.12.2/src/.libs
gcc -DHAVE_CONFIG_H -I. -I..  -I../src -I../src -I/c/ap13-dcb/gnupg-core-01/builds/libgcrypt-1.12.2-1-02/sdk/usr/include  -O2 -g -std=gnu17 -fstack-protector-strong -ffile-prefix-map=C:/ap13-dcb/gnupg-core-01/builds/libgcrypt-1.12.2-1-02=/usr/src/debug/libgcrypt-1.12.2 -fdebug-prefix-map=C:/ap13-dcb/gnupg-core-01/builds/libgcrypt-1.12.2-1-02=/usr/src/debug/libgcrypt-1.12.2 -fmacro-prefix-map=C:/ap13-dcb/gnupg-core-01/builds/libgcrypt-1.12.2-1-02=/usr/src/debug/libgcrypt-1.12.2 -ffile-prefix-map=C:/ag-e138920f/tc-cpp-guard-01=/usr/src/toolchain -fdebug-prefix-map=C:/ag-e138920f/tc-cpp-guard-01=/usr/src/toolchain -fmacro-prefix-map=C:/ag-e138920f/tc-cpp-guard-01=/usr/src/toolchain -ffile-prefix-map=C:/ap10-ca5f/git-full-01/bootstrap=/usr -fdebug-prefix-map=C:/ap10-ca5f/git-full-01/bootstrap=/usr -fmacro-prefix-map=C:/ap10-ca5f/git-full-01/bootstrap=/usr -fno-delete-null-pointer-checks -Wall -MT t-mldsa.o -MD -MP -MF .deps/t-mldsa.Tpo -c -o t-mldsa.o t-mldsa.c
In file included from t-mldsa.c:26:
t-common.h: In function 'read_textline':
t-common.h:279:56: warning: array subscript has type 'char' [-Wchar-subscripts]
  279 |       for (p--;p > line && my_isascii (*p) && isspace (*p); p--)
      |                                                        ^~
t-common.h: In function 'copy_data':
t-common.h:306:41: warning: array subscript has type 'char' [-Wchar-subscripts]
  306 |   for (s++; my_isascii (*s) && isspace (*s); s++)
      |                                         ^~
mv -f .deps/t-mldsa.Tpo .deps/t-mldsa.Po
/bin/sh ../libtool  --tag=CC   --mode=link gcc  -O2 -g -std=gnu17 -fstack-protector-strong -ffile-prefix-map=C:/ap13-dcb/gnupg-core-01/builds/libgcrypt-1.12.2-1-02=/usr/src/debug/libgcrypt-1.12.2 -fdebug-prefix-map=C:/ap13-dcb/gnupg-core-01/builds/libgcrypt-1.12.2-1-02=/usr/src/debug/libgcrypt-1.12.2 -fmacro-prefix-map=C:/ap13-dcb/gnupg-core-01/builds/libgcrypt-1.12.2-1-02=/usr/src/debug/libgcrypt-1.12.2 -ffile-prefix-map=C:/ag-e138920f/tc-cpp-guard-01=/usr/src/toolchain -fdebug-prefix-map=C:/ag-e138920f/tc-cpp-guard-01=/usr/src/toolchain -fmacro-prefix-map=C:/ag-e138920f/tc-cpp-guard-01=/usr/src/toolchain -ffile-prefix-map=C:/ap10-ca5f/git-full-01/bootstrap=/usr -fdebug-prefix-map=C:/ap10-ca5f/git-full-01/bootstrap=/usr -fmacro-prefix-map=C:/ap10-ca5f/git-full-01/bootstrap=/usr -fno-delete-null-pointer-checks -Wall -no-install -L/c/ap13-dcb/gnupg-core-01/builds/libgcrypt-1.12.2-1-02/sdk/usr/lib -Wl,--no-insert-timestamp -o t-mldsa.exe t-mldsa.o ../src/libgcrypt.la ../compat/libcompat.la -lgpg-error  
libtool: warning: '-no-install' is ignored for aarch64-pc-cygwin
libtool: warning: assuming '-no-fast-install' instead
libtool: link: gcc -O2 -g -std=gnu17 -fstack-protector-strong -ffile-prefix-map=C:/ap13-dcb/gnupg-core-01/builds/libgcrypt-1.12.2-1-02=/usr/src/debug/libgcrypt-1.12.2 -fdebug-prefix-map=C:/ap13-dcb/gnupg-core-01/builds/libgcrypt-1.12.2-1-02=/usr/src/debug/libgcrypt-1.12.2 -fmacro-prefix-map=C:/ap13-dcb/gnupg-core-01/builds/libgcrypt-1.12.2-1-02=/usr/src/debug/libgcrypt-1.12.2 -ffile-prefix-map=C:/ag-e138920f/tc-cpp-guard-01=/usr/src/toolchain -fdebug-prefix-map=C:/ag-e138920f/tc-cpp-guard-01=/usr/src/toolchain -fmacro-prefix-map=C:/ag-e138920f/tc-cpp-guard-01=/usr/src/toolchain -ffile-prefix-map=C:/ap10-ca5f/git-full-01/bootstrap=/usr -fdebug-prefix-map=C:/ap10-ca5f/git-full-01/bootstrap=/usr -fmacro-prefix-map=C:/ap10-ca5f/git-full-01/bootstrap=/usr -fno-delete-null-pointer-checks -Wall -Wl,--no-insert-timestamp -o .libs/t-mldsa.exe t-mldsa.o  -L/c/ap13-dcb/gnupg-core-01/builds/libgcrypt-1.12.2-1-02/sdk/usr/lib ../src/.libs/libgcrypt.dll.a ../compat/.libs/libcompat.a -lgpg-error -L/c/ap13-dcb/gnupg-core-01/builds/libgcrypt-1.12.2-1-02/build/libgcrypt/src/libgcrypt-1.12.2/src/.libs
gcc -DHAVE_CONFIG_H -I. -I..  -I../src -I../src -I/c/ap13-dcb/gnupg-core-01/builds/libgcrypt-1.12.2-1-02/sdk/usr/include  -O2 -g -std=gnu17 -fstack-protector-strong -ffile-prefix-map=C:/ap13-dcb/gnupg-core-01/builds/libgcrypt-1.12.2-1-02=/usr/src/debug/libgcrypt-1.12.2 -fdebug-prefix-map=C:/ap13-dcb/gnupg-core-01/builds/libgcrypt-1.12.2-1-02=/usr/src/debug/libgcrypt-1.12.2 -fmacro-prefix-map=C:/ap13-dcb/gnupg-core-01/builds/libgcrypt-1.12.2-1-02=/usr/src/debug/libgcrypt-1.12.2 -ffile-prefix-map=C:/ag-e138920f/tc-cpp-guard-01=/usr/src/toolchain -fdebug-prefix-map=C:/ag-e138920f/tc-cpp-guard-01=/usr/src/toolchain -fmacro-prefix-map=C:/ag-e138920f/tc-cpp-guard-01=/usr/src/toolchain -ffile-prefix-map=C:/ap10-ca5f/git-full-01/bootstrap=/usr -fdebug-prefix-map=C:/ap10-ca5f/git-full-01/bootstrap=/usr -fmacro-prefix-map=C:/ap10-ca5f/git-full-01/bootstrap=/usr -fno-delete-null-pointer-checks -Wall -MT benchmark.o -MD -MP -MF .deps/benchmark.Tpo -c -o benchmark.o benchmark.c
mv -f .deps/benchmark.Tpo .deps/benchmark.Po
/bin/sh ../libtool  --tag=CC   --mode=link gcc  -O2 -g -std=gnu17 -fstack-protector-strong -ffile-prefix-map=C:/ap13-dcb/gnupg-core-01/builds/libgcrypt-1.12.2-1-02=/usr/src/debug/libgcrypt-1.12.2 -fdebug-prefix-map=C:/ap13-dcb/gnupg-core-01/builds/libgcrypt-1.12.2-1-02=/usr/src/debug/libgcrypt-1.12.2 -fmacro-prefix-map=C:/ap13-dcb/gnupg-core-01/builds/libgcrypt-1.12.2-1-02=/usr/src/debug/libgcrypt-1.12.2 -ffile-prefix-map=C:/ag-e138920f/tc-cpp-guard-01=/usr/src/toolchain -fdebug-prefix-map=C:/ag-e138920f/tc-cpp-guard-01=/usr/src/toolchain -fmacro-prefix-map=C:/ag-e138920f/tc-cpp-guard-01=/usr/src/toolchain -ffile-prefix-map=C:/ap10-ca5f/git-full-01/bootstrap=/usr -fdebug-prefix-map=C:/ap10-ca5f/git-full-01/bootstrap=/usr -fmacro-prefix-map=C:/ap10-ca5f/git-full-01/bootstrap=/usr -fno-delete-null-pointer-checks -Wall -no-install -L/c/ap13-dcb/gnupg-core-01/builds/libgcrypt-1.12.2-1-02/sdk/usr/lib -Wl,--no-insert-timestamp -o benchmark.exe benchmark.o ../src/libgcrypt.la ../compat/libcompat.la -lgpg-error  
libtool: warning: '-no-install' is ignored for aarch64-pc-cygwin
libtool: warning: assuming '-no-fast-install' instead
libtool: link: gcc -O2 -g -std=gnu17 -fstack-protector-strong -ffile-prefix-map=C:/ap13-dcb/gnupg-core-01/builds/libgcrypt-1.12.2-1-02=/usr/src/debug/libgcrypt-1.12.2 -fdebug-prefix-map=C:/ap13-dcb/gnupg-core-01/builds/libgcrypt-1.12.2-1-02=/usr/src/debug/libgcrypt-1.12.2 -fmacro-prefix-map=C:/ap13-dcb/gnupg-core-01/builds/libgcrypt-1.12.2-1-02=/usr/src/debug/libgcrypt-1.12.2 -ffile-prefix-map=C:/ag-e138920f/tc-cpp-guard-01=/usr/src/toolchain -fdebug-prefix-map=C:/ag-e138920f/tc-cpp-guard-01=/usr/src/toolchain -fmacro-prefix-map=C:/ag-e138920f/tc-cpp-guard-01=/usr/src/toolchain -ffile-prefix-map=C:/ap10-ca5f/git-full-01/bootstrap=/usr -fdebug-prefix-map=C:/ap10-ca5f/git-full-01/bootstrap=/usr -fmacro-prefix-map=C:/ap10-ca5f/git-full-01/bootstrap=/usr -fno-delete-null-pointer-checks -Wall -Wl,--no-insert-timestamp -o .libs/benchmark.exe benchmark.o  -L/c/ap13-dcb/gnupg-core-01/builds/libgcrypt-1.12.2-1-02/sdk/usr/lib ../src/.libs/libgcrypt.dll.a ../compat/.libs/libcompat.a -lgpg-error -L/c/ap13-dcb/gnupg-core-01/builds/libgcrypt-1.12.2-1-02/build/libgcrypt/src/libgcrypt-1.12.2/src/.libs
gcc -DHAVE_CONFIG_H -I. -I..  -I../src -I../src -I/c/ap13-dcb/gnupg-core-01/builds/libgcrypt-1.12.2-1-02/sdk/usr/include  -O2 -g -std=gnu17 -fstack-protector-strong -ffile-prefix-map=C:/ap13-dcb/gnupg-core-01/builds/libgcrypt-1.12.2-1-02=/usr/src/debug/libgcrypt-1.12.2 -fdebug-prefix-map=C:/ap13-dcb/gnupg-core-01/builds/libgcrypt-1.12.2-1-02=/usr/src/debug/libgcrypt-1.12.2 -fmacro-prefix-map=C:/ap13-dcb/gnupg-core-01/builds/libgcrypt-1.12.2-1-02=/usr/src/debug/libgcrypt-1.12.2 -ffile-prefix-map=C:/ag-e138920f/tc-cpp-guard-01=/usr/src/toolchain -fdebug-prefix-map=C:/ag-e138920f/tc-cpp-guard-01=/usr/src/toolchain -fmacro-prefix-map=C:/ag-e138920f/tc-cpp-guard-01=/usr/src/toolchain -ffile-prefix-map=C:/ap10-ca5f/git-full-01/bootstrap=/usr -fdebug-prefix-map=C:/ap10-ca5f/git-full-01/bootstrap=/usr -fmacro-prefix-map=C:/ap10-ca5f/git-full-01/bootstrap=/usr -fno-delete-null-pointer-checks -Wall -MT bench-slope.o -MD -MP -MF .deps/bench-slope.Tpo -c -o bench-slope.o bench-slope.c
mv -f .deps/bench-slope.Tpo .deps/bench-slope.Po
/bin/sh ../libtool  --tag=CC   --mode=link gcc  -O2 -g -std=gnu17 -fstack-protector-strong -ffile-prefix-map=C:/ap13-dcb/gnupg-core-01/builds/libgcrypt-1.12.2-1-02=/usr/src/debug/libgcrypt-1.12.2 -fdebug-prefix-map=C:/ap13-dcb/gnupg-core-01/builds/libgcrypt-1.12.2-1-02=/usr/src/debug/libgcrypt-1.12.2 -fmacro-prefix-map=C:/ap13-dcb/gnupg-core-01/builds/libgcrypt-1.12.2-1-02=/usr/src/debug/libgcrypt-1.12.2 -ffile-prefix-map=C:/ag-e138920f/tc-cpp-guard-01=/usr/src/toolchain -fdebug-prefix-map=C:/ag-e138920f/tc-cpp-guard-01=/usr/src/toolchain -fmacro-prefix-map=C:/ag-e138920f/tc-cpp-guard-01=/usr/src/toolchain -ffile-prefix-map=C:/ap10-ca5f/git-full-01/bootstrap=/usr -fdebug-prefix-map=C:/ap10-ca5f/git-full-01/bootstrap=/usr -fmacro-prefix-map=C:/ap10-ca5f/git-full-01/bootstrap=/usr -fno-delete-null-pointer-checks -Wall -no-install -L/c/ap13-dcb/gnupg-core-01/builds/libgcrypt-1.12.2-1-02/sdk/usr/lib -Wl,--no-insert-timestamp -o bench-slope.exe bench-slope.o ../src/libgcrypt.la ../compat/libcompat.la -lgpg-error  
libtool: warning: '-no-install' is ignored for aarch64-pc-cygwin
libtool: warning: assuming '-no-fast-install' instead
libtool: link: gcc -O2 -g -std=gnu17 -fstack-protector-strong -ffile-prefix-map=C:/ap13-dcb/gnupg-core-01/builds/libgcrypt-1.12.2-1-02=/usr/src/debug/libgcrypt-1.12.2 -fdebug-prefix-map=C:/ap13-dcb/gnupg-core-01/builds/libgcrypt-1.12.2-1-02=/usr/src/debug/libgcrypt-1.12.2 -fmacro-prefix-map=C:/ap13-dcb/gnupg-core-01/builds/libgcrypt-1.12.2-1-02=/usr/src/debug/libgcrypt-1.12.2 -ffile-prefix-map=C:/ag-e138920f/tc-cpp-guard-01=/usr/src/toolchain -fdebug-prefix-map=C:/ag-e138920f/tc-cpp-guard-01=/usr/src/toolchain -fmacro-prefix-map=C:/ag-e138920f/tc-cpp-guard-01=/usr/src/toolchain -ffile-prefix-map=C:/ap10-ca5f/git-full-01/bootstrap=/usr -fdebug-prefix-map=C:/ap10-ca5f/git-full-01/bootstrap=/usr -fmacro-prefix-map=C:/ap10-ca5f/git-full-01/bootstrap=/usr -fno-delete-null-pointer-checks -Wall -Wl,--no-insert-timestamp -o .libs/bench-slope.exe bench-slope.o  -L/c/ap13-dcb/gnupg-core-01/builds/libgcrypt-1.12.2-1-02/sdk/usr/lib ../src/.libs/libgcrypt.dll.a ../compat/.libs/libcompat.a -lgpg-error -L/c/ap13-dcb/gnupg-core-01/builds/libgcrypt-1.12.2-1-02/build/libgcrypt/src/libgcrypt-1.12.2/src/.libs
gcc -DHAVE_CONFIG_H -I. -I..  -I../src -I../src -I/c/ap13-dcb/gnupg-core-01/builds/libgcrypt-1.12.2-1-02/sdk/usr/include  -O2 -g -std=gnu17 -fstack-protector-strong -ffile-prefix-map=C:/ap13-dcb/gnupg-core-01/builds/libgcrypt-1.12.2-1-02=/usr/src/debug/libgcrypt-1.12.2 -fdebug-prefix-map=C:/ap13-dcb/gnupg-core-01/builds/libgcrypt-1.12.2-1-02=/usr/src/debug/libgcrypt-1.12.2 -fmacro-prefix-map=C:/ap13-dcb/gnupg-core-01/builds/libgcrypt-1.12.2-1-02=/usr/src/debug/libgcrypt-1.12.2 -ffile-prefix-map=C:/ag-e138920f/tc-cpp-guard-01=/usr/src/toolchain -fdebug-prefix-map=C:/ag-e138920f/tc-cpp-guard-01=/usr/src/toolchain -fmacro-prefix-map=C:/ag-e138920f/tc-cpp-guard-01=/usr/src/toolchain -ffile-prefix-map=C:/ap10-ca5f/git-full-01/bootstrap=/usr -fdebug-prefix-map=C:/ap10-ca5f/git-full-01/bootstrap=/usr -fmacro-prefix-map=C:/ap10-ca5f/git-full-01/bootstrap=/usr -fno-delete-null-pointer-checks -Wall -MT fipsdrv.o -MD -MP -MF .deps/fipsdrv.Tpo -c -o fipsdrv.o fipsdrv.c
In file included from fipsdrv.c:28:
fipsdrv.c: In function 'hex2bin':
fipsdrv.c:170:44: warning: array subscript has type 'char' [-Wchar-subscripts]
  170 |   if (*s && (!my_isascii (*s) || !isspace (*s)) )
      |                                            ^~
fipsdrv.c: In function 'read_textline':
fipsdrv.c:228:45: warning: array subscript has type 'char' [-Wchar-subscripts]
  228 |             if (my_isascii (*p) && isspace (*p))
      |                                             ^~
mv -f .deps/fipsdrv.Tpo .deps/fipsdrv.Po
/bin/sh ../libtool  --tag=CC   --mode=link gcc  -O2 -g -std=gnu17 -fstack-protector-strong -ffile-prefix-map=C:/ap13-dcb/gnupg-core-01/builds/libgcrypt-1.12.2-1-02=/usr/src/debug/libgcrypt-1.12.2 -fdebug-prefix-map=C:/ap13-dcb/gnupg-core-01/builds/libgcrypt-1.12.2-1-02=/usr/src/debug/libgcrypt-1.12.2 -fmacro-prefix-map=C:/ap13-dcb/gnupg-core-01/builds/libgcrypt-1.12.2-1-02=/usr/src/debug/libgcrypt-1.12.2 -ffile-prefix-map=C:/ag-e138920f/tc-cpp-guard-01=/usr/src/toolchain -fdebug-prefix-map=C:/ag-e138920f/tc-cpp-guard-01=/usr/src/toolchain -fmacro-prefix-map=C:/ag-e138920f/tc-cpp-guard-01=/usr/src/toolchain -ffile-prefix-map=C:/ap10-ca5f/git-full-01/bootstrap=/usr -fdebug-prefix-map=C:/ap10-ca5f/git-full-01/bootstrap=/usr -fmacro-prefix-map=C:/ap10-ca5f/git-full-01/bootstrap=/usr -fno-delete-null-pointer-checks -Wall -no-install -L/c/ap13-dcb/gnupg-core-01/builds/libgcrypt-1.12.2-1-02/sdk/usr/lib -Wl,--no-insert-timestamp -o fipsdrv.exe fipsdrv.o ../src/libgcrypt.la ../compat/libcompat.la -lgpg-error  
libtool: warning: '-no-install' is ignored for aarch64-pc-cygwin
libtool: warning: assuming '-no-fast-install' instead
libtool: link: gcc -O2 -g -std=gnu17 -fstack-protector-strong -ffile-prefix-map=C:/ap13-dcb/gnupg-core-01/builds/libgcrypt-1.12.2-1-02=/usr/src/debug/libgcrypt-1.12.2 -fdebug-prefix-map=C:/ap13-dcb/gnupg-core-01/builds/libgcrypt-1.12.2-1-02=/usr/src/debug/libgcrypt-1.12.2 -fmacro-prefix-map=C:/ap13-dcb/gnupg-core-01/builds/libgcrypt-1.12.2-1-02=/usr/src/debug/libgcrypt-1.12.2 -ffile-prefix-map=C:/ag-e138920f/tc-cpp-guard-01=/usr/src/toolchain -fdebug-prefix-map=C:/ag-e138920f/tc-cpp-guard-01=/usr/src/toolchain -fmacro-prefix-map=C:/ag-e138920f/tc-cpp-guard-01=/usr/src/toolchain -ffile-prefix-map=C:/ap10-ca5f/git-full-01/bootstrap=/usr -fdebug-prefix-map=C:/ap10-ca5f/git-full-01/bootstrap=/usr -fmacro-prefix-map=C:/ap10-ca5f/git-full-01/bootstrap=/usr -fno-delete-null-pointer-checks -Wall -Wl,--no-insert-timestamp -o .libs/fipsdrv.exe fipsdrv.o  -L/c/ap13-dcb/gnupg-core-01/builds/libgcrypt-1.12.2-1-02/sdk/usr/lib ../src/.libs/libgcrypt.dll.a ../compat/.libs/libcompat.a -lgpg-error -L/c/ap13-dcb/gnupg-core-01/builds/libgcrypt-1.12.2-1-02/build/libgcrypt/src/libgcrypt-1.12.2/src/.libs
gcc -DHAVE_CONFIG_H -I. -I..  -I../src -I../src -I/c/ap13-dcb/gnupg-core-01/builds/libgcrypt-1.12.2-1-02/sdk/usr/include  -O2 -g -std=gnu17 -fstack-protector-strong -ffile-prefix-map=C:/ap13-dcb/gnupg-core-01/builds/libgcrypt-1.12.2-1-02=/usr/src/debug/libgcrypt-1.12.2 -fdebug-prefix-map=C:/ap13-dcb/gnupg-core-01/builds/libgcrypt-1.12.2-1-02=/usr/src/debug/libgcrypt-1.12.2 -fmacro-prefix-map=C:/ap13-dcb/gnupg-core-01/builds/libgcrypt-1.12.2-1-02=/usr/src/debug/libgcrypt-1.12.2 -ffile-prefix-map=C:/ag-e138920f/tc-cpp-guard-01=/usr/src/toolchain -fdebug-prefix-map=C:/ag-e138920f/tc-cpp-guard-01=/usr/src/toolchain -fmacro-prefix-map=C:/ag-e138920f/tc-cpp-guard-01=/usr/src/toolchain -ffile-prefix-map=C:/ap10-ca5f/git-full-01/bootstrap=/usr -fdebug-prefix-map=C:/ap10-ca5f/git-full-01/bootstrap=/usr -fmacro-prefix-map=C:/ap10-ca5f/git-full-01/bootstrap=/usr -fno-delete-null-pointer-checks -Wall -MT rsacvt.o -MD -MP -MF .deps/rsacvt.Tpo -c -o rsacvt.o rsacvt.c
In file included from rsacvt.c:45:
rsacvt.c: In function 'read_textline':
rsacvt.c:101:45: warning: array subscript has type 'char' [-Wchar-subscripts]
  101 |             if (my_isascii (*p) && isspace (*p))
      |                                             ^~
mv -f .deps/rsacvt.Tpo .deps/rsacvt.Po
/bin/sh ../libtool  --tag=CC   --mode=link gcc  -O2 -g -std=gnu17 -fstack-protector-strong -ffile-prefix-map=C:/ap13-dcb/gnupg-core-01/builds/libgcrypt-1.12.2-1-02=/usr/src/debug/libgcrypt-1.12.2 -fdebug-prefix-map=C:/ap13-dcb/gnupg-core-01/builds/libgcrypt-1.12.2-1-02=/usr/src/debug/libgcrypt-1.12.2 -fmacro-prefix-map=C:/ap13-dcb/gnupg-core-01/builds/libgcrypt-1.12.2-1-02=/usr/src/debug/libgcrypt-1.12.2 -ffile-prefix-map=C:/ag-e138920f/tc-cpp-guard-01=/usr/src/toolchain -fdebug-prefix-map=C:/ag-e138920f/tc-cpp-guard-01=/usr/src/toolchain -fmacro-prefix-map=C:/ag-e138920f/tc-cpp-guard-01=/usr/src/toolchain -ffile-prefix-map=C:/ap10-ca5f/git-full-01/bootstrap=/usr -fdebug-prefix-map=C:/ap10-ca5f/git-full-01/bootstrap=/usr -fmacro-prefix-map=C:/ap10-ca5f/git-full-01/bootstrap=/usr -fno-delete-null-pointer-checks -Wall -no-install -L/c/ap13-dcb/gnupg-core-01/builds/libgcrypt-1.12.2-1-02/sdk/usr/lib -Wl,--no-insert-timestamp -o rsacvt.exe rsacvt.o ../src/libgcrypt.la ../compat/libcompat.la -lgpg-error  
libtool: warning: '-no-install' is ignored for aarch64-pc-cygwin
libtool: warning: assuming '-no-fast-install' instead
libtool: link: gcc -O2 -g -std=gnu17 -fstack-protector-strong -ffile-prefix-map=C:/ap13-dcb/gnupg-core-01/builds/libgcrypt-1.12.2-1-02=/usr/src/debug/libgcrypt-1.12.2 -fdebug-prefix-map=C:/ap13-dcb/gnupg-core-01/builds/libgcrypt-1.12.2-1-02=/usr/src/debug/libgcrypt-1.12.2 -fmacro-prefix-map=C:/ap13-dcb/gnupg-core-01/builds/libgcrypt-1.12.2-1-02=/usr/src/debug/libgcrypt-1.12.2 -ffile-prefix-map=C:/ag-e138920f/tc-cpp-guard-01=/usr/src/toolchain -fdebug-prefix-map=C:/ag-e138920f/tc-cpp-guard-01=/usr/src/toolchain -fmacro-prefix-map=C:/ag-e138920f/tc-cpp-guard-01=/usr/src/toolchain -ffile-prefix-map=C:/ap10-ca5f/git-full-01/bootstrap=/usr -fdebug-prefix-map=C:/ap10-ca5f/git-full-01/bootstrap=/usr -fmacro-prefix-map=C:/ap10-ca5f/git-full-01/bootstrap=/usr -fno-delete-null-pointer-checks -Wall -Wl,--no-insert-timestamp -o .libs/rsacvt.exe rsacvt.o  -L/c/ap13-dcb/gnupg-core-01/builds/libgcrypt-1.12.2-1-02/sdk/usr/lib ../src/.libs/libgcrypt.dll.a ../compat/.libs/libcompat.a -lgpg-error -L/c/ap13-dcb/gnupg-core-01/builds/libgcrypt-1.12.2-1-02/build/libgcrypt/src/libgcrypt-1.12.2/src/.libs
gcc -DHAVE_CONFIG_H -I. -I..  -I../src -I../src -I/c/ap13-dcb/gnupg-core-01/builds/libgcrypt-1.12.2-1-02/sdk/usr/include  -O2 -g -std=gnu17 -fstack-protector-strong -ffile-prefix-map=C:/ap13-dcb/gnupg-core-01/builds/libgcrypt-1.12.2-1-02=/usr/src/debug/libgcrypt-1.12.2 -fdebug-prefix-map=C:/ap13-dcb/gnupg-core-01/builds/libgcrypt-1.12.2-1-02=/usr/src/debug/libgcrypt-1.12.2 -fmacro-prefix-map=C:/ap13-dcb/gnupg-core-01/builds/libgcrypt-1.12.2-1-02=/usr/src/debug/libgcrypt-1.12.2 -ffile-prefix-map=C:/ag-e138920f/tc-cpp-guard-01=/usr/src/toolchain -fdebug-prefix-map=C:/ag-e138920f/tc-cpp-guard-01=/usr/src/toolchain -fmacro-prefix-map=C:/ag-e138920f/tc-cpp-guard-01=/usr/src/toolchain -ffile-prefix-map=C:/ap10-ca5f/git-full-01/bootstrap=/usr -fdebug-prefix-map=C:/ap10-ca5f/git-full-01/bootstrap=/usr -fmacro-prefix-map=C:/ap10-ca5f/git-full-01/bootstrap=/usr -fno-delete-null-pointer-checks -Wall -MT genhashdata.o -MD -MP -MF .deps/genhashdata.Tpo -c -o genhashdata.o genhashdata.c
mv -f .deps/genhashdata.Tpo .deps/genhashdata.Po
/bin/sh ../libtool  --tag=CC   --mode=link gcc  -O2 -g -std=gnu17 -fstack-protector-strong -ffile-prefix-map=C:/ap13-dcb/gnupg-core-01/builds/libgcrypt-1.12.2-1-02=/usr/src/debug/libgcrypt-1.12.2 -fdebug-prefix-map=C:/ap13-dcb/gnupg-core-01/builds/libgcrypt-1.12.2-1-02=/usr/src/debug/libgcrypt-1.12.2 -fmacro-prefix-map=C:/ap13-dcb/gnupg-core-01/builds/libgcrypt-1.12.2-1-02=/usr/src/debug/libgcrypt-1.12.2 -ffile-prefix-map=C:/ag-e138920f/tc-cpp-guard-01=/usr/src/toolchain -fdebug-prefix-map=C:/ag-e138920f/tc-cpp-guard-01=/usr/src/toolchain -fmacro-prefix-map=C:/ag-e138920f/tc-cpp-guard-01=/usr/src/toolchain -ffile-prefix-map=C:/ap10-ca5f/git-full-01/bootstrap=/usr -fdebug-prefix-map=C:/ap10-ca5f/git-full-01/bootstrap=/usr -fmacro-prefix-map=C:/ap10-ca5f/git-full-01/bootstrap=/usr -fno-delete-null-pointer-checks -Wall -no-install -L/c/ap13-dcb/gnupg-core-01/builds/libgcrypt-1.12.2-1-02/sdk/usr/lib -Wl,--no-insert-timestamp -o genhashdata.exe genhashdata.o ../src/libgcrypt.la ../compat/libcompat.la -lgpg-error  
libtool: warning: '-no-install' is ignored for aarch64-pc-cygwin
libtool: warning: assuming '-no-fast-install' instead
libtool: link: gcc -O2 -g -std=gnu17 -fstack-protector-strong -ffile-prefix-map=C:/ap13-dcb/gnupg-core-01/builds/libgcrypt-1.12.2-1-02=/usr/src/debug/libgcrypt-1.12.2 -fdebug-prefix-map=C:/ap13-dcb/gnupg-core-01/builds/libgcrypt-1.12.2-1-02=/usr/src/debug/libgcrypt-1.12.2 -fmacro-prefix-map=C:/ap13-dcb/gnupg-core-01/builds/libgcrypt-1.12.2-1-02=/usr/src/debug/libgcrypt-1.12.2 -ffile-prefix-map=C:/ag-e138920f/tc-cpp-guard-01=/usr/src/toolchain -fdebug-prefix-map=C:/ag-e138920f/tc-cpp-guard-01=/usr/src/toolchain -fmacro-prefix-map=C:/ag-e138920f/tc-cpp-guard-01=/usr/src/toolchain -ffile-prefix-map=C:/ap10-ca5f/git-full-01/bootstrap=/usr -fdebug-prefix-map=C:/ap10-ca5f/git-full-01/bootstrap=/usr -fmacro-prefix-map=C:/ap10-ca5f/git-full-01/bootstrap=/usr -fno-delete-null-pointer-checks -Wall -Wl,--no-insert-timestamp -o .libs/genhashdata.exe genhashdata.o  -L/c/ap13-dcb/gnupg-core-01/builds/libgcrypt-1.12.2-1-02/sdk/usr/lib ../src/.libs/libgcrypt.dll.a ../compat/.libs/libcompat.a -lgpg-error -L/c/ap13-dcb/gnupg-core-01/builds/libgcrypt-1.12.2-1-02/build/libgcrypt/src/libgcrypt-1.12.2/src/.libs
gcc -DHAVE_CONFIG_H -I. -I..  -I../src -I../src -I/c/ap13-dcb/gnupg-core-01/builds/libgcrypt-1.12.2-1-02/sdk/usr/include  -O2 -g -std=gnu17 -fstack-protector-strong -ffile-prefix-map=C:/ap13-dcb/gnupg-core-01/builds/libgcrypt-1.12.2-1-02=/usr/src/debug/libgcrypt-1.12.2 -fdebug-prefix-map=C:/ap13-dcb/gnupg-core-01/builds/libgcrypt-1.12.2-1-02=/usr/src/debug/libgcrypt-1.12.2 -fmacro-prefix-map=C:/ap13-dcb/gnupg-core-01/builds/libgcrypt-1.12.2-1-02=/usr/src/debug/libgcrypt-1.12.2 -ffile-prefix-map=C:/ag-e138920f/tc-cpp-guard-01=/usr/src/toolchain -fdebug-prefix-map=C:/ag-e138920f/tc-cpp-guard-01=/usr/src/toolchain -fmacro-prefix-map=C:/ag-e138920f/tc-cpp-guard-01=/usr/src/toolchain -ffile-prefix-map=C:/ap10-ca5f/git-full-01/bootstrap=/usr -fdebug-prefix-map=C:/ap10-ca5f/git-full-01/bootstrap=/usr -fmacro-prefix-map=C:/ap10-ca5f/git-full-01/bootstrap=/usr -fno-delete-null-pointer-checks -Wall -MT gchash.o -MD -MP -MF .deps/gchash.Tpo -c -o gchash.o gchash.c
mv -f .deps/gchash.Tpo .deps/gchash.Po
/bin/sh ../libtool  --tag=CC   --mode=link gcc  -O2 -g -std=gnu17 -fstack-protector-strong -ffile-prefix-map=C:/ap13-dcb/gnupg-core-01/builds/libgcrypt-1.12.2-1-02=/usr/src/debug/libgcrypt-1.12.2 -fdebug-prefix-map=C:/ap13-dcb/gnupg-core-01/builds/libgcrypt-1.12.2-1-02=/usr/src/debug/libgcrypt-1.12.2 -fmacro-prefix-map=C:/ap13-dcb/gnupg-core-01/builds/libgcrypt-1.12.2-1-02=/usr/src/debug/libgcrypt-1.12.2 -ffile-prefix-map=C:/ag-e138920f/tc-cpp-guard-01=/usr/src/toolchain -fdebug-prefix-map=C:/ag-e138920f/tc-cpp-guard-01=/usr/src/toolchain -fmacro-prefix-map=C:/ag-e138920f/tc-cpp-guard-01=/usr/src/toolchain -ffile-prefix-map=C:/ap10-ca5f/git-full-01/bootstrap=/usr -fdebug-prefix-map=C:/ap10-ca5f/git-full-01/bootstrap=/usr -fmacro-prefix-map=C:/ap10-ca5f/git-full-01/bootstrap=/usr -fno-delete-null-pointer-checks -Wall -no-install -L/c/ap13-dcb/gnupg-core-01/builds/libgcrypt-1.12.2-1-02/sdk/usr/lib -Wl,--no-insert-timestamp -o gchash.exe gchash.o ../src/libgcrypt.la ../compat/libcompat.la -lgpg-error  
libtool: warning: '-no-install' is ignored for aarch64-pc-cygwin
libtool: warning: assuming '-no-fast-install' instead
libtool: link: gcc -O2 -g -std=gnu17 -fstack-protector-strong -ffile-prefix-map=C:/ap13-dcb/gnupg-core-01/builds/libgcrypt-1.12.2-1-02=/usr/src/debug/libgcrypt-1.12.2 -fdebug-prefix-map=C:/ap13-dcb/gnupg-core-01/builds/libgcrypt-1.12.2-1-02=/usr/src/debug/libgcrypt-1.12.2 -fmacro-prefix-map=C:/ap13-dcb/gnupg-core-01/builds/libgcrypt-1.12.2-1-02=/usr/src/debug/libgcrypt-1.12.2 -ffile-prefix-map=C:/ag-e138920f/tc-cpp-guard-01=/usr/src/toolchain -fdebug-prefix-map=C:/ag-e138920f/tc-cpp-guard-01=/usr/src/toolchain -fmacro-prefix-map=C:/ag-e138920f/tc-cpp-guard-01=/usr/src/toolchain -ffile-prefix-map=C:/ap10-ca5f/git-full-01/bootstrap=/usr -fdebug-prefix-map=C:/ap10-ca5f/git-full-01/bootstrap=/usr -fmacro-prefix-map=C:/ap10-ca5f/git-full-01/bootstrap=/usr -fno-delete-null-pointer-checks -Wall -Wl,--no-insert-timestamp -o .libs/gchash.exe gchash.o  -L/c/ap13-dcb/gnupg-core-01/builds/libgcrypt-1.12.2-1-02/sdk/usr/lib ../src/.libs/libgcrypt.dll.a ../compat/.libs/libcompat.a -lgpg-error -L/c/ap13-dcb/gnupg-core-01/builds/libgcrypt-1.12.2-1-02/build/libgcrypt/src/libgcrypt-1.12.2/src/.libs
make[2]: Leaving directory '/c/ap13-dcb/gnupg-core-01/builds/libgcrypt-1.12.2-1-02/build/libgcrypt/src/libgcrypt-1.12.2/tests'
make[2]: Entering directory '/c/ap13-dcb/gnupg-core-01/builds/libgcrypt-1.12.2-1-02/build/libgcrypt/src/libgcrypt-1.12.2'
make[2]: Leaving directory '/c/ap13-dcb/gnupg-core-01/builds/libgcrypt-1.12.2-1-02/build/libgcrypt/src/libgcrypt-1.12.2'
make[1]: Leaving directory '/c/ap13-dcb/gnupg-core-01/builds/libgcrypt-1.12.2-1-02/build/libgcrypt/src/libgcrypt-1.12.2'
Making install in compat
make[1]: Entering directory '/c/ap13-dcb/gnupg-core-01/builds/libgcrypt-1.12.2-1-02/build/libgcrypt/src/libgcrypt-1.12.2/compat'
make[2]: Entering directory '/c/ap13-dcb/gnupg-core-01/builds/libgcrypt-1.12.2-1-02/build/libgcrypt/src/libgcrypt-1.12.2/compat'
make[2]: Nothing to be done for 'install-exec-am'.
make[2]: Nothing to be done for 'install-data-am'.
make[2]: Leaving directory '/c/ap13-dcb/gnupg-core-01/builds/libgcrypt-1.12.2-1-02/build/libgcrypt/src/libgcrypt-1.12.2/compat'
make[1]: Leaving directory '/c/ap13-dcb/gnupg-core-01/builds/libgcrypt-1.12.2-1-02/build/libgcrypt/src/libgcrypt-1.12.2/compat'
Making install in mpi
make[1]: Entering directory '/c/ap13-dcb/gnupg-core-01/builds/libgcrypt-1.12.2-1-02/build/libgcrypt/src/libgcrypt-1.12.2/mpi'
make[2]: Entering directory '/c/ap13-dcb/gnupg-core-01/builds/libgcrypt-1.12.2-1-02/build/libgcrypt/src/libgcrypt-1.12.2/mpi'
make[2]: Nothing to be done for 'install-exec-am'.
make[2]: Nothing to be done for 'install-data-am'.
make[2]: Leaving directory '/c/ap13-dcb/gnupg-core-01/builds/libgcrypt-1.12.2-1-02/build/libgcrypt/src/libgcrypt-1.12.2/mpi'
make[1]: Leaving directory '/c/ap13-dcb/gnupg-core-01/builds/libgcrypt-1.12.2-1-02/build/libgcrypt/src/libgcrypt-1.12.2/mpi'
Making install in cipher
make[1]: Entering directory '/c/ap13-dcb/gnupg-core-01/builds/libgcrypt-1.12.2-1-02/build/libgcrypt/src/libgcrypt-1.12.2/cipher'
make[2]: Entering directory '/c/ap13-dcb/gnupg-core-01/builds/libgcrypt-1.12.2-1-02/build/libgcrypt/src/libgcrypt-1.12.2/cipher'
make[2]: Nothing to be done for 'install-exec-am'.
make[2]: Nothing to be done for 'install-data-am'.
make[2]: Leaving directory '/c/ap13-dcb/gnupg-core-01/builds/libgcrypt-1.12.2-1-02/build/libgcrypt/src/libgcrypt-1.12.2/cipher'
make[1]: Leaving directory '/c/ap13-dcb/gnupg-core-01/builds/libgcrypt-1.12.2-1-02/build/libgcrypt/src/libgcrypt-1.12.2/cipher'
Making install in random
make[1]: Entering directory '/c/ap13-dcb/gnupg-core-01/builds/libgcrypt-1.12.2-1-02/build/libgcrypt/src/libgcrypt-1.12.2/random'
make[2]: Entering directory '/c/ap13-dcb/gnupg-core-01/builds/libgcrypt-1.12.2-1-02/build/libgcrypt/src/libgcrypt-1.12.2/random'
make[2]: Nothing to be done for 'install-exec-am'.
make[2]: Nothing to be done for 'install-data-am'.
make[2]: Leaving directory '/c/ap13-dcb/gnupg-core-01/builds/libgcrypt-1.12.2-1-02/build/libgcrypt/src/libgcrypt-1.12.2/random'
make[1]: Leaving directory '/c/ap13-dcb/gnupg-core-01/builds/libgcrypt-1.12.2-1-02/build/libgcrypt/src/libgcrypt-1.12.2/random'
Making install in src
make[1]: Entering directory '/c/ap13-dcb/gnupg-core-01/builds/libgcrypt-1.12.2-1-02/build/libgcrypt/src/libgcrypt-1.12.2/src'
make[2]: Entering directory '/c/ap13-dcb/gnupg-core-01/builds/libgcrypt-1.12.2-1-02/build/libgcrypt/src/libgcrypt-1.12.2/src'
 /usr/bin/mkdir -p '/c/ap13-dcb/gnupg-core-01/builds/libgcrypt-1.12.2-1-02/build/libgcrypt/src/dest/usr/lib'
 /bin/sh ../libtool   --mode=install /usr/bin/install -c   libgcrypt.la '/c/ap13-dcb/gnupg-core-01/builds/libgcrypt-1.12.2-1-02/build/libgcrypt/src/dest/usr/lib'
libtool: install: /usr/bin/install -c .libs/libgcrypt.dll.a /c/ap13-dcb/gnupg-core-01/builds/libgcrypt-1.12.2-1-02/build/libgcrypt/src/dest/usr/lib/libgcrypt.dll.a
libtool: install: base_file=`basename libgcrypt.la`
libtool: install:  dlpath=`/bin/sh 2>&1 -c '. .libs/'libgcrypt.la'i; echo msys-gcrypt-20.dll'`
libtool: install:  dldir=/c/ap13-dcb/gnupg-core-01/builds/libgcrypt-1.12.2-1-02/build/libgcrypt/src/dest/usr/lib/`dirname ../bin/msys-gcrypt-20.dll`
libtool: install:  test -d /c/ap13-dcb/gnupg-core-01/builds/libgcrypt-1.12.2-1-02/build/libgcrypt/src/dest/usr/lib/../bin || mkdir -p /c/ap13-dcb/gnupg-core-01/builds/libgcrypt-1.12.2-1-02/build/libgcrypt/src/dest/usr/lib/../bin
libtool: install:  /usr/bin/install -c .libs/msys-gcrypt-20.dll /c/ap13-dcb/gnupg-core-01/builds/libgcrypt-1.12.2-1-02/build/libgcrypt/src/dest/usr/lib/../bin/msys-gcrypt-20.dll
libtool: install:  chmod a+x /c/ap13-dcb/gnupg-core-01/builds/libgcrypt-1.12.2-1-02/build/libgcrypt/src/dest/usr/lib/../bin/msys-gcrypt-20.dll
libtool: install:  if test -n '' && test -n 'strip --strip-unneeded'; then eval 'strip --strip-unneeded /c/ap13-dcb/gnupg-core-01/builds/libgcrypt-1.12.2-1-02/build/libgcrypt/src/dest/usr/lib/../bin/msys-gcrypt-20.dll' || exit 0; fi
libtool: install: /usr/bin/install -c .libs/libgcrypt.lai /c/ap13-dcb/gnupg-core-01/builds/libgcrypt-1.12.2-1-02/build/libgcrypt/src/dest/usr/lib/libgcrypt.la
libtool: install: /usr/bin/install -c .libs/libgcrypt.a /c/ap13-dcb/gnupg-core-01/builds/libgcrypt-1.12.2-1-02/build/libgcrypt/src/dest/usr/lib/libgcrypt.a
libtool: install: chmod 644 /c/ap13-dcb/gnupg-core-01/builds/libgcrypt-1.12.2-1-02/build/libgcrypt/src/dest/usr/lib/libgcrypt.a
libtool: install: ranlib /c/ap13-dcb/gnupg-core-01/builds/libgcrypt-1.12.2-1-02/build/libgcrypt/src/dest/usr/lib/libgcrypt.a
libtool: warning: remember to run 'libtool --finish /usr/lib'
 /usr/bin/mkdir -p '/c/ap13-dcb/gnupg-core-01/builds/libgcrypt-1.12.2-1-02/build/libgcrypt/src/dest/usr/bin'
  /bin/sh ../libtool   --mode=install /usr/bin/install -c dumpsexp.exe hmac256.exe mpicalc.exe '/c/ap13-dcb/gnupg-core-01/builds/libgcrypt-1.12.2-1-02/build/libgcrypt/src/dest/usr/bin'
libtool: install: /usr/bin/install -c .libs/dumpsexp.exe /c/ap13-dcb/gnupg-core-01/builds/libgcrypt-1.12.2-1-02/build/libgcrypt/src/dest/usr/bin/dumpsexp.exe
libtool: install: /usr/bin/install -c .libs/hmac256.exe /c/ap13-dcb/gnupg-core-01/builds/libgcrypt-1.12.2-1-02/build/libgcrypt/src/dest/usr/bin/hmac256.exe
libtool: warning: 'libgcrypt.la' has not been installed in '/usr/lib'
libtool: install: /usr/bin/install -c .libs/mpicalc.exe /c/ap13-dcb/gnupg-core-01/builds/libgcrypt-1.12.2-1-02/build/libgcrypt/src/dest/usr/bin/mpicalc.exe
 /usr/bin/mkdir -p '/c/ap13-dcb/gnupg-core-01/builds/libgcrypt-1.12.2-1-02/build/libgcrypt/src/dest/usr/bin'
 /usr/bin/install -c libgcrypt-config '/c/ap13-dcb/gnupg-core-01/builds/libgcrypt-1.12.2-1-02/build/libgcrypt/src/dest/usr/bin'
 /usr/bin/mkdir -p '/c/ap13-dcb/gnupg-core-01/builds/libgcrypt-1.12.2-1-02/build/libgcrypt/src/dest/usr/share/aclocal'
 /usr/bin/install -c -m 644 libgcrypt.m4 '/c/ap13-dcb/gnupg-core-01/builds/libgcrypt-1.12.2-1-02/build/libgcrypt/src/dest/usr/share/aclocal'
 /usr/bin/mkdir -p '/c/ap13-dcb/gnupg-core-01/builds/libgcrypt-1.12.2-1-02/build/libgcrypt/src/dest/usr/include'
 /usr/bin/install -c -m 644 gcrypt.h '/c/ap13-dcb/gnupg-core-01/builds/libgcrypt-1.12.2-1-02/build/libgcrypt/src/dest/usr/include'
 /usr/bin/mkdir -p '/c/ap13-dcb/gnupg-core-01/builds/libgcrypt-1.12.2-1-02/build/libgcrypt/src/dest/usr/lib/pkgconfig'
 /usr/bin/install -c -m 644 libgcrypt.pc '/c/ap13-dcb/gnupg-core-01/builds/libgcrypt-1.12.2-1-02/build/libgcrypt/src/dest/usr/lib/pkgconfig'
make[2]: Leaving directory '/c/ap13-dcb/gnupg-core-01/builds/libgcrypt-1.12.2-1-02/build/libgcrypt/src/libgcrypt-1.12.2/src'
make[1]: Leaving directory '/c/ap13-dcb/gnupg-core-01/builds/libgcrypt-1.12.2-1-02/build/libgcrypt/src/libgcrypt-1.12.2/src'
Making install in doc
make[1]: Entering directory '/c/ap13-dcb/gnupg-core-01/builds/libgcrypt-1.12.2-1-02/build/libgcrypt/src/libgcrypt-1.12.2/doc'
make  install-am
make[2]: Entering directory '/c/ap13-dcb/gnupg-core-01/builds/libgcrypt-1.12.2-1-02/build/libgcrypt/src/libgcrypt-1.12.2/doc'
make[3]: Entering directory '/c/ap13-dcb/gnupg-core-01/builds/libgcrypt-1.12.2-1-02/build/libgcrypt/src/libgcrypt-1.12.2/doc'
make[3]: Nothing to be done for 'install-exec-am'.
 /usr/bin/mkdir -p '/c/ap13-dcb/gnupg-core-01/builds/libgcrypt-1.12.2-1-02/build/libgcrypt/src/dest/usr/share/info'
 /usr/bin/install -c -m 644 ./gcrypt.info ./gcrypt.info-1 ./gcrypt.info-2 '/c/ap13-dcb/gnupg-core-01/builds/libgcrypt-1.12.2-1-02/build/libgcrypt/src/dest/usr/share/info'
 install-info --info-dir='/c/ap13-dcb/gnupg-core-01/builds/libgcrypt-1.12.2-1-02/build/libgcrypt/src/dest/usr/share/info' '/c/ap13-dcb/gnupg-core-01/builds/libgcrypt-1.12.2-1-02/build/libgcrypt/src/dest/usr/share/info/gcrypt.info'
 /usr/bin/mkdir -p '/c/ap13-dcb/gnupg-core-01/builds/libgcrypt-1.12.2-1-02/build/libgcrypt/src/dest/usr/share/man/man1'
 /usr/bin/install -c -m 644 hmac256.1 '/c/ap13-dcb/gnupg-core-01/builds/libgcrypt-1.12.2-1-02/build/libgcrypt/src/dest/usr/share/man/man1'
make[3]: Leaving directory '/c/ap13-dcb/gnupg-core-01/builds/libgcrypt-1.12.2-1-02/build/libgcrypt/src/libgcrypt-1.12.2/doc'
make[2]: Leaving directory '/c/ap13-dcb/gnupg-core-01/builds/libgcrypt-1.12.2-1-02/build/libgcrypt/src/libgcrypt-1.12.2/doc'
make[1]: Leaving directory '/c/ap13-dcb/gnupg-core-01/builds/libgcrypt-1.12.2-1-02/build/libgcrypt/src/libgcrypt-1.12.2/doc'
Making install in tests
make[1]: Entering directory '/c/ap13-dcb/gnupg-core-01/builds/libgcrypt-1.12.2-1-02/build/libgcrypt/src/libgcrypt-1.12.2/tests'
make[2]: Entering directory '/c/ap13-dcb/gnupg-core-01/builds/libgcrypt-1.12.2-1-02/build/libgcrypt/src/libgcrypt-1.12.2/tests'
make[2]: Nothing to be done for 'install-exec-am'.
make[2]: Nothing to be done for 'install-data-am'.
make[2]: Leaving directory '/c/ap13-dcb/gnupg-core-01/builds/libgcrypt-1.12.2-1-02/build/libgcrypt/src/libgcrypt-1.12.2/tests'
make[1]: Leaving directory '/c/ap13-dcb/gnupg-core-01/builds/libgcrypt-1.12.2-1-02/build/libgcrypt/src/libgcrypt-1.12.2/tests'
make[1]: Entering directory '/c/ap13-dcb/gnupg-core-01/builds/libgcrypt-1.12.2-1-02/build/libgcrypt/src/libgcrypt-1.12.2'
make[2]: Entering directory '/c/ap13-dcb/gnupg-core-01/builds/libgcrypt-1.12.2-1-02/build/libgcrypt/src/libgcrypt-1.12.2'
make[2]: Nothing to be done for 'install-exec-am'.
make[2]: Nothing to be done for 'install-data-am'.
make[2]: Leaving directory '/c/ap13-dcb/gnupg-core-01/builds/libgcrypt-1.12.2-1-02/build/libgcrypt/src/libgcrypt-1.12.2'
make[1]: Leaving directory '/c/ap13-dcb/gnupg-core-01/builds/libgcrypt-1.12.2-1-02/build/libgcrypt/src/libgcrypt-1.12.2'
==> Starting check()...
Making check in compat
make[1]: Entering directory '/c/ap13-dcb/gnupg-core-01/builds/libgcrypt-1.12.2-1-02/build/libgcrypt/src/libgcrypt-1.12.2/compat'
make[1]: Nothing to be done for 'check'.
make[1]: Leaving directory '/c/ap13-dcb/gnupg-core-01/builds/libgcrypt-1.12.2-1-02/build/libgcrypt/src/libgcrypt-1.12.2/compat'
Making check in mpi
make[1]: Entering directory '/c/ap13-dcb/gnupg-core-01/builds/libgcrypt-1.12.2-1-02/build/libgcrypt/src/libgcrypt-1.12.2/mpi'
make[1]: Nothing to be done for 'check'.
make[1]: Leaving directory '/c/ap13-dcb/gnupg-core-01/builds/libgcrypt-1.12.2-1-02/build/libgcrypt/src/libgcrypt-1.12.2/mpi'
Making check in cipher
make[1]: Entering directory '/c/ap13-dcb/gnupg-core-01/builds/libgcrypt-1.12.2-1-02/build/libgcrypt/src/libgcrypt-1.12.2/cipher'
make[1]: Nothing to be done for 'check'.
make[1]: Leaving directory '/c/ap13-dcb/gnupg-core-01/builds/libgcrypt-1.12.2-1-02/build/libgcrypt/src/libgcrypt-1.12.2/cipher'
Making check in random
make[1]: Entering directory '/c/ap13-dcb/gnupg-core-01/builds/libgcrypt-1.12.2-1-02/build/libgcrypt/src/libgcrypt-1.12.2/random'
make[1]: Nothing to be done for 'check'.
make[1]: Leaving directory '/c/ap13-dcb/gnupg-core-01/builds/libgcrypt-1.12.2-1-02/build/libgcrypt/src/libgcrypt-1.12.2/random'
Making check in src
make[1]: Entering directory '/c/ap13-dcb/gnupg-core-01/builds/libgcrypt-1.12.2-1-02/build/libgcrypt/src/libgcrypt-1.12.2/src'
make[1]: Nothing to be done for 'check'.
make[1]: Leaving directory '/c/ap13-dcb/gnupg-core-01/builds/libgcrypt-1.12.2-1-02/build/libgcrypt/src/libgcrypt-1.12.2/src'
Making check in doc
make[1]: Entering directory '/c/ap13-dcb/gnupg-core-01/builds/libgcrypt-1.12.2-1-02/build/libgcrypt/src/libgcrypt-1.12.2/doc'
make  check-am
make[2]: Entering directory '/c/ap13-dcb/gnupg-core-01/builds/libgcrypt-1.12.2-1-02/build/libgcrypt/src/libgcrypt-1.12.2/doc'
make[2]: Nothing to be done for 'check-am'.
make[2]: Leaving directory '/c/ap13-dcb/gnupg-core-01/builds/libgcrypt-1.12.2-1-02/build/libgcrypt/src/libgcrypt-1.12.2/doc'
make[1]: Leaving directory '/c/ap13-dcb/gnupg-core-01/builds/libgcrypt-1.12.2-1-02/build/libgcrypt/src/libgcrypt-1.12.2/doc'
Making check in tests
make[1]: Entering directory '/c/ap13-dcb/gnupg-core-01/builds/libgcrypt-1.12.2-1-02/build/libgcrypt/src/libgcrypt-1.12.2/tests'
make  check-TESTS
make[2]: Entering directory '/c/ap13-dcb/gnupg-core-01/builds/libgcrypt-1.12.2-1-02/build/libgcrypt/src/libgcrypt-1.12.2/tests'
FAIL: version.exe
FAIL: t-secmem.exe
FAIL: mpitests.exe
FAIL: t-sexp.exe
FAIL: t-convert.exe
FAIL: t-mpi-bit.exe
FAIL: t-mpi-point.exe
FAIL: t-lock.exe
FAIL: prime.exe
FAIL: basic.exe
FAIL: keygen.exe
FAIL: pubkey.exe
FAIL: hmac.exe
FAIL: hashtest.exe
FAIL: t-kdf.exe
FAIL: keygrip.exe
FAIL: aeswrap.exe
FAIL: random.exe
FAIL: t-kem.exe
FAIL: t-thread-local.exe
FAIL: t-fips-service-ind.exe
FAIL: pkcs1v2.exe
FAIL: t-rsa-pss.exe
FAIL: t-rsa-15.exe
FAIL: t-rsa-testparm.exe
FAIL: fips186-dsa.exe
FAIL: dsa-rfc6979.exe
FAIL: t-dsa.exe
FAIL: curves.exe
FAIL: t-ecdsa.exe
FAIL: t-ed25519.exe
FAIL: t-cv25519.exe
FAIL: t-x448.exe
FAIL: t-ed448.exe
FAIL: t-mlkem.exe
FAIL: t-mldsa.exe
      now running 'basic' test with all hardware features disabled.
FAIL: basic-disable-all-hwf
FAIL: benchmark.exe
FAIL: bench-slope.exe
SKIP: hashtest-6g
SKIP: hashtest-256g
=======================================
39 of 39 tests failed
(2 tests were not run)
Please report to https://bugs.gnupg.org
=======================================
make[2]: *** [Makefile:1106: check-TESTS] Error 1
make[2]: Leaving directory '/c/ap13-dcb/gnupg-core-01/builds/libgcrypt-1.12.2-1-02/build/libgcrypt/src/libgcrypt-1.12.2/tests'
make[1]: *** [Makefile:1231: check-am] Error 2
make[1]: Leaving directory '/c/ap13-dcb/gnupg-core-01/builds/libgcrypt-1.12.2-1-02/build/libgcrypt/src/libgcrypt-1.12.2/tests'
make: *** [Makefile:504: check-recursive] Error 1
==> ERROR: A failure occurred in check().
    Aborting...
