$ C:\ap10-ca5f\git-full-01\bootstrap\usr\bin\bash.exe --noprofile --norc -lc "export PATH=/usr/bin:/usr/bin/core_perl; cd \"$(cygpath -u \"$DOC_BUILD\")\"; make -j1 DESTDIR=\"$(cygpath -u \"$DOC_STAGE\")\" MANDIR=/usr/share/man MANSUFFIX=ssl install_docs"
pod2man --name=CA.PL --section=1ssl --center=OpenSSL \
	--date=2026-08-25 --release=3.6.4 \
	doc/man1/CA.pl.pod >doc/man/man1/CA.pl.1
perl "-I." "-Idoc" "-Mconfigdata" "-Mconfigdata" "-Mperlvars" "util/dofile.pl" "-oMakefile" doc/man1/openssl-asn1parse.pod.in > doc/man1/openssl-asn1parse.pod
pod2man --name=OPENSSL-ASN1PARSE --section=1ssl --center=OpenSSL \
	--date=2026-08-25 --release=3.6.4 \
	doc/man1/openssl-asn1parse.pod >doc/man/man1/openssl-asn1parse.1
perl "-I." "-Idoc" "-Mconfigdata" "-Mconfigdata" "-Mperlvars" "util/dofile.pl" "-oMakefile" doc/man1/openssl-ca.pod.in > doc/man1/openssl-ca.pod
pod2man --name=OPENSSL-CA --section=1ssl --center=OpenSSL \
	--date=2026-08-25 --release=3.6.4 \
	doc/man1/openssl-ca.pod >doc/man/man1/openssl-ca.1
perl "-I." "-Idoc" "-Mconfigdata" "-Mconfigdata" "-Mperlvars" "util/dofile.pl" "-oMakefile" doc/man1/openssl-ciphers.pod.in > doc/man1/openssl-ciphers.pod
pod2man --name=OPENSSL-CIPHERS --section=1ssl --center=OpenSSL \
	--date=2026-08-25 --release=3.6.4 \
	doc/man1/openssl-ciphers.pod >doc/man/man1/openssl-ciphers.1
perl "-I." "-Idoc" "-Mconfigdata" "-Mconfigdata" "-Mperlvars" "util/dofile.pl" "-oMakefile" doc/man1/openssl-cmds.pod.in > doc/man1/openssl-cmds.pod
pod2man --name=OPENSSL-CMDS --section=1ssl --center=OpenSSL \
	--date=2026-08-25 --release=3.6.4 \
	doc/man1/openssl-cmds.pod >doc/man/man1/openssl-cmds.1
perl "-I." "-Idoc" "-Mconfigdata" "-Mconfigdata" "-Mperlvars" "util/dofile.pl" "-oMakefile" doc/man1/openssl-cmp.pod.in > doc/man1/openssl-cmp.pod
pod2man --name=OPENSSL-CMP --section=1ssl --center=OpenSSL \
	--date=2026-08-25 --release=3.6.4 \
	doc/man1/openssl-cmp.pod >doc/man/man1/openssl-cmp.1
perl "-I." "-Idoc" "-Mconfigdata" "-Mconfigdata" "-Mperlvars" "util/dofile.pl" "-oMakefile" doc/man1/openssl-cms.pod.in > doc/man1/openssl-cms.pod
pod2man --name=OPENSSL-CMS --section=1ssl --center=OpenSSL \
	--date=2026-08-25 --release=3.6.4 \
	doc/man1/openssl-cms.pod >doc/man/man1/openssl-cms.1
perl "-I." "-Idoc" "-Mconfigdata" "-Mconfigdata" "-Mperlvars" "util/dofile.pl" "-oMakefile" doc/man1/openssl-configutl.pod.in > doc/man1/openssl-configutl.pod
pod2man --name=OPENSSL-CONFIGUTL --section=1ssl --center=OpenSSL \
	--date=2026-08-25 --release=3.6.4 \
	doc/man1/openssl-configutl.pod >doc/man/man1/openssl-configutl.1
perl "-I." "-Idoc" "-Mconfigdata" "-Mconfigdata" "-Mperlvars" "util/dofile.pl" "-oMakefile" doc/man1/openssl-crl.pod.in > doc/man1/openssl-crl.pod
pod2man --name=OPENSSL-CRL --section=1ssl --center=OpenSSL \
	--date=2026-08-25 --release=3.6.4 \
	doc/man1/openssl-crl.pod >doc/man/man1/openssl-crl.1
perl "-I." "-Idoc" "-Mconfigdata" "-Mconfigdata" "-Mperlvars" "util/dofile.pl" "-oMakefile" doc/man1/openssl-crl2pkcs7.pod.in > doc/man1/openssl-crl2pkcs7.pod
pod2man --name=OPENSSL-CRL2PKCS7 --section=1ssl --center=OpenSSL \
	--date=2026-08-25 --release=3.6.4 \
	doc/man1/openssl-crl2pkcs7.pod >doc/man/man1/openssl-crl2pkcs7.1
perl "-I." "-Idoc" "-Mconfigdata" "-Mconfigdata" "-Mperlvars" "util/dofile.pl" "-oMakefile" doc/man1/openssl-dgst.pod.in > doc/man1/openssl-dgst.pod
pod2man --name=OPENSSL-DGST --section=1ssl --center=OpenSSL \
	--date=2026-08-25 --release=3.6.4 \
	doc/man1/openssl-dgst.pod >doc/man/man1/openssl-dgst.1
perl "-I." "-Idoc" "-Mconfigdata" "-Mconfigdata" "-Mperlvars" "util/dofile.pl" "-oMakefile" doc/man1/openssl-dhparam.pod.in > doc/man1/openssl-dhparam.pod
pod2man --name=OPENSSL-DHPARAM --section=1ssl --center=OpenSSL \
	--date=2026-08-25 --release=3.6.4 \
	doc/man1/openssl-dhparam.pod >doc/man/man1/openssl-dhparam.1
perl "-I." "-Idoc" "-Mconfigdata" "-Mconfigdata" "-Mperlvars" "util/dofile.pl" "-oMakefile" doc/man1/openssl-dsa.pod.in > doc/man1/openssl-dsa.pod
pod2man --name=OPENSSL-DSA --section=1ssl --center=OpenSSL \
	--date=2026-08-25 --release=3.6.4 \
	doc/man1/openssl-dsa.pod >doc/man/man1/openssl-dsa.1
perl "-I." "-Idoc" "-Mconfigdata" "-Mconfigdata" "-Mperlvars" "util/dofile.pl" "-oMakefile" doc/man1/openssl-dsaparam.pod.in > doc/man1/openssl-dsaparam.pod
pod2man --name=OPENSSL-DSAPARAM --section=1ssl --center=OpenSSL \
	--date=2026-08-25 --release=3.6.4 \
	doc/man1/openssl-dsaparam.pod >doc/man/man1/openssl-dsaparam.1
perl "-I." "-Idoc" "-Mconfigdata" "-Mconfigdata" "-Mperlvars" "util/dofile.pl" "-oMakefile" doc/man1/openssl-ec.pod.in > doc/man1/openssl-ec.pod
pod2man --name=OPENSSL-EC --section=1ssl --center=OpenSSL \
	--date=2026-08-25 --release=3.6.4 \
	doc/man1/openssl-ec.pod >doc/man/man1/openssl-ec.1
perl "-I." "-Idoc" "-Mconfigdata" "-Mconfigdata" "-Mperlvars" "util/dofile.pl" "-oMakefile" doc/man1/openssl-ecparam.pod.in > doc/man1/openssl-ecparam.pod
pod2man --name=OPENSSL-ECPARAM --section=1ssl --center=OpenSSL \
	--date=2026-08-25 --release=3.6.4 \
	doc/man1/openssl-ecparam.pod >doc/man/man1/openssl-ecparam.1
perl "-I." "-Idoc" "-Mconfigdata" "-Mconfigdata" "-Mperlvars" "util/dofile.pl" "-oMakefile" doc/man1/openssl-enc.pod.in > doc/man1/openssl-enc.pod
pod2man --name=OPENSSL-ENC --section=1ssl --center=OpenSSL \
	--date=2026-08-25 --release=3.6.4 \
	doc/man1/openssl-enc.pod >doc/man/man1/openssl-enc.1
perl "-I." "-Idoc" "-Mconfigdata" "-Mconfigdata" "-Mperlvars" "util/dofile.pl" "-oMakefile" doc/man1/openssl-engine.pod.in > doc/man1/openssl-engine.pod
pod2man --name=OPENSSL-ENGINE --section=1ssl --center=OpenSSL \
	--date=2026-08-25 --release=3.6.4 \
	doc/man1/openssl-engine.pod >doc/man/man1/openssl-engine.1
perl "-I." "-Idoc" "-Mconfigdata" "-Mconfigdata" "-Mperlvars" "util/dofile.pl" "-oMakefile" doc/man1/openssl-errstr.pod.in > doc/man1/openssl-errstr.pod
pod2man --name=OPENSSL-ERRSTR --section=1ssl --center=OpenSSL \
	--date=2026-08-25 --release=3.6.4 \
	doc/man1/openssl-errstr.pod >doc/man/man1/openssl-errstr.1
perl "-I." "-Idoc" "-Mconfigdata" "-Mconfigdata" "-Mperlvars" "util/dofile.pl" "-oMakefile" doc/man1/openssl-fipsinstall.pod.in > doc/man1/openssl-fipsinstall.pod
pod2man --name=OPENSSL-FIPSINSTALL --section=1ssl --center=OpenSSL \
	--date=2026-08-25 --release=3.6.4 \
	doc/man1/openssl-fipsinstall.pod >doc/man/man1/openssl-fipsinstall.1
pod2man --name=OPENSSL-FORMAT-OPTIONS --section=1ssl --center=OpenSSL \
	--date=2026-08-25 --release=3.6.4 \
	doc/man1/openssl-format-options.pod >doc/man/man1/openssl-format-options.1
perl "-I." "-Idoc" "-Mconfigdata" "-Mconfigdata" "-Mperlvars" "util/dofile.pl" "-oMakefile" doc/man1/openssl-gendsa.pod.in > doc/man1/openssl-gendsa.pod
pod2man --name=OPENSSL-GENDSA --section=1ssl --center=OpenSSL \
	--date=2026-08-25 --release=3.6.4 \
	doc/man1/openssl-gendsa.pod >doc/man/man1/openssl-gendsa.1
perl "-I." "-Idoc" "-Mconfigdata" "-Mconfigdata" "-Mperlvars" "util/dofile.pl" "-oMakefile" doc/man1/openssl-genpkey.pod.in > doc/man1/openssl-genpkey.pod
pod2man --name=OPENSSL-GENPKEY --section=1ssl --center=OpenSSL \
	--date=2026-08-25 --release=3.6.4 \
	doc/man1/openssl-genpkey.pod >doc/man/man1/openssl-genpkey.1
perl "-I." "-Idoc" "-Mconfigdata" "-Mconfigdata" "-Mperlvars" "util/dofile.pl" "-oMakefile" doc/man1/openssl-genrsa.pod.in > doc/man1/openssl-genrsa.pod
pod2man --name=OPENSSL-GENRSA --section=1ssl --center=OpenSSL \
	--date=2026-08-25 --release=3.6.4 \
	doc/man1/openssl-genrsa.pod >doc/man/man1/openssl-genrsa.1
perl "-I." "-Idoc" "-Mconfigdata" "-Mconfigdata" "-Mperlvars" "util/dofile.pl" "-oMakefile" doc/man1/openssl-info.pod.in > doc/man1/openssl-info.pod
pod2man --name=OPENSSL-INFO --section=1ssl --center=OpenSSL \
	--date=2026-08-25 --release=3.6.4 \
	doc/man1/openssl-info.pod >doc/man/man1/openssl-info.1
perl "-I." "-Idoc" "-Mconfigdata" "-Mconfigdata" "-Mperlvars" "util/dofile.pl" "-oMakefile" doc/man1/openssl-kdf.pod.in > doc/man1/openssl-kdf.pod
pod2man --name=OPENSSL-KDF --section=1ssl --center=OpenSSL \
	--date=2026-08-25 --release=3.6.4 \
	doc/man1/openssl-kdf.pod >doc/man/man1/openssl-kdf.1
perl "-I." "-Idoc" "-Mconfigdata" "-Mconfigdata" "-Mperlvars" "util/dofile.pl" "-oMakefile" doc/man1/openssl-list.pod.in > doc/man1/openssl-list.pod
pod2man --name=OPENSSL-LIST --section=1ssl --center=OpenSSL \
	--date=2026-08-25 --release=3.6.4 \
	doc/man1/openssl-list.pod >doc/man/man1/openssl-list.1
perl "-I." "-Idoc" "-Mconfigdata" "-Mconfigdata" "-Mperlvars" "util/dofile.pl" "-oMakefile" doc/man1/openssl-mac.pod.in > doc/man1/openssl-mac.pod
pod2man --name=OPENSSL-MAC --section=1ssl --center=OpenSSL \
	--date=2026-08-25 --release=3.6.4 \
	doc/man1/openssl-mac.pod >doc/man/man1/openssl-mac.1
pod2man --name=OPENSSL-NAMEDISPLAY-OPTIONS --section=1ssl --center=OpenSSL \
	--date=2026-08-25 --release=3.6.4 \
	doc/man1/openssl-namedisplay-options.pod >doc/man/man1/openssl-namedisplay-options.1
perl "-I." "-Idoc" "-Mconfigdata" "-Mconfigdata" "-Mperlvars" "util/dofile.pl" "-oMakefile" doc/man1/openssl-nseq.pod.in > doc/man1/openssl-nseq.pod
pod2man --name=OPENSSL-NSEQ --section=1ssl --center=OpenSSL \
	--date=2026-08-25 --release=3.6.4 \
	doc/man1/openssl-nseq.pod >doc/man/man1/openssl-nseq.1
perl "-I." "-Idoc" "-Mconfigdata" "-Mconfigdata" "-Mperlvars" "util/dofile.pl" "-oMakefile" doc/man1/openssl-ocsp.pod.in > doc/man1/openssl-ocsp.pod
pod2man --name=OPENSSL-OCSP --section=1ssl --center=OpenSSL \
	--date=2026-08-25 --release=3.6.4 \
	doc/man1/openssl-ocsp.pod >doc/man/man1/openssl-ocsp.1
pod2man --name=OPENSSL-PASSPHRASE-OPTIONS --section=1ssl --center=OpenSSL \
	--date=2026-08-25 --release=3.6.4 \
	doc/man1/openssl-passphrase-options.pod >doc/man/man1/openssl-passphrase-options.1
perl "-I." "-Idoc" "-Mconfigdata" "-Mconfigdata" "-Mperlvars" "util/dofile.pl" "-oMakefile" doc/man1/openssl-passwd.pod.in > doc/man1/openssl-passwd.pod
pod2man --name=OPENSSL-PASSWD --section=1ssl --center=OpenSSL \
	--date=2026-08-25 --release=3.6.4 \
	doc/man1/openssl-passwd.pod >doc/man/man1/openssl-passwd.1
perl "-I." "-Idoc" "-Mconfigdata" "-Mconfigdata" "-Mperlvars" "util/dofile.pl" "-oMakefile" doc/man1/openssl-pkcs12.pod.in > doc/man1/openssl-pkcs12.pod
pod2man --name=OPENSSL-PKCS12 --section=1ssl --center=OpenSSL \
	--date=2026-08-25 --release=3.6.4 \
	doc/man1/openssl-pkcs12.pod >doc/man/man1/openssl-pkcs12.1
perl "-I." "-Idoc" "-Mconfigdata" "-Mconfigdata" "-Mperlvars" "util/dofile.pl" "-oMakefile" doc/man1/openssl-pkcs7.pod.in > doc/man1/openssl-pkcs7.pod
pod2man --name=OPENSSL-PKCS7 --section=1ssl --center=OpenSSL \
	--date=2026-08-25 --release=3.6.4 \
	doc/man1/openssl-pkcs7.pod >doc/man/man1/openssl-pkcs7.1
perl "-I." "-Idoc" "-Mconfigdata" "-Mconfigdata" "-Mperlvars" "util/dofile.pl" "-oMakefile" doc/man1/openssl-pkcs8.pod.in > doc/man1/openssl-pkcs8.pod
pod2man --name=OPENSSL-PKCS8 --section=1ssl --center=OpenSSL \
	--date=2026-08-25 --release=3.6.4 \
	doc/man1/openssl-pkcs8.pod >doc/man/man1/openssl-pkcs8.1
perl "-I." "-Idoc" "-Mconfigdata" "-Mconfigdata" "-Mperlvars" "util/dofile.pl" "-oMakefile" doc/man1/openssl-pkey.pod.in > doc/man1/openssl-pkey.pod
pod2man --name=OPENSSL-PKEY --section=1ssl --center=OpenSSL \
	--date=2026-08-25 --release=3.6.4 \
	doc/man1/openssl-pkey.pod >doc/man/man1/openssl-pkey.1
perl "-I." "-Idoc" "-Mconfigdata" "-Mconfigdata" "-Mperlvars" "util/dofile.pl" "-oMakefile" doc/man1/openssl-pkeyparam.pod.in > doc/man1/openssl-pkeyparam.pod
pod2man --name=OPENSSL-PKEYPARAM --section=1ssl --center=OpenSSL \
	--date=2026-08-25 --release=3.6.4 \
	doc/man1/openssl-pkeyparam.pod >doc/man/man1/openssl-pkeyparam.1
perl "-I." "-Idoc" "-Mconfigdata" "-Mconfigdata" "-Mperlvars" "util/dofile.pl" "-oMakefile" doc/man1/openssl-pkeyutl.pod.in > doc/man1/openssl-pkeyutl.pod
pod2man --name=OPENSSL-PKEYUTL --section=1ssl --center=OpenSSL \
	--date=2026-08-25 --release=3.6.4 \
	doc/man1/openssl-pkeyutl.pod >doc/man/man1/openssl-pkeyutl.1
perl "-I." "-Idoc" "-Mconfigdata" "-Mconfigdata" "-Mperlvars" "util/dofile.pl" "-oMakefile" doc/man1/openssl-prime.pod.in > doc/man1/openssl-prime.pod
pod2man --name=OPENSSL-PRIME --section=1ssl --center=OpenSSL \
	--date=2026-08-25 --release=3.6.4 \
	doc/man1/openssl-prime.pod >doc/man/man1/openssl-prime.1
perl "-I." "-Idoc" "-Mconfigdata" "-Mconfigdata" "-Mperlvars" "util/dofile.pl" "-oMakefile" doc/man1/openssl-rand.pod.in > doc/man1/openssl-rand.pod
pod2man --name=OPENSSL-RAND --section=1ssl --center=OpenSSL \
	--date=2026-08-25 --release=3.6.4 \
	doc/man1/openssl-rand.pod >doc/man/man1/openssl-rand.1
perl "-I." "-Idoc" "-Mconfigdata" "-Mconfigdata" "-Mperlvars" "util/dofile.pl" "-oMakefile" doc/man1/openssl-rehash.pod.in > doc/man1/openssl-rehash.pod
pod2man --name=OPENSSL-REHASH --section=1ssl --center=OpenSSL \
	--date=2026-08-25 --release=3.6.4 \
	doc/man1/openssl-rehash.pod >doc/man/man1/openssl-rehash.1
perl "-I." "-Idoc" "-Mconfigdata" "-Mconfigdata" "-Mperlvars" "util/dofile.pl" "-oMakefile" doc/man1/openssl-req.pod.in > doc/man1/openssl-req.pod
pod2man --name=OPENSSL-REQ --section=1ssl --center=OpenSSL \
	--date=2026-08-25 --release=3.6.4 \
	doc/man1/openssl-req.pod >doc/man/man1/openssl-req.1
perl "-I." "-Idoc" "-Mconfigdata" "-Mconfigdata" "-Mperlvars" "util/dofile.pl" "-oMakefile" doc/man1/openssl-rsa.pod.in > doc/man1/openssl-rsa.pod
pod2man --name=OPENSSL-RSA --section=1ssl --center=OpenSSL \
	--date=2026-08-25 --release=3.6.4 \
	doc/man1/openssl-rsa.pod >doc/man/man1/openssl-rsa.1
perl "-I." "-Idoc" "-Mconfigdata" "-Mconfigdata" "-Mperlvars" "util/dofile.pl" "-oMakefile" doc/man1/openssl-rsautl.pod.in > doc/man1/openssl-rsautl.pod
pod2man --name=OPENSSL-RSAUTL --section=1ssl --center=OpenSSL \
	--date=2026-08-25 --release=3.6.4 \
	doc/man1/openssl-rsautl.pod >doc/man/man1/openssl-rsautl.1
perl "-I." "-Idoc" "-Mconfigdata" "-Mconfigdata" "-Mperlvars" "util/dofile.pl" "-oMakefile" doc/man1/openssl-s_client.pod.in > doc/man1/openssl-s_client.pod
pod2man --name=OPENSSL-S_CLIENT --section=1ssl --center=OpenSSL \
	--date=2026-08-25 --release=3.6.4 \
	doc/man1/openssl-s_client.pod >doc/man/man1/openssl-s_client.1
perl "-I." "-Idoc" "-Mconfigdata" "-Mconfigdata" "-Mperlvars" "util/dofile.pl" "-oMakefile" doc/man1/openssl-s_server.pod.in > doc/man1/openssl-s_server.pod
pod2man --name=OPENSSL-S_SERVER --section=1ssl --center=OpenSSL \
	--date=2026-08-25 --release=3.6.4 \
	doc/man1/openssl-s_server.pod >doc/man/man1/openssl-s_server.1
perl "-I." "-Idoc" "-Mconfigdata" "-Mconfigdata" "-Mperlvars" "util/dofile.pl" "-oMakefile" doc/man1/openssl-s_time.pod.in > doc/man1/openssl-s_time.pod
pod2man --name=OPENSSL-S_TIME --section=1ssl --center=OpenSSL \
	--date=2026-08-25 --release=3.6.4 \
	doc/man1/openssl-s_time.pod >doc/man/man1/openssl-s_time.1
perl "-I." "-Idoc" "-Mconfigdata" "-Mconfigdata" "-Mperlvars" "util/dofile.pl" "-oMakefile" doc/man1/openssl-sess_id.pod.in > doc/man1/openssl-sess_id.pod
pod2man --name=OPENSSL-SESS_ID --section=1ssl --center=OpenSSL \
	--date=2026-08-25 --release=3.6.4 \
	doc/man1/openssl-sess_id.pod >doc/man/man1/openssl-sess_id.1
perl "-I." "-Idoc" "-Mconfigdata" "-Mconfigdata" "-Mperlvars" "util/dofile.pl" "-oMakefile" doc/man1/openssl-skeyutl.pod.in > doc/man1/openssl-skeyutl.pod
pod2man --name=OPENSSL-SKEYUTL --section=1ssl --center=OpenSSL \
	--date=2026-08-25 --release=3.6.4 \
	doc/man1/openssl-skeyutl.pod >doc/man/man1/openssl-skeyutl.1
perl "-I." "-Idoc" "-Mconfigdata" "-Mconfigdata" "-Mperlvars" "util/dofile.pl" "-oMakefile" doc/man1/openssl-smime.pod.in > doc/man1/openssl-smime.pod
pod2man --name=OPENSSL-SMIME --section=1ssl --center=OpenSSL \
	--date=2026-08-25 --release=3.6.4 \
	doc/man1/openssl-smime.pod >doc/man/man1/openssl-smime.1
perl "-I." "-Idoc" "-Mconfigdata" "-Mconfigdata" "-Mperlvars" "util/dofile.pl" "-oMakefile" doc/man1/openssl-speed.pod.in > doc/man1/openssl-speed.pod
pod2man --name=OPENSSL-SPEED --section=1ssl --center=OpenSSL \
	--date=2026-08-25 --release=3.6.4 \
	doc/man1/openssl-speed.pod >doc/man/man1/openssl-speed.1
perl "-I." "-Idoc" "-Mconfigdata" "-Mconfigdata" "-Mperlvars" "util/dofile.pl" "-oMakefile" doc/man1/openssl-spkac.pod.in > doc/man1/openssl-spkac.pod
pod2man --name=OPENSSL-SPKAC --section=1ssl --center=OpenSSL \
	--date=2026-08-25 --release=3.6.4 \
	doc/man1/openssl-spkac.pod >doc/man/man1/openssl-spkac.1
perl "-I." "-Idoc" "-Mconfigdata" "-Mconfigdata" "-Mperlvars" "util/dofile.pl" "-oMakefile" doc/man1/openssl-srp.pod.in > doc/man1/openssl-srp.pod
pod2man --name=OPENSSL-SRP --section=1ssl --center=OpenSSL \
	--date=2026-08-25 --release=3.6.4 \
	doc/man1/openssl-srp.pod >doc/man/man1/openssl-srp.1
perl "-I." "-Idoc" "-Mconfigdata" "-Mconfigdata" "-Mperlvars" "util/dofile.pl" "-oMakefile" doc/man1/openssl-storeutl.pod.in > doc/man1/openssl-storeutl.pod
pod2man --name=OPENSSL-STOREUTL --section=1ssl --center=OpenSSL \
	--date=2026-08-25 --release=3.6.4 \
	doc/man1/openssl-storeutl.pod >doc/man/man1/openssl-storeutl.1
perl "-I." "-Idoc" "-Mconfigdata" "-Mconfigdata" "-Mperlvars" "util/dofile.pl" "-oMakefile" doc/man1/openssl-ts.pod.in > doc/man1/openssl-ts.pod
pod2man --name=OPENSSL-TS --section=1ssl --center=OpenSSL \
	--date=2026-08-25 --release=3.6.4 \
	doc/man1/openssl-ts.pod >doc/man/man1/openssl-ts.1
pod2man --name=OPENSSL-VERIFICATION-OPTIONS --section=1ssl --center=OpenSSL \
	--date=2026-08-25 --release=3.6.4 \
	doc/man1/openssl-verification-options.pod >doc/man/man1/openssl-verification-options.1
perl "-I." "-Idoc" "-Mconfigdata" "-Mconfigdata" "-Mperlvars" "util/dofile.pl" "-oMakefile" doc/man1/openssl-verify.pod.in > doc/man1/openssl-verify.pod
pod2man --name=OPENSSL-VERIFY --section=1ssl --center=OpenSSL \
	--date=2026-08-25 --release=3.6.4 \
	doc/man1/openssl-verify.pod >doc/man/man1/openssl-verify.1
perl "-I." "-Idoc" "-Mconfigdata" "-Mconfigdata" "-Mperlvars" "util/dofile.pl" "-oMakefile" doc/man1/openssl-version.pod.in > doc/man1/openssl-version.pod
pod2man --name=OPENSSL-VERSION --section=1ssl --center=OpenSSL \
	--date=2026-08-25 --release=3.6.4 \
	doc/man1/openssl-version.pod >doc/man/man1/openssl-version.1
perl "-I." "-Idoc" "-Mconfigdata" "-Mconfigdata" "-Mperlvars" "util/dofile.pl" "-oMakefile" doc/man1/openssl-x509.pod.in > doc/man1/openssl-x509.pod
pod2man --name=OPENSSL-X509 --section=1ssl --center=OpenSSL \
	--date=2026-08-25 --release=3.6.4 \
	doc/man1/openssl-x509.pod >doc/man/man1/openssl-x509.1
pod2man --name=OPENSSL --section=1ssl --center=OpenSSL \
	--date=2026-08-25 --release=3.6.4 \
	doc/man1/openssl.pod >doc/man/man1/openssl.1
pod2man --name=TSGET --section=1ssl --center=OpenSSL \
	--date=2026-08-25 --release=3.6.4 \
	doc/man1/tsget.pod >doc/man/man1/tsget.1
pod2man --name=ADMISSIONS --section=3ssl --center=OpenSSL \
	--date=2026-08-25 --release=3.6.4 \
	doc/man3/ADMISSIONS.pod >doc/man/man3/ADMISSIONS.3
pod2man --name=ASN1_EXTERN_FUNCS --section=3ssl --center=OpenSSL \
	--date=2026-08-25 --release=3.6.4 \
	doc/man3/ASN1_EXTERN_FUNCS.pod >doc/man/man3/ASN1_EXTERN_FUNCS.3
pod2man --name=ASN1_INTEGER_GET_INT64 --section=3ssl --center=OpenSSL \
	--date=2026-08-25 --release=3.6.4 \
	doc/man3/ASN1_INTEGER_get_int64.pod >doc/man/man3/ASN1_INTEGER_get_int64.3
pod2man --name=ASN1_INTEGER_NEW --section=3ssl --center=OpenSSL \
	--date=2026-08-25 --release=3.6.4 \
	doc/man3/ASN1_INTEGER_new.pod >doc/man/man3/ASN1_INTEGER_new.3
pod2man --name=ASN1_ITEM_LOOKUP --section=3ssl --center=OpenSSL \
	--date=2026-08-25 --release=3.6.4 \
	doc/man3/ASN1_ITEM_lookup.pod >doc/man/man3/ASN1_ITEM_lookup.3
pod2man --name=ASN1_OBJECT_NEW --section=3ssl --center=OpenSSL \
	--date=2026-08-25 --release=3.6.4 \
	doc/man3/ASN1_OBJECT_new.pod >doc/man/man3/ASN1_OBJECT_new.3
pod2man --name=ASN1_STRING_TABLE_ADD --section=3ssl --center=OpenSSL \
	--date=2026-08-25 --release=3.6.4 \
	doc/man3/ASN1_STRING_TABLE_add.pod >doc/man/man3/ASN1_STRING_TABLE_add.3
pod2man --name=ASN1_STRING_LENGTH --section=3ssl --center=OpenSSL \
	--date=2026-08-25 --release=3.6.4 \
	doc/man3/ASN1_STRING_length.pod >doc/man/man3/ASN1_STRING_length.3
pod2man --name=ASN1_STRING_NEW --section=3ssl --center=OpenSSL \
	--date=2026-08-25 --release=3.6.4 \
	doc/man3/ASN1_STRING_new.pod >doc/man/man3/ASN1_STRING_new.3
pod2man --name=ASN1_STRING_PRINT_EX --section=3ssl --center=OpenSSL \
	--date=2026-08-25 --release=3.6.4 \
	doc/man3/ASN1_STRING_print_ex.pod >doc/man/man3/ASN1_STRING_print_ex.3
pod2man --name=ASN1_TIME_SET --section=3ssl --center=OpenSSL \
	--date=2026-08-25 --release=3.6.4 \
	doc/man3/ASN1_TIME_set.pod >doc/man/man3/ASN1_TIME_set.3
pod2man --name=ASN1_TYPE_GET --section=3ssl --center=OpenSSL \
	--date=2026-08-25 --release=3.6.4 \
	doc/man3/ASN1_TYPE_get.pod >doc/man/man3/ASN1_TYPE_get.3
pod2man --name=ASN1_AUX_CB --section=3ssl --center=OpenSSL \
	--date=2026-08-25 --release=3.6.4 \
	doc/man3/ASN1_aux_cb.pod >doc/man/man3/ASN1_aux_cb.3
pod2man --name=ASN1_GENERATE_NCONF --section=3ssl --center=OpenSSL \
	--date=2026-08-25 --release=3.6.4 \
	doc/man3/ASN1_generate_nconf.pod >doc/man/man3/ASN1_generate_nconf.3
pod2man --name=ASN1_ITEM_D2I_BIO --section=3ssl --center=OpenSSL \
	--date=2026-08-25 --release=3.6.4 \
	doc/man3/ASN1_item_d2i_bio.pod >doc/man/man3/ASN1_item_d2i_bio.3
pod2man --name=ASN1_ITEM_NEW --section=3ssl --center=OpenSSL \
	--date=2026-08-25 --release=3.6.4 \
	doc/man3/ASN1_item_new.pod >doc/man/man3/ASN1_item_new.3
pod2man --name=ASN1_ITEM_SIGN --section=3ssl --center=OpenSSL \
	--date=2026-08-25 --release=3.6.4 \
	doc/man3/ASN1_item_sign.pod >doc/man/man3/ASN1_item_sign.3
pod2man --name=ASYNC_WAIT_CTX_NEW --section=3ssl --center=OpenSSL \
	--date=2026-08-25 --release=3.6.4 \
	doc/man3/ASYNC_WAIT_CTX_new.pod >doc/man/man3/ASYNC_WAIT_CTX_new.3
pod2man --name=ASYNC_START_JOB --section=3ssl --center=OpenSSL \
	--date=2026-08-25 --release=3.6.4 \
	doc/man3/ASYNC_start_job.pod >doc/man/man3/ASYNC_start_job.3
pod2man --name=BF_ENCRYPT --section=3ssl --center=OpenSSL \
	--date=2026-08-25 --release=3.6.4 \
	doc/man3/BF_encrypt.pod >doc/man/man3/BF_encrypt.3
pod2man --name=BIO_ADDR --section=3ssl --center=OpenSSL \
	--date=2026-08-25 --release=3.6.4 \
	doc/man3/BIO_ADDR.pod >doc/man/man3/BIO_ADDR.3
pod2man --name=BIO_ADDRINFO --section=3ssl --center=OpenSSL \
	--date=2026-08-25 --release=3.6.4 \
	doc/man3/BIO_ADDRINFO.pod >doc/man/man3/BIO_ADDRINFO.3
pod2man --name=BIO_CONNECT --section=3ssl --center=OpenSSL \
	--date=2026-08-25 --release=3.6.4 \
	doc/man3/BIO_connect.pod >doc/man/man3/BIO_connect.3
pod2man --name=BIO_CTRL --section=3ssl --center=OpenSSL \
	--date=2026-08-25 --release=3.6.4 \
	doc/man3/BIO_ctrl.pod >doc/man/man3/BIO_ctrl.3
pod2man --name=BIO_F_BASE64 --section=3ssl --center=OpenSSL \
	--date=2026-08-25 --release=3.6.4 \
	doc/man3/BIO_f_base64.pod >doc/man/man3/BIO_f_base64.3
pod2man --name=BIO_F_BUFFER --section=3ssl --center=OpenSSL \
	--date=2026-08-25 --release=3.6.4 \
	doc/man3/BIO_f_buffer.pod >doc/man/man3/BIO_f_buffer.3
pod2man --name=BIO_F_CIPHER --section=3ssl --center=OpenSSL \
	--date=2026-08-25 --release=3.6.4 \
	doc/man3/BIO_f_cipher.pod >doc/man/man3/BIO_f_cipher.3
pod2man --name=BIO_F_MD --section=3ssl --center=OpenSSL \
	--date=2026-08-25 --release=3.6.4 \
	doc/man3/BIO_f_md.pod >doc/man/man3/BIO_f_md.3
pod2man --name=BIO_F_NULL --section=3ssl --center=OpenSSL \
	--date=2026-08-25 --release=3.6.4 \
	doc/man3/BIO_f_null.pod >doc/man/man3/BIO_f_null.3
pod2man --name=BIO_F_PREFIX --section=3ssl --center=OpenSSL \
	--date=2026-08-25 --release=3.6.4 \
	doc/man3/BIO_f_prefix.pod >doc/man/man3/BIO_f_prefix.3
pod2man --name=BIO_F_READBUFFER --section=3ssl --center=OpenSSL \
	--date=2026-08-25 --release=3.6.4 \
	doc/man3/BIO_f_readbuffer.pod >doc/man/man3/BIO_f_readbuffer.3
pod2man --name=BIO_F_SSL --section=3ssl --center=OpenSSL \
	--date=2026-08-25 --release=3.6.4 \
	doc/man3/BIO_f_ssl.pod >doc/man/man3/BIO_f_ssl.3
pod2man --name=BIO_FIND_TYPE --section=3ssl --center=OpenSSL \
	--date=2026-08-25 --release=3.6.4 \
	doc/man3/BIO_find_type.pod >doc/man/man3/BIO_find_type.3
pod2man --name=BIO_GET_DATA --section=3ssl --center=OpenSSL \
	--date=2026-08-25 --release=3.6.4 \
	doc/man3/BIO_get_data.pod >doc/man/man3/BIO_get_data.3
pod2man --name=BIO_GET_EX_NEW_INDEX --section=3ssl --center=OpenSSL \
	--date=2026-08-25 --release=3.6.4 \
	doc/man3/BIO_get_ex_new_index.pod >doc/man/man3/BIO_get_ex_new_index.3
pod2man --name=BIO_GET_RPOLL_DESCRIPTOR --section=3ssl --center=OpenSSL \
	--date=2026-08-25 --release=3.6.4 \
	doc/man3/BIO_get_rpoll_descriptor.pod >doc/man/man3/BIO_get_rpoll_descriptor.3
pod2man --name=BIO_METH_NEW --section=3ssl --center=OpenSSL \
	--date=2026-08-25 --release=3.6.4 \
	doc/man3/BIO_meth_new.pod >doc/man/man3/BIO_meth_new.3
pod2man --name=BIO_NEW --section=3ssl --center=OpenSSL \
	--date=2026-08-25 --release=3.6.4 \
	doc/man3/BIO_new.pod >doc/man/man3/BIO_new.3
pod2man --name=BIO_NEW_CMS --section=3ssl --center=OpenSSL \
	--date=2026-08-25 --release=3.6.4 \
	doc/man3/BIO_new_CMS.pod >doc/man/man3/BIO_new_CMS.3
pod2man --name=BIO_PARSE_HOSTSERV --section=3ssl --center=OpenSSL \
	--date=2026-08-25 --release=3.6.4 \
	doc/man3/BIO_parse_hostserv.pod >doc/man/man3/BIO_parse_hostserv.3
pod2man --name=BIO_PRINTF --section=3ssl --center=OpenSSL \
	--date=2026-08-25 --release=3.6.4 \
	doc/man3/BIO_printf.pod >doc/man/man3/BIO_printf.3
pod2man --name=BIO_PUSH --section=3ssl --center=OpenSSL \
	--date=2026-08-25 --release=3.6.4 \
	doc/man3/BIO_push.pod >doc/man/man3/BIO_push.3
pod2man --name=BIO_READ --section=3ssl --center=OpenSSL \
	--date=2026-08-25 --release=3.6.4 \
	doc/man3/BIO_read.pod >doc/man/man3/BIO_read.3
pod2man --name=BIO_S_ACCEPT --section=3ssl --center=OpenSSL \
	--date=2026-08-25 --release=3.6.4 \
	doc/man3/BIO_s_accept.pod >doc/man/man3/BIO_s_accept.3
pod2man --name=BIO_S_BIO --section=3ssl --center=OpenSSL \
	--date=2026-08-25 --release=3.6.4 \
	doc/man3/BIO_s_bio.pod >doc/man/man3/BIO_s_bio.3
pod2man --name=BIO_S_CONNECT --section=3ssl --center=OpenSSL \
	--date=2026-08-25 --release=3.6.4 \
	doc/man3/BIO_s_connect.pod >doc/man/man3/BIO_s_connect.3
pod2man --name=BIO_S_CORE --section=3ssl --center=OpenSSL \
	--date=2026-08-25 --release=3.6.4 \
	doc/man3/BIO_s_core.pod >doc/man/man3/BIO_s_core.3
pod2man --name=BIO_S_DATAGRAM --section=3ssl --center=OpenSSL \
	--date=2026-08-25 --release=3.6.4 \
	doc/man3/BIO_s_datagram.pod >doc/man/man3/BIO_s_datagram.3
pod2man --name=BIO_S_DGRAM_PAIR --section=3ssl --center=OpenSSL \
	--date=2026-08-25 --release=3.6.4 \
	doc/man3/BIO_s_dgram_pair.pod >doc/man/man3/BIO_s_dgram_pair.3
pod2man --name=BIO_S_FD --section=3ssl --center=OpenSSL \
	--date=2026-08-25 --release=3.6.4 \
	doc/man3/BIO_s_fd.pod >doc/man/man3/BIO_s_fd.3
pod2man --name=BIO_S_FILE --section=3ssl --center=OpenSSL \
	--date=2026-08-25 --release=3.6.4 \
	doc/man3/BIO_s_file.pod >doc/man/man3/BIO_s_file.3
pod2man --name=BIO_S_MEM --section=3ssl --center=OpenSSL \
	--date=2026-08-25 --release=3.6.4 \
	doc/man3/BIO_s_mem.pod >doc/man/man3/BIO_s_mem.3
pod2man --name=BIO_S_NULL --section=3ssl --center=OpenSSL \
	--date=2026-08-25 --release=3.6.4 \
	doc/man3/BIO_s_null.pod >doc/man/man3/BIO_s_null.3
pod2man --name=BIO_S_SOCKET --section=3ssl --center=OpenSSL \
	--date=2026-08-25 --release=3.6.4 \
	doc/man3/BIO_s_socket.pod >doc/man/man3/BIO_s_socket.3
pod2man --name=BIO_SENDMMSG --section=3ssl --center=OpenSSL \
	--date=2026-08-25 --release=3.6.4 \
	doc/man3/BIO_sendmmsg.pod >doc/man/man3/BIO_sendmmsg.3
pod2man --name=BIO_SET_CALLBACK --section=3ssl --center=OpenSSL \
	--date=2026-08-25 --release=3.6.4 \
	doc/man3/BIO_set_callback.pod >doc/man/man3/BIO_set_callback.3
pod2man --name=BIO_SET_FLAGS --section=3ssl --center=OpenSSL \
	--date=2026-08-25 --release=3.6.4 \
	doc/man3/BIO_set_flags.pod >doc/man/man3/BIO_set_flags.3
pod2man --name=BIO_SHOULD_RETRY --section=3ssl --center=OpenSSL \
	--date=2026-08-25 --release=3.6.4 \
	doc/man3/BIO_should_retry.pod >doc/man/man3/BIO_should_retry.3
pod2man --name=BIO_SOCKET_WAIT --section=3ssl --center=OpenSSL \
	--date=2026-08-25 --release=3.6.4 \
	doc/man3/BIO_socket_wait.pod >doc/man/man3/BIO_socket_wait.3
pod2man --name=BN_BLINDING_NEW --section=3ssl --center=OpenSSL \
	--date=2026-08-25 --release=3.6.4 \
	doc/man3/BN_BLINDING_new.pod >doc/man/man3/BN_BLINDING_new.3
pod2man --name=BN_CTX_NEW --section=3ssl --center=OpenSSL \
	--date=2026-08-25 --release=3.6.4 \
	doc/man3/BN_CTX_new.pod >doc/man/man3/BN_CTX_new.3
pod2man --name=BN_CTX_START --section=3ssl --center=OpenSSL \
	--date=2026-08-25 --release=3.6.4 \
	doc/man3/BN_CTX_start.pod >doc/man/man3/BN_CTX_start.3
pod2man --name=BN_ADD --section=3ssl --center=OpenSSL \
	--date=2026-08-25 --release=3.6.4 \
	doc/man3/BN_add.pod >doc/man/man3/BN_add.3
pod2man --name=BN_ADD_WORD --section=3ssl --center=OpenSSL \
	--date=2026-08-25 --release=3.6.4 \
	doc/man3/BN_add_word.pod >doc/man/man3/BN_add_word.3
pod2man --name=BN_BN2BIN --section=3ssl --center=OpenSSL \
	--date=2026-08-25 --release=3.6.4 \
	doc/man3/BN_bn2bin.pod >doc/man/man3/BN_bn2bin.3
pod2man --name=BN_CMP --section=3ssl --center=OpenSSL \
	--date=2026-08-25 --release=3.6.4 \
	doc/man3/BN_cmp.pod >doc/man/man3/BN_cmp.3
pod2man --name=BN_COPY --section=3ssl --center=OpenSSL \
	--date=2026-08-25 --release=3.6.4 \
	doc/man3/BN_copy.pod >doc/man/man3/BN_copy.3
pod2man --name=BN_GENERATE_PRIME --section=3ssl --center=OpenSSL \
	--date=2026-08-25 --release=3.6.4 \
	doc/man3/BN_generate_prime.pod >doc/man/man3/BN_generate_prime.3
pod2man --name=BN_MOD_EXP_MONT --section=3ssl --center=OpenSSL \
	--date=2026-08-25 --release=3.6.4 \
	doc/man3/BN_mod_exp_mont.pod >doc/man/man3/BN_mod_exp_mont.3
pod2man --name=BN_MOD_INVERSE --section=3ssl --center=OpenSSL \
	--date=2026-08-25 --release=3.6.4 \
	doc/man3/BN_mod_inverse.pod >doc/man/man3/BN_mod_inverse.3
pod2man --name=BN_MOD_MUL_MONTGOMERY --section=3ssl --center=OpenSSL \
	--date=2026-08-25 --release=3.6.4 \
	doc/man3/BN_mod_mul_montgomery.pod >doc/man/man3/BN_mod_mul_montgomery.3
pod2man --name=BN_MOD_MUL_RECIPROCAL --section=3ssl --center=OpenSSL \
	--date=2026-08-25 --release=3.6.4 \
	doc/man3/BN_mod_mul_reciprocal.pod >doc/man/man3/BN_mod_mul_reciprocal.3
pod2man --name=BN_NEW --section=3ssl --center=OpenSSL \
	--date=2026-08-25 --release=3.6.4 \
	doc/man3/BN_new.pod >doc/man/man3/BN_new.3
pod2man --name=BN_NUM_BYTES --section=3ssl --center=OpenSSL \
	--date=2026-08-25 --release=3.6.4 \
	doc/man3/BN_num_bytes.pod >doc/man/man3/BN_num_bytes.3
pod2man --name=BN_RAND --section=3ssl --center=OpenSSL \
	--date=2026-08-25 --release=3.6.4 \
	doc/man3/BN_rand.pod >doc/man/man3/BN_rand.3
pod2man --name=BN_SECURITY_BITS --section=3ssl --center=OpenSSL \
	--date=2026-08-25 --release=3.6.4 \
	doc/man3/BN_security_bits.pod >doc/man/man3/BN_security_bits.3
pod2man --name=BN_SET_BIT --section=3ssl --center=OpenSSL \
	--date=2026-08-25 --release=3.6.4 \
	doc/man3/BN_set_bit.pod >doc/man/man3/BN_set_bit.3
pod2man --name=BN_SWAP --section=3ssl --center=OpenSSL \
	--date=2026-08-25 --release=3.6.4 \
	doc/man3/BN_swap.pod >doc/man/man3/BN_swap.3
pod2man --name=BN_ZERO --section=3ssl --center=OpenSSL \
	--date=2026-08-25 --release=3.6.4 \
	doc/man3/BN_zero.pod >doc/man/man3/BN_zero.3
pod2man --name=BUF_MEM_NEW --section=3ssl --center=OpenSSL \
	--date=2026-08-25 --release=3.6.4 \
	doc/man3/BUF_MEM_new.pod >doc/man/man3/BUF_MEM_new.3
pod2man --name=CMAC_CTX --section=3ssl --center=OpenSSL \
	--date=2026-08-25 --release=3.6.4 \
	doc/man3/CMAC_CTX.pod >doc/man/man3/CMAC_CTX.3
pod2man --name=CMS_ENCRYPTEDDATA_DECRYPT --section=3ssl --center=OpenSSL \
	--date=2026-08-25 --release=3.6.4 \
	doc/man3/CMS_EncryptedData_decrypt.pod >doc/man/man3/CMS_EncryptedData_decrypt.3
pod2man --name=CMS_ENCRYPTEDDATA_ENCRYPT --section=3ssl --center=OpenSSL \
	--date=2026-08-25 --release=3.6.4 \
	doc/man3/CMS_EncryptedData_encrypt.pod >doc/man/man3/CMS_EncryptedData_encrypt.3
pod2man --name=CMS_ENCRYPTEDDATA_SET1_KEY --section=3ssl --center=OpenSSL \
	--date=2026-08-25 --release=3.6.4 \
	doc/man3/CMS_EncryptedData_set1_key.pod >doc/man/man3/CMS_EncryptedData_set1_key.3
pod2man --name=CMS_ENVELOPEDDATA_CREATE --section=3ssl --center=OpenSSL \
	--date=2026-08-25 --release=3.6.4 \
	doc/man3/CMS_EnvelopedData_create.pod >doc/man/man3/CMS_EnvelopedData_create.3
pod2man --name=CMS_ADD0_CERT --section=3ssl --center=OpenSSL \
	--date=2026-08-25 --release=3.6.4 \
	doc/man3/CMS_add0_cert.pod >doc/man/man3/CMS_add0_cert.3
pod2man --name=CMS_ADD1_RECIPIENT_CERT --section=3ssl --center=OpenSSL \
	--date=2026-08-25 --release=3.6.4 \
	doc/man3/CMS_add1_recipient_cert.pod >doc/man/man3/CMS_add1_recipient_cert.3
pod2man --name=CMS_ADD1_SIGNER --section=3ssl --center=OpenSSL \
	--date=2026-08-25 --release=3.6.4 \
	doc/man3/CMS_add1_signer.pod >doc/man/man3/CMS_add1_signer.3
pod2man --name=CMS_COMPRESS --section=3ssl --center=OpenSSL \
	--date=2026-08-25 --release=3.6.4 \
	doc/man3/CMS_compress.pod >doc/man/man3/CMS_compress.3
pod2man --name=CMS_DATA_CREATE --section=3ssl --center=OpenSSL \
	--date=2026-08-25 --release=3.6.4 \
	doc/man3/CMS_data_create.pod >doc/man/man3/CMS_data_create.3
pod2man --name=CMS_DECRYPT --section=3ssl --center=OpenSSL \
	--date=2026-08-25 --release=3.6.4 \
	doc/man3/CMS_decrypt.pod >doc/man/man3/CMS_decrypt.3
pod2man --name=CMS_DIGEST_CREATE --section=3ssl --center=OpenSSL \
	--date=2026-08-25 --release=3.6.4 \
	doc/man3/CMS_digest_create.pod >doc/man/man3/CMS_digest_create.3
pod2man --name=CMS_ENCRYPT --section=3ssl --center=OpenSSL \
	--date=2026-08-25 --release=3.6.4 \
	doc/man3/CMS_encrypt.pod >doc/man/man3/CMS_encrypt.3
pod2man --name=CMS_FINAL --section=3ssl --center=OpenSSL \
	--date=2026-08-25 --release=3.6.4 \
	doc/man3/CMS_final.pod >doc/man/man3/CMS_final.3
pod2man --name=CMS_GET0_RECIPIENTINFOS --section=3ssl --center=OpenSSL \
	--date=2026-08-25 --release=3.6.4 \
	doc/man3/CMS_get0_RecipientInfos.pod >doc/man/man3/CMS_get0_RecipientInfos.3
pod2man --name=CMS_GET0_SIGNERINFOS --section=3ssl --center=OpenSSL \
	--date=2026-08-25 --release=3.6.4 \
	doc/man3/CMS_get0_SignerInfos.pod >doc/man/man3/CMS_get0_SignerInfos.3
pod2man --name=CMS_GET0_TYPE --section=3ssl --center=OpenSSL \
	--date=2026-08-25 --release=3.6.4 \
	doc/man3/CMS_get0_type.pod >doc/man/man3/CMS_get0_type.3
pod2man --name=CMS_GET1_RECEIPTREQUEST --section=3ssl --center=OpenSSL \
	--date=2026-08-25 --release=3.6.4 \
	doc/man3/CMS_get1_ReceiptRequest.pod >doc/man/man3/CMS_get1_ReceiptRequest.3
pod2man --name=CMS_SIGN --section=3ssl --center=OpenSSL \
	--date=2026-08-25 --release=3.6.4 \
	doc/man3/CMS_sign.pod >doc/man/man3/CMS_sign.3
pod2man --name=CMS_SIGN_RECEIPT --section=3ssl --center=OpenSSL \
	--date=2026-08-25 --release=3.6.4 \
	doc/man3/CMS_sign_receipt.pod >doc/man/man3/CMS_sign_receipt.3
pod2man --name=CMS_SIGNED_GET_ATTR --section=3ssl --center=OpenSSL \
	--date=2026-08-25 --release=3.6.4 \
	doc/man3/CMS_signed_get_attr.pod >doc/man/man3/CMS_signed_get_attr.3
pod2man --name=CMS_UNCOMPRESS --section=3ssl --center=OpenSSL \
	--date=2026-08-25 --release=3.6.4 \
	doc/man3/CMS_uncompress.pod >doc/man/man3/CMS_uncompress.3
pod2man --name=CMS_VERIFY --section=3ssl --center=OpenSSL \
	--date=2026-08-25 --release=3.6.4 \
	doc/man3/CMS_verify.pod >doc/man/man3/CMS_verify.3
pod2man --name=CMS_VERIFY_RECEIPT --section=3ssl --center=OpenSSL \
	--date=2026-08-25 --release=3.6.4 \
	doc/man3/CMS_verify_receipt.pod >doc/man/man3/CMS_verify_receipt.3
pod2man --name=COMP_CTX_NEW --section=3ssl --center=OpenSSL \
	--date=2026-08-25 --release=3.6.4 \
	doc/man3/COMP_CTX_new.pod >doc/man/man3/COMP_CTX_new.3
pod2man --name=CONF_MODULES_FREE --section=3ssl --center=OpenSSL \
	--date=2026-08-25 --release=3.6.4 \
	doc/man3/CONF_modules_free.pod >doc/man/man3/CONF_modules_free.3
pod2man --name=CONF_MODULES_LOAD_FILE --section=3ssl --center=OpenSSL \
	--date=2026-08-25 --release=3.6.4 \
	doc/man3/CONF_modules_load_file.pod >doc/man/man3/CONF_modules_load_file.3
pod2man --name=CRYPTO_THREAD_RUN_ONCE --section=3ssl --center=OpenSSL \
	--date=2026-08-25 --release=3.6.4 \
	doc/man3/CRYPTO_THREAD_run_once.pod >doc/man/man3/CRYPTO_THREAD_run_once.3
pod2man --name=CRYPTO_GET_EX_NEW_INDEX --section=3ssl --center=OpenSSL \
	--date=2026-08-25 --release=3.6.4 \
	doc/man3/CRYPTO_get_ex_new_index.pod >doc/man/man3/CRYPTO_get_ex_new_index.3
pod2man --name=CRYPTO_MEMCMP --section=3ssl --center=OpenSSL \
	--date=2026-08-25 --release=3.6.4 \
	doc/man3/CRYPTO_memcmp.pod >doc/man/man3/CRYPTO_memcmp.3
pod2man --name=CTLOG_STORE_GET0_LOG_BY_ID --section=3ssl --center=OpenSSL \
	--date=2026-08-25 --release=3.6.4 \
	doc/man3/CTLOG_STORE_get0_log_by_id.pod >doc/man/man3/CTLOG_STORE_get0_log_by_id.3
pod2man --name=CTLOG_STORE_NEW --section=3ssl --center=OpenSSL \
	--date=2026-08-25 --release=3.6.4 \
	doc/man3/CTLOG_STORE_new.pod >doc/man/man3/CTLOG_STORE_new.3
pod2man --name=CTLOG_NEW --section=3ssl --center=OpenSSL \
	--date=2026-08-25 --release=3.6.4 \
	doc/man3/CTLOG_new.pod >doc/man/man3/CTLOG_new.3
pod2man --name=CT_POLICY_EVAL_CTX_NEW --section=3ssl --center=OpenSSL \
	--date=2026-08-25 --release=3.6.4 \
	doc/man3/CT_POLICY_EVAL_CTX_new.pod >doc/man/man3/CT_POLICY_EVAL_CTX_new.3
pod2man --name=DEFINE_STACK_OF --section=3ssl --center=OpenSSL \
	--date=2026-08-25 --release=3.6.4 \
	doc/man3/DEFINE_STACK_OF.pod >doc/man/man3/DEFINE_STACK_OF.3
pod2man --name=DES_RANDOM_KEY --section=3ssl --center=OpenSSL \
	--date=2026-08-25 --release=3.6.4 \
	doc/man3/DES_random_key.pod >doc/man/man3/DES_random_key.3
pod2man --name=DH_GENERATE_KEY --section=3ssl --center=OpenSSL \
	--date=2026-08-25 --release=3.6.4 \
	doc/man3/DH_generate_key.pod >doc/man/man3/DH_generate_key.3
pod2man --name=DH_GENERATE_PARAMETERS --section=3ssl --center=OpenSSL \
	--date=2026-08-25 --release=3.6.4 \
	doc/man3/DH_generate_parameters.pod >doc/man/man3/DH_generate_parameters.3
pod2man --name=DH_GET0_PQG --section=3ssl --center=OpenSSL \
	--date=2026-08-25 --release=3.6.4 \
	doc/man3/DH_get0_pqg.pod >doc/man/man3/DH_get0_pqg.3
pod2man --name=DH_GET_1024_160 --section=3ssl --center=OpenSSL \
	--date=2026-08-25 --release=3.6.4 \
	doc/man3/DH_get_1024_160.pod >doc/man/man3/DH_get_1024_160.3
pod2man --name=DH_METH_NEW --section=3ssl --center=OpenSSL \
	--date=2026-08-25 --release=3.6.4 \
	doc/man3/DH_meth_new.pod >doc/man/man3/DH_meth_new.3
pod2man --name=DH_NEW --section=3ssl --center=OpenSSL \
	--date=2026-08-25 --release=3.6.4 \
	doc/man3/DH_new.pod >doc/man/man3/DH_new.3
pod2man --name=DH_NEW_BY_NID --section=3ssl --center=OpenSSL \
	--date=2026-08-25 --release=3.6.4 \
	doc/man3/DH_new_by_nid.pod >doc/man/man3/DH_new_by_nid.3
pod2man --name=DH_SET_METHOD --section=3ssl --center=OpenSSL \
	--date=2026-08-25 --release=3.6.4 \
	doc/man3/DH_set_method.pod >doc/man/man3/DH_set_method.3
pod2man --name=DH_SIZE --section=3ssl --center=OpenSSL \
	--date=2026-08-25 --release=3.6.4 \
	doc/man3/DH_size.pod >doc/man/man3/DH_size.3
pod2man --name=DSA_SIG_NEW --section=3ssl --center=OpenSSL \
	--date=2026-08-25 --release=3.6.4 \
	doc/man3/DSA_SIG_new.pod >doc/man/man3/DSA_SIG_new.3
pod2man --name=DSA_DO_SIGN --section=3ssl --center=OpenSSL \
	--date=2026-08-25 --release=3.6.4 \
	doc/man3/DSA_do_sign.pod >doc/man/man3/DSA_do_sign.3
pod2man --name=DSA_DUP_DH --section=3ssl --center=OpenSSL \
	--date=2026-08-25 --release=3.6.4 \
	doc/man3/DSA_dup_DH.pod >doc/man/man3/DSA_dup_DH.3
pod2man --name=DSA_GENERATE_KEY --section=3ssl --center=OpenSSL \
	--date=2026-08-25 --release=3.6.4 \
	doc/man3/DSA_generate_key.pod >doc/man/man3/DSA_generate_key.3
pod2man --name=DSA_GENERATE_PARAMETERS --section=3ssl --center=OpenSSL \
	--date=2026-08-25 --release=3.6.4 \
	doc/man3/DSA_generate_parameters.pod >doc/man/man3/DSA_generate_parameters.3
pod2man --name=DSA_GET0_PQG --section=3ssl --center=OpenSSL \
	--date=2026-08-25 --release=3.6.4 \
	doc/man3/DSA_get0_pqg.pod >doc/man/man3/DSA_get0_pqg.3
pod2man --name=DSA_METH_NEW --section=3ssl --center=OpenSSL \
	--date=2026-08-25 --release=3.6.4 \
	doc/man3/DSA_meth_new.pod >doc/man/man3/DSA_meth_new.3
pod2man --name=DSA_NEW --section=3ssl --center=OpenSSL \
	--date=2026-08-25 --release=3.6.4 \
	doc/man3/DSA_new.pod >doc/man/man3/DSA_new.3
pod2man --name=DSA_SET_METHOD --section=3ssl --center=OpenSSL \
	--date=2026-08-25 --release=3.6.4 \
	doc/man3/DSA_set_method.pod >doc/man/man3/DSA_set_method.3
pod2man --name=DSA_SIGN --section=3ssl --center=OpenSSL \
	--date=2026-08-25 --release=3.6.4 \
	doc/man3/DSA_sign.pod >doc/man/man3/DSA_sign.3
pod2man --name=DSA_SIZE --section=3ssl --center=OpenSSL \
	--date=2026-08-25 --release=3.6.4 \
	doc/man3/DSA_size.pod >doc/man/man3/DSA_size.3
pod2man --name=DTLS_GET_DATA_MTU --section=3ssl --center=OpenSSL \
	--date=2026-08-25 --release=3.6.4 \
	doc/man3/DTLS_get_data_mtu.pod >doc/man/man3/DTLS_get_data_mtu.3
pod2man --name=DTLS_SET_TIMER_CB --section=3ssl --center=OpenSSL \
	--date=2026-08-25 --release=3.6.4 \
	doc/man3/DTLS_set_timer_cb.pod >doc/man/man3/DTLS_set_timer_cb.3
pod2man --name=DTLSV1_GET_TIMEOUT --section=3ssl --center=OpenSSL \
	--date=2026-08-25 --release=3.6.4 \
	doc/man3/DTLSv1_get_timeout.pod >doc/man/man3/DTLSv1_get_timeout.3
pod2man --name=DTLSV1_HANDLE_TIMEOUT --section=3ssl --center=OpenSSL \
	--date=2026-08-25 --release=3.6.4 \
	doc/man3/DTLSv1_handle_timeout.pod >doc/man/man3/DTLSv1_handle_timeout.3
pod2man --name=DTLSV1_LISTEN --section=3ssl --center=OpenSSL \
	--date=2026-08-25 --release=3.6.4 \
	doc/man3/DTLSv1_listen.pod >doc/man/man3/DTLSv1_listen.3
pod2man --name=ECDSA_SIG_NEW --section=3ssl --center=OpenSSL \
	--date=2026-08-25 --release=3.6.4 \
	doc/man3/ECDSA_SIG_new.pod >doc/man/man3/ECDSA_SIG_new.3
pod2man --name=ECDSA_SIGN --section=3ssl --center=OpenSSL \
	--date=2026-08-25 --release=3.6.4 \
	doc/man3/ECDSA_sign.pod >doc/man/man3/ECDSA_sign.3
pod2man --name=ECPKPARAMETERS_PRINT --section=3ssl --center=OpenSSL \
	--date=2026-08-25 --release=3.6.4 \
	doc/man3/ECPKParameters_print.pod >doc/man/man3/ECPKParameters_print.3
pod2man --name=EC_GFP_SIMPLE_METHOD --section=3ssl --center=OpenSSL \
	--date=2026-08-25 --release=3.6.4 \
	doc/man3/EC_GFp_simple_method.pod >doc/man/man3/EC_GFp_simple_method.3
pod2man --name=EC_GROUP_COPY --section=3ssl --center=OpenSSL \
	--date=2026-08-25 --release=3.6.4 \
	doc/man3/EC_GROUP_copy.pod >doc/man/man3/EC_GROUP_copy.3
pod2man --name=EC_GROUP_NEW --section=3ssl --center=OpenSSL \
	--date=2026-08-25 --release=3.6.4 \
	doc/man3/EC_GROUP_new.pod >doc/man/man3/EC_GROUP_new.3
pod2man --name=EC_KEY_GET_ENC_FLAGS --section=3ssl --center=OpenSSL \
	--date=2026-08-25 --release=3.6.4 \
	doc/man3/EC_KEY_get_enc_flags.pod >doc/man/man3/EC_KEY_get_enc_flags.3
pod2man --name=EC_KEY_NEW --section=3ssl --center=OpenSSL \
	--date=2026-08-25 --release=3.6.4 \
	doc/man3/EC_KEY_new.pod >doc/man/man3/EC_KEY_new.3
pod2man --name=EC_POINT_ADD --section=3ssl --center=OpenSSL \
	--date=2026-08-25 --release=3.6.4 \
	doc/man3/EC_POINT_add.pod >doc/man/man3/EC_POINT_add.3
pod2man --name=EC_POINT_NEW --section=3ssl --center=OpenSSL \
	--date=2026-08-25 --release=3.6.4 \
	doc/man3/EC_POINT_new.pod >doc/man/man3/EC_POINT_new.3
pod2man --name=ENGINE_ADD --section=3ssl --center=OpenSSL \
	--date=2026-08-25 --release=3.6.4 \
	doc/man3/ENGINE_add.pod >doc/man/man3/ENGINE_add.3
pod2man --name=ERR_GET_LIB --section=3ssl --center=OpenSSL \
	--date=2026-08-25 --release=3.6.4 \
	doc/man3/ERR_GET_LIB.pod >doc/man/man3/ERR_GET_LIB.3
pod2man --name=ERR_CLEAR_ERROR --section=3ssl --center=OpenSSL \
	--date=2026-08-25 --release=3.6.4 \
	doc/man3/ERR_clear_error.pod >doc/man/man3/ERR_clear_error.3
pod2man --name=ERR_ERROR_STRING --section=3ssl --center=OpenSSL \
	--date=2026-08-25 --release=3.6.4 \
	doc/man3/ERR_error_string.pod >doc/man/man3/ERR_error_string.3
pod2man --name=ERR_GET_ERROR --section=3ssl --center=OpenSSL \
	--date=2026-08-25 --release=3.6.4 \
	doc/man3/ERR_get_error.pod >doc/man/man3/ERR_get_error.3
pod2man --name=ERR_LOAD_CRYPTO_STRINGS --section=3ssl --center=OpenSSL \
	--date=2026-08-25 --release=3.6.4 \
	doc/man3/ERR_load_crypto_strings.pod >doc/man/man3/ERR_load_crypto_strings.3
pod2man --name=ERR_LOAD_STRINGS --section=3ssl --center=OpenSSL \
	--date=2026-08-25 --release=3.6.4 \
	doc/man3/ERR_load_strings.pod >doc/man/man3/ERR_load_strings.3
pod2man --name=ERR_NEW --section=3ssl --center=OpenSSL \
	--date=2026-08-25 --release=3.6.4 \
	doc/man3/ERR_new.pod >doc/man/man3/ERR_new.3
pod2man --name=ERR_PRINT_ERRORS --section=3ssl --center=OpenSSL \
	--date=2026-08-25 --release=3.6.4 \
	doc/man3/ERR_print_errors.pod >doc/man/man3/ERR_print_errors.3
pod2man --name=ERR_PUT_ERROR --section=3ssl --center=OpenSSL \
	--date=2026-08-25 --release=3.6.4 \
	doc/man3/ERR_put_error.pod >doc/man/man3/ERR_put_error.3
pod2man --name=ERR_REMOVE_STATE --section=3ssl --center=OpenSSL \
	--date=2026-08-25 --release=3.6.4 \
	doc/man3/ERR_remove_state.pod >doc/man/man3/ERR_remove_state.3
pod2man --name=ERR_SET_MARK --section=3ssl --center=OpenSSL \
	--date=2026-08-25 --release=3.6.4 \
	doc/man3/ERR_set_mark.pod >doc/man/man3/ERR_set_mark.3
pod2man --name=EVP_ASYM_CIPHER_FREE --section=3ssl --center=OpenSSL \
	--date=2026-08-25 --release=3.6.4 \
	doc/man3/EVP_ASYM_CIPHER_free.pod >doc/man/man3/EVP_ASYM_CIPHER_free.3
pod2man --name=EVP_BYTESTOKEY --section=3ssl --center=OpenSSL \
	--date=2026-08-25 --release=3.6.4 \
	doc/man3/EVP_BytesToKey.pod >doc/man/man3/EVP_BytesToKey.3
pod2man --name=EVP_CIPHER_CTX_GET_APP_DATA --section=3ssl --center=OpenSSL \
	--date=2026-08-25 --release=3.6.4 \
	doc/man3/EVP_CIPHER_CTX_get_app_data.pod >doc/man/man3/EVP_CIPHER_CTX_get_app_data.3
pod2man --name=EVP_CIPHER_CTX_GET_CIPHER_DATA --section=3ssl --center=OpenSSL \
	--date=2026-08-25 --release=3.6.4 \
	doc/man3/EVP_CIPHER_CTX_get_cipher_data.pod >doc/man/man3/EVP_CIPHER_CTX_get_cipher_data.3
pod2man --name=EVP_CIPHER_CTX_GET_ORIGINAL_IV --section=3ssl --center=OpenSSL \
	--date=2026-08-25 --release=3.6.4 \
	doc/man3/EVP_CIPHER_CTX_get_original_iv.pod >doc/man/man3/EVP_CIPHER_CTX_get_original_iv.3
pod2man --name=EVP_CIPHER_METH_NEW --section=3ssl --center=OpenSSL \
	--date=2026-08-25 --release=3.6.4 \
	doc/man3/EVP_CIPHER_meth_new.pod >doc/man/man3/EVP_CIPHER_meth_new.3
pod2man --name=EVP_DIGESTINIT --section=3ssl --center=OpenSSL \
	--date=2026-08-25 --release=3.6.4 \
	doc/man3/EVP_DigestInit.pod >doc/man/man3/EVP_DigestInit.3
pod2man --name=EVP_DIGESTSIGNINIT --section=3ssl --center=OpenSSL \
	--date=2026-08-25 --release=3.6.4 \
	doc/man3/EVP_DigestSignInit.pod >doc/man/man3/EVP_DigestSignInit.3
pod2man --name=EVP_DIGESTVERIFYINIT --section=3ssl --center=OpenSSL \
	--date=2026-08-25 --release=3.6.4 \
	doc/man3/EVP_DigestVerifyInit.pod >doc/man/man3/EVP_DigestVerifyInit.3
pod2man --name=EVP_ENCODEINIT --section=3ssl --center=OpenSSL \
	--date=2026-08-25 --release=3.6.4 \
	doc/man3/EVP_EncodeInit.pod >doc/man/man3/EVP_EncodeInit.3
pod2man --name=EVP_ENCRYPTINIT --section=3ssl --center=OpenSSL \
	--date=2026-08-25 --release=3.6.4 \
	doc/man3/EVP_EncryptInit.pod >doc/man/man3/EVP_EncryptInit.3
pod2man --name=EVP_KDF --section=3ssl --center=OpenSSL \
	--date=2026-08-25 --release=3.6.4 \
	doc/man3/EVP_KDF.pod >doc/man/man3/EVP_KDF.3
pod2man --name=EVP_KEM_FREE --section=3ssl --center=OpenSSL \
	--date=2026-08-25 --release=3.6.4 \
	doc/man3/EVP_KEM_free.pod >doc/man/man3/EVP_KEM_free.3
pod2man --name=EVP_KEYEXCH_FREE --section=3ssl --center=OpenSSL \
	--date=2026-08-25 --release=3.6.4 \
	doc/man3/EVP_KEYEXCH_free.pod >doc/man/man3/EVP_KEYEXCH_free.3
pod2man --name=EVP_KEYMGMT --section=3ssl --center=OpenSSL \
	--date=2026-08-25 --release=3.6.4 \
	doc/man3/EVP_KEYMGMT.pod >doc/man/man3/EVP_KEYMGMT.3
pod2man --name=EVP_MAC --section=3ssl --center=OpenSSL \
	--date=2026-08-25 --release=3.6.4 \
	doc/man3/EVP_MAC.pod >doc/man/man3/EVP_MAC.3
pod2man --name=EVP_MD_METH_NEW --section=3ssl --center=OpenSSL \
	--date=2026-08-25 --release=3.6.4 \
	doc/man3/EVP_MD_meth_new.pod >doc/man/man3/EVP_MD_meth_new.3
pod2man --name=EVP_OPENINIT --section=3ssl --center=OpenSSL \
	--date=2026-08-25 --release=3.6.4 \
	doc/man3/EVP_OpenInit.pod >doc/man/man3/EVP_OpenInit.3
pod2man --name=EVP_PBE_CIPHERINIT --section=3ssl --center=OpenSSL \
	--date=2026-08-25 --release=3.6.4 \
	doc/man3/EVP_PBE_CipherInit.pod >doc/man/man3/EVP_PBE_CipherInit.3
pod2man --name=EVP_PKEY2PKCS8 --section=3ssl --center=OpenSSL \
	--date=2026-08-25 --release=3.6.4 \
	doc/man3/EVP_PKEY2PKCS8.pod >doc/man/man3/EVP_PKEY2PKCS8.3
pod2man --name=EVP_PKEY_ASN1_METHOD --section=3ssl --center=OpenSSL \
	--date=2026-08-25 --release=3.6.4 \
	doc/man3/EVP_PKEY_ASN1_METHOD.pod >doc/man/man3/EVP_PKEY_ASN1_METHOD.3
pod2man --name=EVP_PKEY_CTX_CTRL --section=3ssl --center=OpenSSL \
	--date=2026-08-25 --release=3.6.4 \
	doc/man3/EVP_PKEY_CTX_ctrl.pod >doc/man/man3/EVP_PKEY_CTX_ctrl.3
pod2man --name=EVP_PKEY_CTX_GET0_LIBCTX --section=3ssl --center=OpenSSL \
	--date=2026-08-25 --release=3.6.4 \
	doc/man3/EVP_PKEY_CTX_get0_libctx.pod >doc/man/man3/EVP_PKEY_CTX_get0_libctx.3
pod2man --name=EVP_PKEY_CTX_GET0_PKEY --section=3ssl --center=OpenSSL \
	--date=2026-08-25 --release=3.6.4 \
	doc/man3/EVP_PKEY_CTX_get0_pkey.pod >doc/man/man3/EVP_PKEY_CTX_get0_pkey.3
pod2man --name=EVP_PKEY_CTX_GET_ALGOR --section=3ssl --center=OpenSSL \
	--date=2026-08-25 --release=3.6.4 \
	doc/man3/EVP_PKEY_CTX_get_algor.pod >doc/man/man3/EVP_PKEY_CTX_get_algor.3
pod2man --name=EVP_PKEY_CTX_NEW --section=3ssl --center=OpenSSL \
	--date=2026-08-25 --release=3.6.4 \
	doc/man3/EVP_PKEY_CTX_new.pod >doc/man/man3/EVP_PKEY_CTX_new.3
pod2man --name=EVP_PKEY_CTX_SET1_PBE_PASS --section=3ssl --center=OpenSSL \
	--date=2026-08-25 --release=3.6.4 \
	doc/man3/EVP_PKEY_CTX_set1_pbe_pass.pod >doc/man/man3/EVP_PKEY_CTX_set1_pbe_pass.3
pod2man --name=EVP_PKEY_CTX_SET_HKDF_MD --section=3ssl --center=OpenSSL \
	--date=2026-08-25 --release=3.6.4 \
	doc/man3/EVP_PKEY_CTX_set_hkdf_md.pod >doc/man/man3/EVP_PKEY_CTX_set_hkdf_md.3
pod2man --name=EVP_PKEY_CTX_SET_PARAMS --section=3ssl --center=OpenSSL \
	--date=2026-08-25 --release=3.6.4 \
	doc/man3/EVP_PKEY_CTX_set_params.pod >doc/man/man3/EVP_PKEY_CTX_set_params.3
pod2man --name=EVP_PKEY_CTX_SET_RSA_PSS_KEYGEN_MD --section=3ssl --center=OpenSSL \
	--date=2026-08-25 --release=3.6.4 \
	doc/man3/EVP_PKEY_CTX_set_rsa_pss_keygen_md.pod >doc/man/man3/EVP_PKEY_CTX_set_rsa_pss_keygen_md.3
pod2man --name=EVP_PKEY_CTX_SET_SCRYPT_N --section=3ssl --center=OpenSSL \
	--date=2026-08-25 --release=3.6.4 \
	doc/man3/EVP_PKEY_CTX_set_scrypt_N.pod >doc/man/man3/EVP_PKEY_CTX_set_scrypt_N.3
pod2man --name=EVP_PKEY_CTX_SET_TLS1_PRF_MD --section=3ssl --center=OpenSSL \
	--date=2026-08-25 --release=3.6.4 \
	doc/man3/EVP_PKEY_CTX_set_tls1_prf_md.pod >doc/man/man3/EVP_PKEY_CTX_set_tls1_prf_md.3
pod2man --name=EVP_PKEY_ASN1_GET_COUNT --section=3ssl --center=OpenSSL \
	--date=2026-08-25 --release=3.6.4 \
	doc/man3/EVP_PKEY_asn1_get_count.pod >doc/man/man3/EVP_PKEY_asn1_get_count.3
pod2man --name=EVP_PKEY_CHECK --section=3ssl --center=OpenSSL \
	--date=2026-08-25 --release=3.6.4 \
	doc/man3/EVP_PKEY_check.pod >doc/man/man3/EVP_PKEY_check.3
pod2man --name=EVP_PKEY_COPY_PARAMETERS --section=3ssl --center=OpenSSL \
	--date=2026-08-25 --release=3.6.4 \
	doc/man3/EVP_PKEY_copy_parameters.pod >doc/man/man3/EVP_PKEY_copy_parameters.3
pod2man --name=EVP_PKEY_DECAPSULATE --section=3ssl --center=OpenSSL \
	--date=2026-08-25 --release=3.6.4 \
	doc/man3/EVP_PKEY_decapsulate.pod >doc/man/man3/EVP_PKEY_decapsulate.3
pod2man --name=EVP_PKEY_DECRYPT --section=3ssl --center=OpenSSL \
	--date=2026-08-25 --release=3.6.4 \
	doc/man3/EVP_PKEY_decrypt.pod >doc/man/man3/EVP_PKEY_decrypt.3
pod2man --name=EVP_PKEY_DERIVE --section=3ssl --center=OpenSSL \
	--date=2026-08-25 --release=3.6.4 \
	doc/man3/EVP_PKEY_derive.pod >doc/man/man3/EVP_PKEY_derive.3
pod2man --name=EVP_PKEY_DIGESTSIGN_SUPPORTS_DIGEST --section=3ssl --center=OpenSSL \
	--date=2026-08-25 --release=3.6.4 \
	doc/man3/EVP_PKEY_digestsign_supports_digest.pod >doc/man/man3/EVP_PKEY_digestsign_supports_digest.3
pod2man --name=EVP_PKEY_ENCAPSULATE --section=3ssl --center=OpenSSL \
	--date=2026-08-25 --release=3.6.4 \
	doc/man3/EVP_PKEY_encapsulate.pod >doc/man/man3/EVP_PKEY_encapsulate.3
pod2man --name=EVP_PKEY_ENCRYPT --section=3ssl --center=OpenSSL \
	--date=2026-08-25 --release=3.6.4 \
	doc/man3/EVP_PKEY_encrypt.pod >doc/man/man3/EVP_PKEY_encrypt.3
pod2man --name=EVP_PKEY_FROMDATA --section=3ssl --center=OpenSSL \
	--date=2026-08-25 --release=3.6.4 \
	doc/man3/EVP_PKEY_fromdata.pod >doc/man/man3/EVP_PKEY_fromdata.3
pod2man --name=EVP_PKEY_GET_ATTR --section=3ssl --center=OpenSSL \
	--date=2026-08-25 --release=3.6.4 \
	doc/man3/EVP_PKEY_get_attr.pod >doc/man/man3/EVP_PKEY_get_attr.3
pod2man --name=EVP_PKEY_GET_DEFAULT_DIGEST_NID --section=3ssl --center=OpenSSL \
	--date=2026-08-25 --release=3.6.4 \
	doc/man3/EVP_PKEY_get_default_digest_nid.pod >doc/man/man3/EVP_PKEY_get_default_digest_nid.3
pod2man --name=EVP_PKEY_GET_FIELD_TYPE --section=3ssl --center=OpenSSL \
	--date=2026-08-25 --release=3.6.4 \
	doc/man3/EVP_PKEY_get_field_type.pod >doc/man/man3/EVP_PKEY_get_field_type.3
pod2man --name=EVP_PKEY_GET_GROUP_NAME --section=3ssl --center=OpenSSL \
	--date=2026-08-25 --release=3.6.4 \
	doc/man3/EVP_PKEY_get_group_name.pod >doc/man/man3/EVP_PKEY_get_group_name.3
pod2man --name=EVP_PKEY_GET_SIZE --section=3ssl --center=OpenSSL \
	--date=2026-08-25 --release=3.6.4 \
	doc/man3/EVP_PKEY_get_size.pod >doc/man/man3/EVP_PKEY_get_size.3
pod2man --name=EVP_PKEY_GETTABLE_PARAMS --section=3ssl --center=OpenSSL \
	--date=2026-08-25 --release=3.6.4 \
	doc/man3/EVP_PKEY_gettable_params.pod >doc/man/man3/EVP_PKEY_gettable_params.3
pod2man --name=EVP_PKEY_IS_A --section=3ssl --center=OpenSSL \
	--date=2026-08-25 --release=3.6.4 \
	doc/man3/EVP_PKEY_is_a.pod >doc/man/man3/EVP_PKEY_is_a.3
pod2man --name=EVP_PKEY_KEYGEN --section=3ssl --center=OpenSSL \
	--date=2026-08-25 --release=3.6.4 \
	doc/man3/EVP_PKEY_keygen.pod >doc/man/man3/EVP_PKEY_keygen.3
pod2man --name=EVP_PKEY_METH_GET_COUNT --section=3ssl --center=OpenSSL \
	--date=2026-08-25 --release=3.6.4 \
	doc/man3/EVP_PKEY_meth_get_count.pod >doc/man/man3/EVP_PKEY_meth_get_count.3
pod2man --name=EVP_PKEY_METH_NEW --section=3ssl --center=OpenSSL \
	--date=2026-08-25 --release=3.6.4 \
	doc/man3/EVP_PKEY_meth_new.pod >doc/man/man3/EVP_PKEY_meth_new.3
pod2man --name=EVP_PKEY_NEW --section=3ssl --center=OpenSSL \
	--date=2026-08-25 --release=3.6.4 \
	doc/man3/EVP_PKEY_new.pod >doc/man/man3/EVP_PKEY_new.3
pod2man --name=EVP_PKEY_PRINT_PRIVATE --section=3ssl --center=OpenSSL \
	--date=2026-08-25 --release=3.6.4 \
	doc/man3/EVP_PKEY_print_private.pod >doc/man/man3/EVP_PKEY_print_private.3
pod2man --name=EVP_PKEY_SET1_RSA --section=3ssl --center=OpenSSL \
	--date=2026-08-25 --release=3.6.4 \
	doc/man3/EVP_PKEY_set1_RSA.pod >doc/man/man3/EVP_PKEY_set1_RSA.3
pod2man --name=EVP_PKEY_SET1_ENCODED_PUBLIC_KEY --section=3ssl --center=OpenSSL \
	--date=2026-08-25 --release=3.6.4 \
	doc/man3/EVP_PKEY_set1_encoded_public_key.pod >doc/man/man3/EVP_PKEY_set1_encoded_public_key.3
pod2man --name=EVP_PKEY_SET_TYPE --section=3ssl --center=OpenSSL \
	--date=2026-08-25 --release=3.6.4 \
	doc/man3/EVP_PKEY_set_type.pod >doc/man/man3/EVP_PKEY_set_type.3
pod2man --name=EVP_PKEY_SETTABLE_PARAMS --section=3ssl --center=OpenSSL \
	--date=2026-08-25 --release=3.6.4 \
	doc/man3/EVP_PKEY_settable_params.pod >doc/man/man3/EVP_PKEY_settable_params.3
pod2man --name=EVP_PKEY_SIGN --section=3ssl --center=OpenSSL \
	--date=2026-08-25 --release=3.6.4 \
	doc/man3/EVP_PKEY_sign.pod >doc/man/man3/EVP_PKEY_sign.3
pod2man --name=EVP_PKEY_TODATA --section=3ssl --center=OpenSSL \
	--date=2026-08-25 --release=3.6.4 \
	doc/man3/EVP_PKEY_todata.pod >doc/man/man3/EVP_PKEY_todata.3
pod2man --name=EVP_PKEY_VERIFY --section=3ssl --center=OpenSSL \
	--date=2026-08-25 --release=3.6.4 \
	doc/man3/EVP_PKEY_verify.pod >doc/man/man3/EVP_PKEY_verify.3
pod2man --name=EVP_PKEY_VERIFY_RECOVER --section=3ssl --center=OpenSSL \
	--date=2026-08-25 --release=3.6.4 \
	doc/man3/EVP_PKEY_verify_recover.pod >doc/man/man3/EVP_PKEY_verify_recover.3
pod2man --name=EVP_RAND --section=3ssl --center=OpenSSL \
	--date=2026-08-25 --release=3.6.4 \
	doc/man3/EVP_RAND.pod >doc/man/man3/EVP_RAND.3
pod2man --name=EVP_SIGNATURE --section=3ssl --center=OpenSSL \
	--date=2026-08-25 --release=3.6.4 \
	doc/man3/EVP_SIGNATURE.pod >doc/man/man3/EVP_SIGNATURE.3
pod2man --name=EVP_SKEY --section=3ssl --center=OpenSSL \
	--date=2026-08-25 --release=3.6.4 \
	doc/man3/EVP_SKEY.pod >doc/man/man3/EVP_SKEY.3
pod2man --name=EVP_SKEYMGMT --section=3ssl --center=OpenSSL \
	--date=2026-08-25 --release=3.6.4 \
	doc/man3/EVP_SKEYMGMT.pod >doc/man/man3/EVP_SKEYMGMT.3
pod2man --name=EVP_SEALINIT --section=3ssl --center=OpenSSL \
	--date=2026-08-25 --release=3.6.4 \
	doc/man3/EVP_SealInit.pod >doc/man/man3/EVP_SealInit.3
pod2man --name=EVP_SIGNINIT --section=3ssl --center=OpenSSL \
	--date=2026-08-25 --release=3.6.4 \
	doc/man3/EVP_SignInit.pod >doc/man/man3/EVP_SignInit.3
pod2man --name=EVP_VERIFYINIT --section=3ssl --center=OpenSSL \
	--date=2026-08-25 --release=3.6.4 \
	doc/man3/EVP_VerifyInit.pod >doc/man/man3/EVP_VerifyInit.3
pod2man --name=EVP_AES_128_GCM --section=3ssl --center=OpenSSL \
	--date=2026-08-25 --release=3.6.4 \
	doc/man3/EVP_aes_128_gcm.pod >doc/man/man3/EVP_aes_128_gcm.3
pod2man --name=EVP_ARIA_128_GCM --section=3ssl --center=OpenSSL \
	--date=2026-08-25 --release=3.6.4 \
	doc/man3/EVP_aria_128_gcm.pod >doc/man/man3/EVP_aria_128_gcm.3
pod2man --name=EVP_BF_CBC --section=3ssl --center=OpenSSL \
	--date=2026-08-25 --release=3.6.4 \
	doc/man3/EVP_bf_cbc.pod >doc/man/man3/EVP_bf_cbc.3
pod2man --name=EVP_BLAKE2B512 --section=3ssl --center=OpenSSL \
	--date=2026-08-25 --release=3.6.4 \
	doc/man3/EVP_blake2b512.pod >doc/man/man3/EVP_blake2b512.3
pod2man --name=EVP_CAMELLIA_128_ECB --section=3ssl --center=OpenSSL \
	--date=2026-08-25 --release=3.6.4 \
	doc/man3/EVP_camellia_128_ecb.pod >doc/man/man3/EVP_camellia_128_ecb.3
pod2man --name=EVP_CAST5_CBC --section=3ssl --center=OpenSSL \
	--date=2026-08-25 --release=3.6.4 \
	doc/man3/EVP_cast5_cbc.pod >doc/man/man3/EVP_cast5_cbc.3
pod2man --name=EVP_CHACHA20 --section=3ssl --center=OpenSSL \
	--date=2026-08-25 --release=3.6.4 \
	doc/man3/EVP_chacha20.pod >doc/man/man3/EVP_chacha20.3
pod2man --name=EVP_DES_CBC --section=3ssl --center=OpenSSL \
	--date=2026-08-25 --release=3.6.4 \
	doc/man3/EVP_des_cbc.pod >doc/man/man3/EVP_des_cbc.3
pod2man --name=EVP_DESX_CBC --section=3ssl --center=OpenSSL \
	--date=2026-08-25 --release=3.6.4 \
	doc/man3/EVP_desx_cbc.pod >doc/man/man3/EVP_desx_cbc.3
pod2man --name=EVP_IDEA_CBC --section=3ssl --center=OpenSSL \
	--date=2026-08-25 --release=3.6.4 \
	doc/man3/EVP_idea_cbc.pod >doc/man/man3/EVP_idea_cbc.3
pod2man --name=EVP_MD2 --section=3ssl --center=OpenSSL \
	--date=2026-08-25 --release=3.6.4 \
	doc/man3/EVP_md2.pod >doc/man/man3/EVP_md2.3
pod2man --name=EVP_MD4 --section=3ssl --center=OpenSSL \
	--date=2026-08-25 --release=3.6.4 \
	doc/man3/EVP_md4.pod >doc/man/man3/EVP_md4.3
pod2man --name=EVP_MD5 --section=3ssl --center=OpenSSL \
	--date=2026-08-25 --release=3.6.4 \
	doc/man3/EVP_md5.pod >doc/man/man3/EVP_md5.3
pod2man --name=EVP_MDC2 --section=3ssl --center=OpenSSL \
	--date=2026-08-25 --release=3.6.4 \
	doc/man3/EVP_mdc2.pod >doc/man/man3/EVP_mdc2.3
pod2man --name=EVP_RC2_CBC --section=3ssl --center=OpenSSL \
	--date=2026-08-25 --release=3.6.4 \
	doc/man3/EVP_rc2_cbc.pod >doc/man/man3/EVP_rc2_cbc.3
pod2man --name=EVP_RC4 --section=3ssl --center=OpenSSL \
	--date=2026-08-25 --release=3.6.4 \
	doc/man3/EVP_rc4.pod >doc/man/man3/EVP_rc4.3
pod2man --name=EVP_RC5_32_12_16_CBC --section=3ssl --center=OpenSSL \
	--date=2026-08-25 --release=3.6.4 \
	doc/man3/EVP_rc5_32_12_16_cbc.pod >doc/man/man3/EVP_rc5_32_12_16_cbc.3
pod2man --name=EVP_RIPEMD160 --section=3ssl --center=OpenSSL \
	--date=2026-08-25 --release=3.6.4 \
	doc/man3/EVP_ripemd160.pod >doc/man/man3/EVP_ripemd160.3
pod2man --name=EVP_SEED_CBC --section=3ssl --center=OpenSSL \
	--date=2026-08-25 --release=3.6.4 \
	doc/man3/EVP_seed_cbc.pod >doc/man/man3/EVP_seed_cbc.3
pod2man --name=EVP_SET_DEFAULT_PROPERTIES --section=3ssl --center=OpenSSL \
	--date=2026-08-25 --release=3.6.4 \
	doc/man3/EVP_set_default_properties.pod >doc/man/man3/EVP_set_default_properties.3
pod2man --name=EVP_SHA1 --section=3ssl --center=OpenSSL \
	--date=2026-08-25 --release=3.6.4 \
	doc/man3/EVP_sha1.pod >doc/man/man3/EVP_sha1.3
pod2man --name=EVP_SHA224 --section=3ssl --center=OpenSSL \
	--date=2026-08-25 --release=3.6.4 \
	doc/man3/EVP_sha224.pod >doc/man/man3/EVP_sha224.3
pod2man --name=EVP_SHA3_224 --section=3ssl --center=OpenSSL \
	--date=2026-08-25 --release=3.6.4 \
	doc/man3/EVP_sha3_224.pod >doc/man/man3/EVP_sha3_224.3
pod2man --name=EVP_SM3 --section=3ssl --center=OpenSSL \
	--date=2026-08-25 --release=3.6.4 \
	doc/man3/EVP_sm3.pod >doc/man/man3/EVP_sm3.3
pod2man --name=EVP_SM4_CBC --section=3ssl --center=OpenSSL \
	--date=2026-08-25 --release=3.6.4 \
	doc/man3/EVP_sm4_cbc.pod >doc/man/man3/EVP_sm4_cbc.3
pod2man --name=EVP_WHIRLPOOL --section=3ssl --center=OpenSSL \
	--date=2026-08-25 --release=3.6.4 \
	doc/man3/EVP_whirlpool.pod >doc/man/man3/EVP_whirlpool.3
pod2man --name=GENERAL_NAME --section=3ssl --center=OpenSSL \
	--date=2026-08-25 --release=3.6.4 \
	doc/man3/GENERAL_NAME.pod >doc/man/man3/GENERAL_NAME.3
pod2man --name=HMAC --section=3ssl --center=OpenSSL \
	--date=2026-08-25 --release=3.6.4 \
	doc/man3/HMAC.pod >doc/man/man3/HMAC.3
pod2man --name=MD5 --section=3ssl --center=OpenSSL \
	--date=2026-08-25 --release=3.6.4 \
	doc/man3/MD5.pod >doc/man/man3/MD5.3
pod2man --name=MDC2_INIT --section=3ssl --center=OpenSSL \
	--date=2026-08-25 --release=3.6.4 \
	doc/man3/MDC2_Init.pod >doc/man/man3/MDC2_Init.3
pod2man --name=NAME_CONSTRAINTS_CHECK --section=3ssl --center=OpenSSL \
	--date=2026-08-25 --release=3.6.4 \
	doc/man3/NAME_CONSTRAINTS_check.pod >doc/man/man3/NAME_CONSTRAINTS_check.3
pod2man --name=NCONF_NEW_EX --section=3ssl --center=OpenSSL \
	--date=2026-08-25 --release=3.6.4 \
	doc/man3/NCONF_new_ex.pod >doc/man/man3/NCONF_new_ex.3
pod2man --name=OBJ_NID2OBJ --section=3ssl --center=OpenSSL \
	--date=2026-08-25 --release=3.6.4 \
	doc/man3/OBJ_nid2obj.pod >doc/man/man3/OBJ_nid2obj.3
pod2man --name=OCSP_REQUEST_NEW --section=3ssl --center=OpenSSL \
	--date=2026-08-25 --release=3.6.4 \
	doc/man3/OCSP_REQUEST_new.pod >doc/man/man3/OCSP_REQUEST_new.3
pod2man --name=OCSP_CERT_TO_ID --section=3ssl --center=OpenSSL \
	--date=2026-08-25 --release=3.6.4 \
	doc/man3/OCSP_cert_to_id.pod >doc/man/man3/OCSP_cert_to_id.3
pod2man --name=OCSP_REQUEST_ADD1_NONCE --section=3ssl --center=OpenSSL \
	--date=2026-08-25 --release=3.6.4 \
	doc/man3/OCSP_request_add1_nonce.pod >doc/man/man3/OCSP_request_add1_nonce.3
pod2man --name=OCSP_RESP_FIND_STATUS --section=3ssl --center=OpenSSL \
	--date=2026-08-25 --release=3.6.4 \
	doc/man3/OCSP_resp_find_status.pod >doc/man/man3/OCSP_resp_find_status.3
pod2man --name=OCSP_RESPONSE_STATUS --section=3ssl --center=OpenSSL \
	--date=2026-08-25 --release=3.6.4 \
	doc/man3/OCSP_response_status.pod >doc/man/man3/OCSP_response_status.3
pod2man --name=OCSP_SENDREQ_NEW --section=3ssl --center=OpenSSL \
	--date=2026-08-25 --release=3.6.4 \
	doc/man3/OCSP_sendreq_new.pod >doc/man/man3/OCSP_sendreq_new.3
pod2man --name=OPENSSL_APPLINK --section=3ssl --center=OpenSSL \
	--date=2026-08-25 --release=3.6.4 \
	doc/man3/OPENSSL_Applink.pod >doc/man/man3/OPENSSL_Applink.3
pod2man --name=OPENSSL_FILE --section=3ssl --center=OpenSSL \
	--date=2026-08-25 --release=3.6.4 \
	doc/man3/OPENSSL_FILE.pod >doc/man/man3/OPENSSL_FILE.3
pod2man --name=OPENSSL_LH_COMPFUNC --section=3ssl --center=OpenSSL \
	--date=2026-08-25 --release=3.6.4 \
	doc/man3/OPENSSL_LH_COMPFUNC.pod >doc/man/man3/OPENSSL_LH_COMPFUNC.3
pod2man --name=OPENSSL_LH_STATS --section=3ssl --center=OpenSSL \
	--date=2026-08-25 --release=3.6.4 \
	doc/man3/OPENSSL_LH_stats.pod >doc/man/man3/OPENSSL_LH_stats.3
pod2man --name=OPENSSL_ARMCAP --section=3ssl --center=OpenSSL \
	--date=2026-08-25 --release=3.6.4 \
	doc/man3/OPENSSL_armcap.pod >doc/man/man3/OPENSSL_armcap.3
pod2man --name=OPENSSL_CONFIG --section=3ssl --center=OpenSSL \
	--date=2026-08-25 --release=3.6.4 \
	doc/man3/OPENSSL_config.pod >doc/man/man3/OPENSSL_config.3
pod2man --name=OPENSSL_FORK_PREPARE --section=3ssl --center=OpenSSL \
	--date=2026-08-25 --release=3.6.4 \
	doc/man3/OPENSSL_fork_prepare.pod >doc/man/man3/OPENSSL_fork_prepare.3
pod2man --name=OPENSSL_GMTIME --section=3ssl --center=OpenSSL \
	--date=2026-08-25 --release=3.6.4 \
	doc/man3/OPENSSL_gmtime.pod >doc/man/man3/OPENSSL_gmtime.3
pod2man --name=OPENSSL_HEXCHAR2INT --section=3ssl --center=OpenSSL \
	--date=2026-08-25 --release=3.6.4 \
	doc/man3/OPENSSL_hexchar2int.pod >doc/man/man3/OPENSSL_hexchar2int.3
pod2man --name=OPENSSL_IA32CAP --section=3ssl --center=OpenSSL \
	--date=2026-08-25 --release=3.6.4 \
	doc/man3/OPENSSL_ia32cap.pod >doc/man/man3/OPENSSL_ia32cap.3
pod2man --name=OPENSSL_INIT_CRYPTO --section=3ssl --center=OpenSSL \
	--date=2026-08-25 --release=3.6.4 \
	doc/man3/OPENSSL_init_crypto.pod >doc/man/man3/OPENSSL_init_crypto.3
pod2man --name=OPENSSL_INIT_SSL --section=3ssl --center=OpenSSL \
	--date=2026-08-25 --release=3.6.4 \
	doc/man3/OPENSSL_init_ssl.pod >doc/man/man3/OPENSSL_init_ssl.3
pod2man --name=OPENSSL_INSTRUMENT_BUS --section=3ssl --center=OpenSSL \
	--date=2026-08-25 --release=3.6.4 \
	doc/man3/OPENSSL_instrument_bus.pod >doc/man/man3/OPENSSL_instrument_bus.3
pod2man --name=OPENSSL_LOAD_BUILTIN_MODULES --section=3ssl --center=OpenSSL \
	--date=2026-08-25 --release=3.6.4 \
	doc/man3/OPENSSL_load_builtin_modules.pod >doc/man/man3/OPENSSL_load_builtin_modules.3
pod2man --name=OPENSSL_LOAD_U16_LE --section=3ssl --center=OpenSSL \
	--date=2026-08-25 --release=3.6.4 \
	doc/man3/OPENSSL_load_u16_le.pod >doc/man/man3/OPENSSL_load_u16_le.3
pod2man --name=OPENSSL_MALLOC --section=3ssl --center=OpenSSL \
	--date=2026-08-25 --release=3.6.4 \
	doc/man3/OPENSSL_malloc.pod >doc/man/man3/OPENSSL_malloc.3
pod2man --name=OPENSSL_PPCCAP --section=3ssl --center=OpenSSL \
	--date=2026-08-25 --release=3.6.4 \
	doc/man3/OPENSSL_ppccap.pod >doc/man/man3/OPENSSL_ppccap.3
pod2man --name=OPENSSL_RISCVCAP --section=3ssl --center=OpenSSL \
	--date=2026-08-25 --release=3.6.4 \
	doc/man3/OPENSSL_riscvcap.pod >doc/man/man3/OPENSSL_riscvcap.3
pod2man --name=OPENSSL_S390XCAP --section=3ssl --center=OpenSSL \
	--date=2026-08-25 --release=3.6.4 \
	doc/man3/OPENSSL_s390xcap.pod >doc/man/man3/OPENSSL_s390xcap.3
pod2man --name=OPENSSL_SECURE_MALLOC --section=3ssl --center=OpenSSL \
	--date=2026-08-25 --release=3.6.4 \
	doc/man3/OPENSSL_secure_malloc.pod >doc/man/man3/OPENSSL_secure_malloc.3
pod2man --name=OPENSSL_STRCASECMP --section=3ssl --center=OpenSSL \
	--date=2026-08-25 --release=3.6.4 \
	doc/man3/OPENSSL_strcasecmp.pod >doc/man/man3/OPENSSL_strcasecmp.3
pod2man --name=OSSL_ALGORITHM --section=3ssl --center=OpenSSL \
	--date=2026-08-25 --release=3.6.4 \
	doc/man3/OSSL_ALGORITHM.pod >doc/man/man3/OSSL_ALGORITHM.3
pod2man --name=OSSL_CALLBACK --section=3ssl --center=OpenSSL \
	--date=2026-08-25 --release=3.6.4 \
	doc/man3/OSSL_CALLBACK.pod >doc/man/man3/OSSL_CALLBACK.3
pod2man --name=OSSL_CMP_ATAV_SET0 --section=3ssl --center=OpenSSL \
	--date=2026-08-25 --release=3.6.4 \
	doc/man3/OSSL_CMP_ATAV_set0.pod >doc/man/man3/OSSL_CMP_ATAV_set0.3
pod2man --name=OSSL_CMP_CTX_NEW --section=3ssl --center=OpenSSL \
	--date=2026-08-25 --release=3.6.4 \
	doc/man3/OSSL_CMP_CTX_new.pod >doc/man/man3/OSSL_CMP_CTX_new.3
pod2man --name=OSSL_CMP_HDR_GET0_TRANSACTIONID --section=3ssl --center=OpenSSL \
	--date=2026-08-25 --release=3.6.4 \
	doc/man3/OSSL_CMP_HDR_get0_transactionID.pod >doc/man/man3/OSSL_CMP_HDR_get0_transactionID.3
pod2man --name=OSSL_CMP_ITAV_NEW_CACERTS --section=3ssl --center=OpenSSL \
	--date=2026-08-25 --release=3.6.4 \
	doc/man3/OSSL_CMP_ITAV_new_caCerts.pod >doc/man/man3/OSSL_CMP_ITAV_new_caCerts.3
pod2man --name=OSSL_CMP_ITAV_SET0 --section=3ssl --center=OpenSSL \
	--date=2026-08-25 --release=3.6.4 \
	doc/man3/OSSL_CMP_ITAV_set0.pod >doc/man/man3/OSSL_CMP_ITAV_set0.3
pod2man --name=OSSL_CMP_MSG_GET0_HEADER --section=3ssl --center=OpenSSL \
	--date=2026-08-25 --release=3.6.4 \
	doc/man3/OSSL_CMP_MSG_get0_header.pod >doc/man/man3/OSSL_CMP_MSG_get0_header.3
pod2man --name=OSSL_CMP_MSG_HTTP_PERFORM --section=3ssl --center=OpenSSL \
	--date=2026-08-25 --release=3.6.4 \
	doc/man3/OSSL_CMP_MSG_http_perform.pod >doc/man/man3/OSSL_CMP_MSG_http_perform.3
pod2man --name=OSSL_CMP_SRV_CTX_NEW --section=3ssl --center=OpenSSL \
	--date=2026-08-25 --release=3.6.4 \
	doc/man3/OSSL_CMP_SRV_CTX_new.pod >doc/man/man3/OSSL_CMP_SRV_CTX_new.3
pod2man --name=OSSL_CMP_STATUSINFO_NEW --section=3ssl --center=OpenSSL \
	--date=2026-08-25 --release=3.6.4 \
	doc/man3/OSSL_CMP_STATUSINFO_new.pod >doc/man/man3/OSSL_CMP_STATUSINFO_new.3
pod2man --name=OSSL_CMP_EXEC_CERTREQ --section=3ssl --center=OpenSSL \
	--date=2026-08-25 --release=3.6.4 \
	doc/man3/OSSL_CMP_exec_certreq.pod >doc/man/man3/OSSL_CMP_exec_certreq.3
pod2man --name=OSSL_CMP_LOG_OPEN --section=3ssl --center=OpenSSL \
	--date=2026-08-25 --release=3.6.4 \
	doc/man3/OSSL_CMP_log_open.pod >doc/man/man3/OSSL_CMP_log_open.3
pod2man --name=OSSL_CMP_VALIDATE_MSG --section=3ssl --center=OpenSSL \
	--date=2026-08-25 --release=3.6.4 \
	doc/man3/OSSL_CMP_validate_msg.pod >doc/man/man3/OSSL_CMP_validate_msg.3
pod2man --name=OSSL_CORE_MAKE_FUNC --section=3ssl --center=OpenSSL \
	--date=2026-08-25 --release=3.6.4 \
	doc/man3/OSSL_CORE_MAKE_FUNC.pod >doc/man/man3/OSSL_CORE_MAKE_FUNC.3
pod2man --name=OSSL_CRMF_MSG_GET0_TMPL --section=3ssl --center=OpenSSL \
	--date=2026-08-25 --release=3.6.4 \
	doc/man3/OSSL_CRMF_MSG_get0_tmpl.pod >doc/man/man3/OSSL_CRMF_MSG_get0_tmpl.3
pod2man --name=OSSL_CRMF_MSG_SET0_VALIDITY --section=3ssl --center=OpenSSL \
	--date=2026-08-25 --release=3.6.4 \
	doc/man3/OSSL_CRMF_MSG_set0_validity.pod >doc/man/man3/OSSL_CRMF_MSG_set0_validity.3
pod2man --name=OSSL_CRMF_MSG_SET1_REGCTRL_REGTOKEN --section=3ssl --center=OpenSSL \
	--date=2026-08-25 --release=3.6.4 \
	doc/man3/OSSL_CRMF_MSG_set1_regCtrl_regToken.pod >doc/man/man3/OSSL_CRMF_MSG_set1_regCtrl_regToken.3
pod2man --name=OSSL_CRMF_MSG_SET1_REGINFO_CERTREQ --section=3ssl --center=OpenSSL \
	--date=2026-08-25 --release=3.6.4 \
	doc/man3/OSSL_CRMF_MSG_set1_regInfo_certReq.pod >doc/man/man3/OSSL_CRMF_MSG_set1_regInfo_certReq.3
pod2man --name=OSSL_CRMF_PBMP_NEW --section=3ssl --center=OpenSSL \
	--date=2026-08-25 --release=3.6.4 \
	doc/man3/OSSL_CRMF_pbmp_new.pod >doc/man/man3/OSSL_CRMF_pbmp_new.3
pod2man --name=OSSL_DECODER --section=3ssl --center=OpenSSL \
	--date=2026-08-25 --release=3.6.4 \
	doc/man3/OSSL_DECODER.pod >doc/man/man3/OSSL_DECODER.3
pod2man --name=OSSL_DECODER_CTX --section=3ssl --center=OpenSSL \
	--date=2026-08-25 --release=3.6.4 \
	doc/man3/OSSL_DECODER_CTX.pod >doc/man/man3/OSSL_DECODER_CTX.3
pod2man --name=OSSL_DECODER_CTX_NEW_FOR_PKEY --section=3ssl --center=OpenSSL \
	--date=2026-08-25 --release=3.6.4 \
	doc/man3/OSSL_DECODER_CTX_new_for_pkey.pod >doc/man/man3/OSSL_DECODER_CTX_new_for_pkey.3
pod2man --name=OSSL_DECODER_FROM_BIO --section=3ssl --center=OpenSSL \
	--date=2026-08-25 --release=3.6.4 \
	doc/man3/OSSL_DECODER_from_bio.pod >doc/man/man3/OSSL_DECODER_from_bio.3
pod2man --name=OSSL_DISPATCH --section=3ssl --center=OpenSSL \
	--date=2026-08-25 --release=3.6.4 \
	doc/man3/OSSL_DISPATCH.pod >doc/man/man3/OSSL_DISPATCH.3
pod2man --name=OSSL_ENCODER --section=3ssl --center=OpenSSL \
	--date=2026-08-25 --release=3.6.4 \
	doc/man3/OSSL_ENCODER.pod >doc/man/man3/OSSL_ENCODER.3
pod2man --name=OSSL_ENCODER_CTX --section=3ssl --center=OpenSSL \
	--date=2026-08-25 --release=3.6.4 \
	doc/man3/OSSL_ENCODER_CTX.pod >doc/man/man3/OSSL_ENCODER_CTX.3
pod2man --name=OSSL_ENCODER_CTX_NEW_FOR_PKEY --section=3ssl --center=OpenSSL \
	--date=2026-08-25 --release=3.6.4 \
	doc/man3/OSSL_ENCODER_CTX_new_for_pkey.pod >doc/man/man3/OSSL_ENCODER_CTX_new_for_pkey.3
pod2man --name=OSSL_ENCODER_TO_BIO --section=3ssl --center=OpenSSL \
	--date=2026-08-25 --release=3.6.4 \
	doc/man3/OSSL_ENCODER_to_bio.pod >doc/man/man3/OSSL_ENCODER_to_bio.3
pod2man --name=OSSL_ERR_STATE_SAVE --section=3ssl --center=OpenSSL \
	--date=2026-08-25 --release=3.6.4 \
	doc/man3/OSSL_ERR_STATE_save.pod >doc/man/man3/OSSL_ERR_STATE_save.3
pod2man --name=OSSL_ESS_CHECK_SIGNING_CERTS --section=3ssl --center=OpenSSL \
	--date=2026-08-25 --release=3.6.4 \
	doc/man3/OSSL_ESS_check_signing_certs.pod >doc/man/man3/OSSL_ESS_check_signing_certs.3
pod2man --name=OSSL_GENERAL_NAMES_PRINT --section=3ssl --center=OpenSSL \
	--date=2026-08-25 --release=3.6.4 \
	doc/man3/OSSL_GENERAL_NAMES_print.pod >doc/man/man3/OSSL_GENERAL_NAMES_print.3
pod2man --name=OSSL_HPKE_CTX_NEW --section=3ssl --center=OpenSSL \
	--date=2026-08-25 --release=3.6.4 \
	doc/man3/OSSL_HPKE_CTX_new.pod >doc/man/man3/OSSL_HPKE_CTX_new.3
pod2man --name=OSSL_HTTP_REQ_CTX --section=3ssl --center=OpenSSL \
	--date=2026-08-25 --release=3.6.4 \
	doc/man3/OSSL_HTTP_REQ_CTX.pod >doc/man/man3/OSSL_HTTP_REQ_CTX.3
pod2man --name=OSSL_HTTP_PARSE_URL --section=3ssl --center=OpenSSL \
	--date=2026-08-25 --release=3.6.4 \
	doc/man3/OSSL_HTTP_parse_url.pod >doc/man/man3/OSSL_HTTP_parse_url.3
pod2man --name=OSSL_HTTP_TRANSFER --section=3ssl --center=OpenSSL \
	--date=2026-08-25 --release=3.6.4 \
	doc/man3/OSSL_HTTP_transfer.pod >doc/man/man3/OSSL_HTTP_transfer.3
pod2man --name=OSSL_IETF_ATTR_SYNTAX --section=3ssl --center=OpenSSL \
	--date=2026-08-25 --release=3.6.4 \
	doc/man3/OSSL_IETF_ATTR_SYNTAX.pod >doc/man/man3/OSSL_IETF_ATTR_SYNTAX.3
pod2man --name=OSSL_IETF_ATTR_SYNTAX_PRINT --section=3ssl --center=OpenSSL \
	--date=2026-08-25 --release=3.6.4 \
	doc/man3/OSSL_IETF_ATTR_SYNTAX_print.pod >doc/man/man3/OSSL_IETF_ATTR_SYNTAX_print.3
pod2man --name=OSSL_INDICATOR_SET_CALLBACK --section=3ssl --center=OpenSSL \
	--date=2026-08-25 --release=3.6.4 \
	doc/man3/OSSL_INDICATOR_set_callback.pod >doc/man/man3/OSSL_INDICATOR_set_callback.3
pod2man --name=OSSL_ITEM --section=3ssl --center=OpenSSL \
	--date=2026-08-25 --release=3.6.4 \
	doc/man3/OSSL_ITEM.pod >doc/man/man3/OSSL_ITEM.3
pod2man --name=OSSL_LIB_CTX --section=3ssl --center=OpenSSL \
	--date=2026-08-25 --release=3.6.4 \
	doc/man3/OSSL_LIB_CTX.pod >doc/man/man3/OSSL_LIB_CTX.3
pod2man --name=OSSL_LIB_CTX_SET_CONF_DIAGNOSTICS --section=3ssl --center=OpenSSL \
	--date=2026-08-25 --release=3.6.4 \
	doc/man3/OSSL_LIB_CTX_set_conf_diagnostics.pod >doc/man/man3/OSSL_LIB_CTX_set_conf_diagnostics.3
pod2man --name=OSSL_PARAM --section=3ssl --center=OpenSSL \
	--date=2026-08-25 --release=3.6.4 \
	doc/man3/OSSL_PARAM.pod >doc/man/man3/OSSL_PARAM.3
pod2man --name=OSSL_PARAM_BLD --section=3ssl --center=OpenSSL \
	--date=2026-08-25 --release=3.6.4 \
	doc/man3/OSSL_PARAM_BLD.pod >doc/man/man3/OSSL_PARAM_BLD.3
pod2man --name=OSSL_PARAM_ALLOCATE_FROM_TEXT --section=3ssl --center=OpenSSL \
	--date=2026-08-25 --release=3.6.4 \
	doc/man3/OSSL_PARAM_allocate_from_text.pod >doc/man/man3/OSSL_PARAM_allocate_from_text.3
pod2man --name=OSSL_PARAM_DUP --section=3ssl --center=OpenSSL \
	--date=2026-08-25 --release=3.6.4 \
	doc/man3/OSSL_PARAM_dup.pod >doc/man/man3/OSSL_PARAM_dup.3
pod2man --name=OSSL_PARAM_INT --section=3ssl --center=OpenSSL \
	--date=2026-08-25 --release=3.6.4 \
	doc/man3/OSSL_PARAM_int.pod >doc/man/man3/OSSL_PARAM_int.3
pod2man --name=OSSL_PARAM_PRINT_TO_BIO --section=3ssl --center=OpenSSL \
	--date=2026-08-25 --release=3.6.4 \
	doc/man3/OSSL_PARAM_print_to_bio.pod >doc/man/man3/OSSL_PARAM_print_to_bio.3
pod2man --name=OSSL_PROVIDER --section=3ssl --center=OpenSSL \
	--date=2026-08-25 --release=3.6.4 \
	doc/man3/OSSL_PROVIDER.pod >doc/man/man3/OSSL_PROVIDER.3
pod2man --name=OSSL_QUIC_CLIENT_METHOD --section=3ssl --center=OpenSSL \
	--date=2026-08-25 --release=3.6.4 \
	doc/man3/OSSL_QUIC_client_method.pod >doc/man/man3/OSSL_QUIC_client_method.3
pod2man --name=OSSL_SELF_TEST_NEW --section=3ssl --center=OpenSSL \
	--date=2026-08-25 --release=3.6.4 \
	doc/man3/OSSL_SELF_TEST_new.pod >doc/man/man3/OSSL_SELF_TEST_new.3
pod2man --name=OSSL_SELF_TEST_SET_CALLBACK --section=3ssl --center=OpenSSL \
	--date=2026-08-25 --release=3.6.4 \
	doc/man3/OSSL_SELF_TEST_set_callback.pod >doc/man/man3/OSSL_SELF_TEST_set_callback.3
pod2man --name=OSSL_STORE_INFO --section=3ssl --center=OpenSSL \
	--date=2026-08-25 --release=3.6.4 \
	doc/man3/OSSL_STORE_INFO.pod >doc/man/man3/OSSL_STORE_INFO.3
pod2man --name=OSSL_STORE_LOADER --section=3ssl --center=OpenSSL \
	--date=2026-08-25 --release=3.6.4 \
	doc/man3/OSSL_STORE_LOADER.pod >doc/man/man3/OSSL_STORE_LOADER.3
pod2man --name=OSSL_STORE_SEARCH --section=3ssl --center=OpenSSL \
	--date=2026-08-25 --release=3.6.4 \
	doc/man3/OSSL_STORE_SEARCH.pod >doc/man/man3/OSSL_STORE_SEARCH.3
pod2man --name=OSSL_STORE_ATTACH --section=3ssl --center=OpenSSL \
	--date=2026-08-25 --release=3.6.4 \
	doc/man3/OSSL_STORE_attach.pod >doc/man/man3/OSSL_STORE_attach.3
pod2man --name=OSSL_STORE_EXPECT --section=3ssl --center=OpenSSL \
	--date=2026-08-25 --release=3.6.4 \
	doc/man3/OSSL_STORE_expect.pod >doc/man/man3/OSSL_STORE_expect.3
pod2man --name=OSSL_STORE_OPEN --section=3ssl --center=OpenSSL \
	--date=2026-08-25 --release=3.6.4 \
	doc/man3/OSSL_STORE_open.pod >doc/man/man3/OSSL_STORE_open.3
pod2man --name=OSSL_SLEEP --section=3ssl --center=OpenSSL \
	--date=2026-08-25 --release=3.6.4 \
	doc/man3/OSSL_sleep.pod >doc/man/man3/OSSL_sleep.3
pod2man --name=OSSL_TRACE_ENABLED --section=3ssl --center=OpenSSL \
	--date=2026-08-25 --release=3.6.4 \
	doc/man3/OSSL_trace_enabled.pod >doc/man/man3/OSSL_trace_enabled.3
pod2man --name=OSSL_TRACE_GET_CATEGORY_NUM --section=3ssl --center=OpenSSL \
	--date=2026-08-25 --release=3.6.4 \
	doc/man3/OSSL_trace_get_category_num.pod >doc/man/man3/OSSL_trace_get_category_num.3
pod2man --name=OSSL_TRACE_SET_CHANNEL --section=3ssl --center=OpenSSL \
	--date=2026-08-25 --release=3.6.4 \
	doc/man3/OSSL_trace_set_channel.pod >doc/man/man3/OSSL_trace_set_channel.3
pod2man --name=OPENSSL_ADD_ALL_ALGORITHMS --section=3ssl --center=OpenSSL \
	--date=2026-08-25 --release=3.6.4 \
	doc/man3/OpenSSL_add_all_algorithms.pod >doc/man/man3/OpenSSL_add_all_algorithms.3
pod2man --name=OPENSSL_VERSION --section=3ssl --center=OpenSSL \
	--date=2026-08-25 --release=3.6.4 \
	doc/man3/OpenSSL_version.pod >doc/man/man3/OpenSSL_version.3
pod2man --name=PBMAC1_GET1_PBKDF2_PARAM --section=3ssl --center=OpenSSL \
	--date=2026-08-25 --release=3.6.4 \
	doc/man3/PBMAC1_get1_pbkdf2_param.pod >doc/man/man3/PBMAC1_get1_pbkdf2_param.3
pod2man --name=PEM_X509_INFO_READ_BIO_EX --section=3ssl --center=OpenSSL \
	--date=2026-08-25 --release=3.6.4 \
	doc/man3/PEM_X509_INFO_read_bio_ex.pod >doc/man/man3/PEM_X509_INFO_read_bio_ex.3
pod2man --name=PEM_BYTES_READ_BIO --section=3ssl --center=OpenSSL \
	--date=2026-08-25 --release=3.6.4 \
	doc/man3/PEM_bytes_read_bio.pod >doc/man/man3/PEM_bytes_read_bio.3
pod2man --name=PEM_READ --section=3ssl --center=OpenSSL \
	--date=2026-08-25 --release=3.6.4 \
	doc/man3/PEM_read.pod >doc/man/man3/PEM_read.3
pod2man --name=PEM_READ_CMS --section=3ssl --center=OpenSSL \
	--date=2026-08-25 --release=3.6.4 \
	doc/man3/PEM_read_CMS.pod >doc/man/man3/PEM_read_CMS.3
pod2man --name=PEM_READ_BIO_PRIVATEKEY --section=3ssl --center=OpenSSL \
	--date=2026-08-25 --release=3.6.4 \
	doc/man3/PEM_read_bio_PrivateKey.pod >doc/man/man3/PEM_read_bio_PrivateKey.3
pod2man --name=PEM_READ_BIO_EX --section=3ssl --center=OpenSSL \
	--date=2026-08-25 --release=3.6.4 \
	doc/man3/PEM_read_bio_ex.pod >doc/man/man3/PEM_read_bio_ex.3
pod2man --name=PEM_WRITE_BIO_CMS_STREAM --section=3ssl --center=OpenSSL \
	--date=2026-08-25 --release=3.6.4 \
	doc/man3/PEM_write_bio_CMS_stream.pod >doc/man/man3/PEM_write_bio_CMS_stream.3
pod2man --name=PEM_WRITE_BIO_PKCS7_STREAM --section=3ssl --center=OpenSSL \
	--date=2026-08-25 --release=3.6.4 \
	doc/man3/PEM_write_bio_PKCS7_stream.pod >doc/man/man3/PEM_write_bio_PKCS7_stream.3
pod2man --name=PKCS12_PBE_KEYIVGEN --section=3ssl --center=OpenSSL \
	--date=2026-08-25 --release=3.6.4 \
	doc/man3/PKCS12_PBE_keyivgen.pod >doc/man/man3/PKCS12_PBE_keyivgen.3
pod2man --name=PKCS12_SAFEBAG_CREATE_CERT --section=3ssl --center=OpenSSL \
	--date=2026-08-25 --release=3.6.4 \
	doc/man3/PKCS12_SAFEBAG_create_cert.pod >doc/man/man3/PKCS12_SAFEBAG_create_cert.3
pod2man --name=PKCS12_SAFEBAG_GET0_ATTRS --section=3ssl --center=OpenSSL \
	--date=2026-08-25 --release=3.6.4 \
	doc/man3/PKCS12_SAFEBAG_get0_attrs.pod >doc/man/man3/PKCS12_SAFEBAG_get0_attrs.3
pod2man --name=PKCS12_SAFEBAG_GET1_CERT --section=3ssl --center=OpenSSL \
	--date=2026-08-25 --release=3.6.4 \
	doc/man3/PKCS12_SAFEBAG_get1_cert.pod >doc/man/man3/PKCS12_SAFEBAG_get1_cert.3
pod2man --name=PKCS12_SAFEBAG_SET0_ATTRS --section=3ssl --center=OpenSSL \
	--date=2026-08-25 --release=3.6.4 \
	doc/man3/PKCS12_SAFEBAG_set0_attrs.pod >doc/man/man3/PKCS12_SAFEBAG_set0_attrs.3
pod2man --name=PKCS12_ADD1_ATTR_BY_NID --section=3ssl --center=OpenSSL \
	--date=2026-08-25 --release=3.6.4 \
	doc/man3/PKCS12_add1_attr_by_NID.pod >doc/man/man3/PKCS12_add1_attr_by_NID.3
pod2man --name=PKCS12_ADD_CSPNAME_ASC --section=3ssl --center=OpenSSL \
	--date=2026-08-25 --release=3.6.4 \
	doc/man3/PKCS12_add_CSPName_asc.pod >doc/man/man3/PKCS12_add_CSPName_asc.3
pod2man --name=PKCS12_ADD_CERT --section=3ssl --center=OpenSSL \
	--date=2026-08-25 --release=3.6.4 \
	doc/man3/PKCS12_add_cert.pod >doc/man/man3/PKCS12_add_cert.3
pod2man --name=PKCS12_ADD_FRIENDLYNAME_ASC --section=3ssl --center=OpenSSL \
	--date=2026-08-25 --release=3.6.4 \
	doc/man3/PKCS12_add_friendlyname_asc.pod >doc/man/man3/PKCS12_add_friendlyname_asc.3
pod2man --name=PKCS12_ADD_LOCALKEYID --section=3ssl --center=OpenSSL \
	--date=2026-08-25 --release=3.6.4 \
	doc/man3/PKCS12_add_localkeyid.pod >doc/man/man3/PKCS12_add_localkeyid.3
pod2man --name=PKCS12_ADD_SAFE --section=3ssl --center=OpenSSL \
	--date=2026-08-25 --release=3.6.4 \
	doc/man3/PKCS12_add_safe.pod >doc/man/man3/PKCS12_add_safe.3
pod2man --name=PKCS12_CREATE --section=3ssl --center=OpenSSL \
	--date=2026-08-25 --release=3.6.4 \
	doc/man3/PKCS12_create.pod >doc/man/man3/PKCS12_create.3
pod2man --name=PKCS12_DECRYPT_SKEY --section=3ssl --center=OpenSSL \
	--date=2026-08-25 --release=3.6.4 \
	doc/man3/PKCS12_decrypt_skey.pod >doc/man/man3/PKCS12_decrypt_skey.3
pod2man --name=PKCS12_GEN_MAC --section=3ssl --center=OpenSSL \
	--date=2026-08-25 --release=3.6.4 \
	doc/man3/PKCS12_gen_mac.pod >doc/man/man3/PKCS12_gen_mac.3
pod2man --name=PKCS12_GET_FRIENDLYNAME --section=3ssl --center=OpenSSL \
	--date=2026-08-25 --release=3.6.4 \
	doc/man3/PKCS12_get_friendlyname.pod >doc/man/man3/PKCS12_get_friendlyname.3
pod2man --name=PKCS12_INIT --section=3ssl --center=OpenSSL \
	--date=2026-08-25 --release=3.6.4 \
	doc/man3/PKCS12_init.pod >doc/man/man3/PKCS12_init.3
pod2man --name=PKCS12_ITEM_DECRYPT_D2I --section=3ssl --center=OpenSSL \
	--date=2026-08-25 --release=3.6.4 \
	doc/man3/PKCS12_item_decrypt_d2i.pod >doc/man/man3/PKCS12_item_decrypt_d2i.3
pod2man --name=PKCS12_KEY_GEN_UTF8_EX --section=3ssl --center=OpenSSL \
	--date=2026-08-25 --release=3.6.4 \
	doc/man3/PKCS12_key_gen_utf8_ex.pod >doc/man/man3/PKCS12_key_gen_utf8_ex.3
pod2man --name=PKCS12_NEWPASS --section=3ssl --center=OpenSSL \
	--date=2026-08-25 --release=3.6.4 \
	doc/man3/PKCS12_newpass.pod >doc/man/man3/PKCS12_newpass.3
pod2man --name=PKCS12_PACK_P7ENCDATA --section=3ssl --center=OpenSSL \
	--date=2026-08-25 --release=3.6.4 \
	doc/man3/PKCS12_pack_p7encdata.pod >doc/man/man3/PKCS12_pack_p7encdata.3
pod2man --name=PKCS12_PARSE --section=3ssl --center=OpenSSL \
	--date=2026-08-25 --release=3.6.4 \
	doc/man3/PKCS12_parse.pod >doc/man/man3/PKCS12_parse.3
pod2man --name=PKCS5_PBE_KEYIVGEN --section=3ssl --center=OpenSSL \
	--date=2026-08-25 --release=3.6.4 \
	doc/man3/PKCS5_PBE_keyivgen.pod >doc/man/man3/PKCS5_PBE_keyivgen.3
pod2man --name=PKCS5_PBKDF2_HMAC --section=3ssl --center=OpenSSL \
	--date=2026-08-25 --release=3.6.4 \
	doc/man3/PKCS5_PBKDF2_HMAC.pod >doc/man/man3/PKCS5_PBKDF2_HMAC.3
pod2man --name=PKCS7_DECRYPT --section=3ssl --center=OpenSSL \
	--date=2026-08-25 --release=3.6.4 \
	doc/man3/PKCS7_decrypt.pod >doc/man/man3/PKCS7_decrypt.3
pod2man --name=PKCS7_ENCRYPT --section=3ssl --center=OpenSSL \
	--date=2026-08-25 --release=3.6.4 \
	doc/man3/PKCS7_encrypt.pod >doc/man/man3/PKCS7_encrypt.3
pod2man --name=PKCS7_GET_OCTET_STRING --section=3ssl --center=OpenSSL \
	--date=2026-08-25 --release=3.6.4 \
	doc/man3/PKCS7_get_octet_string.pod >doc/man/man3/PKCS7_get_octet_string.3
pod2man --name=PKCS7_SIGN --section=3ssl --center=OpenSSL \
	--date=2026-08-25 --release=3.6.4 \
	doc/man3/PKCS7_sign.pod >doc/man/man3/PKCS7_sign.3
pod2man --name=PKCS7_SIGN_ADD_SIGNER --section=3ssl --center=OpenSSL \
	--date=2026-08-25 --release=3.6.4 \
	doc/man3/PKCS7_sign_add_signer.pod >doc/man/man3/PKCS7_sign_add_signer.3
pod2man --name=PKCS7_TYPE_IS_OTHER --section=3ssl --center=OpenSSL \
	--date=2026-08-25 --release=3.6.4 \
	doc/man3/PKCS7_type_is_other.pod >doc/man/man3/PKCS7_type_is_other.3
pod2man --name=PKCS7_VERIFY --section=3ssl --center=OpenSSL \
	--date=2026-08-25 --release=3.6.4 \
	doc/man3/PKCS7_verify.pod >doc/man/man3/PKCS7_verify.3
pod2man --name=PKCS8_ENCRYPT --section=3ssl --center=OpenSSL \
	--date=2026-08-25 --release=3.6.4 \
	doc/man3/PKCS8_encrypt.pod >doc/man/man3/PKCS8_encrypt.3
pod2man --name=PKCS8_PKEY_ADD1_ATTR --section=3ssl --center=OpenSSL \
	--date=2026-08-25 --release=3.6.4 \
	doc/man3/PKCS8_pkey_add1_attr.pod >doc/man/man3/PKCS8_pkey_add1_attr.3
pod2man --name=RAND_ADD --section=3ssl --center=OpenSSL \
	--date=2026-08-25 --release=3.6.4 \
	doc/man3/RAND_add.pod >doc/man/man3/RAND_add.3
pod2man --name=RAND_BYTES --section=3ssl --center=OpenSSL \
	--date=2026-08-25 --release=3.6.4 \
	doc/man3/RAND_bytes.pod >doc/man/man3/RAND_bytes.3
pod2man --name=RAND_CLEANUP --section=3ssl --center=OpenSSL \
	--date=2026-08-25 --release=3.6.4 \
	doc/man3/RAND_cleanup.pod >doc/man/man3/RAND_cleanup.3
pod2man --name=RAND_EGD --section=3ssl --center=OpenSSL \
	--date=2026-08-25 --release=3.6.4 \
	doc/man3/RAND_egd.pod >doc/man/man3/RAND_egd.3
pod2man --name=RAND_GET0_PRIMARY --section=3ssl --center=OpenSSL \
	--date=2026-08-25 --release=3.6.4 \
	doc/man3/RAND_get0_primary.pod >doc/man/man3/RAND_get0_primary.3
pod2man --name=RAND_LOAD_FILE --section=3ssl --center=OpenSSL \
	--date=2026-08-25 --release=3.6.4 \
	doc/man3/RAND_load_file.pod >doc/man/man3/RAND_load_file.3
pod2man --name=RAND_SET_DRBG_TYPE --section=3ssl --center=OpenSSL \
	--date=2026-08-25 --release=3.6.4 \
	doc/man3/RAND_set_DRBG_type.pod >doc/man/man3/RAND_set_DRBG_type.3
pod2man --name=RAND_SET_RAND_METHOD --section=3ssl --center=OpenSSL \
	--date=2026-08-25 --release=3.6.4 \
	doc/man3/RAND_set_rand_method.pod >doc/man/man3/RAND_set_rand_method.3
pod2man --name=RC4_SET_KEY --section=3ssl --center=OpenSSL \
	--date=2026-08-25 --release=3.6.4 \
	doc/man3/RC4_set_key.pod >doc/man/man3/RC4_set_key.3
pod2man --name=RIPEMD160_INIT --section=3ssl --center=OpenSSL \
	--date=2026-08-25 --release=3.6.4 \
	doc/man3/RIPEMD160_Init.pod >doc/man/man3/RIPEMD160_Init.3
pod2man --name=RSA_BLINDING_ON --section=3ssl --center=OpenSSL \
	--date=2026-08-25 --release=3.6.4 \
	doc/man3/RSA_blinding_on.pod >doc/man/man3/RSA_blinding_on.3
pod2man --name=RSA_CHECK_KEY --section=3ssl --center=OpenSSL \
	--date=2026-08-25 --release=3.6.4 \
	doc/man3/RSA_check_key.pod >doc/man/man3/RSA_check_key.3
pod2man --name=RSA_GENERATE_KEY --section=3ssl --center=OpenSSL \
	--date=2026-08-25 --release=3.6.4 \
	doc/man3/RSA_generate_key.pod >doc/man/man3/RSA_generate_key.3
pod2man --name=RSA_GET0_KEY --section=3ssl --center=OpenSSL \
	--date=2026-08-25 --release=3.6.4 \
	doc/man3/RSA_get0_key.pod >doc/man/man3/RSA_get0_key.3
pod2man --name=RSA_METH_NEW --section=3ssl --center=OpenSSL \
	--date=2026-08-25 --release=3.6.4 \
	doc/man3/RSA_meth_new.pod >doc/man/man3/RSA_meth_new.3
pod2man --name=RSA_NEW --section=3ssl --center=OpenSSL \
	--date=2026-08-25 --release=3.6.4 \
	doc/man3/RSA_new.pod >doc/man/man3/RSA_new.3
pod2man --name=RSA_PADDING_ADD_PKCS1_TYPE_1 --section=3ssl --center=OpenSSL \
	--date=2026-08-25 --release=3.6.4 \
	doc/man3/RSA_padding_add_PKCS1_type_1.pod >doc/man/man3/RSA_padding_add_PKCS1_type_1.3
pod2man --name=RSA_PRINT --section=3ssl --center=OpenSSL \
	--date=2026-08-25 --release=3.6.4 \
	doc/man3/RSA_print.pod >doc/man/man3/RSA_print.3
pod2man --name=RSA_PRIVATE_ENCRYPT --section=3ssl --center=OpenSSL \
	--date=2026-08-25 --release=3.6.4 \
	doc/man3/RSA_private_encrypt.pod >doc/man/man3/RSA_private_encrypt.3
pod2man --name=RSA_PUBLIC_ENCRYPT --section=3ssl --center=OpenSSL \
	--date=2026-08-25 --release=3.6.4 \
	doc/man3/RSA_public_encrypt.pod >doc/man/man3/RSA_public_encrypt.3
pod2man --name=RSA_SET_METHOD --section=3ssl --center=OpenSSL \
	--date=2026-08-25 --release=3.6.4 \
	doc/man3/RSA_set_method.pod >doc/man/man3/RSA_set_method.3
pod2man --name=RSA_SIGN --section=3ssl --center=OpenSSL \
	--date=2026-08-25 --release=3.6.4 \
	doc/man3/RSA_sign.pod >doc/man/man3/RSA_sign.3
pod2man --name=RSA_SIGN_ASN1_OCTET_STRING --section=3ssl --center=OpenSSL \
	--date=2026-08-25 --release=3.6.4 \
	doc/man3/RSA_sign_ASN1_OCTET_STRING.pod >doc/man/man3/RSA_sign_ASN1_OCTET_STRING.3
pod2man --name=RSA_SIZE --section=3ssl --center=OpenSSL \
	--date=2026-08-25 --release=3.6.4 \
	doc/man3/RSA_size.pod >doc/man/man3/RSA_size.3
pod2man --name=SCT_NEW --section=3ssl --center=OpenSSL \
	--date=2026-08-25 --release=3.6.4 \
	doc/man3/SCT_new.pod >doc/man/man3/SCT_new.3
pod2man --name=SCT_PRINT --section=3ssl --center=OpenSSL \
	--date=2026-08-25 --release=3.6.4 \
	doc/man3/SCT_print.pod >doc/man/man3/SCT_print.3
pod2man --name=SCT_VALIDATE --section=3ssl --center=OpenSSL \
	--date=2026-08-25 --release=3.6.4 \
	doc/man3/SCT_validate.pod >doc/man/man3/SCT_validate.3
pod2man --name=SHA256_INIT --section=3ssl --center=OpenSSL \
	--date=2026-08-25 --release=3.6.4 \
	doc/man3/SHA256_Init.pod >doc/man/man3/SHA256_Init.3
pod2man --name=SMIME_READ_ASN1 --section=3ssl --center=OpenSSL \
	--date=2026-08-25 --release=3.6.4 \
	doc/man3/SMIME_read_ASN1.pod >doc/man/man3/SMIME_read_ASN1.3
pod2man --name=SMIME_READ_CMS --section=3ssl --center=OpenSSL \
	--date=2026-08-25 --release=3.6.4 \
	doc/man3/SMIME_read_CMS.pod >doc/man/man3/SMIME_read_CMS.3
pod2man --name=SMIME_READ_PKCS7 --section=3ssl --center=OpenSSL \
	--date=2026-08-25 --release=3.6.4 \
	doc/man3/SMIME_read_PKCS7.pod >doc/man/man3/SMIME_read_PKCS7.3
pod2man --name=SMIME_WRITE_ASN1 --section=3ssl --center=OpenSSL \
	--date=2026-08-25 --release=3.6.4 \
	doc/man3/SMIME_write_ASN1.pod >doc/man/man3/SMIME_write_ASN1.3
pod2man --name=SMIME_WRITE_CMS --section=3ssl --center=OpenSSL \
	--date=2026-08-25 --release=3.6.4 \
	doc/man3/SMIME_write_CMS.pod >doc/man/man3/SMIME_write_CMS.3
pod2man --name=SMIME_WRITE_PKCS7 --section=3ssl --center=OpenSSL \
	--date=2026-08-25 --release=3.6.4 \
	doc/man3/SMIME_write_PKCS7.pod >doc/man/man3/SMIME_write_PKCS7.3
pod2man --name=SRP_CALC_B --section=3ssl --center=OpenSSL \
	--date=2026-08-25 --release=3.6.4 \
	doc/man3/SRP_Calc_B.pod >doc/man/man3/SRP_Calc_B.3
pod2man --name=SRP_VBASE_NEW --section=3ssl --center=OpenSSL \
	--date=2026-08-25 --release=3.6.4 \
	doc/man3/SRP_VBASE_new.pod >doc/man/man3/SRP_VBASE_new.3
pod2man --name=SRP_CREATE_VERIFIER --section=3ssl --center=OpenSSL \
	--date=2026-08-25 --release=3.6.4 \
	doc/man3/SRP_create_verifier.pod >doc/man/man3/SRP_create_verifier.3
pod2man --name=SRP_USER_PWD_NEW --section=3ssl --center=OpenSSL \
	--date=2026-08-25 --release=3.6.4 \
	doc/man3/SRP_user_pwd_new.pod >doc/man/man3/SRP_user_pwd_new.3
pod2man --name=SSL_CIPHER_GET_NAME --section=3ssl --center=OpenSSL \
	--date=2026-08-25 --release=3.6.4 \
	doc/man3/SSL_CIPHER_get_name.pod >doc/man/man3/SSL_CIPHER_get_name.3
pod2man --name=SSL_COMP_ADD_COMPRESSION_METHOD --section=3ssl --center=OpenSSL \
	--date=2026-08-25 --release=3.6.4 \
	doc/man3/SSL_COMP_add_compression_method.pod >doc/man/man3/SSL_COMP_add_compression_method.3
pod2man --name=SSL_CONF_CTX_NEW --section=3ssl --center=OpenSSL \
	--date=2026-08-25 --release=3.6.4 \
	doc/man3/SSL_CONF_CTX_new.pod >doc/man/man3/SSL_CONF_CTX_new.3
pod2man --name=SSL_CONF_CTX_SET1_PREFIX --section=3ssl --center=OpenSSL \
	--date=2026-08-25 --release=3.6.4 \
	doc/man3/SSL_CONF_CTX_set1_prefix.pod >doc/man/man3/SSL_CONF_CTX_set1_prefix.3
pod2man --name=SSL_CONF_CTX_SET_FLAGS --section=3ssl --center=OpenSSL \
	--date=2026-08-25 --release=3.6.4 \
	doc/man3/SSL_CONF_CTX_set_flags.pod >doc/man/man3/SSL_CONF_CTX_set_flags.3
pod2man --name=SSL_CONF_CTX_SET_SSL_CTX --section=3ssl --center=OpenSSL \
	--date=2026-08-25 --release=3.6.4 \
	doc/man3/SSL_CONF_CTX_set_ssl_ctx.pod >doc/man/man3/SSL_CONF_CTX_set_ssl_ctx.3
pod2man --name=SSL_CONF_CMD --section=3ssl --center=OpenSSL \
	--date=2026-08-25 --release=3.6.4 \
	doc/man3/SSL_CONF_cmd.pod >doc/man/man3/SSL_CONF_cmd.3
pod2man --name=SSL_CONF_CMD_ARGV --section=3ssl --center=OpenSSL \
	--date=2026-08-25 --release=3.6.4 \
	doc/man3/SSL_CONF_cmd_argv.pod >doc/man/man3/SSL_CONF_cmd_argv.3
pod2man --name=SSL_CTX_ADD1_CHAIN_CERT --section=3ssl --center=OpenSSL \
	--date=2026-08-25 --release=3.6.4 \
	doc/man3/SSL_CTX_add1_chain_cert.pod >doc/man/man3/SSL_CTX_add1_chain_cert.3
pod2man --name=SSL_CTX_ADD_EXTRA_CHAIN_CERT --section=3ssl --center=OpenSSL \
	--date=2026-08-25 --release=3.6.4 \
	doc/man3/SSL_CTX_add_extra_chain_cert.pod >doc/man/man3/SSL_CTX_add_extra_chain_cert.3
pod2man --name=SSL_CTX_ADD_SESSION --section=3ssl --center=OpenSSL \
	--date=2026-08-25 --release=3.6.4 \
	doc/man3/SSL_CTX_add_session.pod >doc/man/man3/SSL_CTX_add_session.3
pod2man --name=SSL_CTX_CONFIG --section=3ssl --center=OpenSSL \
	--date=2026-08-25 --release=3.6.4 \
	doc/man3/SSL_CTX_config.pod >doc/man/man3/SSL_CTX_config.3
pod2man --name=SSL_CTX_CTRL --section=3ssl --center=OpenSSL \
	--date=2026-08-25 --release=3.6.4 \
	doc/man3/SSL_CTX_ctrl.pod >doc/man/man3/SSL_CTX_ctrl.3
pod2man --name=SSL_CTX_DANE_ENABLE --section=3ssl --center=OpenSSL \
	--date=2026-08-25 --release=3.6.4 \
	doc/man3/SSL_CTX_dane_enable.pod >doc/man/man3/SSL_CTX_dane_enable.3
pod2man --name=SSL_CTX_FLUSH_SESSIONS --section=3ssl --center=OpenSSL \
	--date=2026-08-25 --release=3.6.4 \
	doc/man3/SSL_CTX_flush_sessions.pod >doc/man/man3/SSL_CTX_flush_sessions.3
pod2man --name=SSL_CTX_FREE --section=3ssl --center=OpenSSL \
	--date=2026-08-25 --release=3.6.4 \
	doc/man3/SSL_CTX_free.pod >doc/man/man3/SSL_CTX_free.3
pod2man --name=SSL_CTX_GET0_PARAM --section=3ssl --center=OpenSSL \
	--date=2026-08-25 --release=3.6.4 \
	doc/man3/SSL_CTX_get0_param.pod >doc/man/man3/SSL_CTX_get0_param.3
pod2man --name=SSL_CTX_GET_VERIFY_MODE --section=3ssl --center=OpenSSL \
	--date=2026-08-25 --release=3.6.4 \
	doc/man3/SSL_CTX_get_verify_mode.pod >doc/man/man3/SSL_CTX_get_verify_mode.3
pod2man --name=SSL_CTX_HAS_CLIENT_CUSTOM_EXT --section=3ssl --center=OpenSSL \
	--date=2026-08-25 --release=3.6.4 \
	doc/man3/SSL_CTX_has_client_custom_ext.pod >doc/man/man3/SSL_CTX_has_client_custom_ext.3
pod2man --name=SSL_CTX_LOAD_VERIFY_LOCATIONS --section=3ssl --center=OpenSSL \
	--date=2026-08-25 --release=3.6.4 \
	doc/man3/SSL_CTX_load_verify_locations.pod >doc/man/man3/SSL_CTX_load_verify_locations.3
pod2man --name=SSL_CTX_NEW --section=3ssl --center=OpenSSL \
	--date=2026-08-25 --release=3.6.4 \
	doc/man3/SSL_CTX_new.pod >doc/man/man3/SSL_CTX_new.3
pod2man --name=SSL_CTX_SESS_NUMBER --section=3ssl --center=OpenSSL \
	--date=2026-08-25 --release=3.6.4 \
	doc/man3/SSL_CTX_sess_number.pod >doc/man/man3/SSL_CTX_sess_number.3
pod2man --name=SSL_CTX_SESS_SET_CACHE_SIZE --section=3ssl --center=OpenSSL \
	--date=2026-08-25 --release=3.6.4 \
	doc/man3/SSL_CTX_sess_set_cache_size.pod >doc/man/man3/SSL_CTX_sess_set_cache_size.3
pod2man --name=SSL_CTX_SESS_SET_GET_CB --section=3ssl --center=OpenSSL \
	--date=2026-08-25 --release=3.6.4 \
	doc/man3/SSL_CTX_sess_set_get_cb.pod >doc/man/man3/SSL_CTX_sess_set_get_cb.3
pod2man --name=SSL_CTX_SESSIONS --section=3ssl --center=OpenSSL \
	--date=2026-08-25 --release=3.6.4 \
	doc/man3/SSL_CTX_sessions.pod >doc/man/man3/SSL_CTX_sessions.3
pod2man --name=SSL_CTX_SET0_CA_LIST --section=3ssl --center=OpenSSL \
	--date=2026-08-25 --release=3.6.4 \
	doc/man3/SSL_CTX_set0_CA_list.pod >doc/man/man3/SSL_CTX_set0_CA_list.3
pod2man --name=SSL_CTX_SET1_CERT_COMP_PREFERENCE --section=3ssl --center=OpenSSL \
	--date=2026-08-25 --release=3.6.4 \
	doc/man3/SSL_CTX_set1_cert_comp_preference.pod >doc/man/man3/SSL_CTX_set1_cert_comp_preference.3
pod2man --name=SSL_CTX_SET1_CURVES --section=3ssl --center=OpenSSL \
	--date=2026-08-25 --release=3.6.4 \
	doc/man3/SSL_CTX_set1_curves.pod >doc/man/man3/SSL_CTX_set1_curves.3
pod2man --name=SSL_CTX_SET1_SIGALGS --section=3ssl --center=OpenSSL \
	--date=2026-08-25 --release=3.6.4 \
	doc/man3/SSL_CTX_set1_sigalgs.pod >doc/man/man3/SSL_CTX_set1_sigalgs.3
pod2man --name=SSL_CTX_SET1_VERIFY_CERT_STORE --section=3ssl --center=OpenSSL \
	--date=2026-08-25 --release=3.6.4 \
	doc/man3/SSL_CTX_set1_verify_cert_store.pod >doc/man/man3/SSL_CTX_set1_verify_cert_store.3
pod2man --name=SSL_CTX_SET_ALPN_SELECT_CB --section=3ssl --center=OpenSSL \
	--date=2026-08-25 --release=3.6.4 \
	doc/man3/SSL_CTX_set_alpn_select_cb.pod >doc/man/man3/SSL_CTX_set_alpn_select_cb.3
pod2man --name=SSL_CTX_SET_CERT_CB --section=3ssl --center=OpenSSL \
	--date=2026-08-25 --release=3.6.4 \
	doc/man3/SSL_CTX_set_cert_cb.pod >doc/man/man3/SSL_CTX_set_cert_cb.3
pod2man --name=SSL_CTX_SET_CERT_STORE --section=3ssl --center=OpenSSL \
	--date=2026-08-25 --release=3.6.4 \
	doc/man3/SSL_CTX_set_cert_store.pod >doc/man/man3/SSL_CTX_set_cert_store.3
pod2man --name=SSL_CTX_SET_CERT_VERIFY_CALLBACK --section=3ssl --center=OpenSSL \
	--date=2026-08-25 --release=3.6.4 \
	doc/man3/SSL_CTX_set_cert_verify_callback.pod >doc/man/man3/SSL_CTX_set_cert_verify_callback.3
pod2man --name=SSL_CTX_SET_CIPHER_LIST --section=3ssl --center=OpenSSL \
	--date=2026-08-25 --release=3.6.4 \
	doc/man3/SSL_CTX_set_cipher_list.pod >doc/man/man3/SSL_CTX_set_cipher_list.3
pod2man --name=SSL_CTX_SET_CLIENT_CERT_CB --section=3ssl --center=OpenSSL \
	--date=2026-08-25 --release=3.6.4 \
	doc/man3/SSL_CTX_set_client_cert_cb.pod >doc/man/man3/SSL_CTX_set_client_cert_cb.3
pod2man --name=SSL_CTX_SET_CLIENT_HELLO_CB --section=3ssl --center=OpenSSL \
	--date=2026-08-25 --release=3.6.4 \
	doc/man3/SSL_CTX_set_client_hello_cb.pod >doc/man/man3/SSL_CTX_set_client_hello_cb.3
pod2man --name=SSL_CTX_SET_CT_VALIDATION_CALLBACK --section=3ssl --center=OpenSSL \
	--date=2026-08-25 --release=3.6.4 \
	doc/man3/SSL_CTX_set_ct_validation_callback.pod >doc/man/man3/SSL_CTX_set_ct_validation_callback.3
pod2man --name=SSL_CTX_SET_CTLOG_LIST_FILE --section=3ssl --center=OpenSSL \
	--date=2026-08-25 --release=3.6.4 \
	doc/man3/SSL_CTX_set_ctlog_list_file.pod >doc/man/man3/SSL_CTX_set_ctlog_list_file.3
pod2man --name=SSL_CTX_SET_DEFAULT_PASSWD_CB --section=3ssl --center=OpenSSL \
	--date=2026-08-25 --release=3.6.4 \
	doc/man3/SSL_CTX_set_default_passwd_cb.pod >doc/man/man3/SSL_CTX_set_default_passwd_cb.3
pod2man --name=SSL_CTX_SET_DOMAIN_FLAGS --section=3ssl --center=OpenSSL \
	--date=2026-08-25 --release=3.6.4 \
	doc/man3/SSL_CTX_set_domain_flags.pod >doc/man/man3/SSL_CTX_set_domain_flags.3
pod2man --name=SSL_CTX_SET_GENERATE_SESSION_ID --section=3ssl --center=OpenSSL \
	--date=2026-08-25 --release=3.6.4 \
	doc/man3/SSL_CTX_set_generate_session_id.pod >doc/man/man3/SSL_CTX_set_generate_session_id.3
pod2man --name=SSL_CTX_SET_INFO_CALLBACK --section=3ssl --center=OpenSSL \
	--date=2026-08-25 --release=3.6.4 \
	doc/man3/SSL_CTX_set_info_callback.pod >doc/man/man3/SSL_CTX_set_info_callback.3
pod2man --name=SSL_CTX_SET_KEYLOG_CALLBACK --section=3ssl --center=OpenSSL \
	--date=2026-08-25 --release=3.6.4 \
	doc/man3/SSL_CTX_set_keylog_callback.pod >doc/man/man3/SSL_CTX_set_keylog_callback.3
pod2man --name=SSL_CTX_SET_MAX_CERT_LIST --section=3ssl --center=OpenSSL \
	--date=2026-08-25 --release=3.6.4 \
	doc/man3/SSL_CTX_set_max_cert_list.pod >doc/man/man3/SSL_CTX_set_max_cert_list.3
pod2man --name=SSL_CTX_SET_MIN_PROTO_VERSION --section=3ssl --center=OpenSSL \
	--date=2026-08-25 --release=3.6.4 \
	doc/man3/SSL_CTX_set_min_proto_version.pod >doc/man/man3/SSL_CTX_set_min_proto_version.3
pod2man --name=SSL_CTX_SET_MODE --section=3ssl --center=OpenSSL \
	--date=2026-08-25 --release=3.6.4 \
	doc/man3/SSL_CTX_set_mode.pod >doc/man/man3/SSL_CTX_set_mode.3
pod2man --name=SSL_CTX_SET_MSG_CALLBACK --section=3ssl --center=OpenSSL \
	--date=2026-08-25 --release=3.6.4 \
	doc/man3/SSL_CTX_set_msg_callback.pod >doc/man/man3/SSL_CTX_set_msg_callback.3
pod2man --name=SSL_CTX_SET_NEW_PENDING_CONN_CB --section=3ssl --center=OpenSSL \
	--date=2026-08-25 --release=3.6.4 \
	doc/man3/SSL_CTX_set_new_pending_conn_cb.pod >doc/man/man3/SSL_CTX_set_new_pending_conn_cb.3
pod2man --name=SSL_CTX_SET_NUM_TICKETS --section=3ssl --center=OpenSSL \
	--date=2026-08-25 --release=3.6.4 \
	doc/man3/SSL_CTX_set_num_tickets.pod >doc/man/man3/SSL_CTX_set_num_tickets.3
pod2man --name=SSL_CTX_SET_OPTIONS --section=3ssl --center=OpenSSL \
	--date=2026-08-25 --release=3.6.4 \
	doc/man3/SSL_CTX_set_options.pod >doc/man/man3/SSL_CTX_set_options.3
pod2man --name=SSL_CTX_SET_PSK_CLIENT_CALLBACK --section=3ssl --center=OpenSSL \
	--date=2026-08-25 --release=3.6.4 \
	doc/man3/SSL_CTX_set_psk_client_callback.pod >doc/man/man3/SSL_CTX_set_psk_client_callback.3
pod2man --name=SSL_CTX_SET_QUIET_SHUTDOWN --section=3ssl --center=OpenSSL \
	--date=2026-08-25 --release=3.6.4 \
	doc/man3/SSL_CTX_set_quiet_shutdown.pod >doc/man/man3/SSL_CTX_set_quiet_shutdown.3
pod2man --name=SSL_CTX_SET_READ_AHEAD --section=3ssl --center=OpenSSL \
	--date=2026-08-25 --release=3.6.4 \
	doc/man3/SSL_CTX_set_read_ahead.pod >doc/man/man3/SSL_CTX_set_read_ahead.3
pod2man --name=SSL_CTX_SET_RECORD_PADDING_CALLBACK --section=3ssl --center=OpenSSL \
	--date=2026-08-25 --release=3.6.4 \
	doc/man3/SSL_CTX_set_record_padding_callback.pod >doc/man/man3/SSL_CTX_set_record_padding_callback.3
pod2man --name=SSL_CTX_SET_SECURITY_LEVEL --section=3ssl --center=OpenSSL \
	--date=2026-08-25 --release=3.6.4 \
	doc/man3/SSL_CTX_set_security_level.pod >doc/man/man3/SSL_CTX_set_security_level.3
pod2man --name=SSL_CTX_SET_SESSION_CACHE_MODE --section=3ssl --center=OpenSSL \
	--date=2026-08-25 --release=3.6.4 \
	doc/man3/SSL_CTX_set_session_cache_mode.pod >doc/man/man3/SSL_CTX_set_session_cache_mode.3
pod2man --name=SSL_CTX_SET_SESSION_ID_CONTEXT --section=3ssl --center=OpenSSL \
	--date=2026-08-25 --release=3.6.4 \
	doc/man3/SSL_CTX_set_session_id_context.pod >doc/man/man3/SSL_CTX_set_session_id_context.3
pod2man --name=SSL_CTX_SET_SESSION_TICKET_CB --section=3ssl --center=OpenSSL \
	--date=2026-08-25 --release=3.6.4 \
	doc/man3/SSL_CTX_set_session_ticket_cb.pod >doc/man/man3/SSL_CTX_set_session_ticket_cb.3
pod2man --name=SSL_CTX_SET_SPLIT_SEND_FRAGMENT --section=3ssl --center=OpenSSL \
	--date=2026-08-25 --release=3.6.4 \
	doc/man3/SSL_CTX_set_split_send_fragment.pod >doc/man/man3/SSL_CTX_set_split_send_fragment.3
pod2man --name=SSL_CTX_SET_SRP_PASSWORD --section=3ssl --center=OpenSSL \
	--date=2026-08-25 --release=3.6.4 \
	doc/man3/SSL_CTX_set_srp_password.pod >doc/man/man3/SSL_CTX_set_srp_password.3
pod2man --name=SSL_CTX_SET_SSL_VERSION --section=3ssl --center=OpenSSL \
	--date=2026-08-25 --release=3.6.4 \
	doc/man3/SSL_CTX_set_ssl_version.pod >doc/man/man3/SSL_CTX_set_ssl_version.3
pod2man --name=SSL_CTX_SET_STATELESS_COOKIE_GENERATE_CB --section=3ssl --center=OpenSSL \
	--date=2026-08-25 --release=3.6.4 \
	doc/man3/SSL_CTX_set_stateless_cookie_generate_cb.pod >doc/man/man3/SSL_CTX_set_stateless_cookie_generate_cb.3
pod2man --name=SSL_CTX_SET_TIMEOUT --section=3ssl --center=OpenSSL \
	--date=2026-08-25 --release=3.6.4 \
	doc/man3/SSL_CTX_set_timeout.pod >doc/man/man3/SSL_CTX_set_timeout.3
pod2man --name=SSL_CTX_SET_TLSEXT_SERVERNAME_CALLBACK --section=3ssl --center=OpenSSL \
	--date=2026-08-25 --release=3.6.4 \
	doc/man3/SSL_CTX_set_tlsext_servername_callback.pod >doc/man/man3/SSL_CTX_set_tlsext_servername_callback.3
pod2man --name=SSL_CTX_SET_TLSEXT_STATUS_CB --section=3ssl --center=OpenSSL \
	--date=2026-08-25 --release=3.6.4 \
	doc/man3/SSL_CTX_set_tlsext_status_cb.pod >doc/man/man3/SSL_CTX_set_tlsext_status_cb.3
pod2man --name=SSL_CTX_SET_TLSEXT_TICKET_KEY_CB --section=3ssl --center=OpenSSL \
	--date=2026-08-25 --release=3.6.4 \
	doc/man3/SSL_CTX_set_tlsext_ticket_key_cb.pod >doc/man/man3/SSL_CTX_set_tlsext_ticket_key_cb.3
pod2man --name=SSL_CTX_SET_TLSEXT_USE_SRTP --section=3ssl --center=OpenSSL \
	--date=2026-08-25 --release=3.6.4 \
	doc/man3/SSL_CTX_set_tlsext_use_srtp.pod >doc/man/man3/SSL_CTX_set_tlsext_use_srtp.3
pod2man --name=SSL_CTX_SET_TMP_DH_CALLBACK --section=3ssl --center=OpenSSL \
	--date=2026-08-25 --release=3.6.4 \
	doc/man3/SSL_CTX_set_tmp_dh_callback.pod >doc/man/man3/SSL_CTX_set_tmp_dh_callback.3
pod2man --name=SSL_CTX_SET_TMP_ECDH --section=3ssl --center=OpenSSL \
	--date=2026-08-25 --release=3.6.4 \
	doc/man3/SSL_CTX_set_tmp_ecdh.pod >doc/man/man3/SSL_CTX_set_tmp_ecdh.3
pod2man --name=SSL_CTX_SET_VERIFY --section=3ssl --center=OpenSSL \
	--date=2026-08-25 --release=3.6.4 \
	doc/man3/SSL_CTX_set_verify.pod >doc/man/man3/SSL_CTX_set_verify.3
pod2man --name=SSL_CTX_USE_CERTIFICATE --section=3ssl --center=OpenSSL \
	--date=2026-08-25 --release=3.6.4 \
	doc/man3/SSL_CTX_use_certificate.pod >doc/man/man3/SSL_CTX_use_certificate.3
pod2man --name=SSL_CTX_USE_PSK_IDENTITY_HINT --section=3ssl --center=OpenSSL \
	--date=2026-08-25 --release=3.6.4 \
	doc/man3/SSL_CTX_use_psk_identity_hint.pod >doc/man/man3/SSL_CTX_use_psk_identity_hint.3
pod2man --name=SSL_CTX_USE_SERVERINFO --section=3ssl --center=OpenSSL \
	--date=2026-08-25 --release=3.6.4 \
	doc/man3/SSL_CTX_use_serverinfo.pod >doc/man/man3/SSL_CTX_use_serverinfo.3
pod2man --name=SSL_SESSION_FREE --section=3ssl --center=OpenSSL \
	--date=2026-08-25 --release=3.6.4 \
	doc/man3/SSL_SESSION_free.pod >doc/man/man3/SSL_SESSION_free.3
pod2man --name=SSL_SESSION_GET0_CIPHER --section=3ssl --center=OpenSSL \
	--date=2026-08-25 --release=3.6.4 \
	doc/man3/SSL_SESSION_get0_cipher.pod >doc/man/man3/SSL_SESSION_get0_cipher.3
pod2man --name=SSL_SESSION_GET0_HOSTNAME --section=3ssl --center=OpenSSL \
	--date=2026-08-25 --release=3.6.4 \
	doc/man3/SSL_SESSION_get0_hostname.pod >doc/man/man3/SSL_SESSION_get0_hostname.3
pod2man --name=SSL_SESSION_GET0_ID_CONTEXT --section=3ssl --center=OpenSSL \
	--date=2026-08-25 --release=3.6.4 \
	doc/man3/SSL_SESSION_get0_id_context.pod >doc/man/man3/SSL_SESSION_get0_id_context.3
pod2man --name=SSL_SESSION_GET0_PEER --section=3ssl --center=OpenSSL \
	--date=2026-08-25 --release=3.6.4 \
	doc/man3/SSL_SESSION_get0_peer.pod >doc/man/man3/SSL_SESSION_get0_peer.3
pod2man --name=SSL_SESSION_GET_COMPRESS_ID --section=3ssl --center=OpenSSL \
	--date=2026-08-25 --release=3.6.4 \
	doc/man3/SSL_SESSION_get_compress_id.pod >doc/man/man3/SSL_SESSION_get_compress_id.3
pod2man --name=SSL_SESSION_GET_PROTOCOL_VERSION --section=3ssl --center=OpenSSL \
	--date=2026-08-25 --release=3.6.4 \
	doc/man3/SSL_SESSION_get_protocol_version.pod >doc/man/man3/SSL_SESSION_get_protocol_version.3
pod2man --name=SSL_SESSION_GET_TIME --section=3ssl --center=OpenSSL \
	--date=2026-08-25 --release=3.6.4 \
	doc/man3/SSL_SESSION_get_time.pod >doc/man/man3/SSL_SESSION_get_time.3
pod2man --name=SSL_SESSION_HAS_TICKET --section=3ssl --center=OpenSSL \
	--date=2026-08-25 --release=3.6.4 \
	doc/man3/SSL_SESSION_has_ticket.pod >doc/man/man3/SSL_SESSION_has_ticket.3
pod2man --name=SSL_SESSION_IS_RESUMABLE --section=3ssl --center=OpenSSL \
	--date=2026-08-25 --release=3.6.4 \
	doc/man3/SSL_SESSION_is_resumable.pod >doc/man/man3/SSL_SESSION_is_resumable.3
pod2man --name=SSL_SESSION_PRINT --section=3ssl --center=OpenSSL \
	--date=2026-08-25 --release=3.6.4 \
	doc/man3/SSL_SESSION_print.pod >doc/man/man3/SSL_SESSION_print.3
pod2man --name=SSL_SESSION_SET1_ID --section=3ssl --center=OpenSSL \
	--date=2026-08-25 --release=3.6.4 \
	doc/man3/SSL_SESSION_set1_id.pod >doc/man/man3/SSL_SESSION_set1_id.3
pod2man --name=SSL_ACCEPT --section=3ssl --center=OpenSSL \
	--date=2026-08-25 --release=3.6.4 \
	doc/man3/SSL_accept.pod >doc/man/man3/SSL_accept.3
pod2man --name=SSL_ACCEPT_STREAM --section=3ssl --center=OpenSSL \
	--date=2026-08-25 --release=3.6.4 \
	doc/man3/SSL_accept_stream.pod >doc/man/man3/SSL_accept_stream.3
pod2man --name=SSL_ALERT_TYPE_STRING --section=3ssl --center=OpenSSL \
	--date=2026-08-25 --release=3.6.4 \
	doc/man3/SSL_alert_type_string.pod >doc/man/man3/SSL_alert_type_string.3
pod2man --name=SSL_ALLOC_BUFFERS --section=3ssl --center=OpenSSL \
	--date=2026-08-25 --release=3.6.4 \
	doc/man3/SSL_alloc_buffers.pod >doc/man/man3/SSL_alloc_buffers.3
pod2man --name=SSL_CHECK_CHAIN --section=3ssl --center=OpenSSL \
	--date=2026-08-25 --release=3.6.4 \
	doc/man3/SSL_check_chain.pod >doc/man/man3/SSL_check_chain.3
pod2man --name=SSL_CLEAR --section=3ssl --center=OpenSSL \
	--date=2026-08-25 --release=3.6.4 \
	doc/man3/SSL_clear.pod >doc/man/man3/SSL_clear.3
pod2man --name=SSL_CONNECT --section=3ssl --center=OpenSSL \
	--date=2026-08-25 --release=3.6.4 \
	doc/man3/SSL_connect.pod >doc/man/man3/SSL_connect.3
pod2man --name=SSL_DO_HANDSHAKE --section=3ssl --center=OpenSSL \
	--date=2026-08-25 --release=3.6.4 \
	doc/man3/SSL_do_handshake.pod >doc/man/man3/SSL_do_handshake.3
pod2man --name=SSL_EXPORT_KEYING_MATERIAL --section=3ssl --center=OpenSSL \
	--date=2026-08-25 --release=3.6.4 \
	doc/man3/SSL_export_keying_material.pod >doc/man/man3/SSL_export_keying_material.3
pod2man --name=SSL_EXTENSION_SUPPORTED --section=3ssl --center=OpenSSL \
	--date=2026-08-25 --release=3.6.4 \
	doc/man3/SSL_extension_supported.pod >doc/man/man3/SSL_extension_supported.3
pod2man --name=SSL_FREE --section=3ssl --center=OpenSSL \
	--date=2026-08-25 --release=3.6.4 \
	doc/man3/SSL_free.pod >doc/man/man3/SSL_free.3
pod2man --name=SSL_GET0_CONNECTION --section=3ssl --center=OpenSSL \
	--date=2026-08-25 --release=3.6.4 \
	doc/man3/SSL_get0_connection.pod >doc/man/man3/SSL_get0_connection.3
pod2man --name=SSL_GET0_GROUP_NAME --section=3ssl --center=OpenSSL \
	--date=2026-08-25 --release=3.6.4 \
	doc/man3/SSL_get0_group_name.pod >doc/man/man3/SSL_get0_group_name.3
pod2man --name=SSL_GET0_PEER_RPK --section=3ssl --center=OpenSSL \
	--date=2026-08-25 --release=3.6.4 \
	doc/man3/SSL_get0_peer_rpk.pod >doc/man/man3/SSL_get0_peer_rpk.3
pod2man --name=SSL_GET0_PEER_SCTS --section=3ssl --center=OpenSSL \
	--date=2026-08-25 --release=3.6.4 \
	doc/man3/SSL_get0_peer_scts.pod >doc/man/man3/SSL_get0_peer_scts.3
pod2man --name=SSL_GET1_BUILTIN_SIGALGS --section=3ssl --center=OpenSSL \
	--date=2026-08-25 --release=3.6.4 \
	doc/man3/SSL_get1_builtin_sigalgs.pod >doc/man/man3/SSL_get1_builtin_sigalgs.3
pod2man --name=SSL_GET_SSL_CTX --section=3ssl --center=OpenSSL \
	--date=2026-08-25 --release=3.6.4 \
	doc/man3/SSL_get_SSL_CTX.pod >doc/man/man3/SSL_get_SSL_CTX.3
pod2man --name=SSL_GET_ALL_ASYNC_FDS --section=3ssl --center=OpenSSL \
	--date=2026-08-25 --release=3.6.4 \
	doc/man3/SSL_get_all_async_fds.pod >doc/man/man3/SSL_get_all_async_fds.3
pod2man --name=SSL_GET_CERTIFICATE --section=3ssl --center=OpenSSL \
	--date=2026-08-25 --release=3.6.4 \
	doc/man3/SSL_get_certificate.pod >doc/man/man3/SSL_get_certificate.3
pod2man --name=SSL_GET_CIPHERS --section=3ssl --center=OpenSSL \
	--date=2026-08-25 --release=3.6.4 \
	doc/man3/SSL_get_ciphers.pod >doc/man/man3/SSL_get_ciphers.3
pod2man --name=SSL_GET_CLIENT_RANDOM --section=3ssl --center=OpenSSL \
	--date=2026-08-25 --release=3.6.4 \
	doc/man3/SSL_get_client_random.pod >doc/man/man3/SSL_get_client_random.3
pod2man --name=SSL_GET_CONN_CLOSE_INFO --section=3ssl --center=OpenSSL \
	--date=2026-08-25 --release=3.6.4 \
	doc/man3/SSL_get_conn_close_info.pod >doc/man/man3/SSL_get_conn_close_info.3
pod2man --name=SSL_GET_CURRENT_CIPHER --section=3ssl --center=OpenSSL \
	--date=2026-08-25 --release=3.6.4 \
	doc/man3/SSL_get_current_cipher.pod >doc/man/man3/SSL_get_current_cipher.3
pod2man --name=SSL_GET_DEFAULT_TIMEOUT --section=3ssl --center=OpenSSL \
	--date=2026-08-25 --release=3.6.4 \
	doc/man3/SSL_get_default_timeout.pod >doc/man/man3/SSL_get_default_timeout.3
pod2man --name=SSL_GET_ERROR --section=3ssl --center=OpenSSL \
	--date=2026-08-25 --release=3.6.4 \
	doc/man3/SSL_get_error.pod >doc/man/man3/SSL_get_error.3
pod2man --name=SSL_GET_EVENT_TIMEOUT --section=3ssl --center=OpenSSL \
	--date=2026-08-25 --release=3.6.4 \
	doc/man3/SSL_get_event_timeout.pod >doc/man/man3/SSL_get_event_timeout.3
pod2man --name=SSL_GET_EXTMS_SUPPORT --section=3ssl --center=OpenSSL \
	--date=2026-08-25 --release=3.6.4 \
	doc/man3/SSL_get_extms_support.pod >doc/man/man3/SSL_get_extms_support.3
pod2man --name=SSL_GET_FD --section=3ssl --center=OpenSSL \
	--date=2026-08-25 --release=3.6.4 \
	doc/man3/SSL_get_fd.pod >doc/man/man3/SSL_get_fd.3
pod2man --name=SSL_GET_HANDSHAKE_RTT --section=3ssl --center=OpenSSL \
	--date=2026-08-25 --release=3.6.4 \
	doc/man3/SSL_get_handshake_rtt.pod >doc/man/man3/SSL_get_handshake_rtt.3
pod2man --name=SSL_GET_PEER_CERT_CHAIN --section=3ssl --center=OpenSSL \
	--date=2026-08-25 --release=3.6.4 \
	doc/man3/SSL_get_peer_cert_chain.pod >doc/man/man3/SSL_get_peer_cert_chain.3
pod2man --name=SSL_GET_PEER_CERTIFICATE --section=3ssl --center=OpenSSL \
	--date=2026-08-25 --release=3.6.4 \
	doc/man3/SSL_get_peer_certificate.pod >doc/man/man3/SSL_get_peer_certificate.3
pod2man --name=SSL_GET_PEER_SIGNATURE_NID --section=3ssl --center=OpenSSL \
	--date=2026-08-25 --release=3.6.4 \
	doc/man3/SSL_get_peer_signature_nid.pod >doc/man/man3/SSL_get_peer_signature_nid.3
pod2man --name=SSL_GET_PEER_TMP_KEY --section=3ssl --center=OpenSSL \
	--date=2026-08-25 --release=3.6.4 \
	doc/man3/SSL_get_peer_tmp_key.pod >doc/man/man3/SSL_get_peer_tmp_key.3
pod2man --name=SSL_GET_PSK_IDENTITY --section=3ssl --center=OpenSSL \
	--date=2026-08-25 --release=3.6.4 \
	doc/man3/SSL_get_psk_identity.pod >doc/man/man3/SSL_get_psk_identity.3
pod2man --name=SSL_GET_RBIO --section=3ssl --center=OpenSSL \
	--date=2026-08-25 --release=3.6.4 \
	doc/man3/SSL_get_rbio.pod >doc/man/man3/SSL_get_rbio.3
pod2man --name=SSL_GET_RPOLL_DESCRIPTOR --section=3ssl --center=OpenSSL \
	--date=2026-08-25 --release=3.6.4 \
	doc/man3/SSL_get_rpoll_descriptor.pod >doc/man/man3/SSL_get_rpoll_descriptor.3
pod2man --name=SSL_GET_SESSION --section=3ssl --center=OpenSSL \
	--date=2026-08-25 --release=3.6.4 \
	doc/man3/SSL_get_session.pod >doc/man/man3/SSL_get_session.3
pod2man --name=SSL_GET_SHARED_SIGALGS --section=3ssl --center=OpenSSL \
	--date=2026-08-25 --release=3.6.4 \
	doc/man3/SSL_get_shared_sigalgs.pod >doc/man/man3/SSL_get_shared_sigalgs.3
pod2man --name=SSL_GET_STREAM_ID --section=3ssl --center=OpenSSL \
	--date=2026-08-25 --release=3.6.4 \
	doc/man3/SSL_get_stream_id.pod >doc/man/man3/SSL_get_stream_id.3
pod2man --name=SSL_GET_STREAM_READ_STATE --section=3ssl --center=OpenSSL \
	--date=2026-08-25 --release=3.6.4 \
	doc/man3/SSL_get_stream_read_state.pod >doc/man/man3/SSL_get_stream_read_state.3
pod2man --name=SSL_GET_VALUE_UINT --section=3ssl --center=OpenSSL \
	--date=2026-08-25 --release=3.6.4 \
	doc/man3/SSL_get_value_uint.pod >doc/man/man3/SSL_get_value_uint.3
pod2man --name=SSL_GET_VERIFY_RESULT --section=3ssl --center=OpenSSL \
	--date=2026-08-25 --release=3.6.4 \
	doc/man3/SSL_get_verify_result.pod >doc/man/man3/SSL_get_verify_result.3
pod2man --name=SSL_GET_VERSION --section=3ssl --center=OpenSSL \
	--date=2026-08-25 --release=3.6.4 \
	doc/man3/SSL_get_version.pod >doc/man/man3/SSL_get_version.3
pod2man --name=SSL_GROUP_TO_NAME --section=3ssl --center=OpenSSL \
	--date=2026-08-25 --release=3.6.4 \
	doc/man3/SSL_group_to_name.pod >doc/man/man3/SSL_group_to_name.3
pod2man --name=SSL_HANDLE_EVENTS --section=3ssl --center=OpenSSL \
	--date=2026-08-25 --release=3.6.4 \
	doc/man3/SSL_handle_events.pod >doc/man/man3/SSL_handle_events.3
pod2man --name=SSL_IN_INIT --section=3ssl --center=OpenSSL \
	--date=2026-08-25 --release=3.6.4 \
	doc/man3/SSL_in_init.pod >doc/man/man3/SSL_in_init.3
pod2man --name=SSL_INJECT_NET_DGRAM --section=3ssl --center=OpenSSL \
	--date=2026-08-25 --release=3.6.4 \
	doc/man3/SSL_inject_net_dgram.pod >doc/man/man3/SSL_inject_net_dgram.3
pod2man --name=SSL_KEY_UPDATE --section=3ssl --center=OpenSSL \
	--date=2026-08-25 --release=3.6.4 \
	doc/man3/SSL_key_update.pod >doc/man/man3/SSL_key_update.3
pod2man --name=SSL_LIBRARY_INIT --section=3ssl --center=OpenSSL \
	--date=2026-08-25 --release=3.6.4 \
	doc/man3/SSL_library_init.pod >doc/man/man3/SSL_library_init.3
pod2man --name=SSL_LOAD_CLIENT_CA_FILE --section=3ssl --center=OpenSSL \
	--date=2026-08-25 --release=3.6.4 \
	doc/man3/SSL_load_client_CA_file.pod >doc/man/man3/SSL_load_client_CA_file.3
pod2man --name=SSL_NEW --section=3ssl --center=OpenSSL \
	--date=2026-08-25 --release=3.6.4 \
	doc/man3/SSL_new.pod >doc/man/man3/SSL_new.3
pod2man --name=SSL_NEW_DOMAIN --section=3ssl --center=OpenSSL \
	--date=2026-08-25 --release=3.6.4 \
	doc/man3/SSL_new_domain.pod >doc/man/man3/SSL_new_domain.3
pod2man --name=SSL_NEW_LISTENER --section=3ssl --center=OpenSSL \
	--date=2026-08-25 --release=3.6.4 \
	doc/man3/SSL_new_listener.pod >doc/man/man3/SSL_new_listener.3
pod2man --name=SSL_NEW_STREAM --section=3ssl --center=OpenSSL \
	--date=2026-08-25 --release=3.6.4 \
	doc/man3/SSL_new_stream.pod >doc/man/man3/SSL_new_stream.3
pod2man --name=SSL_PENDING --section=3ssl --center=OpenSSL \
	--date=2026-08-25 --release=3.6.4 \
	doc/man3/SSL_pending.pod >doc/man/man3/SSL_pending.3
pod2man --name=SSL_POLL --section=3ssl --center=OpenSSL \
	--date=2026-08-25 --release=3.6.4 \
	doc/man3/SSL_poll.pod >doc/man/man3/SSL_poll.3
pod2man --name=SSL_READ --section=3ssl --center=OpenSSL \
	--date=2026-08-25 --release=3.6.4 \
	doc/man3/SSL_read.pod >doc/man/man3/SSL_read.3
pod2man --name=SSL_READ_EARLY_DATA --section=3ssl --center=OpenSSL \
	--date=2026-08-25 --release=3.6.4 \
	doc/man3/SSL_read_early_data.pod >doc/man/man3/SSL_read_early_data.3
pod2man --name=SSL_RSTATE_STRING --section=3ssl --center=OpenSSL \
	--date=2026-08-25 --release=3.6.4 \
	doc/man3/SSL_rstate_string.pod >doc/man/man3/SSL_rstate_string.3
pod2man --name=SSL_SESSION_REUSED --section=3ssl --center=OpenSSL \
	--date=2026-08-25 --release=3.6.4 \
	doc/man3/SSL_session_reused.pod >doc/man/man3/SSL_session_reused.3
pod2man --name=SSL_SET1_HOST --section=3ssl --center=OpenSSL \
	--date=2026-08-25 --release=3.6.4 \
	doc/man3/SSL_set1_host.pod >doc/man/man3/SSL_set1_host.3
pod2man --name=SSL_SET1_INITIAL_PEER_ADDR --section=3ssl --center=OpenSSL \
	--date=2026-08-25 --release=3.6.4 \
	doc/man3/SSL_set1_initial_peer_addr.pod >doc/man/man3/SSL_set1_initial_peer_addr.3
pod2man --name=SSL_SET1_SERVER_CERT_TYPE --section=3ssl --center=OpenSSL \
	--date=2026-08-25 --release=3.6.4 \
	doc/man3/SSL_set1_server_cert_type.pod >doc/man/man3/SSL_set1_server_cert_type.3
pod2man --name=SSL_SET_ASYNC_CALLBACK --section=3ssl --center=OpenSSL \
	--date=2026-08-25 --release=3.6.4 \
	doc/man3/SSL_set_async_callback.pod >doc/man/man3/SSL_set_async_callback.3
pod2man --name=SSL_SET_BIO --section=3ssl --center=OpenSSL \
	--date=2026-08-25 --release=3.6.4 \
	doc/man3/SSL_set_bio.pod >doc/man/man3/SSL_set_bio.3
pod2man --name=SSL_SET_BLOCKING_MODE --section=3ssl --center=OpenSSL \
	--date=2026-08-25 --release=3.6.4 \
	doc/man3/SSL_set_blocking_mode.pod >doc/man/man3/SSL_set_blocking_mode.3
pod2man --name=SSL_SET_CONNECT_STATE --section=3ssl --center=OpenSSL \
	--date=2026-08-25 --release=3.6.4 \
	doc/man3/SSL_set_connect_state.pod >doc/man/man3/SSL_set_connect_state.3
pod2man --name=SSL_SET_DEFAULT_STREAM_MODE --section=3ssl --center=OpenSSL \
	--date=2026-08-25 --release=3.6.4 \
	doc/man3/SSL_set_default_stream_mode.pod >doc/man/man3/SSL_set_default_stream_mode.3
pod2man --name=SSL_SET_FD --section=3ssl --center=OpenSSL \
	--date=2026-08-25 --release=3.6.4 \
	doc/man3/SSL_set_fd.pod >doc/man/man3/SSL_set_fd.3
pod2man --name=SSL_SET_INCOMING_STREAM_POLICY --section=3ssl --center=OpenSSL \
	--date=2026-08-25 --release=3.6.4 \
	doc/man3/SSL_set_incoming_stream_policy.pod >doc/man/man3/SSL_set_incoming_stream_policy.3
pod2man --name=SSL_SET_QUIC_TLS_CBS --section=3ssl --center=OpenSSL \
	--date=2026-08-25 --release=3.6.4 \
	doc/man3/SSL_set_quic_tls_cbs.pod >doc/man/man3/SSL_set_quic_tls_cbs.3
pod2man --name=SSL_SET_RETRY_VERIFY --section=3ssl --center=OpenSSL \
	--date=2026-08-25 --release=3.6.4 \
	doc/man3/SSL_set_retry_verify.pod >doc/man/man3/SSL_set_retry_verify.3
pod2man --name=SSL_SET_SESSION --section=3ssl --center=OpenSSL \
	--date=2026-08-25 --release=3.6.4 \
	doc/man3/SSL_set_session.pod >doc/man/man3/SSL_set_session.3
pod2man --name=SSL_SET_SESSION_SECRET_CB --section=3ssl --center=OpenSSL \
	--date=2026-08-25 --release=3.6.4 \
	doc/man3/SSL_set_session_secret_cb.pod >doc/man/man3/SSL_set_session_secret_cb.3
pod2man --name=SSL_SET_SHUTDOWN --section=3ssl --center=OpenSSL \
	--date=2026-08-25 --release=3.6.4 \
	doc/man3/SSL_set_shutdown.pod >doc/man/man3/SSL_set_shutdown.3
pod2man --name=SSL_SET_VERIFY_RESULT --section=3ssl --center=OpenSSL \
	--date=2026-08-25 --release=3.6.4 \
	doc/man3/SSL_set_verify_result.pod >doc/man/man3/SSL_set_verify_result.3
pod2man --name=SSL_SHUTDOWN --section=3ssl --center=OpenSSL \
	--date=2026-08-25 --release=3.6.4 \
	doc/man3/SSL_shutdown.pod >doc/man/man3/SSL_shutdown.3
pod2man --name=SSL_STATE_STRING --section=3ssl --center=OpenSSL \
	--date=2026-08-25 --release=3.6.4 \
	doc/man3/SSL_state_string.pod >doc/man/man3/SSL_state_string.3
pod2man --name=SSL_STREAM_CONCLUDE --section=3ssl --center=OpenSSL \
	--date=2026-08-25 --release=3.6.4 \
	doc/man3/SSL_stream_conclude.pod >doc/man/man3/SSL_stream_conclude.3
pod2man --name=SSL_STREAM_RESET --section=3ssl --center=OpenSSL \
	--date=2026-08-25 --release=3.6.4 \
	doc/man3/SSL_stream_reset.pod >doc/man/man3/SSL_stream_reset.3
pod2man --name=SSL_WANT --section=3ssl --center=OpenSSL \
	--date=2026-08-25 --release=3.6.4 \
	doc/man3/SSL_want.pod >doc/man/man3/SSL_want.3
pod2man --name=SSL_WRITE --section=3ssl --center=OpenSSL \
	--date=2026-08-25 --release=3.6.4 \
	doc/man3/SSL_write.pod >doc/man/man3/SSL_write.3
pod2man --name=TS_RESP_CTX_NEW --section=3ssl --center=OpenSSL \
	--date=2026-08-25 --release=3.6.4 \
	doc/man3/TS_RESP_CTX_new.pod >doc/man/man3/TS_RESP_CTX_new.3
pod2man --name=TS_VERIFY_CTX --section=3ssl --center=OpenSSL \
	--date=2026-08-25 --release=3.6.4 \
	doc/man3/TS_VERIFY_CTX.pod >doc/man/man3/TS_VERIFY_CTX.3
pod2man --name=UI_STRING --section=3ssl --center=OpenSSL \
	--date=2026-08-25 --release=3.6.4 \
	doc/man3/UI_STRING.pod >doc/man/man3/UI_STRING.3
pod2man --name=UI_UTIL_READ_PW --section=3ssl --center=OpenSSL \
	--date=2026-08-25 --release=3.6.4 \
	doc/man3/UI_UTIL_read_pw.pod >doc/man/man3/UI_UTIL_read_pw.3
pod2man --name=UI_CREATE_METHOD --section=3ssl --center=OpenSSL \
	--date=2026-08-25 --release=3.6.4 \
	doc/man3/UI_create_method.pod >doc/man/man3/UI_create_method.3
pod2man --name=UI_NEW --section=3ssl --center=OpenSSL \
	--date=2026-08-25 --release=3.6.4 \
	doc/man3/UI_new.pod >doc/man/man3/UI_new.3
pod2man --name=X509V3_EXT_PRINT --section=3ssl --center=OpenSSL \
	--date=2026-08-25 --release=3.6.4 \
	doc/man3/X509V3_EXT_print.pod >doc/man/man3/X509V3_EXT_print.3
pod2man --name=X509V3_GET_D2I --section=3ssl --center=OpenSSL \
	--date=2026-08-25 --release=3.6.4 \
	doc/man3/X509V3_get_d2i.pod >doc/man/man3/X509V3_get_d2i.3
pod2man --name=X509V3_SET_CTX --section=3ssl --center=OpenSSL \
	--date=2026-08-25 --release=3.6.4 \
	doc/man3/X509V3_set_ctx.pod >doc/man/man3/X509V3_set_ctx.3
pod2man --name=X509_ACERT_ADD1_ATTR --section=3ssl --center=OpenSSL \
	--date=2026-08-25 --release=3.6.4 \
	doc/man3/X509_ACERT_add1_attr.pod >doc/man/man3/X509_ACERT_add1_attr.3
pod2man --name=X509_ACERT_ADD_ATTR_NCONF --section=3ssl --center=OpenSSL \
	--date=2026-08-25 --release=3.6.4 \
	doc/man3/X509_ACERT_add_attr_nconf.pod >doc/man/man3/X509_ACERT_add_attr_nconf.3
pod2man --name=X509_ACERT_GET0_HOLDER_BASECERTID --section=3ssl --center=OpenSSL \
	--date=2026-08-25 --release=3.6.4 \
	doc/man3/X509_ACERT_get0_holder_baseCertId.pod >doc/man/man3/X509_ACERT_get0_holder_baseCertId.3
pod2man --name=X509_ACERT_GET_ATTR --section=3ssl --center=OpenSSL \
	--date=2026-08-25 --release=3.6.4 \
	doc/man3/X509_ACERT_get_attr.pod >doc/man/man3/X509_ACERT_get_attr.3
pod2man --name=X509_ACERT_PRINT_EX --section=3ssl --center=OpenSSL \
	--date=2026-08-25 --release=3.6.4 \
	doc/man3/X509_ACERT_print_ex.pod >doc/man/man3/X509_ACERT_print_ex.3
pod2man --name=X509_ALGOR_DUP --section=3ssl --center=OpenSSL \
	--date=2026-08-25 --release=3.6.4 \
	doc/man3/X509_ALGOR_dup.pod >doc/man/man3/X509_ALGOR_dup.3
pod2man --name=X509_ATTRIBUTE --section=3ssl --center=OpenSSL \
	--date=2026-08-25 --release=3.6.4 \
	doc/man3/X509_ATTRIBUTE.pod >doc/man/man3/X509_ATTRIBUTE.3
pod2man --name=X509_CRL_GET0_BY_SERIAL --section=3ssl --center=OpenSSL \
	--date=2026-08-25 --release=3.6.4 \
	doc/man3/X509_CRL_get0_by_serial.pod >doc/man/man3/X509_CRL_get0_by_serial.3
pod2man --name=X509_EXTENSION_SET_OBJECT --section=3ssl --center=OpenSSL \
	--date=2026-08-25 --release=3.6.4 \
	doc/man3/X509_EXTENSION_set_object.pod >doc/man/man3/X509_EXTENSION_set_object.3
pod2man --name=X509_LOOKUP --section=3ssl --center=OpenSSL \
	--date=2026-08-25 --release=3.6.4 \
	doc/man3/X509_LOOKUP.pod >doc/man/man3/X509_LOOKUP.3
pod2man --name=X509_LOOKUP_HASH_DIR --section=3ssl --center=OpenSSL \
	--date=2026-08-25 --release=3.6.4 \
	doc/man3/X509_LOOKUP_hash_dir.pod >doc/man/man3/X509_LOOKUP_hash_dir.3
pod2man --name=X509_LOOKUP_METH_NEW --section=3ssl --center=OpenSSL \
	--date=2026-08-25 --release=3.6.4 \
	doc/man3/X509_LOOKUP_meth_new.pod >doc/man/man3/X509_LOOKUP_meth_new.3
pod2man --name=X509_NAME_ENTRY_GET_OBJECT --section=3ssl --center=OpenSSL \
	--date=2026-08-25 --release=3.6.4 \
	doc/man3/X509_NAME_ENTRY_get_object.pod >doc/man/man3/X509_NAME_ENTRY_get_object.3
pod2man --name=X509_NAME_ADD_ENTRY_BY_TXT --section=3ssl --center=OpenSSL \
	--date=2026-08-25 --release=3.6.4 \
	doc/man3/X509_NAME_add_entry_by_txt.pod >doc/man/man3/X509_NAME_add_entry_by_txt.3
pod2man --name=X509_NAME_GET0_DER --section=3ssl --center=OpenSSL \
	--date=2026-08-25 --release=3.6.4 \
	doc/man3/X509_NAME_get0_der.pod >doc/man/man3/X509_NAME_get0_der.3
pod2man --name=X509_NAME_GET_INDEX_BY_NID --section=3ssl --center=OpenSSL \
	--date=2026-08-25 --release=3.6.4 \
	doc/man3/X509_NAME_get_index_by_NID.pod >doc/man/man3/X509_NAME_get_index_by_NID.3
pod2man --name=X509_NAME_PRINT_EX --section=3ssl --center=OpenSSL \
	--date=2026-08-25 --release=3.6.4 \
	doc/man3/X509_NAME_print_ex.pod >doc/man/man3/X509_NAME_print_ex.3
pod2man --name=X509_PUBKEY_NEW --section=3ssl --center=OpenSSL \
	--date=2026-08-25 --release=3.6.4 \
	doc/man3/X509_PUBKEY_new.pod >doc/man/man3/X509_PUBKEY_new.3
pod2man --name=X509_REQ_GET_ATTR --section=3ssl --center=OpenSSL \
	--date=2026-08-25 --release=3.6.4 \
	doc/man3/X509_REQ_get_attr.pod >doc/man/man3/X509_REQ_get_attr.3
pod2man --name=X509_REQ_GET_EXTENSIONS --section=3ssl --center=OpenSSL \
	--date=2026-08-25 --release=3.6.4 \
	doc/man3/X509_REQ_get_extensions.pod >doc/man/man3/X509_REQ_get_extensions.3
pod2man --name=X509_SIG_GET0 --section=3ssl --center=OpenSSL \
	--date=2026-08-25 --release=3.6.4 \
	doc/man3/X509_SIG_get0.pod >doc/man/man3/X509_SIG_get0.3
pod2man --name=X509_STORE_CTX_GET_BY_SUBJECT --section=3ssl --center=OpenSSL \
	--date=2026-08-25 --release=3.6.4 \
	doc/man3/X509_STORE_CTX_get_by_subject.pod >doc/man/man3/X509_STORE_CTX_get_by_subject.3
pod2man --name=X509_STORE_CTX_GET_ERROR --section=3ssl --center=OpenSSL \
	--date=2026-08-25 --release=3.6.4 \
	doc/man3/X509_STORE_CTX_get_error.pod >doc/man/man3/X509_STORE_CTX_get_error.3
pod2man --name=X509_STORE_CTX_NEW --section=3ssl --center=OpenSSL \
	--date=2026-08-25 --release=3.6.4 \
	doc/man3/X509_STORE_CTX_new.pod >doc/man/man3/X509_STORE_CTX_new.3
pod2man --name=X509_STORE_CTX_SET_VERIFY_CB --section=3ssl --center=OpenSSL \
	--date=2026-08-25 --release=3.6.4 \
	doc/man3/X509_STORE_CTX_set_verify_cb.pod >doc/man/man3/X509_STORE_CTX_set_verify_cb.3
pod2man --name=X509_STORE_ADD_CERT --section=3ssl --center=OpenSSL \
	--date=2026-08-25 --release=3.6.4 \
	doc/man3/X509_STORE_add_cert.pod >doc/man/man3/X509_STORE_add_cert.3
pod2man --name=X509_STORE_GET0_PARAM --section=3ssl --center=OpenSSL \
	--date=2026-08-25 --release=3.6.4 \
	doc/man3/X509_STORE_get0_param.pod >doc/man/man3/X509_STORE_get0_param.3
pod2man --name=X509_STORE_NEW --section=3ssl --center=OpenSSL \
	--date=2026-08-25 --release=3.6.4 \
	doc/man3/X509_STORE_new.pod >doc/man/man3/X509_STORE_new.3
pod2man --name=X509_STORE_SET_VERIFY_CB_FUNC --section=3ssl --center=OpenSSL \
	--date=2026-08-25 --release=3.6.4 \
	doc/man3/X509_STORE_set_verify_cb_func.pod >doc/man/man3/X509_STORE_set_verify_cb_func.3
pod2man --name=X509_VERIFY_PARAM_SET_FLAGS --section=3ssl --center=OpenSSL \
	--date=2026-08-25 --release=3.6.4 \
	doc/man3/X509_VERIFY_PARAM_set_flags.pod >doc/man/man3/X509_VERIFY_PARAM_set_flags.3
pod2man --name=X509_ADD_CERT --section=3ssl --center=OpenSSL \
	--date=2026-08-25 --release=3.6.4 \
	doc/man3/X509_add_cert.pod >doc/man/man3/X509_add_cert.3
pod2man --name=X509_CHECK_CA --section=3ssl --center=OpenSSL \
	--date=2026-08-25 --release=3.6.4 \
	doc/man3/X509_check_ca.pod >doc/man/man3/X509_check_ca.3
pod2man --name=X509_CHECK_HOST --section=3ssl --center=OpenSSL \
	--date=2026-08-25 --release=3.6.4 \
	doc/man3/X509_check_host.pod >doc/man/man3/X509_check_host.3
pod2man --name=X509_CHECK_ISSUED --section=3ssl --center=OpenSSL \
	--date=2026-08-25 --release=3.6.4 \
	doc/man3/X509_check_issued.pod >doc/man/man3/X509_check_issued.3
pod2man --name=X509_CHECK_PRIVATE_KEY --section=3ssl --center=OpenSSL \
	--date=2026-08-25 --release=3.6.4 \
	doc/man3/X509_check_private_key.pod >doc/man/man3/X509_check_private_key.3
pod2man --name=X509_CHECK_PURPOSE --section=3ssl --center=OpenSSL \
	--date=2026-08-25 --release=3.6.4 \
	doc/man3/X509_check_purpose.pod >doc/man/man3/X509_check_purpose.3
pod2man --name=X509_CMP --section=3ssl --center=OpenSSL \
	--date=2026-08-25 --release=3.6.4 \
	doc/man3/X509_cmp.pod >doc/man/man3/X509_cmp.3
pod2man --name=X509_CMP_TIME --section=3ssl --center=OpenSSL \
	--date=2026-08-25 --release=3.6.4 \
	doc/man3/X509_cmp_time.pod >doc/man/man3/X509_cmp_time.3
pod2man --name=X509_DIGEST --section=3ssl --center=OpenSSL \
	--date=2026-08-25 --release=3.6.4 \
	doc/man3/X509_digest.pod >doc/man/man3/X509_digest.3
pod2man --name=X509_DUP --section=3ssl --center=OpenSSL \
	--date=2026-08-25 --release=3.6.4 \
	doc/man3/X509_dup.pod >doc/man/man3/X509_dup.3
pod2man --name=X509_GET0_DISTINGUISHING_ID --section=3ssl --center=OpenSSL \
	--date=2026-08-25 --release=3.6.4 \
	doc/man3/X509_get0_distinguishing_id.pod >doc/man/man3/X509_get0_distinguishing_id.3
pod2man --name=X509_GET0_NOTBEFORE --section=3ssl --center=OpenSSL \
	--date=2026-08-25 --release=3.6.4 \
	doc/man3/X509_get0_notBefore.pod >doc/man/man3/X509_get0_notBefore.3
pod2man --name=X509_GET0_SIGNATURE --section=3ssl --center=OpenSSL \
	--date=2026-08-25 --release=3.6.4 \
	doc/man3/X509_get0_signature.pod >doc/man/man3/X509_get0_signature.3
pod2man --name=X509_GET0_UIDS --section=3ssl --center=OpenSSL \
	--date=2026-08-25 --release=3.6.4 \
	doc/man3/X509_get0_uids.pod >doc/man/man3/X509_get0_uids.3
pod2man --name=X509_GET_DEFAULT_CERT_FILE --section=3ssl --center=OpenSSL \
	--date=2026-08-25 --release=3.6.4 \
	doc/man3/X509_get_default_cert_file.pod >doc/man/man3/X509_get_default_cert_file.3
pod2man --name=X509_GET_EXTENSION_FLAGS --section=3ssl --center=OpenSSL \
	--date=2026-08-25 --release=3.6.4 \
	doc/man3/X509_get_extension_flags.pod >doc/man/man3/X509_get_extension_flags.3
pod2man --name=X509_GET_PUBKEY --section=3ssl --center=OpenSSL \
	--date=2026-08-25 --release=3.6.4 \
	doc/man3/X509_get_pubkey.pod >doc/man/man3/X509_get_pubkey.3
pod2man --name=X509_GET_SERIALNUMBER --section=3ssl --center=OpenSSL \
	--date=2026-08-25 --release=3.6.4 \
	doc/man3/X509_get_serialNumber.pod >doc/man/man3/X509_get_serialNumber.3
pod2man --name=X509_GET_SUBJECT_NAME --section=3ssl --center=OpenSSL \
	--date=2026-08-25 --release=3.6.4 \
	doc/man3/X509_get_subject_name.pod >doc/man/man3/X509_get_subject_name.3
pod2man --name=X509_GET_VERSION --section=3ssl --center=OpenSSL \
	--date=2026-08-25 --release=3.6.4 \
	doc/man3/X509_get_version.pod >doc/man/man3/X509_get_version.3
pod2man --name=X509_LOAD_HTTP --section=3ssl --center=OpenSSL \
	--date=2026-08-25 --release=3.6.4 \
	doc/man3/X509_load_http.pod >doc/man/man3/X509_load_http.3
pod2man --name=X509_NEW --section=3ssl --center=OpenSSL \
	--date=2026-08-25 --release=3.6.4 \
	doc/man3/X509_new.pod >doc/man/man3/X509_new.3
pod2man --name=X509_SIGN --section=3ssl --center=OpenSSL \
	--date=2026-08-25 --release=3.6.4 \
	doc/man3/X509_sign.pod >doc/man/man3/X509_sign.3
pod2man --name=X509_VERIFY --section=3ssl --center=OpenSSL \
	--date=2026-08-25 --release=3.6.4 \
	doc/man3/X509_verify.pod >doc/man/man3/X509_verify.3
pod2man --name=X509_VERIFY_CERT --section=3ssl --center=OpenSSL \
	--date=2026-08-25 --release=3.6.4 \
	doc/man3/X509_verify_cert.pod >doc/man/man3/X509_verify_cert.3
pod2man --name=X509V3_GET_EXT_BY_NID --section=3ssl --center=OpenSSL \
	--date=2026-08-25 --release=3.6.4 \
	doc/man3/X509v3_get_ext_by_NID.pod >doc/man/man3/X509v3_get_ext_by_NID.3
pod2man --name=B2I_PVK_BIO_EX --section=3ssl --center=OpenSSL \
	--date=2026-08-25 --release=3.6.4 \
	doc/man3/b2i_PVK_bio_ex.pod >doc/man/man3/b2i_PVK_bio_ex.3
pod2man --name=D2I_PKCS8PRIVATEKEY_BIO --section=3ssl --center=OpenSSL \
	--date=2026-08-25 --release=3.6.4 \
	doc/man3/d2i_PKCS8PrivateKey_bio.pod >doc/man/man3/d2i_PKCS8PrivateKey_bio.3
pod2man --name=D2I_PRIVATEKEY --section=3ssl --center=OpenSSL \
	--date=2026-08-25 --release=3.6.4 \
	doc/man3/d2i_PrivateKey.pod >doc/man/man3/d2i_PrivateKey.3
pod2man --name=D2I_RSAPRIVATEKEY --section=3ssl --center=OpenSSL \
	--date=2026-08-25 --release=3.6.4 \
	doc/man3/d2i_RSAPrivateKey.pod >doc/man/man3/d2i_RSAPrivateKey.3
pod2man --name=D2I_SSL_SESSION --section=3ssl --center=OpenSSL \
	--date=2026-08-25 --release=3.6.4 \
	doc/man3/d2i_SSL_SESSION.pod >doc/man/man3/d2i_SSL_SESSION.3
pod2man --name=D2I_X509 --section=3ssl --center=OpenSSL \
	--date=2026-08-25 --release=3.6.4 \
	doc/man3/d2i_X509.pod >doc/man/man3/d2i_X509.3
pod2man --name=I2D_CMS_BIO_STREAM --section=3ssl --center=OpenSSL \
	--date=2026-08-25 --release=3.6.4 \
	doc/man3/i2d_CMS_bio_stream.pod >doc/man/man3/i2d_CMS_bio_stream.3
pod2man --name=I2D_PKCS7_BIO_STREAM --section=3ssl --center=OpenSSL \
	--date=2026-08-25 --release=3.6.4 \
	doc/man3/i2d_PKCS7_bio_stream.pod >doc/man/man3/i2d_PKCS7_bio_stream.3
pod2man --name=I2D_RE_X509_TBS --section=3ssl --center=OpenSSL \
	--date=2026-08-25 --release=3.6.4 \
	doc/man3/i2d_re_X509_tbs.pod >doc/man/man3/i2d_re_X509_tbs.3
pod2man --name=O2I_SCT_LIST --section=3ssl --center=OpenSSL \
	--date=2026-08-25 --release=3.6.4 \
	doc/man3/o2i_SCT_LIST.pod >doc/man/man3/o2i_SCT_LIST.3
pod2man --name=S2I_ASN1_IA5STRING --section=3ssl --center=OpenSSL \
	--date=2026-08-25 --release=3.6.4 \
	doc/man3/s2i_ASN1_IA5STRING.pod >doc/man/man3/s2i_ASN1_IA5STRING.3
pod2man --name=CONFIG --section=5ssl --center=OpenSSL \
	--date=2026-08-25 --release=3.6.4 \
	doc/man5/config.pod >doc/man/man5/config.5
pod2man --name=FIPS_CONFIG --section=5ssl --center=OpenSSL \
	--date=2026-08-25 --release=3.6.4 \
	doc/man5/fips_config.pod >doc/man/man5/fips_config.5
pod2man --name=X509V3_CONFIG --section=5ssl --center=OpenSSL \
	--date=2026-08-25 --release=3.6.4 \
	doc/man5/x509v3_config.pod >doc/man/man5/x509v3_config.5
pod2man --name=EVP_ASYM_CIPHER-RSA --section=7ssl --center=OpenSSL \
	--date=2026-08-25 --release=3.6.4 \
	doc/man7/EVP_ASYM_CIPHER-RSA.pod >doc/man/man7/EVP_ASYM_CIPHER-RSA.7
pod2man --name=EVP_ASYM_CIPHER-SM2 --section=7ssl --center=OpenSSL \
	--date=2026-08-25 --release=3.6.4 \
	doc/man7/EVP_ASYM_CIPHER-SM2.pod >doc/man/man7/EVP_ASYM_CIPHER-SM2.7
pod2man --name=EVP_CIPHER-AES --section=7ssl --center=OpenSSL \
	--date=2026-08-25 --release=3.6.4 \
	doc/man7/EVP_CIPHER-AES.pod >doc/man/man7/EVP_CIPHER-AES.7
pod2man --name=EVP_CIPHER-ARIA --section=7ssl --center=OpenSSL \
	--date=2026-08-25 --release=3.6.4 \
	doc/man7/EVP_CIPHER-ARIA.pod >doc/man/man7/EVP_CIPHER-ARIA.7
pod2man --name=EVP_CIPHER-BLOWFISH --section=7ssl --center=OpenSSL \
	--date=2026-08-25 --release=3.6.4 \
	doc/man7/EVP_CIPHER-BLOWFISH.pod >doc/man/man7/EVP_CIPHER-BLOWFISH.7
pod2man --name=EVP_CIPHER-CAMELLIA --section=7ssl --center=OpenSSL \
	--date=2026-08-25 --release=3.6.4 \
	doc/man7/EVP_CIPHER-CAMELLIA.pod >doc/man/man7/EVP_CIPHER-CAMELLIA.7
pod2man --name=EVP_CIPHER-CAST --section=7ssl --center=OpenSSL \
	--date=2026-08-25 --release=3.6.4 \
	doc/man7/EVP_CIPHER-CAST.pod >doc/man/man7/EVP_CIPHER-CAST.7
pod2man --name=EVP_CIPHER-CHACHA --section=7ssl --center=OpenSSL \
	--date=2026-08-25 --release=3.6.4 \
	doc/man7/EVP_CIPHER-CHACHA.pod >doc/man/man7/EVP_CIPHER-CHACHA.7
pod2man --name=EVP_CIPHER-DES --section=7ssl --center=OpenSSL \
	--date=2026-08-25 --release=3.6.4 \
	doc/man7/EVP_CIPHER-DES.pod >doc/man/man7/EVP_CIPHER-DES.7
pod2man --name=EVP_CIPHER-IDEA --section=7ssl --center=OpenSSL \
	--date=2026-08-25 --release=3.6.4 \
	doc/man7/EVP_CIPHER-IDEA.pod >doc/man/man7/EVP_CIPHER-IDEA.7
pod2man --name=EVP_CIPHER-NULL --section=7ssl --center=OpenSSL \
	--date=2026-08-25 --release=3.6.4 \
	doc/man7/EVP_CIPHER-NULL.pod >doc/man/man7/EVP_CIPHER-NULL.7
pod2man --name=EVP_CIPHER-RC2 --section=7ssl --center=OpenSSL \
	--date=2026-08-25 --release=3.6.4 \
	doc/man7/EVP_CIPHER-RC2.pod >doc/man/man7/EVP_CIPHER-RC2.7
pod2man --name=EVP_CIPHER-RC4 --section=7ssl --center=OpenSSL \
	--date=2026-08-25 --release=3.6.4 \
	doc/man7/EVP_CIPHER-RC4.pod >doc/man/man7/EVP_CIPHER-RC4.7
pod2man --name=EVP_CIPHER-RC5 --section=7ssl --center=OpenSSL \
	--date=2026-08-25 --release=3.6.4 \
	doc/man7/EVP_CIPHER-RC5.pod >doc/man/man7/EVP_CIPHER-RC5.7
pod2man --name=EVP_CIPHER-SEED --section=7ssl --center=OpenSSL \
	--date=2026-08-25 --release=3.6.4 \
	doc/man7/EVP_CIPHER-SEED.pod >doc/man/man7/EVP_CIPHER-SEED.7
pod2man --name=EVP_CIPHER-SM4 --section=7ssl --center=OpenSSL \
	--date=2026-08-25 --release=3.6.4 \
	doc/man7/EVP_CIPHER-SM4.pod >doc/man/man7/EVP_CIPHER-SM4.7
pod2man --name=EVP_KDF-ARGON2 --section=7ssl --center=OpenSSL \
	--date=2026-08-25 --release=3.6.4 \
	doc/man7/EVP_KDF-ARGON2.pod >doc/man/man7/EVP_KDF-ARGON2.7
pod2man --name=EVP_KDF-HKDF --section=7ssl --center=OpenSSL \
	--date=2026-08-25 --release=3.6.4 \
	doc/man7/EVP_KDF-HKDF.pod >doc/man/man7/EVP_KDF-HKDF.7
pod2man --name=EVP_KDF-HMAC-DRBG --section=7ssl --center=OpenSSL \
	--date=2026-08-25 --release=3.6.4 \
	doc/man7/EVP_KDF-HMAC-DRBG.pod >doc/man/man7/EVP_KDF-HMAC-DRBG.7
pod2man --name=EVP_KDF-KB --section=7ssl --center=OpenSSL \
	--date=2026-08-25 --release=3.6.4 \
	doc/man7/EVP_KDF-KB.pod >doc/man/man7/EVP_KDF-KB.7
pod2man --name=EVP_KDF-KRB5KDF --section=7ssl --center=OpenSSL \
	--date=2026-08-25 --release=3.6.4 \
	doc/man7/EVP_KDF-KRB5KDF.pod >doc/man/man7/EVP_KDF-KRB5KDF.7
pod2man --name=EVP_KDF-PBKDF1 --section=7ssl --center=OpenSSL \
	--date=2026-08-25 --release=3.6.4 \
	doc/man7/EVP_KDF-PBKDF1.pod >doc/man/man7/EVP_KDF-PBKDF1.7
pod2man --name=EVP_KDF-PBKDF2 --section=7ssl --center=OpenSSL \
	--date=2026-08-25 --release=3.6.4 \
	doc/man7/EVP_KDF-PBKDF2.pod >doc/man/man7/EVP_KDF-PBKDF2.7
pod2man --name=EVP_KDF-PKCS12KDF --section=7ssl --center=OpenSSL \
	--date=2026-08-25 --release=3.6.4 \
	doc/man7/EVP_KDF-PKCS12KDF.pod >doc/man/man7/EVP_KDF-PKCS12KDF.7
pod2man --name=EVP_KDF-PVKKDF --section=7ssl --center=OpenSSL \
	--date=2026-08-25 --release=3.6.4 \
	doc/man7/EVP_KDF-PVKKDF.pod >doc/man/man7/EVP_KDF-PVKKDF.7
pod2man --name=EVP_KDF-SCRYPT --section=7ssl --center=OpenSSL \
	--date=2026-08-25 --release=3.6.4 \
	doc/man7/EVP_KDF-SCRYPT.pod >doc/man/man7/EVP_KDF-SCRYPT.7
pod2man --name=EVP_KDF-SS --section=7ssl --center=OpenSSL \
	--date=2026-08-25 --release=3.6.4 \
	doc/man7/EVP_KDF-SS.pod >doc/man/man7/EVP_KDF-SS.7
pod2man --name=EVP_KDF-SSHKDF --section=7ssl --center=OpenSSL \
	--date=2026-08-25 --release=3.6.4 \
	doc/man7/EVP_KDF-SSHKDF.pod >doc/man/man7/EVP_KDF-SSHKDF.7
pod2man --name=EVP_KDF-TLS13_KDF --section=7ssl --center=OpenSSL \
	--date=2026-08-25 --release=3.6.4 \
	doc/man7/EVP_KDF-TLS13_KDF.pod >doc/man/man7/EVP_KDF-TLS13_KDF.7
pod2man --name=EVP_KDF-TLS1_PRF --section=7ssl --center=OpenSSL \
	--date=2026-08-25 --release=3.6.4 \
	doc/man7/EVP_KDF-TLS1_PRF.pod >doc/man/man7/EVP_KDF-TLS1_PRF.7
pod2man --name=EVP_KDF-X942-ASN1 --section=7ssl --center=OpenSSL \
	--date=2026-08-25 --release=3.6.4 \
	doc/man7/EVP_KDF-X942-ASN1.pod >doc/man/man7/EVP_KDF-X942-ASN1.7
pod2man --name=EVP_KDF-X942-CONCAT --section=7ssl --center=OpenSSL \
	--date=2026-08-25 --release=3.6.4 \
	doc/man7/EVP_KDF-X942-CONCAT.pod >doc/man/man7/EVP_KDF-X942-CONCAT.7
pod2man --name=EVP_KDF-X963 --section=7ssl --center=OpenSSL \
	--date=2026-08-25 --release=3.6.4 \
	doc/man7/EVP_KDF-X963.pod >doc/man/man7/EVP_KDF-X963.7
pod2man --name=EVP_KEM-EC --section=7ssl --center=OpenSSL \
	--date=2026-08-25 --release=3.6.4 \
	doc/man7/EVP_KEM-EC.pod >doc/man/man7/EVP_KEM-EC.7
pod2man --name=EVP_KEM-ML-KEM --section=7ssl --center=OpenSSL \
	--date=2026-08-25 --release=3.6.4 \
	doc/man7/EVP_KEM-ML-KEM.pod >doc/man/man7/EVP_KEM-ML-KEM.7
pod2man --name=EVP_KEM-RSA --section=7ssl --center=OpenSSL \
	--date=2026-08-25 --release=3.6.4 \
	doc/man7/EVP_KEM-RSA.pod >doc/man/man7/EVP_KEM-RSA.7
pod2man --name=EVP_KEM-X25519 --section=7ssl --center=OpenSSL \
	--date=2026-08-25 --release=3.6.4 \
	doc/man7/EVP_KEM-X25519.pod >doc/man/man7/EVP_KEM-X25519.7
pod2man --name=EVP_KEYEXCH-DH --section=7ssl --center=OpenSSL \
	--date=2026-08-25 --release=3.6.4 \
	doc/man7/EVP_KEYEXCH-DH.pod >doc/man/man7/EVP_KEYEXCH-DH.7
pod2man --name=EVP_KEYEXCH-ECDH --section=7ssl --center=OpenSSL \
	--date=2026-08-25 --release=3.6.4 \
	doc/man7/EVP_KEYEXCH-ECDH.pod >doc/man/man7/EVP_KEYEXCH-ECDH.7
pod2man --name=EVP_KEYEXCH-X25519 --section=7ssl --center=OpenSSL \
	--date=2026-08-25 --release=3.6.4 \
	doc/man7/EVP_KEYEXCH-X25519.pod >doc/man/man7/EVP_KEYEXCH-X25519.7
pod2man --name=EVP_MAC-BLAKE2 --section=7ssl --center=OpenSSL \
	--date=2026-08-25 --release=3.6.4 \
	doc/man7/EVP_MAC-BLAKE2.pod >doc/man/man7/EVP_MAC-BLAKE2.7
pod2man --name=EVP_MAC-CMAC --section=7ssl --center=OpenSSL \
	--date=2026-08-25 --release=3.6.4 \
	doc/man7/EVP_MAC-CMAC.pod >doc/man/man7/EVP_MAC-CMAC.7
pod2man --name=EVP_MAC-GMAC --section=7ssl --center=OpenSSL \
	--date=2026-08-25 --release=3.6.4 \
	doc/man7/EVP_MAC-GMAC.pod >doc/man/man7/EVP_MAC-GMAC.7
pod2man --name=EVP_MAC-HMAC --section=7ssl --center=OpenSSL \
	--date=2026-08-25 --release=3.6.4 \
	doc/man7/EVP_MAC-HMAC.pod >doc/man/man7/EVP_MAC-HMAC.7
pod2man --name=EVP_MAC-KMAC --section=7ssl --center=OpenSSL \
	--date=2026-08-25 --release=3.6.4 \
	doc/man7/EVP_MAC-KMAC.pod >doc/man/man7/EVP_MAC-KMAC.7
pod2man --name=EVP_MAC-POLY1305 --section=7ssl --center=OpenSSL \
	--date=2026-08-25 --release=3.6.4 \
	doc/man7/EVP_MAC-Poly1305.pod >doc/man/man7/EVP_MAC-Poly1305.7
pod2man --name=EVP_MAC-SIPHASH --section=7ssl --center=OpenSSL \
	--date=2026-08-25 --release=3.6.4 \
	doc/man7/EVP_MAC-Siphash.pod >doc/man/man7/EVP_MAC-Siphash.7
pod2man --name=EVP_MD-BLAKE2 --section=7ssl --center=OpenSSL \
	--date=2026-08-25 --release=3.6.4 \
	doc/man7/EVP_MD-BLAKE2.pod >doc/man/man7/EVP_MD-BLAKE2.7
pod2man --name=EVP_MD-KECCAK --section=7ssl --center=OpenSSL \
	--date=2026-08-25 --release=3.6.4 \
	doc/man7/EVP_MD-KECCAK.pod >doc/man/man7/EVP_MD-KECCAK.7
pod2man --name=EVP_MD-MD2 --section=7ssl --center=OpenSSL \
	--date=2026-08-25 --release=3.6.4 \
	doc/man7/EVP_MD-MD2.pod >doc/man/man7/EVP_MD-MD2.7
pod2man --name=EVP_MD-MD4 --section=7ssl --center=OpenSSL \
	--date=2026-08-25 --release=3.6.4 \
	doc/man7/EVP_MD-MD4.pod >doc/man/man7/EVP_MD-MD4.7
pod2man --name=EVP_MD-MD5-SHA1 --section=7ssl --center=OpenSSL \
	--date=2026-08-25 --release=3.6.4 \
	doc/man7/EVP_MD-MD5-SHA1.pod >doc/man/man7/EVP_MD-MD5-SHA1.7
pod2man --name=EVP_MD-MD5 --section=7ssl --center=OpenSSL \
	--date=2026-08-25 --release=3.6.4 \
	doc/man7/EVP_MD-MD5.pod >doc/man/man7/EVP_MD-MD5.7
pod2man --name=EVP_MD-MDC2 --section=7ssl --center=OpenSSL \
	--date=2026-08-25 --release=3.6.4 \
	doc/man7/EVP_MD-MDC2.pod >doc/man/man7/EVP_MD-MDC2.7
pod2man --name=EVP_MD-NULL --section=7ssl --center=OpenSSL \
	--date=2026-08-25 --release=3.6.4 \
	doc/man7/EVP_MD-NULL.pod >doc/man/man7/EVP_MD-NULL.7
pod2man --name=EVP_MD-RIPEMD160 --section=7ssl --center=OpenSSL \
	--date=2026-08-25 --release=3.6.4 \
	doc/man7/EVP_MD-RIPEMD160.pod >doc/man/man7/EVP_MD-RIPEMD160.7
pod2man --name=EVP_MD-SHA1 --section=7ssl --center=OpenSSL \
	--date=2026-08-25 --release=3.6.4 \
	doc/man7/EVP_MD-SHA1.pod >doc/man/man7/EVP_MD-SHA1.7
pod2man --name=EVP_MD-SHA2 --section=7ssl --center=OpenSSL \
	--date=2026-08-25 --release=3.6.4 \
	doc/man7/EVP_MD-SHA2.pod >doc/man/man7/EVP_MD-SHA2.7
pod2man --name=EVP_MD-SHA3 --section=7ssl --center=OpenSSL \
	--date=2026-08-25 --release=3.6.4 \
	doc/man7/EVP_MD-SHA3.pod >doc/man/man7/EVP_MD-SHA3.7
pod2man --name=EVP_MD-SHAKE --section=7ssl --center=OpenSSL \
	--date=2026-08-25 --release=3.6.4 \
	doc/man7/EVP_MD-SHAKE.pod >doc/man/man7/EVP_MD-SHAKE.7
pod2man --name=EVP_MD-SM3 --section=7ssl --center=OpenSSL \
	--date=2026-08-25 --release=3.6.4 \
	doc/man7/EVP_MD-SM3.pod >doc/man/man7/EVP_MD-SM3.7
pod2man --name=EVP_MD-WHIRLPOOL --section=7ssl --center=OpenSSL \
	--date=2026-08-25 --release=3.6.4 \
	doc/man7/EVP_MD-WHIRLPOOL.pod >doc/man/man7/EVP_MD-WHIRLPOOL.7
pod2man --name=EVP_MD-COMMON --section=7ssl --center=OpenSSL \
	--date=2026-08-25 --release=3.6.4 \
	doc/man7/EVP_MD-common.pod >doc/man/man7/EVP_MD-common.7
pod2man --name=EVP_PKEY-DH --section=7ssl --center=OpenSSL \
	--date=2026-08-25 --release=3.6.4 \
	doc/man7/EVP_PKEY-DH.pod >doc/man/man7/EVP_PKEY-DH.7
pod2man --name=EVP_PKEY-DSA --section=7ssl --center=OpenSSL \
	--date=2026-08-25 --release=3.6.4 \
	doc/man7/EVP_PKEY-DSA.pod >doc/man/man7/EVP_PKEY-DSA.7
pod2man --name=EVP_PKEY-EC --section=7ssl --center=OpenSSL \
	--date=2026-08-25 --release=3.6.4 \
	doc/man7/EVP_PKEY-EC.pod >doc/man/man7/EVP_PKEY-EC.7
pod2man --name=EVP_PKEY-FFC --section=7ssl --center=OpenSSL \
	--date=2026-08-25 --release=3.6.4 \
	doc/man7/EVP_PKEY-FFC.pod >doc/man/man7/EVP_PKEY-FFC.7
pod2man --name=EVP_PKEY-HMAC --section=7ssl --center=OpenSSL \
	--date=2026-08-25 --release=3.6.4 \
	doc/man7/EVP_PKEY-HMAC.pod >doc/man/man7/EVP_PKEY-HMAC.7
pod2man --name=EVP_PKEY-LMS --section=7ssl --center=OpenSSL \
	--date=2026-08-25 --release=3.6.4 \
	doc/man7/EVP_PKEY-LMS.pod >doc/man/man7/EVP_PKEY-LMS.7
pod2man --name=EVP_PKEY-ML-DSA --section=7ssl --center=OpenSSL \
	--date=2026-08-25 --release=3.6.4 \
	doc/man7/EVP_PKEY-ML-DSA.pod >doc/man/man7/EVP_PKEY-ML-DSA.7
pod2man --name=EVP_PKEY-ML-KEM --section=7ssl --center=OpenSSL \
	--date=2026-08-25 --release=3.6.4 \
	doc/man7/EVP_PKEY-ML-KEM.pod >doc/man/man7/EVP_PKEY-ML-KEM.7
pod2man --name=EVP_PKEY-RSA --section=7ssl --center=OpenSSL \
	--date=2026-08-25 --release=3.6.4 \
	doc/man7/EVP_PKEY-RSA.pod >doc/man/man7/EVP_PKEY-RSA.7
pod2man --name=EVP_PKEY-SLH-DSA --section=7ssl --center=OpenSSL \
	--date=2026-08-25 --release=3.6.4 \
	doc/man7/EVP_PKEY-SLH-DSA.pod >doc/man/man7/EVP_PKEY-SLH-DSA.7
pod2man --name=EVP_PKEY-SM2 --section=7ssl --center=OpenSSL \
	--date=2026-08-25 --release=3.6.4 \
	doc/man7/EVP_PKEY-SM2.pod >doc/man/man7/EVP_PKEY-SM2.7
pod2man --name=EVP_PKEY-X25519 --section=7ssl --center=OpenSSL \
	--date=2026-08-25 --release=3.6.4 \
	doc/man7/EVP_PKEY-X25519.pod >doc/man/man7/EVP_PKEY-X25519.7
pod2man --name=EVP_RAND-CRNG-TEST --section=7ssl --center=OpenSSL \
	--date=2026-08-25 --release=3.6.4 \
	doc/man7/EVP_RAND-CRNG-TEST.pod >doc/man/man7/EVP_RAND-CRNG-TEST.7
pod2man --name=EVP_RAND-CTR-DRBG --section=7ssl --center=OpenSSL \
	--date=2026-08-25 --release=3.6.4 \
	doc/man7/EVP_RAND-CTR-DRBG.pod >doc/man/man7/EVP_RAND-CTR-DRBG.7
pod2man --name=EVP_RAND-HASH-DRBG --section=7ssl --center=OpenSSL \
	--date=2026-08-25 --release=3.6.4 \
	doc/man7/EVP_RAND-HASH-DRBG.pod >doc/man/man7/EVP_RAND-HASH-DRBG.7
pod2man --name=EVP_RAND-HMAC-DRBG --section=7ssl --center=OpenSSL \
	--date=2026-08-25 --release=3.6.4 \
	doc/man7/EVP_RAND-HMAC-DRBG.pod >doc/man/man7/EVP_RAND-HMAC-DRBG.7
pod2man --name=EVP_RAND-JITTER --section=7ssl --center=OpenSSL \
	--date=2026-08-25 --release=3.6.4 \
	doc/man7/EVP_RAND-JITTER.pod >doc/man/man7/EVP_RAND-JITTER.7
pod2man --name=EVP_RAND-SEED-SRC --section=7ssl --center=OpenSSL \
	--date=2026-08-25 --release=3.6.4 \
	doc/man7/EVP_RAND-SEED-SRC.pod >doc/man/man7/EVP_RAND-SEED-SRC.7
pod2man --name=EVP_RAND-TEST-RAND --section=7ssl --center=OpenSSL \
	--date=2026-08-25 --release=3.6.4 \
	doc/man7/EVP_RAND-TEST-RAND.pod >doc/man/man7/EVP_RAND-TEST-RAND.7
pod2man --name=EVP_RAND --section=7ssl --center=OpenSSL \
	--date=2026-08-25 --release=3.6.4 \
	doc/man7/EVP_RAND.pod >doc/man/man7/EVP_RAND.7
pod2man --name=EVP_SIGNATURE-DSA --section=7ssl --center=OpenSSL \
	--date=2026-08-25 --release=3.6.4 \
	doc/man7/EVP_SIGNATURE-DSA.pod >doc/man/man7/EVP_SIGNATURE-DSA.7
pod2man --name=EVP_SIGNATURE-ECDSA --section=7ssl --center=OpenSSL \
	--date=2026-08-25 --release=3.6.4 \
	doc/man7/EVP_SIGNATURE-ECDSA.pod >doc/man/man7/EVP_SIGNATURE-ECDSA.7
pod2man --name=EVP_SIGNATURE-ED25519 --section=7ssl --center=OpenSSL \
	--date=2026-08-25 --release=3.6.4 \
	doc/man7/EVP_SIGNATURE-ED25519.pod >doc/man/man7/EVP_SIGNATURE-ED25519.7
pod2man --name=EVP_SIGNATURE-HMAC --section=7ssl --center=OpenSSL \
	--date=2026-08-25 --release=3.6.4 \
	doc/man7/EVP_SIGNATURE-HMAC.pod >doc/man/man7/EVP_SIGNATURE-HMAC.7
pod2man --name=EVP_SIGNATURE-LMS --section=7ssl --center=OpenSSL \
	--date=2026-08-25 --release=3.6.4 \
	doc/man7/EVP_SIGNATURE-LMS.pod >doc/man/man7/EVP_SIGNATURE-LMS.7
pod2man --name=EVP_SIGNATURE-ML-DSA --section=7ssl --center=OpenSSL \
	--date=2026-08-25 --release=3.6.4 \
	doc/man7/EVP_SIGNATURE-ML-DSA.pod >doc/man/man7/EVP_SIGNATURE-ML-DSA.7
pod2man --name=EVP_SIGNATURE-RSA --section=7ssl --center=OpenSSL \
	--date=2026-08-25 --release=3.6.4 \
	doc/man7/EVP_SIGNATURE-RSA.pod >doc/man/man7/EVP_SIGNATURE-RSA.7
pod2man --name=EVP_SIGNATURE-SLH-DSA --section=7ssl --center=OpenSSL \
	--date=2026-08-25 --release=3.6.4 \
	doc/man7/EVP_SIGNATURE-SLH-DSA.pod >doc/man/man7/EVP_SIGNATURE-SLH-DSA.7
pod2man --name=OSSL_PROVIDER-FIPS --section=7ssl --center=OpenSSL \
	--date=2026-08-25 --release=3.6.4 \
	doc/man7/OSSL_PROVIDER-FIPS.pod >doc/man/man7/OSSL_PROVIDER-FIPS.7
pod2man --name=OSSL_PROVIDER-BASE --section=7ssl --center=OpenSSL \
	--date=2026-08-25 --release=3.6.4 \
	doc/man7/OSSL_PROVIDER-base.pod >doc/man/man7/OSSL_PROVIDER-base.7
pod2man --name=OSSL_PROVIDER-DEFAULT --section=7ssl --center=OpenSSL \
	--date=2026-08-25 --release=3.6.4 \
	doc/man7/OSSL_PROVIDER-default.pod >doc/man/man7/OSSL_PROVIDER-default.7
pod2man --name=OSSL_PROVIDER-LEGACY --section=7ssl --center=OpenSSL \
	--date=2026-08-25 --release=3.6.4 \
	doc/man7/OSSL_PROVIDER-legacy.pod >doc/man/man7/OSSL_PROVIDER-legacy.7
pod2man --name=OSSL_PROVIDER-NULL --section=7ssl --center=OpenSSL \
	--date=2026-08-25 --release=3.6.4 \
	doc/man7/OSSL_PROVIDER-null.pod >doc/man/man7/OSSL_PROVIDER-null.7
pod2man --name=OSSL_STORE-WINSTORE --section=7ssl --center=OpenSSL \
	--date=2026-08-25 --release=3.6.4 \
	doc/man7/OSSL_STORE-winstore.pod >doc/man/man7/OSSL_STORE-winstore.7
pod2man --name=RAND --section=7ssl --center=OpenSSL \
	--date=2026-08-25 --release=3.6.4 \
	doc/man7/RAND.pod >doc/man/man7/RAND.7
pod2man --name=RSA-PSS --section=7ssl --center=OpenSSL \
	--date=2026-08-25 --release=3.6.4 \
	doc/man7/RSA-PSS.pod >doc/man/man7/RSA-PSS.7
pod2man --name=X25519 --section=7ssl --center=OpenSSL \
	--date=2026-08-25 --release=3.6.4 \
	doc/man7/X25519.pod >doc/man/man7/X25519.7
pod2man --name=BIO --section=7ssl --center=OpenSSL \
	--date=2026-08-25 --release=3.6.4 \
	doc/man7/bio.pod >doc/man/man7/bio.7
pod2man --name=CT --section=7ssl --center=OpenSSL \
	--date=2026-08-25 --release=3.6.4 \
	doc/man7/ct.pod >doc/man/man7/ct.7
pod2man --name=DES_MODES --section=7ssl --center=OpenSSL \
	--date=2026-08-25 --release=3.6.4 \
	doc/man7/des_modes.pod >doc/man/man7/des_modes.7
pod2man --name=EVP --section=7ssl --center=OpenSSL \
	--date=2026-08-25 --release=3.6.4 \
	doc/man7/evp.pod >doc/man/man7/evp.7
pod2man --name=FIPS_MODULE --section=7ssl --center=OpenSSL \
	--date=2026-08-25 --release=3.6.4 \
	doc/man7/fips_module.pod >doc/man/man7/fips_module.7
pod2man --name=LIFE_CYCLE-CIPHER --section=7ssl --center=OpenSSL \
	--date=2026-08-25 --release=3.6.4 \
	doc/man7/life_cycle-cipher.pod >doc/man/man7/life_cycle-cipher.7
pod2man --name=LIFE_CYCLE-DIGEST --section=7ssl --center=OpenSSL \
	--date=2026-08-25 --release=3.6.4 \
	doc/man7/life_cycle-digest.pod >doc/man/man7/life_cycle-digest.7
pod2man --name=LIFE_CYCLE-KDF --section=7ssl --center=OpenSSL \
	--date=2026-08-25 --release=3.6.4 \
	doc/man7/life_cycle-kdf.pod >doc/man/man7/life_cycle-kdf.7
pod2man --name=LIFE_CYCLE-MAC --section=7ssl --center=OpenSSL \
	--date=2026-08-25 --release=3.6.4 \
	doc/man7/life_cycle-mac.pod >doc/man/man7/life_cycle-mac.7
pod2man --name=LIFE_CYCLE-PKEY --section=7ssl --center=OpenSSL \
	--date=2026-08-25 --release=3.6.4 \
	doc/man7/life_cycle-pkey.pod >doc/man/man7/life_cycle-pkey.7
pod2man --name=LIFE_CYCLE-RAND --section=7ssl --center=OpenSSL \
	--date=2026-08-25 --release=3.6.4 \
	doc/man7/life_cycle-rand.pod >doc/man/man7/life_cycle-rand.7
pod2man --name=OPENSSL-CORE.H --section=7ssl --center=OpenSSL \
	--date=2026-08-25 --release=3.6.4 \
	doc/man7/openssl-core.h.pod >doc/man/man7/openssl-core.h.7
pod2man --name=OPENSSL-CORE_DISPATCH.H --section=7ssl --center=OpenSSL \
	--date=2026-08-25 --release=3.6.4 \
	doc/man7/openssl-core_dispatch.h.pod >doc/man/man7/openssl-core_dispatch.h.7
pod2man --name=OPENSSL-CORE_NAMES.H --section=7ssl --center=OpenSSL \
	--date=2026-08-25 --release=3.6.4 \
	doc/man7/openssl-core_names.h.pod >doc/man/man7/openssl-core_names.h.7
pod2man --name=OPENSSL-ENV --section=7ssl --center=OpenSSL \
	--date=2026-08-25 --release=3.6.4 \
	doc/man7/openssl-env.pod >doc/man/man7/openssl-env.7
pod2man --name=OPENSSL-GLOSSARY --section=7ssl --center=OpenSSL \
	--date=2026-08-25 --release=3.6.4 \
	doc/man7/openssl-glossary.pod >doc/man/man7/openssl-glossary.7
pod2man --name=OPENSSL-QLOG --section=7ssl --center=OpenSSL \
	--date=2026-08-25 --release=3.6.4 \
	doc/man7/openssl-qlog.pod >doc/man/man7/openssl-qlog.7
pod2man --name=OPENSSL-QUIC-CONCURRENCY --section=7ssl --center=OpenSSL \
	--date=2026-08-25 --release=3.6.4 \
	doc/man7/openssl-quic-concurrency.pod >doc/man/man7/openssl-quic-concurrency.7
pod2man --name=OPENSSL-QUIC --section=7ssl --center=OpenSSL \
	--date=2026-08-25 --release=3.6.4 \
	doc/man7/openssl-quic.pod >doc/man/man7/openssl-quic.7
pod2man --name=OPENSSL-THREADS --section=7ssl --center=OpenSSL \
	--date=2026-08-25 --release=3.6.4 \
	doc/man7/openssl-threads.pod >doc/man/man7/openssl-threads.7
perl "-I." "-Mconfigdata" "-Mconfigdata" "util/dofile.pl" "-oMakefile" doc/man7/openssl_user_macros.pod.in > doc/man7/openssl_user_macros.pod
pod2man --name=OPENSSL_USER_MACROS --section=7ssl --center=OpenSSL \
	--date=2026-08-25 --release=3.6.4 \
	doc/man7/openssl_user_macros.pod >doc/man/man7/openssl_user_macros.7
pod2man --name=OSSL-GUIDE-INTRODUCTION --section=7ssl --center=OpenSSL \
	--date=2026-08-25 --release=3.6.4 \
	doc/man7/ossl-guide-introduction.pod >doc/man/man7/ossl-guide-introduction.7
pod2man --name=OSSL-GUIDE-LIBCRYPTO-INTRODUCTION --section=7ssl --center=OpenSSL \
	--date=2026-08-25 --release=3.6.4 \
	doc/man7/ossl-guide-libcrypto-introduction.pod >doc/man/man7/ossl-guide-libcrypto-introduction.7
pod2man --name=OSSL-GUIDE-LIBRARIES-INTRODUCTION --section=7ssl --center=OpenSSL \
	--date=2026-08-25 --release=3.6.4 \
	doc/man7/ossl-guide-libraries-introduction.pod >doc/man/man7/ossl-guide-libraries-introduction.7
pod2man --name=OSSL-GUIDE-LIBSSL-INTRODUCTION --section=7ssl --center=OpenSSL \
	--date=2026-08-25 --release=3.6.4 \
	doc/man7/ossl-guide-libssl-introduction.pod >doc/man/man7/ossl-guide-libssl-introduction.7
pod2man --name=OSSL-GUIDE-MIGRATION --section=7ssl --center=OpenSSL \
	--date=2026-08-25 --release=3.6.4 \
	doc/man7/ossl-guide-migration.pod >doc/man/man7/ossl-guide-migration.7
pod2man --name=OSSL-GUIDE-QUIC-CLIENT-BLOCK --section=7ssl --center=OpenSSL \
	--date=2026-08-25 --release=3.6.4 \
	doc/man7/ossl-guide-quic-client-block.pod >doc/man/man7/ossl-guide-quic-client-block.7
pod2man --name=OSSL-GUIDE-QUIC-CLIENT-NON-BLOCK --section=7ssl --center=OpenSSL \
	--date=2026-08-25 --release=3.6.4 \
	doc/man7/ossl-guide-quic-client-non-block.pod >doc/man/man7/ossl-guide-quic-client-non-block.7
pod2man --name=OSSL-GUIDE-QUIC-INTRODUCTION --section=7ssl --center=OpenSSL \
	--date=2026-08-25 --release=3.6.4 \
	doc/man7/ossl-guide-quic-introduction.pod >doc/man/man7/ossl-guide-quic-introduction.7
pod2man --name=OSSL-GUIDE-QUIC-MULTI-STREAM --section=7ssl --center=OpenSSL \
	--date=2026-08-25 --release=3.6.4 \
	doc/man7/ossl-guide-quic-multi-stream.pod >doc/man/man7/ossl-guide-quic-multi-stream.7
pod2man --name=OSSL-GUIDE-QUIC-SERVER-BLOCK --section=7ssl --center=OpenSSL \
	--date=2026-08-25 --release=3.6.4 \
	doc/man7/ossl-guide-quic-server-block.pod >doc/man/man7/ossl-guide-quic-server-block.7
pod2man --name=OSSL-GUIDE-QUIC-SERVER-NON-BLOCK --section=7ssl --center=OpenSSL \
	--date=2026-08-25 --release=3.6.4 \
	doc/man7/ossl-guide-quic-server-non-block.pod >doc/man/man7/ossl-guide-quic-server-non-block.7
pod2man --name=OSSL-GUIDE-TLS-CLIENT-BLOCK --section=7ssl --center=OpenSSL \
	--date=2026-08-25 --release=3.6.4 \
	doc/man7/ossl-guide-tls-client-block.pod >doc/man/man7/ossl-guide-tls-client-block.7
pod2man --name=OSSL-GUIDE-TLS-CLIENT-NON-BLOCK --section=7ssl --center=OpenSSL \
	--date=2026-08-25 --release=3.6.4 \
	doc/man7/ossl-guide-tls-client-non-block.pod >doc/man/man7/ossl-guide-tls-client-non-block.7
pod2man --name=OSSL-GUIDE-TLS-INTRODUCTION --section=7ssl --center=OpenSSL \
	--date=2026-08-25 --release=3.6.4 \
	doc/man7/ossl-guide-tls-introduction.pod >doc/man/man7/ossl-guide-tls-introduction.7
pod2man --name=OSSL-GUIDE-TLS-SERVER-BLOCK --section=7ssl --center=OpenSSL \
	--date=2026-08-25 --release=3.6.4 \
	doc/man7/ossl-guide-tls-server-block.pod >doc/man/man7/ossl-guide-tls-server-block.7
pod2man --name=OSSL_STORE-FILE --section=7ssl --center=OpenSSL \
	--date=2026-08-25 --release=3.6.4 \
	doc/man7/ossl_store-file.pod >doc/man/man7/ossl_store-file.7
pod2man --name=OSSL_STORE --section=7ssl --center=OpenSSL \
	--date=2026-08-25 --release=3.6.4 \
	doc/man7/ossl_store.pod >doc/man/man7/ossl_store.7
pod2man --name=PASSPHRASE-ENCODING --section=7ssl --center=OpenSSL \
	--date=2026-08-25 --release=3.6.4 \
	doc/man7/passphrase-encoding.pod >doc/man/man7/passphrase-encoding.7
pod2man --name=PROPERTY --section=7ssl --center=OpenSSL \
	--date=2026-08-25 --release=3.6.4 \
	doc/man7/property.pod >doc/man/man7/property.7
pod2man --name=PROVIDER-ASYM_CIPHER --section=7ssl --center=OpenSSL \
	--date=2026-08-25 --release=3.6.4 \
	doc/man7/provider-asym_cipher.pod >doc/man/man7/provider-asym_cipher.7
pod2man --name=PROVIDER-BASE --section=7ssl --center=OpenSSL \
	--date=2026-08-25 --release=3.6.4 \
	doc/man7/provider-base.pod >doc/man/man7/provider-base.7
pod2man --name=PROVIDER-CIPHER --section=7ssl --center=OpenSSL \
	--date=2026-08-25 --release=3.6.4 \
	doc/man7/provider-cipher.pod >doc/man/man7/provider-cipher.7
pod2man --name=PROVIDER-DECODER --section=7ssl --center=OpenSSL \
	--date=2026-08-25 --release=3.6.4 \
	doc/man7/provider-decoder.pod >doc/man/man7/provider-decoder.7
pod2man --name=PROVIDER-DIGEST --section=7ssl --center=OpenSSL \
	--date=2026-08-25 --release=3.6.4 \
	doc/man7/provider-digest.pod >doc/man/man7/provider-digest.7
pod2man --name=PROVIDER-ENCODER --section=7ssl --center=OpenSSL \
	--date=2026-08-25 --release=3.6.4 \
	doc/man7/provider-encoder.pod >doc/man/man7/provider-encoder.7
pod2man --name=PROVIDER-KDF --section=7ssl --center=OpenSSL \
	--date=2026-08-25 --release=3.6.4 \
	doc/man7/provider-kdf.pod >doc/man/man7/provider-kdf.7
pod2man --name=PROVIDER-KEM --section=7ssl --center=OpenSSL \
	--date=2026-08-25 --release=3.6.4 \
	doc/man7/provider-kem.pod >doc/man/man7/provider-kem.7
pod2man --name=PROVIDER-KEYEXCH --section=7ssl --center=OpenSSL \
	--date=2026-08-25 --release=3.6.4 \
	doc/man7/provider-keyexch.pod >doc/man/man7/provider-keyexch.7
pod2man --name=PROVIDER-KEYMGMT --section=7ssl --center=OpenSSL \
	--date=2026-08-25 --release=3.6.4 \
	doc/man7/provider-keymgmt.pod >doc/man/man7/provider-keymgmt.7
pod2man --name=PROVIDER-MAC --section=7ssl --center=OpenSSL \
	--date=2026-08-25 --release=3.6.4 \
	doc/man7/provider-mac.pod >doc/man/man7/provider-mac.7
pod2man --name=PROVIDER-OBJECT --section=7ssl --center=OpenSSL \
	--date=2026-08-25 --release=3.6.4 \
	doc/man7/provider-object.pod >doc/man/man7/provider-object.7
pod2man --name=PROVIDER-RAND --section=7ssl --center=OpenSSL \
	--date=2026-08-25 --release=3.6.4 \
	doc/man7/provider-rand.pod >doc/man/man7/provider-rand.7
pod2man --name=PROVIDER-SIGNATURE --section=7ssl --center=OpenSSL \
	--date=2026-08-25 --release=3.6.4 \
	doc/man7/provider-signature.pod >doc/man/man7/provider-signature.7
pod2man --name=PROVIDER-SKEYMGMT --section=7ssl --center=OpenSSL \
	--date=2026-08-25 --release=3.6.4 \
	doc/man7/provider-skeymgmt.pod >doc/man/man7/provider-skeymgmt.7
pod2man --name=PROVIDER-STOREMGMT --section=7ssl --center=OpenSSL \
	--date=2026-08-25 --release=3.6.4 \
	doc/man7/provider-storemgmt.pod >doc/man/man7/provider-storemgmt.7
pod2man --name=PROVIDER --section=7ssl --center=OpenSSL \
	--date=2026-08-25 --release=3.6.4 \
	doc/man7/provider.pod >doc/man/man7/provider.7
pod2man --name=PROXY-CERTIFICATES --section=7ssl --center=OpenSSL \
	--date=2026-08-25 --release=3.6.4 \
	doc/man7/proxy-certificates.pod >doc/man/man7/proxy-certificates.7
pod2man --name=X509 --section=7ssl --center=OpenSSL \
	--date=2026-08-25 --release=3.6.4 \
	doc/man7/x509.pod >doc/man/man7/x509.7
created directory `/c/ap13-dcb/native-msys-crypto-packages-03/work/openssl-doc-stage'
created directory `/c/ap13-dcb/native-msys-crypto-packages-03/work/openssl-doc-stage/usr'
created directory `/c/ap13-dcb/native-msys-crypto-packages-03/work/openssl-doc-stage/usr/share'
created directory `/c/ap13-dcb/native-msys-crypto-packages-03/work/openssl-doc-stage/usr/share/man'
created directory `/c/ap13-dcb/native-msys-crypto-packages-03/work/openssl-doc-stage/usr/share/man/man1'
created directory `/c/ap13-dcb/native-msys-crypto-packages-03/work/openssl-doc-stage/usr/share/man/man3'
created directory `/c/ap13-dcb/native-msys-crypto-packages-03/work/openssl-doc-stage/usr/share/man/man5'
created directory `/c/ap13-dcb/native-msys-crypto-packages-03/work/openssl-doc-stage/usr/share/man/man7'
*** Installing manpages
install doc/man/man1/CA.pl.1 -> /c/ap13-dcb/native-msys-crypto-packages-03/work/openssl-doc-stage/usr/share/man/man1/CA.pl.1ssl
install doc/man/man1/openssl-asn1parse.1 -> /c/ap13-dcb/native-msys-crypto-packages-03/work/openssl-doc-stage/usr/share/man/man1/openssl-asn1parse.1ssl
install doc/man/man1/openssl-ca.1 -> /c/ap13-dcb/native-msys-crypto-packages-03/work/openssl-doc-stage/usr/share/man/man1/openssl-ca.1ssl
install doc/man/man1/openssl-ciphers.1 -> /c/ap13-dcb/native-msys-crypto-packages-03/work/openssl-doc-stage/usr/share/man/man1/openssl-ciphers.1ssl
install doc/man/man1/openssl-cmds.1 -> /c/ap13-dcb/native-msys-crypto-packages-03/work/openssl-doc-stage/usr/share/man/man1/openssl-cmds.1ssl
install doc/man/man1/openssl-cmp.1 -> /c/ap13-dcb/native-msys-crypto-packages-03/work/openssl-doc-stage/usr/share/man/man1/openssl-cmp.1ssl
install doc/man/man1/openssl-cms.1 -> /c/ap13-dcb/native-msys-crypto-packages-03/work/openssl-doc-stage/usr/share/man/man1/openssl-cms.1ssl
install doc/man/man1/openssl-configutl.1 -> /c/ap13-dcb/native-msys-crypto-packages-03/work/openssl-doc-stage/usr/share/man/man1/openssl-configutl.1ssl
install doc/man/man1/openssl-crl.1 -> /c/ap13-dcb/native-msys-crypto-packages-03/work/openssl-doc-stage/usr/share/man/man1/openssl-crl.1ssl
install doc/man/man1/openssl-crl2pkcs7.1 -> /c/ap13-dcb/native-msys-crypto-packages-03/work/openssl-doc-stage/usr/share/man/man1/openssl-crl2pkcs7.1ssl
install doc/man/man1/openssl-dgst.1 -> /c/ap13-dcb/native-msys-crypto-packages-03/work/openssl-doc-stage/usr/share/man/man1/openssl-dgst.1ssl
install doc/man/man1/openssl-dhparam.1 -> /c/ap13-dcb/native-msys-crypto-packages-03/work/openssl-doc-stage/usr/share/man/man1/openssl-dhparam.1ssl
install doc/man/man1/openssl-dsa.1 -> /c/ap13-dcb/native-msys-crypto-packages-03/work/openssl-doc-stage/usr/share/man/man1/openssl-dsa.1ssl
install doc/man/man1/openssl-dsaparam.1 -> /c/ap13-dcb/native-msys-crypto-packages-03/work/openssl-doc-stage/usr/share/man/man1/openssl-dsaparam.1ssl
install doc/man/man1/openssl-ec.1 -> /c/ap13-dcb/native-msys-crypto-packages-03/work/openssl-doc-stage/usr/share/man/man1/openssl-ec.1ssl
install doc/man/man1/openssl-ecparam.1 -> /c/ap13-dcb/native-msys-crypto-packages-03/work/openssl-doc-stage/usr/share/man/man1/openssl-ecparam.1ssl
install doc/man/man1/openssl-enc.1 -> /c/ap13-dcb/native-msys-crypto-packages-03/work/openssl-doc-stage/usr/share/man/man1/openssl-enc.1ssl
install doc/man/man1/openssl-engine.1 -> /c/ap13-dcb/native-msys-crypto-packages-03/work/openssl-doc-stage/usr/share/man/man1/openssl-engine.1ssl
install doc/man/man1/openssl-errstr.1 -> /c/ap13-dcb/native-msys-crypto-packages-03/work/openssl-doc-stage/usr/share/man/man1/openssl-errstr.1ssl
install doc/man/man1/openssl-fipsinstall.1 -> /c/ap13-dcb/native-msys-crypto-packages-03/work/openssl-doc-stage/usr/share/man/man1/openssl-fipsinstall.1ssl
install doc/man/man1/openssl-format-options.1 -> /c/ap13-dcb/native-msys-crypto-packages-03/work/openssl-doc-stage/usr/share/man/man1/openssl-format-options.1ssl
install doc/man/man1/openssl-gendsa.1 -> /c/ap13-dcb/native-msys-crypto-packages-03/work/openssl-doc-stage/usr/share/man/man1/openssl-gendsa.1ssl
install doc/man/man1/openssl-genpkey.1 -> /c/ap13-dcb/native-msys-crypto-packages-03/work/openssl-doc-stage/usr/share/man/man1/openssl-genpkey.1ssl
install doc/man/man1/openssl-genrsa.1 -> /c/ap13-dcb/native-msys-crypto-packages-03/work/openssl-doc-stage/usr/share/man/man1/openssl-genrsa.1ssl
install doc/man/man1/openssl-info.1 -> /c/ap13-dcb/native-msys-crypto-packages-03/work/openssl-doc-stage/usr/share/man/man1/openssl-info.1ssl
install doc/man/man1/openssl-kdf.1 -> /c/ap13-dcb/native-msys-crypto-packages-03/work/openssl-doc-stage/usr/share/man/man1/openssl-kdf.1ssl
install doc/man/man1/openssl-list.1 -> /c/ap13-dcb/native-msys-crypto-packages-03/work/openssl-doc-stage/usr/share/man/man1/openssl-list.1ssl
install doc/man/man1/openssl-mac.1 -> /c/ap13-dcb/native-msys-crypto-packages-03/work/openssl-doc-stage/usr/share/man/man1/openssl-mac.1ssl
install doc/man/man1/openssl-namedisplay-options.1 -> /c/ap13-dcb/native-msys-crypto-packages-03/work/openssl-doc-stage/usr/share/man/man1/openssl-namedisplay-options.1ssl
install doc/man/man1/openssl-nseq.1 -> /c/ap13-dcb/native-msys-crypto-packages-03/work/openssl-doc-stage/usr/share/man/man1/openssl-nseq.1ssl
install doc/man/man1/openssl-ocsp.1 -> /c/ap13-dcb/native-msys-crypto-packages-03/work/openssl-doc-stage/usr/share/man/man1/openssl-ocsp.1ssl
install doc/man/man1/openssl-passphrase-options.1 -> /c/ap13-dcb/native-msys-crypto-packages-03/work/openssl-doc-stage/usr/share/man/man1/openssl-passphrase-options.1ssl
install doc/man/man1/openssl-passwd.1 -> /c/ap13-dcb/native-msys-crypto-packages-03/work/openssl-doc-stage/usr/share/man/man1/openssl-passwd.1ssl
install doc/man/man1/openssl-pkcs12.1 -> /c/ap13-dcb/native-msys-crypto-packages-03/work/openssl-doc-stage/usr/share/man/man1/openssl-pkcs12.1ssl
install doc/man/man1/openssl-pkcs7.1 -> /c/ap13-dcb/native-msys-crypto-packages-03/work/openssl-doc-stage/usr/share/man/man1/openssl-pkcs7.1ssl
install doc/man/man1/openssl-pkcs8.1 -> /c/ap13-dcb/native-msys-crypto-packages-03/work/openssl-doc-stage/usr/share/man/man1/openssl-pkcs8.1ssl
install doc/man/man1/openssl-pkey.1 -> /c/ap13-dcb/native-msys-crypto-packages-03/work/openssl-doc-stage/usr/share/man/man1/openssl-pkey.1ssl
install doc/man/man1/openssl-pkeyparam.1 -> /c/ap13-dcb/native-msys-crypto-packages-03/work/openssl-doc-stage/usr/share/man/man1/openssl-pkeyparam.1ssl
install doc/man/man1/openssl-pkeyutl.1 -> /c/ap13-dcb/native-msys-crypto-packages-03/work/openssl-doc-stage/usr/share/man/man1/openssl-pkeyutl.1ssl
install doc/man/man1/openssl-prime.1 -> /c/ap13-dcb/native-msys-crypto-packages-03/work/openssl-doc-stage/usr/share/man/man1/openssl-prime.1ssl
install doc/man/man1/openssl-rand.1 -> /c/ap13-dcb/native-msys-crypto-packages-03/work/openssl-doc-stage/usr/share/man/man1/openssl-rand.1ssl
install doc/man/man1/openssl-rehash.1 -> /c/ap13-dcb/native-msys-crypto-packages-03/work/openssl-doc-stage/usr/share/man/man1/openssl-rehash.1ssl
install doc/man/man1/openssl-req.1 -> /c/ap13-dcb/native-msys-crypto-packages-03/work/openssl-doc-stage/usr/share/man/man1/openssl-req.1ssl
install doc/man/man1/openssl-rsa.1 -> /c/ap13-dcb/native-msys-crypto-packages-03/work/openssl-doc-stage/usr/share/man/man1/openssl-rsa.1ssl
install doc/man/man1/openssl-rsautl.1 -> /c/ap13-dcb/native-msys-crypto-packages-03/work/openssl-doc-stage/usr/share/man/man1/openssl-rsautl.1ssl
install doc/man/man1/openssl-s_client.1 -> /c/ap13-dcb/native-msys-crypto-packages-03/work/openssl-doc-stage/usr/share/man/man1/openssl-s_client.1ssl
install doc/man/man1/openssl-s_server.1 -> /c/ap13-dcb/native-msys-crypto-packages-03/work/openssl-doc-stage/usr/share/man/man1/openssl-s_server.1ssl
install doc/man/man1/openssl-s_time.1 -> /c/ap13-dcb/native-msys-crypto-packages-03/work/openssl-doc-stage/usr/share/man/man1/openssl-s_time.1ssl
install doc/man/man1/openssl-sess_id.1 -> /c/ap13-dcb/native-msys-crypto-packages-03/work/openssl-doc-stage/usr/share/man/man1/openssl-sess_id.1ssl
install doc/man/man1/openssl-skeyutl.1 -> /c/ap13-dcb/native-msys-crypto-packages-03/work/openssl-doc-stage/usr/share/man/man1/openssl-skeyutl.1ssl
install doc/man/man1/openssl-smime.1 -> /c/ap13-dcb/native-msys-crypto-packages-03/work/openssl-doc-stage/usr/share/man/man1/openssl-smime.1ssl
install doc/man/man1/openssl-speed.1 -> /c/ap13-dcb/native-msys-crypto-packages-03/work/openssl-doc-stage/usr/share/man/man1/openssl-speed.1ssl
install doc/man/man1/openssl-spkac.1 -> /c/ap13-dcb/native-msys-crypto-packages-03/work/openssl-doc-stage/usr/share/man/man1/openssl-spkac.1ssl
install doc/man/man1/openssl-srp.1 -> /c/ap13-dcb/native-msys-crypto-packages-03/work/openssl-doc-stage/usr/share/man/man1/openssl-srp.1ssl
install doc/man/man1/openssl-storeutl.1 -> /c/ap13-dcb/native-msys-crypto-packages-03/work/openssl-doc-stage/usr/share/man/man1/openssl-storeutl.1ssl
install doc/man/man1/openssl-ts.1 -> /c/ap13-dcb/native-msys-crypto-packages-03/work/openssl-doc-stage/usr/share/man/man1/openssl-ts.1ssl
install doc/man/man1/openssl-verification-options.1 -> /c/ap13-dcb/native-msys-crypto-packages-03/work/openssl-doc-stage/usr/share/man/man1/openssl-verification-options.1ssl
install doc/man/man1/openssl-verify.1 -> /c/ap13-dcb/native-msys-crypto-packages-03/work/openssl-doc-stage/usr/share/man/man1/openssl-verify.1ssl
install doc/man/man1/openssl-version.1 -> /c/ap13-dcb/native-msys-crypto-packages-03/work/openssl-doc-stage/usr/share/man/man1/openssl-version.1ssl
install doc/man/man1/openssl-x509.1 -> /c/ap13-dcb/native-msys-crypto-packages-03/work/openssl-doc-stage/usr/share/man/man1/openssl-x509.1ssl
install doc/man/man1/openssl.1 -> /c/ap13-dcb/native-msys-crypto-packages-03/work/openssl-doc-stage/usr/share/man/man1/openssl.1ssl
install doc/man/man1/tsget.1 -> /c/ap13-dcb/native-msys-crypto-packages-03/work/openssl-doc-stage/usr/share/man/man1/tsget.1ssl
install doc/man/man3/ADMISSIONS.3 -> /c/ap13-dcb/native-msys-crypto-packages-03/work/openssl-doc-stage/usr/share/man/man3/ADMISSIONS.3ssl
install doc/man/man3/ASN1_EXTERN_FUNCS.3 -> /c/ap13-dcb/native-msys-crypto-packages-03/work/openssl-doc-stage/usr/share/man/man3/ASN1_EXTERN_FUNCS.3ssl
install doc/man/man3/ASN1_INTEGER_get_int64.3 -> /c/ap13-dcb/native-msys-crypto-packages-03/work/openssl-doc-stage/usr/share/man/man3/ASN1_INTEGER_get_int64.3ssl
install doc/man/man3/ASN1_INTEGER_new.3 -> /c/ap13-dcb/native-msys-crypto-packages-03/work/openssl-doc-stage/usr/share/man/man3/ASN1_INTEGER_new.3ssl
install doc/man/man3/ASN1_ITEM_lookup.3 -> /c/ap13-dcb/native-msys-crypto-packages-03/work/openssl-doc-stage/usr/share/man/man3/ASN1_ITEM_lookup.3ssl
install doc/man/man3/ASN1_OBJECT_new.3 -> /c/ap13-dcb/native-msys-crypto-packages-03/work/openssl-doc-stage/usr/share/man/man3/ASN1_OBJECT_new.3ssl
install doc/man/man3/ASN1_STRING_TABLE_add.3 -> /c/ap13-dcb/native-msys-crypto-packages-03/work/openssl-doc-stage/usr/share/man/man3/ASN1_STRING_TABLE_add.3ssl
install doc/man/man3/ASN1_STRING_length.3 -> /c/ap13-dcb/native-msys-crypto-packages-03/work/openssl-doc-stage/usr/share/man/man3/ASN1_STRING_length.3ssl
install doc/man/man3/ASN1_STRING_new.3 -> /c/ap13-dcb/native-msys-crypto-packages-03/work/openssl-doc-stage/usr/share/man/man3/ASN1_STRING_new.3ssl
install doc/man/man3/ASN1_STRING_print_ex.3 -> /c/ap13-dcb/native-msys-crypto-packages-03/work/openssl-doc-stage/usr/share/man/man3/ASN1_STRING_print_ex.3ssl
install doc/man/man3/ASN1_TIME_set.3 -> /c/ap13-dcb/native-msys-crypto-packages-03/work/openssl-doc-stage/usr/share/man/man3/ASN1_TIME_set.3ssl
install doc/man/man3/ASN1_TYPE_get.3 -> /c/ap13-dcb/native-msys-crypto-packages-03/work/openssl-doc-stage/usr/share/man/man3/ASN1_TYPE_get.3ssl
install doc/man/man3/ASN1_aux_cb.3 -> /c/ap13-dcb/native-msys-crypto-packages-03/work/openssl-doc-stage/usr/share/man/man3/ASN1_aux_cb.3ssl
install doc/man/man3/ASN1_generate_nconf.3 -> /c/ap13-dcb/native-msys-crypto-packages-03/work/openssl-doc-stage/usr/share/man/man3/ASN1_generate_nconf.3ssl
install doc/man/man3/ASN1_item_d2i_bio.3 -> /c/ap13-dcb/native-msys-crypto-packages-03/work/openssl-doc-stage/usr/share/man/man3/ASN1_item_d2i_bio.3ssl
install doc/man/man3/ASN1_item_new.3 -> /c/ap13-dcb/native-msys-crypto-packages-03/work/openssl-doc-stage/usr/share/man/man3/ASN1_item_new.3ssl
install doc/man/man3/ASN1_item_sign.3 -> /c/ap13-dcb/native-msys-crypto-packages-03/work/openssl-doc-stage/usr/share/man/man3/ASN1_item_sign.3ssl
install doc/man/man3/ASYNC_WAIT_CTX_new.3 -> /c/ap13-dcb/native-msys-crypto-packages-03/work/openssl-doc-stage/usr/share/man/man3/ASYNC_WAIT_CTX_new.3ssl
install doc/man/man3/ASYNC_start_job.3 -> /c/ap13-dcb/native-msys-crypto-packages-03/work/openssl-doc-stage/usr/share/man/man3/ASYNC_start_job.3ssl
install doc/man/man3/BF_encrypt.3 -> /c/ap13-dcb/native-msys-crypto-packages-03/work/openssl-doc-stage/usr/share/man/man3/BF_encrypt.3ssl
install doc/man/man3/BIO_ADDR.3 -> /c/ap13-dcb/native-msys-crypto-packages-03/work/openssl-doc-stage/usr/share/man/man3/BIO_ADDR.3ssl
install doc/man/man3/BIO_ADDRINFO.3 -> /c/ap13-dcb/native-msys-crypto-packages-03/work/openssl-doc-stage/usr/share/man/man3/BIO_ADDRINFO.3ssl
install doc/man/man3/BIO_connect.3 -> /c/ap13-dcb/native-msys-crypto-packages-03/work/openssl-doc-stage/usr/share/man/man3/BIO_connect.3ssl
install doc/man/man3/BIO_ctrl.3 -> /c/ap13-dcb/native-msys-crypto-packages-03/work/openssl-doc-stage/usr/share/man/man3/BIO_ctrl.3ssl
install doc/man/man3/BIO_f_base64.3 -> /c/ap13-dcb/native-msys-crypto-packages-03/work/openssl-doc-stage/usr/share/man/man3/BIO_f_base64.3ssl
install doc/man/man3/BIO_f_buffer.3 -> /c/ap13-dcb/native-msys-crypto-packages-03/work/openssl-doc-stage/usr/share/man/man3/BIO_f_buffer.3ssl
install doc/man/man3/BIO_f_cipher.3 -> /c/ap13-dcb/native-msys-crypto-packages-03/work/openssl-doc-stage/usr/share/man/man3/BIO_f_cipher.3ssl
install doc/man/man3/BIO_f_md.3 -> /c/ap13-dcb/native-msys-crypto-packages-03/work/openssl-doc-stage/usr/share/man/man3/BIO_f_md.3ssl
install doc/man/man3/BIO_f_null.3 -> /c/ap13-dcb/native-msys-crypto-packages-03/work/openssl-doc-stage/usr/share/man/man3/BIO_f_null.3ssl
install doc/man/man3/BIO_f_prefix.3 -> /c/ap13-dcb/native-msys-crypto-packages-03/work/openssl-doc-stage/usr/share/man/man3/BIO_f_prefix.3ssl
install doc/man/man3/BIO_f_readbuffer.3 -> /c/ap13-dcb/native-msys-crypto-packages-03/work/openssl-doc-stage/usr/share/man/man3/BIO_f_readbuffer.3ssl
install doc/man/man3/BIO_f_ssl.3 -> /c/ap13-dcb/native-msys-crypto-packages-03/work/openssl-doc-stage/usr/share/man/man3/BIO_f_ssl.3ssl
install doc/man/man3/BIO_find_type.3 -> /c/ap13-dcb/native-msys-crypto-packages-03/work/openssl-doc-stage/usr/share/man/man3/BIO_find_type.3ssl
install doc/man/man3/BIO_get_data.3 -> /c/ap13-dcb/native-msys-crypto-packages-03/work/openssl-doc-stage/usr/share/man/man3/BIO_get_data.3ssl
install doc/man/man3/BIO_get_ex_new_index.3 -> /c/ap13-dcb/native-msys-crypto-packages-03/work/openssl-doc-stage/usr/share/man/man3/BIO_get_ex_new_index.3ssl
install doc/man/man3/BIO_get_rpoll_descriptor.3 -> /c/ap13-dcb/native-msys-crypto-packages-03/work/openssl-doc-stage/usr/share/man/man3/BIO_get_rpoll_descriptor.3ssl
install doc/man/man3/BIO_meth_new.3 -> /c/ap13-dcb/native-msys-crypto-packages-03/work/openssl-doc-stage/usr/share/man/man3/BIO_meth_new.3ssl
install doc/man/man3/BIO_new.3 -> /c/ap13-dcb/native-msys-crypto-packages-03/work/openssl-doc-stage/usr/share/man/man3/BIO_new.3ssl
install doc/man/man3/BIO_new_CMS.3 -> /c/ap13-dcb/native-msys-crypto-packages-03/work/openssl-doc-stage/usr/share/man/man3/BIO_new_CMS.3ssl
install doc/man/man3/BIO_parse_hostserv.3 -> /c/ap13-dcb/native-msys-crypto-packages-03/work/openssl-doc-stage/usr/share/man/man3/BIO_parse_hostserv.3ssl
install doc/man/man3/BIO_printf.3 -> /c/ap13-dcb/native-msys-crypto-packages-03/work/openssl-doc-stage/usr/share/man/man3/BIO_printf.3ssl
install doc/man/man3/BIO_push.3 -> /c/ap13-dcb/native-msys-crypto-packages-03/work/openssl-doc-stage/usr/share/man/man3/BIO_push.3ssl
install doc/man/man3/BIO_read.3 -> /c/ap13-dcb/native-msys-crypto-packages-03/work/openssl-doc-stage/usr/share/man/man3/BIO_read.3ssl
install doc/man/man3/BIO_s_accept.3 -> /c/ap13-dcb/native-msys-crypto-packages-03/work/openssl-doc-stage/usr/share/man/man3/BIO_s_accept.3ssl
install doc/man/man3/BIO_s_bio.3 -> /c/ap13-dcb/native-msys-crypto-packages-03/work/openssl-doc-stage/usr/share/man/man3/BIO_s_bio.3ssl
install doc/man/man3/BIO_s_connect.3 -> /c/ap13-dcb/native-msys-crypto-packages-03/work/openssl-doc-stage/usr/share/man/man3/BIO_s_connect.3ssl
install doc/man/man3/BIO_s_core.3 -> /c/ap13-dcb/native-msys-crypto-packages-03/work/openssl-doc-stage/usr/share/man/man3/BIO_s_core.3ssl
install doc/man/man3/BIO_s_datagram.3 -> /c/ap13-dcb/native-msys-crypto-packages-03/work/openssl-doc-stage/usr/share/man/man3/BIO_s_datagram.3ssl
install doc/man/man3/BIO_s_dgram_pair.3 -> /c/ap13-dcb/native-msys-crypto-packages-03/work/openssl-doc-stage/usr/share/man/man3/BIO_s_dgram_pair.3ssl
install doc/man/man3/BIO_s_fd.3 -> /c/ap13-dcb/native-msys-crypto-packages-03/work/openssl-doc-stage/usr/share/man/man3/BIO_s_fd.3ssl
install doc/man/man3/BIO_s_file.3 -> /c/ap13-dcb/native-msys-crypto-packages-03/work/openssl-doc-stage/usr/share/man/man3/BIO_s_file.3ssl
install doc/man/man3/BIO_s_mem.3 -> /c/ap13-dcb/native-msys-crypto-packages-03/work/openssl-doc-stage/usr/share/man/man3/BIO_s_mem.3ssl
install doc/man/man3/BIO_s_null.3 -> /c/ap13-dcb/native-msys-crypto-packages-03/work/openssl-doc-stage/usr/share/man/man3/BIO_s_null.3ssl
install doc/man/man3/BIO_s_socket.3 -> /c/ap13-dcb/native-msys-crypto-packages-03/work/openssl-doc-stage/usr/share/man/man3/BIO_s_socket.3ssl
install doc/man/man3/BIO_sendmmsg.3 -> /c/ap13-dcb/native-msys-crypto-packages-03/work/openssl-doc-stage/usr/share/man/man3/BIO_sendmmsg.3ssl
install doc/man/man3/BIO_set_callback.3 -> /c/ap13-dcb/native-msys-crypto-packages-03/work/openssl-doc-stage/usr/share/man/man3/BIO_set_callback.3ssl
install doc/man/man3/BIO_set_flags.3 -> /c/ap13-dcb/native-msys-crypto-packages-03/work/openssl-doc-stage/usr/share/man/man3/BIO_set_flags.3ssl
install doc/man/man3/BIO_should_retry.3 -> /c/ap13-dcb/native-msys-crypto-packages-03/work/openssl-doc-stage/usr/share/man/man3/BIO_should_retry.3ssl
install doc/man/man3/BIO_socket_wait.3 -> /c/ap13-dcb/native-msys-crypto-packages-03/work/openssl-doc-stage/usr/share/man/man3/BIO_socket_wait.3ssl
install doc/man/man3/BN_BLINDING_new.3 -> /c/ap13-dcb/native-msys-crypto-packages-03/work/openssl-doc-stage/usr/share/man/man3/BN_BLINDING_new.3ssl
install doc/man/man3/BN_CTX_new.3 -> /c/ap13-dcb/native-msys-crypto-packages-03/work/openssl-doc-stage/usr/share/man/man3/BN_CTX_new.3ssl
install doc/man/man3/BN_CTX_start.3 -> /c/ap13-dcb/native-msys-crypto-packages-03/work/openssl-doc-stage/usr/share/man/man3/BN_CTX_start.3ssl
install doc/man/man3/BN_add.3 -> /c/ap13-dcb/native-msys-crypto-packages-03/work/openssl-doc-stage/usr/share/man/man3/BN_add.3ssl
install doc/man/man3/BN_add_word.3 -> /c/ap13-dcb/native-msys-crypto-packages-03/work/openssl-doc-stage/usr/share/man/man3/BN_add_word.3ssl
install doc/man/man3/BN_bn2bin.3 -> /c/ap13-dcb/native-msys-crypto-packages-03/work/openssl-doc-stage/usr/share/man/man3/BN_bn2bin.3ssl
install doc/man/man3/BN_cmp.3 -> /c/ap13-dcb/native-msys-crypto-packages-03/work/openssl-doc-stage/usr/share/man/man3/BN_cmp.3ssl
install doc/man/man3/BN_copy.3 -> /c/ap13-dcb/native-msys-crypto-packages-03/work/openssl-doc-stage/usr/share/man/man3/BN_copy.3ssl
install doc/man/man3/BN_generate_prime.3 -> /c/ap13-dcb/native-msys-crypto-packages-03/work/openssl-doc-stage/usr/share/man/man3/BN_generate_prime.3ssl
install doc/man/man3/BN_mod_exp_mont.3 -> /c/ap13-dcb/native-msys-crypto-packages-03/work/openssl-doc-stage/usr/share/man/man3/BN_mod_exp_mont.3ssl
install doc/man/man3/BN_mod_inverse.3 -> /c/ap13-dcb/native-msys-crypto-packages-03/work/openssl-doc-stage/usr/share/man/man3/BN_mod_inverse.3ssl
install doc/man/man3/BN_mod_mul_montgomery.3 -> /c/ap13-dcb/native-msys-crypto-packages-03/work/openssl-doc-stage/usr/share/man/man3/BN_mod_mul_montgomery.3ssl
install doc/man/man3/BN_mod_mul_reciprocal.3 -> /c/ap13-dcb/native-msys-crypto-packages-03/work/openssl-doc-stage/usr/share/man/man3/BN_mod_mul_reciprocal.3ssl
install doc/man/man3/BN_new.3 -> /c/ap13-dcb/native-msys-crypto-packages-03/work/openssl-doc-stage/usr/share/man/man3/BN_new.3ssl
install doc/man/man3/BN_num_bytes.3 -> /c/ap13-dcb/native-msys-crypto-packages-03/work/openssl-doc-stage/usr/share/man/man3/BN_num_bytes.3ssl
install doc/man/man3/BN_rand.3 -> /c/ap13-dcb/native-msys-crypto-packages-03/work/openssl-doc-stage/usr/share/man/man3/BN_rand.3ssl
install doc/man/man3/BN_security_bits.3 -> /c/ap13-dcb/native-msys-crypto-packages-03/work/openssl-doc-stage/usr/share/man/man3/BN_security_bits.3ssl
install doc/man/man3/BN_set_bit.3 -> /c/ap13-dcb/native-msys-crypto-packages-03/work/openssl-doc-stage/usr/share/man/man3/BN_set_bit.3ssl
install doc/man/man3/BN_swap.3 -> /c/ap13-dcb/native-msys-crypto-packages-03/work/openssl-doc-stage/usr/share/man/man3/BN_swap.3ssl
install doc/man/man3/BN_zero.3 -> /c/ap13-dcb/native-msys-crypto-packages-03/work/openssl-doc-stage/usr/share/man/man3/BN_zero.3ssl
install doc/man/man3/BUF_MEM_new.3 -> /c/ap13-dcb/native-msys-crypto-packages-03/work/openssl-doc-stage/usr/share/man/man3/BUF_MEM_new.3ssl
install doc/man/man3/CMAC_CTX.3 -> /c/ap13-dcb/native-msys-crypto-packages-03/work/openssl-doc-stage/usr/share/man/man3/CMAC_CTX.3ssl
install doc/man/man3/CMS_EncryptedData_decrypt.3 -> /c/ap13-dcb/native-msys-crypto-packages-03/work/openssl-doc-stage/usr/share/man/man3/CMS_EncryptedData_decrypt.3ssl
install doc/man/man3/CMS_EncryptedData_encrypt.3 -> /c/ap13-dcb/native-msys-crypto-packages-03/work/openssl-doc-stage/usr/share/man/man3/CMS_EncryptedData_encrypt.3ssl
install doc/man/man3/CMS_EncryptedData_set1_key.3 -> /c/ap13-dcb/native-msys-crypto-packages-03/work/openssl-doc-stage/usr/share/man/man3/CMS_EncryptedData_set1_key.3ssl
install doc/man/man3/CMS_EnvelopedData_create.3 -> /c/ap13-dcb/native-msys-crypto-packages-03/work/openssl-doc-stage/usr/share/man/man3/CMS_EnvelopedData_create.3ssl
install doc/man/man3/CMS_add0_cert.3 -> /c/ap13-dcb/native-msys-crypto-packages-03/work/openssl-doc-stage/usr/share/man/man3/CMS_add0_cert.3ssl
install doc/man/man3/CMS_add1_recipient_cert.3 -> /c/ap13-dcb/native-msys-crypto-packages-03/work/openssl-doc-stage/usr/share/man/man3/CMS_add1_recipient_cert.3ssl
install doc/man/man3/CMS_add1_signer.3 -> /c/ap13-dcb/native-msys-crypto-packages-03/work/openssl-doc-stage/usr/share/man/man3/CMS_add1_signer.3ssl
install doc/man/man3/CMS_compress.3 -> /c/ap13-dcb/native-msys-crypto-packages-03/work/openssl-doc-stage/usr/share/man/man3/CMS_compress.3ssl
install doc/man/man3/CMS_data_create.3 -> /c/ap13-dcb/native-msys-crypto-packages-03/work/openssl-doc-stage/usr/share/man/man3/CMS_data_create.3ssl
install doc/man/man3/CMS_decrypt.3 -> /c/ap13-dcb/native-msys-crypto-packages-03/work/openssl-doc-stage/usr/share/man/man3/CMS_decrypt.3ssl
install doc/man/man3/CMS_digest_create.3 -> /c/ap13-dcb/native-msys-crypto-packages-03/work/openssl-doc-stage/usr/share/man/man3/CMS_digest_create.3ssl
install doc/man/man3/CMS_encrypt.3 -> /c/ap13-dcb/native-msys-crypto-packages-03/work/openssl-doc-stage/usr/share/man/man3/CMS_encrypt.3ssl
install doc/man/man3/CMS_final.3 -> /c/ap13-dcb/native-msys-crypto-packages-03/work/openssl-doc-stage/usr/share/man/man3/CMS_final.3ssl
install doc/man/man3/CMS_get0_RecipientInfos.3 -> /c/ap13-dcb/native-msys-crypto-packages-03/work/openssl-doc-stage/usr/share/man/man3/CMS_get0_RecipientInfos.3ssl
install doc/man/man3/CMS_get0_SignerInfos.3 -> /c/ap13-dcb/native-msys-crypto-packages-03/work/openssl-doc-stage/usr/share/man/man3/CMS_get0_SignerInfos.3ssl
install doc/man/man3/CMS_get0_type.3 -> /c/ap13-dcb/native-msys-crypto-packages-03/work/openssl-doc-stage/usr/share/man/man3/CMS_get0_type.3ssl
install doc/man/man3/CMS_get1_ReceiptRequest.3 -> /c/ap13-dcb/native-msys-crypto-packages-03/work/openssl-doc-stage/usr/share/man/man3/CMS_get1_ReceiptRequest.3ssl
install doc/man/man3/CMS_sign.3 -> /c/ap13-dcb/native-msys-crypto-packages-03/work/openssl-doc-stage/usr/share/man/man3/CMS_sign.3ssl
install doc/man/man3/CMS_sign_receipt.3 -> /c/ap13-dcb/native-msys-crypto-packages-03/work/openssl-doc-stage/usr/share/man/man3/CMS_sign_receipt.3ssl
install doc/man/man3/CMS_signed_get_attr.3 -> /c/ap13-dcb/native-msys-crypto-packages-03/work/openssl-doc-stage/usr/share/man/man3/CMS_signed_get_attr.3ssl
install doc/man/man3/CMS_uncompress.3 -> /c/ap13-dcb/native-msys-crypto-packages-03/work/openssl-doc-stage/usr/share/man/man3/CMS_uncompress.3ssl
install doc/man/man3/CMS_verify.3 -> /c/ap13-dcb/native-msys-crypto-packages-03/work/openssl-doc-stage/usr/share/man/man3/CMS_verify.3ssl
install doc/man/man3/CMS_verify_receipt.3 -> /c/ap13-dcb/native-msys-crypto-packages-03/work/openssl-doc-stage/usr/share/man/man3/CMS_verify_receipt.3ssl
install doc/man/man3/COMP_CTX_new.3 -> /c/ap13-dcb/native-msys-crypto-packages-03/work/openssl-doc-stage/usr/share/man/man3/COMP_CTX_new.3ssl
install doc/man/man3/CONF_modules_free.3 -> /c/ap13-dcb/native-msys-crypto-packages-03/work/openssl-doc-stage/usr/share/man/man3/CONF_modules_free.3ssl
install doc/man/man3/CONF_modules_load_file.3 -> /c/ap13-dcb/native-msys-crypto-packages-03/work/openssl-doc-stage/usr/share/man/man3/CONF_modules_load_file.3ssl
install doc/man/man3/CRYPTO_THREAD_run_once.3 -> /c/ap13-dcb/native-msys-crypto-packages-03/work/openssl-doc-stage/usr/share/man/man3/CRYPTO_THREAD_run_once.3ssl
install doc/man/man3/CRYPTO_get_ex_new_index.3 -> /c/ap13-dcb/native-msys-crypto-packages-03/work/openssl-doc-stage/usr/share/man/man3/CRYPTO_get_ex_new_index.3ssl
install doc/man/man3/CRYPTO_memcmp.3 -> /c/ap13-dcb/native-msys-crypto-packages-03/work/openssl-doc-stage/usr/share/man/man3/CRYPTO_memcmp.3ssl
install doc/man/man3/CTLOG_STORE_get0_log_by_id.3 -> /c/ap13-dcb/native-msys-crypto-packages-03/work/openssl-doc-stage/usr/share/man/man3/CTLOG_STORE_get0_log_by_id.3ssl
install doc/man/man3/CTLOG_STORE_new.3 -> /c/ap13-dcb/native-msys-crypto-packages-03/work/openssl-doc-stage/usr/share/man/man3/CTLOG_STORE_new.3ssl
install doc/man/man3/CTLOG_new.3 -> /c/ap13-dcb/native-msys-crypto-packages-03/work/openssl-doc-stage/usr/share/man/man3/CTLOG_new.3ssl
install doc/man/man3/CT_POLICY_EVAL_CTX_new.3 -> /c/ap13-dcb/native-msys-crypto-packages-03/work/openssl-doc-stage/usr/share/man/man3/CT_POLICY_EVAL_CTX_new.3ssl
install doc/man/man3/DEFINE_STACK_OF.3 -> /c/ap13-dcb/native-msys-crypto-packages-03/work/openssl-doc-stage/usr/share/man/man3/DEFINE_STACK_OF.3ssl
install doc/man/man3/DES_random_key.3 -> /c/ap13-dcb/native-msys-crypto-packages-03/work/openssl-doc-stage/usr/share/man/man3/DES_random_key.3ssl
install doc/man/man3/DH_generate_key.3 -> /c/ap13-dcb/native-msys-crypto-packages-03/work/openssl-doc-stage/usr/share/man/man3/DH_generate_key.3ssl
install doc/man/man3/DH_generate_parameters.3 -> /c/ap13-dcb/native-msys-crypto-packages-03/work/openssl-doc-stage/usr/share/man/man3/DH_generate_parameters.3ssl
install doc/man/man3/DH_get0_pqg.3 -> /c/ap13-dcb/native-msys-crypto-packages-03/work/openssl-doc-stage/usr/share/man/man3/DH_get0_pqg.3ssl
install doc/man/man3/DH_get_1024_160.3 -> /c/ap13-dcb/native-msys-crypto-packages-03/work/openssl-doc-stage/usr/share/man/man3/DH_get_1024_160.3ssl
install doc/man/man3/DH_meth_new.3 -> /c/ap13-dcb/native-msys-crypto-packages-03/work/openssl-doc-stage/usr/share/man/man3/DH_meth_new.3ssl
install doc/man/man3/DH_new.3 -> /c/ap13-dcb/native-msys-crypto-packages-03/work/openssl-doc-stage/usr/share/man/man3/DH_new.3ssl
install doc/man/man3/DH_new_by_nid.3 -> /c/ap13-dcb/native-msys-crypto-packages-03/work/openssl-doc-stage/usr/share/man/man3/DH_new_by_nid.3ssl
install doc/man/man3/DH_set_method.3 -> /c/ap13-dcb/native-msys-crypto-packages-03/work/openssl-doc-stage/usr/share/man/man3/DH_set_method.3ssl
install doc/man/man3/DH_size.3 -> /c/ap13-dcb/native-msys-crypto-packages-03/work/openssl-doc-stage/usr/share/man/man3/DH_size.3ssl
install doc/man/man3/DSA_SIG_new.3 -> /c/ap13-dcb/native-msys-crypto-packages-03/work/openssl-doc-stage/usr/share/man/man3/DSA_SIG_new.3ssl
install doc/man/man3/DSA_do_sign.3 -> /c/ap13-dcb/native-msys-crypto-packages-03/work/openssl-doc-stage/usr/share/man/man3/DSA_do_sign.3ssl
install doc/man/man3/DSA_dup_DH.3 -> /c/ap13-dcb/native-msys-crypto-packages-03/work/openssl-doc-stage/usr/share/man/man3/DSA_dup_DH.3ssl
install doc/man/man3/DSA_generate_key.3 -> /c/ap13-dcb/native-msys-crypto-packages-03/work/openssl-doc-stage/usr/share/man/man3/DSA_generate_key.3ssl
install doc/man/man3/DSA_generate_parameters.3 -> /c/ap13-dcb/native-msys-crypto-packages-03/work/openssl-doc-stage/usr/share/man/man3/DSA_generate_parameters.3ssl
install doc/man/man3/DSA_get0_pqg.3 -> /c/ap13-dcb/native-msys-crypto-packages-03/work/openssl-doc-stage/usr/share/man/man3/DSA_get0_pqg.3ssl
install doc/man/man3/DSA_meth_new.3 -> /c/ap13-dcb/native-msys-crypto-packages-03/work/openssl-doc-stage/usr/share/man/man3/DSA_meth_new.3ssl
install doc/man/man3/DSA_new.3 -> /c/ap13-dcb/native-msys-crypto-packages-03/work/openssl-doc-stage/usr/share/man/man3/DSA_new.3ssl
install doc/man/man3/DSA_set_method.3 -> /c/ap13-dcb/native-msys-crypto-packages-03/work/openssl-doc-stage/usr/share/man/man3/DSA_set_method.3ssl
install doc/man/man3/DSA_sign.3 -> /c/ap13-dcb/native-msys-crypto-packages-03/work/openssl-doc-stage/usr/share/man/man3/DSA_sign.3ssl
install doc/man/man3/DSA_size.3 -> /c/ap13-dcb/native-msys-crypto-packages-03/work/openssl-doc-stage/usr/share/man/man3/DSA_size.3ssl
install doc/man/man3/DTLS_get_data_mtu.3 -> /c/ap13-dcb/native-msys-crypto-packages-03/work/openssl-doc-stage/usr/share/man/man3/DTLS_get_data_mtu.3ssl
install doc/man/man3/DTLS_set_timer_cb.3 -> /c/ap13-dcb/native-msys-crypto-packages-03/work/openssl-doc-stage/usr/share/man/man3/DTLS_set_timer_cb.3ssl
install doc/man/man3/DTLSv1_get_timeout.3 -> /c/ap13-dcb/native-msys-crypto-packages-03/work/openssl-doc-stage/usr/share/man/man3/DTLSv1_get_timeout.3ssl
install doc/man/man3/DTLSv1_handle_timeout.3 -> /c/ap13-dcb/native-msys-crypto-packages-03/work/openssl-doc-stage/usr/share/man/man3/DTLSv1_handle_timeout.3ssl
install doc/man/man3/DTLSv1_listen.3 -> /c/ap13-dcb/native-msys-crypto-packages-03/work/openssl-doc-stage/usr/share/man/man3/DTLSv1_listen.3ssl
install doc/man/man3/ECDSA_SIG_new.3 -> /c/ap13-dcb/native-msys-crypto-packages-03/work/openssl-doc-stage/usr/share/man/man3/ECDSA_SIG_new.3ssl
install doc/man/man3/ECDSA_sign.3 -> /c/ap13-dcb/native-msys-crypto-packages-03/work/openssl-doc-stage/usr/share/man/man3/ECDSA_sign.3ssl
install doc/man/man3/ECPKParameters_print.3 -> /c/ap13-dcb/native-msys-crypto-packages-03/work/openssl-doc-stage/usr/share/man/man3/ECPKParameters_print.3ssl
install doc/man/man3/EC_GFp_simple_method.3 -> /c/ap13-dcb/native-msys-crypto-packages-03/work/openssl-doc-stage/usr/share/man/man3/EC_GFp_simple_method.3ssl
install doc/man/man3/EC_GROUP_copy.3 -> /c/ap13-dcb/native-msys-crypto-packages-03/work/openssl-doc-stage/usr/share/man/man3/EC_GROUP_copy.3ssl
install doc/man/man3/EC_GROUP_new.3 -> /c/ap13-dcb/native-msys-crypto-packages-03/work/openssl-doc-stage/usr/share/man/man3/EC_GROUP_new.3ssl
install doc/man/man3/EC_KEY_get_enc_flags.3 -> /c/ap13-dcb/native-msys-crypto-packages-03/work/openssl-doc-stage/usr/share/man/man3/EC_KEY_get_enc_flags.3ssl
install doc/man/man3/EC_KEY_new.3 -> /c/ap13-dcb/native-msys-crypto-packages-03/work/openssl-doc-stage/usr/share/man/man3/EC_KEY_new.3ssl
install doc/man/man3/EC_POINT_add.3 -> /c/ap13-dcb/native-msys-crypto-packages-03/work/openssl-doc-stage/usr/share/man/man3/EC_POINT_add.3ssl
install doc/man/man3/EC_POINT_new.3 -> /c/ap13-dcb/native-msys-crypto-packages-03/work/openssl-doc-stage/usr/share/man/man3/EC_POINT_new.3ssl
install doc/man/man3/ENGINE_add.3 -> /c/ap13-dcb/native-msys-crypto-packages-03/work/openssl-doc-stage/usr/share/man/man3/ENGINE_add.3ssl
install doc/man/man3/ERR_GET_LIB.3 -> /c/ap13-dcb/native-msys-crypto-packages-03/work/openssl-doc-stage/usr/share/man/man3/ERR_GET_LIB.3ssl
install doc/man/man3/ERR_clear_error.3 -> /c/ap13-dcb/native-msys-crypto-packages-03/work/openssl-doc-stage/usr/share/man/man3/ERR_clear_error.3ssl
install doc/man/man3/ERR_error_string.3 -> /c/ap13-dcb/native-msys-crypto-packages-03/work/openssl-doc-stage/usr/share/man/man3/ERR_error_string.3ssl
install doc/man/man3/ERR_get_error.3 -> /c/ap13-dcb/native-msys-crypto-packages-03/work/openssl-doc-stage/usr/share/man/man3/ERR_get_error.3ssl
install doc/man/man3/ERR_load_crypto_strings.3 -> /c/ap13-dcb/native-msys-crypto-packages-03/work/openssl-doc-stage/usr/share/man/man3/ERR_load_crypto_strings.3ssl
install doc/man/man3/ERR_load_strings.3 -> /c/ap13-dcb/native-msys-crypto-packages-03/work/openssl-doc-stage/usr/share/man/man3/ERR_load_strings.3ssl
install doc/man/man3/ERR_new.3 -> /c/ap13-dcb/native-msys-crypto-packages-03/work/openssl-doc-stage/usr/share/man/man3/ERR_new.3ssl
install doc/man/man3/ERR_print_errors.3 -> /c/ap13-dcb/native-msys-crypto-packages-03/work/openssl-doc-stage/usr/share/man/man3/ERR_print_errors.3ssl
install doc/man/man3/ERR_put_error.3 -> /c/ap13-dcb/native-msys-crypto-packages-03/work/openssl-doc-stage/usr/share/man/man3/ERR_put_error.3ssl
install doc/man/man3/ERR_remove_state.3 -> /c/ap13-dcb/native-msys-crypto-packages-03/work/openssl-doc-stage/usr/share/man/man3/ERR_remove_state.3ssl
install doc/man/man3/ERR_set_mark.3 -> /c/ap13-dcb/native-msys-crypto-packages-03/work/openssl-doc-stage/usr/share/man/man3/ERR_set_mark.3ssl
install doc/man/man3/EVP_ASYM_CIPHER_free.3 -> /c/ap13-dcb/native-msys-crypto-packages-03/work/openssl-doc-stage/usr/share/man/man3/EVP_ASYM_CIPHER_free.3ssl
install doc/man/man3/EVP_BytesToKey.3 -> /c/ap13-dcb/native-msys-crypto-packages-03/work/openssl-doc-stage/usr/share/man/man3/EVP_BytesToKey.3ssl
install doc/man/man3/EVP_CIPHER_CTX_get_app_data.3 -> /c/ap13-dcb/native-msys-crypto-packages-03/work/openssl-doc-stage/usr/share/man/man3/EVP_CIPHER_CTX_get_app_data.3ssl
install doc/man/man3/EVP_CIPHER_CTX_get_cipher_data.3 -> /c/ap13-dcb/native-msys-crypto-packages-03/work/openssl-doc-stage/usr/share/man/man3/EVP_CIPHER_CTX_get_cipher_data.3ssl
install doc/man/man3/EVP_CIPHER_CTX_get_original_iv.3 -> /c/ap13-dcb/native-msys-crypto-packages-03/work/openssl-doc-stage/usr/share/man/man3/EVP_CIPHER_CTX_get_original_iv.3ssl
install doc/man/man3/EVP_CIPHER_meth_new.3 -> /c/ap13-dcb/native-msys-crypto-packages-03/work/openssl-doc-stage/usr/share/man/man3/EVP_CIPHER_meth_new.3ssl
install doc/man/man3/EVP_DigestInit.3 -> /c/ap13-dcb/native-msys-crypto-packages-03/work/openssl-doc-stage/usr/share/man/man3/EVP_DigestInit.3ssl
install doc/man/man3/EVP_DigestSignInit.3 -> /c/ap13-dcb/native-msys-crypto-packages-03/work/openssl-doc-stage/usr/share/man/man3/EVP_DigestSignInit.3ssl
install doc/man/man3/EVP_DigestVerifyInit.3 -> /c/ap13-dcb/native-msys-crypto-packages-03/work/openssl-doc-stage/usr/share/man/man3/EVP_DigestVerifyInit.3ssl
install doc/man/man3/EVP_EncodeInit.3 -> /c/ap13-dcb/native-msys-crypto-packages-03/work/openssl-doc-stage/usr/share/man/man3/EVP_EncodeInit.3ssl
install doc/man/man3/EVP_EncryptInit.3 -> /c/ap13-dcb/native-msys-crypto-packages-03/work/openssl-doc-stage/usr/share/man/man3/EVP_EncryptInit.3ssl
install doc/man/man3/EVP_KDF.3 -> /c/ap13-dcb/native-msys-crypto-packages-03/work/openssl-doc-stage/usr/share/man/man3/EVP_KDF.3ssl
install doc/man/man3/EVP_KEM_free.3 -> /c/ap13-dcb/native-msys-crypto-packages-03/work/openssl-doc-stage/usr/share/man/man3/EVP_KEM_free.3ssl
install doc/man/man3/EVP_KEYEXCH_free.3 -> /c/ap13-dcb/native-msys-crypto-packages-03/work/openssl-doc-stage/usr/share/man/man3/EVP_KEYEXCH_free.3ssl
install doc/man/man3/EVP_KEYMGMT.3 -> /c/ap13-dcb/native-msys-crypto-packages-03/work/openssl-doc-stage/usr/share/man/man3/EVP_KEYMGMT.3ssl
install doc/man/man3/EVP_MAC.3 -> /c/ap13-dcb/native-msys-crypto-packages-03/work/openssl-doc-stage/usr/share/man/man3/EVP_MAC.3ssl
install doc/man/man3/EVP_MD_meth_new.3 -> /c/ap13-dcb/native-msys-crypto-packages-03/work/openssl-doc-stage/usr/share/man/man3/EVP_MD_meth_new.3ssl
install doc/man/man3/EVP_OpenInit.3 -> /c/ap13-dcb/native-msys-crypto-packages-03/work/openssl-doc-stage/usr/share/man/man3/EVP_OpenInit.3ssl
install doc/man/man3/EVP_PBE_CipherInit.3 -> /c/ap13-dcb/native-msys-crypto-packages-03/work/openssl-doc-stage/usr/share/man/man3/EVP_PBE_CipherInit.3ssl
install doc/man/man3/EVP_PKEY2PKCS8.3 -> /c/ap13-dcb/native-msys-crypto-packages-03/work/openssl-doc-stage/usr/share/man/man3/EVP_PKEY2PKCS8.3ssl
install doc/man/man3/EVP_PKEY_ASN1_METHOD.3 -> /c/ap13-dcb/native-msys-crypto-packages-03/work/openssl-doc-stage/usr/share/man/man3/EVP_PKEY_ASN1_METHOD.3ssl
install doc/man/man3/EVP_PKEY_CTX_ctrl.3 -> /c/ap13-dcb/native-msys-crypto-packages-03/work/openssl-doc-stage/usr/share/man/man3/EVP_PKEY_CTX_ctrl.3ssl
install doc/man/man3/EVP_PKEY_CTX_get0_libctx.3 -> /c/ap13-dcb/native-msys-crypto-packages-03/work/openssl-doc-stage/usr/share/man/man3/EVP_PKEY_CTX_get0_libctx.3ssl
install doc/man/man3/EVP_PKEY_CTX_get0_pkey.3 -> /c/ap13-dcb/native-msys-crypto-packages-03/work/openssl-doc-stage/usr/share/man/man3/EVP_PKEY_CTX_get0_pkey.3ssl
install doc/man/man3/EVP_PKEY_CTX_get_algor.3 -> /c/ap13-dcb/native-msys-crypto-packages-03/work/openssl-doc-stage/usr/share/man/man3/EVP_PKEY_CTX_get_algor.3ssl
install doc/man/man3/EVP_PKEY_CTX_new.3 -> /c/ap13-dcb/native-msys-crypto-packages-03/work/openssl-doc-stage/usr/share/man/man3/EVP_PKEY_CTX_new.3ssl
install doc/man/man3/EVP_PKEY_CTX_set1_pbe_pass.3 -> /c/ap13-dcb/native-msys-crypto-packages-03/work/openssl-doc-stage/usr/share/man/man3/EVP_PKEY_CTX_set1_pbe_pass.3ssl
install doc/man/man3/EVP_PKEY_CTX_set_hkdf_md.3 -> /c/ap13-dcb/native-msys-crypto-packages-03/work/openssl-doc-stage/usr/share/man/man3/EVP_PKEY_CTX_set_hkdf_md.3ssl
install doc/man/man3/EVP_PKEY_CTX_set_params.3 -> /c/ap13-dcb/native-msys-crypto-packages-03/work/openssl-doc-stage/usr/share/man/man3/EVP_PKEY_CTX_set_params.3ssl
install doc/man/man3/EVP_PKEY_CTX_set_rsa_pss_keygen_md.3 -> /c/ap13-dcb/native-msys-crypto-packages-03/work/openssl-doc-stage/usr/share/man/man3/EVP_PKEY_CTX_set_rsa_pss_keygen_md.3ssl
install doc/man/man3/EVP_PKEY_CTX_set_scrypt_N.3 -> /c/ap13-dcb/native-msys-crypto-packages-03/work/openssl-doc-stage/usr/share/man/man3/EVP_PKEY_CTX_set_scrypt_N.3ssl
install doc/man/man3/EVP_PKEY_CTX_set_tls1_prf_md.3 -> /c/ap13-dcb/native-msys-crypto-packages-03/work/openssl-doc-stage/usr/share/man/man3/EVP_PKEY_CTX_set_tls1_prf_md.3ssl
install doc/man/man3/EVP_PKEY_asn1_get_count.3 -> /c/ap13-dcb/native-msys-crypto-packages-03/work/openssl-doc-stage/usr/share/man/man3/EVP_PKEY_asn1_get_count.3ssl
install doc/man/man3/EVP_PKEY_check.3 -> /c/ap13-dcb/native-msys-crypto-packages-03/work/openssl-doc-stage/usr/share/man/man3/EVP_PKEY_check.3ssl
install doc/man/man3/EVP_PKEY_copy_parameters.3 -> /c/ap13-dcb/native-msys-crypto-packages-03/work/openssl-doc-stage/usr/share/man/man3/EVP_PKEY_copy_parameters.3ssl
install doc/man/man3/EVP_PKEY_decapsulate.3 -> /c/ap13-dcb/native-msys-crypto-packages-03/work/openssl-doc-stage/usr/share/man/man3/EVP_PKEY_decapsulate.3ssl
install doc/man/man3/EVP_PKEY_decrypt.3 -> /c/ap13-dcb/native-msys-crypto-packages-03/work/openssl-doc-stage/usr/share/man/man3/EVP_PKEY_decrypt.3ssl
install doc/man/man3/EVP_PKEY_derive.3 -> /c/ap13-dcb/native-msys-crypto-packages-03/work/openssl-doc-stage/usr/share/man/man3/EVP_PKEY_derive.3ssl
install doc/man/man3/EVP_PKEY_digestsign_supports_digest.3 -> /c/ap13-dcb/native-msys-crypto-packages-03/work/openssl-doc-stage/usr/share/man/man3/EVP_PKEY_digestsign_supports_digest.3ssl
install doc/man/man3/EVP_PKEY_encapsulate.3 -> /c/ap13-dcb/native-msys-crypto-packages-03/work/openssl-doc-stage/usr/share/man/man3/EVP_PKEY_encapsulate.3ssl
install doc/man/man3/EVP_PKEY_encrypt.3 -> /c/ap13-dcb/native-msys-crypto-packages-03/work/openssl-doc-stage/usr/share/man/man3/EVP_PKEY_encrypt.3ssl
install doc/man/man3/EVP_PKEY_fromdata.3 -> /c/ap13-dcb/native-msys-crypto-packages-03/work/openssl-doc-stage/usr/share/man/man3/EVP_PKEY_fromdata.3ssl
install doc/man/man3/EVP_PKEY_get_attr.3 -> /c/ap13-dcb/native-msys-crypto-packages-03/work/openssl-doc-stage/usr/share/man/man3/EVP_PKEY_get_attr.3ssl
install doc/man/man3/EVP_PKEY_get_default_digest_nid.3 -> /c/ap13-dcb/native-msys-crypto-packages-03/work/openssl-doc-stage/usr/share/man/man3/EVP_PKEY_get_default_digest_nid.3ssl
install doc/man/man3/EVP_PKEY_get_field_type.3 -> /c/ap13-dcb/native-msys-crypto-packages-03/work/openssl-doc-stage/usr/share/man/man3/EVP_PKEY_get_field_type.3ssl
install doc/man/man3/EVP_PKEY_get_group_name.3 -> /c/ap13-dcb/native-msys-crypto-packages-03/work/openssl-doc-stage/usr/share/man/man3/EVP_PKEY_get_group_name.3ssl
install doc/man/man3/EVP_PKEY_get_size.3 -> /c/ap13-dcb/native-msys-crypto-packages-03/work/openssl-doc-stage/usr/share/man/man3/EVP_PKEY_get_size.3ssl
install doc/man/man3/EVP_PKEY_gettable_params.3 -> /c/ap13-dcb/native-msys-crypto-packages-03/work/openssl-doc-stage/usr/share/man/man3/EVP_PKEY_gettable_params.3ssl
install doc/man/man3/EVP_PKEY_is_a.3 -> /c/ap13-dcb/native-msys-crypto-packages-03/work/openssl-doc-stage/usr/share/man/man3/EVP_PKEY_is_a.3ssl
install doc/man/man3/EVP_PKEY_keygen.3 -> /c/ap13-dcb/native-msys-crypto-packages-03/work/openssl-doc-stage/usr/share/man/man3/EVP_PKEY_keygen.3ssl
install doc/man/man3/EVP_PKEY_meth_get_count.3 -> /c/ap13-dcb/native-msys-crypto-packages-03/work/openssl-doc-stage/usr/share/man/man3/EVP_PKEY_meth_get_count.3ssl
install doc/man/man3/EVP_PKEY_meth_new.3 -> /c/ap13-dcb/native-msys-crypto-packages-03/work/openssl-doc-stage/usr/share/man/man3/EVP_PKEY_meth_new.3ssl
install doc/man/man3/EVP_PKEY_new.3 -> /c/ap13-dcb/native-msys-crypto-packages-03/work/openssl-doc-stage/usr/share/man/man3/EVP_PKEY_new.3ssl
install doc/man/man3/EVP_PKEY_print_private.3 -> /c/ap13-dcb/native-msys-crypto-packages-03/work/openssl-doc-stage/usr/share/man/man3/EVP_PKEY_print_private.3ssl
install doc/man/man3/EVP_PKEY_set1_RSA.3 -> /c/ap13-dcb/native-msys-crypto-packages-03/work/openssl-doc-stage/usr/share/man/man3/EVP_PKEY_set1_RSA.3ssl
install doc/man/man3/EVP_PKEY_set1_encoded_public_key.3 -> /c/ap13-dcb/native-msys-crypto-packages-03/work/openssl-doc-stage/usr/share/man/man3/EVP_PKEY_set1_encoded_public_key.3ssl
install doc/man/man3/EVP_PKEY_set_type.3 -> /c/ap13-dcb/native-msys-crypto-packages-03/work/openssl-doc-stage/usr/share/man/man3/EVP_PKEY_set_type.3ssl
install doc/man/man3/EVP_PKEY_settable_params.3 -> /c/ap13-dcb/native-msys-crypto-packages-03/work/openssl-doc-stage/usr/share/man/man3/EVP_PKEY_settable_params.3ssl
install doc/man/man3/EVP_PKEY_sign.3 -> /c/ap13-dcb/native-msys-crypto-packages-03/work/openssl-doc-stage/usr/share/man/man3/EVP_PKEY_sign.3ssl
install doc/man/man3/EVP_PKEY_todata.3 -> /c/ap13-dcb/native-msys-crypto-packages-03/work/openssl-doc-stage/usr/share/man/man3/EVP_PKEY_todata.3ssl
install doc/man/man3/EVP_PKEY_verify.3 -> /c/ap13-dcb/native-msys-crypto-packages-03/work/openssl-doc-stage/usr/share/man/man3/EVP_PKEY_verify.3ssl
install doc/man/man3/EVP_PKEY_verify_recover.3 -> /c/ap13-dcb/native-msys-crypto-packages-03/work/openssl-doc-stage/usr/share/man/man3/EVP_PKEY_verify_recover.3ssl
install doc/man/man3/EVP_RAND.3 -> /c/ap13-dcb/native-msys-crypto-packages-03/work/openssl-doc-stage/usr/share/man/man3/EVP_RAND.3ssl
install doc/man/man3/EVP_SIGNATURE.3 -> /c/ap13-dcb/native-msys-crypto-packages-03/work/openssl-doc-stage/usr/share/man/man3/EVP_SIGNATURE.3ssl
install doc/man/man3/EVP_SKEY.3 -> /c/ap13-dcb/native-msys-crypto-packages-03/work/openssl-doc-stage/usr/share/man/man3/EVP_SKEY.3ssl
install doc/man/man3/EVP_SKEYMGMT.3 -> /c/ap13-dcb/native-msys-crypto-packages-03/work/openssl-doc-stage/usr/share/man/man3/EVP_SKEYMGMT.3ssl
install doc/man/man3/EVP_SealInit.3 -> /c/ap13-dcb/native-msys-crypto-packages-03/work/openssl-doc-stage/usr/share/man/man3/EVP_SealInit.3ssl
install doc/man/man3/EVP_SignInit.3 -> /c/ap13-dcb/native-msys-crypto-packages-03/work/openssl-doc-stage/usr/share/man/man3/EVP_SignInit.3ssl
install doc/man/man3/EVP_VerifyInit.3 -> /c/ap13-dcb/native-msys-crypto-packages-03/work/openssl-doc-stage/usr/share/man/man3/EVP_VerifyInit.3ssl
install doc/man/man3/EVP_aes_128_gcm.3 -> /c/ap13-dcb/native-msys-crypto-packages-03/work/openssl-doc-stage/usr/share/man/man3/EVP_aes_128_gcm.3ssl
install doc/man/man3/EVP_aria_128_gcm.3 -> /c/ap13-dcb/native-msys-crypto-packages-03/work/openssl-doc-stage/usr/share/man/man3/EVP_aria_128_gcm.3ssl
install doc/man/man3/EVP_bf_cbc.3 -> /c/ap13-dcb/native-msys-crypto-packages-03/work/openssl-doc-stage/usr/share/man/man3/EVP_bf_cbc.3ssl
install doc/man/man3/EVP_blake2b512.3 -> /c/ap13-dcb/native-msys-crypto-packages-03/work/openssl-doc-stage/usr/share/man/man3/EVP_blake2b512.3ssl
install doc/man/man3/EVP_camellia_128_ecb.3 -> /c/ap13-dcb/native-msys-crypto-packages-03/work/openssl-doc-stage/usr/share/man/man3/EVP_camellia_128_ecb.3ssl
install doc/man/man3/EVP_cast5_cbc.3 -> /c/ap13-dcb/native-msys-crypto-packages-03/work/openssl-doc-stage/usr/share/man/man3/EVP_cast5_cbc.3ssl
install doc/man/man3/EVP_chacha20.3 -> /c/ap13-dcb/native-msys-crypto-packages-03/work/openssl-doc-stage/usr/share/man/man3/EVP_chacha20.3ssl
install doc/man/man3/EVP_des_cbc.3 -> /c/ap13-dcb/native-msys-crypto-packages-03/work/openssl-doc-stage/usr/share/man/man3/EVP_des_cbc.3ssl
install doc/man/man3/EVP_desx_cbc.3 -> /c/ap13-dcb/native-msys-crypto-packages-03/work/openssl-doc-stage/usr/share/man/man3/EVP_desx_cbc.3ssl
install doc/man/man3/EVP_idea_cbc.3 -> /c/ap13-dcb/native-msys-crypto-packages-03/work/openssl-doc-stage/usr/share/man/man3/EVP_idea_cbc.3ssl
install doc/man/man3/EVP_md2.3 -> /c/ap13-dcb/native-msys-crypto-packages-03/work/openssl-doc-stage/usr/share/man/man3/EVP_md2.3ssl
install doc/man/man3/EVP_md4.3 -> /c/ap13-dcb/native-msys-crypto-packages-03/work/openssl-doc-stage/usr/share/man/man3/EVP_md4.3ssl
install doc/man/man3/EVP_md5.3 -> /c/ap13-dcb/native-msys-crypto-packages-03/work/openssl-doc-stage/usr/share/man/man3/EVP_md5.3ssl
install doc/man/man3/EVP_mdc2.3 -> /c/ap13-dcb/native-msys-crypto-packages-03/work/openssl-doc-stage/usr/share/man/man3/EVP_mdc2.3ssl
install doc/man/man3/EVP_rc2_cbc.3 -> /c/ap13-dcb/native-msys-crypto-packages-03/work/openssl-doc-stage/usr/share/man/man3/EVP_rc2_cbc.3ssl
install doc/man/man3/EVP_rc4.3 -> /c/ap13-dcb/native-msys-crypto-packages-03/work/openssl-doc-stage/usr/share/man/man3/EVP_rc4.3ssl
install doc/man/man3/EVP_rc5_32_12_16_cbc.3 -> /c/ap13-dcb/native-msys-crypto-packages-03/work/openssl-doc-stage/usr/share/man/man3/EVP_rc5_32_12_16_cbc.3ssl
install doc/man/man3/EVP_ripemd160.3 -> /c/ap13-dcb/native-msys-crypto-packages-03/work/openssl-doc-stage/usr/share/man/man3/EVP_ripemd160.3ssl
install doc/man/man3/EVP_seed_cbc.3 -> /c/ap13-dcb/native-msys-crypto-packages-03/work/openssl-doc-stage/usr/share/man/man3/EVP_seed_cbc.3ssl
install doc/man/man3/EVP_set_default_properties.3 -> /c/ap13-dcb/native-msys-crypto-packages-03/work/openssl-doc-stage/usr/share/man/man3/EVP_set_default_properties.3ssl
install doc/man/man3/EVP_sha1.3 -> /c/ap13-dcb/native-msys-crypto-packages-03/work/openssl-doc-stage/usr/share/man/man3/EVP_sha1.3ssl
install doc/man/man3/EVP_sha224.3 -> /c/ap13-dcb/native-msys-crypto-packages-03/work/openssl-doc-stage/usr/share/man/man3/EVP_sha224.3ssl
install doc/man/man3/EVP_sha3_224.3 -> /c/ap13-dcb/native-msys-crypto-packages-03/work/openssl-doc-stage/usr/share/man/man3/EVP_sha3_224.3ssl
install doc/man/man3/EVP_sm3.3 -> /c/ap13-dcb/native-msys-crypto-packages-03/work/openssl-doc-stage/usr/share/man/man3/EVP_sm3.3ssl
install doc/man/man3/EVP_sm4_cbc.3 -> /c/ap13-dcb/native-msys-crypto-packages-03/work/openssl-doc-stage/usr/share/man/man3/EVP_sm4_cbc.3ssl
install doc/man/man3/EVP_whirlpool.3 -> /c/ap13-dcb/native-msys-crypto-packages-03/work/openssl-doc-stage/usr/share/man/man3/EVP_whirlpool.3ssl
install doc/man/man3/GENERAL_NAME.3 -> /c/ap13-dcb/native-msys-crypto-packages-03/work/openssl-doc-stage/usr/share/man/man3/GENERAL_NAME.3ssl
install doc/man/man3/HMAC.3 -> /c/ap13-dcb/native-msys-crypto-packages-03/work/openssl-doc-stage/usr/share/man/man3/HMAC.3ssl
install doc/man/man3/MD5.3 -> /c/ap13-dcb/native-msys-crypto-packages-03/work/openssl-doc-stage/usr/share/man/man3/MD5.3ssl
install doc/man/man3/MDC2_Init.3 -> /c/ap13-dcb/native-msys-crypto-packages-03/work/openssl-doc-stage/usr/share/man/man3/MDC2_Init.3ssl
install doc/man/man3/NAME_CONSTRAINTS_check.3 -> /c/ap13-dcb/native-msys-crypto-packages-03/work/openssl-doc-stage/usr/share/man/man3/NAME_CONSTRAINTS_check.3ssl
install doc/man/man3/NCONF_new_ex.3 -> /c/ap13-dcb/native-msys-crypto-packages-03/work/openssl-doc-stage/usr/share/man/man3/NCONF_new_ex.3ssl
install doc/man/man3/OBJ_nid2obj.3 -> /c/ap13-dcb/native-msys-crypto-packages-03/work/openssl-doc-stage/usr/share/man/man3/OBJ_nid2obj.3ssl
install doc/man/man3/OCSP_REQUEST_new.3 -> /c/ap13-dcb/native-msys-crypto-packages-03/work/openssl-doc-stage/usr/share/man/man3/OCSP_REQUEST_new.3ssl
install doc/man/man3/OCSP_cert_to_id.3 -> /c/ap13-dcb/native-msys-crypto-packages-03/work/openssl-doc-stage/usr/share/man/man3/OCSP_cert_to_id.3ssl
install doc/man/man3/OCSP_request_add1_nonce.3 -> /c/ap13-dcb/native-msys-crypto-packages-03/work/openssl-doc-stage/usr/share/man/man3/OCSP_request_add1_nonce.3ssl
install doc/man/man3/OCSP_resp_find_status.3 -> /c/ap13-dcb/native-msys-crypto-packages-03/work/openssl-doc-stage/usr/share/man/man3/OCSP_resp_find_status.3ssl
install doc/man/man3/OCSP_response_status.3 -> /c/ap13-dcb/native-msys-crypto-packages-03/work/openssl-doc-stage/usr/share/man/man3/OCSP_response_status.3ssl
install doc/man/man3/OCSP_sendreq_new.3 -> /c/ap13-dcb/native-msys-crypto-packages-03/work/openssl-doc-stage/usr/share/man/man3/OCSP_sendreq_new.3ssl
install doc/man/man3/OPENSSL_Applink.3 -> /c/ap13-dcb/native-msys-crypto-packages-03/work/openssl-doc-stage/usr/share/man/man3/OPENSSL_Applink.3ssl
install doc/man/man3/OPENSSL_FILE.3 -> /c/ap13-dcb/native-msys-crypto-packages-03/work/openssl-doc-stage/usr/share/man/man3/OPENSSL_FILE.3ssl
install doc/man/man3/OPENSSL_LH_COMPFUNC.3 -> /c/ap13-dcb/native-msys-crypto-packages-03/work/openssl-doc-stage/usr/share/man/man3/OPENSSL_LH_COMPFUNC.3ssl
install doc/man/man3/OPENSSL_LH_stats.3 -> /c/ap13-dcb/native-msys-crypto-packages-03/work/openssl-doc-stage/usr/share/man/man3/OPENSSL_LH_stats.3ssl
install doc/man/man3/OPENSSL_armcap.3 -> /c/ap13-dcb/native-msys-crypto-packages-03/work/openssl-doc-stage/usr/share/man/man3/OPENSSL_armcap.3ssl
install doc/man/man3/OPENSSL_config.3 -> /c/ap13-dcb/native-msys-crypto-packages-03/work/openssl-doc-stage/usr/share/man/man3/OPENSSL_config.3ssl
install doc/man/man3/OPENSSL_fork_prepare.3 -> /c/ap13-dcb/native-msys-crypto-packages-03/work/openssl-doc-stage/usr/share/man/man3/OPENSSL_fork_prepare.3ssl
install doc/man/man3/OPENSSL_gmtime.3 -> /c/ap13-dcb/native-msys-crypto-packages-03/work/openssl-doc-stage/usr/share/man/man3/OPENSSL_gmtime.3ssl
install doc/man/man3/OPENSSL_hexchar2int.3 -> /c/ap13-dcb/native-msys-crypto-packages-03/work/openssl-doc-stage/usr/share/man/man3/OPENSSL_hexchar2int.3ssl
install doc/man/man3/OPENSSL_ia32cap.3 -> /c/ap13-dcb/native-msys-crypto-packages-03/work/openssl-doc-stage/usr/share/man/man3/OPENSSL_ia32cap.3ssl
install doc/man/man3/OPENSSL_init_crypto.3 -> /c/ap13-dcb/native-msys-crypto-packages-03/work/openssl-doc-stage/usr/share/man/man3/OPENSSL_init_crypto.3ssl
install doc/man/man3/OPENSSL_init_ssl.3 -> /c/ap13-dcb/native-msys-crypto-packages-03/work/openssl-doc-stage/usr/share/man/man3/OPENSSL_init_ssl.3ssl
install doc/man/man3/OPENSSL_instrument_bus.3 -> /c/ap13-dcb/native-msys-crypto-packages-03/work/openssl-doc-stage/usr/share/man/man3/OPENSSL_instrument_bus.3ssl
install doc/man/man3/OPENSSL_load_builtin_modules.3 -> /c/ap13-dcb/native-msys-crypto-packages-03/work/openssl-doc-stage/usr/share/man/man3/OPENSSL_load_builtin_modules.3ssl
install doc/man/man3/OPENSSL_load_u16_le.3 -> /c/ap13-dcb/native-msys-crypto-packages-03/work/openssl-doc-stage/usr/share/man/man3/OPENSSL_load_u16_le.3ssl
install doc/man/man3/OPENSSL_malloc.3 -> /c/ap13-dcb/native-msys-crypto-packages-03/work/openssl-doc-stage/usr/share/man/man3/OPENSSL_malloc.3ssl
install doc/man/man3/OPENSSL_ppccap.3 -> /c/ap13-dcb/native-msys-crypto-packages-03/work/openssl-doc-stage/usr/share/man/man3/OPENSSL_ppccap.3ssl
install doc/man/man3/OPENSSL_riscvcap.3 -> /c/ap13-dcb/native-msys-crypto-packages-03/work/openssl-doc-stage/usr/share/man/man3/OPENSSL_riscvcap.3ssl
install doc/man/man3/OPENSSL_s390xcap.3 -> /c/ap13-dcb/native-msys-crypto-packages-03/work/openssl-doc-stage/usr/share/man/man3/OPENSSL_s390xcap.3ssl
install doc/man/man3/OPENSSL_secure_malloc.3 -> /c/ap13-dcb/native-msys-crypto-packages-03/work/openssl-doc-stage/usr/share/man/man3/OPENSSL_secure_malloc.3ssl
install doc/man/man3/OPENSSL_strcasecmp.3 -> /c/ap13-dcb/native-msys-crypto-packages-03/work/openssl-doc-stage/usr/share/man/man3/OPENSSL_strcasecmp.3ssl
install doc/man/man3/OSSL_ALGORITHM.3 -> /c/ap13-dcb/native-msys-crypto-packages-03/work/openssl-doc-stage/usr/share/man/man3/OSSL_ALGORITHM.3ssl
install doc/man/man3/OSSL_CALLBACK.3 -> /c/ap13-dcb/native-msys-crypto-packages-03/work/openssl-doc-stage/usr/share/man/man3/OSSL_CALLBACK.3ssl
install doc/man/man3/OSSL_CMP_ATAV_set0.3 -> /c/ap13-dcb/native-msys-crypto-packages-03/work/openssl-doc-stage/usr/share/man/man3/OSSL_CMP_ATAV_set0.3ssl
install doc/man/man3/OSSL_CMP_CTX_new.3 -> /c/ap13-dcb/native-msys-crypto-packages-03/work/openssl-doc-stage/usr/share/man/man3/OSSL_CMP_CTX_new.3ssl
install doc/man/man3/OSSL_CMP_HDR_get0_transactionID.3 -> /c/ap13-dcb/native-msys-crypto-packages-03/work/openssl-doc-stage/usr/share/man/man3/OSSL_CMP_HDR_get0_transactionID.3ssl
install doc/man/man3/OSSL_CMP_ITAV_new_caCerts.3 -> /c/ap13-dcb/native-msys-crypto-packages-03/work/openssl-doc-stage/usr/share/man/man3/OSSL_CMP_ITAV_new_caCerts.3ssl
install doc/man/man3/OSSL_CMP_ITAV_set0.3 -> /c/ap13-dcb/native-msys-crypto-packages-03/work/openssl-doc-stage/usr/share/man/man3/OSSL_CMP_ITAV_set0.3ssl
install doc/man/man3/OSSL_CMP_MSG_get0_header.3 -> /c/ap13-dcb/native-msys-crypto-packages-03/work/openssl-doc-stage/usr/share/man/man3/OSSL_CMP_MSG_get0_header.3ssl
install doc/man/man3/OSSL_CMP_MSG_http_perform.3 -> /c/ap13-dcb/native-msys-crypto-packages-03/work/openssl-doc-stage/usr/share/man/man3/OSSL_CMP_MSG_http_perform.3ssl
install doc/man/man3/OSSL_CMP_SRV_CTX_new.3 -> /c/ap13-dcb/native-msys-crypto-packages-03/work/openssl-doc-stage/usr/share/man/man3/OSSL_CMP_SRV_CTX_new.3ssl
install doc/man/man3/OSSL_CMP_STATUSINFO_new.3 -> /c/ap13-dcb/native-msys-crypto-packages-03/work/openssl-doc-stage/usr/share/man/man3/OSSL_CMP_STATUSINFO_new.3ssl
install doc/man/man3/OSSL_CMP_exec_certreq.3 -> /c/ap13-dcb/native-msys-crypto-packages-03/work/openssl-doc-stage/usr/share/man/man3/OSSL_CMP_exec_certreq.3ssl
install doc/man/man3/OSSL_CMP_log_open.3 -> /c/ap13-dcb/native-msys-crypto-packages-03/work/openssl-doc-stage/usr/share/man/man3/OSSL_CMP_log_open.3ssl
install doc/man/man3/OSSL_CMP_validate_msg.3 -> /c/ap13-dcb/native-msys-crypto-packages-03/work/openssl-doc-stage/usr/share/man/man3/OSSL_CMP_validate_msg.3ssl
install doc/man/man3/OSSL_CORE_MAKE_FUNC.3 -> /c/ap13-dcb/native-msys-crypto-packages-03/work/openssl-doc-stage/usr/share/man/man3/OSSL_CORE_MAKE_FUNC.3ssl
install doc/man/man3/OSSL_CRMF_MSG_get0_tmpl.3 -> /c/ap13-dcb/native-msys-crypto-packages-03/work/openssl-doc-stage/usr/share/man/man3/OSSL_CRMF_MSG_get0_tmpl.3ssl
install doc/man/man3/OSSL_CRMF_MSG_set0_validity.3 -> /c/ap13-dcb/native-msys-crypto-packages-03/work/openssl-doc-stage/usr/share/man/man3/OSSL_CRMF_MSG_set0_validity.3ssl
install doc/man/man3/OSSL_CRMF_MSG_set1_regCtrl_regToken.3 -> /c/ap13-dcb/native-msys-crypto-packages-03/work/openssl-doc-stage/usr/share/man/man3/OSSL_CRMF_MSG_set1_regCtrl_regToken.3ssl
install doc/man/man3/OSSL_CRMF_MSG_set1_regInfo_certReq.3 -> /c/ap13-dcb/native-msys-crypto-packages-03/work/openssl-doc-stage/usr/share/man/man3/OSSL_CRMF_MSG_set1_regInfo_certReq.3ssl
install doc/man/man3/OSSL_CRMF_pbmp_new.3 -> /c/ap13-dcb/native-msys-crypto-packages-03/work/openssl-doc-stage/usr/share/man/man3/OSSL_CRMF_pbmp_new.3ssl
install doc/man/man3/OSSL_DECODER.3 -> /c/ap13-dcb/native-msys-crypto-packages-03/work/openssl-doc-stage/usr/share/man/man3/OSSL_DECODER.3ssl
install doc/man/man3/OSSL_DECODER_CTX.3 -> /c/ap13-dcb/native-msys-crypto-packages-03/work/openssl-doc-stage/usr/share/man/man3/OSSL_DECODER_CTX.3ssl
install doc/man/man3/OSSL_DECODER_CTX_new_for_pkey.3 -> /c/ap13-dcb/native-msys-crypto-packages-03/work/openssl-doc-stage/usr/share/man/man3/OSSL_DECODER_CTX_new_for_pkey.3ssl
install doc/man/man3/OSSL_DECODER_from_bio.3 -> /c/ap13-dcb/native-msys-crypto-packages-03/work/openssl-doc-stage/usr/share/man/man3/OSSL_DECODER_from_bio.3ssl
install doc/man/man3/OSSL_DISPATCH.3 -> /c/ap13-dcb/native-msys-crypto-packages-03/work/openssl-doc-stage/usr/share/man/man3/OSSL_DISPATCH.3ssl
install doc/man/man3/OSSL_ENCODER.3 -> /c/ap13-dcb/native-msys-crypto-packages-03/work/openssl-doc-stage/usr/share/man/man3/OSSL_ENCODER.3ssl
install doc/man/man3/OSSL_ENCODER_CTX.3 -> /c/ap13-dcb/native-msys-crypto-packages-03/work/openssl-doc-stage/usr/share/man/man3/OSSL_ENCODER_CTX.3ssl
install doc/man/man3/OSSL_ENCODER_CTX_new_for_pkey.3 -> /c/ap13-dcb/native-msys-crypto-packages-03/work/openssl-doc-stage/usr/share/man/man3/OSSL_ENCODER_CTX_new_for_pkey.3ssl
install doc/man/man3/OSSL_ENCODER_to_bio.3 -> /c/ap13-dcb/native-msys-crypto-packages-03/work/openssl-doc-stage/usr/share/man/man3/OSSL_ENCODER_to_bio.3ssl
install doc/man/man3/OSSL_ERR_STATE_save.3 -> /c/ap13-dcb/native-msys-crypto-packages-03/work/openssl-doc-stage/usr/share/man/man3/OSSL_ERR_STATE_save.3ssl
install doc/man/man3/OSSL_ESS_check_signing_certs.3 -> /c/ap13-dcb/native-msys-crypto-packages-03/work/openssl-doc-stage/usr/share/man/man3/OSSL_ESS_check_signing_certs.3ssl
install doc/man/man3/OSSL_GENERAL_NAMES_print.3 -> /c/ap13-dcb/native-msys-crypto-packages-03/work/openssl-doc-stage/usr/share/man/man3/OSSL_GENERAL_NAMES_print.3ssl
install doc/man/man3/OSSL_HPKE_CTX_new.3 -> /c/ap13-dcb/native-msys-crypto-packages-03/work/openssl-doc-stage/usr/share/man/man3/OSSL_HPKE_CTX_new.3ssl
install doc/man/man3/OSSL_HTTP_REQ_CTX.3 -> /c/ap13-dcb/native-msys-crypto-packages-03/work/openssl-doc-stage/usr/share/man/man3/OSSL_HTTP_REQ_CTX.3ssl
install doc/man/man3/OSSL_HTTP_parse_url.3 -> /c/ap13-dcb/native-msys-crypto-packages-03/work/openssl-doc-stage/usr/share/man/man3/OSSL_HTTP_parse_url.3ssl
install doc/man/man3/OSSL_HTTP_transfer.3 -> /c/ap13-dcb/native-msys-crypto-packages-03/work/openssl-doc-stage/usr/share/man/man3/OSSL_HTTP_transfer.3ssl
install doc/man/man3/OSSL_IETF_ATTR_SYNTAX.3 -> /c/ap13-dcb/native-msys-crypto-packages-03/work/openssl-doc-stage/usr/share/man/man3/OSSL_IETF_ATTR_SYNTAX.3ssl
install doc/man/man3/OSSL_IETF_ATTR_SYNTAX_print.3 -> /c/ap13-dcb/native-msys-crypto-packages-03/work/openssl-doc-stage/usr/share/man/man3/OSSL_IETF_ATTR_SYNTAX_print.3ssl
install doc/man/man3/OSSL_INDICATOR_set_callback.3 -> /c/ap13-dcb/native-msys-crypto-packages-03/work/openssl-doc-stage/usr/share/man/man3/OSSL_INDICATOR_set_callback.3ssl
install doc/man/man3/OSSL_ITEM.3 -> /c/ap13-dcb/native-msys-crypto-packages-03/work/openssl-doc-stage/usr/share/man/man3/OSSL_ITEM.3ssl
install doc/man/man3/OSSL_LIB_CTX.3 -> /c/ap13-dcb/native-msys-crypto-packages-03/work/openssl-doc-stage/usr/share/man/man3/OSSL_LIB_CTX.3ssl
install doc/man/man3/OSSL_LIB_CTX_set_conf_diagnostics.3 -> /c/ap13-dcb/native-msys-crypto-packages-03/work/openssl-doc-stage/usr/share/man/man3/OSSL_LIB_CTX_set_conf_diagnostics.3ssl
install doc/man/man3/OSSL_PARAM.3 -> /c/ap13-dcb/native-msys-crypto-packages-03/work/openssl-doc-stage/usr/share/man/man3/OSSL_PARAM.3ssl
install doc/man/man3/OSSL_PARAM_BLD.3 -> /c/ap13-dcb/native-msys-crypto-packages-03/work/openssl-doc-stage/usr/share/man/man3/OSSL_PARAM_BLD.3ssl
install doc/man/man3/OSSL_PARAM_allocate_from_text.3 -> /c/ap13-dcb/native-msys-crypto-packages-03/work/openssl-doc-stage/usr/share/man/man3/OSSL_PARAM_allocate_from_text.3ssl
install doc/man/man3/OSSL_PARAM_dup.3 -> /c/ap13-dcb/native-msys-crypto-packages-03/work/openssl-doc-stage/usr/share/man/man3/OSSL_PARAM_dup.3ssl
install doc/man/man3/OSSL_PARAM_int.3 -> /c/ap13-dcb/native-msys-crypto-packages-03/work/openssl-doc-stage/usr/share/man/man3/OSSL_PARAM_int.3ssl
install doc/man/man3/OSSL_PARAM_print_to_bio.3 -> /c/ap13-dcb/native-msys-crypto-packages-03/work/openssl-doc-stage/usr/share/man/man3/OSSL_PARAM_print_to_bio.3ssl
install doc/man/man3/OSSL_PROVIDER.3 -> /c/ap13-dcb/native-msys-crypto-packages-03/work/openssl-doc-stage/usr/share/man/man3/OSSL_PROVIDER.3ssl
install doc/man/man3/OSSL_QUIC_client_method.3 -> /c/ap13-dcb/native-msys-crypto-packages-03/work/openssl-doc-stage/usr/share/man/man3/OSSL_QUIC_client_method.3ssl
install doc/man/man3/OSSL_SELF_TEST_new.3 -> /c/ap13-dcb/native-msys-crypto-packages-03/work/openssl-doc-stage/usr/share/man/man3/OSSL_SELF_TEST_new.3ssl
install doc/man/man3/OSSL_SELF_TEST_set_callback.3 -> /c/ap13-dcb/native-msys-crypto-packages-03/work/openssl-doc-stage/usr/share/man/man3/OSSL_SELF_TEST_set_callback.3ssl
install doc/man/man3/OSSL_STORE_INFO.3 -> /c/ap13-dcb/native-msys-crypto-packages-03/work/openssl-doc-stage/usr/share/man/man3/OSSL_STORE_INFO.3ssl
install doc/man/man3/OSSL_STORE_LOADER.3 -> /c/ap13-dcb/native-msys-crypto-packages-03/work/openssl-doc-stage/usr/share/man/man3/OSSL_STORE_LOADER.3ssl
install doc/man/man3/OSSL_STORE_SEARCH.3 -> /c/ap13-dcb/native-msys-crypto-packages-03/work/openssl-doc-stage/usr/share/man/man3/OSSL_STORE_SEARCH.3ssl
install doc/man/man3/OSSL_STORE_attach.3 -> /c/ap13-dcb/native-msys-crypto-packages-03/work/openssl-doc-stage/usr/share/man/man3/OSSL_STORE_attach.3ssl
install doc/man/man3/OSSL_STORE_expect.3 -> /c/ap13-dcb/native-msys-crypto-packages-03/work/openssl-doc-stage/usr/share/man/man3/OSSL_STORE_expect.3ssl
install doc/man/man3/OSSL_STORE_open.3 -> /c/ap13-dcb/native-msys-crypto-packages-03/work/openssl-doc-stage/usr/share/man/man3/OSSL_STORE_open.3ssl
install doc/man/man3/OSSL_sleep.3 -> /c/ap13-dcb/native-msys-crypto-packages-03/work/openssl-doc-stage/usr/share/man/man3/OSSL_sleep.3ssl
install doc/man/man3/OSSL_trace_enabled.3 -> /c/ap13-dcb/native-msys-crypto-packages-03/work/openssl-doc-stage/usr/share/man/man3/OSSL_trace_enabled.3ssl
install doc/man/man3/OSSL_trace_get_category_num.3 -> /c/ap13-dcb/native-msys-crypto-packages-03/work/openssl-doc-stage/usr/share/man/man3/OSSL_trace_get_category_num.3ssl
install doc/man/man3/OSSL_trace_set_channel.3 -> /c/ap13-dcb/native-msys-crypto-packages-03/work/openssl-doc-stage/usr/share/man/man3/OSSL_trace_set_channel.3ssl
install doc/man/man3/OpenSSL_add_all_algorithms.3 -> /c/ap13-dcb/native-msys-crypto-packages-03/work/openssl-doc-stage/usr/share/man/man3/OpenSSL_add_all_algorithms.3ssl
install doc/man/man3/OpenSSL_version.3 -> /c/ap13-dcb/native-msys-crypto-packages-03/work/openssl-doc-stage/usr/share/man/man3/OpenSSL_version.3ssl
install doc/man/man3/PBMAC1_get1_pbkdf2_param.3 -> /c/ap13-dcb/native-msys-crypto-packages-03/work/openssl-doc-stage/usr/share/man/man3/PBMAC1_get1_pbkdf2_param.3ssl
install doc/man/man3/PEM_X509_INFO_read_bio_ex.3 -> /c/ap13-dcb/native-msys-crypto-packages-03/work/openssl-doc-stage/usr/share/man/man3/PEM_X509_INFO_read_bio_ex.3ssl
install doc/man/man3/PEM_bytes_read_bio.3 -> /c/ap13-dcb/native-msys-crypto-packages-03/work/openssl-doc-stage/usr/share/man/man3/PEM_bytes_read_bio.3ssl
install doc/man/man3/PEM_read.3 -> /c/ap13-dcb/native-msys-crypto-packages-03/work/openssl-doc-stage/usr/share/man/man3/PEM_read.3ssl
install doc/man/man3/PEM_read_CMS.3 -> /c/ap13-dcb/native-msys-crypto-packages-03/work/openssl-doc-stage/usr/share/man/man3/PEM_read_CMS.3ssl
install doc/man/man3/PEM_read_bio_PrivateKey.3 -> /c/ap13-dcb/native-msys-crypto-packages-03/work/openssl-doc-stage/usr/share/man/man3/PEM_read_bio_PrivateKey.3ssl
install doc/man/man3/PEM_read_bio_ex.3 -> /c/ap13-dcb/native-msys-crypto-packages-03/work/openssl-doc-stage/usr/share/man/man3/PEM_read_bio_ex.3ssl
install doc/man/man3/PEM_write_bio_CMS_stream.3 -> /c/ap13-dcb/native-msys-crypto-packages-03/work/openssl-doc-stage/usr/share/man/man3/PEM_write_bio_CMS_stream.3ssl
install doc/man/man3/PEM_write_bio_PKCS7_stream.3 -> /c/ap13-dcb/native-msys-crypto-packages-03/work/openssl-doc-stage/usr/share/man/man3/PEM_write_bio_PKCS7_stream.3ssl
install doc/man/man3/PKCS12_PBE_keyivgen.3 -> /c/ap13-dcb/native-msys-crypto-packages-03/work/openssl-doc-stage/usr/share/man/man3/PKCS12_PBE_keyivgen.3ssl
install doc/man/man3/PKCS12_SAFEBAG_create_cert.3 -> /c/ap13-dcb/native-msys-crypto-packages-03/work/openssl-doc-stage/usr/share/man/man3/PKCS12_SAFEBAG_create_cert.3ssl
install doc/man/man3/PKCS12_SAFEBAG_get0_attrs.3 -> /c/ap13-dcb/native-msys-crypto-packages-03/work/openssl-doc-stage/usr/share/man/man3/PKCS12_SAFEBAG_get0_attrs.3ssl
install doc/man/man3/PKCS12_SAFEBAG_get1_cert.3 -> /c/ap13-dcb/native-msys-crypto-packages-03/work/openssl-doc-stage/usr/share/man/man3/PKCS12_SAFEBAG_get1_cert.3ssl
install doc/man/man3/PKCS12_SAFEBAG_set0_attrs.3 -> /c/ap13-dcb/native-msys-crypto-packages-03/work/openssl-doc-stage/usr/share/man/man3/PKCS12_SAFEBAG_set0_attrs.3ssl
install doc/man/man3/PKCS12_add1_attr_by_NID.3 -> /c/ap13-dcb/native-msys-crypto-packages-03/work/openssl-doc-stage/usr/share/man/man3/PKCS12_add1_attr_by_NID.3ssl
install doc/man/man3/PKCS12_add_CSPName_asc.3 -> /c/ap13-dcb/native-msys-crypto-packages-03/work/openssl-doc-stage/usr/share/man/man3/PKCS12_add_CSPName_asc.3ssl
install doc/man/man3/PKCS12_add_cert.3 -> /c/ap13-dcb/native-msys-crypto-packages-03/work/openssl-doc-stage/usr/share/man/man3/PKCS12_add_cert.3ssl
install doc/man/man3/PKCS12_add_friendlyname_asc.3 -> /c/ap13-dcb/native-msys-crypto-packages-03/work/openssl-doc-stage/usr/share/man/man3/PKCS12_add_friendlyname_asc.3ssl
install doc/man/man3/PKCS12_add_localkeyid.3 -> /c/ap13-dcb/native-msys-crypto-packages-03/work/openssl-doc-stage/usr/share/man/man3/PKCS12_add_localkeyid.3ssl
install doc/man/man3/PKCS12_add_safe.3 -> /c/ap13-dcb/native-msys-crypto-packages-03/work/openssl-doc-stage/usr/share/man/man3/PKCS12_add_safe.3ssl
install doc/man/man3/PKCS12_create.3 -> /c/ap13-dcb/native-msys-crypto-packages-03/work/openssl-doc-stage/usr/share/man/man3/PKCS12_create.3ssl
install doc/man/man3/PKCS12_decrypt_skey.3 -> /c/ap13-dcb/native-msys-crypto-packages-03/work/openssl-doc-stage/usr/share/man/man3/PKCS12_decrypt_skey.3ssl
install doc/man/man3/PKCS12_gen_mac.3 -> /c/ap13-dcb/native-msys-crypto-packages-03/work/openssl-doc-stage/usr/share/man/man3/PKCS12_gen_mac.3ssl
install doc/man/man3/PKCS12_get_friendlyname.3 -> /c/ap13-dcb/native-msys-crypto-packages-03/work/openssl-doc-stage/usr/share/man/man3/PKCS12_get_friendlyname.3ssl
install doc/man/man3/PKCS12_init.3 -> /c/ap13-dcb/native-msys-crypto-packages-03/work/openssl-doc-stage/usr/share/man/man3/PKCS12_init.3ssl
install doc/man/man3/PKCS12_item_decrypt_d2i.3 -> /c/ap13-dcb/native-msys-crypto-packages-03/work/openssl-doc-stage/usr/share/man/man3/PKCS12_item_decrypt_d2i.3ssl
install doc/man/man3/PKCS12_key_gen_utf8_ex.3 -> /c/ap13-dcb/native-msys-crypto-packages-03/work/openssl-doc-stage/usr/share/man/man3/PKCS12_key_gen_utf8_ex.3ssl
install doc/man/man3/PKCS12_newpass.3 -> /c/ap13-dcb/native-msys-crypto-packages-03/work/openssl-doc-stage/usr/share/man/man3/PKCS12_newpass.3ssl
install doc/man/man3/PKCS12_pack_p7encdata.3 -> /c/ap13-dcb/native-msys-crypto-packages-03/work/openssl-doc-stage/usr/share/man/man3/PKCS12_pack_p7encdata.3ssl
install doc/man/man3/PKCS12_parse.3 -> /c/ap13-dcb/native-msys-crypto-packages-03/work/openssl-doc-stage/usr/share/man/man3/PKCS12_parse.3ssl
install doc/man/man3/PKCS5_PBE_keyivgen.3 -> /c/ap13-dcb/native-msys-crypto-packages-03/work/openssl-doc-stage/usr/share/man/man3/PKCS5_PBE_keyivgen.3ssl
install doc/man/man3/PKCS5_PBKDF2_HMAC.3 -> /c/ap13-dcb/native-msys-crypto-packages-03/work/openssl-doc-stage/usr/share/man/man3/PKCS5_PBKDF2_HMAC.3ssl
install doc/man/man3/PKCS7_decrypt.3 -> /c/ap13-dcb/native-msys-crypto-packages-03/work/openssl-doc-stage/usr/share/man/man3/PKCS7_decrypt.3ssl
install doc/man/man3/PKCS7_encrypt.3 -> /c/ap13-dcb/native-msys-crypto-packages-03/work/openssl-doc-stage/usr/share/man/man3/PKCS7_encrypt.3ssl
install doc/man/man3/PKCS7_get_octet_string.3 -> /c/ap13-dcb/native-msys-crypto-packages-03/work/openssl-doc-stage/usr/share/man/man3/PKCS7_get_octet_string.3ssl
install doc/man/man3/PKCS7_sign.3 -> /c/ap13-dcb/native-msys-crypto-packages-03/work/openssl-doc-stage/usr/share/man/man3/PKCS7_sign.3ssl
install doc/man/man3/PKCS7_sign_add_signer.3 -> /c/ap13-dcb/native-msys-crypto-packages-03/work/openssl-doc-stage/usr/share/man/man3/PKCS7_sign_add_signer.3ssl
install doc/man/man3/PKCS7_type_is_other.3 -> /c/ap13-dcb/native-msys-crypto-packages-03/work/openssl-doc-stage/usr/share/man/man3/PKCS7_type_is_other.3ssl
install doc/man/man3/PKCS7_verify.3 -> /c/ap13-dcb/native-msys-crypto-packages-03/work/openssl-doc-stage/usr/share/man/man3/PKCS7_verify.3ssl
install doc/man/man3/PKCS8_encrypt.3 -> /c/ap13-dcb/native-msys-crypto-packages-03/work/openssl-doc-stage/usr/share/man/man3/PKCS8_encrypt.3ssl
install doc/man/man3/PKCS8_pkey_add1_attr.3 -> /c/ap13-dcb/native-msys-crypto-packages-03/work/openssl-doc-stage/usr/share/man/man3/PKCS8_pkey_add1_attr.3ssl
install doc/man/man3/RAND_add.3 -> /c/ap13-dcb/native-msys-crypto-packages-03/work/openssl-doc-stage/usr/share/man/man3/RAND_add.3ssl
install doc/man/man3/RAND_bytes.3 -> /c/ap13-dcb/native-msys-crypto-packages-03/work/openssl-doc-stage/usr/share/man/man3/RAND_bytes.3ssl
install doc/man/man3/RAND_cleanup.3 -> /c/ap13-dcb/native-msys-crypto-packages-03/work/openssl-doc-stage/usr/share/man/man3/RAND_cleanup.3ssl
install doc/man/man3/RAND_egd.3 -> /c/ap13-dcb/native-msys-crypto-packages-03/work/openssl-doc-stage/usr/share/man/man3/RAND_egd.3ssl
install doc/man/man3/RAND_get0_primary.3 -> /c/ap13-dcb/native-msys-crypto-packages-03/work/openssl-doc-stage/usr/share/man/man3/RAND_get0_primary.3ssl
install doc/man/man3/RAND_load_file.3 -> /c/ap13-dcb/native-msys-crypto-packages-03/work/openssl-doc-stage/usr/share/man/man3/RAND_load_file.3ssl
install doc/man/man3/RAND_set_DRBG_type.3 -> /c/ap13-dcb/native-msys-crypto-packages-03/work/openssl-doc-stage/usr/share/man/man3/RAND_set_DRBG_type.3ssl
install doc/man/man3/RAND_set_rand_method.3 -> /c/ap13-dcb/native-msys-crypto-packages-03/work/openssl-doc-stage/usr/share/man/man3/RAND_set_rand_method.3ssl
install doc/man/man3/RC4_set_key.3 -> /c/ap13-dcb/native-msys-crypto-packages-03/work/openssl-doc-stage/usr/share/man/man3/RC4_set_key.3ssl
install doc/man/man3/RIPEMD160_Init.3 -> /c/ap13-dcb/native-msys-crypto-packages-03/work/openssl-doc-stage/usr/share/man/man3/RIPEMD160_Init.3ssl
install doc/man/man3/RSA_blinding_on.3 -> /c/ap13-dcb/native-msys-crypto-packages-03/work/openssl-doc-stage/usr/share/man/man3/RSA_blinding_on.3ssl
install doc/man/man3/RSA_check_key.3 -> /c/ap13-dcb/native-msys-crypto-packages-03/work/openssl-doc-stage/usr/share/man/man3/RSA_check_key.3ssl
install doc/man/man3/RSA_generate_key.3 -> /c/ap13-dcb/native-msys-crypto-packages-03/work/openssl-doc-stage/usr/share/man/man3/RSA_generate_key.3ssl
install doc/man/man3/RSA_get0_key.3 -> /c/ap13-dcb/native-msys-crypto-packages-03/work/openssl-doc-stage/usr/share/man/man3/RSA_get0_key.3ssl
install doc/man/man3/RSA_meth_new.3 -> /c/ap13-dcb/native-msys-crypto-packages-03/work/openssl-doc-stage/usr/share/man/man3/RSA_meth_new.3ssl
install doc/man/man3/RSA_new.3 -> /c/ap13-dcb/native-msys-crypto-packages-03/work/openssl-doc-stage/usr/share/man/man3/RSA_new.3ssl
install doc/man/man3/RSA_padding_add_PKCS1_type_1.3 -> /c/ap13-dcb/native-msys-crypto-packages-03/work/openssl-doc-stage/usr/share/man/man3/RSA_padding_add_PKCS1_type_1.3ssl
install doc/man/man3/RSA_print.3 -> /c/ap13-dcb/native-msys-crypto-packages-03/work/openssl-doc-stage/usr/share/man/man3/RSA_print.3ssl
install doc/man/man3/RSA_private_encrypt.3 -> /c/ap13-dcb/native-msys-crypto-packages-03/work/openssl-doc-stage/usr/share/man/man3/RSA_private_encrypt.3ssl
install doc/man/man3/RSA_public_encrypt.3 -> /c/ap13-dcb/native-msys-crypto-packages-03/work/openssl-doc-stage/usr/share/man/man3/RSA_public_encrypt.3ssl
install doc/man/man3/RSA_set_method.3 -> /c/ap13-dcb/native-msys-crypto-packages-03/work/openssl-doc-stage/usr/share/man/man3/RSA_set_method.3ssl
install doc/man/man3/RSA_sign.3 -> /c/ap13-dcb/native-msys-crypto-packages-03/work/openssl-doc-stage/usr/share/man/man3/RSA_sign.3ssl
install doc/man/man3/RSA_sign_ASN1_OCTET_STRING.3 -> /c/ap13-dcb/native-msys-crypto-packages-03/work/openssl-doc-stage/usr/share/man/man3/RSA_sign_ASN1_OCTET_STRING.3ssl
install doc/man/man3/RSA_size.3 -> /c/ap13-dcb/native-msys-crypto-packages-03/work/openssl-doc-stage/usr/share/man/man3/RSA_size.3ssl
install doc/man/man3/SCT_new.3 -> /c/ap13-dcb/native-msys-crypto-packages-03/work/openssl-doc-stage/usr/share/man/man3/SCT_new.3ssl
install doc/man/man3/SCT_print.3 -> /c/ap13-dcb/native-msys-crypto-packages-03/work/openssl-doc-stage/usr/share/man/man3/SCT_print.3ssl
install doc/man/man3/SCT_validate.3 -> /c/ap13-dcb/native-msys-crypto-packages-03/work/openssl-doc-stage/usr/share/man/man3/SCT_validate.3ssl
install doc/man/man3/SHA256_Init.3 -> /c/ap13-dcb/native-msys-crypto-packages-03/work/openssl-doc-stage/usr/share/man/man3/SHA256_Init.3ssl
install doc/man/man3/SMIME_read_ASN1.3 -> /c/ap13-dcb/native-msys-crypto-packages-03/work/openssl-doc-stage/usr/share/man/man3/SMIME_read_ASN1.3ssl
install doc/man/man3/SMIME_read_CMS.3 -> /c/ap13-dcb/native-msys-crypto-packages-03/work/openssl-doc-stage/usr/share/man/man3/SMIME_read_CMS.3ssl
install doc/man/man3/SMIME_read_PKCS7.3 -> /c/ap13-dcb/native-msys-crypto-packages-03/work/openssl-doc-stage/usr/share/man/man3/SMIME_read_PKCS7.3ssl
install doc/man/man3/SMIME_write_ASN1.3 -> /c/ap13-dcb/native-msys-crypto-packages-03/work/openssl-doc-stage/usr/share/man/man3/SMIME_write_ASN1.3ssl
install doc/man/man3/SMIME_write_CMS.3 -> /c/ap13-dcb/native-msys-crypto-packages-03/work/openssl-doc-stage/usr/share/man/man3/SMIME_write_CMS.3ssl
install doc/man/man3/SMIME_write_PKCS7.3 -> /c/ap13-dcb/native-msys-crypto-packages-03/work/openssl-doc-stage/usr/share/man/man3/SMIME_write_PKCS7.3ssl
install doc/man/man3/SRP_Calc_B.3 -> /c/ap13-dcb/native-msys-crypto-packages-03/work/openssl-doc-stage/usr/share/man/man3/SRP_Calc_B.3ssl
install doc/man/man3/SRP_VBASE_new.3 -> /c/ap13-dcb/native-msys-crypto-packages-03/work/openssl-doc-stage/usr/share/man/man3/SRP_VBASE_new.3ssl
install doc/man/man3/SRP_create_verifier.3 -> /c/ap13-dcb/native-msys-crypto-packages-03/work/openssl-doc-stage/usr/share/man/man3/SRP_create_verifier.3ssl
install doc/man/man3/SRP_user_pwd_new.3 -> /c/ap13-dcb/native-msys-crypto-packages-03/work/openssl-doc-stage/usr/share/man/man3/SRP_user_pwd_new.3ssl
install doc/man/man3/SSL_CIPHER_get_name.3 -> /c/ap13-dcb/native-msys-crypto-packages-03/work/openssl-doc-stage/usr/share/man/man3/SSL_CIPHER_get_name.3ssl
install doc/man/man3/SSL_COMP_add_compression_method.3 -> /c/ap13-dcb/native-msys-crypto-packages-03/work/openssl-doc-stage/usr/share/man/man3/SSL_COMP_add_compression_method.3ssl
install doc/man/man3/SSL_CONF_CTX_new.3 -> /c/ap13-dcb/native-msys-crypto-packages-03/work/openssl-doc-stage/usr/share/man/man3/SSL_CONF_CTX_new.3ssl
install doc/man/man3/SSL_CONF_CTX_set1_prefix.3 -> /c/ap13-dcb/native-msys-crypto-packages-03/work/openssl-doc-stage/usr/share/man/man3/SSL_CONF_CTX_set1_prefix.3ssl
install doc/man/man3/SSL_CONF_CTX_set_flags.3 -> /c/ap13-dcb/native-msys-crypto-packages-03/work/openssl-doc-stage/usr/share/man/man3/SSL_CONF_CTX_set_flags.3ssl
install doc/man/man3/SSL_CONF_CTX_set_ssl_ctx.3 -> /c/ap13-dcb/native-msys-crypto-packages-03/work/openssl-doc-stage/usr/share/man/man3/SSL_CONF_CTX_set_ssl_ctx.3ssl
install doc/man/man3/SSL_CONF_cmd.3 -> /c/ap13-dcb/native-msys-crypto-packages-03/work/openssl-doc-stage/usr/share/man/man3/SSL_CONF_cmd.3ssl
install doc/man/man3/SSL_CONF_cmd_argv.3 -> /c/ap13-dcb/native-msys-crypto-packages-03/work/openssl-doc-stage/usr/share/man/man3/SSL_CONF_cmd_argv.3ssl
install doc/man/man3/SSL_CTX_add1_chain_cert.3 -> /c/ap13-dcb/native-msys-crypto-packages-03/work/openssl-doc-stage/usr/share/man/man3/SSL_CTX_add1_chain_cert.3ssl
install doc/man/man3/SSL_CTX_add_extra_chain_cert.3 -> /c/ap13-dcb/native-msys-crypto-packages-03/work/openssl-doc-stage/usr/share/man/man3/SSL_CTX_add_extra_chain_cert.3ssl
install doc/man/man3/SSL_CTX_add_session.3 -> /c/ap13-dcb/native-msys-crypto-packages-03/work/openssl-doc-stage/usr/share/man/man3/SSL_CTX_add_session.3ssl
install doc/man/man3/SSL_CTX_config.3 -> /c/ap13-dcb/native-msys-crypto-packages-03/work/openssl-doc-stage/usr/share/man/man3/SSL_CTX_config.3ssl
install doc/man/man3/SSL_CTX_ctrl.3 -> /c/ap13-dcb/native-msys-crypto-packages-03/work/openssl-doc-stage/usr/share/man/man3/SSL_CTX_ctrl.3ssl
install doc/man/man3/SSL_CTX_dane_enable.3 -> /c/ap13-dcb/native-msys-crypto-packages-03/work/openssl-doc-stage/usr/share/man/man3/SSL_CTX_dane_enable.3ssl
install doc/man/man3/SSL_CTX_flush_sessions.3 -> /c/ap13-dcb/native-msys-crypto-packages-03/work/openssl-doc-stage/usr/share/man/man3/SSL_CTX_flush_sessions.3ssl
install doc/man/man3/SSL_CTX_free.3 -> /c/ap13-dcb/native-msys-crypto-packages-03/work/openssl-doc-stage/usr/share/man/man3/SSL_CTX_free.3ssl
install doc/man/man3/SSL_CTX_get0_param.3 -> /c/ap13-dcb/native-msys-crypto-packages-03/work/openssl-doc-stage/usr/share/man/man3/SSL_CTX_get0_param.3ssl
install doc/man/man3/SSL_CTX_get_verify_mode.3 -> /c/ap13-dcb/native-msys-crypto-packages-03/work/openssl-doc-stage/usr/share/man/man3/SSL_CTX_get_verify_mode.3ssl
install doc/man/man3/SSL_CTX_has_client_custom_ext.3 -> /c/ap13-dcb/native-msys-crypto-packages-03/work/openssl-doc-stage/usr/share/man/man3/SSL_CTX_has_client_custom_ext.3ssl
install doc/man/man3/SSL_CTX_load_verify_locations.3 -> /c/ap13-dcb/native-msys-crypto-packages-03/work/openssl-doc-stage/usr/share/man/man3/SSL_CTX_load_verify_locations.3ssl
install doc/man/man3/SSL_CTX_new.3 -> /c/ap13-dcb/native-msys-crypto-packages-03/work/openssl-doc-stage/usr/share/man/man3/SSL_CTX_new.3ssl
install doc/man/man3/SSL_CTX_sess_number.3 -> /c/ap13-dcb/native-msys-crypto-packages-03/work/openssl-doc-stage/usr/share/man/man3/SSL_CTX_sess_number.3ssl
install doc/man/man3/SSL_CTX_sess_set_cache_size.3 -> /c/ap13-dcb/native-msys-crypto-packages-03/work/openssl-doc-stage/usr/share/man/man3/SSL_CTX_sess_set_cache_size.3ssl
install doc/man/man3/SSL_CTX_sess_set_get_cb.3 -> /c/ap13-dcb/native-msys-crypto-packages-03/work/openssl-doc-stage/usr/share/man/man3/SSL_CTX_sess_set_get_cb.3ssl
install doc/man/man3/SSL_CTX_sessions.3 -> /c/ap13-dcb/native-msys-crypto-packages-03/work/openssl-doc-stage/usr/share/man/man3/SSL_CTX_sessions.3ssl
install doc/man/man3/SSL_CTX_set0_CA_list.3 -> /c/ap13-dcb/native-msys-crypto-packages-03/work/openssl-doc-stage/usr/share/man/man3/SSL_CTX_set0_CA_list.3ssl
install doc/man/man3/SSL_CTX_set1_cert_comp_preference.3 -> /c/ap13-dcb/native-msys-crypto-packages-03/work/openssl-doc-stage/usr/share/man/man3/SSL_CTX_set1_cert_comp_preference.3ssl
install doc/man/man3/SSL_CTX_set1_curves.3 -> /c/ap13-dcb/native-msys-crypto-packages-03/work/openssl-doc-stage/usr/share/man/man3/SSL_CTX_set1_curves.3ssl
install doc/man/man3/SSL_CTX_set1_sigalgs.3 -> /c/ap13-dcb/native-msys-crypto-packages-03/work/openssl-doc-stage/usr/share/man/man3/SSL_CTX_set1_sigalgs.3ssl
install doc/man/man3/SSL_CTX_set1_verify_cert_store.3 -> /c/ap13-dcb/native-msys-crypto-packages-03/work/openssl-doc-stage/usr/share/man/man3/SSL_CTX_set1_verify_cert_store.3ssl
install doc/man/man3/SSL_CTX_set_alpn_select_cb.3 -> /c/ap13-dcb/native-msys-crypto-packages-03/work/openssl-doc-stage/usr/share/man/man3/SSL_CTX_set_alpn_select_cb.3ssl
install doc/man/man3/SSL_CTX_set_cert_cb.3 -> /c/ap13-dcb/native-msys-crypto-packages-03/work/openssl-doc-stage/usr/share/man/man3/SSL_CTX_set_cert_cb.3ssl
install doc/man/man3/SSL_CTX_set_cert_store.3 -> /c/ap13-dcb/native-msys-crypto-packages-03/work/openssl-doc-stage/usr/share/man/man3/SSL_CTX_set_cert_store.3ssl
install doc/man/man3/SSL_CTX_set_cert_verify_callback.3 -> /c/ap13-dcb/native-msys-crypto-packages-03/work/openssl-doc-stage/usr/share/man/man3/SSL_CTX_set_cert_verify_callback.3ssl
install doc/man/man3/SSL_CTX_set_cipher_list.3 -> /c/ap13-dcb/native-msys-crypto-packages-03/work/openssl-doc-stage/usr/share/man/man3/SSL_CTX_set_cipher_list.3ssl
install doc/man/man3/SSL_CTX_set_client_cert_cb.3 -> /c/ap13-dcb/native-msys-crypto-packages-03/work/openssl-doc-stage/usr/share/man/man3/SSL_CTX_set_client_cert_cb.3ssl
install doc/man/man3/SSL_CTX_set_client_hello_cb.3 -> /c/ap13-dcb/native-msys-crypto-packages-03/work/openssl-doc-stage/usr/share/man/man3/SSL_CTX_set_client_hello_cb.3ssl
install doc/man/man3/SSL_CTX_set_ct_validation_callback.3 -> /c/ap13-dcb/native-msys-crypto-packages-03/work/openssl-doc-stage/usr/share/man/man3/SSL_CTX_set_ct_validation_callback.3ssl
install doc/man/man3/SSL_CTX_set_ctlog_list_file.3 -> /c/ap13-dcb/native-msys-crypto-packages-03/work/openssl-doc-stage/usr/share/man/man3/SSL_CTX_set_ctlog_list_file.3ssl
install doc/man/man3/SSL_CTX_set_default_passwd_cb.3 -> /c/ap13-dcb/native-msys-crypto-packages-03/work/openssl-doc-stage/usr/share/man/man3/SSL_CTX_set_default_passwd_cb.3ssl
install doc/man/man3/SSL_CTX_set_domain_flags.3 -> /c/ap13-dcb/native-msys-crypto-packages-03/work/openssl-doc-stage/usr/share/man/man3/SSL_CTX_set_domain_flags.3ssl
install doc/man/man3/SSL_CTX_set_generate_session_id.3 -> /c/ap13-dcb/native-msys-crypto-packages-03/work/openssl-doc-stage/usr/share/man/man3/SSL_CTX_set_generate_session_id.3ssl
install doc/man/man3/SSL_CTX_set_info_callback.3 -> /c/ap13-dcb/native-msys-crypto-packages-03/work/openssl-doc-stage/usr/share/man/man3/SSL_CTX_set_info_callback.3ssl
install doc/man/man3/SSL_CTX_set_keylog_callback.3 -> /c/ap13-dcb/native-msys-crypto-packages-03/work/openssl-doc-stage/usr/share/man/man3/SSL_CTX_set_keylog_callback.3ssl
install doc/man/man3/SSL_CTX_set_max_cert_list.3 -> /c/ap13-dcb/native-msys-crypto-packages-03/work/openssl-doc-stage/usr/share/man/man3/SSL_CTX_set_max_cert_list.3ssl
install doc/man/man3/SSL_CTX_set_min_proto_version.3 -> /c/ap13-dcb/native-msys-crypto-packages-03/work/openssl-doc-stage/usr/share/man/man3/SSL_CTX_set_min_proto_version.3ssl
install doc/man/man3/SSL_CTX_set_mode.3 -> /c/ap13-dcb/native-msys-crypto-packages-03/work/openssl-doc-stage/usr/share/man/man3/SSL_CTX_set_mode.3ssl
install doc/man/man3/SSL_CTX_set_msg_callback.3 -> /c/ap13-dcb/native-msys-crypto-packages-03/work/openssl-doc-stage/usr/share/man/man3/SSL_CTX_set_msg_callback.3ssl
install doc/man/man3/SSL_CTX_set_new_pending_conn_cb.3 -> /c/ap13-dcb/native-msys-crypto-packages-03/work/openssl-doc-stage/usr/share/man/man3/SSL_CTX_set_new_pending_conn_cb.3ssl
install doc/man/man3/SSL_CTX_set_num_tickets.3 -> /c/ap13-dcb/native-msys-crypto-packages-03/work/openssl-doc-stage/usr/share/man/man3/SSL_CTX_set_num_tickets.3ssl
install doc/man/man3/SSL_CTX_set_options.3 -> /c/ap13-dcb/native-msys-crypto-packages-03/work/openssl-doc-stage/usr/share/man/man3/SSL_CTX_set_options.3ssl
install doc/man/man3/SSL_CTX_set_psk_client_callback.3 -> /c/ap13-dcb/native-msys-crypto-packages-03/work/openssl-doc-stage/usr/share/man/man3/SSL_CTX_set_psk_client_callback.3ssl
install doc/man/man3/SSL_CTX_set_quiet_shutdown.3 -> /c/ap13-dcb/native-msys-crypto-packages-03/work/openssl-doc-stage/usr/share/man/man3/SSL_CTX_set_quiet_shutdown.3ssl
install doc/man/man3/SSL_CTX_set_read_ahead.3 -> /c/ap13-dcb/native-msys-crypto-packages-03/work/openssl-doc-stage/usr/share/man/man3/SSL_CTX_set_read_ahead.3ssl
install doc/man/man3/SSL_CTX_set_record_padding_callback.3 -> /c/ap13-dcb/native-msys-crypto-packages-03/work/openssl-doc-stage/usr/share/man/man3/SSL_CTX_set_record_padding_callback.3ssl
install doc/man/man3/SSL_CTX_set_security_level.3 -> /c/ap13-dcb/native-msys-crypto-packages-03/work/openssl-doc-stage/usr/share/man/man3/SSL_CTX_set_security_level.3ssl
install doc/man/man3/SSL_CTX_set_session_cache_mode.3 -> /c/ap13-dcb/native-msys-crypto-packages-03/work/openssl-doc-stage/usr/share/man/man3/SSL_CTX_set_session_cache_mode.3ssl
install doc/man/man3/SSL_CTX_set_session_id_context.3 -> /c/ap13-dcb/native-msys-crypto-packages-03/work/openssl-doc-stage/usr/share/man/man3/SSL_CTX_set_session_id_context.3ssl
install doc/man/man3/SSL_CTX_set_session_ticket_cb.3 -> /c/ap13-dcb/native-msys-crypto-packages-03/work/openssl-doc-stage/usr/share/man/man3/SSL_CTX_set_session_ticket_cb.3ssl
install doc/man/man3/SSL_CTX_set_split_send_fragment.3 -> /c/ap13-dcb/native-msys-crypto-packages-03/work/openssl-doc-stage/usr/share/man/man3/SSL_CTX_set_split_send_fragment.3ssl
install doc/man/man3/SSL_CTX_set_srp_password.3 -> /c/ap13-dcb/native-msys-crypto-packages-03/work/openssl-doc-stage/usr/share/man/man3/SSL_CTX_set_srp_password.3ssl
install doc/man/man3/SSL_CTX_set_ssl_version.3 -> /c/ap13-dcb/native-msys-crypto-packages-03/work/openssl-doc-stage/usr/share/man/man3/SSL_CTX_set_ssl_version.3ssl
install doc/man/man3/SSL_CTX_set_stateless_cookie_generate_cb.3 -> /c/ap13-dcb/native-msys-crypto-packages-03/work/openssl-doc-stage/usr/share/man/man3/SSL_CTX_set_stateless_cookie_generate_cb.3ssl
install doc/man/man3/SSL_CTX_set_timeout.3 -> /c/ap13-dcb/native-msys-crypto-packages-03/work/openssl-doc-stage/usr/share/man/man3/SSL_CTX_set_timeout.3ssl
install doc/man/man3/SSL_CTX_set_tlsext_servername_callback.3 -> /c/ap13-dcb/native-msys-crypto-packages-03/work/openssl-doc-stage/usr/share/man/man3/SSL_CTX_set_tlsext_servername_callback.3ssl
install doc/man/man3/SSL_CTX_set_tlsext_status_cb.3 -> /c/ap13-dcb/native-msys-crypto-packages-03/work/openssl-doc-stage/usr/share/man/man3/SSL_CTX_set_tlsext_status_cb.3ssl
install doc/man/man3/SSL_CTX_set_tlsext_ticket_key_cb.3 -> /c/ap13-dcb/native-msys-crypto-packages-03/work/openssl-doc-stage/usr/share/man/man3/SSL_CTX_set_tlsext_ticket_key_cb.3ssl
install doc/man/man3/SSL_CTX_set_tlsext_use_srtp.3 -> /c/ap13-dcb/native-msys-crypto-packages-03/work/openssl-doc-stage/usr/share/man/man3/SSL_CTX_set_tlsext_use_srtp.3ssl
install doc/man/man3/SSL_CTX_set_tmp_dh_callback.3 -> /c/ap13-dcb/native-msys-crypto-packages-03/work/openssl-doc-stage/usr/share/man/man3/SSL_CTX_set_tmp_dh_callback.3ssl
install doc/man/man3/SSL_CTX_set_tmp_ecdh.3 -> /c/ap13-dcb/native-msys-crypto-packages-03/work/openssl-doc-stage/usr/share/man/man3/SSL_CTX_set_tmp_ecdh.3ssl
install doc/man/man3/SSL_CTX_set_verify.3 -> /c/ap13-dcb/native-msys-crypto-packages-03/work/openssl-doc-stage/usr/share/man/man3/SSL_CTX_set_verify.3ssl
install doc/man/man3/SSL_CTX_use_certificate.3 -> /c/ap13-dcb/native-msys-crypto-packages-03/work/openssl-doc-stage/usr/share/man/man3/SSL_CTX_use_certificate.3ssl
install doc/man/man3/SSL_CTX_use_psk_identity_hint.3 -> /c/ap13-dcb/native-msys-crypto-packages-03/work/openssl-doc-stage/usr/share/man/man3/SSL_CTX_use_psk_identity_hint.3ssl
install doc/man/man3/SSL_CTX_use_serverinfo.3 -> /c/ap13-dcb/native-msys-crypto-packages-03/work/openssl-doc-stage/usr/share/man/man3/SSL_CTX_use_serverinfo.3ssl
install doc/man/man3/SSL_SESSION_free.3 -> /c/ap13-dcb/native-msys-crypto-packages-03/work/openssl-doc-stage/usr/share/man/man3/SSL_SESSION_free.3ssl
install doc/man/man3/SSL_SESSION_get0_cipher.3 -> /c/ap13-dcb/native-msys-crypto-packages-03/work/openssl-doc-stage/usr/share/man/man3/SSL_SESSION_get0_cipher.3ssl
install doc/man/man3/SSL_SESSION_get0_hostname.3 -> /c/ap13-dcb/native-msys-crypto-packages-03/work/openssl-doc-stage/usr/share/man/man3/SSL_SESSION_get0_hostname.3ssl
install doc/man/man3/SSL_SESSION_get0_id_context.3 -> /c/ap13-dcb/native-msys-crypto-packages-03/work/openssl-doc-stage/usr/share/man/man3/SSL_SESSION_get0_id_context.3ssl
install doc/man/man3/SSL_SESSION_get0_peer.3 -> /c/ap13-dcb/native-msys-crypto-packages-03/work/openssl-doc-stage/usr/share/man/man3/SSL_SESSION_get0_peer.3ssl
install doc/man/man3/SSL_SESSION_get_compress_id.3 -> /c/ap13-dcb/native-msys-crypto-packages-03/work/openssl-doc-stage/usr/share/man/man3/SSL_SESSION_get_compress_id.3ssl
install doc/man/man3/SSL_SESSION_get_protocol_version.3 -> /c/ap13-dcb/native-msys-crypto-packages-03/work/openssl-doc-stage/usr/share/man/man3/SSL_SESSION_get_protocol_version.3ssl
install doc/man/man3/SSL_SESSION_get_time.3 -> /c/ap13-dcb/native-msys-crypto-packages-03/work/openssl-doc-stage/usr/share/man/man3/SSL_SESSION_get_time.3ssl
install doc/man/man3/SSL_SESSION_has_ticket.3 -> /c/ap13-dcb/native-msys-crypto-packages-03/work/openssl-doc-stage/usr/share/man/man3/SSL_SESSION_has_ticket.3ssl
install doc/man/man3/SSL_SESSION_is_resumable.3 -> /c/ap13-dcb/native-msys-crypto-packages-03/work/openssl-doc-stage/usr/share/man/man3/SSL_SESSION_is_resumable.3ssl
install doc/man/man3/SSL_SESSION_print.3 -> /c/ap13-dcb/native-msys-crypto-packages-03/work/openssl-doc-stage/usr/share/man/man3/SSL_SESSION_print.3ssl
install doc/man/man3/SSL_SESSION_set1_id.3 -> /c/ap13-dcb/native-msys-crypto-packages-03/work/openssl-doc-stage/usr/share/man/man3/SSL_SESSION_set1_id.3ssl
install doc/man/man3/SSL_accept.3 -> /c/ap13-dcb/native-msys-crypto-packages-03/work/openssl-doc-stage/usr/share/man/man3/SSL_accept.3ssl
install doc/man/man3/SSL_accept_stream.3 -> /c/ap13-dcb/native-msys-crypto-packages-03/work/openssl-doc-stage/usr/share/man/man3/SSL_accept_stream.3ssl
install doc/man/man3/SSL_alert_type_string.3 -> /c/ap13-dcb/native-msys-crypto-packages-03/work/openssl-doc-stage/usr/share/man/man3/SSL_alert_type_string.3ssl
install doc/man/man3/SSL_alloc_buffers.3 -> /c/ap13-dcb/native-msys-crypto-packages-03/work/openssl-doc-stage/usr/share/man/man3/SSL_alloc_buffers.3ssl
install doc/man/man3/SSL_check_chain.3 -> /c/ap13-dcb/native-msys-crypto-packages-03/work/openssl-doc-stage/usr/share/man/man3/SSL_check_chain.3ssl
install doc/man/man3/SSL_clear.3 -> /c/ap13-dcb/native-msys-crypto-packages-03/work/openssl-doc-stage/usr/share/man/man3/SSL_clear.3ssl
install doc/man/man3/SSL_connect.3 -> /c/ap13-dcb/native-msys-crypto-packages-03/work/openssl-doc-stage/usr/share/man/man3/SSL_connect.3ssl
install doc/man/man3/SSL_do_handshake.3 -> /c/ap13-dcb/native-msys-crypto-packages-03/work/openssl-doc-stage/usr/share/man/man3/SSL_do_handshake.3ssl
install doc/man/man3/SSL_export_keying_material.3 -> /c/ap13-dcb/native-msys-crypto-packages-03/work/openssl-doc-stage/usr/share/man/man3/SSL_export_keying_material.3ssl
install doc/man/man3/SSL_extension_supported.3 -> /c/ap13-dcb/native-msys-crypto-packages-03/work/openssl-doc-stage/usr/share/man/man3/SSL_extension_supported.3ssl
install doc/man/man3/SSL_free.3 -> /c/ap13-dcb/native-msys-crypto-packages-03/work/openssl-doc-stage/usr/share/man/man3/SSL_free.3ssl
install doc/man/man3/SSL_get0_connection.3 -> /c/ap13-dcb/native-msys-crypto-packages-03/work/openssl-doc-stage/usr/share/man/man3/SSL_get0_connection.3ssl
install doc/man/man3/SSL_get0_group_name.3 -> /c/ap13-dcb/native-msys-crypto-packages-03/work/openssl-doc-stage/usr/share/man/man3/SSL_get0_group_name.3ssl
install doc/man/man3/SSL_get0_peer_rpk.3 -> /c/ap13-dcb/native-msys-crypto-packages-03/work/openssl-doc-stage/usr/share/man/man3/SSL_get0_peer_rpk.3ssl
install doc/man/man3/SSL_get0_peer_scts.3 -> /c/ap13-dcb/native-msys-crypto-packages-03/work/openssl-doc-stage/usr/share/man/man3/SSL_get0_peer_scts.3ssl
install doc/man/man3/SSL_get1_builtin_sigalgs.3 -> /c/ap13-dcb/native-msys-crypto-packages-03/work/openssl-doc-stage/usr/share/man/man3/SSL_get1_builtin_sigalgs.3ssl
install doc/man/man3/SSL_get_SSL_CTX.3 -> /c/ap13-dcb/native-msys-crypto-packages-03/work/openssl-doc-stage/usr/share/man/man3/SSL_get_SSL_CTX.3ssl
install doc/man/man3/SSL_get_all_async_fds.3 -> /c/ap13-dcb/native-msys-crypto-packages-03/work/openssl-doc-stage/usr/share/man/man3/SSL_get_all_async_fds.3ssl
install doc/man/man3/SSL_get_certificate.3 -> /c/ap13-dcb/native-msys-crypto-packages-03/work/openssl-doc-stage/usr/share/man/man3/SSL_get_certificate.3ssl
install doc/man/man3/SSL_get_ciphers.3 -> /c/ap13-dcb/native-msys-crypto-packages-03/work/openssl-doc-stage/usr/share/man/man3/SSL_get_ciphers.3ssl
install doc/man/man3/SSL_get_client_random.3 -> /c/ap13-dcb/native-msys-crypto-packages-03/work/openssl-doc-stage/usr/share/man/man3/SSL_get_client_random.3ssl
install doc/man/man3/SSL_get_conn_close_info.3 -> /c/ap13-dcb/native-msys-crypto-packages-03/work/openssl-doc-stage/usr/share/man/man3/SSL_get_conn_close_info.3ssl
install doc/man/man3/SSL_get_current_cipher.3 -> /c/ap13-dcb/native-msys-crypto-packages-03/work/openssl-doc-stage/usr/share/man/man3/SSL_get_current_cipher.3ssl
install doc/man/man3/SSL_get_default_timeout.3 -> /c/ap13-dcb/native-msys-crypto-packages-03/work/openssl-doc-stage/usr/share/man/man3/SSL_get_default_timeout.3ssl
install doc/man/man3/SSL_get_error.3 -> /c/ap13-dcb/native-msys-crypto-packages-03/work/openssl-doc-stage/usr/share/man/man3/SSL_get_error.3ssl
install doc/man/man3/SSL_get_event_timeout.3 -> /c/ap13-dcb/native-msys-crypto-packages-03/work/openssl-doc-stage/usr/share/man/man3/SSL_get_event_timeout.3ssl
install doc/man/man3/SSL_get_extms_support.3 -> /c/ap13-dcb/native-msys-crypto-packages-03/work/openssl-doc-stage/usr/share/man/man3/SSL_get_extms_support.3ssl
install doc/man/man3/SSL_get_fd.3 -> /c/ap13-dcb/native-msys-crypto-packages-03/work/openssl-doc-stage/usr/share/man/man3/SSL_get_fd.3ssl
install doc/man/man3/SSL_get_handshake_rtt.3 -> /c/ap13-dcb/native-msys-crypto-packages-03/work/openssl-doc-stage/usr/share/man/man3/SSL_get_handshake_rtt.3ssl
install doc/man/man3/SSL_get_peer_cert_chain.3 -> /c/ap13-dcb/native-msys-crypto-packages-03/work/openssl-doc-stage/usr/share/man/man3/SSL_get_peer_cert_chain.3ssl
install doc/man/man3/SSL_get_peer_certificate.3 -> /c/ap13-dcb/native-msys-crypto-packages-03/work/openssl-doc-stage/usr/share/man/man3/SSL_get_peer_certificate.3ssl
install doc/man/man3/SSL_get_peer_signature_nid.3 -> /c/ap13-dcb/native-msys-crypto-packages-03/work/openssl-doc-stage/usr/share/man/man3/SSL_get_peer_signature_nid.3ssl
install doc/man/man3/SSL_get_peer_tmp_key.3 -> /c/ap13-dcb/native-msys-crypto-packages-03/work/openssl-doc-stage/usr/share/man/man3/SSL_get_peer_tmp_key.3ssl
install doc/man/man3/SSL_get_psk_identity.3 -> /c/ap13-dcb/native-msys-crypto-packages-03/work/openssl-doc-stage/usr/share/man/man3/SSL_get_psk_identity.3ssl
install doc/man/man3/SSL_get_rbio.3 -> /c/ap13-dcb/native-msys-crypto-packages-03/work/openssl-doc-stage/usr/share/man/man3/SSL_get_rbio.3ssl
install doc/man/man3/SSL_get_rpoll_descriptor.3 -> /c/ap13-dcb/native-msys-crypto-packages-03/work/openssl-doc-stage/usr/share/man/man3/SSL_get_rpoll_descriptor.3ssl
install doc/man/man3/SSL_get_session.3 -> /c/ap13-dcb/native-msys-crypto-packages-03/work/openssl-doc-stage/usr/share/man/man3/SSL_get_session.3ssl
install doc/man/man3/SSL_get_shared_sigalgs.3 -> /c/ap13-dcb/native-msys-crypto-packages-03/work/openssl-doc-stage/usr/share/man/man3/SSL_get_shared_sigalgs.3ssl
install doc/man/man3/SSL_get_stream_id.3 -> /c/ap13-dcb/native-msys-crypto-packages-03/work/openssl-doc-stage/usr/share/man/man3/SSL_get_stream_id.3ssl
install doc/man/man3/SSL_get_stream_read_state.3 -> /c/ap13-dcb/native-msys-crypto-packages-03/work/openssl-doc-stage/usr/share/man/man3/SSL_get_stream_read_state.3ssl
install doc/man/man3/SSL_get_value_uint.3 -> /c/ap13-dcb/native-msys-crypto-packages-03/work/openssl-doc-stage/usr/share/man/man3/SSL_get_value_uint.3ssl
install doc/man/man3/SSL_get_verify_result.3 -> /c/ap13-dcb/native-msys-crypto-packages-03/work/openssl-doc-stage/usr/share/man/man3/SSL_get_verify_result.3ssl
install doc/man/man3/SSL_get_version.3 -> /c/ap13-dcb/native-msys-crypto-packages-03/work/openssl-doc-stage/usr/share/man/man3/SSL_get_version.3ssl
install doc/man/man3/SSL_group_to_name.3 -> /c/ap13-dcb/native-msys-crypto-packages-03/work/openssl-doc-stage/usr/share/man/man3/SSL_group_to_name.3ssl
install doc/man/man3/SSL_handle_events.3 -> /c/ap13-dcb/native-msys-crypto-packages-03/work/openssl-doc-stage/usr/share/man/man3/SSL_handle_events.3ssl
install doc/man/man3/SSL_in_init.3 -> /c/ap13-dcb/native-msys-crypto-packages-03/work/openssl-doc-stage/usr/share/man/man3/SSL_in_init.3ssl
install doc/man/man3/SSL_inject_net_dgram.3 -> /c/ap13-dcb/native-msys-crypto-packages-03/work/openssl-doc-stage/usr/share/man/man3/SSL_inject_net_dgram.3ssl
install doc/man/man3/SSL_key_update.3 -> /c/ap13-dcb/native-msys-crypto-packages-03/work/openssl-doc-stage/usr/share/man/man3/SSL_key_update.3ssl
install doc/man/man3/SSL_library_init.3 -> /c/ap13-dcb/native-msys-crypto-packages-03/work/openssl-doc-stage/usr/share/man/man3/SSL_library_init.3ssl
install doc/man/man3/SSL_load_client_CA_file.3 -> /c/ap13-dcb/native-msys-crypto-packages-03/work/openssl-doc-stage/usr/share/man/man3/SSL_load_client_CA_file.3ssl
install doc/man/man3/SSL_new.3 -> /c/ap13-dcb/native-msys-crypto-packages-03/work/openssl-doc-stage/usr/share/man/man3/SSL_new.3ssl
install doc/man/man3/SSL_new_domain.3 -> /c/ap13-dcb/native-msys-crypto-packages-03/work/openssl-doc-stage/usr/share/man/man3/SSL_new_domain.3ssl
install doc/man/man3/SSL_new_listener.3 -> /c/ap13-dcb/native-msys-crypto-packages-03/work/openssl-doc-stage/usr/share/man/man3/SSL_new_listener.3ssl
install doc/man/man3/SSL_new_stream.3 -> /c/ap13-dcb/native-msys-crypto-packages-03/work/openssl-doc-stage/usr/share/man/man3/SSL_new_stream.3ssl
install doc/man/man3/SSL_pending.3 -> /c/ap13-dcb/native-msys-crypto-packages-03/work/openssl-doc-stage/usr/share/man/man3/SSL_pending.3ssl
install doc/man/man3/SSL_poll.3 -> /c/ap13-dcb/native-msys-crypto-packages-03/work/openssl-doc-stage/usr/share/man/man3/SSL_poll.3ssl
install doc/man/man3/SSL_read.3 -> /c/ap13-dcb/native-msys-crypto-packages-03/work/openssl-doc-stage/usr/share/man/man3/SSL_read.3ssl
install doc/man/man3/SSL_read_early_data.3 -> /c/ap13-dcb/native-msys-crypto-packages-03/work/openssl-doc-stage/usr/share/man/man3/SSL_read_early_data.3ssl
install doc/man/man3/SSL_rstate_string.3 -> /c/ap13-dcb/native-msys-crypto-packages-03/work/openssl-doc-stage/usr/share/man/man3/SSL_rstate_string.3ssl
install doc/man/man3/SSL_session_reused.3 -> /c/ap13-dcb/native-msys-crypto-packages-03/work/openssl-doc-stage/usr/share/man/man3/SSL_session_reused.3ssl
install doc/man/man3/SSL_set1_host.3 -> /c/ap13-dcb/native-msys-crypto-packages-03/work/openssl-doc-stage/usr/share/man/man3/SSL_set1_host.3ssl
install doc/man/man3/SSL_set1_initial_peer_addr.3 -> /c/ap13-dcb/native-msys-crypto-packages-03/work/openssl-doc-stage/usr/share/man/man3/SSL_set1_initial_peer_addr.3ssl
install doc/man/man3/SSL_set1_server_cert_type.3 -> /c/ap13-dcb/native-msys-crypto-packages-03/work/openssl-doc-stage/usr/share/man/man3/SSL_set1_server_cert_type.3ssl
install doc/man/man3/SSL_set_async_callback.3 -> /c/ap13-dcb/native-msys-crypto-packages-03/work/openssl-doc-stage/usr/share/man/man3/SSL_set_async_callback.3ssl
install doc/man/man3/SSL_set_bio.3 -> /c/ap13-dcb/native-msys-crypto-packages-03/work/openssl-doc-stage/usr/share/man/man3/SSL_set_bio.3ssl
install doc/man/man3/SSL_set_blocking_mode.3 -> /c/ap13-dcb/native-msys-crypto-packages-03/work/openssl-doc-stage/usr/share/man/man3/SSL_set_blocking_mode.3ssl
install doc/man/man3/SSL_set_connect_state.3 -> /c/ap13-dcb/native-msys-crypto-packages-03/work/openssl-doc-stage/usr/share/man/man3/SSL_set_connect_state.3ssl
install doc/man/man3/SSL_set_default_stream_mode.3 -> /c/ap13-dcb/native-msys-crypto-packages-03/work/openssl-doc-stage/usr/share/man/man3/SSL_set_default_stream_mode.3ssl
install doc/man/man3/SSL_set_fd.3 -> /c/ap13-dcb/native-msys-crypto-packages-03/work/openssl-doc-stage/usr/share/man/man3/SSL_set_fd.3ssl
install doc/man/man3/SSL_set_incoming_stream_policy.3 -> /c/ap13-dcb/native-msys-crypto-packages-03/work/openssl-doc-stage/usr/share/man/man3/SSL_set_incoming_stream_policy.3ssl
install doc/man/man3/SSL_set_quic_tls_cbs.3 -> /c/ap13-dcb/native-msys-crypto-packages-03/work/openssl-doc-stage/usr/share/man/man3/SSL_set_quic_tls_cbs.3ssl
install doc/man/man3/SSL_set_retry_verify.3 -> /c/ap13-dcb/native-msys-crypto-packages-03/work/openssl-doc-stage/usr/share/man/man3/SSL_set_retry_verify.3ssl
install doc/man/man3/SSL_set_session.3 -> /c/ap13-dcb/native-msys-crypto-packages-03/work/openssl-doc-stage/usr/share/man/man3/SSL_set_session.3ssl
install doc/man/man3/SSL_set_session_secret_cb.3 -> /c/ap13-dcb/native-msys-crypto-packages-03/work/openssl-doc-stage/usr/share/man/man3/SSL_set_session_secret_cb.3ssl
install doc/man/man3/SSL_set_shutdown.3 -> /c/ap13-dcb/native-msys-crypto-packages-03/work/openssl-doc-stage/usr/share/man/man3/SSL_set_shutdown.3ssl
install doc/man/man3/SSL_set_verify_result.3 -> /c/ap13-dcb/native-msys-crypto-packages-03/work/openssl-doc-stage/usr/share/man/man3/SSL_set_verify_result.3ssl
install doc/man/man3/SSL_shutdown.3 -> /c/ap13-dcb/native-msys-crypto-packages-03/work/openssl-doc-stage/usr/share/man/man3/SSL_shutdown.3ssl
install doc/man/man3/SSL_state_string.3 -> /c/ap13-dcb/native-msys-crypto-packages-03/work/openssl-doc-stage/usr/share/man/man3/SSL_state_string.3ssl
install doc/man/man3/SSL_stream_conclude.3 -> /c/ap13-dcb/native-msys-crypto-packages-03/work/openssl-doc-stage/usr/share/man/man3/SSL_stream_conclude.3ssl
install doc/man/man3/SSL_stream_reset.3 -> /c/ap13-dcb/native-msys-crypto-packages-03/work/openssl-doc-stage/usr/share/man/man3/SSL_stream_reset.3ssl
install doc/man/man3/SSL_want.3 -> /c/ap13-dcb/native-msys-crypto-packages-03/work/openssl-doc-stage/usr/share/man/man3/SSL_want.3ssl
install doc/man/man3/SSL_write.3 -> /c/ap13-dcb/native-msys-crypto-packages-03/work/openssl-doc-stage/usr/share/man/man3/SSL_write.3ssl
install doc/man/man3/TS_RESP_CTX_new.3 -> /c/ap13-dcb/native-msys-crypto-packages-03/work/openssl-doc-stage/usr/share/man/man3/TS_RESP_CTX_new.3ssl
install doc/man/man3/TS_VERIFY_CTX.3 -> /c/ap13-dcb/native-msys-crypto-packages-03/work/openssl-doc-stage/usr/share/man/man3/TS_VERIFY_CTX.3ssl
install doc/man/man3/UI_STRING.3 -> /c/ap13-dcb/native-msys-crypto-packages-03/work/openssl-doc-stage/usr/share/man/man3/UI_STRING.3ssl
install doc/man/man3/UI_UTIL_read_pw.3 -> /c/ap13-dcb/native-msys-crypto-packages-03/work/openssl-doc-stage/usr/share/man/man3/UI_UTIL_read_pw.3ssl
install doc/man/man3/UI_create_method.3 -> /c/ap13-dcb/native-msys-crypto-packages-03/work/openssl-doc-stage/usr/share/man/man3/UI_create_method.3ssl
install doc/man/man3/UI_new.3 -> /c/ap13-dcb/native-msys-crypto-packages-03/work/openssl-doc-stage/usr/share/man/man3/UI_new.3ssl
install doc/man/man3/X509V3_EXT_print.3 -> /c/ap13-dcb/native-msys-crypto-packages-03/work/openssl-doc-stage/usr/share/man/man3/X509V3_EXT_print.3ssl
install doc/man/man3/X509V3_get_d2i.3 -> /c/ap13-dcb/native-msys-crypto-packages-03/work/openssl-doc-stage/usr/share/man/man3/X509V3_get_d2i.3ssl
install doc/man/man3/X509V3_set_ctx.3 -> /c/ap13-dcb/native-msys-crypto-packages-03/work/openssl-doc-stage/usr/share/man/man3/X509V3_set_ctx.3ssl
install doc/man/man3/X509_ACERT_add1_attr.3 -> /c/ap13-dcb/native-msys-crypto-packages-03/work/openssl-doc-stage/usr/share/man/man3/X509_ACERT_add1_attr.3ssl
install doc/man/man3/X509_ACERT_add_attr_nconf.3 -> /c/ap13-dcb/native-msys-crypto-packages-03/work/openssl-doc-stage/usr/share/man/man3/X509_ACERT_add_attr_nconf.3ssl
install doc/man/man3/X509_ACERT_get0_holder_baseCertId.3 -> /c/ap13-dcb/native-msys-crypto-packages-03/work/openssl-doc-stage/usr/share/man/man3/X509_ACERT_get0_holder_baseCertId.3ssl
install doc/man/man3/X509_ACERT_get_attr.3 -> /c/ap13-dcb/native-msys-crypto-packages-03/work/openssl-doc-stage/usr/share/man/man3/X509_ACERT_get_attr.3ssl
install doc/man/man3/X509_ACERT_print_ex.3 -> /c/ap13-dcb/native-msys-crypto-packages-03/work/openssl-doc-stage/usr/share/man/man3/X509_ACERT_print_ex.3ssl
install doc/man/man3/X509_ALGOR_dup.3 -> /c/ap13-dcb/native-msys-crypto-packages-03/work/openssl-doc-stage/usr/share/man/man3/X509_ALGOR_dup.3ssl
install doc/man/man3/X509_ATTRIBUTE.3 -> /c/ap13-dcb/native-msys-crypto-packages-03/work/openssl-doc-stage/usr/share/man/man3/X509_ATTRIBUTE.3ssl
install doc/man/man3/X509_CRL_get0_by_serial.3 -> /c/ap13-dcb/native-msys-crypto-packages-03/work/openssl-doc-stage/usr/share/man/man3/X509_CRL_get0_by_serial.3ssl
install doc/man/man3/X509_EXTENSION_set_object.3 -> /c/ap13-dcb/native-msys-crypto-packages-03/work/openssl-doc-stage/usr/share/man/man3/X509_EXTENSION_set_object.3ssl
install doc/man/man3/X509_LOOKUP.3 -> /c/ap13-dcb/native-msys-crypto-packages-03/work/openssl-doc-stage/usr/share/man/man3/X509_LOOKUP.3ssl
install doc/man/man3/X509_LOOKUP_hash_dir.3 -> /c/ap13-dcb/native-msys-crypto-packages-03/work/openssl-doc-stage/usr/share/man/man3/X509_LOOKUP_hash_dir.3ssl
install doc/man/man3/X509_LOOKUP_meth_new.3 -> /c/ap13-dcb/native-msys-crypto-packages-03/work/openssl-doc-stage/usr/share/man/man3/X509_LOOKUP_meth_new.3ssl
install doc/man/man3/X509_NAME_ENTRY_get_object.3 -> /c/ap13-dcb/native-msys-crypto-packages-03/work/openssl-doc-stage/usr/share/man/man3/X509_NAME_ENTRY_get_object.3ssl
install doc/man/man3/X509_NAME_add_entry_by_txt.3 -> /c/ap13-dcb/native-msys-crypto-packages-03/work/openssl-doc-stage/usr/share/man/man3/X509_NAME_add_entry_by_txt.3ssl
install doc/man/man3/X509_NAME_get0_der.3 -> /c/ap13-dcb/native-msys-crypto-packages-03/work/openssl-doc-stage/usr/share/man/man3/X509_NAME_get0_der.3ssl
install doc/man/man3/X509_NAME_get_index_by_NID.3 -> /c/ap13-dcb/native-msys-crypto-packages-03/work/openssl-doc-stage/usr/share/man/man3/X509_NAME_get_index_by_NID.3ssl
install doc/man/man3/X509_NAME_print_ex.3 -> /c/ap13-dcb/native-msys-crypto-packages-03/work/openssl-doc-stage/usr/share/man/man3/X509_NAME_print_ex.3ssl
install doc/man/man3/X509_PUBKEY_new.3 -> /c/ap13-dcb/native-msys-crypto-packages-03/work/openssl-doc-stage/usr/share/man/man3/X509_PUBKEY_new.3ssl
install doc/man/man3/X509_REQ_get_attr.3 -> /c/ap13-dcb/native-msys-crypto-packages-03/work/openssl-doc-stage/usr/share/man/man3/X509_REQ_get_attr.3ssl
install doc/man/man3/X509_REQ_get_extensions.3 -> /c/ap13-dcb/native-msys-crypto-packages-03/work/openssl-doc-stage/usr/share/man/man3/X509_REQ_get_extensions.3ssl
install doc/man/man3/X509_SIG_get0.3 -> /c/ap13-dcb/native-msys-crypto-packages-03/work/openssl-doc-stage/usr/share/man/man3/X509_SIG_get0.3ssl
install doc/man/man3/X509_STORE_CTX_get_by_subject.3 -> /c/ap13-dcb/native-msys-crypto-packages-03/work/openssl-doc-stage/usr/share/man/man3/X509_STORE_CTX_get_by_subject.3ssl
install doc/man/man3/X509_STORE_CTX_get_error.3 -> /c/ap13-dcb/native-msys-crypto-packages-03/work/openssl-doc-stage/usr/share/man/man3/X509_STORE_CTX_get_error.3ssl
install doc/man/man3/X509_STORE_CTX_new.3 -> /c/ap13-dcb/native-msys-crypto-packages-03/work/openssl-doc-stage/usr/share/man/man3/X509_STORE_CTX_new.3ssl
install doc/man/man3/X509_STORE_CTX_set_verify_cb.3 -> /c/ap13-dcb/native-msys-crypto-packages-03/work/openssl-doc-stage/usr/share/man/man3/X509_STORE_CTX_set_verify_cb.3ssl
install doc/man/man3/X509_STORE_add_cert.3 -> /c/ap13-dcb/native-msys-crypto-packages-03/work/openssl-doc-stage/usr/share/man/man3/X509_STORE_add_cert.3ssl
install doc/man/man3/X509_STORE_get0_param.3 -> /c/ap13-dcb/native-msys-crypto-packages-03/work/openssl-doc-stage/usr/share/man/man3/X509_STORE_get0_param.3ssl
install doc/man/man3/X509_STORE_new.3 -> /c/ap13-dcb/native-msys-crypto-packages-03/work/openssl-doc-stage/usr/share/man/man3/X509_STORE_new.3ssl
install doc/man/man3/X509_STORE_set_verify_cb_func.3 -> /c/ap13-dcb/native-msys-crypto-packages-03/work/openssl-doc-stage/usr/share/man/man3/X509_STORE_set_verify_cb_func.3ssl
install doc/man/man3/X509_VERIFY_PARAM_set_flags.3 -> /c/ap13-dcb/native-msys-crypto-packages-03/work/openssl-doc-stage/usr/share/man/man3/X509_VERIFY_PARAM_set_flags.3ssl
install doc/man/man3/X509_add_cert.3 -> /c/ap13-dcb/native-msys-crypto-packages-03/work/openssl-doc-stage/usr/share/man/man3/X509_add_cert.3ssl
install doc/man/man3/X509_check_ca.3 -> /c/ap13-dcb/native-msys-crypto-packages-03/work/openssl-doc-stage/usr/share/man/man3/X509_check_ca.3ssl
install doc/man/man3/X509_check_host.3 -> /c/ap13-dcb/native-msys-crypto-packages-03/work/openssl-doc-stage/usr/share/man/man3/X509_check_host.3ssl
install doc/man/man3/X509_check_issued.3 -> /c/ap13-dcb/native-msys-crypto-packages-03/work/openssl-doc-stage/usr/share/man/man3/X509_check_issued.3ssl
install doc/man/man3/X509_check_private_key.3 -> /c/ap13-dcb/native-msys-crypto-packages-03/work/openssl-doc-stage/usr/share/man/man3/X509_check_private_key.3ssl
install doc/man/man3/X509_check_purpose.3 -> /c/ap13-dcb/native-msys-crypto-packages-03/work/openssl-doc-stage/usr/share/man/man3/X509_check_purpose.3ssl
install doc/man/man3/X509_cmp.3 -> /c/ap13-dcb/native-msys-crypto-packages-03/work/openssl-doc-stage/usr/share/man/man3/X509_cmp.3ssl
install doc/man/man3/X509_cmp_time.3 -> /c/ap13-dcb/native-msys-crypto-packages-03/work/openssl-doc-stage/usr/share/man/man3/X509_cmp_time.3ssl
install doc/man/man3/X509_digest.3 -> /c/ap13-dcb/native-msys-crypto-packages-03/work/openssl-doc-stage/usr/share/man/man3/X509_digest.3ssl
install doc/man/man3/X509_dup.3 -> /c/ap13-dcb/native-msys-crypto-packages-03/work/openssl-doc-stage/usr/share/man/man3/X509_dup.3ssl
install doc/man/man3/X509_get0_distinguishing_id.3 -> /c/ap13-dcb/native-msys-crypto-packages-03/work/openssl-doc-stage/usr/share/man/man3/X509_get0_distinguishing_id.3ssl
install doc/man/man3/X509_get0_notBefore.3 -> /c/ap13-dcb/native-msys-crypto-packages-03/work/openssl-doc-stage/usr/share/man/man3/X509_get0_notBefore.3ssl
install doc/man/man3/X509_get0_signature.3 -> /c/ap13-dcb/native-msys-crypto-packages-03/work/openssl-doc-stage/usr/share/man/man3/X509_get0_signature.3ssl
install doc/man/man3/X509_get0_uids.3 -> /c/ap13-dcb/native-msys-crypto-packages-03/work/openssl-doc-stage/usr/share/man/man3/X509_get0_uids.3ssl
install doc/man/man3/X509_get_default_cert_file.3 -> /c/ap13-dcb/native-msys-crypto-packages-03/work/openssl-doc-stage/usr/share/man/man3/X509_get_default_cert_file.3ssl
install doc/man/man3/X509_get_extension_flags.3 -> /c/ap13-dcb/native-msys-crypto-packages-03/work/openssl-doc-stage/usr/share/man/man3/X509_get_extension_flags.3ssl
install doc/man/man3/X509_get_pubkey.3 -> /c/ap13-dcb/native-msys-crypto-packages-03/work/openssl-doc-stage/usr/share/man/man3/X509_get_pubkey.3ssl
install doc/man/man3/X509_get_serialNumber.3 -> /c/ap13-dcb/native-msys-crypto-packages-03/work/openssl-doc-stage/usr/share/man/man3/X509_get_serialNumber.3ssl
install doc/man/man3/X509_get_subject_name.3 -> /c/ap13-dcb/native-msys-crypto-packages-03/work/openssl-doc-stage/usr/share/man/man3/X509_get_subject_name.3ssl
install doc/man/man3/X509_get_version.3 -> /c/ap13-dcb/native-msys-crypto-packages-03/work/openssl-doc-stage/usr/share/man/man3/X509_get_version.3ssl
install doc/man/man3/X509_load_http.3 -> /c/ap13-dcb/native-msys-crypto-packages-03/work/openssl-doc-stage/usr/share/man/man3/X509_load_http.3ssl
install doc/man/man3/X509_new.3 -> /c/ap13-dcb/native-msys-crypto-packages-03/work/openssl-doc-stage/usr/share/man/man3/X509_new.3ssl
install doc/man/man3/X509_sign.3 -> /c/ap13-dcb/native-msys-crypto-packages-03/work/openssl-doc-stage/usr/share/man/man3/X509_sign.3ssl
install doc/man/man3/X509_verify.3 -> /c/ap13-dcb/native-msys-crypto-packages-03/work/openssl-doc-stage/usr/share/man/man3/X509_verify.3ssl
install doc/man/man3/X509_verify_cert.3 -> /c/ap13-dcb/native-msys-crypto-packages-03/work/openssl-doc-stage/usr/share/man/man3/X509_verify_cert.3ssl
install doc/man/man3/X509v3_get_ext_by_NID.3 -> /c/ap13-dcb/native-msys-crypto-packages-03/work/openssl-doc-stage/usr/share/man/man3/X509v3_get_ext_by_NID.3ssl
install doc/man/man3/b2i_PVK_bio_ex.3 -> /c/ap13-dcb/native-msys-crypto-packages-03/work/openssl-doc-stage/usr/share/man/man3/b2i_PVK_bio_ex.3ssl
install doc/man/man3/d2i_PKCS8PrivateKey_bio.3 -> /c/ap13-dcb/native-msys-crypto-packages-03/work/openssl-doc-stage/usr/share/man/man3/d2i_PKCS8PrivateKey_bio.3ssl
install doc/man/man3/d2i_PrivateKey.3 -> /c/ap13-dcb/native-msys-crypto-packages-03/work/openssl-doc-stage/usr/share/man/man3/d2i_PrivateKey.3ssl
install doc/man/man3/d2i_RSAPrivateKey.3 -> /c/ap13-dcb/native-msys-crypto-packages-03/work/openssl-doc-stage/usr/share/man/man3/d2i_RSAPrivateKey.3ssl
install doc/man/man3/d2i_SSL_SESSION.3 -> /c/ap13-dcb/native-msys-crypto-packages-03/work/openssl-doc-stage/usr/share/man/man3/d2i_SSL_SESSION.3ssl
install doc/man/man3/d2i_X509.3 -> /c/ap13-dcb/native-msys-crypto-packages-03/work/openssl-doc-stage/usr/share/man/man3/d2i_X509.3ssl
install doc/man/man3/i2d_CMS_bio_stream.3 -> /c/ap13-dcb/native-msys-crypto-packages-03/work/openssl-doc-stage/usr/share/man/man3/i2d_CMS_bio_stream.3ssl
install doc/man/man3/i2d_PKCS7_bio_stream.3 -> /c/ap13-dcb/native-msys-crypto-packages-03/work/openssl-doc-stage/usr/share/man/man3/i2d_PKCS7_bio_stream.3ssl
install doc/man/man3/i2d_re_X509_tbs.3 -> /c/ap13-dcb/native-msys-crypto-packages-03/work/openssl-doc-stage/usr/share/man/man3/i2d_re_X509_tbs.3ssl
install doc/man/man3/o2i_SCT_LIST.3 -> /c/ap13-dcb/native-msys-crypto-packages-03/work/openssl-doc-stage/usr/share/man/man3/o2i_SCT_LIST.3ssl
install doc/man/man3/s2i_ASN1_IA5STRING.3 -> /c/ap13-dcb/native-msys-crypto-packages-03/work/openssl-doc-stage/usr/share/man/man3/s2i_ASN1_IA5STRING.3ssl
install doc/man/man5/config.5 -> /c/ap13-dcb/native-msys-crypto-packages-03/work/openssl-doc-stage/usr/share/man/man5/config.5ssl
install doc/man/man5/fips_config.5 -> /c/ap13-dcb/native-msys-crypto-packages-03/work/openssl-doc-stage/usr/share/man/man5/fips_config.5ssl
install doc/man/man5/x509v3_config.5 -> /c/ap13-dcb/native-msys-crypto-packages-03/work/openssl-doc-stage/usr/share/man/man5/x509v3_config.5ssl
install doc/man/man7/EVP_ASYM_CIPHER-RSA.7 -> /c/ap13-dcb/native-msys-crypto-packages-03/work/openssl-doc-stage/usr/share/man/man7/EVP_ASYM_CIPHER-RSA.7ssl
install doc/man/man7/EVP_ASYM_CIPHER-SM2.7 -> /c/ap13-dcb/native-msys-crypto-packages-03/work/openssl-doc-stage/usr/share/man/man7/EVP_ASYM_CIPHER-SM2.7ssl
install doc/man/man7/EVP_CIPHER-AES.7 -> /c/ap13-dcb/native-msys-crypto-packages-03/work/openssl-doc-stage/usr/share/man/man7/EVP_CIPHER-AES.7ssl
install doc/man/man7/EVP_CIPHER-ARIA.7 -> /c/ap13-dcb/native-msys-crypto-packages-03/work/openssl-doc-stage/usr/share/man/man7/EVP_CIPHER-ARIA.7ssl
install doc/man/man7/EVP_CIPHER-BLOWFISH.7 -> /c/ap13-dcb/native-msys-crypto-packages-03/work/openssl-doc-stage/usr/share/man/man7/EVP_CIPHER-BLOWFISH.7ssl
install doc/man/man7/EVP_CIPHER-CAMELLIA.7 -> /c/ap13-dcb/native-msys-crypto-packages-03/work/openssl-doc-stage/usr/share/man/man7/EVP_CIPHER-CAMELLIA.7ssl
install doc/man/man7/EVP_CIPHER-CAST.7 -> /c/ap13-dcb/native-msys-crypto-packages-03/work/openssl-doc-stage/usr/share/man/man7/EVP_CIPHER-CAST.7ssl
install doc/man/man7/EVP_CIPHER-CHACHA.7 -> /c/ap13-dcb/native-msys-crypto-packages-03/work/openssl-doc-stage/usr/share/man/man7/EVP_CIPHER-CHACHA.7ssl
install doc/man/man7/EVP_CIPHER-DES.7 -> /c/ap13-dcb/native-msys-crypto-packages-03/work/openssl-doc-stage/usr/share/man/man7/EVP_CIPHER-DES.7ssl
install doc/man/man7/EVP_CIPHER-IDEA.7 -> /c/ap13-dcb/native-msys-crypto-packages-03/work/openssl-doc-stage/usr/share/man/man7/EVP_CIPHER-IDEA.7ssl
install doc/man/man7/EVP_CIPHER-NULL.7 -> /c/ap13-dcb/native-msys-crypto-packages-03/work/openssl-doc-stage/usr/share/man/man7/EVP_CIPHER-NULL.7ssl
install doc/man/man7/EVP_CIPHER-RC2.7 -> /c/ap13-dcb/native-msys-crypto-packages-03/work/openssl-doc-stage/usr/share/man/man7/EVP_CIPHER-RC2.7ssl
install doc/man/man7/EVP_CIPHER-RC4.7 -> /c/ap13-dcb/native-msys-crypto-packages-03/work/openssl-doc-stage/usr/share/man/man7/EVP_CIPHER-RC4.7ssl
install doc/man/man7/EVP_CIPHER-RC5.7 -> /c/ap13-dcb/native-msys-crypto-packages-03/work/openssl-doc-stage/usr/share/man/man7/EVP_CIPHER-RC5.7ssl
install doc/man/man7/EVP_CIPHER-SEED.7 -> /c/ap13-dcb/native-msys-crypto-packages-03/work/openssl-doc-stage/usr/share/man/man7/EVP_CIPHER-SEED.7ssl
install doc/man/man7/EVP_CIPHER-SM4.7 -> /c/ap13-dcb/native-msys-crypto-packages-03/work/openssl-doc-stage/usr/share/man/man7/EVP_CIPHER-SM4.7ssl
install doc/man/man7/EVP_KDF-ARGON2.7 -> /c/ap13-dcb/native-msys-crypto-packages-03/work/openssl-doc-stage/usr/share/man/man7/EVP_KDF-ARGON2.7ssl
install doc/man/man7/EVP_KDF-HKDF.7 -> /c/ap13-dcb/native-msys-crypto-packages-03/work/openssl-doc-stage/usr/share/man/man7/EVP_KDF-HKDF.7ssl
install doc/man/man7/EVP_KDF-HMAC-DRBG.7 -> /c/ap13-dcb/native-msys-crypto-packages-03/work/openssl-doc-stage/usr/share/man/man7/EVP_KDF-HMAC-DRBG.7ssl
install doc/man/man7/EVP_KDF-KB.7 -> /c/ap13-dcb/native-msys-crypto-packages-03/work/openssl-doc-stage/usr/share/man/man7/EVP_KDF-KB.7ssl
install doc/man/man7/EVP_KDF-KRB5KDF.7 -> /c/ap13-dcb/native-msys-crypto-packages-03/work/openssl-doc-stage/usr/share/man/man7/EVP_KDF-KRB5KDF.7ssl
install doc/man/man7/EVP_KDF-PBKDF1.7 -> /c/ap13-dcb/native-msys-crypto-packages-03/work/openssl-doc-stage/usr/share/man/man7/EVP_KDF-PBKDF1.7ssl
install doc/man/man7/EVP_KDF-PBKDF2.7 -> /c/ap13-dcb/native-msys-crypto-packages-03/work/openssl-doc-stage/usr/share/man/man7/EVP_KDF-PBKDF2.7ssl
install doc/man/man7/EVP_KDF-PKCS12KDF.7 -> /c/ap13-dcb/native-msys-crypto-packages-03/work/openssl-doc-stage/usr/share/man/man7/EVP_KDF-PKCS12KDF.7ssl
install doc/man/man7/EVP_KDF-PVKKDF.7 -> /c/ap13-dcb/native-msys-crypto-packages-03/work/openssl-doc-stage/usr/share/man/man7/EVP_KDF-PVKKDF.7ssl
install doc/man/man7/EVP_KDF-SCRYPT.7 -> /c/ap13-dcb/native-msys-crypto-packages-03/work/openssl-doc-stage/usr/share/man/man7/EVP_KDF-SCRYPT.7ssl
install doc/man/man7/EVP_KDF-SS.7 -> /c/ap13-dcb/native-msys-crypto-packages-03/work/openssl-doc-stage/usr/share/man/man7/EVP_KDF-SS.7ssl
install doc/man/man7/EVP_KDF-SSHKDF.7 -> /c/ap13-dcb/native-msys-crypto-packages-03/work/openssl-doc-stage/usr/share/man/man7/EVP_KDF-SSHKDF.7ssl
install doc/man/man7/EVP_KDF-TLS13_KDF.7 -> /c/ap13-dcb/native-msys-crypto-packages-03/work/openssl-doc-stage/usr/share/man/man7/EVP_KDF-TLS13_KDF.7ssl
install doc/man/man7/EVP_KDF-TLS1_PRF.7 -> /c/ap13-dcb/native-msys-crypto-packages-03/work/openssl-doc-stage/usr/share/man/man7/EVP_KDF-TLS1_PRF.7ssl
install doc/man/man7/EVP_KDF-X942-ASN1.7 -> /c/ap13-dcb/native-msys-crypto-packages-03/work/openssl-doc-stage/usr/share/man/man7/EVP_KDF-X942-ASN1.7ssl
install doc/man/man7/EVP_KDF-X942-CONCAT.7 -> /c/ap13-dcb/native-msys-crypto-packages-03/work/openssl-doc-stage/usr/share/man/man7/EVP_KDF-X942-CONCAT.7ssl
install doc/man/man7/EVP_KDF-X963.7 -> /c/ap13-dcb/native-msys-crypto-packages-03/work/openssl-doc-stage/usr/share/man/man7/EVP_KDF-X963.7ssl
install doc/man/man7/EVP_KEM-EC.7 -> /c/ap13-dcb/native-msys-crypto-packages-03/work/openssl-doc-stage/usr/share/man/man7/EVP_KEM-EC.7ssl
install doc/man/man7/EVP_KEM-ML-KEM.7 -> /c/ap13-dcb/native-msys-crypto-packages-03/work/openssl-doc-stage/usr/share/man/man7/EVP_KEM-ML-KEM.7ssl
install doc/man/man7/EVP_KEM-RSA.7 -> /c/ap13-dcb/native-msys-crypto-packages-03/work/openssl-doc-stage/usr/share/man/man7/EVP_KEM-RSA.7ssl
install doc/man/man7/EVP_KEM-X25519.7 -> /c/ap13-dcb/native-msys-crypto-packages-03/work/openssl-doc-stage/usr/share/man/man7/EVP_KEM-X25519.7ssl
install doc/man/man7/EVP_KEYEXCH-DH.7 -> /c/ap13-dcb/native-msys-crypto-packages-03/work/openssl-doc-stage/usr/share/man/man7/EVP_KEYEXCH-DH.7ssl
install doc/man/man7/EVP_KEYEXCH-ECDH.7 -> /c/ap13-dcb/native-msys-crypto-packages-03/work/openssl-doc-stage/usr/share/man/man7/EVP_KEYEXCH-ECDH.7ssl
install doc/man/man7/EVP_KEYEXCH-X25519.7 -> /c/ap13-dcb/native-msys-crypto-packages-03/work/openssl-doc-stage/usr/share/man/man7/EVP_KEYEXCH-X25519.7ssl
install doc/man/man7/EVP_MAC-BLAKE2.7 -> /c/ap13-dcb/native-msys-crypto-packages-03/work/openssl-doc-stage/usr/share/man/man7/EVP_MAC-BLAKE2.7ssl
install doc/man/man7/EVP_MAC-CMAC.7 -> /c/ap13-dcb/native-msys-crypto-packages-03/work/openssl-doc-stage/usr/share/man/man7/EVP_MAC-CMAC.7ssl
install doc/man/man7/EVP_MAC-GMAC.7 -> /c/ap13-dcb/native-msys-crypto-packages-03/work/openssl-doc-stage/usr/share/man/man7/EVP_MAC-GMAC.7ssl
install doc/man/man7/EVP_MAC-HMAC.7 -> /c/ap13-dcb/native-msys-crypto-packages-03/work/openssl-doc-stage/usr/share/man/man7/EVP_MAC-HMAC.7ssl
install doc/man/man7/EVP_MAC-KMAC.7 -> /c/ap13-dcb/native-msys-crypto-packages-03/work/openssl-doc-stage/usr/share/man/man7/EVP_MAC-KMAC.7ssl
install doc/man/man7/EVP_MAC-Poly1305.7 -> /c/ap13-dcb/native-msys-crypto-packages-03/work/openssl-doc-stage/usr/share/man/man7/EVP_MAC-Poly1305.7ssl
install doc/man/man7/EVP_MAC-Siphash.7 -> /c/ap13-dcb/native-msys-crypto-packages-03/work/openssl-doc-stage/usr/share/man/man7/EVP_MAC-Siphash.7ssl
install doc/man/man7/EVP_MD-BLAKE2.7 -> /c/ap13-dcb/native-msys-crypto-packages-03/work/openssl-doc-stage/usr/share/man/man7/EVP_MD-BLAKE2.7ssl
install doc/man/man7/EVP_MD-KECCAK.7 -> /c/ap13-dcb/native-msys-crypto-packages-03/work/openssl-doc-stage/usr/share/man/man7/EVP_MD-KECCAK.7ssl
install doc/man/man7/EVP_MD-MD2.7 -> /c/ap13-dcb/native-msys-crypto-packages-03/work/openssl-doc-stage/usr/share/man/man7/EVP_MD-MD2.7ssl
install doc/man/man7/EVP_MD-MD4.7 -> /c/ap13-dcb/native-msys-crypto-packages-03/work/openssl-doc-stage/usr/share/man/man7/EVP_MD-MD4.7ssl
install doc/man/man7/EVP_MD-MD5-SHA1.7 -> /c/ap13-dcb/native-msys-crypto-packages-03/work/openssl-doc-stage/usr/share/man/man7/EVP_MD-MD5-SHA1.7ssl
install doc/man/man7/EVP_MD-MD5.7 -> /c/ap13-dcb/native-msys-crypto-packages-03/work/openssl-doc-stage/usr/share/man/man7/EVP_MD-MD5.7ssl
install doc/man/man7/EVP_MD-MDC2.7 -> /c/ap13-dcb/native-msys-crypto-packages-03/work/openssl-doc-stage/usr/share/man/man7/EVP_MD-MDC2.7ssl
install doc/man/man7/EVP_MD-NULL.7 -> /c/ap13-dcb/native-msys-crypto-packages-03/work/openssl-doc-stage/usr/share/man/man7/EVP_MD-NULL.7ssl
install doc/man/man7/EVP_MD-RIPEMD160.7 -> /c/ap13-dcb/native-msys-crypto-packages-03/work/openssl-doc-stage/usr/share/man/man7/EVP_MD-RIPEMD160.7ssl
install doc/man/man7/EVP_MD-SHA1.7 -> /c/ap13-dcb/native-msys-crypto-packages-03/work/openssl-doc-stage/usr/share/man/man7/EVP_MD-SHA1.7ssl
install doc/man/man7/EVP_MD-SHA2.7 -> /c/ap13-dcb/native-msys-crypto-packages-03/work/openssl-doc-stage/usr/share/man/man7/EVP_MD-SHA2.7ssl
install doc/man/man7/EVP_MD-SHA3.7 -> /c/ap13-dcb/native-msys-crypto-packages-03/work/openssl-doc-stage/usr/share/man/man7/EVP_MD-SHA3.7ssl
install doc/man/man7/EVP_MD-SHAKE.7 -> /c/ap13-dcb/native-msys-crypto-packages-03/work/openssl-doc-stage/usr/share/man/man7/EVP_MD-SHAKE.7ssl
install doc/man/man7/EVP_MD-SM3.7 -> /c/ap13-dcb/native-msys-crypto-packages-03/work/openssl-doc-stage/usr/share/man/man7/EVP_MD-SM3.7ssl
install doc/man/man7/EVP_MD-WHIRLPOOL.7 -> /c/ap13-dcb/native-msys-crypto-packages-03/work/openssl-doc-stage/usr/share/man/man7/EVP_MD-WHIRLPOOL.7ssl
install doc/man/man7/EVP_MD-common.7 -> /c/ap13-dcb/native-msys-crypto-packages-03/work/openssl-doc-stage/usr/share/man/man7/EVP_MD-common.7ssl
install doc/man/man7/EVP_PKEY-DH.7 -> /c/ap13-dcb/native-msys-crypto-packages-03/work/openssl-doc-stage/usr/share/man/man7/EVP_PKEY-DH.7ssl
install doc/man/man7/EVP_PKEY-DSA.7 -> /c/ap13-dcb/native-msys-crypto-packages-03/work/openssl-doc-stage/usr/share/man/man7/EVP_PKEY-DSA.7ssl
install doc/man/man7/EVP_PKEY-EC.7 -> /c/ap13-dcb/native-msys-crypto-packages-03/work/openssl-doc-stage/usr/share/man/man7/EVP_PKEY-EC.7ssl
install doc/man/man7/EVP_PKEY-FFC.7 -> /c/ap13-dcb/native-msys-crypto-packages-03/work/openssl-doc-stage/usr/share/man/man7/EVP_PKEY-FFC.7ssl
install doc/man/man7/EVP_PKEY-HMAC.7 -> /c/ap13-dcb/native-msys-crypto-packages-03/work/openssl-doc-stage/usr/share/man/man7/EVP_PKEY-HMAC.7ssl
install doc/man/man7/EVP_PKEY-LMS.7 -> /c/ap13-dcb/native-msys-crypto-packages-03/work/openssl-doc-stage/usr/share/man/man7/EVP_PKEY-LMS.7ssl
install doc/man/man7/EVP_PKEY-ML-DSA.7 -> /c/ap13-dcb/native-msys-crypto-packages-03/work/openssl-doc-stage/usr/share/man/man7/EVP_PKEY-ML-DSA.7ssl
install doc/man/man7/EVP_PKEY-ML-KEM.7 -> /c/ap13-dcb/native-msys-crypto-packages-03/work/openssl-doc-stage/usr/share/man/man7/EVP_PKEY-ML-KEM.7ssl
install doc/man/man7/EVP_PKEY-RSA.7 -> /c/ap13-dcb/native-msys-crypto-packages-03/work/openssl-doc-stage/usr/share/man/man7/EVP_PKEY-RSA.7ssl
install doc/man/man7/EVP_PKEY-SLH-DSA.7 -> /c/ap13-dcb/native-msys-crypto-packages-03/work/openssl-doc-stage/usr/share/man/man7/EVP_PKEY-SLH-DSA.7ssl
install doc/man/man7/EVP_PKEY-SM2.7 -> /c/ap13-dcb/native-msys-crypto-packages-03/work/openssl-doc-stage/usr/share/man/man7/EVP_PKEY-SM2.7ssl
install doc/man/man7/EVP_PKEY-X25519.7 -> /c/ap13-dcb/native-msys-crypto-packages-03/work/openssl-doc-stage/usr/share/man/man7/EVP_PKEY-X25519.7ssl
install doc/man/man7/EVP_RAND-CRNG-TEST.7 -> /c/ap13-dcb/native-msys-crypto-packages-03/work/openssl-doc-stage/usr/share/man/man7/EVP_RAND-CRNG-TEST.7ssl
install doc/man/man7/EVP_RAND-CTR-DRBG.7 -> /c/ap13-dcb/native-msys-crypto-packages-03/work/openssl-doc-stage/usr/share/man/man7/EVP_RAND-CTR-DRBG.7ssl
install doc/man/man7/EVP_RAND-HASH-DRBG.7 -> /c/ap13-dcb/native-msys-crypto-packages-03/work/openssl-doc-stage/usr/share/man/man7/EVP_RAND-HASH-DRBG.7ssl
install doc/man/man7/EVP_RAND-HMAC-DRBG.7 -> /c/ap13-dcb/native-msys-crypto-packages-03/work/openssl-doc-stage/usr/share/man/man7/EVP_RAND-HMAC-DRBG.7ssl
install doc/man/man7/EVP_RAND-JITTER.7 -> /c/ap13-dcb/native-msys-crypto-packages-03/work/openssl-doc-stage/usr/share/man/man7/EVP_RAND-JITTER.7ssl
install doc/man/man7/EVP_RAND-SEED-SRC.7 -> /c/ap13-dcb/native-msys-crypto-packages-03/work/openssl-doc-stage/usr/share/man/man7/EVP_RAND-SEED-SRC.7ssl
install doc/man/man7/EVP_RAND-TEST-RAND.7 -> /c/ap13-dcb/native-msys-crypto-packages-03/work/openssl-doc-stage/usr/share/man/man7/EVP_RAND-TEST-RAND.7ssl
install doc/man/man7/EVP_RAND.7 -> /c/ap13-dcb/native-msys-crypto-packages-03/work/openssl-doc-stage/usr/share/man/man7/EVP_RAND.7ssl
install doc/man/man7/EVP_SIGNATURE-DSA.7 -> /c/ap13-dcb/native-msys-crypto-packages-03/work/openssl-doc-stage/usr/share/man/man7/EVP_SIGNATURE-DSA.7ssl
install doc/man/man7/EVP_SIGNATURE-ECDSA.7 -> /c/ap13-dcb/native-msys-crypto-packages-03/work/openssl-doc-stage/usr/share/man/man7/EVP_SIGNATURE-ECDSA.7ssl
install doc/man/man7/EVP_SIGNATURE-ED25519.7 -> /c/ap13-dcb/native-msys-crypto-packages-03/work/openssl-doc-stage/usr/share/man/man7/EVP_SIGNATURE-ED25519.7ssl
install doc/man/man7/EVP_SIGNATURE-HMAC.7 -> /c/ap13-dcb/native-msys-crypto-packages-03/work/openssl-doc-stage/usr/share/man/man7/EVP_SIGNATURE-HMAC.7ssl
install doc/man/man7/EVP_SIGNATURE-LMS.7 -> /c/ap13-dcb/native-msys-crypto-packages-03/work/openssl-doc-stage/usr/share/man/man7/EVP_SIGNATURE-LMS.7ssl
install doc/man/man7/EVP_SIGNATURE-ML-DSA.7 -> /c/ap13-dcb/native-msys-crypto-packages-03/work/openssl-doc-stage/usr/share/man/man7/EVP_SIGNATURE-ML-DSA.7ssl
install doc/man/man7/EVP_SIGNATURE-RSA.7 -> /c/ap13-dcb/native-msys-crypto-packages-03/work/openssl-doc-stage/usr/share/man/man7/EVP_SIGNATURE-RSA.7ssl
install doc/man/man7/EVP_SIGNATURE-SLH-DSA.7 -> /c/ap13-dcb/native-msys-crypto-packages-03/work/openssl-doc-stage/usr/share/man/man7/EVP_SIGNATURE-SLH-DSA.7ssl
install doc/man/man7/OSSL_PROVIDER-FIPS.7 -> /c/ap13-dcb/native-msys-crypto-packages-03/work/openssl-doc-stage/usr/share/man/man7/OSSL_PROVIDER-FIPS.7ssl
install doc/man/man7/OSSL_PROVIDER-base.7 -> /c/ap13-dcb/native-msys-crypto-packages-03/work/openssl-doc-stage/usr/share/man/man7/OSSL_PROVIDER-base.7ssl
install doc/man/man7/OSSL_PROVIDER-default.7 -> /c/ap13-dcb/native-msys-crypto-packages-03/work/openssl-doc-stage/usr/share/man/man7/OSSL_PROVIDER-default.7ssl
install doc/man/man7/OSSL_PROVIDER-legacy.7 -> /c/ap13-dcb/native-msys-crypto-packages-03/work/openssl-doc-stage/usr/share/man/man7/OSSL_PROVIDER-legacy.7ssl
install doc/man/man7/OSSL_PROVIDER-null.7 -> /c/ap13-dcb/native-msys-crypto-packages-03/work/openssl-doc-stage/usr/share/man/man7/OSSL_PROVIDER-null.7ssl
install doc/man/man7/OSSL_STORE-winstore.7 -> /c/ap13-dcb/native-msys-crypto-packages-03/work/openssl-doc-stage/usr/share/man/man7/OSSL_STORE-winstore.7ssl
install doc/man/man7/RAND.7 -> /c/ap13-dcb/native-msys-crypto-packages-03/work/openssl-doc-stage/usr/share/man/man7/RAND.7ssl
install doc/man/man7/RSA-PSS.7 -> /c/ap13-dcb/native-msys-crypto-packages-03/work/openssl-doc-stage/usr/share/man/man7/RSA-PSS.7ssl
install doc/man/man7/X25519.7 -> /c/ap13-dcb/native-msys-crypto-packages-03/work/openssl-doc-stage/usr/share/man/man7/X25519.7ssl
install doc/man/man7/bio.7 -> /c/ap13-dcb/native-msys-crypto-packages-03/work/openssl-doc-stage/usr/share/man/man7/bio.7ssl
install doc/man/man7/ct.7 -> /c/ap13-dcb/native-msys-crypto-packages-03/work/openssl-doc-stage/usr/share/man/man7/ct.7ssl
install doc/man/man7/des_modes.7 -> /c/ap13-dcb/native-msys-crypto-packages-03/work/openssl-doc-stage/usr/share/man/man7/des_modes.7ssl
install doc/man/man7/evp.7 -> /c/ap13-dcb/native-msys-crypto-packages-03/work/openssl-doc-stage/usr/share/man/man7/evp.7ssl
install doc/man/man7/fips_module.7 -> /c/ap13-dcb/native-msys-crypto-packages-03/work/openssl-doc-stage/usr/share/man/man7/fips_module.7ssl
install doc/man/man7/life_cycle-cipher.7 -> /c/ap13-dcb/native-msys-crypto-packages-03/work/openssl-doc-stage/usr/share/man/man7/life_cycle-cipher.7ssl
install doc/man/man7/life_cycle-digest.7 -> /c/ap13-dcb/native-msys-crypto-packages-03/work/openssl-doc-stage/usr/share/man/man7/life_cycle-digest.7ssl
install doc/man/man7/life_cycle-kdf.7 -> /c/ap13-dcb/native-msys-crypto-packages-03/work/openssl-doc-stage/usr/share/man/man7/life_cycle-kdf.7ssl
install doc/man/man7/life_cycle-mac.7 -> /c/ap13-dcb/native-msys-crypto-packages-03/work/openssl-doc-stage/usr/share/man/man7/life_cycle-mac.7ssl
install doc/man/man7/life_cycle-pkey.7 -> /c/ap13-dcb/native-msys-crypto-packages-03/work/openssl-doc-stage/usr/share/man/man7/life_cycle-pkey.7ssl
install doc/man/man7/life_cycle-rand.7 -> /c/ap13-dcb/native-msys-crypto-packages-03/work/openssl-doc-stage/usr/share/man/man7/life_cycle-rand.7ssl
install doc/man/man7/openssl-core.h.7 -> /c/ap13-dcb/native-msys-crypto-packages-03/work/openssl-doc-stage/usr/share/man/man7/openssl-core.h.7ssl
install doc/man/man7/openssl-core_dispatch.h.7 -> /c/ap13-dcb/native-msys-crypto-packages-03/work/openssl-doc-stage/usr/share/man/man7/openssl-core_dispatch.h.7ssl
install doc/man/man7/openssl-core_names.h.7 -> /c/ap13-dcb/native-msys-crypto-packages-03/work/openssl-doc-stage/usr/share/man/man7/openssl-core_names.h.7ssl
install doc/man/man7/openssl-env.7 -> /c/ap13-dcb/native-msys-crypto-packages-03/work/openssl-doc-stage/usr/share/man/man7/openssl-env.7ssl
install doc/man/man7/openssl-glossary.7 -> /c/ap13-dcb/native-msys-crypto-packages-03/work/openssl-doc-stage/usr/share/man/man7/openssl-glossary.7ssl
install doc/man/man7/openssl-qlog.7 -> /c/ap13-dcb/native-msys-crypto-packages-03/work/openssl-doc-stage/usr/share/man/man7/openssl-qlog.7ssl
install doc/man/man7/openssl-quic-concurrency.7 -> /c/ap13-dcb/native-msys-crypto-packages-03/work/openssl-doc-stage/usr/share/man/man7/openssl-quic-concurrency.7ssl
install doc/man/man7/openssl-quic.7 -> /c/ap13-dcb/native-msys-crypto-packages-03/work/openssl-doc-stage/usr/share/man/man7/openssl-quic.7ssl
install doc/man/man7/openssl-threads.7 -> /c/ap13-dcb/native-msys-crypto-packages-03/work/openssl-doc-stage/usr/share/man/man7/openssl-threads.7ssl
install doc/man/man7/openssl_user_macros.7 -> /c/ap13-dcb/native-msys-crypto-packages-03/work/openssl-doc-stage/usr/share/man/man7/openssl_user_macros.7ssl
install doc/man/man7/ossl-guide-introduction.7 -> /c/ap13-dcb/native-msys-crypto-packages-03/work/openssl-doc-stage/usr/share/man/man7/ossl-guide-introduction.7ssl
install doc/man/man7/ossl-guide-libcrypto-introduction.7 -> /c/ap13-dcb/native-msys-crypto-packages-03/work/openssl-doc-stage/usr/share/man/man7/ossl-guide-libcrypto-introduction.7ssl
install doc/man/man7/ossl-guide-libraries-introduction.7 -> /c/ap13-dcb/native-msys-crypto-packages-03/work/openssl-doc-stage/usr/share/man/man7/ossl-guide-libraries-introduction.7ssl
install doc/man/man7/ossl-guide-libssl-introduction.7 -> /c/ap13-dcb/native-msys-crypto-packages-03/work/openssl-doc-stage/usr/share/man/man7/ossl-guide-libssl-introduction.7ssl
install doc/man/man7/ossl-guide-migration.7 -> /c/ap13-dcb/native-msys-crypto-packages-03/work/openssl-doc-stage/usr/share/man/man7/ossl-guide-migration.7ssl
install doc/man/man7/ossl-guide-quic-client-block.7 -> /c/ap13-dcb/native-msys-crypto-packages-03/work/openssl-doc-stage/usr/share/man/man7/ossl-guide-quic-client-block.7ssl
install doc/man/man7/ossl-guide-quic-client-non-block.7 -> /c/ap13-dcb/native-msys-crypto-packages-03/work/openssl-doc-stage/usr/share/man/man7/ossl-guide-quic-client-non-block.7ssl
install doc/man/man7/ossl-guide-quic-introduction.7 -> /c/ap13-dcb/native-msys-crypto-packages-03/work/openssl-doc-stage/usr/share/man/man7/ossl-guide-quic-introduction.7ssl
install doc/man/man7/ossl-guide-quic-multi-stream.7 -> /c/ap13-dcb/native-msys-crypto-packages-03/work/openssl-doc-stage/usr/share/man/man7/ossl-guide-quic-multi-stream.7ssl
install doc/man/man7/ossl-guide-quic-server-block.7 -> /c/ap13-dcb/native-msys-crypto-packages-03/work/openssl-doc-stage/usr/share/man/man7/ossl-guide-quic-server-block.7ssl
install doc/man/man7/ossl-guide-quic-server-non-block.7 -> /c/ap13-dcb/native-msys-crypto-packages-03/work/openssl-doc-stage/usr/share/man/man7/ossl-guide-quic-server-non-block.7ssl
install doc/man/man7/ossl-guide-tls-client-block.7 -> /c/ap13-dcb/native-msys-crypto-packages-03/work/openssl-doc-stage/usr/share/man/man7/ossl-guide-tls-client-block.7ssl
install doc/man/man7/ossl-guide-tls-client-non-block.7 -> /c/ap13-dcb/native-msys-crypto-packages-03/work/openssl-doc-stage/usr/share/man/man7/ossl-guide-tls-client-non-block.7ssl
install doc/man/man7/ossl-guide-tls-introduction.7 -> /c/ap13-dcb/native-msys-crypto-packages-03/work/openssl-doc-stage/usr/share/man/man7/ossl-guide-tls-introduction.7ssl
install doc/man/man7/ossl-guide-tls-server-block.7 -> /c/ap13-dcb/native-msys-crypto-packages-03/work/openssl-doc-stage/usr/share/man/man7/ossl-guide-tls-server-block.7ssl
install doc/man/man7/ossl_store-file.7 -> /c/ap13-dcb/native-msys-crypto-packages-03/work/openssl-doc-stage/usr/share/man/man7/ossl_store-file.7ssl
install doc/man/man7/ossl_store.7 -> /c/ap13-dcb/native-msys-crypto-packages-03/work/openssl-doc-stage/usr/share/man/man7/ossl_store.7ssl
install doc/man/man7/passphrase-encoding.7 -> /c/ap13-dcb/native-msys-crypto-packages-03/work/openssl-doc-stage/usr/share/man/man7/passphrase-encoding.7ssl
install doc/man/man7/property.7 -> /c/ap13-dcb/native-msys-crypto-packages-03/work/openssl-doc-stage/usr/share/man/man7/property.7ssl
install doc/man/man7/provider-asym_cipher.7 -> /c/ap13-dcb/native-msys-crypto-packages-03/work/openssl-doc-stage/usr/share/man/man7/provider-asym_cipher.7ssl
install doc/man/man7/provider-base.7 -> /c/ap13-dcb/native-msys-crypto-packages-03/work/openssl-doc-stage/usr/share/man/man7/provider-base.7ssl
install doc/man/man7/provider-cipher.7 -> /c/ap13-dcb/native-msys-crypto-packages-03/work/openssl-doc-stage/usr/share/man/man7/provider-cipher.7ssl
install doc/man/man7/provider-decoder.7 -> /c/ap13-dcb/native-msys-crypto-packages-03/work/openssl-doc-stage/usr/share/man/man7/provider-decoder.7ssl
install doc/man/man7/provider-digest.7 -> /c/ap13-dcb/native-msys-crypto-packages-03/work/openssl-doc-stage/usr/share/man/man7/provider-digest.7ssl
install doc/man/man7/provider-encoder.7 -> /c/ap13-dcb/native-msys-crypto-packages-03/work/openssl-doc-stage/usr/share/man/man7/provider-encoder.7ssl
install doc/man/man7/provider-kdf.7 -> /c/ap13-dcb/native-msys-crypto-packages-03/work/openssl-doc-stage/usr/share/man/man7/provider-kdf.7ssl
install doc/man/man7/provider-kem.7 -> /c/ap13-dcb/native-msys-crypto-packages-03/work/openssl-doc-stage/usr/share/man/man7/provider-kem.7ssl
install doc/man/man7/provider-keyexch.7 -> /c/ap13-dcb/native-msys-crypto-packages-03/work/openssl-doc-stage/usr/share/man/man7/provider-keyexch.7ssl
install doc/man/man7/provider-keymgmt.7 -> /c/ap13-dcb/native-msys-crypto-packages-03/work/openssl-doc-stage/usr/share/man/man7/provider-keymgmt.7ssl
install doc/man/man7/provider-mac.7 -> /c/ap13-dcb/native-msys-crypto-packages-03/work/openssl-doc-stage/usr/share/man/man7/provider-mac.7ssl
install doc/man/man7/provider-object.7 -> /c/ap13-dcb/native-msys-crypto-packages-03/work/openssl-doc-stage/usr/share/man/man7/provider-object.7ssl
install doc/man/man7/provider-rand.7 -> /c/ap13-dcb/native-msys-crypto-packages-03/work/openssl-doc-stage/usr/share/man/man7/provider-rand.7ssl
install doc/man/man7/provider-signature.7 -> /c/ap13-dcb/native-msys-crypto-packages-03/work/openssl-doc-stage/usr/share/man/man7/provider-signature.7ssl
install doc/man/man7/provider-skeymgmt.7 -> /c/ap13-dcb/native-msys-crypto-packages-03/work/openssl-doc-stage/usr/share/man/man7/provider-skeymgmt.7ssl
install doc/man/man7/provider-storemgmt.7 -> /c/ap13-dcb/native-msys-crypto-packages-03/work/openssl-doc-stage/usr/share/man/man7/provider-storemgmt.7ssl
install doc/man/man7/provider.7 -> /c/ap13-dcb/native-msys-crypto-packages-03/work/openssl-doc-stage/usr/share/man/man7/provider.7ssl
install doc/man/man7/proxy-certificates.7 -> /c/ap13-dcb/native-msys-crypto-packages-03/work/openssl-doc-stage/usr/share/man/man7/proxy-certificates.7ssl
install doc/man/man7/x509.7 -> /c/ap13-dcb/native-msys-crypto-packages-03/work/openssl-doc-stage/usr/share/man/man7/x509.7ssl
created directory `/c/ap13-dcb/native-msys-crypto-packages-03/work/openssl-doc-stage/usr/share/doc'
created directory `/c/ap13-dcb/native-msys-crypto-packages-03/work/openssl-doc-stage/usr/share/doc/openssl'
created directory `/c/ap13-dcb/native-msys-crypto-packages-03/work/openssl-doc-stage/usr/share/doc/openssl/html'
created directory `/c/ap13-dcb/native-msys-crypto-packages-03/work/openssl-doc-stage/usr/share/doc/openssl/html/man7'
created directory `/c/ap13-dcb/native-msys-crypto-packages-03/work/openssl-doc-stage/usr/share/doc/openssl/html/man7/img'
install doc/man7/img/cipher.png -> /c/ap13-dcb/native-msys-crypto-packages-03/work/openssl-doc-stage/usr/share/doc/openssl/html/man7/img/cipher.png
install doc/man7/img/digest.png -> /c/ap13-dcb/native-msys-crypto-packages-03/work/openssl-doc-stage/usr/share/doc/openssl/html/man7/img/digest.png
install doc/man7/img/kdf.png -> /c/ap13-dcb/native-msys-crypto-packages-03/work/openssl-doc-stage/usr/share/doc/openssl/html/man7/img/kdf.png
install doc/man7/img/mac.png -> /c/ap13-dcb/native-msys-crypto-packages-03/work/openssl-doc-stage/usr/share/doc/openssl/html/man7/img/mac.png
install doc/man7/img/pkey.png -> /c/ap13-dcb/native-msys-crypto-packages-03/work/openssl-doc-stage/usr/share/doc/openssl/html/man7/img/pkey.png
install doc/man7/img/rand.png -> /c/ap13-dcb/native-msys-crypto-packages-03/work/openssl-doc-stage/usr/share/doc/openssl/html/man7/img/rand.png
perl ./util/mkpod2html.pl -i "doc/man1/CA.pl.pod" -o doc/html/man1/CA.pl.html -t "CA.pl" -r "./doc"
perl ./util/mkpod2html.pl -i "doc/man1/openssl-asn1parse.pod" -o doc/html/man1/openssl-asn1parse.html -t "openssl-asn1parse" -r "./doc"
perl ./util/mkpod2html.pl -i "doc/man1/openssl-ca.pod" -o doc/html/man1/openssl-ca.html -t "openssl-ca" -r "./doc"
perl ./util/mkpod2html.pl -i "doc/man1/openssl-ciphers.pod" -o doc/html/man1/openssl-ciphers.html -t "openssl-ciphers" -r "./doc"
perl ./util/mkpod2html.pl -i "doc/man1/openssl-cmds.pod" -o doc/html/man1/openssl-cmds.html -t "openssl-cmds" -r "./doc"
perl ./util/mkpod2html.pl -i "doc/man1/openssl-cmp.pod" -o doc/html/man1/openssl-cmp.html -t "openssl-cmp" -r "./doc"
perl ./util/mkpod2html.pl -i "doc/man1/openssl-cms.pod" -o doc/html/man1/openssl-cms.html -t "openssl-cms" -r "./doc"
perl ./util/mkpod2html.pl -i "doc/man1/openssl-configutl.pod" -o doc/html/man1/openssl-configutl.html -t "openssl-configutl" -r "./doc"
perl ./util/mkpod2html.pl -i "doc/man1/openssl-crl.pod" -o doc/html/man1/openssl-crl.html -t "openssl-crl" -r "./doc"
perl ./util/mkpod2html.pl -i "doc/man1/openssl-crl2pkcs7.pod" -o doc/html/man1/openssl-crl2pkcs7.html -t "openssl-crl2pkcs7" -r "./doc"
perl ./util/mkpod2html.pl -i "doc/man1/openssl-dgst.pod" -o doc/html/man1/openssl-dgst.html -t "openssl-dgst" -r "./doc"
perl ./util/mkpod2html.pl -i "doc/man1/openssl-dhparam.pod" -o doc/html/man1/openssl-dhparam.html -t "openssl-dhparam" -r "./doc"
perl ./util/mkpod2html.pl -i "doc/man1/openssl-dsa.pod" -o doc/html/man1/openssl-dsa.html -t "openssl-dsa" -r "./doc"
perl ./util/mkpod2html.pl -i "doc/man1/openssl-dsaparam.pod" -o doc/html/man1/openssl-dsaparam.html -t "openssl-dsaparam" -r "./doc"
perl ./util/mkpod2html.pl -i "doc/man1/openssl-ec.pod" -o doc/html/man1/openssl-ec.html -t "openssl-ec" -r "./doc"
perl ./util/mkpod2html.pl -i "doc/man1/openssl-ecparam.pod" -o doc/html/man1/openssl-ecparam.html -t "openssl-ecparam" -r "./doc"
perl ./util/mkpod2html.pl -i "doc/man1/openssl-enc.pod" -o doc/html/man1/openssl-enc.html -t "openssl-enc" -r "./doc"
perl ./util/mkpod2html.pl -i "doc/man1/openssl-engine.pod" -o doc/html/man1/openssl-engine.html -t "openssl-engine" -r "./doc"
perl ./util/mkpod2html.pl -i "doc/man1/openssl-errstr.pod" -o doc/html/man1/openssl-errstr.html -t "openssl-errstr" -r "./doc"
perl ./util/mkpod2html.pl -i "doc/man1/openssl-fipsinstall.pod" -o doc/html/man1/openssl-fipsinstall.html -t "openssl-fipsinstall" -r "./doc"
perl ./util/mkpod2html.pl -i "doc/man1/openssl-format-options.pod" -o doc/html/man1/openssl-format-options.html -t "openssl-format-options" -r "./doc"
perl ./util/mkpod2html.pl -i "doc/man1/openssl-gendsa.pod" -o doc/html/man1/openssl-gendsa.html -t "openssl-gendsa" -r "./doc"
perl ./util/mkpod2html.pl -i "doc/man1/openssl-genpkey.pod" -o doc/html/man1/openssl-genpkey.html -t "openssl-genpkey" -r "./doc"
perl ./util/mkpod2html.pl -i "doc/man1/openssl-genrsa.pod" -o doc/html/man1/openssl-genrsa.html -t "openssl-genrsa" -r "./doc"
perl ./util/mkpod2html.pl -i "doc/man1/openssl-info.pod" -o doc/html/man1/openssl-info.html -t "openssl-info" -r "./doc"
perl ./util/mkpod2html.pl -i "doc/man1/openssl-kdf.pod" -o doc/html/man1/openssl-kdf.html -t "openssl-kdf" -r "./doc"
perl ./util/mkpod2html.pl -i "doc/man1/openssl-list.pod" -o doc/html/man1/openssl-list.html -t "openssl-list" -r "./doc"
perl ./util/mkpod2html.pl -i "doc/man1/openssl-mac.pod" -o doc/html/man1/openssl-mac.html -t "openssl-mac" -r "./doc"
perl ./util/mkpod2html.pl -i "doc/man1/openssl-namedisplay-options.pod" -o doc/html/man1/openssl-namedisplay-options.html -t "openssl-namedisplay-options" -r "./doc"
perl ./util/mkpod2html.pl -i "doc/man1/openssl-nseq.pod" -o doc/html/man1/openssl-nseq.html -t "openssl-nseq" -r "./doc"
perl ./util/mkpod2html.pl -i "doc/man1/openssl-ocsp.pod" -o doc/html/man1/openssl-ocsp.html -t "openssl-ocsp" -r "./doc"
perl ./util/mkpod2html.pl -i "doc/man1/openssl-passphrase-options.pod" -o doc/html/man1/openssl-passphrase-options.html -t "openssl-passphrase-options" -r "./doc"
perl ./util/mkpod2html.pl -i "doc/man1/openssl-passwd.pod" -o doc/html/man1/openssl-passwd.html -t "openssl-passwd" -r "./doc"
perl ./util/mkpod2html.pl -i "doc/man1/openssl-pkcs12.pod" -o doc/html/man1/openssl-pkcs12.html -t "openssl-pkcs12" -r "./doc"
perl ./util/mkpod2html.pl -i "doc/man1/openssl-pkcs7.pod" -o doc/html/man1/openssl-pkcs7.html -t "openssl-pkcs7" -r "./doc"
perl ./util/mkpod2html.pl -i "doc/man1/openssl-pkcs8.pod" -o doc/html/man1/openssl-pkcs8.html -t "openssl-pkcs8" -r "./doc"
perl ./util/mkpod2html.pl -i "doc/man1/openssl-pkey.pod" -o doc/html/man1/openssl-pkey.html -t "openssl-pkey" -r "./doc"
perl ./util/mkpod2html.pl -i "doc/man1/openssl-pkeyparam.pod" -o doc/html/man1/openssl-pkeyparam.html -t "openssl-pkeyparam" -r "./doc"
perl ./util/mkpod2html.pl -i "doc/man1/openssl-pkeyutl.pod" -o doc/html/man1/openssl-pkeyutl.html -t "openssl-pkeyutl" -r "./doc"
perl ./util/mkpod2html.pl -i "doc/man1/openssl-prime.pod" -o doc/html/man1/openssl-prime.html -t "openssl-prime" -r "./doc"
perl ./util/mkpod2html.pl -i "doc/man1/openssl-rand.pod" -o doc/html/man1/openssl-rand.html -t "openssl-rand" -r "./doc"
perl ./util/mkpod2html.pl -i "doc/man1/openssl-rehash.pod" -o doc/html/man1/openssl-rehash.html -t "openssl-rehash" -r "./doc"
perl ./util/mkpod2html.pl -i "doc/man1/openssl-req.pod" -o doc/html/man1/openssl-req.html -t "openssl-req" -r "./doc"
perl ./util/mkpod2html.pl -i "doc/man1/openssl-rsa.pod" -o doc/html/man1/openssl-rsa.html -t "openssl-rsa" -r "./doc"
perl ./util/mkpod2html.pl -i "doc/man1/openssl-rsautl.pod" -o doc/html/man1/openssl-rsautl.html -t "openssl-rsautl" -r "./doc"
perl ./util/mkpod2html.pl -i "doc/man1/openssl-s_client.pod" -o doc/html/man1/openssl-s_client.html -t "openssl-s_client" -r "./doc"
perl ./util/mkpod2html.pl -i "doc/man1/openssl-s_server.pod" -o doc/html/man1/openssl-s_server.html -t "openssl-s_server" -r "./doc"
perl ./util/mkpod2html.pl -i "doc/man1/openssl-s_time.pod" -o doc/html/man1/openssl-s_time.html -t "openssl-s_time" -r "./doc"
perl ./util/mkpod2html.pl -i "doc/man1/openssl-sess_id.pod" -o doc/html/man1/openssl-sess_id.html -t "openssl-sess_id" -r "./doc"
perl ./util/mkpod2html.pl -i "doc/man1/openssl-skeyutl.pod" -o doc/html/man1/openssl-skeyutl.html -t "openssl-skeyutl" -r "./doc"
perl ./util/mkpod2html.pl -i "doc/man1/openssl-smime.pod" -o doc/html/man1/openssl-smime.html -t "openssl-smime" -r "./doc"
perl ./util/mkpod2html.pl -i "doc/man1/openssl-speed.pod" -o doc/html/man1/openssl-speed.html -t "openssl-speed" -r "./doc"
perl ./util/mkpod2html.pl -i "doc/man1/openssl-spkac.pod" -o doc/html/man1/openssl-spkac.html -t "openssl-spkac" -r "./doc"
perl ./util/mkpod2html.pl -i "doc/man1/openssl-srp.pod" -o doc/html/man1/openssl-srp.html -t "openssl-srp" -r "./doc"
perl ./util/mkpod2html.pl -i "doc/man1/openssl-storeutl.pod" -o doc/html/man1/openssl-storeutl.html -t "openssl-storeutl" -r "./doc"
perl ./util/mkpod2html.pl -i "doc/man1/openssl-ts.pod" -o doc/html/man1/openssl-ts.html -t "openssl-ts" -r "./doc"
perl ./util/mkpod2html.pl -i "doc/man1/openssl-verification-options.pod" -o doc/html/man1/openssl-verification-options.html -t "openssl-verification-options" -r "./doc"
perl ./util/mkpod2html.pl -i "doc/man1/openssl-verify.pod" -o doc/html/man1/openssl-verify.html -t "openssl-verify" -r "./doc"
perl ./util/mkpod2html.pl -i "doc/man1/openssl-version.pod" -o doc/html/man1/openssl-version.html -t "openssl-version" -r "./doc"
perl ./util/mkpod2html.pl -i "doc/man1/openssl-x509.pod" -o doc/html/man1/openssl-x509.html -t "openssl-x509" -r "./doc"
perl ./util/mkpod2html.pl -i "doc/man1/openssl.pod" -o doc/html/man1/openssl.html -t "openssl" -r "./doc"
perl ./util/mkpod2html.pl -i "doc/man1/tsget.pod" -o doc/html/man1/tsget.html -t "tsget" -r "./doc"
perl ./util/mkpod2html.pl -i "doc/man3/ADMISSIONS.pod" -o doc/html/man3/ADMISSIONS.html -t "ADMISSIONS" -r "./doc"
perl ./util/mkpod2html.pl -i "doc/man3/ASN1_EXTERN_FUNCS.pod" -o doc/html/man3/ASN1_EXTERN_FUNCS.html -t "ASN1_EXTERN_FUNCS" -r "./doc"
perl ./util/mkpod2html.pl -i "doc/man3/ASN1_INTEGER_get_int64.pod" -o doc/html/man3/ASN1_INTEGER_get_int64.html -t "ASN1_INTEGER_get_int64" -r "./doc"
perl ./util/mkpod2html.pl -i "doc/man3/ASN1_INTEGER_new.pod" -o doc/html/man3/ASN1_INTEGER_new.html -t "ASN1_INTEGER_new" -r "./doc"
perl ./util/mkpod2html.pl -i "doc/man3/ASN1_ITEM_lookup.pod" -o doc/html/man3/ASN1_ITEM_lookup.html -t "ASN1_ITEM_lookup" -r "./doc"
perl ./util/mkpod2html.pl -i "doc/man3/ASN1_OBJECT_new.pod" -o doc/html/man3/ASN1_OBJECT_new.html -t "ASN1_OBJECT_new" -r "./doc"
perl ./util/mkpod2html.pl -i "doc/man3/ASN1_STRING_TABLE_add.pod" -o doc/html/man3/ASN1_STRING_TABLE_add.html -t "ASN1_STRING_TABLE_add" -r "./doc"
perl ./util/mkpod2html.pl -i "doc/man3/ASN1_STRING_length.pod" -o doc/html/man3/ASN1_STRING_length.html -t "ASN1_STRING_length" -r "./doc"
perl ./util/mkpod2html.pl -i "doc/man3/ASN1_STRING_new.pod" -o doc/html/man3/ASN1_STRING_new.html -t "ASN1_STRING_new" -r "./doc"
perl ./util/mkpod2html.pl -i "doc/man3/ASN1_STRING_print_ex.pod" -o doc/html/man3/ASN1_STRING_print_ex.html -t "ASN1_STRING_print_ex" -r "./doc"
perl ./util/mkpod2html.pl -i "doc/man3/ASN1_TIME_set.pod" -o doc/html/man3/ASN1_TIME_set.html -t "ASN1_TIME_set" -r "./doc"
perl ./util/mkpod2html.pl -i "doc/man3/ASN1_TYPE_get.pod" -o doc/html/man3/ASN1_TYPE_get.html -t "ASN1_TYPE_get" -r "./doc"
perl ./util/mkpod2html.pl -i "doc/man3/ASN1_aux_cb.pod" -o doc/html/man3/ASN1_aux_cb.html -t "ASN1_aux_cb" -r "./doc"
perl ./util/mkpod2html.pl -i "doc/man3/ASN1_generate_nconf.pod" -o doc/html/man3/ASN1_generate_nconf.html -t "ASN1_generate_nconf" -r "./doc"
perl ./util/mkpod2html.pl -i "doc/man3/ASN1_item_d2i_bio.pod" -o doc/html/man3/ASN1_item_d2i_bio.html -t "ASN1_item_d2i_bio" -r "./doc"
perl ./util/mkpod2html.pl -i "doc/man3/ASN1_item_new.pod" -o doc/html/man3/ASN1_item_new.html -t "ASN1_item_new" -r "./doc"
perl ./util/mkpod2html.pl -i "doc/man3/ASN1_item_sign.pod" -o doc/html/man3/ASN1_item_sign.html -t "ASN1_item_sign" -r "./doc"
perl ./util/mkpod2html.pl -i "doc/man3/ASYNC_WAIT_CTX_new.pod" -o doc/html/man3/ASYNC_WAIT_CTX_new.html -t "ASYNC_WAIT_CTX_new" -r "./doc"
perl ./util/mkpod2html.pl -i "doc/man3/ASYNC_start_job.pod" -o doc/html/man3/ASYNC_start_job.html -t "ASYNC_start_job" -r "./doc"
perl ./util/mkpod2html.pl -i "doc/man3/BF_encrypt.pod" -o doc/html/man3/BF_encrypt.html -t "BF_encrypt" -r "./doc"
perl ./util/mkpod2html.pl -i "doc/man3/BIO_ADDR.pod" -o doc/html/man3/BIO_ADDR.html -t "BIO_ADDR" -r "./doc"
perl ./util/mkpod2html.pl -i "doc/man3/BIO_ADDRINFO.pod" -o doc/html/man3/BIO_ADDRINFO.html -t "BIO_ADDRINFO" -r "./doc"
perl ./util/mkpod2html.pl -i "doc/man3/BIO_connect.pod" -o doc/html/man3/BIO_connect.html -t "BIO_connect" -r "./doc"
perl ./util/mkpod2html.pl -i "doc/man3/BIO_ctrl.pod" -o doc/html/man3/BIO_ctrl.html -t "BIO_ctrl" -r "./doc"
perl ./util/mkpod2html.pl -i "doc/man3/BIO_f_base64.pod" -o doc/html/man3/BIO_f_base64.html -t "BIO_f_base64" -r "./doc"
perl ./util/mkpod2html.pl -i "doc/man3/BIO_f_buffer.pod" -o doc/html/man3/BIO_f_buffer.html -t "BIO_f_buffer" -r "./doc"
perl ./util/mkpod2html.pl -i "doc/man3/BIO_f_cipher.pod" -o doc/html/man3/BIO_f_cipher.html -t "BIO_f_cipher" -r "./doc"
perl ./util/mkpod2html.pl -i "doc/man3/BIO_f_md.pod" -o doc/html/man3/BIO_f_md.html -t "BIO_f_md" -r "./doc"
perl ./util/mkpod2html.pl -i "doc/man3/BIO_f_null.pod" -o doc/html/man3/BIO_f_null.html -t "BIO_f_null" -r "./doc"
perl ./util/mkpod2html.pl -i "doc/man3/BIO_f_prefix.pod" -o doc/html/man3/BIO_f_prefix.html -t "BIO_f_prefix" -r "./doc"
perl ./util/mkpod2html.pl -i "doc/man3/BIO_f_readbuffer.pod" -o doc/html/man3/BIO_f_readbuffer.html -t "BIO_f_readbuffer" -r "./doc"
perl ./util/mkpod2html.pl -i "doc/man3/BIO_f_ssl.pod" -o doc/html/man3/BIO_f_ssl.html -t "BIO_f_ssl" -r "./doc"
perl ./util/mkpod2html.pl -i "doc/man3/BIO_find_type.pod" -o doc/html/man3/BIO_find_type.html -t "BIO_find_type" -r "./doc"
perl ./util/mkpod2html.pl -i "doc/man3/BIO_get_data.pod" -o doc/html/man3/BIO_get_data.html -t "BIO_get_data" -r "./doc"
perl ./util/mkpod2html.pl -i "doc/man3/BIO_get_ex_new_index.pod" -o doc/html/man3/BIO_get_ex_new_index.html -t "BIO_get_ex_new_index" -r "./doc"
perl ./util/mkpod2html.pl -i "doc/man3/BIO_get_rpoll_descriptor.pod" -o doc/html/man3/BIO_get_rpoll_descriptor.html -t "BIO_get_rpoll_descriptor" -r "./doc"
perl ./util/mkpod2html.pl -i "doc/man3/BIO_meth_new.pod" -o doc/html/man3/BIO_meth_new.html -t "BIO_meth_new" -r "./doc"
perl ./util/mkpod2html.pl -i "doc/man3/BIO_new.pod" -o doc/html/man3/BIO_new.html -t "BIO_new" -r "./doc"
perl ./util/mkpod2html.pl -i "doc/man3/BIO_new_CMS.pod" -o doc/html/man3/BIO_new_CMS.html -t "BIO_new_CMS" -r "./doc"
perl ./util/mkpod2html.pl -i "doc/man3/BIO_parse_hostserv.pod" -o doc/html/man3/BIO_parse_hostserv.html -t "BIO_parse_hostserv" -r "./doc"
perl ./util/mkpod2html.pl -i "doc/man3/BIO_printf.pod" -o doc/html/man3/BIO_printf.html -t "BIO_printf" -r "./doc"
perl ./util/mkpod2html.pl -i "doc/man3/BIO_push.pod" -o doc/html/man3/BIO_push.html -t "BIO_push" -r "./doc"
perl ./util/mkpod2html.pl -i "doc/man3/BIO_read.pod" -o doc/html/man3/BIO_read.html -t "BIO_read" -r "./doc"
perl ./util/mkpod2html.pl -i "doc/man3/BIO_s_accept.pod" -o doc/html/man3/BIO_s_accept.html -t "BIO_s_accept" -r "./doc"
perl ./util/mkpod2html.pl -i "doc/man3/BIO_s_bio.pod" -o doc/html/man3/BIO_s_bio.html -t "BIO_s_bio" -r "./doc"
perl ./util/mkpod2html.pl -i "doc/man3/BIO_s_connect.pod" -o doc/html/man3/BIO_s_connect.html -t "BIO_s_connect" -r "./doc"
perl ./util/mkpod2html.pl -i "doc/man3/BIO_s_core.pod" -o doc/html/man3/BIO_s_core.html -t "BIO_s_core" -r "./doc"
perl ./util/mkpod2html.pl -i "doc/man3/BIO_s_datagram.pod" -o doc/html/man3/BIO_s_datagram.html -t "BIO_s_datagram" -r "./doc"
perl ./util/mkpod2html.pl -i "doc/man3/BIO_s_dgram_pair.pod" -o doc/html/man3/BIO_s_dgram_pair.html -t "BIO_s_dgram_pair" -r "./doc"
perl ./util/mkpod2html.pl -i "doc/man3/BIO_s_fd.pod" -o doc/html/man3/BIO_s_fd.html -t "BIO_s_fd" -r "./doc"
perl ./util/mkpod2html.pl -i "doc/man3/BIO_s_file.pod" -o doc/html/man3/BIO_s_file.html -t "BIO_s_file" -r "./doc"
perl ./util/mkpod2html.pl -i "doc/man3/BIO_s_mem.pod" -o doc/html/man3/BIO_s_mem.html -t "BIO_s_mem" -r "./doc"
perl ./util/mkpod2html.pl -i "doc/man3/BIO_s_null.pod" -o doc/html/man3/BIO_s_null.html -t "BIO_s_null" -r "./doc"
perl ./util/mkpod2html.pl -i "doc/man3/BIO_s_socket.pod" -o doc/html/man3/BIO_s_socket.html -t "BIO_s_socket" -r "./doc"
perl ./util/mkpod2html.pl -i "doc/man3/BIO_sendmmsg.pod" -o doc/html/man3/BIO_sendmmsg.html -t "BIO_sendmmsg" -r "./doc"
perl ./util/mkpod2html.pl -i "doc/man3/BIO_set_callback.pod" -o doc/html/man3/BIO_set_callback.html -t "BIO_set_callback" -r "./doc"
perl ./util/mkpod2html.pl -i "doc/man3/BIO_set_flags.pod" -o doc/html/man3/BIO_set_flags.html -t "BIO_set_flags" -r "./doc"
perl ./util/mkpod2html.pl -i "doc/man3/BIO_should_retry.pod" -o doc/html/man3/BIO_should_retry.html -t "BIO_should_retry" -r "./doc"
perl ./util/mkpod2html.pl -i "doc/man3/BIO_socket_wait.pod" -o doc/html/man3/BIO_socket_wait.html -t "BIO_socket_wait" -r "./doc"
perl ./util/mkpod2html.pl -i "doc/man3/BN_BLINDING_new.pod" -o doc/html/man3/BN_BLINDING_new.html -t "BN_BLINDING_new" -r "./doc"
perl ./util/mkpod2html.pl -i "doc/man3/BN_CTX_new.pod" -o doc/html/man3/BN_CTX_new.html -t "BN_CTX_new" -r "./doc"
perl ./util/mkpod2html.pl -i "doc/man3/BN_CTX_start.pod" -o doc/html/man3/BN_CTX_start.html -t "BN_CTX_start" -r "./doc"
perl ./util/mkpod2html.pl -i "doc/man3/BN_add.pod" -o doc/html/man3/BN_add.html -t "BN_add" -r "./doc"
perl ./util/mkpod2html.pl -i "doc/man3/BN_add_word.pod" -o doc/html/man3/BN_add_word.html -t "BN_add_word" -r "./doc"
perl ./util/mkpod2html.pl -i "doc/man3/BN_bn2bin.pod" -o doc/html/man3/BN_bn2bin.html -t "BN_bn2bin" -r "./doc"
perl ./util/mkpod2html.pl -i "doc/man3/BN_cmp.pod" -o doc/html/man3/BN_cmp.html -t "BN_cmp" -r "./doc"
perl ./util/mkpod2html.pl -i "doc/man3/BN_copy.pod" -o doc/html/man3/BN_copy.html -t "BN_copy" -r "./doc"
perl ./util/mkpod2html.pl -i "doc/man3/BN_generate_prime.pod" -o doc/html/man3/BN_generate_prime.html -t "BN_generate_prime" -r "./doc"
perl ./util/mkpod2html.pl -i "doc/man3/BN_mod_exp_mont.pod" -o doc/html/man3/BN_mod_exp_mont.html -t "BN_mod_exp_mont" -r "./doc"
perl ./util/mkpod2html.pl -i "doc/man3/BN_mod_inverse.pod" -o doc/html/man3/BN_mod_inverse.html -t "BN_mod_inverse" -r "./doc"
perl ./util/mkpod2html.pl -i "doc/man3/BN_mod_mul_montgomery.pod" -o doc/html/man3/BN_mod_mul_montgomery.html -t "BN_mod_mul_montgomery" -r "./doc"
perl ./util/mkpod2html.pl -i "doc/man3/BN_mod_mul_reciprocal.pod" -o doc/html/man3/BN_mod_mul_reciprocal.html -t "BN_mod_mul_reciprocal" -r "./doc"
perl ./util/mkpod2html.pl -i "doc/man3/BN_new.pod" -o doc/html/man3/BN_new.html -t "BN_new" -r "./doc"
perl ./util/mkpod2html.pl -i "doc/man3/BN_num_bytes.pod" -o doc/html/man3/BN_num_bytes.html -t "BN_num_bytes" -r "./doc"
perl ./util/mkpod2html.pl -i "doc/man3/BN_rand.pod" -o doc/html/man3/BN_rand.html -t "BN_rand" -r "./doc"
perl ./util/mkpod2html.pl -i "doc/man3/BN_security_bits.pod" -o doc/html/man3/BN_security_bits.html -t "BN_security_bits" -r "./doc"
perl ./util/mkpod2html.pl -i "doc/man3/BN_set_bit.pod" -o doc/html/man3/BN_set_bit.html -t "BN_set_bit" -r "./doc"
perl ./util/mkpod2html.pl -i "doc/man3/BN_swap.pod" -o doc/html/man3/BN_swap.html -t "BN_swap" -r "./doc"
perl ./util/mkpod2html.pl -i "doc/man3/BN_zero.pod" -o doc/html/man3/BN_zero.html -t "BN_zero" -r "./doc"
perl ./util/mkpod2html.pl -i "doc/man3/BUF_MEM_new.pod" -o doc/html/man3/BUF_MEM_new.html -t "BUF_MEM_new" -r "./doc"
perl ./util/mkpod2html.pl -i "doc/man3/CMAC_CTX.pod" -o doc/html/man3/CMAC_CTX.html -t "CMAC_CTX" -r "./doc"
perl ./util/mkpod2html.pl -i "doc/man3/CMS_EncryptedData_decrypt.pod" -o doc/html/man3/CMS_EncryptedData_decrypt.html -t "CMS_EncryptedData_decrypt" -r "./doc"
perl ./util/mkpod2html.pl -i "doc/man3/CMS_EncryptedData_encrypt.pod" -o doc/html/man3/CMS_EncryptedData_encrypt.html -t "CMS_EncryptedData_encrypt" -r "./doc"
perl ./util/mkpod2html.pl -i "doc/man3/CMS_EncryptedData_set1_key.pod" -o doc/html/man3/CMS_EncryptedData_set1_key.html -t "CMS_EncryptedData_set1_key" -r "./doc"
perl ./util/mkpod2html.pl -i "doc/man3/CMS_EnvelopedData_create.pod" -o doc/html/man3/CMS_EnvelopedData_create.html -t "CMS_EnvelopedData_create" -r "./doc"
perl ./util/mkpod2html.pl -i "doc/man3/CMS_add0_cert.pod" -o doc/html/man3/CMS_add0_cert.html -t "CMS_add0_cert" -r "./doc"
perl ./util/mkpod2html.pl -i "doc/man3/CMS_add1_recipient_cert.pod" -o doc/html/man3/CMS_add1_recipient_cert.html -t "CMS_add1_recipient_cert" -r "./doc"
perl ./util/mkpod2html.pl -i "doc/man3/CMS_add1_signer.pod" -o doc/html/man3/CMS_add1_signer.html -t "CMS_add1_signer" -r "./doc"
perl ./util/mkpod2html.pl -i "doc/man3/CMS_compress.pod" -o doc/html/man3/CMS_compress.html -t "CMS_compress" -r "./doc"
perl ./util/mkpod2html.pl -i "doc/man3/CMS_data_create.pod" -o doc/html/man3/CMS_data_create.html -t "CMS_data_create" -r "./doc"
perl ./util/mkpod2html.pl -i "doc/man3/CMS_decrypt.pod" -o doc/html/man3/CMS_decrypt.html -t "CMS_decrypt" -r "./doc"
perl ./util/mkpod2html.pl -i "doc/man3/CMS_digest_create.pod" -o doc/html/man3/CMS_digest_create.html -t "CMS_digest_create" -r "./doc"
perl ./util/mkpod2html.pl -i "doc/man3/CMS_encrypt.pod" -o doc/html/man3/CMS_encrypt.html -t "CMS_encrypt" -r "./doc"
perl ./util/mkpod2html.pl -i "doc/man3/CMS_final.pod" -o doc/html/man3/CMS_final.html -t "CMS_final" -r "./doc"
perl ./util/mkpod2html.pl -i "doc/man3/CMS_get0_RecipientInfos.pod" -o doc/html/man3/CMS_get0_RecipientInfos.html -t "CMS_get0_RecipientInfos" -r "./doc"
perl ./util/mkpod2html.pl -i "doc/man3/CMS_get0_SignerInfos.pod" -o doc/html/man3/CMS_get0_SignerInfos.html -t "CMS_get0_SignerInfos" -r "./doc"
perl ./util/mkpod2html.pl -i "doc/man3/CMS_get0_type.pod" -o doc/html/man3/CMS_get0_type.html -t "CMS_get0_type" -r "./doc"
perl ./util/mkpod2html.pl -i "doc/man3/CMS_get1_ReceiptRequest.pod" -o doc/html/man3/CMS_get1_ReceiptRequest.html -t "CMS_get1_ReceiptRequest" -r "./doc"
perl ./util/mkpod2html.pl -i "doc/man3/CMS_sign.pod" -o doc/html/man3/CMS_sign.html -t "CMS_sign" -r "./doc"
perl ./util/mkpod2html.pl -i "doc/man3/CMS_sign_receipt.pod" -o doc/html/man3/CMS_sign_receipt.html -t "CMS_sign_receipt" -r "./doc"
perl ./util/mkpod2html.pl -i "doc/man3/CMS_signed_get_attr.pod" -o doc/html/man3/CMS_signed_get_attr.html -t "CMS_signed_get_attr" -r "./doc"
perl ./util/mkpod2html.pl -i "doc/man3/CMS_uncompress.pod" -o doc/html/man3/CMS_uncompress.html -t "CMS_uncompress" -r "./doc"
perl ./util/mkpod2html.pl -i "doc/man3/CMS_verify.pod" -o doc/html/man3/CMS_verify.html -t "CMS_verify" -r "./doc"
perl ./util/mkpod2html.pl -i "doc/man3/CMS_verify_receipt.pod" -o doc/html/man3/CMS_verify_receipt.html -t "CMS_verify_receipt" -r "./doc"
perl ./util/mkpod2html.pl -i "doc/man3/COMP_CTX_new.pod" -o doc/html/man3/COMP_CTX_new.html -t "COMP_CTX_new" -r "./doc"
perl ./util/mkpod2html.pl -i "doc/man3/CONF_modules_free.pod" -o doc/html/man3/CONF_modules_free.html -t "CONF_modules_free" -r "./doc"
perl ./util/mkpod2html.pl -i "doc/man3/CONF_modules_load_file.pod" -o doc/html/man3/CONF_modules_load_file.html -t "CONF_modules_load_file" -r "./doc"
perl ./util/mkpod2html.pl -i "doc/man3/CRYPTO_THREAD_run_once.pod" -o doc/html/man3/CRYPTO_THREAD_run_once.html -t "CRYPTO_THREAD_run_once" -r "./doc"
perl ./util/mkpod2html.pl -i "doc/man3/CRYPTO_get_ex_new_index.pod" -o doc/html/man3/CRYPTO_get_ex_new_index.html -t "CRYPTO_get_ex_new_index" -r "./doc"
perl ./util/mkpod2html.pl -i "doc/man3/CRYPTO_memcmp.pod" -o doc/html/man3/CRYPTO_memcmp.html -t "CRYPTO_memcmp" -r "./doc"
perl ./util/mkpod2html.pl -i "doc/man3/CTLOG_STORE_get0_log_by_id.pod" -o doc/html/man3/CTLOG_STORE_get0_log_by_id.html -t "CTLOG_STORE_get0_log_by_id" -r "./doc"
perl ./util/mkpod2html.pl -i "doc/man3/CTLOG_STORE_new.pod" -o doc/html/man3/CTLOG_STORE_new.html -t "CTLOG_STORE_new" -r "./doc"
perl ./util/mkpod2html.pl -i "doc/man3/CTLOG_new.pod" -o doc/html/man3/CTLOG_new.html -t "CTLOG_new" -r "./doc"
perl ./util/mkpod2html.pl -i "doc/man3/CT_POLICY_EVAL_CTX_new.pod" -o doc/html/man3/CT_POLICY_EVAL_CTX_new.html -t "CT_POLICY_EVAL_CTX_new" -r "./doc"
perl ./util/mkpod2html.pl -i "doc/man3/DEFINE_STACK_OF.pod" -o doc/html/man3/DEFINE_STACK_OF.html -t "DEFINE_STACK_OF" -r "./doc"
perl ./util/mkpod2html.pl -i "doc/man3/DES_random_key.pod" -o doc/html/man3/DES_random_key.html -t "DES_random_key" -r "./doc"
perl ./util/mkpod2html.pl -i "doc/man3/DH_generate_key.pod" -o doc/html/man3/DH_generate_key.html -t "DH_generate_key" -r "./doc"
perl ./util/mkpod2html.pl -i "doc/man3/DH_generate_parameters.pod" -o doc/html/man3/DH_generate_parameters.html -t "DH_generate_parameters" -r "./doc"
perl ./util/mkpod2html.pl -i "doc/man3/DH_get0_pqg.pod" -o doc/html/man3/DH_get0_pqg.html -t "DH_get0_pqg" -r "./doc"
perl ./util/mkpod2html.pl -i "doc/man3/DH_get_1024_160.pod" -o doc/html/man3/DH_get_1024_160.html -t "DH_get_1024_160" -r "./doc"
perl ./util/mkpod2html.pl -i "doc/man3/DH_meth_new.pod" -o doc/html/man3/DH_meth_new.html -t "DH_meth_new" -r "./doc"
perl ./util/mkpod2html.pl -i "doc/man3/DH_new.pod" -o doc/html/man3/DH_new.html -t "DH_new" -r "./doc"
perl ./util/mkpod2html.pl -i "doc/man3/DH_new_by_nid.pod" -o doc/html/man3/DH_new_by_nid.html -t "DH_new_by_nid" -r "./doc"
perl ./util/mkpod2html.pl -i "doc/man3/DH_set_method.pod" -o doc/html/man3/DH_set_method.html -t "DH_set_method" -r "./doc"
perl ./util/mkpod2html.pl -i "doc/man3/DH_size.pod" -o doc/html/man3/DH_size.html -t "DH_size" -r "./doc"
perl ./util/mkpod2html.pl -i "doc/man3/DSA_SIG_new.pod" -o doc/html/man3/DSA_SIG_new.html -t "DSA_SIG_new" -r "./doc"
perl ./util/mkpod2html.pl -i "doc/man3/DSA_do_sign.pod" -o doc/html/man3/DSA_do_sign.html -t "DSA_do_sign" -r "./doc"
perl ./util/mkpod2html.pl -i "doc/man3/DSA_dup_DH.pod" -o doc/html/man3/DSA_dup_DH.html -t "DSA_dup_DH" -r "./doc"
perl ./util/mkpod2html.pl -i "doc/man3/DSA_generate_key.pod" -o doc/html/man3/DSA_generate_key.html -t "DSA_generate_key" -r "./doc"
perl ./util/mkpod2html.pl -i "doc/man3/DSA_generate_parameters.pod" -o doc/html/man3/DSA_generate_parameters.html -t "DSA_generate_parameters" -r "./doc"
perl ./util/mkpod2html.pl -i "doc/man3/DSA_get0_pqg.pod" -o doc/html/man3/DSA_get0_pqg.html -t "DSA_get0_pqg" -r "./doc"
perl ./util/mkpod2html.pl -i "doc/man3/DSA_meth_new.pod" -o doc/html/man3/DSA_meth_new.html -t "DSA_meth_new" -r "./doc"
perl ./util/mkpod2html.pl -i "doc/man3/DSA_new.pod" -o doc/html/man3/DSA_new.html -t "DSA_new" -r "./doc"
perl ./util/mkpod2html.pl -i "doc/man3/DSA_set_method.pod" -o doc/html/man3/DSA_set_method.html -t "DSA_set_method" -r "./doc"
perl ./util/mkpod2html.pl -i "doc/man3/DSA_sign.pod" -o doc/html/man3/DSA_sign.html -t "DSA_sign" -r "./doc"
perl ./util/mkpod2html.pl -i "doc/man3/DSA_size.pod" -o doc/html/man3/DSA_size.html -t "DSA_size" -r "./doc"
perl ./util/mkpod2html.pl -i "doc/man3/DTLS_get_data_mtu.pod" -o doc/html/man3/DTLS_get_data_mtu.html -t "DTLS_get_data_mtu" -r "./doc"
perl ./util/mkpod2html.pl -i "doc/man3/DTLS_set_timer_cb.pod" -o doc/html/man3/DTLS_set_timer_cb.html -t "DTLS_set_timer_cb" -r "./doc"
perl ./util/mkpod2html.pl -i "doc/man3/DTLSv1_get_timeout.pod" -o doc/html/man3/DTLSv1_get_timeout.html -t "DTLSv1_get_timeout" -r "./doc"
perl ./util/mkpod2html.pl -i "doc/man3/DTLSv1_handle_timeout.pod" -o doc/html/man3/DTLSv1_handle_timeout.html -t "DTLSv1_handle_timeout" -r "./doc"
perl ./util/mkpod2html.pl -i "doc/man3/DTLSv1_listen.pod" -o doc/html/man3/DTLSv1_listen.html -t "DTLSv1_listen" -r "./doc"
perl ./util/mkpod2html.pl -i "doc/man3/ECDSA_SIG_new.pod" -o doc/html/man3/ECDSA_SIG_new.html -t "ECDSA_SIG_new" -r "./doc"
perl ./util/mkpod2html.pl -i "doc/man3/ECDSA_sign.pod" -o doc/html/man3/ECDSA_sign.html -t "ECDSA_sign" -r "./doc"
perl ./util/mkpod2html.pl -i "doc/man3/ECPKParameters_print.pod" -o doc/html/man3/ECPKParameters_print.html -t "ECPKParameters_print" -r "./doc"
perl ./util/mkpod2html.pl -i "doc/man3/EC_GFp_simple_method.pod" -o doc/html/man3/EC_GFp_simple_method.html -t "EC_GFp_simple_method" -r "./doc"
perl ./util/mkpod2html.pl -i "doc/man3/EC_GROUP_copy.pod" -o doc/html/man3/EC_GROUP_copy.html -t "EC_GROUP_copy" -r "./doc"
perl ./util/mkpod2html.pl -i "doc/man3/EC_GROUP_new.pod" -o doc/html/man3/EC_GROUP_new.html -t "EC_GROUP_new" -r "./doc"
perl ./util/mkpod2html.pl -i "doc/man3/EC_KEY_get_enc_flags.pod" -o doc/html/man3/EC_KEY_get_enc_flags.html -t "EC_KEY_get_enc_flags" -r "./doc"
perl ./util/mkpod2html.pl -i "doc/man3/EC_KEY_new.pod" -o doc/html/man3/EC_KEY_new.html -t "EC_KEY_new" -r "./doc"
perl ./util/mkpod2html.pl -i "doc/man3/EC_POINT_add.pod" -o doc/html/man3/EC_POINT_add.html -t "EC_POINT_add" -r "./doc"
perl ./util/mkpod2html.pl -i "doc/man3/EC_POINT_new.pod" -o doc/html/man3/EC_POINT_new.html -t "EC_POINT_new" -r "./doc"
perl ./util/mkpod2html.pl -i "doc/man3/ENGINE_add.pod" -o doc/html/man3/ENGINE_add.html -t "ENGINE_add" -r "./doc"
perl ./util/mkpod2html.pl -i "doc/man3/ERR_GET_LIB.pod" -o doc/html/man3/ERR_GET_LIB.html -t "ERR_GET_LIB" -r "./doc"
perl ./util/mkpod2html.pl -i "doc/man3/ERR_clear_error.pod" -o doc/html/man3/ERR_clear_error.html -t "ERR_clear_error" -r "./doc"
perl ./util/mkpod2html.pl -i "doc/man3/ERR_error_string.pod" -o doc/html/man3/ERR_error_string.html -t "ERR_error_string" -r "./doc"
perl ./util/mkpod2html.pl -i "doc/man3/ERR_get_error.pod" -o doc/html/man3/ERR_get_error.html -t "ERR_get_error" -r "./doc"
perl ./util/mkpod2html.pl -i "doc/man3/ERR_load_crypto_strings.pod" -o doc/html/man3/ERR_load_crypto_strings.html -t "ERR_load_crypto_strings" -r "./doc"
perl ./util/mkpod2html.pl -i "doc/man3/ERR_load_strings.pod" -o doc/html/man3/ERR_load_strings.html -t "ERR_load_strings" -r "./doc"
perl ./util/mkpod2html.pl -i "doc/man3/ERR_new.pod" -o doc/html/man3/ERR_new.html -t "ERR_new" -r "./doc"
perl ./util/mkpod2html.pl -i "doc/man3/ERR_print_errors.pod" -o doc/html/man3/ERR_print_errors.html -t "ERR_print_errors" -r "./doc"
perl ./util/mkpod2html.pl -i "doc/man3/ERR_put_error.pod" -o doc/html/man3/ERR_put_error.html -t "ERR_put_error" -r "./doc"
perl ./util/mkpod2html.pl -i "doc/man3/ERR_remove_state.pod" -o doc/html/man3/ERR_remove_state.html -t "ERR_remove_state" -r "./doc"
perl ./util/mkpod2html.pl -i "doc/man3/ERR_set_mark.pod" -o doc/html/man3/ERR_set_mark.html -t "ERR_set_mark" -r "./doc"
perl ./util/mkpod2html.pl -i "doc/man3/EVP_ASYM_CIPHER_free.pod" -o doc/html/man3/EVP_ASYM_CIPHER_free.html -t "EVP_ASYM_CIPHER_free" -r "./doc"
perl ./util/mkpod2html.pl -i "doc/man3/EVP_BytesToKey.pod" -o doc/html/man3/EVP_BytesToKey.html -t "EVP_BytesToKey" -r "./doc"
perl ./util/mkpod2html.pl -i "doc/man3/EVP_CIPHER_CTX_get_app_data.pod" -o doc/html/man3/EVP_CIPHER_CTX_get_app_data.html -t "EVP_CIPHER_CTX_get_app_data" -r "./doc"
perl ./util/mkpod2html.pl -i "doc/man3/EVP_CIPHER_CTX_get_cipher_data.pod" -o doc/html/man3/EVP_CIPHER_CTX_get_cipher_data.html -t "EVP_CIPHER_CTX_get_cipher_data" -r "./doc"
perl ./util/mkpod2html.pl -i "doc/man3/EVP_CIPHER_CTX_get_original_iv.pod" -o doc/html/man3/EVP_CIPHER_CTX_get_original_iv.html -t "EVP_CIPHER_CTX_get_original_iv" -r "./doc"
perl ./util/mkpod2html.pl -i "doc/man3/EVP_CIPHER_meth_new.pod" -o doc/html/man3/EVP_CIPHER_meth_new.html -t "EVP_CIPHER_meth_new" -r "./doc"
perl ./util/mkpod2html.pl -i "doc/man3/EVP_DigestInit.pod" -o doc/html/man3/EVP_DigestInit.html -t "EVP_DigestInit" -r "./doc"
perl ./util/mkpod2html.pl -i "doc/man3/EVP_DigestSignInit.pod" -o doc/html/man3/EVP_DigestSignInit.html -t "EVP_DigestSignInit" -r "./doc"
perl ./util/mkpod2html.pl -i "doc/man3/EVP_DigestVerifyInit.pod" -o doc/html/man3/EVP_DigestVerifyInit.html -t "EVP_DigestVerifyInit" -r "./doc"
perl ./util/mkpod2html.pl -i "doc/man3/EVP_EncodeInit.pod" -o doc/html/man3/EVP_EncodeInit.html -t "EVP_EncodeInit" -r "./doc"
perl ./util/mkpod2html.pl -i "doc/man3/EVP_EncryptInit.pod" -o doc/html/man3/EVP_EncryptInit.html -t "EVP_EncryptInit" -r "./doc"
perl ./util/mkpod2html.pl -i "doc/man3/EVP_KDF.pod" -o doc/html/man3/EVP_KDF.html -t "EVP_KDF" -r "./doc"
perl ./util/mkpod2html.pl -i "doc/man3/EVP_KEM_free.pod" -o doc/html/man3/EVP_KEM_free.html -t "EVP_KEM_free" -r "./doc"
perl ./util/mkpod2html.pl -i "doc/man3/EVP_KEYEXCH_free.pod" -o doc/html/man3/EVP_KEYEXCH_free.html -t "EVP_KEYEXCH_free" -r "./doc"
perl ./util/mkpod2html.pl -i "doc/man3/EVP_KEYMGMT.pod" -o doc/html/man3/EVP_KEYMGMT.html -t "EVP_KEYMGMT" -r "./doc"
perl ./util/mkpod2html.pl -i "doc/man3/EVP_MAC.pod" -o doc/html/man3/EVP_MAC.html -t "EVP_MAC" -r "./doc"
perl ./util/mkpod2html.pl -i "doc/man3/EVP_MD_meth_new.pod" -o doc/html/man3/EVP_MD_meth_new.html -t "EVP_MD_meth_new" -r "./doc"
perl ./util/mkpod2html.pl -i "doc/man3/EVP_OpenInit.pod" -o doc/html/man3/EVP_OpenInit.html -t "EVP_OpenInit" -r "./doc"
perl ./util/mkpod2html.pl -i "doc/man3/EVP_PBE_CipherInit.pod" -o doc/html/man3/EVP_PBE_CipherInit.html -t "EVP_PBE_CipherInit" -r "./doc"
perl ./util/mkpod2html.pl -i "doc/man3/EVP_PKEY2PKCS8.pod" -o doc/html/man3/EVP_PKEY2PKCS8.html -t "EVP_PKEY2PKCS8" -r "./doc"
perl ./util/mkpod2html.pl -i "doc/man3/EVP_PKEY_ASN1_METHOD.pod" -o doc/html/man3/EVP_PKEY_ASN1_METHOD.html -t "EVP_PKEY_ASN1_METHOD" -r "./doc"
perl ./util/mkpod2html.pl -i "doc/man3/EVP_PKEY_CTX_ctrl.pod" -o doc/html/man3/EVP_PKEY_CTX_ctrl.html -t "EVP_PKEY_CTX_ctrl" -r "./doc"
perl ./util/mkpod2html.pl -i "doc/man3/EVP_PKEY_CTX_get0_libctx.pod" -o doc/html/man3/EVP_PKEY_CTX_get0_libctx.html -t "EVP_PKEY_CTX_get0_libctx" -r "./doc"
perl ./util/mkpod2html.pl -i "doc/man3/EVP_PKEY_CTX_get0_pkey.pod" -o doc/html/man3/EVP_PKEY_CTX_get0_pkey.html -t "EVP_PKEY_CTX_get0_pkey" -r "./doc"
perl ./util/mkpod2html.pl -i "doc/man3/EVP_PKEY_CTX_get_algor.pod" -o doc/html/man3/EVP_PKEY_CTX_get_algor.html -t "EVP_PKEY_CTX_get_algor" -r "./doc"
perl ./util/mkpod2html.pl -i "doc/man3/EVP_PKEY_CTX_new.pod" -o doc/html/man3/EVP_PKEY_CTX_new.html -t "EVP_PKEY_CTX_new" -r "./doc"
perl ./util/mkpod2html.pl -i "doc/man3/EVP_PKEY_CTX_set1_pbe_pass.pod" -o doc/html/man3/EVP_PKEY_CTX_set1_pbe_pass.html -t "EVP_PKEY_CTX_set1_pbe_pass" -r "./doc"
perl ./util/mkpod2html.pl -i "doc/man3/EVP_PKEY_CTX_set_hkdf_md.pod" -o doc/html/man3/EVP_PKEY_CTX_set_hkdf_md.html -t "EVP_PKEY_CTX_set_hkdf_md" -r "./doc"
perl ./util/mkpod2html.pl -i "doc/man3/EVP_PKEY_CTX_set_params.pod" -o doc/html/man3/EVP_PKEY_CTX_set_params.html -t "EVP_PKEY_CTX_set_params" -r "./doc"
perl ./util/mkpod2html.pl -i "doc/man3/EVP_PKEY_CTX_set_rsa_pss_keygen_md.pod" -o doc/html/man3/EVP_PKEY_CTX_set_rsa_pss_keygen_md.html -t "EVP_PKEY_CTX_set_rsa_pss_keygen_md" -r "./doc"
perl ./util/mkpod2html.pl -i "doc/man3/EVP_PKEY_CTX_set_scrypt_N.pod" -o doc/html/man3/EVP_PKEY_CTX_set_scrypt_N.html -t "EVP_PKEY_CTX_set_scrypt_N" -r "./doc"
perl ./util/mkpod2html.pl -i "doc/man3/EVP_PKEY_CTX_set_tls1_prf_md.pod" -o doc/html/man3/EVP_PKEY_CTX_set_tls1_prf_md.html -t "EVP_PKEY_CTX_set_tls1_prf_md" -r "./doc"
perl ./util/mkpod2html.pl -i "doc/man3/EVP_PKEY_asn1_get_count.pod" -o doc/html/man3/EVP_PKEY_asn1_get_count.html -t "EVP_PKEY_asn1_get_count" -r "./doc"
perl ./util/mkpod2html.pl -i "doc/man3/EVP_PKEY_check.pod" -o doc/html/man3/EVP_PKEY_check.html -t "EVP_PKEY_check" -r "./doc"
perl ./util/mkpod2html.pl -i "doc/man3/EVP_PKEY_copy_parameters.pod" -o doc/html/man3/EVP_PKEY_copy_parameters.html -t "EVP_PKEY_copy_parameters" -r "./doc"
perl ./util/mkpod2html.pl -i "doc/man3/EVP_PKEY_decapsulate.pod" -o doc/html/man3/EVP_PKEY_decapsulate.html -t "EVP_PKEY_decapsulate" -r "./doc"
perl ./util/mkpod2html.pl -i "doc/man3/EVP_PKEY_decrypt.pod" -o doc/html/man3/EVP_PKEY_decrypt.html -t "EVP_PKEY_decrypt" -r "./doc"
perl ./util/mkpod2html.pl -i "doc/man3/EVP_PKEY_derive.pod" -o doc/html/man3/EVP_PKEY_derive.html -t "EVP_PKEY_derive" -r "./doc"
perl ./util/mkpod2html.pl -i "doc/man3/EVP_PKEY_digestsign_supports_digest.pod" -o doc/html/man3/EVP_PKEY_digestsign_supports_digest.html -t "EVP_PKEY_digestsign_supports_digest" -r "./doc"
perl ./util/mkpod2html.pl -i "doc/man3/EVP_PKEY_encapsulate.pod" -o doc/html/man3/EVP_PKEY_encapsulate.html -t "EVP_PKEY_encapsulate" -r "./doc"
perl ./util/mkpod2html.pl -i "doc/man3/EVP_PKEY_encrypt.pod" -o doc/html/man3/EVP_PKEY_encrypt.html -t "EVP_PKEY_encrypt" -r "./doc"
perl ./util/mkpod2html.pl -i "doc/man3/EVP_PKEY_fromdata.pod" -o doc/html/man3/EVP_PKEY_fromdata.html -t "EVP_PKEY_fromdata" -r "./doc"
perl ./util/mkpod2html.pl -i "doc/man3/EVP_PKEY_get_attr.pod" -o doc/html/man3/EVP_PKEY_get_attr.html -t "EVP_PKEY_get_attr" -r "./doc"
perl ./util/mkpod2html.pl -i "doc/man3/EVP_PKEY_get_default_digest_nid.pod" -o doc/html/man3/EVP_PKEY_get_default_digest_nid.html -t "EVP_PKEY_get_default_digest_nid" -r "./doc"
perl ./util/mkpod2html.pl -i "doc/man3/EVP_PKEY_get_field_type.pod" -o doc/html/man3/EVP_PKEY_get_field_type.html -t "EVP_PKEY_get_field_type" -r "./doc"
perl ./util/mkpod2html.pl -i "doc/man3/EVP_PKEY_get_group_name.pod" -o doc/html/man3/EVP_PKEY_get_group_name.html -t "EVP_PKEY_get_group_name" -r "./doc"
perl ./util/mkpod2html.pl -i "doc/man3/EVP_PKEY_get_size.pod" -o doc/html/man3/EVP_PKEY_get_size.html -t "EVP_PKEY_get_size" -r "./doc"
perl ./util/mkpod2html.pl -i "doc/man3/EVP_PKEY_gettable_params.pod" -o doc/html/man3/EVP_PKEY_gettable_params.html -t "EVP_PKEY_gettable_params" -r "./doc"
perl ./util/mkpod2html.pl -i "doc/man3/EVP_PKEY_is_a.pod" -o doc/html/man3/EVP_PKEY_is_a.html -t "EVP_PKEY_is_a" -r "./doc"
perl ./util/mkpod2html.pl -i "doc/man3/EVP_PKEY_keygen.pod" -o doc/html/man3/EVP_PKEY_keygen.html -t "EVP_PKEY_keygen" -r "./doc"
perl ./util/mkpod2html.pl -i "doc/man3/EVP_PKEY_meth_get_count.pod" -o doc/html/man3/EVP_PKEY_meth_get_count.html -t "EVP_PKEY_meth_get_count" -r "./doc"
perl ./util/mkpod2html.pl -i "doc/man3/EVP_PKEY_meth_new.pod" -o doc/html/man3/EVP_PKEY_meth_new.html -t "EVP_PKEY_meth_new" -r "./doc"
perl ./util/mkpod2html.pl -i "doc/man3/EVP_PKEY_new.pod" -o doc/html/man3/EVP_PKEY_new.html -t "EVP_PKEY_new" -r "./doc"
perl ./util/mkpod2html.pl -i "doc/man3/EVP_PKEY_print_private.pod" -o doc/html/man3/EVP_PKEY_print_private.html -t "EVP_PKEY_print_private" -r "./doc"
perl ./util/mkpod2html.pl -i "doc/man3/EVP_PKEY_set1_RSA.pod" -o doc/html/man3/EVP_PKEY_set1_RSA.html -t "EVP_PKEY_set1_RSA" -r "./doc"
perl ./util/mkpod2html.pl -i "doc/man3/EVP_PKEY_set1_encoded_public_key.pod" -o doc/html/man3/EVP_PKEY_set1_encoded_public_key.html -t "EVP_PKEY_set1_encoded_public_key" -r "./doc"
perl ./util/mkpod2html.pl -i "doc/man3/EVP_PKEY_set_type.pod" -o doc/html/man3/EVP_PKEY_set_type.html -t "EVP_PKEY_set_type" -r "./doc"
perl ./util/mkpod2html.pl -i "doc/man3/EVP_PKEY_settable_params.pod" -o doc/html/man3/EVP_PKEY_settable_params.html -t "EVP_PKEY_settable_params" -r "./doc"
perl ./util/mkpod2html.pl -i "doc/man3/EVP_PKEY_sign.pod" -o doc/html/man3/EVP_PKEY_sign.html -t "EVP_PKEY_sign" -r "./doc"
perl ./util/mkpod2html.pl -i "doc/man3/EVP_PKEY_todata.pod" -o doc/html/man3/EVP_PKEY_todata.html -t "EVP_PKEY_todata" -r "./doc"
perl ./util/mkpod2html.pl -i "doc/man3/EVP_PKEY_verify.pod" -o doc/html/man3/EVP_PKEY_verify.html -t "EVP_PKEY_verify" -r "./doc"
perl ./util/mkpod2html.pl -i "doc/man3/EVP_PKEY_verify_recover.pod" -o doc/html/man3/EVP_PKEY_verify_recover.html -t "EVP_PKEY_verify_recover" -r "./doc"
perl ./util/mkpod2html.pl -i "doc/man3/EVP_RAND.pod" -o doc/html/man3/EVP_RAND.html -t "EVP_RAND" -r "./doc"
perl ./util/mkpod2html.pl -i "doc/man3/EVP_SIGNATURE.pod" -o doc/html/man3/EVP_SIGNATURE.html -t "EVP_SIGNATURE" -r "./doc"
perl ./util/mkpod2html.pl -i "doc/man3/EVP_SKEY.pod" -o doc/html/man3/EVP_SKEY.html -t "EVP_SKEY" -r "./doc"
perl ./util/mkpod2html.pl -i "doc/man3/EVP_SKEYMGMT.pod" -o doc/html/man3/EVP_SKEYMGMT.html -t "EVP_SKEYMGMT" -r "./doc"
perl ./util/mkpod2html.pl -i "doc/man3/EVP_SealInit.pod" -o doc/html/man3/EVP_SealInit.html -t "EVP_SealInit" -r "./doc"
perl ./util/mkpod2html.pl -i "doc/man3/EVP_SignInit.pod" -o doc/html/man3/EVP_SignInit.html -t "EVP_SignInit" -r "./doc"
perl ./util/mkpod2html.pl -i "doc/man3/EVP_VerifyInit.pod" -o doc/html/man3/EVP_VerifyInit.html -t "EVP_VerifyInit" -r "./doc"
perl ./util/mkpod2html.pl -i "doc/man3/EVP_aes_128_gcm.pod" -o doc/html/man3/EVP_aes_128_gcm.html -t "EVP_aes_128_gcm" -r "./doc"
perl ./util/mkpod2html.pl -i "doc/man3/EVP_aria_128_gcm.pod" -o doc/html/man3/EVP_aria_128_gcm.html -t "EVP_aria_128_gcm" -r "./doc"
perl ./util/mkpod2html.pl -i "doc/man3/EVP_bf_cbc.pod" -o doc/html/man3/EVP_bf_cbc.html -t "EVP_bf_cbc" -r "./doc"
perl ./util/mkpod2html.pl -i "doc/man3/EVP_blake2b512.pod" -o doc/html/man3/EVP_blake2b512.html -t "EVP_blake2b512" -r "./doc"
perl ./util/mkpod2html.pl -i "doc/man3/EVP_camellia_128_ecb.pod" -o doc/html/man3/EVP_camellia_128_ecb.html -t "EVP_camellia_128_ecb" -r "./doc"
perl ./util/mkpod2html.pl -i "doc/man3/EVP_cast5_cbc.pod" -o doc/html/man3/EVP_cast5_cbc.html -t "EVP_cast5_cbc" -r "./doc"
perl ./util/mkpod2html.pl -i "doc/man3/EVP_chacha20.pod" -o doc/html/man3/EVP_chacha20.html -t "EVP_chacha20" -r "./doc"
perl ./util/mkpod2html.pl -i "doc/man3/EVP_des_cbc.pod" -o doc/html/man3/EVP_des_cbc.html -t "EVP_des_cbc" -r "./doc"
perl ./util/mkpod2html.pl -i "doc/man3/EVP_desx_cbc.pod" -o doc/html/man3/EVP_desx_cbc.html -t "EVP_desx_cbc" -r "./doc"
perl ./util/mkpod2html.pl -i "doc/man3/EVP_idea_cbc.pod" -o doc/html/man3/EVP_idea_cbc.html -t "EVP_idea_cbc" -r "./doc"
perl ./util/mkpod2html.pl -i "doc/man3/EVP_md2.pod" -o doc/html/man3/EVP_md2.html -t "EVP_md2" -r "./doc"
perl ./util/mkpod2html.pl -i "doc/man3/EVP_md4.pod" -o doc/html/man3/EVP_md4.html -t "EVP_md4" -r "./doc"
perl ./util/mkpod2html.pl -i "doc/man3/EVP_md5.pod" -o doc/html/man3/EVP_md5.html -t "EVP_md5" -r "./doc"
perl ./util/mkpod2html.pl -i "doc/man3/EVP_mdc2.pod" -o doc/html/man3/EVP_mdc2.html -t "EVP_mdc2" -r "./doc"
perl ./util/mkpod2html.pl -i "doc/man3/EVP_rc2_cbc.pod" -o doc/html/man3/EVP_rc2_cbc.html -t "EVP_rc2_cbc" -r "./doc"
perl ./util/mkpod2html.pl -i "doc/man3/EVP_rc4.pod" -o doc/html/man3/EVP_rc4.html -t "EVP_rc4" -r "./doc"
perl ./util/mkpod2html.pl -i "doc/man3/EVP_rc5_32_12_16_cbc.pod" -o doc/html/man3/EVP_rc5_32_12_16_cbc.html -t "EVP_rc5_32_12_16_cbc" -r "./doc"
perl ./util/mkpod2html.pl -i "doc/man3/EVP_ripemd160.pod" -o doc/html/man3/EVP_ripemd160.html -t "EVP_ripemd160" -r "./doc"
perl ./util/mkpod2html.pl -i "doc/man3/EVP_seed_cbc.pod" -o doc/html/man3/EVP_seed_cbc.html -t "EVP_seed_cbc" -r "./doc"
perl ./util/mkpod2html.pl -i "doc/man3/EVP_set_default_properties.pod" -o doc/html/man3/EVP_set_default_properties.html -t "EVP_set_default_properties" -r "./doc"
perl ./util/mkpod2html.pl -i "doc/man3/EVP_sha1.pod" -o doc/html/man3/EVP_sha1.html -t "EVP_sha1" -r "./doc"
perl ./util/mkpod2html.pl -i "doc/man3/EVP_sha224.pod" -o doc/html/man3/EVP_sha224.html -t "EVP_sha224" -r "./doc"
perl ./util/mkpod2html.pl -i "doc/man3/EVP_sha3_224.pod" -o doc/html/man3/EVP_sha3_224.html -t "EVP_sha3_224" -r "./doc"
perl ./util/mkpod2html.pl -i "doc/man3/EVP_sm3.pod" -o doc/html/man3/EVP_sm3.html -t "EVP_sm3" -r "./doc"
perl ./util/mkpod2html.pl -i "doc/man3/EVP_sm4_cbc.pod" -o doc/html/man3/EVP_sm4_cbc.html -t "EVP_sm4_cbc" -r "./doc"
perl ./util/mkpod2html.pl -i "doc/man3/EVP_whirlpool.pod" -o doc/html/man3/EVP_whirlpool.html -t "EVP_whirlpool" -r "./doc"
perl ./util/mkpod2html.pl -i "doc/man3/GENERAL_NAME.pod" -o doc/html/man3/GENERAL_NAME.html -t "GENERAL_NAME" -r "./doc"
perl ./util/mkpod2html.pl -i "doc/man3/HMAC.pod" -o doc/html/man3/HMAC.html -t "HMAC" -r "./doc"
perl ./util/mkpod2html.pl -i "doc/man3/MD5.pod" -o doc/html/man3/MD5.html -t "MD5" -r "./doc"
perl ./util/mkpod2html.pl -i "doc/man3/MDC2_Init.pod" -o doc/html/man3/MDC2_Init.html -t "MDC2_Init" -r "./doc"
perl ./util/mkpod2html.pl -i "doc/man3/NAME_CONSTRAINTS_check.pod" -o doc/html/man3/NAME_CONSTRAINTS_check.html -t "NAME_CONSTRAINTS_check" -r "./doc"
perl ./util/mkpod2html.pl -i "doc/man3/NCONF_new_ex.pod" -o doc/html/man3/NCONF_new_ex.html -t "NCONF_new_ex" -r "./doc"
perl ./util/mkpod2html.pl -i "doc/man3/OBJ_nid2obj.pod" -o doc/html/man3/OBJ_nid2obj.html -t "OBJ_nid2obj" -r "./doc"
perl ./util/mkpod2html.pl -i "doc/man3/OCSP_REQUEST_new.pod" -o doc/html/man3/OCSP_REQUEST_new.html -t "OCSP_REQUEST_new" -r "./doc"
perl ./util/mkpod2html.pl -i "doc/man3/OCSP_cert_to_id.pod" -o doc/html/man3/OCSP_cert_to_id.html -t "OCSP_cert_to_id" -r "./doc"
perl ./util/mkpod2html.pl -i "doc/man3/OCSP_request_add1_nonce.pod" -o doc/html/man3/OCSP_request_add1_nonce.html -t "OCSP_request_add1_nonce" -r "./doc"
perl ./util/mkpod2html.pl -i "doc/man3/OCSP_resp_find_status.pod" -o doc/html/man3/OCSP_resp_find_status.html -t "OCSP_resp_find_status" -r "./doc"
perl ./util/mkpod2html.pl -i "doc/man3/OCSP_response_status.pod" -o doc/html/man3/OCSP_response_status.html -t "OCSP_response_status" -r "./doc"
perl ./util/mkpod2html.pl -i "doc/man3/OCSP_sendreq_new.pod" -o doc/html/man3/OCSP_sendreq_new.html -t "OCSP_sendreq_new" -r "./doc"
perl ./util/mkpod2html.pl -i "doc/man3/OPENSSL_Applink.pod" -o doc/html/man3/OPENSSL_Applink.html -t "OPENSSL_Applink" -r "./doc"
perl ./util/mkpod2html.pl -i "doc/man3/OPENSSL_FILE.pod" -o doc/html/man3/OPENSSL_FILE.html -t "OPENSSL_FILE" -r "./doc"
perl ./util/mkpod2html.pl -i "doc/man3/OPENSSL_LH_COMPFUNC.pod" -o doc/html/man3/OPENSSL_LH_COMPFUNC.html -t "OPENSSL_LH_COMPFUNC" -r "./doc"
perl ./util/mkpod2html.pl -i "doc/man3/OPENSSL_LH_stats.pod" -o doc/html/man3/OPENSSL_LH_stats.html -t "OPENSSL_LH_stats" -r "./doc"
perl ./util/mkpod2html.pl -i "doc/man3/OPENSSL_armcap.pod" -o doc/html/man3/OPENSSL_armcap.html -t "OPENSSL_armcap" -r "./doc"
perl ./util/mkpod2html.pl -i "doc/man3/OPENSSL_config.pod" -o doc/html/man3/OPENSSL_config.html -t "OPENSSL_config" -r "./doc"
perl ./util/mkpod2html.pl -i "doc/man3/OPENSSL_fork_prepare.pod" -o doc/html/man3/OPENSSL_fork_prepare.html -t "OPENSSL_fork_prepare" -r "./doc"
perl ./util/mkpod2html.pl -i "doc/man3/OPENSSL_gmtime.pod" -o doc/html/man3/OPENSSL_gmtime.html -t "OPENSSL_gmtime" -r "./doc"
perl ./util/mkpod2html.pl -i "doc/man3/OPENSSL_hexchar2int.pod" -o doc/html/man3/OPENSSL_hexchar2int.html -t "OPENSSL_hexchar2int" -r "./doc"
perl ./util/mkpod2html.pl -i "doc/man3/OPENSSL_ia32cap.pod" -o doc/html/man3/OPENSSL_ia32cap.html -t "OPENSSL_ia32cap" -r "./doc"
perl ./util/mkpod2html.pl -i "doc/man3/OPENSSL_init_crypto.pod" -o doc/html/man3/OPENSSL_init_crypto.html -t "OPENSSL_init_crypto" -r "./doc"
perl ./util/mkpod2html.pl -i "doc/man3/OPENSSL_init_ssl.pod" -o doc/html/man3/OPENSSL_init_ssl.html -t "OPENSSL_init_ssl" -r "./doc"
perl ./util/mkpod2html.pl -i "doc/man3/OPENSSL_instrument_bus.pod" -o doc/html/man3/OPENSSL_instrument_bus.html -t "OPENSSL_instrument_bus" -r "./doc"
perl ./util/mkpod2html.pl -i "doc/man3/OPENSSL_load_builtin_modules.pod" -o doc/html/man3/OPENSSL_load_builtin_modules.html -t "OPENSSL_load_builtin_modules" -r "./doc"
perl ./util/mkpod2html.pl -i "doc/man3/OPENSSL_load_u16_le.pod" -o doc/html/man3/OPENSSL_load_u16_le.html -t "OPENSSL_load_u16_le" -r "./doc"
perl ./util/mkpod2html.pl -i "doc/man3/OPENSSL_malloc.pod" -o doc/html/man3/OPENSSL_malloc.html -t "OPENSSL_malloc" -r "./doc"
perl ./util/mkpod2html.pl -i "doc/man3/OPENSSL_ppccap.pod" -o doc/html/man3/OPENSSL_ppccap.html -t "OPENSSL_ppccap" -r "./doc"
perl ./util/mkpod2html.pl -i "doc/man3/OPENSSL_riscvcap.pod" -o doc/html/man3/OPENSSL_riscvcap.html -t "OPENSSL_riscvcap" -r "./doc"
perl ./util/mkpod2html.pl -i "doc/man3/OPENSSL_s390xcap.pod" -o doc/html/man3/OPENSSL_s390xcap.html -t "OPENSSL_s390xcap" -r "./doc"
perl ./util/mkpod2html.pl -i "doc/man3/OPENSSL_secure_malloc.pod" -o doc/html/man3/OPENSSL_secure_malloc.html -t "OPENSSL_secure_malloc" -r "./doc"
perl ./util/mkpod2html.pl -i "doc/man3/OPENSSL_strcasecmp.pod" -o doc/html/man3/OPENSSL_strcasecmp.html -t "OPENSSL_strcasecmp" -r "./doc"
perl ./util/mkpod2html.pl -i "doc/man3/OSSL_ALGORITHM.pod" -o doc/html/man3/OSSL_ALGORITHM.html -t "OSSL_ALGORITHM" -r "./doc"
perl ./util/mkpod2html.pl -i "doc/man3/OSSL_CALLBACK.pod" -o doc/html/man3/OSSL_CALLBACK.html -t "OSSL_CALLBACK" -r "./doc"
perl ./util/mkpod2html.pl -i "doc/man3/OSSL_CMP_ATAV_set0.pod" -o doc/html/man3/OSSL_CMP_ATAV_set0.html -t "OSSL_CMP_ATAV_set0" -r "./doc"
perl ./util/mkpod2html.pl -i "doc/man3/OSSL_CMP_CTX_new.pod" -o doc/html/man3/OSSL_CMP_CTX_new.html -t "OSSL_CMP_CTX_new" -r "./doc"
perl ./util/mkpod2html.pl -i "doc/man3/OSSL_CMP_HDR_get0_transactionID.pod" -o doc/html/man3/OSSL_CMP_HDR_get0_transactionID.html -t "OSSL_CMP_HDR_get0_transactionID" -r "./doc"
perl ./util/mkpod2html.pl -i "doc/man3/OSSL_CMP_ITAV_new_caCerts.pod" -o doc/html/man3/OSSL_CMP_ITAV_new_caCerts.html -t "OSSL_CMP_ITAV_new_caCerts" -r "./doc"
perl ./util/mkpod2html.pl -i "doc/man3/OSSL_CMP_ITAV_set0.pod" -o doc/html/man3/OSSL_CMP_ITAV_set0.html -t "OSSL_CMP_ITAV_set0" -r "./doc"
perl ./util/mkpod2html.pl -i "doc/man3/OSSL_CMP_MSG_get0_header.pod" -o doc/html/man3/OSSL_CMP_MSG_get0_header.html -t "OSSL_CMP_MSG_get0_header" -r "./doc"
perl ./util/mkpod2html.pl -i "doc/man3/OSSL_CMP_MSG_http_perform.pod" -o doc/html/man3/OSSL_CMP_MSG_http_perform.html -t "OSSL_CMP_MSG_http_perform" -r "./doc"
perl ./util/mkpod2html.pl -i "doc/man3/OSSL_CMP_SRV_CTX_new.pod" -o doc/html/man3/OSSL_CMP_SRV_CTX_new.html -t "OSSL_CMP_SRV_CTX_new" -r "./doc"
perl ./util/mkpod2html.pl -i "doc/man3/OSSL_CMP_STATUSINFO_new.pod" -o doc/html/man3/OSSL_CMP_STATUSINFO_new.html -t "OSSL_CMP_STATUSINFO_new" -r "./doc"
perl ./util/mkpod2html.pl -i "doc/man3/OSSL_CMP_exec_certreq.pod" -o doc/html/man3/OSSL_CMP_exec_certreq.html -t "OSSL_CMP_exec_certreq" -r "./doc"
perl ./util/mkpod2html.pl -i "doc/man3/OSSL_CMP_log_open.pod" -o doc/html/man3/OSSL_CMP_log_open.html -t "OSSL_CMP_log_open" -r "./doc"
perl ./util/mkpod2html.pl -i "doc/man3/OSSL_CMP_validate_msg.pod" -o doc/html/man3/OSSL_CMP_validate_msg.html -t "OSSL_CMP_validate_msg" -r "./doc"
perl ./util/mkpod2html.pl -i "doc/man3/OSSL_CORE_MAKE_FUNC.pod" -o doc/html/man3/OSSL_CORE_MAKE_FUNC.html -t "OSSL_CORE_MAKE_FUNC" -r "./doc"
perl ./util/mkpod2html.pl -i "doc/man3/OSSL_CRMF_MSG_get0_tmpl.pod" -o doc/html/man3/OSSL_CRMF_MSG_get0_tmpl.html -t "OSSL_CRMF_MSG_get0_tmpl" -r "./doc"
perl ./util/mkpod2html.pl -i "doc/man3/OSSL_CRMF_MSG_set0_validity.pod" -o doc/html/man3/OSSL_CRMF_MSG_set0_validity.html -t "OSSL_CRMF_MSG_set0_validity" -r "./doc"
perl ./util/mkpod2html.pl -i "doc/man3/OSSL_CRMF_MSG_set1_regCtrl_regToken.pod" -o doc/html/man3/OSSL_CRMF_MSG_set1_regCtrl_regToken.html -t "OSSL_CRMF_MSG_set1_regCtrl_regToken" -r "./doc"
perl ./util/mkpod2html.pl -i "doc/man3/OSSL_CRMF_MSG_set1_regInfo_certReq.pod" -o doc/html/man3/OSSL_CRMF_MSG_set1_regInfo_certReq.html -t "OSSL_CRMF_MSG_set1_regInfo_certReq" -r "./doc"
perl ./util/mkpod2html.pl -i "doc/man3/OSSL_CRMF_pbmp_new.pod" -o doc/html/man3/OSSL_CRMF_pbmp_new.html -t "OSSL_CRMF_pbmp_new" -r "./doc"
perl ./util/mkpod2html.pl -i "doc/man3/OSSL_DECODER.pod" -o doc/html/man3/OSSL_DECODER.html -t "OSSL_DECODER" -r "./doc"
perl ./util/mkpod2html.pl -i "doc/man3/OSSL_DECODER_CTX.pod" -o doc/html/man3/OSSL_DECODER_CTX.html -t "OSSL_DECODER_CTX" -r "./doc"
perl ./util/mkpod2html.pl -i "doc/man3/OSSL_DECODER_CTX_new_for_pkey.pod" -o doc/html/man3/OSSL_DECODER_CTX_new_for_pkey.html -t "OSSL_DECODER_CTX_new_for_pkey" -r "./doc"
perl ./util/mkpod2html.pl -i "doc/man3/OSSL_DECODER_from_bio.pod" -o doc/html/man3/OSSL_DECODER_from_bio.html -t "OSSL_DECODER_from_bio" -r "./doc"
perl ./util/mkpod2html.pl -i "doc/man3/OSSL_DISPATCH.pod" -o doc/html/man3/OSSL_DISPATCH.html -t "OSSL_DISPATCH" -r "./doc"
perl ./util/mkpod2html.pl -i "doc/man3/OSSL_ENCODER.pod" -o doc/html/man3/OSSL_ENCODER.html -t "OSSL_ENCODER" -r "./doc"
perl ./util/mkpod2html.pl -i "doc/man3/OSSL_ENCODER_CTX.pod" -o doc/html/man3/OSSL_ENCODER_CTX.html -t "OSSL_ENCODER_CTX" -r "./doc"
perl ./util/mkpod2html.pl -i "doc/man3/OSSL_ENCODER_CTX_new_for_pkey.pod" -o doc/html/man3/OSSL_ENCODER_CTX_new_for_pkey.html -t "OSSL_ENCODER_CTX_new_for_pkey" -r "./doc"
perl ./util/mkpod2html.pl -i "doc/man3/OSSL_ENCODER_to_bio.pod" -o doc/html/man3/OSSL_ENCODER_to_bio.html -t "OSSL_ENCODER_to_bio" -r "./doc"
perl ./util/mkpod2html.pl -i "doc/man3/OSSL_ERR_STATE_save.pod" -o doc/html/man3/OSSL_ERR_STATE_save.html -t "OSSL_ERR_STATE_save" -r "./doc"
perl ./util/mkpod2html.pl -i "doc/man3/OSSL_ESS_check_signing_certs.pod" -o doc/html/man3/OSSL_ESS_check_signing_certs.html -t "OSSL_ESS_check_signing_certs" -r "./doc"
perl ./util/mkpod2html.pl -i "doc/man3/OSSL_GENERAL_NAMES_print.pod" -o doc/html/man3/OSSL_GENERAL_NAMES_print.html -t "OSSL_GENERAL_NAMES_print" -r "./doc"
perl ./util/mkpod2html.pl -i "doc/man3/OSSL_HPKE_CTX_new.pod" -o doc/html/man3/OSSL_HPKE_CTX_new.html -t "OSSL_HPKE_CTX_new" -r "./doc"
perl ./util/mkpod2html.pl -i "doc/man3/OSSL_HTTP_REQ_CTX.pod" -o doc/html/man3/OSSL_HTTP_REQ_CTX.html -t "OSSL_HTTP_REQ_CTX" -r "./doc"
perl ./util/mkpod2html.pl -i "doc/man3/OSSL_HTTP_parse_url.pod" -o doc/html/man3/OSSL_HTTP_parse_url.html -t "OSSL_HTTP_parse_url" -r "./doc"
perl ./util/mkpod2html.pl -i "doc/man3/OSSL_HTTP_transfer.pod" -o doc/html/man3/OSSL_HTTP_transfer.html -t "OSSL_HTTP_transfer" -r "./doc"
perl ./util/mkpod2html.pl -i "doc/man3/OSSL_IETF_ATTR_SYNTAX.pod" -o doc/html/man3/OSSL_IETF_ATTR_SYNTAX.html -t "OSSL_IETF_ATTR_SYNTAX" -r "./doc"
perl ./util/mkpod2html.pl -i "doc/man3/OSSL_IETF_ATTR_SYNTAX_print.pod" -o doc/html/man3/OSSL_IETF_ATTR_SYNTAX_print.html -t "OSSL_IETF_ATTR_SYNTAX_print" -r "./doc"
perl ./util/mkpod2html.pl -i "doc/man3/OSSL_INDICATOR_set_callback.pod" -o doc/html/man3/OSSL_INDICATOR_set_callback.html -t "OSSL_INDICATOR_set_callback" -r "./doc"
perl ./util/mkpod2html.pl -i "doc/man3/OSSL_ITEM.pod" -o doc/html/man3/OSSL_ITEM.html -t "OSSL_ITEM" -r "./doc"
perl ./util/mkpod2html.pl -i "doc/man3/OSSL_LIB_CTX.pod" -o doc/html/man3/OSSL_LIB_CTX.html -t "OSSL_LIB_CTX" -r "./doc"
perl ./util/mkpod2html.pl -i "doc/man3/OSSL_LIB_CTX_set_conf_diagnostics.pod" -o doc/html/man3/OSSL_LIB_CTX_set_conf_diagnostics.html -t "OSSL_LIB_CTX_set_conf_diagnostics" -r "./doc"
perl ./util/mkpod2html.pl -i "doc/man3/OSSL_PARAM.pod" -o doc/html/man3/OSSL_PARAM.html -t "OSSL_PARAM" -r "./doc"
perl ./util/mkpod2html.pl -i "doc/man3/OSSL_PARAM_BLD.pod" -o doc/html/man3/OSSL_PARAM_BLD.html -t "OSSL_PARAM_BLD" -r "./doc"
perl ./util/mkpod2html.pl -i "doc/man3/OSSL_PARAM_allocate_from_text.pod" -o doc/html/man3/OSSL_PARAM_allocate_from_text.html -t "OSSL_PARAM_allocate_from_text" -r "./doc"
perl ./util/mkpod2html.pl -i "doc/man3/OSSL_PARAM_dup.pod" -o doc/html/man3/OSSL_PARAM_dup.html -t "OSSL_PARAM_dup" -r "./doc"
perl ./util/mkpod2html.pl -i "doc/man3/OSSL_PARAM_int.pod" -o doc/html/man3/OSSL_PARAM_int.html -t "OSSL_PARAM_int" -r "./doc"
perl ./util/mkpod2html.pl -i "doc/man3/OSSL_PARAM_print_to_bio.pod" -o doc/html/man3/OSSL_PARAM_print_to_bio.html -t "OSSL_PARAM_print_to_bio" -r "./doc"
perl ./util/mkpod2html.pl -i "doc/man3/OSSL_PROVIDER.pod" -o doc/html/man3/OSSL_PROVIDER.html -t "OSSL_PROVIDER" -r "./doc"
perl ./util/mkpod2html.pl -i "doc/man3/OSSL_QUIC_client_method.pod" -o doc/html/man3/OSSL_QUIC_client_method.html -t "OSSL_QUIC_client_method" -r "./doc"
perl ./util/mkpod2html.pl -i "doc/man3/OSSL_SELF_TEST_new.pod" -o doc/html/man3/OSSL_SELF_TEST_new.html -t "OSSL_SELF_TEST_new" -r "./doc"
perl ./util/mkpod2html.pl -i "doc/man3/OSSL_SELF_TEST_set_callback.pod" -o doc/html/man3/OSSL_SELF_TEST_set_callback.html -t "OSSL_SELF_TEST_set_callback" -r "./doc"
perl ./util/mkpod2html.pl -i "doc/man3/OSSL_STORE_INFO.pod" -o doc/html/man3/OSSL_STORE_INFO.html -t "OSSL_STORE_INFO" -r "./doc"
perl ./util/mkpod2html.pl -i "doc/man3/OSSL_STORE_LOADER.pod" -o doc/html/man3/OSSL_STORE_LOADER.html -t "OSSL_STORE_LOADER" -r "./doc"
perl ./util/mkpod2html.pl -i "doc/man3/OSSL_STORE_SEARCH.pod" -o doc/html/man3/OSSL_STORE_SEARCH.html -t "OSSL_STORE_SEARCH" -r "./doc"
perl ./util/mkpod2html.pl -i "doc/man3/OSSL_STORE_attach.pod" -o doc/html/man3/OSSL_STORE_attach.html -t "OSSL_STORE_attach" -r "./doc"
perl ./util/mkpod2html.pl -i "doc/man3/OSSL_STORE_expect.pod" -o doc/html/man3/OSSL_STORE_expect.html -t "OSSL_STORE_expect" -r "./doc"
perl ./util/mkpod2html.pl -i "doc/man3/OSSL_STORE_open.pod" -o doc/html/man3/OSSL_STORE_open.html -t "OSSL_STORE_open" -r "./doc"
perl ./util/mkpod2html.pl -i "doc/man3/OSSL_sleep.pod" -o doc/html/man3/OSSL_sleep.html -t "OSSL_sleep" -r "./doc"
perl ./util/mkpod2html.pl -i "doc/man3/OSSL_trace_enabled.pod" -o doc/html/man3/OSSL_trace_enabled.html -t "OSSL_trace_enabled" -r "./doc"
perl ./util/mkpod2html.pl -i "doc/man3/OSSL_trace_get_category_num.pod" -o doc/html/man3/OSSL_trace_get_category_num.html -t "OSSL_trace_get_category_num" -r "./doc"
perl ./util/mkpod2html.pl -i "doc/man3/OSSL_trace_set_channel.pod" -o doc/html/man3/OSSL_trace_set_channel.html -t "OSSL_trace_set_channel" -r "./doc"
perl ./util/mkpod2html.pl -i "doc/man3/OpenSSL_add_all_algorithms.pod" -o doc/html/man3/OpenSSL_add_all_algorithms.html -t "OpenSSL_add_all_algorithms" -r "./doc"
perl ./util/mkpod2html.pl -i "doc/man3/OpenSSL_version.pod" -o doc/html/man3/OpenSSL_version.html -t "OpenSSL_version" -r "./doc"
perl ./util/mkpod2html.pl -i "doc/man3/PBMAC1_get1_pbkdf2_param.pod" -o doc/html/man3/PBMAC1_get1_pbkdf2_param.html -t "PBMAC1_get1_pbkdf2_param" -r "./doc"
perl ./util/mkpod2html.pl -i "doc/man3/PEM_X509_INFO_read_bio_ex.pod" -o doc/html/man3/PEM_X509_INFO_read_bio_ex.html -t "PEM_X509_INFO_read_bio_ex" -r "./doc"
perl ./util/mkpod2html.pl -i "doc/man3/PEM_bytes_read_bio.pod" -o doc/html/man3/PEM_bytes_read_bio.html -t "PEM_bytes_read_bio" -r "./doc"
perl ./util/mkpod2html.pl -i "doc/man3/PEM_read.pod" -o doc/html/man3/PEM_read.html -t "PEM_read" -r "./doc"
perl ./util/mkpod2html.pl -i "doc/man3/PEM_read_CMS.pod" -o doc/html/man3/PEM_read_CMS.html -t "PEM_read_CMS" -r "./doc"
perl ./util/mkpod2html.pl -i "doc/man3/PEM_read_bio_PrivateKey.pod" -o doc/html/man3/PEM_read_bio_PrivateKey.html -t "PEM_read_bio_PrivateKey" -r "./doc"
perl ./util/mkpod2html.pl -i "doc/man3/PEM_read_bio_ex.pod" -o doc/html/man3/PEM_read_bio_ex.html -t "PEM_read_bio_ex" -r "./doc"
perl ./util/mkpod2html.pl -i "doc/man3/PEM_write_bio_CMS_stream.pod" -o doc/html/man3/PEM_write_bio_CMS_stream.html -t "PEM_write_bio_CMS_stream" -r "./doc"
perl ./util/mkpod2html.pl -i "doc/man3/PEM_write_bio_PKCS7_stream.pod" -o doc/html/man3/PEM_write_bio_PKCS7_stream.html -t "PEM_write_bio_PKCS7_stream" -r "./doc"
perl ./util/mkpod2html.pl -i "doc/man3/PKCS12_PBE_keyivgen.pod" -o doc/html/man3/PKCS12_PBE_keyivgen.html -t "PKCS12_PBE_keyivgen" -r "./doc"
perl ./util/mkpod2html.pl -i "doc/man3/PKCS12_SAFEBAG_create_cert.pod" -o doc/html/man3/PKCS12_SAFEBAG_create_cert.html -t "PKCS12_SAFEBAG_create_cert" -r "./doc"
perl ./util/mkpod2html.pl -i "doc/man3/PKCS12_SAFEBAG_get0_attrs.pod" -o doc/html/man3/PKCS12_SAFEBAG_get0_attrs.html -t "PKCS12_SAFEBAG_get0_attrs" -r "./doc"
perl ./util/mkpod2html.pl -i "doc/man3/PKCS12_SAFEBAG_get1_cert.pod" -o doc/html/man3/PKCS12_SAFEBAG_get1_cert.html -t "PKCS12_SAFEBAG_get1_cert" -r "./doc"
perl ./util/mkpod2html.pl -i "doc/man3/PKCS12_SAFEBAG_set0_attrs.pod" -o doc/html/man3/PKCS12_SAFEBAG_set0_attrs.html -t "PKCS12_SAFEBAG_set0_attrs" -r "./doc"
perl ./util/mkpod2html.pl -i "doc/man3/PKCS12_add1_attr_by_NID.pod" -o doc/html/man3/PKCS12_add1_attr_by_NID.html -t "PKCS12_add1_attr_by_NID" -r "./doc"
perl ./util/mkpod2html.pl -i "doc/man3/PKCS12_add_CSPName_asc.pod" -o doc/html/man3/PKCS12_add_CSPName_asc.html -t "PKCS12_add_CSPName_asc" -r "./doc"
perl ./util/mkpod2html.pl -i "doc/man3/PKCS12_add_cert.pod" -o doc/html/man3/PKCS12_add_cert.html -t "PKCS12_add_cert" -r "./doc"
perl ./util/mkpod2html.pl -i "doc/man3/PKCS12_add_friendlyname_asc.pod" -o doc/html/man3/PKCS12_add_friendlyname_asc.html -t "PKCS12_add_friendlyname_asc" -r "./doc"
perl ./util/mkpod2html.pl -i "doc/man3/PKCS12_add_localkeyid.pod" -o doc/html/man3/PKCS12_add_localkeyid.html -t "PKCS12_add_localkeyid" -r "./doc"
perl ./util/mkpod2html.pl -i "doc/man3/PKCS12_add_safe.pod" -o doc/html/man3/PKCS12_add_safe.html -t "PKCS12_add_safe" -r "./doc"
perl ./util/mkpod2html.pl -i "doc/man3/PKCS12_create.pod" -o doc/html/man3/PKCS12_create.html -t "PKCS12_create" -r "./doc"
perl ./util/mkpod2html.pl -i "doc/man3/PKCS12_decrypt_skey.pod" -o doc/html/man3/PKCS12_decrypt_skey.html -t "PKCS12_decrypt_skey" -r "./doc"
perl ./util/mkpod2html.pl -i "doc/man3/PKCS12_gen_mac.pod" -o doc/html/man3/PKCS12_gen_mac.html -t "PKCS12_gen_mac" -r "./doc"
perl ./util/mkpod2html.pl -i "doc/man3/PKCS12_get_friendlyname.pod" -o doc/html/man3/PKCS12_get_friendlyname.html -t "PKCS12_get_friendlyname" -r "./doc"
perl ./util/mkpod2html.pl -i "doc/man3/PKCS12_init.pod" -o doc/html/man3/PKCS12_init.html -t "PKCS12_init" -r "./doc"
perl ./util/mkpod2html.pl -i "doc/man3/PKCS12_item_decrypt_d2i.pod" -o doc/html/man3/PKCS12_item_decrypt_d2i.html -t "PKCS12_item_decrypt_d2i" -r "./doc"
perl ./util/mkpod2html.pl -i "doc/man3/PKCS12_key_gen_utf8_ex.pod" -o doc/html/man3/PKCS12_key_gen_utf8_ex.html -t "PKCS12_key_gen_utf8_ex" -r "./doc"
perl ./util/mkpod2html.pl -i "doc/man3/PKCS12_newpass.pod" -o doc/html/man3/PKCS12_newpass.html -t "PKCS12_newpass" -r "./doc"
perl ./util/mkpod2html.pl -i "doc/man3/PKCS12_pack_p7encdata.pod" -o doc/html/man3/PKCS12_pack_p7encdata.html -t "PKCS12_pack_p7encdata" -r "./doc"
perl ./util/mkpod2html.pl -i "doc/man3/PKCS12_parse.pod" -o doc/html/man3/PKCS12_parse.html -t "PKCS12_parse" -r "./doc"
perl ./util/mkpod2html.pl -i "doc/man3/PKCS5_PBE_keyivgen.pod" -o doc/html/man3/PKCS5_PBE_keyivgen.html -t "PKCS5_PBE_keyivgen" -r "./doc"
perl ./util/mkpod2html.pl -i "doc/man3/PKCS5_PBKDF2_HMAC.pod" -o doc/html/man3/PKCS5_PBKDF2_HMAC.html -t "PKCS5_PBKDF2_HMAC" -r "./doc"
perl ./util/mkpod2html.pl -i "doc/man3/PKCS7_decrypt.pod" -o doc/html/man3/PKCS7_decrypt.html -t "PKCS7_decrypt" -r "./doc"
perl ./util/mkpod2html.pl -i "doc/man3/PKCS7_encrypt.pod" -o doc/html/man3/PKCS7_encrypt.html -t "PKCS7_encrypt" -r "./doc"
perl ./util/mkpod2html.pl -i "doc/man3/PKCS7_get_octet_string.pod" -o doc/html/man3/PKCS7_get_octet_string.html -t "PKCS7_get_octet_string" -r "./doc"
perl ./util/mkpod2html.pl -i "doc/man3/PKCS7_sign.pod" -o doc/html/man3/PKCS7_sign.html -t "PKCS7_sign" -r "./doc"
perl ./util/mkpod2html.pl -i "doc/man3/PKCS7_sign_add_signer.pod" -o doc/html/man3/PKCS7_sign_add_signer.html -t "PKCS7_sign_add_signer" -r "./doc"
perl ./util/mkpod2html.pl -i "doc/man3/PKCS7_type_is_other.pod" -o doc/html/man3/PKCS7_type_is_other.html -t "PKCS7_type_is_other" -r "./doc"
perl ./util/mkpod2html.pl -i "doc/man3/PKCS7_verify.pod" -o doc/html/man3/PKCS7_verify.html -t "PKCS7_verify" -r "./doc"
perl ./util/mkpod2html.pl -i "doc/man3/PKCS8_encrypt.pod" -o doc/html/man3/PKCS8_encrypt.html -t "PKCS8_encrypt" -r "./doc"
perl ./util/mkpod2html.pl -i "doc/man3/PKCS8_pkey_add1_attr.pod" -o doc/html/man3/PKCS8_pkey_add1_attr.html -t "PKCS8_pkey_add1_attr" -r "./doc"
perl ./util/mkpod2html.pl -i "doc/man3/RAND_add.pod" -o doc/html/man3/RAND_add.html -t "RAND_add" -r "./doc"
perl ./util/mkpod2html.pl -i "doc/man3/RAND_bytes.pod" -o doc/html/man3/RAND_bytes.html -t "RAND_bytes" -r "./doc"
perl ./util/mkpod2html.pl -i "doc/man3/RAND_cleanup.pod" -o doc/html/man3/RAND_cleanup.html -t "RAND_cleanup" -r "./doc"
perl ./util/mkpod2html.pl -i "doc/man3/RAND_egd.pod" -o doc/html/man3/RAND_egd.html -t "RAND_egd" -r "./doc"
perl ./util/mkpod2html.pl -i "doc/man3/RAND_get0_primary.pod" -o doc/html/man3/RAND_get0_primary.html -t "RAND_get0_primary" -r "./doc"
perl ./util/mkpod2html.pl -i "doc/man3/RAND_load_file.pod" -o doc/html/man3/RAND_load_file.html -t "RAND_load_file" -r "./doc"
perl ./util/mkpod2html.pl -i "doc/man3/RAND_set_DRBG_type.pod" -o doc/html/man3/RAND_set_DRBG_type.html -t "RAND_set_DRBG_type" -r "./doc"
perl ./util/mkpod2html.pl -i "doc/man3/RAND_set_rand_method.pod" -o doc/html/man3/RAND_set_rand_method.html -t "RAND_set_rand_method" -r "./doc"
perl ./util/mkpod2html.pl -i "doc/man3/RC4_set_key.pod" -o doc/html/man3/RC4_set_key.html -t "RC4_set_key" -r "./doc"
perl ./util/mkpod2html.pl -i "doc/man3/RIPEMD160_Init.pod" -o doc/html/man3/RIPEMD160_Init.html -t "RIPEMD160_Init" -r "./doc"
perl ./util/mkpod2html.pl -i "doc/man3/RSA_blinding_on.pod" -o doc/html/man3/RSA_blinding_on.html -t "RSA_blinding_on" -r "./doc"
perl ./util/mkpod2html.pl -i "doc/man3/RSA_check_key.pod" -o doc/html/man3/RSA_check_key.html -t "RSA_check_key" -r "./doc"
perl ./util/mkpod2html.pl -i "doc/man3/RSA_generate_key.pod" -o doc/html/man3/RSA_generate_key.html -t "RSA_generate_key" -r "./doc"
perl ./util/mkpod2html.pl -i "doc/man3/RSA_get0_key.pod" -o doc/html/man3/RSA_get0_key.html -t "RSA_get0_key" -r "./doc"
perl ./util/mkpod2html.pl -i "doc/man3/RSA_meth_new.pod" -o doc/html/man3/RSA_meth_new.html -t "RSA_meth_new" -r "./doc"
perl ./util/mkpod2html.pl -i "doc/man3/RSA_new.pod" -o doc/html/man3/RSA_new.html -t "RSA_new" -r "./doc"
perl ./util/mkpod2html.pl -i "doc/man3/RSA_padding_add_PKCS1_type_1.pod" -o doc/html/man3/RSA_padding_add_PKCS1_type_1.html -t "RSA_padding_add_PKCS1_type_1" -r "./doc"
perl ./util/mkpod2html.pl -i "doc/man3/RSA_print.pod" -o doc/html/man3/RSA_print.html -t "RSA_print" -r "./doc"
perl ./util/mkpod2html.pl -i "doc/man3/RSA_private_encrypt.pod" -o doc/html/man3/RSA_private_encrypt.html -t "RSA_private_encrypt" -r "./doc"
perl ./util/mkpod2html.pl -i "doc/man3/RSA_public_encrypt.pod" -o doc/html/man3/RSA_public_encrypt.html -t "RSA_public_encrypt" -r "./doc"
perl ./util/mkpod2html.pl -i "doc/man3/RSA_set_method.pod" -o doc/html/man3/RSA_set_method.html -t "RSA_set_method" -r "./doc"
perl ./util/mkpod2html.pl -i "doc/man3/RSA_sign.pod" -o doc/html/man3/RSA_sign.html -t "RSA_sign" -r "./doc"
perl ./util/mkpod2html.pl -i "doc/man3/RSA_sign_ASN1_OCTET_STRING.pod" -o doc/html/man3/RSA_sign_ASN1_OCTET_STRING.html -t "RSA_sign_ASN1_OCTET_STRING" -r "./doc"
perl ./util/mkpod2html.pl -i "doc/man3/RSA_size.pod" -o doc/html/man3/RSA_size.html -t "RSA_size" -r "./doc"
perl ./util/mkpod2html.pl -i "doc/man3/SCT_new.pod" -o doc/html/man3/SCT_new.html -t "SCT_new" -r "./doc"
perl ./util/mkpod2html.pl -i "doc/man3/SCT_print.pod" -o doc/html/man3/SCT_print.html -t "SCT_print" -r "./doc"
perl ./util/mkpod2html.pl -i "doc/man3/SCT_validate.pod" -o doc/html/man3/SCT_validate.html -t "SCT_validate" -r "./doc"
perl ./util/mkpod2html.pl -i "doc/man3/SHA256_Init.pod" -o doc/html/man3/SHA256_Init.html -t "SHA256_Init" -r "./doc"
perl ./util/mkpod2html.pl -i "doc/man3/SMIME_read_ASN1.pod" -o doc/html/man3/SMIME_read_ASN1.html -t "SMIME_read_ASN1" -r "./doc"
perl ./util/mkpod2html.pl -i "doc/man3/SMIME_read_CMS.pod" -o doc/html/man3/SMIME_read_CMS.html -t "SMIME_read_CMS" -r "./doc"
perl ./util/mkpod2html.pl -i "doc/man3/SMIME_read_PKCS7.pod" -o doc/html/man3/SMIME_read_PKCS7.html -t "SMIME_read_PKCS7" -r "./doc"
perl ./util/mkpod2html.pl -i "doc/man3/SMIME_write_ASN1.pod" -o doc/html/man3/SMIME_write_ASN1.html -t "SMIME_write_ASN1" -r "./doc"
perl ./util/mkpod2html.pl -i "doc/man3/SMIME_write_CMS.pod" -o doc/html/man3/SMIME_write_CMS.html -t "SMIME_write_CMS" -r "./doc"
perl ./util/mkpod2html.pl -i "doc/man3/SMIME_write_PKCS7.pod" -o doc/html/man3/SMIME_write_PKCS7.html -t "SMIME_write_PKCS7" -r "./doc"
perl ./util/mkpod2html.pl -i "doc/man3/SRP_Calc_B.pod" -o doc/html/man3/SRP_Calc_B.html -t "SRP_Calc_B" -r "./doc"
perl ./util/mkpod2html.pl -i "doc/man3/SRP_VBASE_new.pod" -o doc/html/man3/SRP_VBASE_new.html -t "SRP_VBASE_new" -r "./doc"
perl ./util/mkpod2html.pl -i "doc/man3/SRP_create_verifier.pod" -o doc/html/man3/SRP_create_verifier.html -t "SRP_create_verifier" -r "./doc"
perl ./util/mkpod2html.pl -i "doc/man3/SRP_user_pwd_new.pod" -o doc/html/man3/SRP_user_pwd_new.html -t "SRP_user_pwd_new" -r "./doc"
perl ./util/mkpod2html.pl -i "doc/man3/SSL_CIPHER_get_name.pod" -o doc/html/man3/SSL_CIPHER_get_name.html -t "SSL_CIPHER_get_name" -r "./doc"
perl ./util/mkpod2html.pl -i "doc/man3/SSL_COMP_add_compression_method.pod" -o doc/html/man3/SSL_COMP_add_compression_method.html -t "SSL_COMP_add_compression_method" -r "./doc"
perl ./util/mkpod2html.pl -i "doc/man3/SSL_CONF_CTX_new.pod" -o doc/html/man3/SSL_CONF_CTX_new.html -t "SSL_CONF_CTX_new" -r "./doc"
perl ./util/mkpod2html.pl -i "doc/man3/SSL_CONF_CTX_set1_prefix.pod" -o doc/html/man3/SSL_CONF_CTX_set1_prefix.html -t "SSL_CONF_CTX_set1_prefix" -r "./doc"
perl ./util/mkpod2html.pl -i "doc/man3/SSL_CONF_CTX_set_flags.pod" -o doc/html/man3/SSL_CONF_CTX_set_flags.html -t "SSL_CONF_CTX_set_flags" -r "./doc"
perl ./util/mkpod2html.pl -i "doc/man3/SSL_CONF_CTX_set_ssl_ctx.pod" -o doc/html/man3/SSL_CONF_CTX_set_ssl_ctx.html -t "SSL_CONF_CTX_set_ssl_ctx" -r "./doc"
perl ./util/mkpod2html.pl -i "doc/man3/SSL_CONF_cmd.pod" -o doc/html/man3/SSL_CONF_cmd.html -t "SSL_CONF_cmd" -r "./doc"
perl ./util/mkpod2html.pl -i "doc/man3/SSL_CONF_cmd_argv.pod" -o doc/html/man3/SSL_CONF_cmd_argv.html -t "SSL_CONF_cmd_argv" -r "./doc"
perl ./util/mkpod2html.pl -i "doc/man3/SSL_CTX_add1_chain_cert.pod" -o doc/html/man3/SSL_CTX_add1_chain_cert.html -t "SSL_CTX_add1_chain_cert" -r "./doc"
perl ./util/mkpod2html.pl -i "doc/man3/SSL_CTX_add_extra_chain_cert.pod" -o doc/html/man3/SSL_CTX_add_extra_chain_cert.html -t "SSL_CTX_add_extra_chain_cert" -r "./doc"
perl ./util/mkpod2html.pl -i "doc/man3/SSL_CTX_add_session.pod" -o doc/html/man3/SSL_CTX_add_session.html -t "SSL_CTX_add_session" -r "./doc"
perl ./util/mkpod2html.pl -i "doc/man3/SSL_CTX_config.pod" -o doc/html/man3/SSL_CTX_config.html -t "SSL_CTX_config" -r "./doc"
perl ./util/mkpod2html.pl -i "doc/man3/SSL_CTX_ctrl.pod" -o doc/html/man3/SSL_CTX_ctrl.html -t "SSL_CTX_ctrl" -r "./doc"
perl ./util/mkpod2html.pl -i "doc/man3/SSL_CTX_dane_enable.pod" -o doc/html/man3/SSL_CTX_dane_enable.html -t "SSL_CTX_dane_enable" -r "./doc"
perl ./util/mkpod2html.pl -i "doc/man3/SSL_CTX_flush_sessions.pod" -o doc/html/man3/SSL_CTX_flush_sessions.html -t "SSL_CTX_flush_sessions" -r "./doc"
perl ./util/mkpod2html.pl -i "doc/man3/SSL_CTX_free.pod" -o doc/html/man3/SSL_CTX_free.html -t "SSL_CTX_free" -r "./doc"
perl ./util/mkpod2html.pl -i "doc/man3/SSL_CTX_get0_param.pod" -o doc/html/man3/SSL_CTX_get0_param.html -t "SSL_CTX_get0_param" -r "./doc"
perl ./util/mkpod2html.pl -i "doc/man3/SSL_CTX_get_verify_mode.pod" -o doc/html/man3/SSL_CTX_get_verify_mode.html -t "SSL_CTX_get_verify_mode" -r "./doc"
perl ./util/mkpod2html.pl -i "doc/man3/SSL_CTX_has_client_custom_ext.pod" -o doc/html/man3/SSL_CTX_has_client_custom_ext.html -t "SSL_CTX_has_client_custom_ext" -r "./doc"
perl ./util/mkpod2html.pl -i "doc/man3/SSL_CTX_load_verify_locations.pod" -o doc/html/man3/SSL_CTX_load_verify_locations.html -t "SSL_CTX_load_verify_locations" -r "./doc"
perl ./util/mkpod2html.pl -i "doc/man3/SSL_CTX_new.pod" -o doc/html/man3/SSL_CTX_new.html -t "SSL_CTX_new" -r "./doc"
perl ./util/mkpod2html.pl -i "doc/man3/SSL_CTX_sess_number.pod" -o doc/html/man3/SSL_CTX_sess_number.html -t "SSL_CTX_sess_number" -r "./doc"
perl ./util/mkpod2html.pl -i "doc/man3/SSL_CTX_sess_set_cache_size.pod" -o doc/html/man3/SSL_CTX_sess_set_cache_size.html -t "SSL_CTX_sess_set_cache_size" -r "./doc"
perl ./util/mkpod2html.pl -i "doc/man3/SSL_CTX_sess_set_get_cb.pod" -o doc/html/man3/SSL_CTX_sess_set_get_cb.html -t "SSL_CTX_sess_set_get_cb" -r "./doc"
perl ./util/mkpod2html.pl -i "doc/man3/SSL_CTX_sessions.pod" -o doc/html/man3/SSL_CTX_sessions.html -t "SSL_CTX_sessions" -r "./doc"
perl ./util/mkpod2html.pl -i "doc/man3/SSL_CTX_set0_CA_list.pod" -o doc/html/man3/SSL_CTX_set0_CA_list.html -t "SSL_CTX_set0_CA_list" -r "./doc"
perl ./util/mkpod2html.pl -i "doc/man3/SSL_CTX_set1_cert_comp_preference.pod" -o doc/html/man3/SSL_CTX_set1_cert_comp_preference.html -t "SSL_CTX_set1_cert_comp_preference" -r "./doc"
perl ./util/mkpod2html.pl -i "doc/man3/SSL_CTX_set1_curves.pod" -o doc/html/man3/SSL_CTX_set1_curves.html -t "SSL_CTX_set1_curves" -r "./doc"
perl ./util/mkpod2html.pl -i "doc/man3/SSL_CTX_set1_sigalgs.pod" -o doc/html/man3/SSL_CTX_set1_sigalgs.html -t "SSL_CTX_set1_sigalgs" -r "./doc"
perl ./util/mkpod2html.pl -i "doc/man3/SSL_CTX_set1_verify_cert_store.pod" -o doc/html/man3/SSL_CTX_set1_verify_cert_store.html -t "SSL_CTX_set1_verify_cert_store" -r "./doc"
perl ./util/mkpod2html.pl -i "doc/man3/SSL_CTX_set_alpn_select_cb.pod" -o doc/html/man3/SSL_CTX_set_alpn_select_cb.html -t "SSL_CTX_set_alpn_select_cb" -r "./doc"
perl ./util/mkpod2html.pl -i "doc/man3/SSL_CTX_set_cert_cb.pod" -o doc/html/man3/SSL_CTX_set_cert_cb.html -t "SSL_CTX_set_cert_cb" -r "./doc"
perl ./util/mkpod2html.pl -i "doc/man3/SSL_CTX_set_cert_store.pod" -o doc/html/man3/SSL_CTX_set_cert_store.html -t "SSL_CTX_set_cert_store" -r "./doc"
perl ./util/mkpod2html.pl -i "doc/man3/SSL_CTX_set_cert_verify_callback.pod" -o doc/html/man3/SSL_CTX_set_cert_verify_callback.html -t "SSL_CTX_set_cert_verify_callback" -r "./doc"
perl ./util/mkpod2html.pl -i "doc/man3/SSL_CTX_set_cipher_list.pod" -o doc/html/man3/SSL_CTX_set_cipher_list.html -t "SSL_CTX_set_cipher_list" -r "./doc"
perl ./util/mkpod2html.pl -i "doc/man3/SSL_CTX_set_client_cert_cb.pod" -o doc/html/man3/SSL_CTX_set_client_cert_cb.html -t "SSL_CTX_set_client_cert_cb" -r "./doc"
perl ./util/mkpod2html.pl -i "doc/man3/SSL_CTX_set_client_hello_cb.pod" -o doc/html/man3/SSL_CTX_set_client_hello_cb.html -t "SSL_CTX_set_client_hello_cb" -r "./doc"
perl ./util/mkpod2html.pl -i "doc/man3/SSL_CTX_set_ct_validation_callback.pod" -o doc/html/man3/SSL_CTX_set_ct_validation_callback.html -t "SSL_CTX_set_ct_validation_callback" -r "./doc"
perl ./util/mkpod2html.pl -i "doc/man3/SSL_CTX_set_ctlog_list_file.pod" -o doc/html/man3/SSL_CTX_set_ctlog_list_file.html -t "SSL_CTX_set_ctlog_list_file" -r "./doc"
perl ./util/mkpod2html.pl -i "doc/man3/SSL_CTX_set_default_passwd_cb.pod" -o doc/html/man3/SSL_CTX_set_default_passwd_cb.html -t "SSL_CTX_set_default_passwd_cb" -r "./doc"
perl ./util/mkpod2html.pl -i "doc/man3/SSL_CTX_set_domain_flags.pod" -o doc/html/man3/SSL_CTX_set_domain_flags.html -t "SSL_CTX_set_domain_flags" -r "./doc"
perl ./util/mkpod2html.pl -i "doc/man3/SSL_CTX_set_generate_session_id.pod" -o doc/html/man3/SSL_CTX_set_generate_session_id.html -t "SSL_CTX_set_generate_session_id" -r "./doc"
perl ./util/mkpod2html.pl -i "doc/man3/SSL_CTX_set_info_callback.pod" -o doc/html/man3/SSL_CTX_set_info_callback.html -t "SSL_CTX_set_info_callback" -r "./doc"
perl ./util/mkpod2html.pl -i "doc/man3/SSL_CTX_set_keylog_callback.pod" -o doc/html/man3/SSL_CTX_set_keylog_callback.html -t "SSL_CTX_set_keylog_callback" -r "./doc"
perl ./util/mkpod2html.pl -i "doc/man3/SSL_CTX_set_max_cert_list.pod" -o doc/html/man3/SSL_CTX_set_max_cert_list.html -t "SSL_CTX_set_max_cert_list" -r "./doc"
perl ./util/mkpod2html.pl -i "doc/man3/SSL_CTX_set_min_proto_version.pod" -o doc/html/man3/SSL_CTX_set_min_proto_version.html -t "SSL_CTX_set_min_proto_version" -r "./doc"
perl ./util/mkpod2html.pl -i "doc/man3/SSL_CTX_set_mode.pod" -o doc/html/man3/SSL_CTX_set_mode.html -t "SSL_CTX_set_mode" -r "./doc"
perl ./util/mkpod2html.pl -i "doc/man3/SSL_CTX_set_msg_callback.pod" -o doc/html/man3/SSL_CTX_set_msg_callback.html -t "SSL_CTX_set_msg_callback" -r "./doc"
perl ./util/mkpod2html.pl -i "doc/man3/SSL_CTX_set_new_pending_conn_cb.pod" -o doc/html/man3/SSL_CTX_set_new_pending_conn_cb.html -t "SSL_CTX_set_new_pending_conn_cb" -r "./doc"
perl ./util/mkpod2html.pl -i "doc/man3/SSL_CTX_set_num_tickets.pod" -o doc/html/man3/SSL_CTX_set_num_tickets.html -t "SSL_CTX_set_num_tickets" -r "./doc"
perl ./util/mkpod2html.pl -i "doc/man3/SSL_CTX_set_options.pod" -o doc/html/man3/SSL_CTX_set_options.html -t "SSL_CTX_set_options" -r "./doc"
perl ./util/mkpod2html.pl -i "doc/man3/SSL_CTX_set_psk_client_callback.pod" -o doc/html/man3/SSL_CTX_set_psk_client_callback.html -t "SSL_CTX_set_psk_client_callback" -r "./doc"
perl ./util/mkpod2html.pl -i "doc/man3/SSL_CTX_set_quiet_shutdown.pod" -o doc/html/man3/SSL_CTX_set_quiet_shutdown.html -t "SSL_CTX_set_quiet_shutdown" -r "./doc"
perl ./util/mkpod2html.pl -i "doc/man3/SSL_CTX_set_read_ahead.pod" -o doc/html/man3/SSL_CTX_set_read_ahead.html -t "SSL_CTX_set_read_ahead" -r "./doc"
perl ./util/mkpod2html.pl -i "doc/man3/SSL_CTX_set_record_padding_callback.pod" -o doc/html/man3/SSL_CTX_set_record_padding_callback.html -t "SSL_CTX_set_record_padding_callback" -r "./doc"
perl ./util/mkpod2html.pl -i "doc/man3/SSL_CTX_set_security_level.pod" -o doc/html/man3/SSL_CTX_set_security_level.html -t "SSL_CTX_set_security_level" -r "./doc"
perl ./util/mkpod2html.pl -i "doc/man3/SSL_CTX_set_session_cache_mode.pod" -o doc/html/man3/SSL_CTX_set_session_cache_mode.html -t "SSL_CTX_set_session_cache_mode" -r "./doc"
perl ./util/mkpod2html.pl -i "doc/man3/SSL_CTX_set_session_id_context.pod" -o doc/html/man3/SSL_CTX_set_session_id_context.html -t "SSL_CTX_set_session_id_context" -r "./doc"
perl ./util/mkpod2html.pl -i "doc/man3/SSL_CTX_set_session_ticket_cb.pod" -o doc/html/man3/SSL_CTX_set_session_ticket_cb.html -t "SSL_CTX_set_session_ticket_cb" -r "./doc"
perl ./util/mkpod2html.pl -i "doc/man3/SSL_CTX_set_split_send_fragment.pod" -o doc/html/man3/SSL_CTX_set_split_send_fragment.html -t "SSL_CTX_set_split_send_fragment" -r "./doc"
perl ./util/mkpod2html.pl -i "doc/man3/SSL_CTX_set_srp_password.pod" -o doc/html/man3/SSL_CTX_set_srp_password.html -t "SSL_CTX_set_srp_password" -r "./doc"
perl ./util/mkpod2html.pl -i "doc/man3/SSL_CTX_set_ssl_version.pod" -o doc/html/man3/SSL_CTX_set_ssl_version.html -t "SSL_CTX_set_ssl_version" -r "./doc"
perl ./util/mkpod2html.pl -i "doc/man3/SSL_CTX_set_stateless_cookie_generate_cb.pod" -o doc/html/man3/SSL_CTX_set_stateless_cookie_generate_cb.html -t "SSL_CTX_set_stateless_cookie_generate_cb" -r "./doc"
perl ./util/mkpod2html.pl -i "doc/man3/SSL_CTX_set_timeout.pod" -o doc/html/man3/SSL_CTX_set_timeout.html -t "SSL_CTX_set_timeout" -r "./doc"
perl ./util/mkpod2html.pl -i "doc/man3/SSL_CTX_set_tlsext_servername_callback.pod" -o doc/html/man3/SSL_CTX_set_tlsext_servername_callback.html -t "SSL_CTX_set_tlsext_servername_callback" -r "./doc"
perl ./util/mkpod2html.pl -i "doc/man3/SSL_CTX_set_tlsext_status_cb.pod" -o doc/html/man3/SSL_CTX_set_tlsext_status_cb.html -t "SSL_CTX_set_tlsext_status_cb" -r "./doc"
perl ./util/mkpod2html.pl -i "doc/man3/SSL_CTX_set_tlsext_ticket_key_cb.pod" -o doc/html/man3/SSL_CTX_set_tlsext_ticket_key_cb.html -t "SSL_CTX_set_tlsext_ticket_key_cb" -r "./doc"
perl ./util/mkpod2html.pl -i "doc/man3/SSL_CTX_set_tlsext_use_srtp.pod" -o doc/html/man3/SSL_CTX_set_tlsext_use_srtp.html -t "SSL_CTX_set_tlsext_use_srtp" -r "./doc"
perl ./util/mkpod2html.pl -i "doc/man3/SSL_CTX_set_tmp_dh_callback.pod" -o doc/html/man3/SSL_CTX_set_tmp_dh_callback.html -t "SSL_CTX_set_tmp_dh_callback" -r "./doc"
perl ./util/mkpod2html.pl -i "doc/man3/SSL_CTX_set_tmp_ecdh.pod" -o doc/html/man3/SSL_CTX_set_tmp_ecdh.html -t "SSL_CTX_set_tmp_ecdh" -r "./doc"
perl ./util/mkpod2html.pl -i "doc/man3/SSL_CTX_set_verify.pod" -o doc/html/man3/SSL_CTX_set_verify.html -t "SSL_CTX_set_verify" -r "./doc"
perl ./util/mkpod2html.pl -i "doc/man3/SSL_CTX_use_certificate.pod" -o doc/html/man3/SSL_CTX_use_certificate.html -t "SSL_CTX_use_certificate" -r "./doc"
perl ./util/mkpod2html.pl -i "doc/man3/SSL_CTX_use_psk_identity_hint.pod" -o doc/html/man3/SSL_CTX_use_psk_identity_hint.html -t "SSL_CTX_use_psk_identity_hint" -r "./doc"
perl ./util/mkpod2html.pl -i "doc/man3/SSL_CTX_use_serverinfo.pod" -o doc/html/man3/SSL_CTX_use_serverinfo.html -t "SSL_CTX_use_serverinfo" -r "./doc"
perl ./util/mkpod2html.pl -i "doc/man3/SSL_SESSION_free.pod" -o doc/html/man3/SSL_SESSION_free.html -t "SSL_SESSION_free" -r "./doc"
perl ./util/mkpod2html.pl -i "doc/man3/SSL_SESSION_get0_cipher.pod" -o doc/html/man3/SSL_SESSION_get0_cipher.html -t "SSL_SESSION_get0_cipher" -r "./doc"
perl ./util/mkpod2html.pl -i "doc/man3/SSL_SESSION_get0_hostname.pod" -o doc/html/man3/SSL_SESSION_get0_hostname.html -t "SSL_SESSION_get0_hostname" -r "./doc"
perl ./util/mkpod2html.pl -i "doc/man3/SSL_SESSION_get0_id_context.pod" -o doc/html/man3/SSL_SESSION_get0_id_context.html -t "SSL_SESSION_get0_id_context" -r "./doc"
perl ./util/mkpod2html.pl -i "doc/man3/SSL_SESSION_get0_peer.pod" -o doc/html/man3/SSL_SESSION_get0_peer.html -t "SSL_SESSION_get0_peer" -r "./doc"
perl ./util/mkpod2html.pl -i "doc/man3/SSL_SESSION_get_compress_id.pod" -o doc/html/man3/SSL_SESSION_get_compress_id.html -t "SSL_SESSION_get_compress_id" -r "./doc"
perl ./util/mkpod2html.pl -i "doc/man3/SSL_SESSION_get_protocol_version.pod" -o doc/html/man3/SSL_SESSION_get_protocol_version.html -t "SSL_SESSION_get_protocol_version" -r "./doc"
perl ./util/mkpod2html.pl -i "doc/man3/SSL_SESSION_get_time.pod" -o doc/html/man3/SSL_SESSION_get_time.html -t "SSL_SESSION_get_time" -r "./doc"
perl ./util/mkpod2html.pl -i "doc/man3/SSL_SESSION_has_ticket.pod" -o doc/html/man3/SSL_SESSION_has_ticket.html -t "SSL_SESSION_has_ticket" -r "./doc"
perl ./util/mkpod2html.pl -i "doc/man3/SSL_SESSION_is_resumable.pod" -o doc/html/man3/SSL_SESSION_is_resumable.html -t "SSL_SESSION_is_resumable" -r "./doc"
perl ./util/mkpod2html.pl -i "doc/man3/SSL_SESSION_print.pod" -o doc/html/man3/SSL_SESSION_print.html -t "SSL_SESSION_print" -r "./doc"
perl ./util/mkpod2html.pl -i "doc/man3/SSL_SESSION_set1_id.pod" -o doc/html/man3/SSL_SESSION_set1_id.html -t "SSL_SESSION_set1_id" -r "./doc"
perl ./util/mkpod2html.pl -i "doc/man3/SSL_accept.pod" -o doc/html/man3/SSL_accept.html -t "SSL_accept" -r "./doc"
perl ./util/mkpod2html.pl -i "doc/man3/SSL_accept_stream.pod" -o doc/html/man3/SSL_accept_stream.html -t "SSL_accept_stream" -r "./doc"
perl ./util/mkpod2html.pl -i "doc/man3/SSL_alert_type_string.pod" -o doc/html/man3/SSL_alert_type_string.html -t "SSL_alert_type_string" -r "./doc"
perl ./util/mkpod2html.pl -i "doc/man3/SSL_alloc_buffers.pod" -o doc/html/man3/SSL_alloc_buffers.html -t "SSL_alloc_buffers" -r "./doc"
perl ./util/mkpod2html.pl -i "doc/man3/SSL_check_chain.pod" -o doc/html/man3/SSL_check_chain.html -t "SSL_check_chain" -r "./doc"
perl ./util/mkpod2html.pl -i "doc/man3/SSL_clear.pod" -o doc/html/man3/SSL_clear.html -t "SSL_clear" -r "./doc"
perl ./util/mkpod2html.pl -i "doc/man3/SSL_connect.pod" -o doc/html/man3/SSL_connect.html -t "SSL_connect" -r "./doc"
perl ./util/mkpod2html.pl -i "doc/man3/SSL_do_handshake.pod" -o doc/html/man3/SSL_do_handshake.html -t "SSL_do_handshake" -r "./doc"
perl ./util/mkpod2html.pl -i "doc/man3/SSL_export_keying_material.pod" -o doc/html/man3/SSL_export_keying_material.html -t "SSL_export_keying_material" -r "./doc"
perl ./util/mkpod2html.pl -i "doc/man3/SSL_extension_supported.pod" -o doc/html/man3/SSL_extension_supported.html -t "SSL_extension_supported" -r "./doc"
perl ./util/mkpod2html.pl -i "doc/man3/SSL_free.pod" -o doc/html/man3/SSL_free.html -t "SSL_free" -r "./doc"
perl ./util/mkpod2html.pl -i "doc/man3/SSL_get0_connection.pod" -o doc/html/man3/SSL_get0_connection.html -t "SSL_get0_connection" -r "./doc"
perl ./util/mkpod2html.pl -i "doc/man3/SSL_get0_group_name.pod" -o doc/html/man3/SSL_get0_group_name.html -t "SSL_get0_group_name" -r "./doc"
perl ./util/mkpod2html.pl -i "doc/man3/SSL_get0_peer_rpk.pod" -o doc/html/man3/SSL_get0_peer_rpk.html -t "SSL_get0_peer_rpk" -r "./doc"
perl ./util/mkpod2html.pl -i "doc/man3/SSL_get0_peer_scts.pod" -o doc/html/man3/SSL_get0_peer_scts.html -t "SSL_get0_peer_scts" -r "./doc"
perl ./util/mkpod2html.pl -i "doc/man3/SSL_get1_builtin_sigalgs.pod" -o doc/html/man3/SSL_get1_builtin_sigalgs.html -t "SSL_get1_builtin_sigalgs" -r "./doc"
perl ./util/mkpod2html.pl -i "doc/man3/SSL_get_SSL_CTX.pod" -o doc/html/man3/SSL_get_SSL_CTX.html -t "SSL_get_SSL_CTX" -r "./doc"
perl ./util/mkpod2html.pl -i "doc/man3/SSL_get_all_async_fds.pod" -o doc/html/man3/SSL_get_all_async_fds.html -t "SSL_get_all_async_fds" -r "./doc"
perl ./util/mkpod2html.pl -i "doc/man3/SSL_get_certificate.pod" -o doc/html/man3/SSL_get_certificate.html -t "SSL_get_certificate" -r "./doc"
perl ./util/mkpod2html.pl -i "doc/man3/SSL_get_ciphers.pod" -o doc/html/man3/SSL_get_ciphers.html -t "SSL_get_ciphers" -r "./doc"
perl ./util/mkpod2html.pl -i "doc/man3/SSL_get_client_random.pod" -o doc/html/man3/SSL_get_client_random.html -t "SSL_get_client_random" -r "./doc"
perl ./util/mkpod2html.pl -i "doc/man3/SSL_get_conn_close_info.pod" -o doc/html/man3/SSL_get_conn_close_info.html -t "SSL_get_conn_close_info" -r "./doc"
perl ./util/mkpod2html.pl -i "doc/man3/SSL_get_current_cipher.pod" -o doc/html/man3/SSL_get_current_cipher.html -t "SSL_get_current_cipher" -r "./doc"
perl ./util/mkpod2html.pl -i "doc/man3/SSL_get_default_timeout.pod" -o doc/html/man3/SSL_get_default_timeout.html -t "SSL_get_default_timeout" -r "./doc"
perl ./util/mkpod2html.pl -i "doc/man3/SSL_get_error.pod" -o doc/html/man3/SSL_get_error.html -t "SSL_get_error" -r "./doc"
perl ./util/mkpod2html.pl -i "doc/man3/SSL_get_event_timeout.pod" -o doc/html/man3/SSL_get_event_timeout.html -t "SSL_get_event_timeout" -r "./doc"
perl ./util/mkpod2html.pl -i "doc/man3/SSL_get_extms_support.pod" -o doc/html/man3/SSL_get_extms_support.html -t "SSL_get_extms_support" -r "./doc"
perl ./util/mkpod2html.pl -i "doc/man3/SSL_get_fd.pod" -o doc/html/man3/SSL_get_fd.html -t "SSL_get_fd" -r "./doc"
perl ./util/mkpod2html.pl -i "doc/man3/SSL_get_handshake_rtt.pod" -o doc/html/man3/SSL_get_handshake_rtt.html -t "SSL_get_handshake_rtt" -r "./doc"
perl ./util/mkpod2html.pl -i "doc/man3/SSL_get_peer_cert_chain.pod" -o doc/html/man3/SSL_get_peer_cert_chain.html -t "SSL_get_peer_cert_chain" -r "./doc"
perl ./util/mkpod2html.pl -i "doc/man3/SSL_get_peer_certificate.pod" -o doc/html/man3/SSL_get_peer_certificate.html -t "SSL_get_peer_certificate" -r "./doc"
perl ./util/mkpod2html.pl -i "doc/man3/SSL_get_peer_signature_nid.pod" -o doc/html/man3/SSL_get_peer_signature_nid.html -t "SSL_get_peer_signature_nid" -r "./doc"
perl ./util/mkpod2html.pl -i "doc/man3/SSL_get_peer_tmp_key.pod" -o doc/html/man3/SSL_get_peer_tmp_key.html -t "SSL_get_peer_tmp_key" -r "./doc"
perl ./util/mkpod2html.pl -i "doc/man3/SSL_get_psk_identity.pod" -o doc/html/man3/SSL_get_psk_identity.html -t "SSL_get_psk_identity" -r "./doc"
perl ./util/mkpod2html.pl -i "doc/man3/SSL_get_rbio.pod" -o doc/html/man3/SSL_get_rbio.html -t "SSL_get_rbio" -r "./doc"
perl ./util/mkpod2html.pl -i "doc/man3/SSL_get_rpoll_descriptor.pod" -o doc/html/man3/SSL_get_rpoll_descriptor.html -t "SSL_get_rpoll_descriptor" -r "./doc"
perl ./util/mkpod2html.pl -i "doc/man3/SSL_get_session.pod" -o doc/html/man3/SSL_get_session.html -t "SSL_get_session" -r "./doc"
perl ./util/mkpod2html.pl -i "doc/man3/SSL_get_shared_sigalgs.pod" -o doc/html/man3/SSL_get_shared_sigalgs.html -t "SSL_get_shared_sigalgs" -r "./doc"
perl ./util/mkpod2html.pl -i "doc/man3/SSL_get_stream_id.pod" -o doc/html/man3/SSL_get_stream_id.html -t "SSL_get_stream_id" -r "./doc"
perl ./util/mkpod2html.pl -i "doc/man3/SSL_get_stream_read_state.pod" -o doc/html/man3/SSL_get_stream_read_state.html -t "SSL_get_stream_read_state" -r "./doc"
perl ./util/mkpod2html.pl -i "doc/man3/SSL_get_value_uint.pod" -o doc/html/man3/SSL_get_value_uint.html -t "SSL_get_value_uint" -r "./doc"
perl ./util/mkpod2html.pl -i "doc/man3/SSL_get_verify_result.pod" -o doc/html/man3/SSL_get_verify_result.html -t "SSL_get_verify_result" -r "./doc"
perl ./util/mkpod2html.pl -i "doc/man3/SSL_get_version.pod" -o doc/html/man3/SSL_get_version.html -t "SSL_get_version" -r "./doc"
perl ./util/mkpod2html.pl -i "doc/man3/SSL_group_to_name.pod" -o doc/html/man3/SSL_group_to_name.html -t "SSL_group_to_name" -r "./doc"
perl ./util/mkpod2html.pl -i "doc/man3/SSL_handle_events.pod" -o doc/html/man3/SSL_handle_events.html -t "SSL_handle_events" -r "./doc"
perl ./util/mkpod2html.pl -i "doc/man3/SSL_in_init.pod" -o doc/html/man3/SSL_in_init.html -t "SSL_in_init" -r "./doc"
perl ./util/mkpod2html.pl -i "doc/man3/SSL_inject_net_dgram.pod" -o doc/html/man3/SSL_inject_net_dgram.html -t "SSL_inject_net_dgram" -r "./doc"
perl ./util/mkpod2html.pl -i "doc/man3/SSL_key_update.pod" -o doc/html/man3/SSL_key_update.html -t "SSL_key_update" -r "./doc"
perl ./util/mkpod2html.pl -i "doc/man3/SSL_library_init.pod" -o doc/html/man3/SSL_library_init.html -t "SSL_library_init" -r "./doc"
perl ./util/mkpod2html.pl -i "doc/man3/SSL_load_client_CA_file.pod" -o doc/html/man3/SSL_load_client_CA_file.html -t "SSL_load_client_CA_file" -r "./doc"
perl ./util/mkpod2html.pl -i "doc/man3/SSL_new.pod" -o doc/html/man3/SSL_new.html -t "SSL_new" -r "./doc"
perl ./util/mkpod2html.pl -i "doc/man3/SSL_new_domain.pod" -o doc/html/man3/SSL_new_domain.html -t "SSL_new_domain" -r "./doc"
perl ./util/mkpod2html.pl -i "doc/man3/SSL_new_listener.pod" -o doc/html/man3/SSL_new_listener.html -t "SSL_new_listener" -r "./doc"
perl ./util/mkpod2html.pl -i "doc/man3/SSL_new_stream.pod" -o doc/html/man3/SSL_new_stream.html -t "SSL_new_stream" -r "./doc"
perl ./util/mkpod2html.pl -i "doc/man3/SSL_pending.pod" -o doc/html/man3/SSL_pending.html -t "SSL_pending" -r "./doc"
perl ./util/mkpod2html.pl -i "doc/man3/SSL_poll.pod" -o doc/html/man3/SSL_poll.html -t "SSL_poll" -r "./doc"
perl ./util/mkpod2html.pl -i "doc/man3/SSL_read.pod" -o doc/html/man3/SSL_read.html -t "SSL_read" -r "./doc"
perl ./util/mkpod2html.pl -i "doc/man3/SSL_read_early_data.pod" -o doc/html/man3/SSL_read_early_data.html -t "SSL_read_early_data" -r "./doc"
perl ./util/mkpod2html.pl -i "doc/man3/SSL_rstate_string.pod" -o doc/html/man3/SSL_rstate_string.html -t "SSL_rstate_string" -r "./doc"
perl ./util/mkpod2html.pl -i "doc/man3/SSL_session_reused.pod" -o doc/html/man3/SSL_session_reused.html -t "SSL_session_reused" -r "./doc"
perl ./util/mkpod2html.pl -i "doc/man3/SSL_set1_host.pod" -o doc/html/man3/SSL_set1_host.html -t "SSL_set1_host" -r "./doc"
perl ./util/mkpod2html.pl -i "doc/man3/SSL_set1_initial_peer_addr.pod" -o doc/html/man3/SSL_set1_initial_peer_addr.html -t "SSL_set1_initial_peer_addr" -r "./doc"
perl ./util/mkpod2html.pl -i "doc/man3/SSL_set1_server_cert_type.pod" -o doc/html/man3/SSL_set1_server_cert_type.html -t "SSL_set1_server_cert_type" -r "./doc"
perl ./util/mkpod2html.pl -i "doc/man3/SSL_set_async_callback.pod" -o doc/html/man3/SSL_set_async_callback.html -t "SSL_set_async_callback" -r "./doc"
perl ./util/mkpod2html.pl -i "doc/man3/SSL_set_bio.pod" -o doc/html/man3/SSL_set_bio.html -t "SSL_set_bio" -r "./doc"
perl ./util/mkpod2html.pl -i "doc/man3/SSL_set_blocking_mode.pod" -o doc/html/man3/SSL_set_blocking_mode.html -t "SSL_set_blocking_mode" -r "./doc"
perl ./util/mkpod2html.pl -i "doc/man3/SSL_set_connect_state.pod" -o doc/html/man3/SSL_set_connect_state.html -t "SSL_set_connect_state" -r "./doc"
perl ./util/mkpod2html.pl -i "doc/man3/SSL_set_default_stream_mode.pod" -o doc/html/man3/SSL_set_default_stream_mode.html -t "SSL_set_default_stream_mode" -r "./doc"
perl ./util/mkpod2html.pl -i "doc/man3/SSL_set_fd.pod" -o doc/html/man3/SSL_set_fd.html -t "SSL_set_fd" -r "./doc"
perl ./util/mkpod2html.pl -i "doc/man3/SSL_set_incoming_stream_policy.pod" -o doc/html/man3/SSL_set_incoming_stream_policy.html -t "SSL_set_incoming_stream_policy" -r "./doc"
perl ./util/mkpod2html.pl -i "doc/man3/SSL_set_quic_tls_cbs.pod" -o doc/html/man3/SSL_set_quic_tls_cbs.html -t "SSL_set_quic_tls_cbs" -r "./doc"
perl ./util/mkpod2html.pl -i "doc/man3/SSL_set_retry_verify.pod" -o doc/html/man3/SSL_set_retry_verify.html -t "SSL_set_retry_verify" -r "./doc"
perl ./util/mkpod2html.pl -i "doc/man3/SSL_set_session.pod" -o doc/html/man3/SSL_set_session.html -t "SSL_set_session" -r "./doc"
perl ./util/mkpod2html.pl -i "doc/man3/SSL_set_session_secret_cb.pod" -o doc/html/man3/SSL_set_session_secret_cb.html -t "SSL_set_session_secret_cb" -r "./doc"
perl ./util/mkpod2html.pl -i "doc/man3/SSL_set_shutdown.pod" -o doc/html/man3/SSL_set_shutdown.html -t "SSL_set_shutdown" -r "./doc"
perl ./util/mkpod2html.pl -i "doc/man3/SSL_set_verify_result.pod" -o doc/html/man3/SSL_set_verify_result.html -t "SSL_set_verify_result" -r "./doc"
perl ./util/mkpod2html.pl -i "doc/man3/SSL_shutdown.pod" -o doc/html/man3/SSL_shutdown.html -t "SSL_shutdown" -r "./doc"
perl ./util/mkpod2html.pl -i "doc/man3/SSL_state_string.pod" -o doc/html/man3/SSL_state_string.html -t "SSL_state_string" -r "./doc"
perl ./util/mkpod2html.pl -i "doc/man3/SSL_stream_conclude.pod" -o doc/html/man3/SSL_stream_conclude.html -t "SSL_stream_conclude" -r "./doc"
perl ./util/mkpod2html.pl -i "doc/man3/SSL_stream_reset.pod" -o doc/html/man3/SSL_stream_reset.html -t "SSL_stream_reset" -r "./doc"
perl ./util/mkpod2html.pl -i "doc/man3/SSL_want.pod" -o doc/html/man3/SSL_want.html -t "SSL_want" -r "./doc"
perl ./util/mkpod2html.pl -i "doc/man3/SSL_write.pod" -o doc/html/man3/SSL_write.html -t "SSL_write" -r "./doc"
perl ./util/mkpod2html.pl -i "doc/man3/TS_RESP_CTX_new.pod" -o doc/html/man3/TS_RESP_CTX_new.html -t "TS_RESP_CTX_new" -r "./doc"
perl ./util/mkpod2html.pl -i "doc/man3/TS_VERIFY_CTX.pod" -o doc/html/man3/TS_VERIFY_CTX.html -t "TS_VERIFY_CTX" -r "./doc"
perl ./util/mkpod2html.pl -i "doc/man3/UI_STRING.pod" -o doc/html/man3/UI_STRING.html -t "UI_STRING" -r "./doc"
perl ./util/mkpod2html.pl -i "doc/man3/UI_UTIL_read_pw.pod" -o doc/html/man3/UI_UTIL_read_pw.html -t "UI_UTIL_read_pw" -r "./doc"
perl ./util/mkpod2html.pl -i "doc/man3/UI_create_method.pod" -o doc/html/man3/UI_create_method.html -t "UI_create_method" -r "./doc"
perl ./util/mkpod2html.pl -i "doc/man3/UI_new.pod" -o doc/html/man3/UI_new.html -t "UI_new" -r "./doc"
perl ./util/mkpod2html.pl -i "doc/man3/X509V3_EXT_print.pod" -o doc/html/man3/X509V3_EXT_print.html -t "X509V3_EXT_print" -r "./doc"
perl ./util/mkpod2html.pl -i "doc/man3/X509V3_get_d2i.pod" -o doc/html/man3/X509V3_get_d2i.html -t "X509V3_get_d2i" -r "./doc"
perl ./util/mkpod2html.pl -i "doc/man3/X509V3_set_ctx.pod" -o doc/html/man3/X509V3_set_ctx.html -t "X509V3_set_ctx" -r "./doc"
perl ./util/mkpod2html.pl -i "doc/man3/X509_ACERT_add1_attr.pod" -o doc/html/man3/X509_ACERT_add1_attr.html -t "X509_ACERT_add1_attr" -r "./doc"
perl ./util/mkpod2html.pl -i "doc/man3/X509_ACERT_add_attr_nconf.pod" -o doc/html/man3/X509_ACERT_add_attr_nconf.html -t "X509_ACERT_add_attr_nconf" -r "./doc"
perl ./util/mkpod2html.pl -i "doc/man3/X509_ACERT_get0_holder_baseCertId.pod" -o doc/html/man3/X509_ACERT_get0_holder_baseCertId.html -t "X509_ACERT_get0_holder_baseCertId" -r "./doc"
perl ./util/mkpod2html.pl -i "doc/man3/X509_ACERT_get_attr.pod" -o doc/html/man3/X509_ACERT_get_attr.html -t "X509_ACERT_get_attr" -r "./doc"
perl ./util/mkpod2html.pl -i "doc/man3/X509_ACERT_print_ex.pod" -o doc/html/man3/X509_ACERT_print_ex.html -t "X509_ACERT_print_ex" -r "./doc"
perl ./util/mkpod2html.pl -i "doc/man3/X509_ALGOR_dup.pod" -o doc/html/man3/X509_ALGOR_dup.html -t "X509_ALGOR_dup" -r "./doc"
perl ./util/mkpod2html.pl -i "doc/man3/X509_ATTRIBUTE.pod" -o doc/html/man3/X509_ATTRIBUTE.html -t "X509_ATTRIBUTE" -r "./doc"
perl ./util/mkpod2html.pl -i "doc/man3/X509_CRL_get0_by_serial.pod" -o doc/html/man3/X509_CRL_get0_by_serial.html -t "X509_CRL_get0_by_serial" -r "./doc"
perl ./util/mkpod2html.pl -i "doc/man3/X509_EXTENSION_set_object.pod" -o doc/html/man3/X509_EXTENSION_set_object.html -t "X509_EXTENSION_set_object" -r "./doc"
perl ./util/mkpod2html.pl -i "doc/man3/X509_LOOKUP.pod" -o doc/html/man3/X509_LOOKUP.html -t "X509_LOOKUP" -r "./doc"
perl ./util/mkpod2html.pl -i "doc/man3/X509_LOOKUP_hash_dir.pod" -o doc/html/man3/X509_LOOKUP_hash_dir.html -t "X509_LOOKUP_hash_dir" -r "./doc"
perl ./util/mkpod2html.pl -i "doc/man3/X509_LOOKUP_meth_new.pod" -o doc/html/man3/X509_LOOKUP_meth_new.html -t "X509_LOOKUP_meth_new" -r "./doc"
perl ./util/mkpod2html.pl -i "doc/man3/X509_NAME_ENTRY_get_object.pod" -o doc/html/man3/X509_NAME_ENTRY_get_object.html -t "X509_NAME_ENTRY_get_object" -r "./doc"
perl ./util/mkpod2html.pl -i "doc/man3/X509_NAME_add_entry_by_txt.pod" -o doc/html/man3/X509_NAME_add_entry_by_txt.html -t "X509_NAME_add_entry_by_txt" -r "./doc"
perl ./util/mkpod2html.pl -i "doc/man3/X509_NAME_get0_der.pod" -o doc/html/man3/X509_NAME_get0_der.html -t "X509_NAME_get0_der" -r "./doc"
perl ./util/mkpod2html.pl -i "doc/man3/X509_NAME_get_index_by_NID.pod" -o doc/html/man3/X509_NAME_get_index_by_NID.html -t "X509_NAME_get_index_by_NID" -r "./doc"
perl ./util/mkpod2html.pl -i "doc/man3/X509_NAME_print_ex.pod" -o doc/html/man3/X509_NAME_print_ex.html -t "X509_NAME_print_ex" -r "./doc"
perl ./util/mkpod2html.pl -i "doc/man3/X509_PUBKEY_new.pod" -o doc/html/man3/X509_PUBKEY_new.html -t "X509_PUBKEY_new" -r "./doc"
perl ./util/mkpod2html.pl -i "doc/man3/X509_REQ_get_attr.pod" -o doc/html/man3/X509_REQ_get_attr.html -t "X509_REQ_get_attr" -r "./doc"
perl ./util/mkpod2html.pl -i "doc/man3/X509_REQ_get_extensions.pod" -o doc/html/man3/X509_REQ_get_extensions.html -t "X509_REQ_get_extensions" -r "./doc"
perl ./util/mkpod2html.pl -i "doc/man3/X509_SIG_get0.pod" -o doc/html/man3/X509_SIG_get0.html -t "X509_SIG_get0" -r "./doc"
perl ./util/mkpod2html.pl -i "doc/man3/X509_STORE_CTX_get_by_subject.pod" -o doc/html/man3/X509_STORE_CTX_get_by_subject.html -t "X509_STORE_CTX_get_by_subject" -r "./doc"
perl ./util/mkpod2html.pl -i "doc/man3/X509_STORE_CTX_get_error.pod" -o doc/html/man3/X509_STORE_CTX_get_error.html -t "X509_STORE_CTX_get_error" -r "./doc"
perl ./util/mkpod2html.pl -i "doc/man3/X509_STORE_CTX_new.pod" -o doc/html/man3/X509_STORE_CTX_new.html -t "X509_STORE_CTX_new" -r "./doc"
perl ./util/mkpod2html.pl -i "doc/man3/X509_STORE_CTX_set_verify_cb.pod" -o doc/html/man3/X509_STORE_CTX_set_verify_cb.html -t "X509_STORE_CTX_set_verify_cb" -r "./doc"
perl ./util/mkpod2html.pl -i "doc/man3/X509_STORE_add_cert.pod" -o doc/html/man3/X509_STORE_add_cert.html -t "X509_STORE_add_cert" -r "./doc"
perl ./util/mkpod2html.pl -i "doc/man3/X509_STORE_get0_param.pod" -o doc/html/man3/X509_STORE_get0_param.html -t "X509_STORE_get0_param" -r "./doc"
perl ./util/mkpod2html.pl -i "doc/man3/X509_STORE_new.pod" -o doc/html/man3/X509_STORE_new.html -t "X509_STORE_new" -r "./doc"
perl ./util/mkpod2html.pl -i "doc/man3/X509_STORE_set_verify_cb_func.pod" -o doc/html/man3/X509_STORE_set_verify_cb_func.html -t "X509_STORE_set_verify_cb_func" -r "./doc"
perl ./util/mkpod2html.pl -i "doc/man3/X509_VERIFY_PARAM_set_flags.pod" -o doc/html/man3/X509_VERIFY_PARAM_set_flags.html -t "X509_VERIFY_PARAM_set_flags" -r "./doc"
perl ./util/mkpod2html.pl -i "doc/man3/X509_add_cert.pod" -o doc/html/man3/X509_add_cert.html -t "X509_add_cert" -r "./doc"
perl ./util/mkpod2html.pl -i "doc/man3/X509_check_ca.pod" -o doc/html/man3/X509_check_ca.html -t "X509_check_ca" -r "./doc"
perl ./util/mkpod2html.pl -i "doc/man3/X509_check_host.pod" -o doc/html/man3/X509_check_host.html -t "X509_check_host" -r "./doc"
perl ./util/mkpod2html.pl -i "doc/man3/X509_check_issued.pod" -o doc/html/man3/X509_check_issued.html -t "X509_check_issued" -r "./doc"
perl ./util/mkpod2html.pl -i "doc/man3/X509_check_private_key.pod" -o doc/html/man3/X509_check_private_key.html -t "X509_check_private_key" -r "./doc"
perl ./util/mkpod2html.pl -i "doc/man3/X509_check_purpose.pod" -o doc/html/man3/X509_check_purpose.html -t "X509_check_purpose" -r "./doc"
perl ./util/mkpod2html.pl -i "doc/man3/X509_cmp.pod" -o doc/html/man3/X509_cmp.html -t "X509_cmp" -r "./doc"
perl ./util/mkpod2html.pl -i "doc/man3/X509_cmp_time.pod" -o doc/html/man3/X509_cmp_time.html -t "X509_cmp_time" -r "./doc"
perl ./util/mkpod2html.pl -i "doc/man3/X509_digest.pod" -o doc/html/man3/X509_digest.html -t "X509_digest" -r "./doc"
perl ./util/mkpod2html.pl -i "doc/man3/X509_dup.pod" -o doc/html/man3/X509_dup.html -t "X509_dup" -r "./doc"
perl ./util/mkpod2html.pl -i "doc/man3/X509_get0_distinguishing_id.pod" -o doc/html/man3/X509_get0_distinguishing_id.html -t "X509_get0_distinguishing_id" -r "./doc"
perl ./util/mkpod2html.pl -i "doc/man3/X509_get0_notBefore.pod" -o doc/html/man3/X509_get0_notBefore.html -t "X509_get0_notBefore" -r "./doc"
perl ./util/mkpod2html.pl -i "doc/man3/X509_get0_signature.pod" -o doc/html/man3/X509_get0_signature.html -t "X509_get0_signature" -r "./doc"
perl ./util/mkpod2html.pl -i "doc/man3/X509_get0_uids.pod" -o doc/html/man3/X509_get0_uids.html -t "X509_get0_uids" -r "./doc"
perl ./util/mkpod2html.pl -i "doc/man3/X509_get_default_cert_file.pod" -o doc/html/man3/X509_get_default_cert_file.html -t "X509_get_default_cert_file" -r "./doc"
perl ./util/mkpod2html.pl -i "doc/man3/X509_get_extension_flags.pod" -o doc/html/man3/X509_get_extension_flags.html -t "X509_get_extension_flags" -r "./doc"
perl ./util/mkpod2html.pl -i "doc/man3/X509_get_pubkey.pod" -o doc/html/man3/X509_get_pubkey.html -t "X509_get_pubkey" -r "./doc"
perl ./util/mkpod2html.pl -i "doc/man3/X509_get_serialNumber.pod" -o doc/html/man3/X509_get_serialNumber.html -t "X509_get_serialNumber" -r "./doc"
perl ./util/mkpod2html.pl -i "doc/man3/X509_get_subject_name.pod" -o doc/html/man3/X509_get_subject_name.html -t "X509_get_subject_name" -r "./doc"
perl ./util/mkpod2html.pl -i "doc/man3/X509_get_version.pod" -o doc/html/man3/X509_get_version.html -t "X509_get_version" -r "./doc"
perl ./util/mkpod2html.pl -i "doc/man3/X509_load_http.pod" -o doc/html/man3/X509_load_http.html -t "X509_load_http" -r "./doc"
perl ./util/mkpod2html.pl -i "doc/man3/X509_new.pod" -o doc/html/man3/X509_new.html -t "X509_new" -r "./doc"
perl ./util/mkpod2html.pl -i "doc/man3/X509_sign.pod" -o doc/html/man3/X509_sign.html -t "X509_sign" -r "./doc"
perl ./util/mkpod2html.pl -i "doc/man3/X509_verify.pod" -o doc/html/man3/X509_verify.html -t "X509_verify" -r "./doc"
perl ./util/mkpod2html.pl -i "doc/man3/X509_verify_cert.pod" -o doc/html/man3/X509_verify_cert.html -t "X509_verify_cert" -r "./doc"
perl ./util/mkpod2html.pl -i "doc/man3/X509v3_get_ext_by_NID.pod" -o doc/html/man3/X509v3_get_ext_by_NID.html -t "X509v3_get_ext_by_NID" -r "./doc"
perl ./util/mkpod2html.pl -i "doc/man3/b2i_PVK_bio_ex.pod" -o doc/html/man3/b2i_PVK_bio_ex.html -t "b2i_PVK_bio_ex" -r "./doc"
perl ./util/mkpod2html.pl -i "doc/man3/d2i_PKCS8PrivateKey_bio.pod" -o doc/html/man3/d2i_PKCS8PrivateKey_bio.html -t "d2i_PKCS8PrivateKey_bio" -r "./doc"
perl ./util/mkpod2html.pl -i "doc/man3/d2i_PrivateKey.pod" -o doc/html/man3/d2i_PrivateKey.html -t "d2i_PrivateKey" -r "./doc"
perl ./util/mkpod2html.pl -i "doc/man3/d2i_RSAPrivateKey.pod" -o doc/html/man3/d2i_RSAPrivateKey.html -t "d2i_RSAPrivateKey" -r "./doc"
perl ./util/mkpod2html.pl -i "doc/man3/d2i_SSL_SESSION.pod" -o doc/html/man3/d2i_SSL_SESSION.html -t "d2i_SSL_SESSION" -r "./doc"
perl ./util/mkpod2html.pl -i "doc/man3/d2i_X509.pod" -o doc/html/man3/d2i_X509.html -t "d2i_X509" -r "./doc"
perl ./util/mkpod2html.pl -i "doc/man3/i2d_CMS_bio_stream.pod" -o doc/html/man3/i2d_CMS_bio_stream.html -t "i2d_CMS_bio_stream" -r "./doc"
perl ./util/mkpod2html.pl -i "doc/man3/i2d_PKCS7_bio_stream.pod" -o doc/html/man3/i2d_PKCS7_bio_stream.html -t "i2d_PKCS7_bio_stream" -r "./doc"
perl ./util/mkpod2html.pl -i "doc/man3/i2d_re_X509_tbs.pod" -o doc/html/man3/i2d_re_X509_tbs.html -t "i2d_re_X509_tbs" -r "./doc"
perl ./util/mkpod2html.pl -i "doc/man3/o2i_SCT_LIST.pod" -o doc/html/man3/o2i_SCT_LIST.html -t "o2i_SCT_LIST" -r "./doc"
perl ./util/mkpod2html.pl -i "doc/man3/s2i_ASN1_IA5STRING.pod" -o doc/html/man3/s2i_ASN1_IA5STRING.html -t "s2i_ASN1_IA5STRING" -r "./doc"
perl ./util/mkpod2html.pl -i "doc/man5/config.pod" -o doc/html/man5/config.html -t "config" -r "./doc"
perl ./util/mkpod2html.pl -i "doc/man5/fips_config.pod" -o doc/html/man5/fips_config.html -t "fips_config" -r "./doc"
perl ./util/mkpod2html.pl -i "doc/man5/x509v3_config.pod" -o doc/html/man5/x509v3_config.html -t "x509v3_config" -r "./doc"
perl ./util/mkpod2html.pl -i "doc/man7/EVP_ASYM_CIPHER-RSA.pod" -o doc/html/man7/EVP_ASYM_CIPHER-RSA.html -t "EVP_ASYM_CIPHER-RSA" -r "./doc"
perl ./util/mkpod2html.pl -i "doc/man7/EVP_ASYM_CIPHER-SM2.pod" -o doc/html/man7/EVP_ASYM_CIPHER-SM2.html -t "EVP_ASYM_CIPHER-SM2" -r "./doc"
perl ./util/mkpod2html.pl -i "doc/man7/EVP_CIPHER-AES.pod" -o doc/html/man7/EVP_CIPHER-AES.html -t "EVP_CIPHER-AES" -r "./doc"
perl ./util/mkpod2html.pl -i "doc/man7/EVP_CIPHER-ARIA.pod" -o doc/html/man7/EVP_CIPHER-ARIA.html -t "EVP_CIPHER-ARIA" -r "./doc"
perl ./util/mkpod2html.pl -i "doc/man7/EVP_CIPHER-BLOWFISH.pod" -o doc/html/man7/EVP_CIPHER-BLOWFISH.html -t "EVP_CIPHER-BLOWFISH" -r "./doc"
perl ./util/mkpod2html.pl -i "doc/man7/EVP_CIPHER-CAMELLIA.pod" -o doc/html/man7/EVP_CIPHER-CAMELLIA.html -t "EVP_CIPHER-CAMELLIA" -r "./doc"
perl ./util/mkpod2html.pl -i "doc/man7/EVP_CIPHER-CAST.pod" -o doc/html/man7/EVP_CIPHER-CAST.html -t "EVP_CIPHER-CAST" -r "./doc"
perl ./util/mkpod2html.pl -i "doc/man7/EVP_CIPHER-CHACHA.pod" -o doc/html/man7/EVP_CIPHER-CHACHA.html -t "EVP_CIPHER-CHACHA" -r "./doc"
perl ./util/mkpod2html.pl -i "doc/man7/EVP_CIPHER-DES.pod" -o doc/html/man7/EVP_CIPHER-DES.html -t "EVP_CIPHER-DES" -r "./doc"
perl ./util/mkpod2html.pl -i "doc/man7/EVP_CIPHER-IDEA.pod" -o doc/html/man7/EVP_CIPHER-IDEA.html -t "EVP_CIPHER-IDEA" -r "./doc"
perl ./util/mkpod2html.pl -i "doc/man7/EVP_CIPHER-NULL.pod" -o doc/html/man7/EVP_CIPHER-NULL.html -t "EVP_CIPHER-NULL" -r "./doc"
perl ./util/mkpod2html.pl -i "doc/man7/EVP_CIPHER-RC2.pod" -o doc/html/man7/EVP_CIPHER-RC2.html -t "EVP_CIPHER-RC2" -r "./doc"
perl ./util/mkpod2html.pl -i "doc/man7/EVP_CIPHER-RC4.pod" -o doc/html/man7/EVP_CIPHER-RC4.html -t "EVP_CIPHER-RC4" -r "./doc"
perl ./util/mkpod2html.pl -i "doc/man7/EVP_CIPHER-RC5.pod" -o doc/html/man7/EVP_CIPHER-RC5.html -t "EVP_CIPHER-RC5" -r "./doc"
perl ./util/mkpod2html.pl -i "doc/man7/EVP_CIPHER-SEED.pod" -o doc/html/man7/EVP_CIPHER-SEED.html -t "EVP_CIPHER-SEED" -r "./doc"
perl ./util/mkpod2html.pl -i "doc/man7/EVP_CIPHER-SM4.pod" -o doc/html/man7/EVP_CIPHER-SM4.html -t "EVP_CIPHER-SM4" -r "./doc"
perl ./util/mkpod2html.pl -i "doc/man7/EVP_KDF-ARGON2.pod" -o doc/html/man7/EVP_KDF-ARGON2.html -t "EVP_KDF-ARGON2" -r "./doc"
perl ./util/mkpod2html.pl -i "doc/man7/EVP_KDF-HKDF.pod" -o doc/html/man7/EVP_KDF-HKDF.html -t "EVP_KDF-HKDF" -r "./doc"
perl ./util/mkpod2html.pl -i "doc/man7/EVP_KDF-HMAC-DRBG.pod" -o doc/html/man7/EVP_KDF-HMAC-DRBG.html -t "EVP_KDF-HMAC-DRBG" -r "./doc"
perl ./util/mkpod2html.pl -i "doc/man7/EVP_KDF-KB.pod" -o doc/html/man7/EVP_KDF-KB.html -t "EVP_KDF-KB" -r "./doc"
perl ./util/mkpod2html.pl -i "doc/man7/EVP_KDF-KRB5KDF.pod" -o doc/html/man7/EVP_KDF-KRB5KDF.html -t "EVP_KDF-KRB5KDF" -r "./doc"
perl ./util/mkpod2html.pl -i "doc/man7/EVP_KDF-PBKDF1.pod" -o doc/html/man7/EVP_KDF-PBKDF1.html -t "EVP_KDF-PBKDF1" -r "./doc"
perl ./util/mkpod2html.pl -i "doc/man7/EVP_KDF-PBKDF2.pod" -o doc/html/man7/EVP_KDF-PBKDF2.html -t "EVP_KDF-PBKDF2" -r "./doc"
perl ./util/mkpod2html.pl -i "doc/man7/EVP_KDF-PKCS12KDF.pod" -o doc/html/man7/EVP_KDF-PKCS12KDF.html -t "EVP_KDF-PKCS12KDF" -r "./doc"
perl ./util/mkpod2html.pl -i "doc/man7/EVP_KDF-PVKKDF.pod" -o doc/html/man7/EVP_KDF-PVKKDF.html -t "EVP_KDF-PVKKDF" -r "./doc"
perl ./util/mkpod2html.pl -i "doc/man7/EVP_KDF-SCRYPT.pod" -o doc/html/man7/EVP_KDF-SCRYPT.html -t "EVP_KDF-SCRYPT" -r "./doc"
perl ./util/mkpod2html.pl -i "doc/man7/EVP_KDF-SS.pod" -o doc/html/man7/EVP_KDF-SS.html -t "EVP_KDF-SS" -r "./doc"
perl ./util/mkpod2html.pl -i "doc/man7/EVP_KDF-SSHKDF.pod" -o doc/html/man7/EVP_KDF-SSHKDF.html -t "EVP_KDF-SSHKDF" -r "./doc"
perl ./util/mkpod2html.pl -i "doc/man7/EVP_KDF-TLS13_KDF.pod" -o doc/html/man7/EVP_KDF-TLS13_KDF.html -t "EVP_KDF-TLS13_KDF" -r "./doc"
perl ./util/mkpod2html.pl -i "doc/man7/EVP_KDF-TLS1_PRF.pod" -o doc/html/man7/EVP_KDF-TLS1_PRF.html -t "EVP_KDF-TLS1_PRF" -r "./doc"
perl ./util/mkpod2html.pl -i "doc/man7/EVP_KDF-X942-ASN1.pod" -o doc/html/man7/EVP_KDF-X942-ASN1.html -t "EVP_KDF-X942-ASN1" -r "./doc"
perl ./util/mkpod2html.pl -i "doc/man7/EVP_KDF-X942-CONCAT.pod" -o doc/html/man7/EVP_KDF-X942-CONCAT.html -t "EVP_KDF-X942-CONCAT" -r "./doc"
perl ./util/mkpod2html.pl -i "doc/man7/EVP_KDF-X963.pod" -o doc/html/man7/EVP_KDF-X963.html -t "EVP_KDF-X963" -r "./doc"
perl ./util/mkpod2html.pl -i "doc/man7/EVP_KEM-EC.pod" -o doc/html/man7/EVP_KEM-EC.html -t "EVP_KEM-EC" -r "./doc"
perl ./util/mkpod2html.pl -i "doc/man7/EVP_KEM-ML-KEM.pod" -o doc/html/man7/EVP_KEM-ML-KEM.html -t "EVP_KEM-ML-KEM" -r "./doc"
perl ./util/mkpod2html.pl -i "doc/man7/EVP_KEM-RSA.pod" -o doc/html/man7/EVP_KEM-RSA.html -t "EVP_KEM-RSA" -r "./doc"
perl ./util/mkpod2html.pl -i "doc/man7/EVP_KEM-X25519.pod" -o doc/html/man7/EVP_KEM-X25519.html -t "EVP_KEM-X25519" -r "./doc"
perl ./util/mkpod2html.pl -i "doc/man7/EVP_KEYEXCH-DH.pod" -o doc/html/man7/EVP_KEYEXCH-DH.html -t "EVP_KEYEXCH-DH" -r "./doc"
perl ./util/mkpod2html.pl -i "doc/man7/EVP_KEYEXCH-ECDH.pod" -o doc/html/man7/EVP_KEYEXCH-ECDH.html -t "EVP_KEYEXCH-ECDH" -r "./doc"
perl ./util/mkpod2html.pl -i "doc/man7/EVP_KEYEXCH-X25519.pod" -o doc/html/man7/EVP_KEYEXCH-X25519.html -t "EVP_KEYEXCH-X25519" -r "./doc"
perl ./util/mkpod2html.pl -i "doc/man7/EVP_MAC-BLAKE2.pod" -o doc/html/man7/EVP_MAC-BLAKE2.html -t "EVP_MAC-BLAKE2" -r "./doc"
perl ./util/mkpod2html.pl -i "doc/man7/EVP_MAC-CMAC.pod" -o doc/html/man7/EVP_MAC-CMAC.html -t "EVP_MAC-CMAC" -r "./doc"
perl ./util/mkpod2html.pl -i "doc/man7/EVP_MAC-GMAC.pod" -o doc/html/man7/EVP_MAC-GMAC.html -t "EVP_MAC-GMAC" -r "./doc"
perl ./util/mkpod2html.pl -i "doc/man7/EVP_MAC-HMAC.pod" -o doc/html/man7/EVP_MAC-HMAC.html -t "EVP_MAC-HMAC" -r "./doc"
perl ./util/mkpod2html.pl -i "doc/man7/EVP_MAC-KMAC.pod" -o doc/html/man7/EVP_MAC-KMAC.html -t "EVP_MAC-KMAC" -r "./doc"
perl ./util/mkpod2html.pl -i "doc/man7/EVP_MAC-Poly1305.pod" -o doc/html/man7/EVP_MAC-Poly1305.html -t "EVP_MAC-Poly1305" -r "./doc"
perl ./util/mkpod2html.pl -i "doc/man7/EVP_MAC-Siphash.pod" -o doc/html/man7/EVP_MAC-Siphash.html -t "EVP_MAC-Siphash" -r "./doc"
perl ./util/mkpod2html.pl -i "doc/man7/EVP_MD-BLAKE2.pod" -o doc/html/man7/EVP_MD-BLAKE2.html -t "EVP_MD-BLAKE2" -r "./doc"
perl ./util/mkpod2html.pl -i "doc/man7/EVP_MD-KECCAK.pod" -o doc/html/man7/EVP_MD-KECCAK.html -t "EVP_MD-KECCAK" -r "./doc"
perl ./util/mkpod2html.pl -i "doc/man7/EVP_MD-MD2.pod" -o doc/html/man7/EVP_MD-MD2.html -t "EVP_MD-MD2" -r "./doc"
perl ./util/mkpod2html.pl -i "doc/man7/EVP_MD-MD4.pod" -o doc/html/man7/EVP_MD-MD4.html -t "EVP_MD-MD4" -r "./doc"
perl ./util/mkpod2html.pl -i "doc/man7/EVP_MD-MD5-SHA1.pod" -o doc/html/man7/EVP_MD-MD5-SHA1.html -t "EVP_MD-MD5-SHA1" -r "./doc"
perl ./util/mkpod2html.pl -i "doc/man7/EVP_MD-MD5.pod" -o doc/html/man7/EVP_MD-MD5.html -t "EVP_MD-MD5" -r "./doc"
perl ./util/mkpod2html.pl -i "doc/man7/EVP_MD-MDC2.pod" -o doc/html/man7/EVP_MD-MDC2.html -t "EVP_MD-MDC2" -r "./doc"
perl ./util/mkpod2html.pl -i "doc/man7/EVP_MD-NULL.pod" -o doc/html/man7/EVP_MD-NULL.html -t "EVP_MD-NULL" -r "./doc"
perl ./util/mkpod2html.pl -i "doc/man7/EVP_MD-RIPEMD160.pod" -o doc/html/man7/EVP_MD-RIPEMD160.html -t "EVP_MD-RIPEMD160" -r "./doc"
perl ./util/mkpod2html.pl -i "doc/man7/EVP_MD-SHA1.pod" -o doc/html/man7/EVP_MD-SHA1.html -t "EVP_MD-SHA1" -r "./doc"
perl ./util/mkpod2html.pl -i "doc/man7/EVP_MD-SHA2.pod" -o doc/html/man7/EVP_MD-SHA2.html -t "EVP_MD-SHA2" -r "./doc"
perl ./util/mkpod2html.pl -i "doc/man7/EVP_MD-SHA3.pod" -o doc/html/man7/EVP_MD-SHA3.html -t "EVP_MD-SHA3" -r "./doc"
perl ./util/mkpod2html.pl -i "doc/man7/EVP_MD-SHAKE.pod" -o doc/html/man7/EVP_MD-SHAKE.html -t "EVP_MD-SHAKE" -r "./doc"
perl ./util/mkpod2html.pl -i "doc/man7/EVP_MD-SM3.pod" -o doc/html/man7/EVP_MD-SM3.html -t "EVP_MD-SM3" -r "./doc"
perl ./util/mkpod2html.pl -i "doc/man7/EVP_MD-WHIRLPOOL.pod" -o doc/html/man7/EVP_MD-WHIRLPOOL.html -t "EVP_MD-WHIRLPOOL" -r "./doc"
perl ./util/mkpod2html.pl -i "doc/man7/EVP_MD-common.pod" -o doc/html/man7/EVP_MD-common.html -t "EVP_MD-common" -r "./doc"
perl ./util/mkpod2html.pl -i "doc/man7/EVP_PKEY-DH.pod" -o doc/html/man7/EVP_PKEY-DH.html -t "EVP_PKEY-DH" -r "./doc"
perl ./util/mkpod2html.pl -i "doc/man7/EVP_PKEY-DSA.pod" -o doc/html/man7/EVP_PKEY-DSA.html -t "EVP_PKEY-DSA" -r "./doc"
perl ./util/mkpod2html.pl -i "doc/man7/EVP_PKEY-EC.pod" -o doc/html/man7/EVP_PKEY-EC.html -t "EVP_PKEY-EC" -r "./doc"
perl ./util/mkpod2html.pl -i "doc/man7/EVP_PKEY-FFC.pod" -o doc/html/man7/EVP_PKEY-FFC.html -t "EVP_PKEY-FFC" -r "./doc"
perl ./util/mkpod2html.pl -i "doc/man7/EVP_PKEY-HMAC.pod" -o doc/html/man7/EVP_PKEY-HMAC.html -t "EVP_PKEY-HMAC" -r "./doc"
perl ./util/mkpod2html.pl -i "doc/man7/EVP_PKEY-LMS.pod" -o doc/html/man7/EVP_PKEY-LMS.html -t "EVP_PKEY-LMS" -r "./doc"
perl ./util/mkpod2html.pl -i "doc/man7/EVP_PKEY-ML-DSA.pod" -o doc/html/man7/EVP_PKEY-ML-DSA.html -t "EVP_PKEY-ML-DSA" -r "./doc"
perl ./util/mkpod2html.pl -i "doc/man7/EVP_PKEY-ML-KEM.pod" -o doc/html/man7/EVP_PKEY-ML-KEM.html -t "EVP_PKEY-ML-KEM" -r "./doc"
perl ./util/mkpod2html.pl -i "doc/man7/EVP_PKEY-RSA.pod" -o doc/html/man7/EVP_PKEY-RSA.html -t "EVP_PKEY-RSA" -r "./doc"
perl ./util/mkpod2html.pl -i "doc/man7/EVP_PKEY-SLH-DSA.pod" -o doc/html/man7/EVP_PKEY-SLH-DSA.html -t "EVP_PKEY-SLH-DSA" -r "./doc"
perl ./util/mkpod2html.pl -i "doc/man7/EVP_PKEY-SM2.pod" -o doc/html/man7/EVP_PKEY-SM2.html -t "EVP_PKEY-SM2" -r "./doc"
perl ./util/mkpod2html.pl -i "doc/man7/EVP_PKEY-X25519.pod" -o doc/html/man7/EVP_PKEY-X25519.html -t "EVP_PKEY-X25519" -r "./doc"
perl ./util/mkpod2html.pl -i "doc/man7/EVP_RAND-CRNG-TEST.pod" -o doc/html/man7/EVP_RAND-CRNG-TEST.html -t "EVP_RAND-CRNG-TEST" -r "./doc"
perl ./util/mkpod2html.pl -i "doc/man7/EVP_RAND-CTR-DRBG.pod" -o doc/html/man7/EVP_RAND-CTR-DRBG.html -t "EVP_RAND-CTR-DRBG" -r "./doc"
perl ./util/mkpod2html.pl -i "doc/man7/EVP_RAND-HASH-DRBG.pod" -o doc/html/man7/EVP_RAND-HASH-DRBG.html -t "EVP_RAND-HASH-DRBG" -r "./doc"
perl ./util/mkpod2html.pl -i "doc/man7/EVP_RAND-HMAC-DRBG.pod" -o doc/html/man7/EVP_RAND-HMAC-DRBG.html -t "EVP_RAND-HMAC-DRBG" -r "./doc"
perl ./util/mkpod2html.pl -i "doc/man7/EVP_RAND-JITTER.pod" -o doc/html/man7/EVP_RAND-JITTER.html -t "EVP_RAND-JITTER" -r "./doc"
perl ./util/mkpod2html.pl -i "doc/man7/EVP_RAND-SEED-SRC.pod" -o doc/html/man7/EVP_RAND-SEED-SRC.html -t "EVP_RAND-SEED-SRC" -r "./doc"
perl ./util/mkpod2html.pl -i "doc/man7/EVP_RAND-TEST-RAND.pod" -o doc/html/man7/EVP_RAND-TEST-RAND.html -t "EVP_RAND-TEST-RAND" -r "./doc"
perl ./util/mkpod2html.pl -i "doc/man7/EVP_RAND.pod" -o doc/html/man7/EVP_RAND.html -t "EVP_RAND" -r "./doc"
perl ./util/mkpod2html.pl -i "doc/man7/EVP_SIGNATURE-DSA.pod" -o doc/html/man7/EVP_SIGNATURE-DSA.html -t "EVP_SIGNATURE-DSA" -r "./doc"
perl ./util/mkpod2html.pl -i "doc/man7/EVP_SIGNATURE-ECDSA.pod" -o doc/html/man7/EVP_SIGNATURE-ECDSA.html -t "EVP_SIGNATURE-ECDSA" -r "./doc"
perl ./util/mkpod2html.pl -i "doc/man7/EVP_SIGNATURE-ED25519.pod" -o doc/html/man7/EVP_SIGNATURE-ED25519.html -t "EVP_SIGNATURE-ED25519" -r "./doc"
perl ./util/mkpod2html.pl -i "doc/man7/EVP_SIGNATURE-HMAC.pod" -o doc/html/man7/EVP_SIGNATURE-HMAC.html -t "EVP_SIGNATURE-HMAC" -r "./doc"
perl ./util/mkpod2html.pl -i "doc/man7/EVP_SIGNATURE-LMS.pod" -o doc/html/man7/EVP_SIGNATURE-LMS.html -t "EVP_SIGNATURE-LMS" -r "./doc"
perl ./util/mkpod2html.pl -i "doc/man7/EVP_SIGNATURE-ML-DSA.pod" -o doc/html/man7/EVP_SIGNATURE-ML-DSA.html -t "EVP_SIGNATURE-ML-DSA" -r "./doc"
perl ./util/mkpod2html.pl -i "doc/man7/EVP_SIGNATURE-RSA.pod" -o doc/html/man7/EVP_SIGNATURE-RSA.html -t "EVP_SIGNATURE-RSA" -r "./doc"
perl ./util/mkpod2html.pl -i "doc/man7/EVP_SIGNATURE-SLH-DSA.pod" -o doc/html/man7/EVP_SIGNATURE-SLH-DSA.html -t "EVP_SIGNATURE-SLH-DSA" -r "./doc"
perl ./util/mkpod2html.pl -i "doc/man7/OSSL_PROVIDER-FIPS.pod" -o doc/html/man7/OSSL_PROVIDER-FIPS.html -t "OSSL_PROVIDER-FIPS" -r "./doc"
perl ./util/mkpod2html.pl -i "doc/man7/OSSL_PROVIDER-base.pod" -o doc/html/man7/OSSL_PROVIDER-base.html -t "OSSL_PROVIDER-base" -r "./doc"
perl ./util/mkpod2html.pl -i "doc/man7/OSSL_PROVIDER-default.pod" -o doc/html/man7/OSSL_PROVIDER-default.html -t "OSSL_PROVIDER-default" -r "./doc"
perl ./util/mkpod2html.pl -i "doc/man7/OSSL_PROVIDER-legacy.pod" -o doc/html/man7/OSSL_PROVIDER-legacy.html -t "OSSL_PROVIDER-legacy" -r "./doc"
perl ./util/mkpod2html.pl -i "doc/man7/OSSL_PROVIDER-null.pod" -o doc/html/man7/OSSL_PROVIDER-null.html -t "OSSL_PROVIDER-null" -r "./doc"
perl ./util/mkpod2html.pl -i "doc/man7/OSSL_STORE-winstore.pod" -o doc/html/man7/OSSL_STORE-winstore.html -t "OSSL_STORE-winstore" -r "./doc"
perl ./util/mkpod2html.pl -i "doc/man7/RAND.pod" -o doc/html/man7/RAND.html -t "RAND" -r "./doc"
perl ./util/mkpod2html.pl -i "doc/man7/RSA-PSS.pod" -o doc/html/man7/RSA-PSS.html -t "RSA-PSS" -r "./doc"
perl ./util/mkpod2html.pl -i "doc/man7/X25519.pod" -o doc/html/man7/X25519.html -t "X25519" -r "./doc"
perl ./util/mkpod2html.pl -i "doc/man7/bio.pod" -o doc/html/man7/bio.html -t "bio" -r "./doc"
perl ./util/mkpod2html.pl -i "doc/man7/ct.pod" -o doc/html/man7/ct.html -t "ct" -r "./doc"
perl ./util/mkpod2html.pl -i "doc/man7/des_modes.pod" -o doc/html/man7/des_modes.html -t "des_modes" -r "./doc"
perl ./util/mkpod2html.pl -i "doc/man7/evp.pod" -o doc/html/man7/evp.html -t "evp" -r "./doc"
perl ./util/mkpod2html.pl -i "doc/man7/fips_module.pod" -o doc/html/man7/fips_module.html -t "fips_module" -r "./doc"
perl ./util/mkpod2html.pl -i "doc/man7/life_cycle-cipher.pod" -o doc/html/man7/life_cycle-cipher.html -t "life_cycle-cipher" -r "./doc"
perl ./util/mkpod2html.pl -i "doc/man7/life_cycle-digest.pod" -o doc/html/man7/life_cycle-digest.html -t "life_cycle-digest" -r "./doc"
perl ./util/mkpod2html.pl -i "doc/man7/life_cycle-kdf.pod" -o doc/html/man7/life_cycle-kdf.html -t "life_cycle-kdf" -r "./doc"
perl ./util/mkpod2html.pl -i "doc/man7/life_cycle-mac.pod" -o doc/html/man7/life_cycle-mac.html -t "life_cycle-mac" -r "./doc"
perl ./util/mkpod2html.pl -i "doc/man7/life_cycle-pkey.pod" -o doc/html/man7/life_cycle-pkey.html -t "life_cycle-pkey" -r "./doc"
perl ./util/mkpod2html.pl -i "doc/man7/life_cycle-rand.pod" -o doc/html/man7/life_cycle-rand.html -t "life_cycle-rand" -r "./doc"
perl ./util/mkpod2html.pl -i "doc/man7/openssl-core.h.pod" -o doc/html/man7/openssl-core.h.html -t "openssl-core.h" -r "./doc"
perl ./util/mkpod2html.pl -i "doc/man7/openssl-core_dispatch.h.pod" -o doc/html/man7/openssl-core_dispatch.h.html -t "openssl-core_dispatch.h" -r "./doc"
perl ./util/mkpod2html.pl -i "doc/man7/openssl-core_names.h.pod" -o doc/html/man7/openssl-core_names.h.html -t "openssl-core_names.h" -r "./doc"
perl ./util/mkpod2html.pl -i "doc/man7/openssl-env.pod" -o doc/html/man7/openssl-env.html -t "openssl-env" -r "./doc"
perl ./util/mkpod2html.pl -i "doc/man7/openssl-glossary.pod" -o doc/html/man7/openssl-glossary.html -t "openssl-glossary" -r "./doc"
perl ./util/mkpod2html.pl -i "doc/man7/openssl-qlog.pod" -o doc/html/man7/openssl-qlog.html -t "openssl-qlog" -r "./doc"
perl ./util/mkpod2html.pl -i "doc/man7/openssl-quic-concurrency.pod" -o doc/html/man7/openssl-quic-concurrency.html -t "openssl-quic-concurrency" -r "./doc"
perl ./util/mkpod2html.pl -i "doc/man7/openssl-quic.pod" -o doc/html/man7/openssl-quic.html -t "openssl-quic" -r "./doc"
perl ./util/mkpod2html.pl -i "doc/man7/openssl-threads.pod" -o doc/html/man7/openssl-threads.html -t "openssl-threads" -r "./doc"
perl ./util/mkpod2html.pl -i "doc/man7/openssl_user_macros.pod" -o doc/html/man7/openssl_user_macros.html -t "openssl_user_macros" -r "./doc"
perl ./util/mkpod2html.pl -i "doc/man7/ossl-guide-introduction.pod" -o doc/html/man7/ossl-guide-introduction.html -t "ossl-guide-introduction" -r "./doc"
perl ./util/mkpod2html.pl -i "doc/man7/ossl-guide-libcrypto-introduction.pod" -o doc/html/man7/ossl-guide-libcrypto-introduction.html -t "ossl-guide-libcrypto-introduction" -r "./doc"
perl ./util/mkpod2html.pl -i "doc/man7/ossl-guide-libraries-introduction.pod" -o doc/html/man7/ossl-guide-libraries-introduction.html -t "ossl-guide-libraries-introduction" -r "./doc"
perl ./util/mkpod2html.pl -i "doc/man7/ossl-guide-libssl-introduction.pod" -o doc/html/man7/ossl-guide-libssl-introduction.html -t "ossl-guide-libssl-introduction" -r "./doc"
perl ./util/mkpod2html.pl -i "doc/man7/ossl-guide-migration.pod" -o doc/html/man7/ossl-guide-migration.html -t "ossl-guide-migration" -r "./doc"
perl ./util/mkpod2html.pl -i "doc/man7/ossl-guide-quic-client-block.pod" -o doc/html/man7/ossl-guide-quic-client-block.html -t "ossl-guide-quic-client-block" -r "./doc"
perl ./util/mkpod2html.pl -i "doc/man7/ossl-guide-quic-client-non-block.pod" -o doc/html/man7/ossl-guide-quic-client-non-block.html -t "ossl-guide-quic-client-non-block" -r "./doc"
perl ./util/mkpod2html.pl -i "doc/man7/ossl-guide-quic-introduction.pod" -o doc/html/man7/ossl-guide-quic-introduction.html -t "ossl-guide-quic-introduction" -r "./doc"
perl ./util/mkpod2html.pl -i "doc/man7/ossl-guide-quic-multi-stream.pod" -o doc/html/man7/ossl-guide-quic-multi-stream.html -t "ossl-guide-quic-multi-stream" -r "./doc"
perl ./util/mkpod2html.pl -i "doc/man7/ossl-guide-quic-server-block.pod" -o doc/html/man7/ossl-guide-quic-server-block.html -t "ossl-guide-quic-server-block" -r "./doc"
perl ./util/mkpod2html.pl -i "doc/man7/ossl-guide-quic-server-non-block.pod" -o doc/html/man7/ossl-guide-quic-server-non-block.html -t "ossl-guide-quic-server-non-block" -r "./doc"
perl ./util/mkpod2html.pl -i "doc/man7/ossl-guide-tls-client-block.pod" -o doc/html/man7/ossl-guide-tls-client-block.html -t "ossl-guide-tls-client-block" -r "./doc"
perl ./util/mkpod2html.pl -i "doc/man7/ossl-guide-tls-client-non-block.pod" -o doc/html/man7/ossl-guide-tls-client-non-block.html -t "ossl-guide-tls-client-non-block" -r "./doc"
perl ./util/mkpod2html.pl -i "doc/man7/ossl-guide-tls-introduction.pod" -o doc/html/man7/ossl-guide-tls-introduction.html -t "ossl-guide-tls-introduction" -r "./doc"
perl ./util/mkpod2html.pl -i "doc/man7/ossl-guide-tls-server-block.pod" -o doc/html/man7/ossl-guide-tls-server-block.html -t "ossl-guide-tls-server-block" -r "./doc"
perl ./util/mkpod2html.pl -i "doc/man7/ossl_store-file.pod" -o doc/html/man7/ossl_store-file.html -t "ossl_store-file" -r "./doc"
perl ./util/mkpod2html.pl -i "doc/man7/ossl_store.pod" -o doc/html/man7/ossl_store.html -t "ossl_store" -r "./doc"
perl ./util/mkpod2html.pl -i "doc/man7/passphrase-encoding.pod" -o doc/html/man7/passphrase-encoding.html -t "passphrase-encoding" -r "./doc"
perl ./util/mkpod2html.pl -i "doc/man7/property.pod" -o doc/html/man7/property.html -t "property" -r "./doc"
perl ./util/mkpod2html.pl -i "doc/man7/provider-asym_cipher.pod" -o doc/html/man7/provider-asym_cipher.html -t "provider-asym_cipher" -r "./doc"
perl ./util/mkpod2html.pl -i "doc/man7/provider-base.pod" -o doc/html/man7/provider-base.html -t "provider-base" -r "./doc"
perl ./util/mkpod2html.pl -i "doc/man7/provider-cipher.pod" -o doc/html/man7/provider-cipher.html -t "provider-cipher" -r "./doc"
perl ./util/mkpod2html.pl -i "doc/man7/provider-decoder.pod" -o doc/html/man7/provider-decoder.html -t "provider-decoder" -r "./doc"
perl ./util/mkpod2html.pl -i "doc/man7/provider-digest.pod" -o doc/html/man7/provider-digest.html -t "provider-digest" -r "./doc"
perl ./util/mkpod2html.pl -i "doc/man7/provider-encoder.pod" -o doc/html/man7/provider-encoder.html -t "provider-encoder" -r "./doc"
perl ./util/mkpod2html.pl -i "doc/man7/provider-kdf.pod" -o doc/html/man7/provider-kdf.html -t "provider-kdf" -r "./doc"
perl ./util/mkpod2html.pl -i "doc/man7/provider-kem.pod" -o doc/html/man7/provider-kem.html -t "provider-kem" -r "./doc"
perl ./util/mkpod2html.pl -i "doc/man7/provider-keyexch.pod" -o doc/html/man7/provider-keyexch.html -t "provider-keyexch" -r "./doc"
perl ./util/mkpod2html.pl -i "doc/man7/provider-keymgmt.pod" -o doc/html/man7/provider-keymgmt.html -t "provider-keymgmt" -r "./doc"
perl ./util/mkpod2html.pl -i "doc/man7/provider-mac.pod" -o doc/html/man7/provider-mac.html -t "provider-mac" -r "./doc"
perl ./util/mkpod2html.pl -i "doc/man7/provider-object.pod" -o doc/html/man7/provider-object.html -t "provider-object" -r "./doc"
perl ./util/mkpod2html.pl -i "doc/man7/provider-rand.pod" -o doc/html/man7/provider-rand.html -t "provider-rand" -r "./doc"
perl ./util/mkpod2html.pl -i "doc/man7/provider-signature.pod" -o doc/html/man7/provider-signature.html -t "provider-signature" -r "./doc"
perl ./util/mkpod2html.pl -i "doc/man7/provider-skeymgmt.pod" -o doc/html/man7/provider-skeymgmt.html -t "provider-skeymgmt" -r "./doc"
perl ./util/mkpod2html.pl -i "doc/man7/provider-storemgmt.pod" -o doc/html/man7/provider-storemgmt.html -t "provider-storemgmt" -r "./doc"
perl ./util/mkpod2html.pl -i "doc/man7/provider.pod" -o doc/html/man7/provider.html -t "provider" -r "./doc"
perl ./util/mkpod2html.pl -i "doc/man7/proxy-certificates.pod" -o doc/html/man7/proxy-certificates.html -t "proxy-certificates" -r "./doc"
perl ./util/mkpod2html.pl -i "doc/man7/x509.pod" -o doc/html/man7/x509.html -t "x509" -r "./doc"
created directory `/c/ap13-dcb/native-msys-crypto-packages-03/work/openssl-doc-stage/usr/share/doc/openssl/html/man1'
created directory `/c/ap13-dcb/native-msys-crypto-packages-03/work/openssl-doc-stage/usr/share/doc/openssl/html/man3'
created directory `/c/ap13-dcb/native-msys-crypto-packages-03/work/openssl-doc-stage/usr/share/doc/openssl/html/man5'
*** Installing HTML manpages
install doc/html/man1/CA.pl.html -> /c/ap13-dcb/native-msys-crypto-packages-03/work/openssl-doc-stage/usr/share/doc/openssl/html/man1/CA.pl.html
install doc/html/man1/openssl-asn1parse.html -> /c/ap13-dcb/native-msys-crypto-packages-03/work/openssl-doc-stage/usr/share/doc/openssl/html/man1/openssl-asn1parse.html
install doc/html/man1/openssl-ca.html -> /c/ap13-dcb/native-msys-crypto-packages-03/work/openssl-doc-stage/usr/share/doc/openssl/html/man1/openssl-ca.html
install doc/html/man1/openssl-ciphers.html -> /c/ap13-dcb/native-msys-crypto-packages-03/work/openssl-doc-stage/usr/share/doc/openssl/html/man1/openssl-ciphers.html
install doc/html/man1/openssl-cmds.html -> /c/ap13-dcb/native-msys-crypto-packages-03/work/openssl-doc-stage/usr/share/doc/openssl/html/man1/openssl-cmds.html
install doc/html/man1/openssl-cmp.html -> /c/ap13-dcb/native-msys-crypto-packages-03/work/openssl-doc-stage/usr/share/doc/openssl/html/man1/openssl-cmp.html
install doc/html/man1/openssl-cms.html -> /c/ap13-dcb/native-msys-crypto-packages-03/work/openssl-doc-stage/usr/share/doc/openssl/html/man1/openssl-cms.html
install doc/html/man1/openssl-configutl.html -> /c/ap13-dcb/native-msys-crypto-packages-03/work/openssl-doc-stage/usr/share/doc/openssl/html/man1/openssl-configutl.html
install doc/html/man1/openssl-crl.html -> /c/ap13-dcb/native-msys-crypto-packages-03/work/openssl-doc-stage/usr/share/doc/openssl/html/man1/openssl-crl.html
install doc/html/man1/openssl-crl2pkcs7.html -> /c/ap13-dcb/native-msys-crypto-packages-03/work/openssl-doc-stage/usr/share/doc/openssl/html/man1/openssl-crl2pkcs7.html
install doc/html/man1/openssl-dgst.html -> /c/ap13-dcb/native-msys-crypto-packages-03/work/openssl-doc-stage/usr/share/doc/openssl/html/man1/openssl-dgst.html
install doc/html/man1/openssl-dhparam.html -> /c/ap13-dcb/native-msys-crypto-packages-03/work/openssl-doc-stage/usr/share/doc/openssl/html/man1/openssl-dhparam.html
install doc/html/man1/openssl-dsa.html -> /c/ap13-dcb/native-msys-crypto-packages-03/work/openssl-doc-stage/usr/share/doc/openssl/html/man1/openssl-dsa.html
install doc/html/man1/openssl-dsaparam.html -> /c/ap13-dcb/native-msys-crypto-packages-03/work/openssl-doc-stage/usr/share/doc/openssl/html/man1/openssl-dsaparam.html
install doc/html/man1/openssl-ec.html -> /c/ap13-dcb/native-msys-crypto-packages-03/work/openssl-doc-stage/usr/share/doc/openssl/html/man1/openssl-ec.html
install doc/html/man1/openssl-ecparam.html -> /c/ap13-dcb/native-msys-crypto-packages-03/work/openssl-doc-stage/usr/share/doc/openssl/html/man1/openssl-ecparam.html
install doc/html/man1/openssl-enc.html -> /c/ap13-dcb/native-msys-crypto-packages-03/work/openssl-doc-stage/usr/share/doc/openssl/html/man1/openssl-enc.html
install doc/html/man1/openssl-engine.html -> /c/ap13-dcb/native-msys-crypto-packages-03/work/openssl-doc-stage/usr/share/doc/openssl/html/man1/openssl-engine.html
install doc/html/man1/openssl-errstr.html -> /c/ap13-dcb/native-msys-crypto-packages-03/work/openssl-doc-stage/usr/share/doc/openssl/html/man1/openssl-errstr.html
install doc/html/man1/openssl-fipsinstall.html -> /c/ap13-dcb/native-msys-crypto-packages-03/work/openssl-doc-stage/usr/share/doc/openssl/html/man1/openssl-fipsinstall.html
install doc/html/man1/openssl-format-options.html -> /c/ap13-dcb/native-msys-crypto-packages-03/work/openssl-doc-stage/usr/share/doc/openssl/html/man1/openssl-format-options.html
install doc/html/man1/openssl-gendsa.html -> /c/ap13-dcb/native-msys-crypto-packages-03/work/openssl-doc-stage/usr/share/doc/openssl/html/man1/openssl-gendsa.html
install doc/html/man1/openssl-genpkey.html -> /c/ap13-dcb/native-msys-crypto-packages-03/work/openssl-doc-stage/usr/share/doc/openssl/html/man1/openssl-genpkey.html
install doc/html/man1/openssl-genrsa.html -> /c/ap13-dcb/native-msys-crypto-packages-03/work/openssl-doc-stage/usr/share/doc/openssl/html/man1/openssl-genrsa.html
install doc/html/man1/openssl-info.html -> /c/ap13-dcb/native-msys-crypto-packages-03/work/openssl-doc-stage/usr/share/doc/openssl/html/man1/openssl-info.html
install doc/html/man1/openssl-kdf.html -> /c/ap13-dcb/native-msys-crypto-packages-03/work/openssl-doc-stage/usr/share/doc/openssl/html/man1/openssl-kdf.html
install doc/html/man1/openssl-list.html -> /c/ap13-dcb/native-msys-crypto-packages-03/work/openssl-doc-stage/usr/share/doc/openssl/html/man1/openssl-list.html
install doc/html/man1/openssl-mac.html -> /c/ap13-dcb/native-msys-crypto-packages-03/work/openssl-doc-stage/usr/share/doc/openssl/html/man1/openssl-mac.html
install doc/html/man1/openssl-namedisplay-options.html -> /c/ap13-dcb/native-msys-crypto-packages-03/work/openssl-doc-stage/usr/share/doc/openssl/html/man1/openssl-namedisplay-options.html
install doc/html/man1/openssl-nseq.html -> /c/ap13-dcb/native-msys-crypto-packages-03/work/openssl-doc-stage/usr/share/doc/openssl/html/man1/openssl-nseq.html
install doc/html/man1/openssl-ocsp.html -> /c/ap13-dcb/native-msys-crypto-packages-03/work/openssl-doc-stage/usr/share/doc/openssl/html/man1/openssl-ocsp.html
install doc/html/man1/openssl-passphrase-options.html -> /c/ap13-dcb/native-msys-crypto-packages-03/work/openssl-doc-stage/usr/share/doc/openssl/html/man1/openssl-passphrase-options.html
install doc/html/man1/openssl-passwd.html -> /c/ap13-dcb/native-msys-crypto-packages-03/work/openssl-doc-stage/usr/share/doc/openssl/html/man1/openssl-passwd.html
install doc/html/man1/openssl-pkcs12.html -> /c/ap13-dcb/native-msys-crypto-packages-03/work/openssl-doc-stage/usr/share/doc/openssl/html/man1/openssl-pkcs12.html
install doc/html/man1/openssl-pkcs7.html -> /c/ap13-dcb/native-msys-crypto-packages-03/work/openssl-doc-stage/usr/share/doc/openssl/html/man1/openssl-pkcs7.html
install doc/html/man1/openssl-pkcs8.html -> /c/ap13-dcb/native-msys-crypto-packages-03/work/openssl-doc-stage/usr/share/doc/openssl/html/man1/openssl-pkcs8.html
install doc/html/man1/openssl-pkey.html -> /c/ap13-dcb/native-msys-crypto-packages-03/work/openssl-doc-stage/usr/share/doc/openssl/html/man1/openssl-pkey.html
install doc/html/man1/openssl-pkeyparam.html -> /c/ap13-dcb/native-msys-crypto-packages-03/work/openssl-doc-stage/usr/share/doc/openssl/html/man1/openssl-pkeyparam.html
install doc/html/man1/openssl-pkeyutl.html -> /c/ap13-dcb/native-msys-crypto-packages-03/work/openssl-doc-stage/usr/share/doc/openssl/html/man1/openssl-pkeyutl.html
install doc/html/man1/openssl-prime.html -> /c/ap13-dcb/native-msys-crypto-packages-03/work/openssl-doc-stage/usr/share/doc/openssl/html/man1/openssl-prime.html
install doc/html/man1/openssl-rand.html -> /c/ap13-dcb/native-msys-crypto-packages-03/work/openssl-doc-stage/usr/share/doc/openssl/html/man1/openssl-rand.html
install doc/html/man1/openssl-rehash.html -> /c/ap13-dcb/native-msys-crypto-packages-03/work/openssl-doc-stage/usr/share/doc/openssl/html/man1/openssl-rehash.html
install doc/html/man1/openssl-req.html -> /c/ap13-dcb/native-msys-crypto-packages-03/work/openssl-doc-stage/usr/share/doc/openssl/html/man1/openssl-req.html
install doc/html/man1/openssl-rsa.html -> /c/ap13-dcb/native-msys-crypto-packages-03/work/openssl-doc-stage/usr/share/doc/openssl/html/man1/openssl-rsa.html
install doc/html/man1/openssl-rsautl.html -> /c/ap13-dcb/native-msys-crypto-packages-03/work/openssl-doc-stage/usr/share/doc/openssl/html/man1/openssl-rsautl.html
install doc/html/man1/openssl-s_client.html -> /c/ap13-dcb/native-msys-crypto-packages-03/work/openssl-doc-stage/usr/share/doc/openssl/html/man1/openssl-s_client.html
install doc/html/man1/openssl-s_server.html -> /c/ap13-dcb/native-msys-crypto-packages-03/work/openssl-doc-stage/usr/share/doc/openssl/html/man1/openssl-s_server.html
install doc/html/man1/openssl-s_time.html -> /c/ap13-dcb/native-msys-crypto-packages-03/work/openssl-doc-stage/usr/share/doc/openssl/html/man1/openssl-s_time.html
install doc/html/man1/openssl-sess_id.html -> /c/ap13-dcb/native-msys-crypto-packages-03/work/openssl-doc-stage/usr/share/doc/openssl/html/man1/openssl-sess_id.html
install doc/html/man1/openssl-skeyutl.html -> /c/ap13-dcb/native-msys-crypto-packages-03/work/openssl-doc-stage/usr/share/doc/openssl/html/man1/openssl-skeyutl.html
install doc/html/man1/openssl-smime.html -> /c/ap13-dcb/native-msys-crypto-packages-03/work/openssl-doc-stage/usr/share/doc/openssl/html/man1/openssl-smime.html
install doc/html/man1/openssl-speed.html -> /c/ap13-dcb/native-msys-crypto-packages-03/work/openssl-doc-stage/usr/share/doc/openssl/html/man1/openssl-speed.html
install doc/html/man1/openssl-spkac.html -> /c/ap13-dcb/native-msys-crypto-packages-03/work/openssl-doc-stage/usr/share/doc/openssl/html/man1/openssl-spkac.html
install doc/html/man1/openssl-srp.html -> /c/ap13-dcb/native-msys-crypto-packages-03/work/openssl-doc-stage/usr/share/doc/openssl/html/man1/openssl-srp.html
install doc/html/man1/openssl-storeutl.html -> /c/ap13-dcb/native-msys-crypto-packages-03/work/openssl-doc-stage/usr/share/doc/openssl/html/man1/openssl-storeutl.html
install doc/html/man1/openssl-ts.html -> /c/ap13-dcb/native-msys-crypto-packages-03/work/openssl-doc-stage/usr/share/doc/openssl/html/man1/openssl-ts.html
install doc/html/man1/openssl-verification-options.html -> /c/ap13-dcb/native-msys-crypto-packages-03/work/openssl-doc-stage/usr/share/doc/openssl/html/man1/openssl-verification-options.html
install doc/html/man1/openssl-verify.html -> /c/ap13-dcb/native-msys-crypto-packages-03/work/openssl-doc-stage/usr/share/doc/openssl/html/man1/openssl-verify.html
install doc/html/man1/openssl-version.html -> /c/ap13-dcb/native-msys-crypto-packages-03/work/openssl-doc-stage/usr/share/doc/openssl/html/man1/openssl-version.html
install doc/html/man1/openssl-x509.html -> /c/ap13-dcb/native-msys-crypto-packages-03/work/openssl-doc-stage/usr/share/doc/openssl/html/man1/openssl-x509.html
install doc/html/man1/openssl.html -> /c/ap13-dcb/native-msys-crypto-packages-03/work/openssl-doc-stage/usr/share/doc/openssl/html/man1/openssl.html
install doc/html/man1/tsget.html -> /c/ap13-dcb/native-msys-crypto-packages-03/work/openssl-doc-stage/usr/share/doc/openssl/html/man1/tsget.html
install doc/html/man3/ADMISSIONS.html -> /c/ap13-dcb/native-msys-crypto-packages-03/work/openssl-doc-stage/usr/share/doc/openssl/html/man3/ADMISSIONS.html
install doc/html/man3/ASN1_EXTERN_FUNCS.html -> /c/ap13-dcb/native-msys-crypto-packages-03/work/openssl-doc-stage/usr/share/doc/openssl/html/man3/ASN1_EXTERN_FUNCS.html
install doc/html/man3/ASN1_INTEGER_get_int64.html -> /c/ap13-dcb/native-msys-crypto-packages-03/work/openssl-doc-stage/usr/share/doc/openssl/html/man3/ASN1_INTEGER_get_int64.html
install doc/html/man3/ASN1_INTEGER_new.html -> /c/ap13-dcb/native-msys-crypto-packages-03/work/openssl-doc-stage/usr/share/doc/openssl/html/man3/ASN1_INTEGER_new.html
install doc/html/man3/ASN1_ITEM_lookup.html -> /c/ap13-dcb/native-msys-crypto-packages-03/work/openssl-doc-stage/usr/share/doc/openssl/html/man3/ASN1_ITEM_lookup.html
install doc/html/man3/ASN1_OBJECT_new.html -> /c/ap13-dcb/native-msys-crypto-packages-03/work/openssl-doc-stage/usr/share/doc/openssl/html/man3/ASN1_OBJECT_new.html
install doc/html/man3/ASN1_STRING_TABLE_add.html -> /c/ap13-dcb/native-msys-crypto-packages-03/work/openssl-doc-stage/usr/share/doc/openssl/html/man3/ASN1_STRING_TABLE_add.html
install doc/html/man3/ASN1_STRING_length.html -> /c/ap13-dcb/native-msys-crypto-packages-03/work/openssl-doc-stage/usr/share/doc/openssl/html/man3/ASN1_STRING_length.html
install doc/html/man3/ASN1_STRING_new.html -> /c/ap13-dcb/native-msys-crypto-packages-03/work/openssl-doc-stage/usr/share/doc/openssl/html/man3/ASN1_STRING_new.html
install doc/html/man3/ASN1_STRING_print_ex.html -> /c/ap13-dcb/native-msys-crypto-packages-03/work/openssl-doc-stage/usr/share/doc/openssl/html/man3/ASN1_STRING_print_ex.html
install doc/html/man3/ASN1_TIME_set.html -> /c/ap13-dcb/native-msys-crypto-packages-03/work/openssl-doc-stage/usr/share/doc/openssl/html/man3/ASN1_TIME_set.html
install doc/html/man3/ASN1_TYPE_get.html -> /c/ap13-dcb/native-msys-crypto-packages-03/work/openssl-doc-stage/usr/share/doc/openssl/html/man3/ASN1_TYPE_get.html
install doc/html/man3/ASN1_aux_cb.html -> /c/ap13-dcb/native-msys-crypto-packages-03/work/openssl-doc-stage/usr/share/doc/openssl/html/man3/ASN1_aux_cb.html
install doc/html/man3/ASN1_generate_nconf.html -> /c/ap13-dcb/native-msys-crypto-packages-03/work/openssl-doc-stage/usr/share/doc/openssl/html/man3/ASN1_generate_nconf.html
install doc/html/man3/ASN1_item_d2i_bio.html -> /c/ap13-dcb/native-msys-crypto-packages-03/work/openssl-doc-stage/usr/share/doc/openssl/html/man3/ASN1_item_d2i_bio.html
install doc/html/man3/ASN1_item_new.html -> /c/ap13-dcb/native-msys-crypto-packages-03/work/openssl-doc-stage/usr/share/doc/openssl/html/man3/ASN1_item_new.html
install doc/html/man3/ASN1_item_sign.html -> /c/ap13-dcb/native-msys-crypto-packages-03/work/openssl-doc-stage/usr/share/doc/openssl/html/man3/ASN1_item_sign.html
install doc/html/man3/ASYNC_WAIT_CTX_new.html -> /c/ap13-dcb/native-msys-crypto-packages-03/work/openssl-doc-stage/usr/share/doc/openssl/html/man3/ASYNC_WAIT_CTX_new.html
install doc/html/man3/ASYNC_start_job.html -> /c/ap13-dcb/native-msys-crypto-packages-03/work/openssl-doc-stage/usr/share/doc/openssl/html/man3/ASYNC_start_job.html
install doc/html/man3/BF_encrypt.html -> /c/ap13-dcb/native-msys-crypto-packages-03/work/openssl-doc-stage/usr/share/doc/openssl/html/man3/BF_encrypt.html
install doc/html/man3/BIO_ADDR.html -> /c/ap13-dcb/native-msys-crypto-packages-03/work/openssl-doc-stage/usr/share/doc/openssl/html/man3/BIO_ADDR.html
install doc/html/man3/BIO_ADDRINFO.html -> /c/ap13-dcb/native-msys-crypto-packages-03/work/openssl-doc-stage/usr/share/doc/openssl/html/man3/BIO_ADDRINFO.html
install doc/html/man3/BIO_connect.html -> /c/ap13-dcb/native-msys-crypto-packages-03/work/openssl-doc-stage/usr/share/doc/openssl/html/man3/BIO_connect.html
install doc/html/man3/BIO_ctrl.html -> /c/ap13-dcb/native-msys-crypto-packages-03/work/openssl-doc-stage/usr/share/doc/openssl/html/man3/BIO_ctrl.html
install doc/html/man3/BIO_f_base64.html -> /c/ap13-dcb/native-msys-crypto-packages-03/work/openssl-doc-stage/usr/share/doc/openssl/html/man3/BIO_f_base64.html
install doc/html/man3/BIO_f_buffer.html -> /c/ap13-dcb/native-msys-crypto-packages-03/work/openssl-doc-stage/usr/share/doc/openssl/html/man3/BIO_f_buffer.html
install doc/html/man3/BIO_f_cipher.html -> /c/ap13-dcb/native-msys-crypto-packages-03/work/openssl-doc-stage/usr/share/doc/openssl/html/man3/BIO_f_cipher.html
install doc/html/man3/BIO_f_md.html -> /c/ap13-dcb/native-msys-crypto-packages-03/work/openssl-doc-stage/usr/share/doc/openssl/html/man3/BIO_f_md.html
install doc/html/man3/BIO_f_null.html -> /c/ap13-dcb/native-msys-crypto-packages-03/work/openssl-doc-stage/usr/share/doc/openssl/html/man3/BIO_f_null.html
install doc/html/man3/BIO_f_prefix.html -> /c/ap13-dcb/native-msys-crypto-packages-03/work/openssl-doc-stage/usr/share/doc/openssl/html/man3/BIO_f_prefix.html
install doc/html/man3/BIO_f_readbuffer.html -> /c/ap13-dcb/native-msys-crypto-packages-03/work/openssl-doc-stage/usr/share/doc/openssl/html/man3/BIO_f_readbuffer.html
install doc/html/man3/BIO_f_ssl.html -> /c/ap13-dcb/native-msys-crypto-packages-03/work/openssl-doc-stage/usr/share/doc/openssl/html/man3/BIO_f_ssl.html
install doc/html/man3/BIO_find_type.html -> /c/ap13-dcb/native-msys-crypto-packages-03/work/openssl-doc-stage/usr/share/doc/openssl/html/man3/BIO_find_type.html
install doc/html/man3/BIO_get_data.html -> /c/ap13-dcb/native-msys-crypto-packages-03/work/openssl-doc-stage/usr/share/doc/openssl/html/man3/BIO_get_data.html
install doc/html/man3/BIO_get_ex_new_index.html -> /c/ap13-dcb/native-msys-crypto-packages-03/work/openssl-doc-stage/usr/share/doc/openssl/html/man3/BIO_get_ex_new_index.html
install doc/html/man3/BIO_get_rpoll_descriptor.html -> /c/ap13-dcb/native-msys-crypto-packages-03/work/openssl-doc-stage/usr/share/doc/openssl/html/man3/BIO_get_rpoll_descriptor.html
install doc/html/man3/BIO_meth_new.html -> /c/ap13-dcb/native-msys-crypto-packages-03/work/openssl-doc-stage/usr/share/doc/openssl/html/man3/BIO_meth_new.html
install doc/html/man3/BIO_new.html -> /c/ap13-dcb/native-msys-crypto-packages-03/work/openssl-doc-stage/usr/share/doc/openssl/html/man3/BIO_new.html
install doc/html/man3/BIO_new_CMS.html -> /c/ap13-dcb/native-msys-crypto-packages-03/work/openssl-doc-stage/usr/share/doc/openssl/html/man3/BIO_new_CMS.html
install doc/html/man3/BIO_parse_hostserv.html -> /c/ap13-dcb/native-msys-crypto-packages-03/work/openssl-doc-stage/usr/share/doc/openssl/html/man3/BIO_parse_hostserv.html
install doc/html/man3/BIO_printf.html -> /c/ap13-dcb/native-msys-crypto-packages-03/work/openssl-doc-stage/usr/share/doc/openssl/html/man3/BIO_printf.html
install doc/html/man3/BIO_push.html -> /c/ap13-dcb/native-msys-crypto-packages-03/work/openssl-doc-stage/usr/share/doc/openssl/html/man3/BIO_push.html
install doc/html/man3/BIO_read.html -> /c/ap13-dcb/native-msys-crypto-packages-03/work/openssl-doc-stage/usr/share/doc/openssl/html/man3/BIO_read.html
install doc/html/man3/BIO_s_accept.html -> /c/ap13-dcb/native-msys-crypto-packages-03/work/openssl-doc-stage/usr/share/doc/openssl/html/man3/BIO_s_accept.html
install doc/html/man3/BIO_s_bio.html -> /c/ap13-dcb/native-msys-crypto-packages-03/work/openssl-doc-stage/usr/share/doc/openssl/html/man3/BIO_s_bio.html
install doc/html/man3/BIO_s_connect.html -> /c/ap13-dcb/native-msys-crypto-packages-03/work/openssl-doc-stage/usr/share/doc/openssl/html/man3/BIO_s_connect.html
install doc/html/man3/BIO_s_core.html -> /c/ap13-dcb/native-msys-crypto-packages-03/work/openssl-doc-stage/usr/share/doc/openssl/html/man3/BIO_s_core.html
install doc/html/man3/BIO_s_datagram.html -> /c/ap13-dcb/native-msys-crypto-packages-03/work/openssl-doc-stage/usr/share/doc/openssl/html/man3/BIO_s_datagram.html
install doc/html/man3/BIO_s_dgram_pair.html -> /c/ap13-dcb/native-msys-crypto-packages-03/work/openssl-doc-stage/usr/share/doc/openssl/html/man3/BIO_s_dgram_pair.html
install doc/html/man3/BIO_s_fd.html -> /c/ap13-dcb/native-msys-crypto-packages-03/work/openssl-doc-stage/usr/share/doc/openssl/html/man3/BIO_s_fd.html
install doc/html/man3/BIO_s_file.html -> /c/ap13-dcb/native-msys-crypto-packages-03/work/openssl-doc-stage/usr/share/doc/openssl/html/man3/BIO_s_file.html
install doc/html/man3/BIO_s_mem.html -> /c/ap13-dcb/native-msys-crypto-packages-03/work/openssl-doc-stage/usr/share/doc/openssl/html/man3/BIO_s_mem.html
install doc/html/man3/BIO_s_null.html -> /c/ap13-dcb/native-msys-crypto-packages-03/work/openssl-doc-stage/usr/share/doc/openssl/html/man3/BIO_s_null.html
install doc/html/man3/BIO_s_socket.html -> /c/ap13-dcb/native-msys-crypto-packages-03/work/openssl-doc-stage/usr/share/doc/openssl/html/man3/BIO_s_socket.html
install doc/html/man3/BIO_sendmmsg.html -> /c/ap13-dcb/native-msys-crypto-packages-03/work/openssl-doc-stage/usr/share/doc/openssl/html/man3/BIO_sendmmsg.html
install doc/html/man3/BIO_set_callback.html -> /c/ap13-dcb/native-msys-crypto-packages-03/work/openssl-doc-stage/usr/share/doc/openssl/html/man3/BIO_set_callback.html
install doc/html/man3/BIO_set_flags.html -> /c/ap13-dcb/native-msys-crypto-packages-03/work/openssl-doc-stage/usr/share/doc/openssl/html/man3/BIO_set_flags.html
install doc/html/man3/BIO_should_retry.html -> /c/ap13-dcb/native-msys-crypto-packages-03/work/openssl-doc-stage/usr/share/doc/openssl/html/man3/BIO_should_retry.html
install doc/html/man3/BIO_socket_wait.html -> /c/ap13-dcb/native-msys-crypto-packages-03/work/openssl-doc-stage/usr/share/doc/openssl/html/man3/BIO_socket_wait.html
install doc/html/man3/BN_BLINDING_new.html -> /c/ap13-dcb/native-msys-crypto-packages-03/work/openssl-doc-stage/usr/share/doc/openssl/html/man3/BN_BLINDING_new.html
install doc/html/man3/BN_CTX_new.html -> /c/ap13-dcb/native-msys-crypto-packages-03/work/openssl-doc-stage/usr/share/doc/openssl/html/man3/BN_CTX_new.html
install doc/html/man3/BN_CTX_start.html -> /c/ap13-dcb/native-msys-crypto-packages-03/work/openssl-doc-stage/usr/share/doc/openssl/html/man3/BN_CTX_start.html
install doc/html/man3/BN_add.html -> /c/ap13-dcb/native-msys-crypto-packages-03/work/openssl-doc-stage/usr/share/doc/openssl/html/man3/BN_add.html
install doc/html/man3/BN_add_word.html -> /c/ap13-dcb/native-msys-crypto-packages-03/work/openssl-doc-stage/usr/share/doc/openssl/html/man3/BN_add_word.html
install doc/html/man3/BN_bn2bin.html -> /c/ap13-dcb/native-msys-crypto-packages-03/work/openssl-doc-stage/usr/share/doc/openssl/html/man3/BN_bn2bin.html
install doc/html/man3/BN_cmp.html -> /c/ap13-dcb/native-msys-crypto-packages-03/work/openssl-doc-stage/usr/share/doc/openssl/html/man3/BN_cmp.html
install doc/html/man3/BN_copy.html -> /c/ap13-dcb/native-msys-crypto-packages-03/work/openssl-doc-stage/usr/share/doc/openssl/html/man3/BN_copy.html
install doc/html/man3/BN_generate_prime.html -> /c/ap13-dcb/native-msys-crypto-packages-03/work/openssl-doc-stage/usr/share/doc/openssl/html/man3/BN_generate_prime.html
install doc/html/man3/BN_mod_exp_mont.html -> /c/ap13-dcb/native-msys-crypto-packages-03/work/openssl-doc-stage/usr/share/doc/openssl/html/man3/BN_mod_exp_mont.html
install doc/html/man3/BN_mod_inverse.html -> /c/ap13-dcb/native-msys-crypto-packages-03/work/openssl-doc-stage/usr/share/doc/openssl/html/man3/BN_mod_inverse.html
install doc/html/man3/BN_mod_mul_montgomery.html -> /c/ap13-dcb/native-msys-crypto-packages-03/work/openssl-doc-stage/usr/share/doc/openssl/html/man3/BN_mod_mul_montgomery.html
install doc/html/man3/BN_mod_mul_reciprocal.html -> /c/ap13-dcb/native-msys-crypto-packages-03/work/openssl-doc-stage/usr/share/doc/openssl/html/man3/BN_mod_mul_reciprocal.html
install doc/html/man3/BN_new.html -> /c/ap13-dcb/native-msys-crypto-packages-03/work/openssl-doc-stage/usr/share/doc/openssl/html/man3/BN_new.html
install doc/html/man3/BN_num_bytes.html -> /c/ap13-dcb/native-msys-crypto-packages-03/work/openssl-doc-stage/usr/share/doc/openssl/html/man3/BN_num_bytes.html
install doc/html/man3/BN_rand.html -> /c/ap13-dcb/native-msys-crypto-packages-03/work/openssl-doc-stage/usr/share/doc/openssl/html/man3/BN_rand.html
install doc/html/man3/BN_security_bits.html -> /c/ap13-dcb/native-msys-crypto-packages-03/work/openssl-doc-stage/usr/share/doc/openssl/html/man3/BN_security_bits.html
install doc/html/man3/BN_set_bit.html -> /c/ap13-dcb/native-msys-crypto-packages-03/work/openssl-doc-stage/usr/share/doc/openssl/html/man3/BN_set_bit.html
install doc/html/man3/BN_swap.html -> /c/ap13-dcb/native-msys-crypto-packages-03/work/openssl-doc-stage/usr/share/doc/openssl/html/man3/BN_swap.html
install doc/html/man3/BN_zero.html -> /c/ap13-dcb/native-msys-crypto-packages-03/work/openssl-doc-stage/usr/share/doc/openssl/html/man3/BN_zero.html
install doc/html/man3/BUF_MEM_new.html -> /c/ap13-dcb/native-msys-crypto-packages-03/work/openssl-doc-stage/usr/share/doc/openssl/html/man3/BUF_MEM_new.html
install doc/html/man3/CMAC_CTX.html -> /c/ap13-dcb/native-msys-crypto-packages-03/work/openssl-doc-stage/usr/share/doc/openssl/html/man3/CMAC_CTX.html
install doc/html/man3/CMS_EncryptedData_decrypt.html -> /c/ap13-dcb/native-msys-crypto-packages-03/work/openssl-doc-stage/usr/share/doc/openssl/html/man3/CMS_EncryptedData_decrypt.html
install doc/html/man3/CMS_EncryptedData_encrypt.html -> /c/ap13-dcb/native-msys-crypto-packages-03/work/openssl-doc-stage/usr/share/doc/openssl/html/man3/CMS_EncryptedData_encrypt.html
install doc/html/man3/CMS_EncryptedData_set1_key.html -> /c/ap13-dcb/native-msys-crypto-packages-03/work/openssl-doc-stage/usr/share/doc/openssl/html/man3/CMS_EncryptedData_set1_key.html
install doc/html/man3/CMS_EnvelopedData_create.html -> /c/ap13-dcb/native-msys-crypto-packages-03/work/openssl-doc-stage/usr/share/doc/openssl/html/man3/CMS_EnvelopedData_create.html
install doc/html/man3/CMS_add0_cert.html -> /c/ap13-dcb/native-msys-crypto-packages-03/work/openssl-doc-stage/usr/share/doc/openssl/html/man3/CMS_add0_cert.html
install doc/html/man3/CMS_add1_recipient_cert.html -> /c/ap13-dcb/native-msys-crypto-packages-03/work/openssl-doc-stage/usr/share/doc/openssl/html/man3/CMS_add1_recipient_cert.html
install doc/html/man3/CMS_add1_signer.html -> /c/ap13-dcb/native-msys-crypto-packages-03/work/openssl-doc-stage/usr/share/doc/openssl/html/man3/CMS_add1_signer.html
install doc/html/man3/CMS_compress.html -> /c/ap13-dcb/native-msys-crypto-packages-03/work/openssl-doc-stage/usr/share/doc/openssl/html/man3/CMS_compress.html
install doc/html/man3/CMS_data_create.html -> /c/ap13-dcb/native-msys-crypto-packages-03/work/openssl-doc-stage/usr/share/doc/openssl/html/man3/CMS_data_create.html
install doc/html/man3/CMS_decrypt.html -> /c/ap13-dcb/native-msys-crypto-packages-03/work/openssl-doc-stage/usr/share/doc/openssl/html/man3/CMS_decrypt.html
install doc/html/man3/CMS_digest_create.html -> /c/ap13-dcb/native-msys-crypto-packages-03/work/openssl-doc-stage/usr/share/doc/openssl/html/man3/CMS_digest_create.html
install doc/html/man3/CMS_encrypt.html -> /c/ap13-dcb/native-msys-crypto-packages-03/work/openssl-doc-stage/usr/share/doc/openssl/html/man3/CMS_encrypt.html
install doc/html/man3/CMS_final.html -> /c/ap13-dcb/native-msys-crypto-packages-03/work/openssl-doc-stage/usr/share/doc/openssl/html/man3/CMS_final.html
install doc/html/man3/CMS_get0_RecipientInfos.html -> /c/ap13-dcb/native-msys-crypto-packages-03/work/openssl-doc-stage/usr/share/doc/openssl/html/man3/CMS_get0_RecipientInfos.html
install doc/html/man3/CMS_get0_SignerInfos.html -> /c/ap13-dcb/native-msys-crypto-packages-03/work/openssl-doc-stage/usr/share/doc/openssl/html/man3/CMS_get0_SignerInfos.html
install doc/html/man3/CMS_get0_type.html -> /c/ap13-dcb/native-msys-crypto-packages-03/work/openssl-doc-stage/usr/share/doc/openssl/html/man3/CMS_get0_type.html
install doc/html/man3/CMS_get1_ReceiptRequest.html -> /c/ap13-dcb/native-msys-crypto-packages-03/work/openssl-doc-stage/usr/share/doc/openssl/html/man3/CMS_get1_ReceiptRequest.html
install doc/html/man3/CMS_sign.html -> /c/ap13-dcb/native-msys-crypto-packages-03/work/openssl-doc-stage/usr/share/doc/openssl/html/man3/CMS_sign.html
install doc/html/man3/CMS_sign_receipt.html -> /c/ap13-dcb/native-msys-crypto-packages-03/work/openssl-doc-stage/usr/share/doc/openssl/html/man3/CMS_sign_receipt.html
install doc/html/man3/CMS_signed_get_attr.html -> /c/ap13-dcb/native-msys-crypto-packages-03/work/openssl-doc-stage/usr/share/doc/openssl/html/man3/CMS_signed_get_attr.html
install doc/html/man3/CMS_uncompress.html -> /c/ap13-dcb/native-msys-crypto-packages-03/work/openssl-doc-stage/usr/share/doc/openssl/html/man3/CMS_uncompress.html
install doc/html/man3/CMS_verify.html -> /c/ap13-dcb/native-msys-crypto-packages-03/work/openssl-doc-stage/usr/share/doc/openssl/html/man3/CMS_verify.html
install doc/html/man3/CMS_verify_receipt.html -> /c/ap13-dcb/native-msys-crypto-packages-03/work/openssl-doc-stage/usr/share/doc/openssl/html/man3/CMS_verify_receipt.html
install doc/html/man3/COMP_CTX_new.html -> /c/ap13-dcb/native-msys-crypto-packages-03/work/openssl-doc-stage/usr/share/doc/openssl/html/man3/COMP_CTX_new.html
install doc/html/man3/CONF_modules_free.html -> /c/ap13-dcb/native-msys-crypto-packages-03/work/openssl-doc-stage/usr/share/doc/openssl/html/man3/CONF_modules_free.html
install doc/html/man3/CONF_modules_load_file.html -> /c/ap13-dcb/native-msys-crypto-packages-03/work/openssl-doc-stage/usr/share/doc/openssl/html/man3/CONF_modules_load_file.html
install doc/html/man3/CRYPTO_THREAD_run_once.html -> /c/ap13-dcb/native-msys-crypto-packages-03/work/openssl-doc-stage/usr/share/doc/openssl/html/man3/CRYPTO_THREAD_run_once.html
install doc/html/man3/CRYPTO_get_ex_new_index.html -> /c/ap13-dcb/native-msys-crypto-packages-03/work/openssl-doc-stage/usr/share/doc/openssl/html/man3/CRYPTO_get_ex_new_index.html
install doc/html/man3/CRYPTO_memcmp.html -> /c/ap13-dcb/native-msys-crypto-packages-03/work/openssl-doc-stage/usr/share/doc/openssl/html/man3/CRYPTO_memcmp.html
install doc/html/man3/CTLOG_STORE_get0_log_by_id.html -> /c/ap13-dcb/native-msys-crypto-packages-03/work/openssl-doc-stage/usr/share/doc/openssl/html/man3/CTLOG_STORE_get0_log_by_id.html
install doc/html/man3/CTLOG_STORE_new.html -> /c/ap13-dcb/native-msys-crypto-packages-03/work/openssl-doc-stage/usr/share/doc/openssl/html/man3/CTLOG_STORE_new.html
install doc/html/man3/CTLOG_new.html -> /c/ap13-dcb/native-msys-crypto-packages-03/work/openssl-doc-stage/usr/share/doc/openssl/html/man3/CTLOG_new.html
install doc/html/man3/CT_POLICY_EVAL_CTX_new.html -> /c/ap13-dcb/native-msys-crypto-packages-03/work/openssl-doc-stage/usr/share/doc/openssl/html/man3/CT_POLICY_EVAL_CTX_new.html
install doc/html/man3/DEFINE_STACK_OF.html -> /c/ap13-dcb/native-msys-crypto-packages-03/work/openssl-doc-stage/usr/share/doc/openssl/html/man3/DEFINE_STACK_OF.html
install doc/html/man3/DES_random_key.html -> /c/ap13-dcb/native-msys-crypto-packages-03/work/openssl-doc-stage/usr/share/doc/openssl/html/man3/DES_random_key.html
install doc/html/man3/DH_generate_key.html -> /c/ap13-dcb/native-msys-crypto-packages-03/work/openssl-doc-stage/usr/share/doc/openssl/html/man3/DH_generate_key.html
install doc/html/man3/DH_generate_parameters.html -> /c/ap13-dcb/native-msys-crypto-packages-03/work/openssl-doc-stage/usr/share/doc/openssl/html/man3/DH_generate_parameters.html
install doc/html/man3/DH_get0_pqg.html -> /c/ap13-dcb/native-msys-crypto-packages-03/work/openssl-doc-stage/usr/share/doc/openssl/html/man3/DH_get0_pqg.html
install doc/html/man3/DH_get_1024_160.html -> /c/ap13-dcb/native-msys-crypto-packages-03/work/openssl-doc-stage/usr/share/doc/openssl/html/man3/DH_get_1024_160.html
install doc/html/man3/DH_meth_new.html -> /c/ap13-dcb/native-msys-crypto-packages-03/work/openssl-doc-stage/usr/share/doc/openssl/html/man3/DH_meth_new.html
install doc/html/man3/DH_new.html -> /c/ap13-dcb/native-msys-crypto-packages-03/work/openssl-doc-stage/usr/share/doc/openssl/html/man3/DH_new.html
install doc/html/man3/DH_new_by_nid.html -> /c/ap13-dcb/native-msys-crypto-packages-03/work/openssl-doc-stage/usr/share/doc/openssl/html/man3/DH_new_by_nid.html
install doc/html/man3/DH_set_method.html -> /c/ap13-dcb/native-msys-crypto-packages-03/work/openssl-doc-stage/usr/share/doc/openssl/html/man3/DH_set_method.html
install doc/html/man3/DH_size.html -> /c/ap13-dcb/native-msys-crypto-packages-03/work/openssl-doc-stage/usr/share/doc/openssl/html/man3/DH_size.html
install doc/html/man3/DSA_SIG_new.html -> /c/ap13-dcb/native-msys-crypto-packages-03/work/openssl-doc-stage/usr/share/doc/openssl/html/man3/DSA_SIG_new.html
install doc/html/man3/DSA_do_sign.html -> /c/ap13-dcb/native-msys-crypto-packages-03/work/openssl-doc-stage/usr/share/doc/openssl/html/man3/DSA_do_sign.html
install doc/html/man3/DSA_dup_DH.html -> /c/ap13-dcb/native-msys-crypto-packages-03/work/openssl-doc-stage/usr/share/doc/openssl/html/man3/DSA_dup_DH.html
install doc/html/man3/DSA_generate_key.html -> /c/ap13-dcb/native-msys-crypto-packages-03/work/openssl-doc-stage/usr/share/doc/openssl/html/man3/DSA_generate_key.html
install doc/html/man3/DSA_generate_parameters.html -> /c/ap13-dcb/native-msys-crypto-packages-03/work/openssl-doc-stage/usr/share/doc/openssl/html/man3/DSA_generate_parameters.html
install doc/html/man3/DSA_get0_pqg.html -> /c/ap13-dcb/native-msys-crypto-packages-03/work/openssl-doc-stage/usr/share/doc/openssl/html/man3/DSA_get0_pqg.html
install doc/html/man3/DSA_meth_new.html -> /c/ap13-dcb/native-msys-crypto-packages-03/work/openssl-doc-stage/usr/share/doc/openssl/html/man3/DSA_meth_new.html
install doc/html/man3/DSA_new.html -> /c/ap13-dcb/native-msys-crypto-packages-03/work/openssl-doc-stage/usr/share/doc/openssl/html/man3/DSA_new.html
install doc/html/man3/DSA_set_method.html -> /c/ap13-dcb/native-msys-crypto-packages-03/work/openssl-doc-stage/usr/share/doc/openssl/html/man3/DSA_set_method.html
install doc/html/man3/DSA_sign.html -> /c/ap13-dcb/native-msys-crypto-packages-03/work/openssl-doc-stage/usr/share/doc/openssl/html/man3/DSA_sign.html
install doc/html/man3/DSA_size.html -> /c/ap13-dcb/native-msys-crypto-packages-03/work/openssl-doc-stage/usr/share/doc/openssl/html/man3/DSA_size.html
install doc/html/man3/DTLS_get_data_mtu.html -> /c/ap13-dcb/native-msys-crypto-packages-03/work/openssl-doc-stage/usr/share/doc/openssl/html/man3/DTLS_get_data_mtu.html
install doc/html/man3/DTLS_set_timer_cb.html -> /c/ap13-dcb/native-msys-crypto-packages-03/work/openssl-doc-stage/usr/share/doc/openssl/html/man3/DTLS_set_timer_cb.html
install doc/html/man3/DTLSv1_get_timeout.html -> /c/ap13-dcb/native-msys-crypto-packages-03/work/openssl-doc-stage/usr/share/doc/openssl/html/man3/DTLSv1_get_timeout.html
install doc/html/man3/DTLSv1_handle_timeout.html -> /c/ap13-dcb/native-msys-crypto-packages-03/work/openssl-doc-stage/usr/share/doc/openssl/html/man3/DTLSv1_handle_timeout.html
install doc/html/man3/DTLSv1_listen.html -> /c/ap13-dcb/native-msys-crypto-packages-03/work/openssl-doc-stage/usr/share/doc/openssl/html/man3/DTLSv1_listen.html
install doc/html/man3/ECDSA_SIG_new.html -> /c/ap13-dcb/native-msys-crypto-packages-03/work/openssl-doc-stage/usr/share/doc/openssl/html/man3/ECDSA_SIG_new.html
install doc/html/man3/ECDSA_sign.html -> /c/ap13-dcb/native-msys-crypto-packages-03/work/openssl-doc-stage/usr/share/doc/openssl/html/man3/ECDSA_sign.html
install doc/html/man3/ECPKParameters_print.html -> /c/ap13-dcb/native-msys-crypto-packages-03/work/openssl-doc-stage/usr/share/doc/openssl/html/man3/ECPKParameters_print.html
install doc/html/man3/EC_GFp_simple_method.html -> /c/ap13-dcb/native-msys-crypto-packages-03/work/openssl-doc-stage/usr/share/doc/openssl/html/man3/EC_GFp_simple_method.html
install doc/html/man3/EC_GROUP_copy.html -> /c/ap13-dcb/native-msys-crypto-packages-03/work/openssl-doc-stage/usr/share/doc/openssl/html/man3/EC_GROUP_copy.html
install doc/html/man3/EC_GROUP_new.html -> /c/ap13-dcb/native-msys-crypto-packages-03/work/openssl-doc-stage/usr/share/doc/openssl/html/man3/EC_GROUP_new.html
install doc/html/man3/EC_KEY_get_enc_flags.html -> /c/ap13-dcb/native-msys-crypto-packages-03/work/openssl-doc-stage/usr/share/doc/openssl/html/man3/EC_KEY_get_enc_flags.html
install doc/html/man3/EC_KEY_new.html -> /c/ap13-dcb/native-msys-crypto-packages-03/work/openssl-doc-stage/usr/share/doc/openssl/html/man3/EC_KEY_new.html
install doc/html/man3/EC_POINT_add.html -> /c/ap13-dcb/native-msys-crypto-packages-03/work/openssl-doc-stage/usr/share/doc/openssl/html/man3/EC_POINT_add.html
install doc/html/man3/EC_POINT_new.html -> /c/ap13-dcb/native-msys-crypto-packages-03/work/openssl-doc-stage/usr/share/doc/openssl/html/man3/EC_POINT_new.html
install doc/html/man3/ENGINE_add.html -> /c/ap13-dcb/native-msys-crypto-packages-03/work/openssl-doc-stage/usr/share/doc/openssl/html/man3/ENGINE_add.html
install doc/html/man3/ERR_GET_LIB.html -> /c/ap13-dcb/native-msys-crypto-packages-03/work/openssl-doc-stage/usr/share/doc/openssl/html/man3/ERR_GET_LIB.html
install doc/html/man3/ERR_clear_error.html -> /c/ap13-dcb/native-msys-crypto-packages-03/work/openssl-doc-stage/usr/share/doc/openssl/html/man3/ERR_clear_error.html
install doc/html/man3/ERR_error_string.html -> /c/ap13-dcb/native-msys-crypto-packages-03/work/openssl-doc-stage/usr/share/doc/openssl/html/man3/ERR_error_string.html
install doc/html/man3/ERR_get_error.html -> /c/ap13-dcb/native-msys-crypto-packages-03/work/openssl-doc-stage/usr/share/doc/openssl/html/man3/ERR_get_error.html
install doc/html/man3/ERR_load_crypto_strings.html -> /c/ap13-dcb/native-msys-crypto-packages-03/work/openssl-doc-stage/usr/share/doc/openssl/html/man3/ERR_load_crypto_strings.html
install doc/html/man3/ERR_load_strings.html -> /c/ap13-dcb/native-msys-crypto-packages-03/work/openssl-doc-stage/usr/share/doc/openssl/html/man3/ERR_load_strings.html
install doc/html/man3/ERR_new.html -> /c/ap13-dcb/native-msys-crypto-packages-03/work/openssl-doc-stage/usr/share/doc/openssl/html/man3/ERR_new.html
install doc/html/man3/ERR_print_errors.html -> /c/ap13-dcb/native-msys-crypto-packages-03/work/openssl-doc-stage/usr/share/doc/openssl/html/man3/ERR_print_errors.html
install doc/html/man3/ERR_put_error.html -> /c/ap13-dcb/native-msys-crypto-packages-03/work/openssl-doc-stage/usr/share/doc/openssl/html/man3/ERR_put_error.html
install doc/html/man3/ERR_remove_state.html -> /c/ap13-dcb/native-msys-crypto-packages-03/work/openssl-doc-stage/usr/share/doc/openssl/html/man3/ERR_remove_state.html
install doc/html/man3/ERR_set_mark.html -> /c/ap13-dcb/native-msys-crypto-packages-03/work/openssl-doc-stage/usr/share/doc/openssl/html/man3/ERR_set_mark.html
install doc/html/man3/EVP_ASYM_CIPHER_free.html -> /c/ap13-dcb/native-msys-crypto-packages-03/work/openssl-doc-stage/usr/share/doc/openssl/html/man3/EVP_ASYM_CIPHER_free.html
install doc/html/man3/EVP_BytesToKey.html -> /c/ap13-dcb/native-msys-crypto-packages-03/work/openssl-doc-stage/usr/share/doc/openssl/html/man3/EVP_BytesToKey.html
install doc/html/man3/EVP_CIPHER_CTX_get_app_data.html -> /c/ap13-dcb/native-msys-crypto-packages-03/work/openssl-doc-stage/usr/share/doc/openssl/html/man3/EVP_CIPHER_CTX_get_app_data.html
install doc/html/man3/EVP_CIPHER_CTX_get_cipher_data.html -> /c/ap13-dcb/native-msys-crypto-packages-03/work/openssl-doc-stage/usr/share/doc/openssl/html/man3/EVP_CIPHER_CTX_get_cipher_data.html
install doc/html/man3/EVP_CIPHER_CTX_get_original_iv.html -> /c/ap13-dcb/native-msys-crypto-packages-03/work/openssl-doc-stage/usr/share/doc/openssl/html/man3/EVP_CIPHER_CTX_get_original_iv.html
install doc/html/man3/EVP_CIPHER_meth_new.html -> /c/ap13-dcb/native-msys-crypto-packages-03/work/openssl-doc-stage/usr/share/doc/openssl/html/man3/EVP_CIPHER_meth_new.html
install doc/html/man3/EVP_DigestInit.html -> /c/ap13-dcb/native-msys-crypto-packages-03/work/openssl-doc-stage/usr/share/doc/openssl/html/man3/EVP_DigestInit.html
install doc/html/man3/EVP_DigestSignInit.html -> /c/ap13-dcb/native-msys-crypto-packages-03/work/openssl-doc-stage/usr/share/doc/openssl/html/man3/EVP_DigestSignInit.html
install doc/html/man3/EVP_DigestVerifyInit.html -> /c/ap13-dcb/native-msys-crypto-packages-03/work/openssl-doc-stage/usr/share/doc/openssl/html/man3/EVP_DigestVerifyInit.html
install doc/html/man3/EVP_EncodeInit.html -> /c/ap13-dcb/native-msys-crypto-packages-03/work/openssl-doc-stage/usr/share/doc/openssl/html/man3/EVP_EncodeInit.html
install doc/html/man3/EVP_EncryptInit.html -> /c/ap13-dcb/native-msys-crypto-packages-03/work/openssl-doc-stage/usr/share/doc/openssl/html/man3/EVP_EncryptInit.html
install doc/html/man3/EVP_KDF.html -> /c/ap13-dcb/native-msys-crypto-packages-03/work/openssl-doc-stage/usr/share/doc/openssl/html/man3/EVP_KDF.html
install doc/html/man3/EVP_KEM_free.html -> /c/ap13-dcb/native-msys-crypto-packages-03/work/openssl-doc-stage/usr/share/doc/openssl/html/man3/EVP_KEM_free.html
install doc/html/man3/EVP_KEYEXCH_free.html -> /c/ap13-dcb/native-msys-crypto-packages-03/work/openssl-doc-stage/usr/share/doc/openssl/html/man3/EVP_KEYEXCH_free.html
install doc/html/man3/EVP_KEYMGMT.html -> /c/ap13-dcb/native-msys-crypto-packages-03/work/openssl-doc-stage/usr/share/doc/openssl/html/man3/EVP_KEYMGMT.html
install doc/html/man3/EVP_MAC.html -> /c/ap13-dcb/native-msys-crypto-packages-03/work/openssl-doc-stage/usr/share/doc/openssl/html/man3/EVP_MAC.html
install doc/html/man3/EVP_MD_meth_new.html -> /c/ap13-dcb/native-msys-crypto-packages-03/work/openssl-doc-stage/usr/share/doc/openssl/html/man3/EVP_MD_meth_new.html
install doc/html/man3/EVP_OpenInit.html -> /c/ap13-dcb/native-msys-crypto-packages-03/work/openssl-doc-stage/usr/share/doc/openssl/html/man3/EVP_OpenInit.html
install doc/html/man3/EVP_PBE_CipherInit.html -> /c/ap13-dcb/native-msys-crypto-packages-03/work/openssl-doc-stage/usr/share/doc/openssl/html/man3/EVP_PBE_CipherInit.html
install doc/html/man3/EVP_PKEY2PKCS8.html -> /c/ap13-dcb/native-msys-crypto-packages-03/work/openssl-doc-stage/usr/share/doc/openssl/html/man3/EVP_PKEY2PKCS8.html
install doc/html/man3/EVP_PKEY_ASN1_METHOD.html -> /c/ap13-dcb/native-msys-crypto-packages-03/work/openssl-doc-stage/usr/share/doc/openssl/html/man3/EVP_PKEY_ASN1_METHOD.html
install doc/html/man3/EVP_PKEY_CTX_ctrl.html -> /c/ap13-dcb/native-msys-crypto-packages-03/work/openssl-doc-stage/usr/share/doc/openssl/html/man3/EVP_PKEY_CTX_ctrl.html
install doc/html/man3/EVP_PKEY_CTX_get0_libctx.html -> /c/ap13-dcb/native-msys-crypto-packages-03/work/openssl-doc-stage/usr/share/doc/openssl/html/man3/EVP_PKEY_CTX_get0_libctx.html
install doc/html/man3/EVP_PKEY_CTX_get0_pkey.html -> /c/ap13-dcb/native-msys-crypto-packages-03/work/openssl-doc-stage/usr/share/doc/openssl/html/man3/EVP_PKEY_CTX_get0_pkey.html
install doc/html/man3/EVP_PKEY_CTX_get_algor.html -> /c/ap13-dcb/native-msys-crypto-packages-03/work/openssl-doc-stage/usr/share/doc/openssl/html/man3/EVP_PKEY_CTX_get_algor.html
install doc/html/man3/EVP_PKEY_CTX_new.html -> /c/ap13-dcb/native-msys-crypto-packages-03/work/openssl-doc-stage/usr/share/doc/openssl/html/man3/EVP_PKEY_CTX_new.html
install doc/html/man3/EVP_PKEY_CTX_set1_pbe_pass.html -> /c/ap13-dcb/native-msys-crypto-packages-03/work/openssl-doc-stage/usr/share/doc/openssl/html/man3/EVP_PKEY_CTX_set1_pbe_pass.html
install doc/html/man3/EVP_PKEY_CTX_set_hkdf_md.html -> /c/ap13-dcb/native-msys-crypto-packages-03/work/openssl-doc-stage/usr/share/doc/openssl/html/man3/EVP_PKEY_CTX_set_hkdf_md.html
install doc/html/man3/EVP_PKEY_CTX_set_params.html -> /c/ap13-dcb/native-msys-crypto-packages-03/work/openssl-doc-stage/usr/share/doc/openssl/html/man3/EVP_PKEY_CTX_set_params.html
install doc/html/man3/EVP_PKEY_CTX_set_rsa_pss_keygen_md.html -> /c/ap13-dcb/native-msys-crypto-packages-03/work/openssl-doc-stage/usr/share/doc/openssl/html/man3/EVP_PKEY_CTX_set_rsa_pss_keygen_md.html
install doc/html/man3/EVP_PKEY_CTX_set_scrypt_N.html -> /c/ap13-dcb/native-msys-crypto-packages-03/work/openssl-doc-stage/usr/share/doc/openssl/html/man3/EVP_PKEY_CTX_set_scrypt_N.html
install doc/html/man3/EVP_PKEY_CTX_set_tls1_prf_md.html -> /c/ap13-dcb/native-msys-crypto-packages-03/work/openssl-doc-stage/usr/share/doc/openssl/html/man3/EVP_PKEY_CTX_set_tls1_prf_md.html
install doc/html/man3/EVP_PKEY_asn1_get_count.html -> /c/ap13-dcb/native-msys-crypto-packages-03/work/openssl-doc-stage/usr/share/doc/openssl/html/man3/EVP_PKEY_asn1_get_count.html
install doc/html/man3/EVP_PKEY_check.html -> /c/ap13-dcb/native-msys-crypto-packages-03/work/openssl-doc-stage/usr/share/doc/openssl/html/man3/EVP_PKEY_check.html
install doc/html/man3/EVP_PKEY_copy_parameters.html -> /c/ap13-dcb/native-msys-crypto-packages-03/work/openssl-doc-stage/usr/share/doc/openssl/html/man3/EVP_PKEY_copy_parameters.html
install doc/html/man3/EVP_PKEY_decapsulate.html -> /c/ap13-dcb/native-msys-crypto-packages-03/work/openssl-doc-stage/usr/share/doc/openssl/html/man3/EVP_PKEY_decapsulate.html
install doc/html/man3/EVP_PKEY_decrypt.html -> /c/ap13-dcb/native-msys-crypto-packages-03/work/openssl-doc-stage/usr/share/doc/openssl/html/man3/EVP_PKEY_decrypt.html
install doc/html/man3/EVP_PKEY_derive.html -> /c/ap13-dcb/native-msys-crypto-packages-03/work/openssl-doc-stage/usr/share/doc/openssl/html/man3/EVP_PKEY_derive.html
install doc/html/man3/EVP_PKEY_digestsign_supports_digest.html -> /c/ap13-dcb/native-msys-crypto-packages-03/work/openssl-doc-stage/usr/share/doc/openssl/html/man3/EVP_PKEY_digestsign_supports_digest.html
install doc/html/man3/EVP_PKEY_encapsulate.html -> /c/ap13-dcb/native-msys-crypto-packages-03/work/openssl-doc-stage/usr/share/doc/openssl/html/man3/EVP_PKEY_encapsulate.html
install doc/html/man3/EVP_PKEY_encrypt.html -> /c/ap13-dcb/native-msys-crypto-packages-03/work/openssl-doc-stage/usr/share/doc/openssl/html/man3/EVP_PKEY_encrypt.html
install doc/html/man3/EVP_PKEY_fromdata.html -> /c/ap13-dcb/native-msys-crypto-packages-03/work/openssl-doc-stage/usr/share/doc/openssl/html/man3/EVP_PKEY_fromdata.html
install doc/html/man3/EVP_PKEY_get_attr.html -> /c/ap13-dcb/native-msys-crypto-packages-03/work/openssl-doc-stage/usr/share/doc/openssl/html/man3/EVP_PKEY_get_attr.html
install doc/html/man3/EVP_PKEY_get_default_digest_nid.html -> /c/ap13-dcb/native-msys-crypto-packages-03/work/openssl-doc-stage/usr/share/doc/openssl/html/man3/EVP_PKEY_get_default_digest_nid.html
install doc/html/man3/EVP_PKEY_get_field_type.html -> /c/ap13-dcb/native-msys-crypto-packages-03/work/openssl-doc-stage/usr/share/doc/openssl/html/man3/EVP_PKEY_get_field_type.html
install doc/html/man3/EVP_PKEY_get_group_name.html -> /c/ap13-dcb/native-msys-crypto-packages-03/work/openssl-doc-stage/usr/share/doc/openssl/html/man3/EVP_PKEY_get_group_name.html
install doc/html/man3/EVP_PKEY_get_size.html -> /c/ap13-dcb/native-msys-crypto-packages-03/work/openssl-doc-stage/usr/share/doc/openssl/html/man3/EVP_PKEY_get_size.html
install doc/html/man3/EVP_PKEY_gettable_params.html -> /c/ap13-dcb/native-msys-crypto-packages-03/work/openssl-doc-stage/usr/share/doc/openssl/html/man3/EVP_PKEY_gettable_params.html
install doc/html/man3/EVP_PKEY_is_a.html -> /c/ap13-dcb/native-msys-crypto-packages-03/work/openssl-doc-stage/usr/share/doc/openssl/html/man3/EVP_PKEY_is_a.html
install doc/html/man3/EVP_PKEY_keygen.html -> /c/ap13-dcb/native-msys-crypto-packages-03/work/openssl-doc-stage/usr/share/doc/openssl/html/man3/EVP_PKEY_keygen.html
install doc/html/man3/EVP_PKEY_meth_get_count.html -> /c/ap13-dcb/native-msys-crypto-packages-03/work/openssl-doc-stage/usr/share/doc/openssl/html/man3/EVP_PKEY_meth_get_count.html
install doc/html/man3/EVP_PKEY_meth_new.html -> /c/ap13-dcb/native-msys-crypto-packages-03/work/openssl-doc-stage/usr/share/doc/openssl/html/man3/EVP_PKEY_meth_new.html
install doc/html/man3/EVP_PKEY_new.html -> /c/ap13-dcb/native-msys-crypto-packages-03/work/openssl-doc-stage/usr/share/doc/openssl/html/man3/EVP_PKEY_new.html
install doc/html/man3/EVP_PKEY_print_private.html -> /c/ap13-dcb/native-msys-crypto-packages-03/work/openssl-doc-stage/usr/share/doc/openssl/html/man3/EVP_PKEY_print_private.html
install doc/html/man3/EVP_PKEY_set1_RSA.html -> /c/ap13-dcb/native-msys-crypto-packages-03/work/openssl-doc-stage/usr/share/doc/openssl/html/man3/EVP_PKEY_set1_RSA.html
install doc/html/man3/EVP_PKEY_set1_encoded_public_key.html -> /c/ap13-dcb/native-msys-crypto-packages-03/work/openssl-doc-stage/usr/share/doc/openssl/html/man3/EVP_PKEY_set1_encoded_public_key.html
install doc/html/man3/EVP_PKEY_set_type.html -> /c/ap13-dcb/native-msys-crypto-packages-03/work/openssl-doc-stage/usr/share/doc/openssl/html/man3/EVP_PKEY_set_type.html
install doc/html/man3/EVP_PKEY_settable_params.html -> /c/ap13-dcb/native-msys-crypto-packages-03/work/openssl-doc-stage/usr/share/doc/openssl/html/man3/EVP_PKEY_settable_params.html
install doc/html/man3/EVP_PKEY_sign.html -> /c/ap13-dcb/native-msys-crypto-packages-03/work/openssl-doc-stage/usr/share/doc/openssl/html/man3/EVP_PKEY_sign.html
install doc/html/man3/EVP_PKEY_todata.html -> /c/ap13-dcb/native-msys-crypto-packages-03/work/openssl-doc-stage/usr/share/doc/openssl/html/man3/EVP_PKEY_todata.html
install doc/html/man3/EVP_PKEY_verify.html -> /c/ap13-dcb/native-msys-crypto-packages-03/work/openssl-doc-stage/usr/share/doc/openssl/html/man3/EVP_PKEY_verify.html
install doc/html/man3/EVP_PKEY_verify_recover.html -> /c/ap13-dcb/native-msys-crypto-packages-03/work/openssl-doc-stage/usr/share/doc/openssl/html/man3/EVP_PKEY_verify_recover.html
install doc/html/man3/EVP_RAND.html -> /c/ap13-dcb/native-msys-crypto-packages-03/work/openssl-doc-stage/usr/share/doc/openssl/html/man3/EVP_RAND.html
install doc/html/man3/EVP_SIGNATURE.html -> /c/ap13-dcb/native-msys-crypto-packages-03/work/openssl-doc-stage/usr/share/doc/openssl/html/man3/EVP_SIGNATURE.html
install doc/html/man3/EVP_SKEY.html -> /c/ap13-dcb/native-msys-crypto-packages-03/work/openssl-doc-stage/usr/share/doc/openssl/html/man3/EVP_SKEY.html
install doc/html/man3/EVP_SKEYMGMT.html -> /c/ap13-dcb/native-msys-crypto-packages-03/work/openssl-doc-stage/usr/share/doc/openssl/html/man3/EVP_SKEYMGMT.html
install doc/html/man3/EVP_SealInit.html -> /c/ap13-dcb/native-msys-crypto-packages-03/work/openssl-doc-stage/usr/share/doc/openssl/html/man3/EVP_SealInit.html
install doc/html/man3/EVP_SignInit.html -> /c/ap13-dcb/native-msys-crypto-packages-03/work/openssl-doc-stage/usr/share/doc/openssl/html/man3/EVP_SignInit.html
install doc/html/man3/EVP_VerifyInit.html -> /c/ap13-dcb/native-msys-crypto-packages-03/work/openssl-doc-stage/usr/share/doc/openssl/html/man3/EVP_VerifyInit.html
install doc/html/man3/EVP_aes_128_gcm.html -> /c/ap13-dcb/native-msys-crypto-packages-03/work/openssl-doc-stage/usr/share/doc/openssl/html/man3/EVP_aes_128_gcm.html
install doc/html/man3/EVP_aria_128_gcm.html -> /c/ap13-dcb/native-msys-crypto-packages-03/work/openssl-doc-stage/usr/share/doc/openssl/html/man3/EVP_aria_128_gcm.html
install doc/html/man3/EVP_bf_cbc.html -> /c/ap13-dcb/native-msys-crypto-packages-03/work/openssl-doc-stage/usr/share/doc/openssl/html/man3/EVP_bf_cbc.html
install doc/html/man3/EVP_blake2b512.html -> /c/ap13-dcb/native-msys-crypto-packages-03/work/openssl-doc-stage/usr/share/doc/openssl/html/man3/EVP_blake2b512.html
install doc/html/man3/EVP_camellia_128_ecb.html -> /c/ap13-dcb/native-msys-crypto-packages-03/work/openssl-doc-stage/usr/share/doc/openssl/html/man3/EVP_camellia_128_ecb.html
install doc/html/man3/EVP_cast5_cbc.html -> /c/ap13-dcb/native-msys-crypto-packages-03/work/openssl-doc-stage/usr/share/doc/openssl/html/man3/EVP_cast5_cbc.html
install doc/html/man3/EVP_chacha20.html -> /c/ap13-dcb/native-msys-crypto-packages-03/work/openssl-doc-stage/usr/share/doc/openssl/html/man3/EVP_chacha20.html
install doc/html/man3/EVP_des_cbc.html -> /c/ap13-dcb/native-msys-crypto-packages-03/work/openssl-doc-stage/usr/share/doc/openssl/html/man3/EVP_des_cbc.html
install doc/html/man3/EVP_desx_cbc.html -> /c/ap13-dcb/native-msys-crypto-packages-03/work/openssl-doc-stage/usr/share/doc/openssl/html/man3/EVP_desx_cbc.html
install doc/html/man3/EVP_idea_cbc.html -> /c/ap13-dcb/native-msys-crypto-packages-03/work/openssl-doc-stage/usr/share/doc/openssl/html/man3/EVP_idea_cbc.html
install doc/html/man3/EVP_md2.html -> /c/ap13-dcb/native-msys-crypto-packages-03/work/openssl-doc-stage/usr/share/doc/openssl/html/man3/EVP_md2.html
install doc/html/man3/EVP_md4.html -> /c/ap13-dcb/native-msys-crypto-packages-03/work/openssl-doc-stage/usr/share/doc/openssl/html/man3/EVP_md4.html
install doc/html/man3/EVP_md5.html -> /c/ap13-dcb/native-msys-crypto-packages-03/work/openssl-doc-stage/usr/share/doc/openssl/html/man3/EVP_md5.html
install doc/html/man3/EVP_mdc2.html -> /c/ap13-dcb/native-msys-crypto-packages-03/work/openssl-doc-stage/usr/share/doc/openssl/html/man3/EVP_mdc2.html
install doc/html/man3/EVP_rc2_cbc.html -> /c/ap13-dcb/native-msys-crypto-packages-03/work/openssl-doc-stage/usr/share/doc/openssl/html/man3/EVP_rc2_cbc.html
install doc/html/man3/EVP_rc4.html -> /c/ap13-dcb/native-msys-crypto-packages-03/work/openssl-doc-stage/usr/share/doc/openssl/html/man3/EVP_rc4.html
install doc/html/man3/EVP_rc5_32_12_16_cbc.html -> /c/ap13-dcb/native-msys-crypto-packages-03/work/openssl-doc-stage/usr/share/doc/openssl/html/man3/EVP_rc5_32_12_16_cbc.html
install doc/html/man3/EVP_ripemd160.html -> /c/ap13-dcb/native-msys-crypto-packages-03/work/openssl-doc-stage/usr/share/doc/openssl/html/man3/EVP_ripemd160.html
install doc/html/man3/EVP_seed_cbc.html -> /c/ap13-dcb/native-msys-crypto-packages-03/work/openssl-doc-stage/usr/share/doc/openssl/html/man3/EVP_seed_cbc.html
install doc/html/man3/EVP_set_default_properties.html -> /c/ap13-dcb/native-msys-crypto-packages-03/work/openssl-doc-stage/usr/share/doc/openssl/html/man3/EVP_set_default_properties.html
install doc/html/man3/EVP_sha1.html -> /c/ap13-dcb/native-msys-crypto-packages-03/work/openssl-doc-stage/usr/share/doc/openssl/html/man3/EVP_sha1.html
install doc/html/man3/EVP_sha224.html -> /c/ap13-dcb/native-msys-crypto-packages-03/work/openssl-doc-stage/usr/share/doc/openssl/html/man3/EVP_sha224.html
install doc/html/man3/EVP_sha3_224.html -> /c/ap13-dcb/native-msys-crypto-packages-03/work/openssl-doc-stage/usr/share/doc/openssl/html/man3/EVP_sha3_224.html
install doc/html/man3/EVP_sm3.html -> /c/ap13-dcb/native-msys-crypto-packages-03/work/openssl-doc-stage/usr/share/doc/openssl/html/man3/EVP_sm3.html
install doc/html/man3/EVP_sm4_cbc.html -> /c/ap13-dcb/native-msys-crypto-packages-03/work/openssl-doc-stage/usr/share/doc/openssl/html/man3/EVP_sm4_cbc.html
install doc/html/man3/EVP_whirlpool.html -> /c/ap13-dcb/native-msys-crypto-packages-03/work/openssl-doc-stage/usr/share/doc/openssl/html/man3/EVP_whirlpool.html
install doc/html/man3/GENERAL_NAME.html -> /c/ap13-dcb/native-msys-crypto-packages-03/work/openssl-doc-stage/usr/share/doc/openssl/html/man3/GENERAL_NAME.html
install doc/html/man3/HMAC.html -> /c/ap13-dcb/native-msys-crypto-packages-03/work/openssl-doc-stage/usr/share/doc/openssl/html/man3/HMAC.html
install doc/html/man3/MD5.html -> /c/ap13-dcb/native-msys-crypto-packages-03/work/openssl-doc-stage/usr/share/doc/openssl/html/man3/MD5.html
install doc/html/man3/MDC2_Init.html -> /c/ap13-dcb/native-msys-crypto-packages-03/work/openssl-doc-stage/usr/share/doc/openssl/html/man3/MDC2_Init.html
install doc/html/man3/NAME_CONSTRAINTS_check.html -> /c/ap13-dcb/native-msys-crypto-packages-03/work/openssl-doc-stage/usr/share/doc/openssl/html/man3/NAME_CONSTRAINTS_check.html
install doc/html/man3/NCONF_new_ex.html -> /c/ap13-dcb/native-msys-crypto-packages-03/work/openssl-doc-stage/usr/share/doc/openssl/html/man3/NCONF_new_ex.html
install doc/html/man3/OBJ_nid2obj.html -> /c/ap13-dcb/native-msys-crypto-packages-03/work/openssl-doc-stage/usr/share/doc/openssl/html/man3/OBJ_nid2obj.html
install doc/html/man3/OCSP_REQUEST_new.html -> /c/ap13-dcb/native-msys-crypto-packages-03/work/openssl-doc-stage/usr/share/doc/openssl/html/man3/OCSP_REQUEST_new.html
install doc/html/man3/OCSP_cert_to_id.html -> /c/ap13-dcb/native-msys-crypto-packages-03/work/openssl-doc-stage/usr/share/doc/openssl/html/man3/OCSP_cert_to_id.html
install doc/html/man3/OCSP_request_add1_nonce.html -> /c/ap13-dcb/native-msys-crypto-packages-03/work/openssl-doc-stage/usr/share/doc/openssl/html/man3/OCSP_request_add1_nonce.html
install doc/html/man3/OCSP_resp_find_status.html -> /c/ap13-dcb/native-msys-crypto-packages-03/work/openssl-doc-stage/usr/share/doc/openssl/html/man3/OCSP_resp_find_status.html
install doc/html/man3/OCSP_response_status.html -> /c/ap13-dcb/native-msys-crypto-packages-03/work/openssl-doc-stage/usr/share/doc/openssl/html/man3/OCSP_response_status.html
install doc/html/man3/OCSP_sendreq_new.html -> /c/ap13-dcb/native-msys-crypto-packages-03/work/openssl-doc-stage/usr/share/doc/openssl/html/man3/OCSP_sendreq_new.html
install doc/html/man3/OPENSSL_Applink.html -> /c/ap13-dcb/native-msys-crypto-packages-03/work/openssl-doc-stage/usr/share/doc/openssl/html/man3/OPENSSL_Applink.html
install doc/html/man3/OPENSSL_FILE.html -> /c/ap13-dcb/native-msys-crypto-packages-03/work/openssl-doc-stage/usr/share/doc/openssl/html/man3/OPENSSL_FILE.html
install doc/html/man3/OPENSSL_LH_COMPFUNC.html -> /c/ap13-dcb/native-msys-crypto-packages-03/work/openssl-doc-stage/usr/share/doc/openssl/html/man3/OPENSSL_LH_COMPFUNC.html
install doc/html/man3/OPENSSL_LH_stats.html -> /c/ap13-dcb/native-msys-crypto-packages-03/work/openssl-doc-stage/usr/share/doc/openssl/html/man3/OPENSSL_LH_stats.html
install doc/html/man3/OPENSSL_armcap.html -> /c/ap13-dcb/native-msys-crypto-packages-03/work/openssl-doc-stage/usr/share/doc/openssl/html/man3/OPENSSL_armcap.html
install doc/html/man3/OPENSSL_config.html -> /c/ap13-dcb/native-msys-crypto-packages-03/work/openssl-doc-stage/usr/share/doc/openssl/html/man3/OPENSSL_config.html
install doc/html/man3/OPENSSL_fork_prepare.html -> /c/ap13-dcb/native-msys-crypto-packages-03/work/openssl-doc-stage/usr/share/doc/openssl/html/man3/OPENSSL_fork_prepare.html
install doc/html/man3/OPENSSL_gmtime.html -> /c/ap13-dcb/native-msys-crypto-packages-03/work/openssl-doc-stage/usr/share/doc/openssl/html/man3/OPENSSL_gmtime.html
install doc/html/man3/OPENSSL_hexchar2int.html -> /c/ap13-dcb/native-msys-crypto-packages-03/work/openssl-doc-stage/usr/share/doc/openssl/html/man3/OPENSSL_hexchar2int.html
install doc/html/man3/OPENSSL_ia32cap.html -> /c/ap13-dcb/native-msys-crypto-packages-03/work/openssl-doc-stage/usr/share/doc/openssl/html/man3/OPENSSL_ia32cap.html
install doc/html/man3/OPENSSL_init_crypto.html -> /c/ap13-dcb/native-msys-crypto-packages-03/work/openssl-doc-stage/usr/share/doc/openssl/html/man3/OPENSSL_init_crypto.html
install doc/html/man3/OPENSSL_init_ssl.html -> /c/ap13-dcb/native-msys-crypto-packages-03/work/openssl-doc-stage/usr/share/doc/openssl/html/man3/OPENSSL_init_ssl.html
install doc/html/man3/OPENSSL_instrument_bus.html -> /c/ap13-dcb/native-msys-crypto-packages-03/work/openssl-doc-stage/usr/share/doc/openssl/html/man3/OPENSSL_instrument_bus.html
install doc/html/man3/OPENSSL_load_builtin_modules.html -> /c/ap13-dcb/native-msys-crypto-packages-03/work/openssl-doc-stage/usr/share/doc/openssl/html/man3/OPENSSL_load_builtin_modules.html
install doc/html/man3/OPENSSL_load_u16_le.html -> /c/ap13-dcb/native-msys-crypto-packages-03/work/openssl-doc-stage/usr/share/doc/openssl/html/man3/OPENSSL_load_u16_le.html
install doc/html/man3/OPENSSL_malloc.html -> /c/ap13-dcb/native-msys-crypto-packages-03/work/openssl-doc-stage/usr/share/doc/openssl/html/man3/OPENSSL_malloc.html
install doc/html/man3/OPENSSL_ppccap.html -> /c/ap13-dcb/native-msys-crypto-packages-03/work/openssl-doc-stage/usr/share/doc/openssl/html/man3/OPENSSL_ppccap.html
install doc/html/man3/OPENSSL_riscvcap.html -> /c/ap13-dcb/native-msys-crypto-packages-03/work/openssl-doc-stage/usr/share/doc/openssl/html/man3/OPENSSL_riscvcap.html
install doc/html/man3/OPENSSL_s390xcap.html -> /c/ap13-dcb/native-msys-crypto-packages-03/work/openssl-doc-stage/usr/share/doc/openssl/html/man3/OPENSSL_s390xcap.html
install doc/html/man3/OPENSSL_secure_malloc.html -> /c/ap13-dcb/native-msys-crypto-packages-03/work/openssl-doc-stage/usr/share/doc/openssl/html/man3/OPENSSL_secure_malloc.html
install doc/html/man3/OPENSSL_strcasecmp.html -> /c/ap13-dcb/native-msys-crypto-packages-03/work/openssl-doc-stage/usr/share/doc/openssl/html/man3/OPENSSL_strcasecmp.html
install doc/html/man3/OSSL_ALGORITHM.html -> /c/ap13-dcb/native-msys-crypto-packages-03/work/openssl-doc-stage/usr/share/doc/openssl/html/man3/OSSL_ALGORITHM.html
install doc/html/man3/OSSL_CALLBACK.html -> /c/ap13-dcb/native-msys-crypto-packages-03/work/openssl-doc-stage/usr/share/doc/openssl/html/man3/OSSL_CALLBACK.html
install doc/html/man3/OSSL_CMP_ATAV_set0.html -> /c/ap13-dcb/native-msys-crypto-packages-03/work/openssl-doc-stage/usr/share/doc/openssl/html/man3/OSSL_CMP_ATAV_set0.html
install doc/html/man3/OSSL_CMP_CTX_new.html -> /c/ap13-dcb/native-msys-crypto-packages-03/work/openssl-doc-stage/usr/share/doc/openssl/html/man3/OSSL_CMP_CTX_new.html
install doc/html/man3/OSSL_CMP_HDR_get0_transactionID.html -> /c/ap13-dcb/native-msys-crypto-packages-03/work/openssl-doc-stage/usr/share/doc/openssl/html/man3/OSSL_CMP_HDR_get0_transactionID.html
install doc/html/man3/OSSL_CMP_ITAV_new_caCerts.html -> /c/ap13-dcb/native-msys-crypto-packages-03/work/openssl-doc-stage/usr/share/doc/openssl/html/man3/OSSL_CMP_ITAV_new_caCerts.html
install doc/html/man3/OSSL_CMP_ITAV_set0.html -> /c/ap13-dcb/native-msys-crypto-packages-03/work/openssl-doc-stage/usr/share/doc/openssl/html/man3/OSSL_CMP_ITAV_set0.html
install doc/html/man3/OSSL_CMP_MSG_get0_header.html -> /c/ap13-dcb/native-msys-crypto-packages-03/work/openssl-doc-stage/usr/share/doc/openssl/html/man3/OSSL_CMP_MSG_get0_header.html
install doc/html/man3/OSSL_CMP_MSG_http_perform.html -> /c/ap13-dcb/native-msys-crypto-packages-03/work/openssl-doc-stage/usr/share/doc/openssl/html/man3/OSSL_CMP_MSG_http_perform.html
install doc/html/man3/OSSL_CMP_SRV_CTX_new.html -> /c/ap13-dcb/native-msys-crypto-packages-03/work/openssl-doc-stage/usr/share/doc/openssl/html/man3/OSSL_CMP_SRV_CTX_new.html
install doc/html/man3/OSSL_CMP_STATUSINFO_new.html -> /c/ap13-dcb/native-msys-crypto-packages-03/work/openssl-doc-stage/usr/share/doc/openssl/html/man3/OSSL_CMP_STATUSINFO_new.html
install doc/html/man3/OSSL_CMP_exec_certreq.html -> /c/ap13-dcb/native-msys-crypto-packages-03/work/openssl-doc-stage/usr/share/doc/openssl/html/man3/OSSL_CMP_exec_certreq.html
install doc/html/man3/OSSL_CMP_log_open.html -> /c/ap13-dcb/native-msys-crypto-packages-03/work/openssl-doc-stage/usr/share/doc/openssl/html/man3/OSSL_CMP_log_open.html
install doc/html/man3/OSSL_CMP_validate_msg.html -> /c/ap13-dcb/native-msys-crypto-packages-03/work/openssl-doc-stage/usr/share/doc/openssl/html/man3/OSSL_CMP_validate_msg.html
install doc/html/man3/OSSL_CORE_MAKE_FUNC.html -> /c/ap13-dcb/native-msys-crypto-packages-03/work/openssl-doc-stage/usr/share/doc/openssl/html/man3/OSSL_CORE_MAKE_FUNC.html
install doc/html/man3/OSSL_CRMF_MSG_get0_tmpl.html -> /c/ap13-dcb/native-msys-crypto-packages-03/work/openssl-doc-stage/usr/share/doc/openssl/html/man3/OSSL_CRMF_MSG_get0_tmpl.html
install doc/html/man3/OSSL_CRMF_MSG_set0_validity.html -> /c/ap13-dcb/native-msys-crypto-packages-03/work/openssl-doc-stage/usr/share/doc/openssl/html/man3/OSSL_CRMF_MSG_set0_validity.html
install doc/html/man3/OSSL_CRMF_MSG_set1_regCtrl_regToken.html -> /c/ap13-dcb/native-msys-crypto-packages-03/work/openssl-doc-stage/usr/share/doc/openssl/html/man3/OSSL_CRMF_MSG_set1_regCtrl_regToken.html
install doc/html/man3/OSSL_CRMF_MSG_set1_regInfo_certReq.html -> /c/ap13-dcb/native-msys-crypto-packages-03/work/openssl-doc-stage/usr/share/doc/openssl/html/man3/OSSL_CRMF_MSG_set1_regInfo_certReq.html
install doc/html/man3/OSSL_CRMF_pbmp_new.html -> /c/ap13-dcb/native-msys-crypto-packages-03/work/openssl-doc-stage/usr/share/doc/openssl/html/man3/OSSL_CRMF_pbmp_new.html
install doc/html/man3/OSSL_DECODER.html -> /c/ap13-dcb/native-msys-crypto-packages-03/work/openssl-doc-stage/usr/share/doc/openssl/html/man3/OSSL_DECODER.html
install doc/html/man3/OSSL_DECODER_CTX.html -> /c/ap13-dcb/native-msys-crypto-packages-03/work/openssl-doc-stage/usr/share/doc/openssl/html/man3/OSSL_DECODER_CTX.html
install doc/html/man3/OSSL_DECODER_CTX_new_for_pkey.html -> /c/ap13-dcb/native-msys-crypto-packages-03/work/openssl-doc-stage/usr/share/doc/openssl/html/man3/OSSL_DECODER_CTX_new_for_pkey.html
install doc/html/man3/OSSL_DECODER_from_bio.html -> /c/ap13-dcb/native-msys-crypto-packages-03/work/openssl-doc-stage/usr/share/doc/openssl/html/man3/OSSL_DECODER_from_bio.html
install doc/html/man3/OSSL_DISPATCH.html -> /c/ap13-dcb/native-msys-crypto-packages-03/work/openssl-doc-stage/usr/share/doc/openssl/html/man3/OSSL_DISPATCH.html
install doc/html/man3/OSSL_ENCODER.html -> /c/ap13-dcb/native-msys-crypto-packages-03/work/openssl-doc-stage/usr/share/doc/openssl/html/man3/OSSL_ENCODER.html
install doc/html/man3/OSSL_ENCODER_CTX.html -> /c/ap13-dcb/native-msys-crypto-packages-03/work/openssl-doc-stage/usr/share/doc/openssl/html/man3/OSSL_ENCODER_CTX.html
install doc/html/man3/OSSL_ENCODER_CTX_new_for_pkey.html -> /c/ap13-dcb/native-msys-crypto-packages-03/work/openssl-doc-stage/usr/share/doc/openssl/html/man3/OSSL_ENCODER_CTX_new_for_pkey.html
install doc/html/man3/OSSL_ENCODER_to_bio.html -> /c/ap13-dcb/native-msys-crypto-packages-03/work/openssl-doc-stage/usr/share/doc/openssl/html/man3/OSSL_ENCODER_to_bio.html
install doc/html/man3/OSSL_ERR_STATE_save.html -> /c/ap13-dcb/native-msys-crypto-packages-03/work/openssl-doc-stage/usr/share/doc/openssl/html/man3/OSSL_ERR_STATE_save.html
install doc/html/man3/OSSL_ESS_check_signing_certs.html -> /c/ap13-dcb/native-msys-crypto-packages-03/work/openssl-doc-stage/usr/share/doc/openssl/html/man3/OSSL_ESS_check_signing_certs.html
install doc/html/man3/OSSL_GENERAL_NAMES_print.html -> /c/ap13-dcb/native-msys-crypto-packages-03/work/openssl-doc-stage/usr/share/doc/openssl/html/man3/OSSL_GENERAL_NAMES_print.html
install doc/html/man3/OSSL_HPKE_CTX_new.html -> /c/ap13-dcb/native-msys-crypto-packages-03/work/openssl-doc-stage/usr/share/doc/openssl/html/man3/OSSL_HPKE_CTX_new.html
install doc/html/man3/OSSL_HTTP_REQ_CTX.html -> /c/ap13-dcb/native-msys-crypto-packages-03/work/openssl-doc-stage/usr/share/doc/openssl/html/man3/OSSL_HTTP_REQ_CTX.html
install doc/html/man3/OSSL_HTTP_parse_url.html -> /c/ap13-dcb/native-msys-crypto-packages-03/work/openssl-doc-stage/usr/share/doc/openssl/html/man3/OSSL_HTTP_parse_url.html
install doc/html/man3/OSSL_HTTP_transfer.html -> /c/ap13-dcb/native-msys-crypto-packages-03/work/openssl-doc-stage/usr/share/doc/openssl/html/man3/OSSL_HTTP_transfer.html
install doc/html/man3/OSSL_IETF_ATTR_SYNTAX.html -> /c/ap13-dcb/native-msys-crypto-packages-03/work/openssl-doc-stage/usr/share/doc/openssl/html/man3/OSSL_IETF_ATTR_SYNTAX.html
install doc/html/man3/OSSL_IETF_ATTR_SYNTAX_print.html -> /c/ap13-dcb/native-msys-crypto-packages-03/work/openssl-doc-stage/usr/share/doc/openssl/html/man3/OSSL_IETF_ATTR_SYNTAX_print.html
install doc/html/man3/OSSL_INDICATOR_set_callback.html -> /c/ap13-dcb/native-msys-crypto-packages-03/work/openssl-doc-stage/usr/share/doc/openssl/html/man3/OSSL_INDICATOR_set_callback.html
install doc/html/man3/OSSL_ITEM.html -> /c/ap13-dcb/native-msys-crypto-packages-03/work/openssl-doc-stage/usr/share/doc/openssl/html/man3/OSSL_ITEM.html
install doc/html/man3/OSSL_LIB_CTX.html -> /c/ap13-dcb/native-msys-crypto-packages-03/work/openssl-doc-stage/usr/share/doc/openssl/html/man3/OSSL_LIB_CTX.html
install doc/html/man3/OSSL_LIB_CTX_set_conf_diagnostics.html -> /c/ap13-dcb/native-msys-crypto-packages-03/work/openssl-doc-stage/usr/share/doc/openssl/html/man3/OSSL_LIB_CTX_set_conf_diagnostics.html
install doc/html/man3/OSSL_PARAM.html -> /c/ap13-dcb/native-msys-crypto-packages-03/work/openssl-doc-stage/usr/share/doc/openssl/html/man3/OSSL_PARAM.html
install doc/html/man3/OSSL_PARAM_BLD.html -> /c/ap13-dcb/native-msys-crypto-packages-03/work/openssl-doc-stage/usr/share/doc/openssl/html/man3/OSSL_PARAM_BLD.html
install doc/html/man3/OSSL_PARAM_allocate_from_text.html -> /c/ap13-dcb/native-msys-crypto-packages-03/work/openssl-doc-stage/usr/share/doc/openssl/html/man3/OSSL_PARAM_allocate_from_text.html
install doc/html/man3/OSSL_PARAM_dup.html -> /c/ap13-dcb/native-msys-crypto-packages-03/work/openssl-doc-stage/usr/share/doc/openssl/html/man3/OSSL_PARAM_dup.html
install doc/html/man3/OSSL_PARAM_int.html -> /c/ap13-dcb/native-msys-crypto-packages-03/work/openssl-doc-stage/usr/share/doc/openssl/html/man3/OSSL_PARAM_int.html
install doc/html/man3/OSSL_PARAM_print_to_bio.html -> /c/ap13-dcb/native-msys-crypto-packages-03/work/openssl-doc-stage/usr/share/doc/openssl/html/man3/OSSL_PARAM_print_to_bio.html
install doc/html/man3/OSSL_PROVIDER.html -> /c/ap13-dcb/native-msys-crypto-packages-03/work/openssl-doc-stage/usr/share/doc/openssl/html/man3/OSSL_PROVIDER.html
install doc/html/man3/OSSL_QUIC_client_method.html -> /c/ap13-dcb/native-msys-crypto-packages-03/work/openssl-doc-stage/usr/share/doc/openssl/html/man3/OSSL_QUIC_client_method.html
install doc/html/man3/OSSL_SELF_TEST_new.html -> /c/ap13-dcb/native-msys-crypto-packages-03/work/openssl-doc-stage/usr/share/doc/openssl/html/man3/OSSL_SELF_TEST_new.html
install doc/html/man3/OSSL_SELF_TEST_set_callback.html -> /c/ap13-dcb/native-msys-crypto-packages-03/work/openssl-doc-stage/usr/share/doc/openssl/html/man3/OSSL_SELF_TEST_set_callback.html
install doc/html/man3/OSSL_STORE_INFO.html -> /c/ap13-dcb/native-msys-crypto-packages-03/work/openssl-doc-stage/usr/share/doc/openssl/html/man3/OSSL_STORE_INFO.html
install doc/html/man3/OSSL_STORE_LOADER.html -> /c/ap13-dcb/native-msys-crypto-packages-03/work/openssl-doc-stage/usr/share/doc/openssl/html/man3/OSSL_STORE_LOADER.html
install doc/html/man3/OSSL_STORE_SEARCH.html -> /c/ap13-dcb/native-msys-crypto-packages-03/work/openssl-doc-stage/usr/share/doc/openssl/html/man3/OSSL_STORE_SEARCH.html
install doc/html/man3/OSSL_STORE_attach.html -> /c/ap13-dcb/native-msys-crypto-packages-03/work/openssl-doc-stage/usr/share/doc/openssl/html/man3/OSSL_STORE_attach.html
install doc/html/man3/OSSL_STORE_expect.html -> /c/ap13-dcb/native-msys-crypto-packages-03/work/openssl-doc-stage/usr/share/doc/openssl/html/man3/OSSL_STORE_expect.html
install doc/html/man3/OSSL_STORE_open.html -> /c/ap13-dcb/native-msys-crypto-packages-03/work/openssl-doc-stage/usr/share/doc/openssl/html/man3/OSSL_STORE_open.html
install doc/html/man3/OSSL_sleep.html -> /c/ap13-dcb/native-msys-crypto-packages-03/work/openssl-doc-stage/usr/share/doc/openssl/html/man3/OSSL_sleep.html
install doc/html/man3/OSSL_trace_enabled.html -> /c/ap13-dcb/native-msys-crypto-packages-03/work/openssl-doc-stage/usr/share/doc/openssl/html/man3/OSSL_trace_enabled.html
install doc/html/man3/OSSL_trace_get_category_num.html -> /c/ap13-dcb/native-msys-crypto-packages-03/work/openssl-doc-stage/usr/share/doc/openssl/html/man3/OSSL_trace_get_category_num.html
install doc/html/man3/OSSL_trace_set_channel.html -> /c/ap13-dcb/native-msys-crypto-packages-03/work/openssl-doc-stage/usr/share/doc/openssl/html/man3/OSSL_trace_set_channel.html
install doc/html/man3/OpenSSL_add_all_algorithms.html -> /c/ap13-dcb/native-msys-crypto-packages-03/work/openssl-doc-stage/usr/share/doc/openssl/html/man3/OpenSSL_add_all_algorithms.html
install doc/html/man3/OpenSSL_version.html -> /c/ap13-dcb/native-msys-crypto-packages-03/work/openssl-doc-stage/usr/share/doc/openssl/html/man3/OpenSSL_version.html
install doc/html/man3/PBMAC1_get1_pbkdf2_param.html -> /c/ap13-dcb/native-msys-crypto-packages-03/work/openssl-doc-stage/usr/share/doc/openssl/html/man3/PBMAC1_get1_pbkdf2_param.html
install doc/html/man3/PEM_X509_INFO_read_bio_ex.html -> /c/ap13-dcb/native-msys-crypto-packages-03/work/openssl-doc-stage/usr/share/doc/openssl/html/man3/PEM_X509_INFO_read_bio_ex.html
install doc/html/man3/PEM_bytes_read_bio.html -> /c/ap13-dcb/native-msys-crypto-packages-03/work/openssl-doc-stage/usr/share/doc/openssl/html/man3/PEM_bytes_read_bio.html
install doc/html/man3/PEM_read.html -> /c/ap13-dcb/native-msys-crypto-packages-03/work/openssl-doc-stage/usr/share/doc/openssl/html/man3/PEM_read.html
install doc/html/man3/PEM_read_CMS.html -> /c/ap13-dcb/native-msys-crypto-packages-03/work/openssl-doc-stage/usr/share/doc/openssl/html/man3/PEM_read_CMS.html
install doc/html/man3/PEM_read_bio_PrivateKey.html -> /c/ap13-dcb/native-msys-crypto-packages-03/work/openssl-doc-stage/usr/share/doc/openssl/html/man3/PEM_read_bio_PrivateKey.html
install doc/html/man3/PEM_read_bio_ex.html -> /c/ap13-dcb/native-msys-crypto-packages-03/work/openssl-doc-stage/usr/share/doc/openssl/html/man3/PEM_read_bio_ex.html
install doc/html/man3/PEM_write_bio_CMS_stream.html -> /c/ap13-dcb/native-msys-crypto-packages-03/work/openssl-doc-stage/usr/share/doc/openssl/html/man3/PEM_write_bio_CMS_stream.html
install doc/html/man3/PEM_write_bio_PKCS7_stream.html -> /c/ap13-dcb/native-msys-crypto-packages-03/work/openssl-doc-stage/usr/share/doc/openssl/html/man3/PEM_write_bio_PKCS7_stream.html
install doc/html/man3/PKCS12_PBE_keyivgen.html -> /c/ap13-dcb/native-msys-crypto-packages-03/work/openssl-doc-stage/usr/share/doc/openssl/html/man3/PKCS12_PBE_keyivgen.html
install doc/html/man3/PKCS12_SAFEBAG_create_cert.html -> /c/ap13-dcb/native-msys-crypto-packages-03/work/openssl-doc-stage/usr/share/doc/openssl/html/man3/PKCS12_SAFEBAG_create_cert.html
install doc/html/man3/PKCS12_SAFEBAG_get0_attrs.html -> /c/ap13-dcb/native-msys-crypto-packages-03/work/openssl-doc-stage/usr/share/doc/openssl/html/man3/PKCS12_SAFEBAG_get0_attrs.html
install doc/html/man3/PKCS12_SAFEBAG_get1_cert.html -> /c/ap13-dcb/native-msys-crypto-packages-03/work/openssl-doc-stage/usr/share/doc/openssl/html/man3/PKCS12_SAFEBAG_get1_cert.html
install doc/html/man3/PKCS12_SAFEBAG_set0_attrs.html -> /c/ap13-dcb/native-msys-crypto-packages-03/work/openssl-doc-stage/usr/share/doc/openssl/html/man3/PKCS12_SAFEBAG_set0_attrs.html
install doc/html/man3/PKCS12_add1_attr_by_NID.html -> /c/ap13-dcb/native-msys-crypto-packages-03/work/openssl-doc-stage/usr/share/doc/openssl/html/man3/PKCS12_add1_attr_by_NID.html
install doc/html/man3/PKCS12_add_CSPName_asc.html -> /c/ap13-dcb/native-msys-crypto-packages-03/work/openssl-doc-stage/usr/share/doc/openssl/html/man3/PKCS12_add_CSPName_asc.html
install doc/html/man3/PKCS12_add_cert.html -> /c/ap13-dcb/native-msys-crypto-packages-03/work/openssl-doc-stage/usr/share/doc/openssl/html/man3/PKCS12_add_cert.html
install doc/html/man3/PKCS12_add_friendlyname_asc.html -> /c/ap13-dcb/native-msys-crypto-packages-03/work/openssl-doc-stage/usr/share/doc/openssl/html/man3/PKCS12_add_friendlyname_asc.html
install doc/html/man3/PKCS12_add_localkeyid.html -> /c/ap13-dcb/native-msys-crypto-packages-03/work/openssl-doc-stage/usr/share/doc/openssl/html/man3/PKCS12_add_localkeyid.html
install doc/html/man3/PKCS12_add_safe.html -> /c/ap13-dcb/native-msys-crypto-packages-03/work/openssl-doc-stage/usr/share/doc/openssl/html/man3/PKCS12_add_safe.html
install doc/html/man3/PKCS12_create.html -> /c/ap13-dcb/native-msys-crypto-packages-03/work/openssl-doc-stage/usr/share/doc/openssl/html/man3/PKCS12_create.html
install doc/html/man3/PKCS12_decrypt_skey.html -> /c/ap13-dcb/native-msys-crypto-packages-03/work/openssl-doc-stage/usr/share/doc/openssl/html/man3/PKCS12_decrypt_skey.html
install doc/html/man3/PKCS12_gen_mac.html -> /c/ap13-dcb/native-msys-crypto-packages-03/work/openssl-doc-stage/usr/share/doc/openssl/html/man3/PKCS12_gen_mac.html
install doc/html/man3/PKCS12_get_friendlyname.html -> /c/ap13-dcb/native-msys-crypto-packages-03/work/openssl-doc-stage/usr/share/doc/openssl/html/man3/PKCS12_get_friendlyname.html
install doc/html/man3/PKCS12_init.html -> /c/ap13-dcb/native-msys-crypto-packages-03/work/openssl-doc-stage/usr/share/doc/openssl/html/man3/PKCS12_init.html
install doc/html/man3/PKCS12_item_decrypt_d2i.html -> /c/ap13-dcb/native-msys-crypto-packages-03/work/openssl-doc-stage/usr/share/doc/openssl/html/man3/PKCS12_item_decrypt_d2i.html
install doc/html/man3/PKCS12_key_gen_utf8_ex.html -> /c/ap13-dcb/native-msys-crypto-packages-03/work/openssl-doc-stage/usr/share/doc/openssl/html/man3/PKCS12_key_gen_utf8_ex.html
install doc/html/man3/PKCS12_newpass.html -> /c/ap13-dcb/native-msys-crypto-packages-03/work/openssl-doc-stage/usr/share/doc/openssl/html/man3/PKCS12_newpass.html
install doc/html/man3/PKCS12_pack_p7encdata.html -> /c/ap13-dcb/native-msys-crypto-packages-03/work/openssl-doc-stage/usr/share/doc/openssl/html/man3/PKCS12_pack_p7encdata.html
install doc/html/man3/PKCS12_parse.html -> /c/ap13-dcb/native-msys-crypto-packages-03/work/openssl-doc-stage/usr/share/doc/openssl/html/man3/PKCS12_parse.html
install doc/html/man3/PKCS5_PBE_keyivgen.html -> /c/ap13-dcb/native-msys-crypto-packages-03/work/openssl-doc-stage/usr/share/doc/openssl/html/man3/PKCS5_PBE_keyivgen.html
install doc/html/man3/PKCS5_PBKDF2_HMAC.html -> /c/ap13-dcb/native-msys-crypto-packages-03/work/openssl-doc-stage/usr/share/doc/openssl/html/man3/PKCS5_PBKDF2_HMAC.html
install doc/html/man3/PKCS7_decrypt.html -> /c/ap13-dcb/native-msys-crypto-packages-03/work/openssl-doc-stage/usr/share/doc/openssl/html/man3/PKCS7_decrypt.html
install doc/html/man3/PKCS7_encrypt.html -> /c/ap13-dcb/native-msys-crypto-packages-03/work/openssl-doc-stage/usr/share/doc/openssl/html/man3/PKCS7_encrypt.html
install doc/html/man3/PKCS7_get_octet_string.html -> /c/ap13-dcb/native-msys-crypto-packages-03/work/openssl-doc-stage/usr/share/doc/openssl/html/man3/PKCS7_get_octet_string.html
install doc/html/man3/PKCS7_sign.html -> /c/ap13-dcb/native-msys-crypto-packages-03/work/openssl-doc-stage/usr/share/doc/openssl/html/man3/PKCS7_sign.html
install doc/html/man3/PKCS7_sign_add_signer.html -> /c/ap13-dcb/native-msys-crypto-packages-03/work/openssl-doc-stage/usr/share/doc/openssl/html/man3/PKCS7_sign_add_signer.html
install doc/html/man3/PKCS7_type_is_other.html -> /c/ap13-dcb/native-msys-crypto-packages-03/work/openssl-doc-stage/usr/share/doc/openssl/html/man3/PKCS7_type_is_other.html
install doc/html/man3/PKCS7_verify.html -> /c/ap13-dcb/native-msys-crypto-packages-03/work/openssl-doc-stage/usr/share/doc/openssl/html/man3/PKCS7_verify.html
install doc/html/man3/PKCS8_encrypt.html -> /c/ap13-dcb/native-msys-crypto-packages-03/work/openssl-doc-stage/usr/share/doc/openssl/html/man3/PKCS8_encrypt.html
install doc/html/man3/PKCS8_pkey_add1_attr.html -> /c/ap13-dcb/native-msys-crypto-packages-03/work/openssl-doc-stage/usr/share/doc/openssl/html/man3/PKCS8_pkey_add1_attr.html
install doc/html/man3/RAND_add.html -> /c/ap13-dcb/native-msys-crypto-packages-03/work/openssl-doc-stage/usr/share/doc/openssl/html/man3/RAND_add.html
install doc/html/man3/RAND_bytes.html -> /c/ap13-dcb/native-msys-crypto-packages-03/work/openssl-doc-stage/usr/share/doc/openssl/html/man3/RAND_bytes.html
install doc/html/man3/RAND_cleanup.html -> /c/ap13-dcb/native-msys-crypto-packages-03/work/openssl-doc-stage/usr/share/doc/openssl/html/man3/RAND_cleanup.html
install doc/html/man3/RAND_egd.html -> /c/ap13-dcb/native-msys-crypto-packages-03/work/openssl-doc-stage/usr/share/doc/openssl/html/man3/RAND_egd.html
install doc/html/man3/RAND_get0_primary.html -> /c/ap13-dcb/native-msys-crypto-packages-03/work/openssl-doc-stage/usr/share/doc/openssl/html/man3/RAND_get0_primary.html
install doc/html/man3/RAND_load_file.html -> /c/ap13-dcb/native-msys-crypto-packages-03/work/openssl-doc-stage/usr/share/doc/openssl/html/man3/RAND_load_file.html
install doc/html/man3/RAND_set_DRBG_type.html -> /c/ap13-dcb/native-msys-crypto-packages-03/work/openssl-doc-stage/usr/share/doc/openssl/html/man3/RAND_set_DRBG_type.html
install doc/html/man3/RAND_set_rand_method.html -> /c/ap13-dcb/native-msys-crypto-packages-03/work/openssl-doc-stage/usr/share/doc/openssl/html/man3/RAND_set_rand_method.html
install doc/html/man3/RC4_set_key.html -> /c/ap13-dcb/native-msys-crypto-packages-03/work/openssl-doc-stage/usr/share/doc/openssl/html/man3/RC4_set_key.html
install doc/html/man3/RIPEMD160_Init.html -> /c/ap13-dcb/native-msys-crypto-packages-03/work/openssl-doc-stage/usr/share/doc/openssl/html/man3/RIPEMD160_Init.html
install doc/html/man3/RSA_blinding_on.html -> /c/ap13-dcb/native-msys-crypto-packages-03/work/openssl-doc-stage/usr/share/doc/openssl/html/man3/RSA_blinding_on.html
install doc/html/man3/RSA_check_key.html -> /c/ap13-dcb/native-msys-crypto-packages-03/work/openssl-doc-stage/usr/share/doc/openssl/html/man3/RSA_check_key.html
install doc/html/man3/RSA_generate_key.html -> /c/ap13-dcb/native-msys-crypto-packages-03/work/openssl-doc-stage/usr/share/doc/openssl/html/man3/RSA_generate_key.html
install doc/html/man3/RSA_get0_key.html -> /c/ap13-dcb/native-msys-crypto-packages-03/work/openssl-doc-stage/usr/share/doc/openssl/html/man3/RSA_get0_key.html
install doc/html/man3/RSA_meth_new.html -> /c/ap13-dcb/native-msys-crypto-packages-03/work/openssl-doc-stage/usr/share/doc/openssl/html/man3/RSA_meth_new.html
install doc/html/man3/RSA_new.html -> /c/ap13-dcb/native-msys-crypto-packages-03/work/openssl-doc-stage/usr/share/doc/openssl/html/man3/RSA_new.html
install doc/html/man3/RSA_padding_add_PKCS1_type_1.html -> /c/ap13-dcb/native-msys-crypto-packages-03/work/openssl-doc-stage/usr/share/doc/openssl/html/man3/RSA_padding_add_PKCS1_type_1.html
install doc/html/man3/RSA_print.html -> /c/ap13-dcb/native-msys-crypto-packages-03/work/openssl-doc-stage/usr/share/doc/openssl/html/man3/RSA_print.html
install doc/html/man3/RSA_private_encrypt.html -> /c/ap13-dcb/native-msys-crypto-packages-03/work/openssl-doc-stage/usr/share/doc/openssl/html/man3/RSA_private_encrypt.html
install doc/html/man3/RSA_public_encrypt.html -> /c/ap13-dcb/native-msys-crypto-packages-03/work/openssl-doc-stage/usr/share/doc/openssl/html/man3/RSA_public_encrypt.html
install doc/html/man3/RSA_set_method.html -> /c/ap13-dcb/native-msys-crypto-packages-03/work/openssl-doc-stage/usr/share/doc/openssl/html/man3/RSA_set_method.html
install doc/html/man3/RSA_sign.html -> /c/ap13-dcb/native-msys-crypto-packages-03/work/openssl-doc-stage/usr/share/doc/openssl/html/man3/RSA_sign.html
install doc/html/man3/RSA_sign_ASN1_OCTET_STRING.html -> /c/ap13-dcb/native-msys-crypto-packages-03/work/openssl-doc-stage/usr/share/doc/openssl/html/man3/RSA_sign_ASN1_OCTET_STRING.html
install doc/html/man3/RSA_size.html -> /c/ap13-dcb/native-msys-crypto-packages-03/work/openssl-doc-stage/usr/share/doc/openssl/html/man3/RSA_size.html
install doc/html/man3/SCT_new.html -> /c/ap13-dcb/native-msys-crypto-packages-03/work/openssl-doc-stage/usr/share/doc/openssl/html/man3/SCT_new.html
install doc/html/man3/SCT_print.html -> /c/ap13-dcb/native-msys-crypto-packages-03/work/openssl-doc-stage/usr/share/doc/openssl/html/man3/SCT_print.html
install doc/html/man3/SCT_validate.html -> /c/ap13-dcb/native-msys-crypto-packages-03/work/openssl-doc-stage/usr/share/doc/openssl/html/man3/SCT_validate.html
install doc/html/man3/SHA256_Init.html -> /c/ap13-dcb/native-msys-crypto-packages-03/work/openssl-doc-stage/usr/share/doc/openssl/html/man3/SHA256_Init.html
install doc/html/man3/SMIME_read_ASN1.html -> /c/ap13-dcb/native-msys-crypto-packages-03/work/openssl-doc-stage/usr/share/doc/openssl/html/man3/SMIME_read_ASN1.html
install doc/html/man3/SMIME_read_CMS.html -> /c/ap13-dcb/native-msys-crypto-packages-03/work/openssl-doc-stage/usr/share/doc/openssl/html/man3/SMIME_read_CMS.html
install doc/html/man3/SMIME_read_PKCS7.html -> /c/ap13-dcb/native-msys-crypto-packages-03/work/openssl-doc-stage/usr/share/doc/openssl/html/man3/SMIME_read_PKCS7.html
install doc/html/man3/SMIME_write_ASN1.html -> /c/ap13-dcb/native-msys-crypto-packages-03/work/openssl-doc-stage/usr/share/doc/openssl/html/man3/SMIME_write_ASN1.html
install doc/html/man3/SMIME_write_CMS.html -> /c/ap13-dcb/native-msys-crypto-packages-03/work/openssl-doc-stage/usr/share/doc/openssl/html/man3/SMIME_write_CMS.html
install doc/html/man3/SMIME_write_PKCS7.html -> /c/ap13-dcb/native-msys-crypto-packages-03/work/openssl-doc-stage/usr/share/doc/openssl/html/man3/SMIME_write_PKCS7.html
install doc/html/man3/SRP_Calc_B.html -> /c/ap13-dcb/native-msys-crypto-packages-03/work/openssl-doc-stage/usr/share/doc/openssl/html/man3/SRP_Calc_B.html
install doc/html/man3/SRP_VBASE_new.html -> /c/ap13-dcb/native-msys-crypto-packages-03/work/openssl-doc-stage/usr/share/doc/openssl/html/man3/SRP_VBASE_new.html
install doc/html/man3/SRP_create_verifier.html -> /c/ap13-dcb/native-msys-crypto-packages-03/work/openssl-doc-stage/usr/share/doc/openssl/html/man3/SRP_create_verifier.html
install doc/html/man3/SRP_user_pwd_new.html -> /c/ap13-dcb/native-msys-crypto-packages-03/work/openssl-doc-stage/usr/share/doc/openssl/html/man3/SRP_user_pwd_new.html
install doc/html/man3/SSL_CIPHER_get_name.html -> /c/ap13-dcb/native-msys-crypto-packages-03/work/openssl-doc-stage/usr/share/doc/openssl/html/man3/SSL_CIPHER_get_name.html
install doc/html/man3/SSL_COMP_add_compression_method.html -> /c/ap13-dcb/native-msys-crypto-packages-03/work/openssl-doc-stage/usr/share/doc/openssl/html/man3/SSL_COMP_add_compression_method.html
install doc/html/man3/SSL_CONF_CTX_new.html -> /c/ap13-dcb/native-msys-crypto-packages-03/work/openssl-doc-stage/usr/share/doc/openssl/html/man3/SSL_CONF_CTX_new.html
install doc/html/man3/SSL_CONF_CTX_set1_prefix.html -> /c/ap13-dcb/native-msys-crypto-packages-03/work/openssl-doc-stage/usr/share/doc/openssl/html/man3/SSL_CONF_CTX_set1_prefix.html
install doc/html/man3/SSL_CONF_CTX_set_flags.html -> /c/ap13-dcb/native-msys-crypto-packages-03/work/openssl-doc-stage/usr/share/doc/openssl/html/man3/SSL_CONF_CTX_set_flags.html
install doc/html/man3/SSL_CONF_CTX_set_ssl_ctx.html -> /c/ap13-dcb/native-msys-crypto-packages-03/work/openssl-doc-stage/usr/share/doc/openssl/html/man3/SSL_CONF_CTX_set_ssl_ctx.html
install doc/html/man3/SSL_CONF_cmd.html -> /c/ap13-dcb/native-msys-crypto-packages-03/work/openssl-doc-stage/usr/share/doc/openssl/html/man3/SSL_CONF_cmd.html
install doc/html/man3/SSL_CONF_cmd_argv.html -> /c/ap13-dcb/native-msys-crypto-packages-03/work/openssl-doc-stage/usr/share/doc/openssl/html/man3/SSL_CONF_cmd_argv.html
install doc/html/man3/SSL_CTX_add1_chain_cert.html -> /c/ap13-dcb/native-msys-crypto-packages-03/work/openssl-doc-stage/usr/share/doc/openssl/html/man3/SSL_CTX_add1_chain_cert.html
install doc/html/man3/SSL_CTX_add_extra_chain_cert.html -> /c/ap13-dcb/native-msys-crypto-packages-03/work/openssl-doc-stage/usr/share/doc/openssl/html/man3/SSL_CTX_add_extra_chain_cert.html
install doc/html/man3/SSL_CTX_add_session.html -> /c/ap13-dcb/native-msys-crypto-packages-03/work/openssl-doc-stage/usr/share/doc/openssl/html/man3/SSL_CTX_add_session.html
install doc/html/man3/SSL_CTX_config.html -> /c/ap13-dcb/native-msys-crypto-packages-03/work/openssl-doc-stage/usr/share/doc/openssl/html/man3/SSL_CTX_config.html
install doc/html/man3/SSL_CTX_ctrl.html -> /c/ap13-dcb/native-msys-crypto-packages-03/work/openssl-doc-stage/usr/share/doc/openssl/html/man3/SSL_CTX_ctrl.html
install doc/html/man3/SSL_CTX_dane_enable.html -> /c/ap13-dcb/native-msys-crypto-packages-03/work/openssl-doc-stage/usr/share/doc/openssl/html/man3/SSL_CTX_dane_enable.html
install doc/html/man3/SSL_CTX_flush_sessions.html -> /c/ap13-dcb/native-msys-crypto-packages-03/work/openssl-doc-stage/usr/share/doc/openssl/html/man3/SSL_CTX_flush_sessions.html
install doc/html/man3/SSL_CTX_free.html -> /c/ap13-dcb/native-msys-crypto-packages-03/work/openssl-doc-stage/usr/share/doc/openssl/html/man3/SSL_CTX_free.html
install doc/html/man3/SSL_CTX_get0_param.html -> /c/ap13-dcb/native-msys-crypto-packages-03/work/openssl-doc-stage/usr/share/doc/openssl/html/man3/SSL_CTX_get0_param.html
install doc/html/man3/SSL_CTX_get_verify_mode.html -> /c/ap13-dcb/native-msys-crypto-packages-03/work/openssl-doc-stage/usr/share/doc/openssl/html/man3/SSL_CTX_get_verify_mode.html
install doc/html/man3/SSL_CTX_has_client_custom_ext.html -> /c/ap13-dcb/native-msys-crypto-packages-03/work/openssl-doc-stage/usr/share/doc/openssl/html/man3/SSL_CTX_has_client_custom_ext.html
install doc/html/man3/SSL_CTX_load_verify_locations.html -> /c/ap13-dcb/native-msys-crypto-packages-03/work/openssl-doc-stage/usr/share/doc/openssl/html/man3/SSL_CTX_load_verify_locations.html
install doc/html/man3/SSL_CTX_new.html -> /c/ap13-dcb/native-msys-crypto-packages-03/work/openssl-doc-stage/usr/share/doc/openssl/html/man3/SSL_CTX_new.html
install doc/html/man3/SSL_CTX_sess_number.html -> /c/ap13-dcb/native-msys-crypto-packages-03/work/openssl-doc-stage/usr/share/doc/openssl/html/man3/SSL_CTX_sess_number.html
install doc/html/man3/SSL_CTX_sess_set_cache_size.html -> /c/ap13-dcb/native-msys-crypto-packages-03/work/openssl-doc-stage/usr/share/doc/openssl/html/man3/SSL_CTX_sess_set_cache_size.html
install doc/html/man3/SSL_CTX_sess_set_get_cb.html -> /c/ap13-dcb/native-msys-crypto-packages-03/work/openssl-doc-stage/usr/share/doc/openssl/html/man3/SSL_CTX_sess_set_get_cb.html
install doc/html/man3/SSL_CTX_sessions.html -> /c/ap13-dcb/native-msys-crypto-packages-03/work/openssl-doc-stage/usr/share/doc/openssl/html/man3/SSL_CTX_sessions.html
install doc/html/man3/SSL_CTX_set0_CA_list.html -> /c/ap13-dcb/native-msys-crypto-packages-03/work/openssl-doc-stage/usr/share/doc/openssl/html/man3/SSL_CTX_set0_CA_list.html
install doc/html/man3/SSL_CTX_set1_cert_comp_preference.html -> /c/ap13-dcb/native-msys-crypto-packages-03/work/openssl-doc-stage/usr/share/doc/openssl/html/man3/SSL_CTX_set1_cert_comp_preference.html
install doc/html/man3/SSL_CTX_set1_curves.html -> /c/ap13-dcb/native-msys-crypto-packages-03/work/openssl-doc-stage/usr/share/doc/openssl/html/man3/SSL_CTX_set1_curves.html
install doc/html/man3/SSL_CTX_set1_sigalgs.html -> /c/ap13-dcb/native-msys-crypto-packages-03/work/openssl-doc-stage/usr/share/doc/openssl/html/man3/SSL_CTX_set1_sigalgs.html
install doc/html/man3/SSL_CTX_set1_verify_cert_store.html -> /c/ap13-dcb/native-msys-crypto-packages-03/work/openssl-doc-stage/usr/share/doc/openssl/html/man3/SSL_CTX_set1_verify_cert_store.html
install doc/html/man3/SSL_CTX_set_alpn_select_cb.html -> /c/ap13-dcb/native-msys-crypto-packages-03/work/openssl-doc-stage/usr/share/doc/openssl/html/man3/SSL_CTX_set_alpn_select_cb.html
install doc/html/man3/SSL_CTX_set_cert_cb.html -> /c/ap13-dcb/native-msys-crypto-packages-03/work/openssl-doc-stage/usr/share/doc/openssl/html/man3/SSL_CTX_set_cert_cb.html
install doc/html/man3/SSL_CTX_set_cert_store.html -> /c/ap13-dcb/native-msys-crypto-packages-03/work/openssl-doc-stage/usr/share/doc/openssl/html/man3/SSL_CTX_set_cert_store.html
install doc/html/man3/SSL_CTX_set_cert_verify_callback.html -> /c/ap13-dcb/native-msys-crypto-packages-03/work/openssl-doc-stage/usr/share/doc/openssl/html/man3/SSL_CTX_set_cert_verify_callback.html
install doc/html/man3/SSL_CTX_set_cipher_list.html -> /c/ap13-dcb/native-msys-crypto-packages-03/work/openssl-doc-stage/usr/share/doc/openssl/html/man3/SSL_CTX_set_cipher_list.html
install doc/html/man3/SSL_CTX_set_client_cert_cb.html -> /c/ap13-dcb/native-msys-crypto-packages-03/work/openssl-doc-stage/usr/share/doc/openssl/html/man3/SSL_CTX_set_client_cert_cb.html
install doc/html/man3/SSL_CTX_set_client_hello_cb.html -> /c/ap13-dcb/native-msys-crypto-packages-03/work/openssl-doc-stage/usr/share/doc/openssl/html/man3/SSL_CTX_set_client_hello_cb.html
install doc/html/man3/SSL_CTX_set_ct_validation_callback.html -> /c/ap13-dcb/native-msys-crypto-packages-03/work/openssl-doc-stage/usr/share/doc/openssl/html/man3/SSL_CTX_set_ct_validation_callback.html
install doc/html/man3/SSL_CTX_set_ctlog_list_file.html -> /c/ap13-dcb/native-msys-crypto-packages-03/work/openssl-doc-stage/usr/share/doc/openssl/html/man3/SSL_CTX_set_ctlog_list_file.html
install doc/html/man3/SSL_CTX_set_default_passwd_cb.html -> /c/ap13-dcb/native-msys-crypto-packages-03/work/openssl-doc-stage/usr/share/doc/openssl/html/man3/SSL_CTX_set_default_passwd_cb.html
install doc/html/man3/SSL_CTX_set_domain_flags.html -> /c/ap13-dcb/native-msys-crypto-packages-03/work/openssl-doc-stage/usr/share/doc/openssl/html/man3/SSL_CTX_set_domain_flags.html
install doc/html/man3/SSL_CTX_set_generate_session_id.html -> /c/ap13-dcb/native-msys-crypto-packages-03/work/openssl-doc-stage/usr/share/doc/openssl/html/man3/SSL_CTX_set_generate_session_id.html
install doc/html/man3/SSL_CTX_set_info_callback.html -> /c/ap13-dcb/native-msys-crypto-packages-03/work/openssl-doc-stage/usr/share/doc/openssl/html/man3/SSL_CTX_set_info_callback.html
install doc/html/man3/SSL_CTX_set_keylog_callback.html -> /c/ap13-dcb/native-msys-crypto-packages-03/work/openssl-doc-stage/usr/share/doc/openssl/html/man3/SSL_CTX_set_keylog_callback.html
install doc/html/man3/SSL_CTX_set_max_cert_list.html -> /c/ap13-dcb/native-msys-crypto-packages-03/work/openssl-doc-stage/usr/share/doc/openssl/html/man3/SSL_CTX_set_max_cert_list.html
install doc/html/man3/SSL_CTX_set_min_proto_version.html -> /c/ap13-dcb/native-msys-crypto-packages-03/work/openssl-doc-stage/usr/share/doc/openssl/html/man3/SSL_CTX_set_min_proto_version.html
install doc/html/man3/SSL_CTX_set_mode.html -> /c/ap13-dcb/native-msys-crypto-packages-03/work/openssl-doc-stage/usr/share/doc/openssl/html/man3/SSL_CTX_set_mode.html
install doc/html/man3/SSL_CTX_set_msg_callback.html -> /c/ap13-dcb/native-msys-crypto-packages-03/work/openssl-doc-stage/usr/share/doc/openssl/html/man3/SSL_CTX_set_msg_callback.html
install doc/html/man3/SSL_CTX_set_new_pending_conn_cb.html -> /c/ap13-dcb/native-msys-crypto-packages-03/work/openssl-doc-stage/usr/share/doc/openssl/html/man3/SSL_CTX_set_new_pending_conn_cb.html
install doc/html/man3/SSL_CTX_set_num_tickets.html -> /c/ap13-dcb/native-msys-crypto-packages-03/work/openssl-doc-stage/usr/share/doc/openssl/html/man3/SSL_CTX_set_num_tickets.html
install doc/html/man3/SSL_CTX_set_options.html -> /c/ap13-dcb/native-msys-crypto-packages-03/work/openssl-doc-stage/usr/share/doc/openssl/html/man3/SSL_CTX_set_options.html
install doc/html/man3/SSL_CTX_set_psk_client_callback.html -> /c/ap13-dcb/native-msys-crypto-packages-03/work/openssl-doc-stage/usr/share/doc/openssl/html/man3/SSL_CTX_set_psk_client_callback.html
install doc/html/man3/SSL_CTX_set_quiet_shutdown.html -> /c/ap13-dcb/native-msys-crypto-packages-03/work/openssl-doc-stage/usr/share/doc/openssl/html/man3/SSL_CTX_set_quiet_shutdown.html
install doc/html/man3/SSL_CTX_set_read_ahead.html -> /c/ap13-dcb/native-msys-crypto-packages-03/work/openssl-doc-stage/usr/share/doc/openssl/html/man3/SSL_CTX_set_read_ahead.html
install doc/html/man3/SSL_CTX_set_record_padding_callback.html -> /c/ap13-dcb/native-msys-crypto-packages-03/work/openssl-doc-stage/usr/share/doc/openssl/html/man3/SSL_CTX_set_record_padding_callback.html
install doc/html/man3/SSL_CTX_set_security_level.html -> /c/ap13-dcb/native-msys-crypto-packages-03/work/openssl-doc-stage/usr/share/doc/openssl/html/man3/SSL_CTX_set_security_level.html
install doc/html/man3/SSL_CTX_set_session_cache_mode.html -> /c/ap13-dcb/native-msys-crypto-packages-03/work/openssl-doc-stage/usr/share/doc/openssl/html/man3/SSL_CTX_set_session_cache_mode.html
install doc/html/man3/SSL_CTX_set_session_id_context.html -> /c/ap13-dcb/native-msys-crypto-packages-03/work/openssl-doc-stage/usr/share/doc/openssl/html/man3/SSL_CTX_set_session_id_context.html
install doc/html/man3/SSL_CTX_set_session_ticket_cb.html -> /c/ap13-dcb/native-msys-crypto-packages-03/work/openssl-doc-stage/usr/share/doc/openssl/html/man3/SSL_CTX_set_session_ticket_cb.html
install doc/html/man3/SSL_CTX_set_split_send_fragment.html -> /c/ap13-dcb/native-msys-crypto-packages-03/work/openssl-doc-stage/usr/share/doc/openssl/html/man3/SSL_CTX_set_split_send_fragment.html
install doc/html/man3/SSL_CTX_set_srp_password.html -> /c/ap13-dcb/native-msys-crypto-packages-03/work/openssl-doc-stage/usr/share/doc/openssl/html/man3/SSL_CTX_set_srp_password.html
install doc/html/man3/SSL_CTX_set_ssl_version.html -> /c/ap13-dcb/native-msys-crypto-packages-03/work/openssl-doc-stage/usr/share/doc/openssl/html/man3/SSL_CTX_set_ssl_version.html
install doc/html/man3/SSL_CTX_set_stateless_cookie_generate_cb.html -> /c/ap13-dcb/native-msys-crypto-packages-03/work/openssl-doc-stage/usr/share/doc/openssl/html/man3/SSL_CTX_set_stateless_cookie_generate_cb.html
install doc/html/man3/SSL_CTX_set_timeout.html -> /c/ap13-dcb/native-msys-crypto-packages-03/work/openssl-doc-stage/usr/share/doc/openssl/html/man3/SSL_CTX_set_timeout.html
install doc/html/man3/SSL_CTX_set_tlsext_servername_callback.html -> /c/ap13-dcb/native-msys-crypto-packages-03/work/openssl-doc-stage/usr/share/doc/openssl/html/man3/SSL_CTX_set_tlsext_servername_callback.html
install doc/html/man3/SSL_CTX_set_tlsext_status_cb.html -> /c/ap13-dcb/native-msys-crypto-packages-03/work/openssl-doc-stage/usr/share/doc/openssl/html/man3/SSL_CTX_set_tlsext_status_cb.html
install doc/html/man3/SSL_CTX_set_tlsext_ticket_key_cb.html -> /c/ap13-dcb/native-msys-crypto-packages-03/work/openssl-doc-stage/usr/share/doc/openssl/html/man3/SSL_CTX_set_tlsext_ticket_key_cb.html
install doc/html/man3/SSL_CTX_set_tlsext_use_srtp.html -> /c/ap13-dcb/native-msys-crypto-packages-03/work/openssl-doc-stage/usr/share/doc/openssl/html/man3/SSL_CTX_set_tlsext_use_srtp.html
install doc/html/man3/SSL_CTX_set_tmp_dh_callback.html -> /c/ap13-dcb/native-msys-crypto-packages-03/work/openssl-doc-stage/usr/share/doc/openssl/html/man3/SSL_CTX_set_tmp_dh_callback.html
install doc/html/man3/SSL_CTX_set_tmp_ecdh.html -> /c/ap13-dcb/native-msys-crypto-packages-03/work/openssl-doc-stage/usr/share/doc/openssl/html/man3/SSL_CTX_set_tmp_ecdh.html
install doc/html/man3/SSL_CTX_set_verify.html -> /c/ap13-dcb/native-msys-crypto-packages-03/work/openssl-doc-stage/usr/share/doc/openssl/html/man3/SSL_CTX_set_verify.html
install doc/html/man3/SSL_CTX_use_certificate.html -> /c/ap13-dcb/native-msys-crypto-packages-03/work/openssl-doc-stage/usr/share/doc/openssl/html/man3/SSL_CTX_use_certificate.html
install doc/html/man3/SSL_CTX_use_psk_identity_hint.html -> /c/ap13-dcb/native-msys-crypto-packages-03/work/openssl-doc-stage/usr/share/doc/openssl/html/man3/SSL_CTX_use_psk_identity_hint.html
install doc/html/man3/SSL_CTX_use_serverinfo.html -> /c/ap13-dcb/native-msys-crypto-packages-03/work/openssl-doc-stage/usr/share/doc/openssl/html/man3/SSL_CTX_use_serverinfo.html
install doc/html/man3/SSL_SESSION_free.html -> /c/ap13-dcb/native-msys-crypto-packages-03/work/openssl-doc-stage/usr/share/doc/openssl/html/man3/SSL_SESSION_free.html
install doc/html/man3/SSL_SESSION_get0_cipher.html -> /c/ap13-dcb/native-msys-crypto-packages-03/work/openssl-doc-stage/usr/share/doc/openssl/html/man3/SSL_SESSION_get0_cipher.html
install doc/html/man3/SSL_SESSION_get0_hostname.html -> /c/ap13-dcb/native-msys-crypto-packages-03/work/openssl-doc-stage/usr/share/doc/openssl/html/man3/SSL_SESSION_get0_hostname.html
install doc/html/man3/SSL_SESSION_get0_id_context.html -> /c/ap13-dcb/native-msys-crypto-packages-03/work/openssl-doc-stage/usr/share/doc/openssl/html/man3/SSL_SESSION_get0_id_context.html
install doc/html/man3/SSL_SESSION_get0_peer.html -> /c/ap13-dcb/native-msys-crypto-packages-03/work/openssl-doc-stage/usr/share/doc/openssl/html/man3/SSL_SESSION_get0_peer.html
install doc/html/man3/SSL_SESSION_get_compress_id.html -> /c/ap13-dcb/native-msys-crypto-packages-03/work/openssl-doc-stage/usr/share/doc/openssl/html/man3/SSL_SESSION_get_compress_id.html
install doc/html/man3/SSL_SESSION_get_protocol_version.html -> /c/ap13-dcb/native-msys-crypto-packages-03/work/openssl-doc-stage/usr/share/doc/openssl/html/man3/SSL_SESSION_get_protocol_version.html
install doc/html/man3/SSL_SESSION_get_time.html -> /c/ap13-dcb/native-msys-crypto-packages-03/work/openssl-doc-stage/usr/share/doc/openssl/html/man3/SSL_SESSION_get_time.html
install doc/html/man3/SSL_SESSION_has_ticket.html -> /c/ap13-dcb/native-msys-crypto-packages-03/work/openssl-doc-stage/usr/share/doc/openssl/html/man3/SSL_SESSION_has_ticket.html
install doc/html/man3/SSL_SESSION_is_resumable.html -> /c/ap13-dcb/native-msys-crypto-packages-03/work/openssl-doc-stage/usr/share/doc/openssl/html/man3/SSL_SESSION_is_resumable.html
install doc/html/man3/SSL_SESSION_print.html -> /c/ap13-dcb/native-msys-crypto-packages-03/work/openssl-doc-stage/usr/share/doc/openssl/html/man3/SSL_SESSION_print.html
install doc/html/man3/SSL_SESSION_set1_id.html -> /c/ap13-dcb/native-msys-crypto-packages-03/work/openssl-doc-stage/usr/share/doc/openssl/html/man3/SSL_SESSION_set1_id.html
install doc/html/man3/SSL_accept.html -> /c/ap13-dcb/native-msys-crypto-packages-03/work/openssl-doc-stage/usr/share/doc/openssl/html/man3/SSL_accept.html
install doc/html/man3/SSL_accept_stream.html -> /c/ap13-dcb/native-msys-crypto-packages-03/work/openssl-doc-stage/usr/share/doc/openssl/html/man3/SSL_accept_stream.html
install doc/html/man3/SSL_alert_type_string.html -> /c/ap13-dcb/native-msys-crypto-packages-03/work/openssl-doc-stage/usr/share/doc/openssl/html/man3/SSL_alert_type_string.html
install doc/html/man3/SSL_alloc_buffers.html -> /c/ap13-dcb/native-msys-crypto-packages-03/work/openssl-doc-stage/usr/share/doc/openssl/html/man3/SSL_alloc_buffers.html
install doc/html/man3/SSL_check_chain.html -> /c/ap13-dcb/native-msys-crypto-packages-03/work/openssl-doc-stage/usr/share/doc/openssl/html/man3/SSL_check_chain.html
install doc/html/man3/SSL_clear.html -> /c/ap13-dcb/native-msys-crypto-packages-03/work/openssl-doc-stage/usr/share/doc/openssl/html/man3/SSL_clear.html
install doc/html/man3/SSL_connect.html -> /c/ap13-dcb/native-msys-crypto-packages-03/work/openssl-doc-stage/usr/share/doc/openssl/html/man3/SSL_connect.html
install doc/html/man3/SSL_do_handshake.html -> /c/ap13-dcb/native-msys-crypto-packages-03/work/openssl-doc-stage/usr/share/doc/openssl/html/man3/SSL_do_handshake.html
install doc/html/man3/SSL_export_keying_material.html -> /c/ap13-dcb/native-msys-crypto-packages-03/work/openssl-doc-stage/usr/share/doc/openssl/html/man3/SSL_export_keying_material.html
install doc/html/man3/SSL_extension_supported.html -> /c/ap13-dcb/native-msys-crypto-packages-03/work/openssl-doc-stage/usr/share/doc/openssl/html/man3/SSL_extension_supported.html
install doc/html/man3/SSL_free.html -> /c/ap13-dcb/native-msys-crypto-packages-03/work/openssl-doc-stage/usr/share/doc/openssl/html/man3/SSL_free.html
install doc/html/man3/SSL_get0_connection.html -> /c/ap13-dcb/native-msys-crypto-packages-03/work/openssl-doc-stage/usr/share/doc/openssl/html/man3/SSL_get0_connection.html
install doc/html/man3/SSL_get0_group_name.html -> /c/ap13-dcb/native-msys-crypto-packages-03/work/openssl-doc-stage/usr/share/doc/openssl/html/man3/SSL_get0_group_name.html
install doc/html/man3/SSL_get0_peer_rpk.html -> /c/ap13-dcb/native-msys-crypto-packages-03/work/openssl-doc-stage/usr/share/doc/openssl/html/man3/SSL_get0_peer_rpk.html
install doc/html/man3/SSL_get0_peer_scts.html -> /c/ap13-dcb/native-msys-crypto-packages-03/work/openssl-doc-stage/usr/share/doc/openssl/html/man3/SSL_get0_peer_scts.html
install doc/html/man3/SSL_get1_builtin_sigalgs.html -> /c/ap13-dcb/native-msys-crypto-packages-03/work/openssl-doc-stage/usr/share/doc/openssl/html/man3/SSL_get1_builtin_sigalgs.html
install doc/html/man3/SSL_get_SSL_CTX.html -> /c/ap13-dcb/native-msys-crypto-packages-03/work/openssl-doc-stage/usr/share/doc/openssl/html/man3/SSL_get_SSL_CTX.html
install doc/html/man3/SSL_get_all_async_fds.html -> /c/ap13-dcb/native-msys-crypto-packages-03/work/openssl-doc-stage/usr/share/doc/openssl/html/man3/SSL_get_all_async_fds.html
install doc/html/man3/SSL_get_certificate.html -> /c/ap13-dcb/native-msys-crypto-packages-03/work/openssl-doc-stage/usr/share/doc/openssl/html/man3/SSL_get_certificate.html
install doc/html/man3/SSL_get_ciphers.html -> /c/ap13-dcb/native-msys-crypto-packages-03/work/openssl-doc-stage/usr/share/doc/openssl/html/man3/SSL_get_ciphers.html
install doc/html/man3/SSL_get_client_random.html -> /c/ap13-dcb/native-msys-crypto-packages-03/work/openssl-doc-stage/usr/share/doc/openssl/html/man3/SSL_get_client_random.html
install doc/html/man3/SSL_get_conn_close_info.html -> /c/ap13-dcb/native-msys-crypto-packages-03/work/openssl-doc-stage/usr/share/doc/openssl/html/man3/SSL_get_conn_close_info.html
install doc/html/man3/SSL_get_current_cipher.html -> /c/ap13-dcb/native-msys-crypto-packages-03/work/openssl-doc-stage/usr/share/doc/openssl/html/man3/SSL_get_current_cipher.html
install doc/html/man3/SSL_get_default_timeout.html -> /c/ap13-dcb/native-msys-crypto-packages-03/work/openssl-doc-stage/usr/share/doc/openssl/html/man3/SSL_get_default_timeout.html
install doc/html/man3/SSL_get_error.html -> /c/ap13-dcb/native-msys-crypto-packages-03/work/openssl-doc-stage/usr/share/doc/openssl/html/man3/SSL_get_error.html
install doc/html/man3/SSL_get_event_timeout.html -> /c/ap13-dcb/native-msys-crypto-packages-03/work/openssl-doc-stage/usr/share/doc/openssl/html/man3/SSL_get_event_timeout.html
install doc/html/man3/SSL_get_extms_support.html -> /c/ap13-dcb/native-msys-crypto-packages-03/work/openssl-doc-stage/usr/share/doc/openssl/html/man3/SSL_get_extms_support.html
install doc/html/man3/SSL_get_fd.html -> /c/ap13-dcb/native-msys-crypto-packages-03/work/openssl-doc-stage/usr/share/doc/openssl/html/man3/SSL_get_fd.html
install doc/html/man3/SSL_get_handshake_rtt.html -> /c/ap13-dcb/native-msys-crypto-packages-03/work/openssl-doc-stage/usr/share/doc/openssl/html/man3/SSL_get_handshake_rtt.html
install doc/html/man3/SSL_get_peer_cert_chain.html -> /c/ap13-dcb/native-msys-crypto-packages-03/work/openssl-doc-stage/usr/share/doc/openssl/html/man3/SSL_get_peer_cert_chain.html
install doc/html/man3/SSL_get_peer_certificate.html -> /c/ap13-dcb/native-msys-crypto-packages-03/work/openssl-doc-stage/usr/share/doc/openssl/html/man3/SSL_get_peer_certificate.html
install doc/html/man3/SSL_get_peer_signature_nid.html -> /c/ap13-dcb/native-msys-crypto-packages-03/work/openssl-doc-stage/usr/share/doc/openssl/html/man3/SSL_get_peer_signature_nid.html
install doc/html/man3/SSL_get_peer_tmp_key.html -> /c/ap13-dcb/native-msys-crypto-packages-03/work/openssl-doc-stage/usr/share/doc/openssl/html/man3/SSL_get_peer_tmp_key.html
install doc/html/man3/SSL_get_psk_identity.html -> /c/ap13-dcb/native-msys-crypto-packages-03/work/openssl-doc-stage/usr/share/doc/openssl/html/man3/SSL_get_psk_identity.html
install doc/html/man3/SSL_get_rbio.html -> /c/ap13-dcb/native-msys-crypto-packages-03/work/openssl-doc-stage/usr/share/doc/openssl/html/man3/SSL_get_rbio.html
install doc/html/man3/SSL_get_rpoll_descriptor.html -> /c/ap13-dcb/native-msys-crypto-packages-03/work/openssl-doc-stage/usr/share/doc/openssl/html/man3/SSL_get_rpoll_descriptor.html
install doc/html/man3/SSL_get_session.html -> /c/ap13-dcb/native-msys-crypto-packages-03/work/openssl-doc-stage/usr/share/doc/openssl/html/man3/SSL_get_session.html
install doc/html/man3/SSL_get_shared_sigalgs.html -> /c/ap13-dcb/native-msys-crypto-packages-03/work/openssl-doc-stage/usr/share/doc/openssl/html/man3/SSL_get_shared_sigalgs.html
install doc/html/man3/SSL_get_stream_id.html -> /c/ap13-dcb/native-msys-crypto-packages-03/work/openssl-doc-stage/usr/share/doc/openssl/html/man3/SSL_get_stream_id.html
install doc/html/man3/SSL_get_stream_read_state.html -> /c/ap13-dcb/native-msys-crypto-packages-03/work/openssl-doc-stage/usr/share/doc/openssl/html/man3/SSL_get_stream_read_state.html
install doc/html/man3/SSL_get_value_uint.html -> /c/ap13-dcb/native-msys-crypto-packages-03/work/openssl-doc-stage/usr/share/doc/openssl/html/man3/SSL_get_value_uint.html
install doc/html/man3/SSL_get_verify_result.html -> /c/ap13-dcb/native-msys-crypto-packages-03/work/openssl-doc-stage/usr/share/doc/openssl/html/man3/SSL_get_verify_result.html
install doc/html/man3/SSL_get_version.html -> /c/ap13-dcb/native-msys-crypto-packages-03/work/openssl-doc-stage/usr/share/doc/openssl/html/man3/SSL_get_version.html
install doc/html/man3/SSL_group_to_name.html -> /c/ap13-dcb/native-msys-crypto-packages-03/work/openssl-doc-stage/usr/share/doc/openssl/html/man3/SSL_group_to_name.html
install doc/html/man3/SSL_handle_events.html -> /c/ap13-dcb/native-msys-crypto-packages-03/work/openssl-doc-stage/usr/share/doc/openssl/html/man3/SSL_handle_events.html
install doc/html/man3/SSL_in_init.html -> /c/ap13-dcb/native-msys-crypto-packages-03/work/openssl-doc-stage/usr/share/doc/openssl/html/man3/SSL_in_init.html
install doc/html/man3/SSL_inject_net_dgram.html -> /c/ap13-dcb/native-msys-crypto-packages-03/work/openssl-doc-stage/usr/share/doc/openssl/html/man3/SSL_inject_net_dgram.html
install doc/html/man3/SSL_key_update.html -> /c/ap13-dcb/native-msys-crypto-packages-03/work/openssl-doc-stage/usr/share/doc/openssl/html/man3/SSL_key_update.html
install doc/html/man3/SSL_library_init.html -> /c/ap13-dcb/native-msys-crypto-packages-03/work/openssl-doc-stage/usr/share/doc/openssl/html/man3/SSL_library_init.html
install doc/html/man3/SSL_load_client_CA_file.html -> /c/ap13-dcb/native-msys-crypto-packages-03/work/openssl-doc-stage/usr/share/doc/openssl/html/man3/SSL_load_client_CA_file.html
install doc/html/man3/SSL_new.html -> /c/ap13-dcb/native-msys-crypto-packages-03/work/openssl-doc-stage/usr/share/doc/openssl/html/man3/SSL_new.html
install doc/html/man3/SSL_new_domain.html -> /c/ap13-dcb/native-msys-crypto-packages-03/work/openssl-doc-stage/usr/share/doc/openssl/html/man3/SSL_new_domain.html
install doc/html/man3/SSL_new_listener.html -> /c/ap13-dcb/native-msys-crypto-packages-03/work/openssl-doc-stage/usr/share/doc/openssl/html/man3/SSL_new_listener.html
install doc/html/man3/SSL_new_stream.html -> /c/ap13-dcb/native-msys-crypto-packages-03/work/openssl-doc-stage/usr/share/doc/openssl/html/man3/SSL_new_stream.html
install doc/html/man3/SSL_pending.html -> /c/ap13-dcb/native-msys-crypto-packages-03/work/openssl-doc-stage/usr/share/doc/openssl/html/man3/SSL_pending.html
install doc/html/man3/SSL_poll.html -> /c/ap13-dcb/native-msys-crypto-packages-03/work/openssl-doc-stage/usr/share/doc/openssl/html/man3/SSL_poll.html
install doc/html/man3/SSL_read.html -> /c/ap13-dcb/native-msys-crypto-packages-03/work/openssl-doc-stage/usr/share/doc/openssl/html/man3/SSL_read.html
install doc/html/man3/SSL_read_early_data.html -> /c/ap13-dcb/native-msys-crypto-packages-03/work/openssl-doc-stage/usr/share/doc/openssl/html/man3/SSL_read_early_data.html
install doc/html/man3/SSL_rstate_string.html -> /c/ap13-dcb/native-msys-crypto-packages-03/work/openssl-doc-stage/usr/share/doc/openssl/html/man3/SSL_rstate_string.html
install doc/html/man3/SSL_session_reused.html -> /c/ap13-dcb/native-msys-crypto-packages-03/work/openssl-doc-stage/usr/share/doc/openssl/html/man3/SSL_session_reused.html
install doc/html/man3/SSL_set1_host.html -> /c/ap13-dcb/native-msys-crypto-packages-03/work/openssl-doc-stage/usr/share/doc/openssl/html/man3/SSL_set1_host.html
install doc/html/man3/SSL_set1_initial_peer_addr.html -> /c/ap13-dcb/native-msys-crypto-packages-03/work/openssl-doc-stage/usr/share/doc/openssl/html/man3/SSL_set1_initial_peer_addr.html
install doc/html/man3/SSL_set1_server_cert_type.html -> /c/ap13-dcb/native-msys-crypto-packages-03/work/openssl-doc-stage/usr/share/doc/openssl/html/man3/SSL_set1_server_cert_type.html
install doc/html/man3/SSL_set_async_callback.html -> /c/ap13-dcb/native-msys-crypto-packages-03/work/openssl-doc-stage/usr/share/doc/openssl/html/man3/SSL_set_async_callback.html
install doc/html/man3/SSL_set_bio.html -> /c/ap13-dcb/native-msys-crypto-packages-03/work/openssl-doc-stage/usr/share/doc/openssl/html/man3/SSL_set_bio.html
install doc/html/man3/SSL_set_blocking_mode.html -> /c/ap13-dcb/native-msys-crypto-packages-03/work/openssl-doc-stage/usr/share/doc/openssl/html/man3/SSL_set_blocking_mode.html
install doc/html/man3/SSL_set_connect_state.html -> /c/ap13-dcb/native-msys-crypto-packages-03/work/openssl-doc-stage/usr/share/doc/openssl/html/man3/SSL_set_connect_state.html
install doc/html/man3/SSL_set_default_stream_mode.html -> /c/ap13-dcb/native-msys-crypto-packages-03/work/openssl-doc-stage/usr/share/doc/openssl/html/man3/SSL_set_default_stream_mode.html
install doc/html/man3/SSL_set_fd.html -> /c/ap13-dcb/native-msys-crypto-packages-03/work/openssl-doc-stage/usr/share/doc/openssl/html/man3/SSL_set_fd.html
install doc/html/man3/SSL_set_incoming_stream_policy.html -> /c/ap13-dcb/native-msys-crypto-packages-03/work/openssl-doc-stage/usr/share/doc/openssl/html/man3/SSL_set_incoming_stream_policy.html
install doc/html/man3/SSL_set_quic_tls_cbs.html -> /c/ap13-dcb/native-msys-crypto-packages-03/work/openssl-doc-stage/usr/share/doc/openssl/html/man3/SSL_set_quic_tls_cbs.html
install doc/html/man3/SSL_set_retry_verify.html -> /c/ap13-dcb/native-msys-crypto-packages-03/work/openssl-doc-stage/usr/share/doc/openssl/html/man3/SSL_set_retry_verify.html
install doc/html/man3/SSL_set_session.html -> /c/ap13-dcb/native-msys-crypto-packages-03/work/openssl-doc-stage/usr/share/doc/openssl/html/man3/SSL_set_session.html
install doc/html/man3/SSL_set_session_secret_cb.html -> /c/ap13-dcb/native-msys-crypto-packages-03/work/openssl-doc-stage/usr/share/doc/openssl/html/man3/SSL_set_session_secret_cb.html
install doc/html/man3/SSL_set_shutdown.html -> /c/ap13-dcb/native-msys-crypto-packages-03/work/openssl-doc-stage/usr/share/doc/openssl/html/man3/SSL_set_shutdown.html
install doc/html/man3/SSL_set_verify_result.html -> /c/ap13-dcb/native-msys-crypto-packages-03/work/openssl-doc-stage/usr/share/doc/openssl/html/man3/SSL_set_verify_result.html
install doc/html/man3/SSL_shutdown.html -> /c/ap13-dcb/native-msys-crypto-packages-03/work/openssl-doc-stage/usr/share/doc/openssl/html/man3/SSL_shutdown.html
install doc/html/man3/SSL_state_string.html -> /c/ap13-dcb/native-msys-crypto-packages-03/work/openssl-doc-stage/usr/share/doc/openssl/html/man3/SSL_state_string.html
install doc/html/man3/SSL_stream_conclude.html -> /c/ap13-dcb/native-msys-crypto-packages-03/work/openssl-doc-stage/usr/share/doc/openssl/html/man3/SSL_stream_conclude.html
install doc/html/man3/SSL_stream_reset.html -> /c/ap13-dcb/native-msys-crypto-packages-03/work/openssl-doc-stage/usr/share/doc/openssl/html/man3/SSL_stream_reset.html
install doc/html/man3/SSL_want.html -> /c/ap13-dcb/native-msys-crypto-packages-03/work/openssl-doc-stage/usr/share/doc/openssl/html/man3/SSL_want.html
install doc/html/man3/SSL_write.html -> /c/ap13-dcb/native-msys-crypto-packages-03/work/openssl-doc-stage/usr/share/doc/openssl/html/man3/SSL_write.html
install doc/html/man3/TS_RESP_CTX_new.html -> /c/ap13-dcb/native-msys-crypto-packages-03/work/openssl-doc-stage/usr/share/doc/openssl/html/man3/TS_RESP_CTX_new.html
install doc/html/man3/TS_VERIFY_CTX.html -> /c/ap13-dcb/native-msys-crypto-packages-03/work/openssl-doc-stage/usr/share/doc/openssl/html/man3/TS_VERIFY_CTX.html
install doc/html/man3/UI_STRING.html -> /c/ap13-dcb/native-msys-crypto-packages-03/work/openssl-doc-stage/usr/share/doc/openssl/html/man3/UI_STRING.html
install doc/html/man3/UI_UTIL_read_pw.html -> /c/ap13-dcb/native-msys-crypto-packages-03/work/openssl-doc-stage/usr/share/doc/openssl/html/man3/UI_UTIL_read_pw.html
install doc/html/man3/UI_create_method.html -> /c/ap13-dcb/native-msys-crypto-packages-03/work/openssl-doc-stage/usr/share/doc/openssl/html/man3/UI_create_method.html
install doc/html/man3/UI_new.html -> /c/ap13-dcb/native-msys-crypto-packages-03/work/openssl-doc-stage/usr/share/doc/openssl/html/man3/UI_new.html
install doc/html/man3/X509V3_EXT_print.html -> /c/ap13-dcb/native-msys-crypto-packages-03/work/openssl-doc-stage/usr/share/doc/openssl/html/man3/X509V3_EXT_print.html
install doc/html/man3/X509V3_get_d2i.html -> /c/ap13-dcb/native-msys-crypto-packages-03/work/openssl-doc-stage/usr/share/doc/openssl/html/man3/X509V3_get_d2i.html
install doc/html/man3/X509V3_set_ctx.html -> /c/ap13-dcb/native-msys-crypto-packages-03/work/openssl-doc-stage/usr/share/doc/openssl/html/man3/X509V3_set_ctx.html
install doc/html/man3/X509_ACERT_add1_attr.html -> /c/ap13-dcb/native-msys-crypto-packages-03/work/openssl-doc-stage/usr/share/doc/openssl/html/man3/X509_ACERT_add1_attr.html
install doc/html/man3/X509_ACERT_add_attr_nconf.html -> /c/ap13-dcb/native-msys-crypto-packages-03/work/openssl-doc-stage/usr/share/doc/openssl/html/man3/X509_ACERT_add_attr_nconf.html
install doc/html/man3/X509_ACERT_get0_holder_baseCertId.html -> /c/ap13-dcb/native-msys-crypto-packages-03/work/openssl-doc-stage/usr/share/doc/openssl/html/man3/X509_ACERT_get0_holder_baseCertId.html
install doc/html/man3/X509_ACERT_get_attr.html -> /c/ap13-dcb/native-msys-crypto-packages-03/work/openssl-doc-stage/usr/share/doc/openssl/html/man3/X509_ACERT_get_attr.html
install doc/html/man3/X509_ACERT_print_ex.html -> /c/ap13-dcb/native-msys-crypto-packages-03/work/openssl-doc-stage/usr/share/doc/openssl/html/man3/X509_ACERT_print_ex.html
install doc/html/man3/X509_ALGOR_dup.html -> /c/ap13-dcb/native-msys-crypto-packages-03/work/openssl-doc-stage/usr/share/doc/openssl/html/man3/X509_ALGOR_dup.html
install doc/html/man3/X509_ATTRIBUTE.html -> /c/ap13-dcb/native-msys-crypto-packages-03/work/openssl-doc-stage/usr/share/doc/openssl/html/man3/X509_ATTRIBUTE.html
install doc/html/man3/X509_CRL_get0_by_serial.html -> /c/ap13-dcb/native-msys-crypto-packages-03/work/openssl-doc-stage/usr/share/doc/openssl/html/man3/X509_CRL_get0_by_serial.html
install doc/html/man3/X509_EXTENSION_set_object.html -> /c/ap13-dcb/native-msys-crypto-packages-03/work/openssl-doc-stage/usr/share/doc/openssl/html/man3/X509_EXTENSION_set_object.html
install doc/html/man3/X509_LOOKUP.html -> /c/ap13-dcb/native-msys-crypto-packages-03/work/openssl-doc-stage/usr/share/doc/openssl/html/man3/X509_LOOKUP.html
install doc/html/man3/X509_LOOKUP_hash_dir.html -> /c/ap13-dcb/native-msys-crypto-packages-03/work/openssl-doc-stage/usr/share/doc/openssl/html/man3/X509_LOOKUP_hash_dir.html
install doc/html/man3/X509_LOOKUP_meth_new.html -> /c/ap13-dcb/native-msys-crypto-packages-03/work/openssl-doc-stage/usr/share/doc/openssl/html/man3/X509_LOOKUP_meth_new.html
install doc/html/man3/X509_NAME_ENTRY_get_object.html -> /c/ap13-dcb/native-msys-crypto-packages-03/work/openssl-doc-stage/usr/share/doc/openssl/html/man3/X509_NAME_ENTRY_get_object.html
install doc/html/man3/X509_NAME_add_entry_by_txt.html -> /c/ap13-dcb/native-msys-crypto-packages-03/work/openssl-doc-stage/usr/share/doc/openssl/html/man3/X509_NAME_add_entry_by_txt.html
install doc/html/man3/X509_NAME_get0_der.html -> /c/ap13-dcb/native-msys-crypto-packages-03/work/openssl-doc-stage/usr/share/doc/openssl/html/man3/X509_NAME_get0_der.html
install doc/html/man3/X509_NAME_get_index_by_NID.html -> /c/ap13-dcb/native-msys-crypto-packages-03/work/openssl-doc-stage/usr/share/doc/openssl/html/man3/X509_NAME_get_index_by_NID.html
install doc/html/man3/X509_NAME_print_ex.html -> /c/ap13-dcb/native-msys-crypto-packages-03/work/openssl-doc-stage/usr/share/doc/openssl/html/man3/X509_NAME_print_ex.html
install doc/html/man3/X509_PUBKEY_new.html -> /c/ap13-dcb/native-msys-crypto-packages-03/work/openssl-doc-stage/usr/share/doc/openssl/html/man3/X509_PUBKEY_new.html
install doc/html/man3/X509_REQ_get_attr.html -> /c/ap13-dcb/native-msys-crypto-packages-03/work/openssl-doc-stage/usr/share/doc/openssl/html/man3/X509_REQ_get_attr.html
install doc/html/man3/X509_REQ_get_extensions.html -> /c/ap13-dcb/native-msys-crypto-packages-03/work/openssl-doc-stage/usr/share/doc/openssl/html/man3/X509_REQ_get_extensions.html
install doc/html/man3/X509_SIG_get0.html -> /c/ap13-dcb/native-msys-crypto-packages-03/work/openssl-doc-stage/usr/share/doc/openssl/html/man3/X509_SIG_get0.html
install doc/html/man3/X509_STORE_CTX_get_by_subject.html -> /c/ap13-dcb/native-msys-crypto-packages-03/work/openssl-doc-stage/usr/share/doc/openssl/html/man3/X509_STORE_CTX_get_by_subject.html
install doc/html/man3/X509_STORE_CTX_get_error.html -> /c/ap13-dcb/native-msys-crypto-packages-03/work/openssl-doc-stage/usr/share/doc/openssl/html/man3/X509_STORE_CTX_get_error.html
install doc/html/man3/X509_STORE_CTX_new.html -> /c/ap13-dcb/native-msys-crypto-packages-03/work/openssl-doc-stage/usr/share/doc/openssl/html/man3/X509_STORE_CTX_new.html
install doc/html/man3/X509_STORE_CTX_set_verify_cb.html -> /c/ap13-dcb/native-msys-crypto-packages-03/work/openssl-doc-stage/usr/share/doc/openssl/html/man3/X509_STORE_CTX_set_verify_cb.html
install doc/html/man3/X509_STORE_add_cert.html -> /c/ap13-dcb/native-msys-crypto-packages-03/work/openssl-doc-stage/usr/share/doc/openssl/html/man3/X509_STORE_add_cert.html
install doc/html/man3/X509_STORE_get0_param.html -> /c/ap13-dcb/native-msys-crypto-packages-03/work/openssl-doc-stage/usr/share/doc/openssl/html/man3/X509_STORE_get0_param.html
install doc/html/man3/X509_STORE_new.html -> /c/ap13-dcb/native-msys-crypto-packages-03/work/openssl-doc-stage/usr/share/doc/openssl/html/man3/X509_STORE_new.html
install doc/html/man3/X509_STORE_set_verify_cb_func.html -> /c/ap13-dcb/native-msys-crypto-packages-03/work/openssl-doc-stage/usr/share/doc/openssl/html/man3/X509_STORE_set_verify_cb_func.html
install doc/html/man3/X509_VERIFY_PARAM_set_flags.html -> /c/ap13-dcb/native-msys-crypto-packages-03/work/openssl-doc-stage/usr/share/doc/openssl/html/man3/X509_VERIFY_PARAM_set_flags.html
install doc/html/man3/X509_add_cert.html -> /c/ap13-dcb/native-msys-crypto-packages-03/work/openssl-doc-stage/usr/share/doc/openssl/html/man3/X509_add_cert.html
install doc/html/man3/X509_check_ca.html -> /c/ap13-dcb/native-msys-crypto-packages-03/work/openssl-doc-stage/usr/share/doc/openssl/html/man3/X509_check_ca.html
install doc/html/man3/X509_check_host.html -> /c/ap13-dcb/native-msys-crypto-packages-03/work/openssl-doc-stage/usr/share/doc/openssl/html/man3/X509_check_host.html
install doc/html/man3/X509_check_issued.html -> /c/ap13-dcb/native-msys-crypto-packages-03/work/openssl-doc-stage/usr/share/doc/openssl/html/man3/X509_check_issued.html
install doc/html/man3/X509_check_private_key.html -> /c/ap13-dcb/native-msys-crypto-packages-03/work/openssl-doc-stage/usr/share/doc/openssl/html/man3/X509_check_private_key.html
install doc/html/man3/X509_check_purpose.html -> /c/ap13-dcb/native-msys-crypto-packages-03/work/openssl-doc-stage/usr/share/doc/openssl/html/man3/X509_check_purpose.html
install doc/html/man3/X509_cmp.html -> /c/ap13-dcb/native-msys-crypto-packages-03/work/openssl-doc-stage/usr/share/doc/openssl/html/man3/X509_cmp.html
install doc/html/man3/X509_cmp_time.html -> /c/ap13-dcb/native-msys-crypto-packages-03/work/openssl-doc-stage/usr/share/doc/openssl/html/man3/X509_cmp_time.html
install doc/html/man3/X509_digest.html -> /c/ap13-dcb/native-msys-crypto-packages-03/work/openssl-doc-stage/usr/share/doc/openssl/html/man3/X509_digest.html
install doc/html/man3/X509_dup.html -> /c/ap13-dcb/native-msys-crypto-packages-03/work/openssl-doc-stage/usr/share/doc/openssl/html/man3/X509_dup.html
install doc/html/man3/X509_get0_distinguishing_id.html -> /c/ap13-dcb/native-msys-crypto-packages-03/work/openssl-doc-stage/usr/share/doc/openssl/html/man3/X509_get0_distinguishing_id.html
install doc/html/man3/X509_get0_notBefore.html -> /c/ap13-dcb/native-msys-crypto-packages-03/work/openssl-doc-stage/usr/share/doc/openssl/html/man3/X509_get0_notBefore.html
install doc/html/man3/X509_get0_signature.html -> /c/ap13-dcb/native-msys-crypto-packages-03/work/openssl-doc-stage/usr/share/doc/openssl/html/man3/X509_get0_signature.html
install doc/html/man3/X509_get0_uids.html -> /c/ap13-dcb/native-msys-crypto-packages-03/work/openssl-doc-stage/usr/share/doc/openssl/html/man3/X509_get0_uids.html
install doc/html/man3/X509_get_default_cert_file.html -> /c/ap13-dcb/native-msys-crypto-packages-03/work/openssl-doc-stage/usr/share/doc/openssl/html/man3/X509_get_default_cert_file.html
install doc/html/man3/X509_get_extension_flags.html -> /c/ap13-dcb/native-msys-crypto-packages-03/work/openssl-doc-stage/usr/share/doc/openssl/html/man3/X509_get_extension_flags.html
install doc/html/man3/X509_get_pubkey.html -> /c/ap13-dcb/native-msys-crypto-packages-03/work/openssl-doc-stage/usr/share/doc/openssl/html/man3/X509_get_pubkey.html
install doc/html/man3/X509_get_serialNumber.html -> /c/ap13-dcb/native-msys-crypto-packages-03/work/openssl-doc-stage/usr/share/doc/openssl/html/man3/X509_get_serialNumber.html
install doc/html/man3/X509_get_subject_name.html -> /c/ap13-dcb/native-msys-crypto-packages-03/work/openssl-doc-stage/usr/share/doc/openssl/html/man3/X509_get_subject_name.html
install doc/html/man3/X509_get_version.html -> /c/ap13-dcb/native-msys-crypto-packages-03/work/openssl-doc-stage/usr/share/doc/openssl/html/man3/X509_get_version.html
install doc/html/man3/X509_load_http.html -> /c/ap13-dcb/native-msys-crypto-packages-03/work/openssl-doc-stage/usr/share/doc/openssl/html/man3/X509_load_http.html
install doc/html/man3/X509_new.html -> /c/ap13-dcb/native-msys-crypto-packages-03/work/openssl-doc-stage/usr/share/doc/openssl/html/man3/X509_new.html
install doc/html/man3/X509_sign.html -> /c/ap13-dcb/native-msys-crypto-packages-03/work/openssl-doc-stage/usr/share/doc/openssl/html/man3/X509_sign.html
install doc/html/man3/X509_verify.html -> /c/ap13-dcb/native-msys-crypto-packages-03/work/openssl-doc-stage/usr/share/doc/openssl/html/man3/X509_verify.html
install doc/html/man3/X509_verify_cert.html -> /c/ap13-dcb/native-msys-crypto-packages-03/work/openssl-doc-stage/usr/share/doc/openssl/html/man3/X509_verify_cert.html
install doc/html/man3/X509v3_get_ext_by_NID.html -> /c/ap13-dcb/native-msys-crypto-packages-03/work/openssl-doc-stage/usr/share/doc/openssl/html/man3/X509v3_get_ext_by_NID.html
install doc/html/man3/b2i_PVK_bio_ex.html -> /c/ap13-dcb/native-msys-crypto-packages-03/work/openssl-doc-stage/usr/share/doc/openssl/html/man3/b2i_PVK_bio_ex.html
install doc/html/man3/d2i_PKCS8PrivateKey_bio.html -> /c/ap13-dcb/native-msys-crypto-packages-03/work/openssl-doc-stage/usr/share/doc/openssl/html/man3/d2i_PKCS8PrivateKey_bio.html
install doc/html/man3/d2i_PrivateKey.html -> /c/ap13-dcb/native-msys-crypto-packages-03/work/openssl-doc-stage/usr/share/doc/openssl/html/man3/d2i_PrivateKey.html
install doc/html/man3/d2i_RSAPrivateKey.html -> /c/ap13-dcb/native-msys-crypto-packages-03/work/openssl-doc-stage/usr/share/doc/openssl/html/man3/d2i_RSAPrivateKey.html
install doc/html/man3/d2i_SSL_SESSION.html -> /c/ap13-dcb/native-msys-crypto-packages-03/work/openssl-doc-stage/usr/share/doc/openssl/html/man3/d2i_SSL_SESSION.html
install doc/html/man3/d2i_X509.html -> /c/ap13-dcb/native-msys-crypto-packages-03/work/openssl-doc-stage/usr/share/doc/openssl/html/man3/d2i_X509.html
install doc/html/man3/i2d_CMS_bio_stream.html -> /c/ap13-dcb/native-msys-crypto-packages-03/work/openssl-doc-stage/usr/share/doc/openssl/html/man3/i2d_CMS_bio_stream.html
install doc/html/man3/i2d_PKCS7_bio_stream.html -> /c/ap13-dcb/native-msys-crypto-packages-03/work/openssl-doc-stage/usr/share/doc/openssl/html/man3/i2d_PKCS7_bio_stream.html
install doc/html/man3/i2d_re_X509_tbs.html -> /c/ap13-dcb/native-msys-crypto-packages-03/work/openssl-doc-stage/usr/share/doc/openssl/html/man3/i2d_re_X509_tbs.html
install doc/html/man3/o2i_SCT_LIST.html -> /c/ap13-dcb/native-msys-crypto-packages-03/work/openssl-doc-stage/usr/share/doc/openssl/html/man3/o2i_SCT_LIST.html
install doc/html/man3/s2i_ASN1_IA5STRING.html -> /c/ap13-dcb/native-msys-crypto-packages-03/work/openssl-doc-stage/usr/share/doc/openssl/html/man3/s2i_ASN1_IA5STRING.html
install doc/html/man5/config.html -> /c/ap13-dcb/native-msys-crypto-packages-03/work/openssl-doc-stage/usr/share/doc/openssl/html/man5/config.html
install doc/html/man5/fips_config.html -> /c/ap13-dcb/native-msys-crypto-packages-03/work/openssl-doc-stage/usr/share/doc/openssl/html/man5/fips_config.html
install doc/html/man5/x509v3_config.html -> /c/ap13-dcb/native-msys-crypto-packages-03/work/openssl-doc-stage/usr/share/doc/openssl/html/man5/x509v3_config.html
install doc/html/man7/EVP_ASYM_CIPHER-RSA.html -> /c/ap13-dcb/native-msys-crypto-packages-03/work/openssl-doc-stage/usr/share/doc/openssl/html/man7/EVP_ASYM_CIPHER-RSA.html
install doc/html/man7/EVP_ASYM_CIPHER-SM2.html -> /c/ap13-dcb/native-msys-crypto-packages-03/work/openssl-doc-stage/usr/share/doc/openssl/html/man7/EVP_ASYM_CIPHER-SM2.html
install doc/html/man7/EVP_CIPHER-AES.html -> /c/ap13-dcb/native-msys-crypto-packages-03/work/openssl-doc-stage/usr/share/doc/openssl/html/man7/EVP_CIPHER-AES.html
install doc/html/man7/EVP_CIPHER-ARIA.html -> /c/ap13-dcb/native-msys-crypto-packages-03/work/openssl-doc-stage/usr/share/doc/openssl/html/man7/EVP_CIPHER-ARIA.html
install doc/html/man7/EVP_CIPHER-BLOWFISH.html -> /c/ap13-dcb/native-msys-crypto-packages-03/work/openssl-doc-stage/usr/share/doc/openssl/html/man7/EVP_CIPHER-BLOWFISH.html
install doc/html/man7/EVP_CIPHER-CAMELLIA.html -> /c/ap13-dcb/native-msys-crypto-packages-03/work/openssl-doc-stage/usr/share/doc/openssl/html/man7/EVP_CIPHER-CAMELLIA.html
install doc/html/man7/EVP_CIPHER-CAST.html -> /c/ap13-dcb/native-msys-crypto-packages-03/work/openssl-doc-stage/usr/share/doc/openssl/html/man7/EVP_CIPHER-CAST.html
install doc/html/man7/EVP_CIPHER-CHACHA.html -> /c/ap13-dcb/native-msys-crypto-packages-03/work/openssl-doc-stage/usr/share/doc/openssl/html/man7/EVP_CIPHER-CHACHA.html
install doc/html/man7/EVP_CIPHER-DES.html -> /c/ap13-dcb/native-msys-crypto-packages-03/work/openssl-doc-stage/usr/share/doc/openssl/html/man7/EVP_CIPHER-DES.html
install doc/html/man7/EVP_CIPHER-IDEA.html -> /c/ap13-dcb/native-msys-crypto-packages-03/work/openssl-doc-stage/usr/share/doc/openssl/html/man7/EVP_CIPHER-IDEA.html
install doc/html/man7/EVP_CIPHER-NULL.html -> /c/ap13-dcb/native-msys-crypto-packages-03/work/openssl-doc-stage/usr/share/doc/openssl/html/man7/EVP_CIPHER-NULL.html
install doc/html/man7/EVP_CIPHER-RC2.html -> /c/ap13-dcb/native-msys-crypto-packages-03/work/openssl-doc-stage/usr/share/doc/openssl/html/man7/EVP_CIPHER-RC2.html
install doc/html/man7/EVP_CIPHER-RC4.html -> /c/ap13-dcb/native-msys-crypto-packages-03/work/openssl-doc-stage/usr/share/doc/openssl/html/man7/EVP_CIPHER-RC4.html
install doc/html/man7/EVP_CIPHER-RC5.html -> /c/ap13-dcb/native-msys-crypto-packages-03/work/openssl-doc-stage/usr/share/doc/openssl/html/man7/EVP_CIPHER-RC5.html
install doc/html/man7/EVP_CIPHER-SEED.html -> /c/ap13-dcb/native-msys-crypto-packages-03/work/openssl-doc-stage/usr/share/doc/openssl/html/man7/EVP_CIPHER-SEED.html
install doc/html/man7/EVP_CIPHER-SM4.html -> /c/ap13-dcb/native-msys-crypto-packages-03/work/openssl-doc-stage/usr/share/doc/openssl/html/man7/EVP_CIPHER-SM4.html
install doc/html/man7/EVP_KDF-ARGON2.html -> /c/ap13-dcb/native-msys-crypto-packages-03/work/openssl-doc-stage/usr/share/doc/openssl/html/man7/EVP_KDF-ARGON2.html
install doc/html/man7/EVP_KDF-HKDF.html -> /c/ap13-dcb/native-msys-crypto-packages-03/work/openssl-doc-stage/usr/share/doc/openssl/html/man7/EVP_KDF-HKDF.html
install doc/html/man7/EVP_KDF-HMAC-DRBG.html -> /c/ap13-dcb/native-msys-crypto-packages-03/work/openssl-doc-stage/usr/share/doc/openssl/html/man7/EVP_KDF-HMAC-DRBG.html
install doc/html/man7/EVP_KDF-KB.html -> /c/ap13-dcb/native-msys-crypto-packages-03/work/openssl-doc-stage/usr/share/doc/openssl/html/man7/EVP_KDF-KB.html
install doc/html/man7/EVP_KDF-KRB5KDF.html -> /c/ap13-dcb/native-msys-crypto-packages-03/work/openssl-doc-stage/usr/share/doc/openssl/html/man7/EVP_KDF-KRB5KDF.html
install doc/html/man7/EVP_KDF-PBKDF1.html -> /c/ap13-dcb/native-msys-crypto-packages-03/work/openssl-doc-stage/usr/share/doc/openssl/html/man7/EVP_KDF-PBKDF1.html
install doc/html/man7/EVP_KDF-PBKDF2.html -> /c/ap13-dcb/native-msys-crypto-packages-03/work/openssl-doc-stage/usr/share/doc/openssl/html/man7/EVP_KDF-PBKDF2.html
install doc/html/man7/EVP_KDF-PKCS12KDF.html -> /c/ap13-dcb/native-msys-crypto-packages-03/work/openssl-doc-stage/usr/share/doc/openssl/html/man7/EVP_KDF-PKCS12KDF.html
install doc/html/man7/EVP_KDF-PVKKDF.html -> /c/ap13-dcb/native-msys-crypto-packages-03/work/openssl-doc-stage/usr/share/doc/openssl/html/man7/EVP_KDF-PVKKDF.html
install doc/html/man7/EVP_KDF-SCRYPT.html -> /c/ap13-dcb/native-msys-crypto-packages-03/work/openssl-doc-stage/usr/share/doc/openssl/html/man7/EVP_KDF-SCRYPT.html
install doc/html/man7/EVP_KDF-SS.html -> /c/ap13-dcb/native-msys-crypto-packages-03/work/openssl-doc-stage/usr/share/doc/openssl/html/man7/EVP_KDF-SS.html
install doc/html/man7/EVP_KDF-SSHKDF.html -> /c/ap13-dcb/native-msys-crypto-packages-03/work/openssl-doc-stage/usr/share/doc/openssl/html/man7/EVP_KDF-SSHKDF.html
install doc/html/man7/EVP_KDF-TLS13_KDF.html -> /c/ap13-dcb/native-msys-crypto-packages-03/work/openssl-doc-stage/usr/share/doc/openssl/html/man7/EVP_KDF-TLS13_KDF.html
install doc/html/man7/EVP_KDF-TLS1_PRF.html -> /c/ap13-dcb/native-msys-crypto-packages-03/work/openssl-doc-stage/usr/share/doc/openssl/html/man7/EVP_KDF-TLS1_PRF.html
install doc/html/man7/EVP_KDF-X942-ASN1.html -> /c/ap13-dcb/native-msys-crypto-packages-03/work/openssl-doc-stage/usr/share/doc/openssl/html/man7/EVP_KDF-X942-ASN1.html
install doc/html/man7/EVP_KDF-X942-CONCAT.html -> /c/ap13-dcb/native-msys-crypto-packages-03/work/openssl-doc-stage/usr/share/doc/openssl/html/man7/EVP_KDF-X942-CONCAT.html
install doc/html/man7/EVP_KDF-X963.html -> /c/ap13-dcb/native-msys-crypto-packages-03/work/openssl-doc-stage/usr/share/doc/openssl/html/man7/EVP_KDF-X963.html
install doc/html/man7/EVP_KEM-EC.html -> /c/ap13-dcb/native-msys-crypto-packages-03/work/openssl-doc-stage/usr/share/doc/openssl/html/man7/EVP_KEM-EC.html
install doc/html/man7/EVP_KEM-ML-KEM.html -> /c/ap13-dcb/native-msys-crypto-packages-03/work/openssl-doc-stage/usr/share/doc/openssl/html/man7/EVP_KEM-ML-KEM.html
install doc/html/man7/EVP_KEM-RSA.html -> /c/ap13-dcb/native-msys-crypto-packages-03/work/openssl-doc-stage/usr/share/doc/openssl/html/man7/EVP_KEM-RSA.html
install doc/html/man7/EVP_KEM-X25519.html -> /c/ap13-dcb/native-msys-crypto-packages-03/work/openssl-doc-stage/usr/share/doc/openssl/html/man7/EVP_KEM-X25519.html
install doc/html/man7/EVP_KEYEXCH-DH.html -> /c/ap13-dcb/native-msys-crypto-packages-03/work/openssl-doc-stage/usr/share/doc/openssl/html/man7/EVP_KEYEXCH-DH.html
install doc/html/man7/EVP_KEYEXCH-ECDH.html -> /c/ap13-dcb/native-msys-crypto-packages-03/work/openssl-doc-stage/usr/share/doc/openssl/html/man7/EVP_KEYEXCH-ECDH.html
install doc/html/man7/EVP_KEYEXCH-X25519.html -> /c/ap13-dcb/native-msys-crypto-packages-03/work/openssl-doc-stage/usr/share/doc/openssl/html/man7/EVP_KEYEXCH-X25519.html
install doc/html/man7/EVP_MAC-BLAKE2.html -> /c/ap13-dcb/native-msys-crypto-packages-03/work/openssl-doc-stage/usr/share/doc/openssl/html/man7/EVP_MAC-BLAKE2.html
install doc/html/man7/EVP_MAC-CMAC.html -> /c/ap13-dcb/native-msys-crypto-packages-03/work/openssl-doc-stage/usr/share/doc/openssl/html/man7/EVP_MAC-CMAC.html
install doc/html/man7/EVP_MAC-GMAC.html -> /c/ap13-dcb/native-msys-crypto-packages-03/work/openssl-doc-stage/usr/share/doc/openssl/html/man7/EVP_MAC-GMAC.html
install doc/html/man7/EVP_MAC-HMAC.html -> /c/ap13-dcb/native-msys-crypto-packages-03/work/openssl-doc-stage/usr/share/doc/openssl/html/man7/EVP_MAC-HMAC.html
install doc/html/man7/EVP_MAC-KMAC.html -> /c/ap13-dcb/native-msys-crypto-packages-03/work/openssl-doc-stage/usr/share/doc/openssl/html/man7/EVP_MAC-KMAC.html
install doc/html/man7/EVP_MAC-Poly1305.html -> /c/ap13-dcb/native-msys-crypto-packages-03/work/openssl-doc-stage/usr/share/doc/openssl/html/man7/EVP_MAC-Poly1305.html
install doc/html/man7/EVP_MAC-Siphash.html -> /c/ap13-dcb/native-msys-crypto-packages-03/work/openssl-doc-stage/usr/share/doc/openssl/html/man7/EVP_MAC-Siphash.html
install doc/html/man7/EVP_MD-BLAKE2.html -> /c/ap13-dcb/native-msys-crypto-packages-03/work/openssl-doc-stage/usr/share/doc/openssl/html/man7/EVP_MD-BLAKE2.html
install doc/html/man7/EVP_MD-KECCAK.html -> /c/ap13-dcb/native-msys-crypto-packages-03/work/openssl-doc-stage/usr/share/doc/openssl/html/man7/EVP_MD-KECCAK.html
install doc/html/man7/EVP_MD-MD2.html -> /c/ap13-dcb/native-msys-crypto-packages-03/work/openssl-doc-stage/usr/share/doc/openssl/html/man7/EVP_MD-MD2.html
install doc/html/man7/EVP_MD-MD4.html -> /c/ap13-dcb/native-msys-crypto-packages-03/work/openssl-doc-stage/usr/share/doc/openssl/html/man7/EVP_MD-MD4.html
install doc/html/man7/EVP_MD-MD5-SHA1.html -> /c/ap13-dcb/native-msys-crypto-packages-03/work/openssl-doc-stage/usr/share/doc/openssl/html/man7/EVP_MD-MD5-SHA1.html
install doc/html/man7/EVP_MD-MD5.html -> /c/ap13-dcb/native-msys-crypto-packages-03/work/openssl-doc-stage/usr/share/doc/openssl/html/man7/EVP_MD-MD5.html
install doc/html/man7/EVP_MD-MDC2.html -> /c/ap13-dcb/native-msys-crypto-packages-03/work/openssl-doc-stage/usr/share/doc/openssl/html/man7/EVP_MD-MDC2.html
install doc/html/man7/EVP_MD-NULL.html -> /c/ap13-dcb/native-msys-crypto-packages-03/work/openssl-doc-stage/usr/share/doc/openssl/html/man7/EVP_MD-NULL.html
install doc/html/man7/EVP_MD-RIPEMD160.html -> /c/ap13-dcb/native-msys-crypto-packages-03/work/openssl-doc-stage/usr/share/doc/openssl/html/man7/EVP_MD-RIPEMD160.html
install doc/html/man7/EVP_MD-SHA1.html -> /c/ap13-dcb/native-msys-crypto-packages-03/work/openssl-doc-stage/usr/share/doc/openssl/html/man7/EVP_MD-SHA1.html
install doc/html/man7/EVP_MD-SHA2.html -> /c/ap13-dcb/native-msys-crypto-packages-03/work/openssl-doc-stage/usr/share/doc/openssl/html/man7/EVP_MD-SHA2.html
install doc/html/man7/EVP_MD-SHA3.html -> /c/ap13-dcb/native-msys-crypto-packages-03/work/openssl-doc-stage/usr/share/doc/openssl/html/man7/EVP_MD-SHA3.html
install doc/html/man7/EVP_MD-SHAKE.html -> /c/ap13-dcb/native-msys-crypto-packages-03/work/openssl-doc-stage/usr/share/doc/openssl/html/man7/EVP_MD-SHAKE.html
install doc/html/man7/EVP_MD-SM3.html -> /c/ap13-dcb/native-msys-crypto-packages-03/work/openssl-doc-stage/usr/share/doc/openssl/html/man7/EVP_MD-SM3.html
install doc/html/man7/EVP_MD-WHIRLPOOL.html -> /c/ap13-dcb/native-msys-crypto-packages-03/work/openssl-doc-stage/usr/share/doc/openssl/html/man7/EVP_MD-WHIRLPOOL.html
install doc/html/man7/EVP_MD-common.html -> /c/ap13-dcb/native-msys-crypto-packages-03/work/openssl-doc-stage/usr/share/doc/openssl/html/man7/EVP_MD-common.html
install doc/html/man7/EVP_PKEY-DH.html -> /c/ap13-dcb/native-msys-crypto-packages-03/work/openssl-doc-stage/usr/share/doc/openssl/html/man7/EVP_PKEY-DH.html
install doc/html/man7/EVP_PKEY-DSA.html -> /c/ap13-dcb/native-msys-crypto-packages-03/work/openssl-doc-stage/usr/share/doc/openssl/html/man7/EVP_PKEY-DSA.html
install doc/html/man7/EVP_PKEY-EC.html -> /c/ap13-dcb/native-msys-crypto-packages-03/work/openssl-doc-stage/usr/share/doc/openssl/html/man7/EVP_PKEY-EC.html
install doc/html/man7/EVP_PKEY-FFC.html -> /c/ap13-dcb/native-msys-crypto-packages-03/work/openssl-doc-stage/usr/share/doc/openssl/html/man7/EVP_PKEY-FFC.html
install doc/html/man7/EVP_PKEY-HMAC.html -> /c/ap13-dcb/native-msys-crypto-packages-03/work/openssl-doc-stage/usr/share/doc/openssl/html/man7/EVP_PKEY-HMAC.html
install doc/html/man7/EVP_PKEY-LMS.html -> /c/ap13-dcb/native-msys-crypto-packages-03/work/openssl-doc-stage/usr/share/doc/openssl/html/man7/EVP_PKEY-LMS.html
install doc/html/man7/EVP_PKEY-ML-DSA.html -> /c/ap13-dcb/native-msys-crypto-packages-03/work/openssl-doc-stage/usr/share/doc/openssl/html/man7/EVP_PKEY-ML-DSA.html
install doc/html/man7/EVP_PKEY-ML-KEM.html -> /c/ap13-dcb/native-msys-crypto-packages-03/work/openssl-doc-stage/usr/share/doc/openssl/html/man7/EVP_PKEY-ML-KEM.html
install doc/html/man7/EVP_PKEY-RSA.html -> /c/ap13-dcb/native-msys-crypto-packages-03/work/openssl-doc-stage/usr/share/doc/openssl/html/man7/EVP_PKEY-RSA.html
install doc/html/man7/EVP_PKEY-SLH-DSA.html -> /c/ap13-dcb/native-msys-crypto-packages-03/work/openssl-doc-stage/usr/share/doc/openssl/html/man7/EVP_PKEY-SLH-DSA.html
install doc/html/man7/EVP_PKEY-SM2.html -> /c/ap13-dcb/native-msys-crypto-packages-03/work/openssl-doc-stage/usr/share/doc/openssl/html/man7/EVP_PKEY-SM2.html
install doc/html/man7/EVP_PKEY-X25519.html -> /c/ap13-dcb/native-msys-crypto-packages-03/work/openssl-doc-stage/usr/share/doc/openssl/html/man7/EVP_PKEY-X25519.html
install doc/html/man7/EVP_RAND-CRNG-TEST.html -> /c/ap13-dcb/native-msys-crypto-packages-03/work/openssl-doc-stage/usr/share/doc/openssl/html/man7/EVP_RAND-CRNG-TEST.html
install doc/html/man7/EVP_RAND-CTR-DRBG.html -> /c/ap13-dcb/native-msys-crypto-packages-03/work/openssl-doc-stage/usr/share/doc/openssl/html/man7/EVP_RAND-CTR-DRBG.html
install doc/html/man7/EVP_RAND-HASH-DRBG.html -> /c/ap13-dcb/native-msys-crypto-packages-03/work/openssl-doc-stage/usr/share/doc/openssl/html/man7/EVP_RAND-HASH-DRBG.html
install doc/html/man7/EVP_RAND-HMAC-DRBG.html -> /c/ap13-dcb/native-msys-crypto-packages-03/work/openssl-doc-stage/usr/share/doc/openssl/html/man7/EVP_RAND-HMAC-DRBG.html
install doc/html/man7/EVP_RAND-JITTER.html -> /c/ap13-dcb/native-msys-crypto-packages-03/work/openssl-doc-stage/usr/share/doc/openssl/html/man7/EVP_RAND-JITTER.html
install doc/html/man7/EVP_RAND-SEED-SRC.html -> /c/ap13-dcb/native-msys-crypto-packages-03/work/openssl-doc-stage/usr/share/doc/openssl/html/man7/EVP_RAND-SEED-SRC.html
install doc/html/man7/EVP_RAND-TEST-RAND.html -> /c/ap13-dcb/native-msys-crypto-packages-03/work/openssl-doc-stage/usr/share/doc/openssl/html/man7/EVP_RAND-TEST-RAND.html
install doc/html/man7/EVP_RAND.html -> /c/ap13-dcb/native-msys-crypto-packages-03/work/openssl-doc-stage/usr/share/doc/openssl/html/man7/EVP_RAND.html
install doc/html/man7/EVP_SIGNATURE-DSA.html -> /c/ap13-dcb/native-msys-crypto-packages-03/work/openssl-doc-stage/usr/share/doc/openssl/html/man7/EVP_SIGNATURE-DSA.html
install doc/html/man7/EVP_SIGNATURE-ECDSA.html -> /c/ap13-dcb/native-msys-crypto-packages-03/work/openssl-doc-stage/usr/share/doc/openssl/html/man7/EVP_SIGNATURE-ECDSA.html
install doc/html/man7/EVP_SIGNATURE-ED25519.html -> /c/ap13-dcb/native-msys-crypto-packages-03/work/openssl-doc-stage/usr/share/doc/openssl/html/man7/EVP_SIGNATURE-ED25519.html
install doc/html/man7/EVP_SIGNATURE-HMAC.html -> /c/ap13-dcb/native-msys-crypto-packages-03/work/openssl-doc-stage/usr/share/doc/openssl/html/man7/EVP_SIGNATURE-HMAC.html
install doc/html/man7/EVP_SIGNATURE-LMS.html -> /c/ap13-dcb/native-msys-crypto-packages-03/work/openssl-doc-stage/usr/share/doc/openssl/html/man7/EVP_SIGNATURE-LMS.html
install doc/html/man7/EVP_SIGNATURE-ML-DSA.html -> /c/ap13-dcb/native-msys-crypto-packages-03/work/openssl-doc-stage/usr/share/doc/openssl/html/man7/EVP_SIGNATURE-ML-DSA.html
install doc/html/man7/EVP_SIGNATURE-RSA.html -> /c/ap13-dcb/native-msys-crypto-packages-03/work/openssl-doc-stage/usr/share/doc/openssl/html/man7/EVP_SIGNATURE-RSA.html
install doc/html/man7/EVP_SIGNATURE-SLH-DSA.html -> /c/ap13-dcb/native-msys-crypto-packages-03/work/openssl-doc-stage/usr/share/doc/openssl/html/man7/EVP_SIGNATURE-SLH-DSA.html
install doc/html/man7/OSSL_PROVIDER-FIPS.html -> /c/ap13-dcb/native-msys-crypto-packages-03/work/openssl-doc-stage/usr/share/doc/openssl/html/man7/OSSL_PROVIDER-FIPS.html
install doc/html/man7/OSSL_PROVIDER-base.html -> /c/ap13-dcb/native-msys-crypto-packages-03/work/openssl-doc-stage/usr/share/doc/openssl/html/man7/OSSL_PROVIDER-base.html
install doc/html/man7/OSSL_PROVIDER-default.html -> /c/ap13-dcb/native-msys-crypto-packages-03/work/openssl-doc-stage/usr/share/doc/openssl/html/man7/OSSL_PROVIDER-default.html
install doc/html/man7/OSSL_PROVIDER-legacy.html -> /c/ap13-dcb/native-msys-crypto-packages-03/work/openssl-doc-stage/usr/share/doc/openssl/html/man7/OSSL_PROVIDER-legacy.html
install doc/html/man7/OSSL_PROVIDER-null.html -> /c/ap13-dcb/native-msys-crypto-packages-03/work/openssl-doc-stage/usr/share/doc/openssl/html/man7/OSSL_PROVIDER-null.html
install doc/html/man7/OSSL_STORE-winstore.html -> /c/ap13-dcb/native-msys-crypto-packages-03/work/openssl-doc-stage/usr/share/doc/openssl/html/man7/OSSL_STORE-winstore.html
install doc/html/man7/RAND.html -> /c/ap13-dcb/native-msys-crypto-packages-03/work/openssl-doc-stage/usr/share/doc/openssl/html/man7/RAND.html
install doc/html/man7/RSA-PSS.html -> /c/ap13-dcb/native-msys-crypto-packages-03/work/openssl-doc-stage/usr/share/doc/openssl/html/man7/RSA-PSS.html
install doc/html/man7/X25519.html -> /c/ap13-dcb/native-msys-crypto-packages-03/work/openssl-doc-stage/usr/share/doc/openssl/html/man7/X25519.html
install doc/html/man7/bio.html -> /c/ap13-dcb/native-msys-crypto-packages-03/work/openssl-doc-stage/usr/share/doc/openssl/html/man7/bio.html
install doc/html/man7/ct.html -> /c/ap13-dcb/native-msys-crypto-packages-03/work/openssl-doc-stage/usr/share/doc/openssl/html/man7/ct.html
install doc/html/man7/des_modes.html -> /c/ap13-dcb/native-msys-crypto-packages-03/work/openssl-doc-stage/usr/share/doc/openssl/html/man7/des_modes.html
install doc/html/man7/evp.html -> /c/ap13-dcb/native-msys-crypto-packages-03/work/openssl-doc-stage/usr/share/doc/openssl/html/man7/evp.html
install doc/html/man7/fips_module.html -> /c/ap13-dcb/native-msys-crypto-packages-03/work/openssl-doc-stage/usr/share/doc/openssl/html/man7/fips_module.html
install doc/html/man7/life_cycle-cipher.html -> /c/ap13-dcb/native-msys-crypto-packages-03/work/openssl-doc-stage/usr/share/doc/openssl/html/man7/life_cycle-cipher.html
install doc/html/man7/life_cycle-digest.html -> /c/ap13-dcb/native-msys-crypto-packages-03/work/openssl-doc-stage/usr/share/doc/openssl/html/man7/life_cycle-digest.html
install doc/html/man7/life_cycle-kdf.html -> /c/ap13-dcb/native-msys-crypto-packages-03/work/openssl-doc-stage/usr/share/doc/openssl/html/man7/life_cycle-kdf.html
install doc/html/man7/life_cycle-mac.html -> /c/ap13-dcb/native-msys-crypto-packages-03/work/openssl-doc-stage/usr/share/doc/openssl/html/man7/life_cycle-mac.html
install doc/html/man7/life_cycle-pkey.html -> /c/ap13-dcb/native-msys-crypto-packages-03/work/openssl-doc-stage/usr/share/doc/openssl/html/man7/life_cycle-pkey.html
install doc/html/man7/life_cycle-rand.html -> /c/ap13-dcb/native-msys-crypto-packages-03/work/openssl-doc-stage/usr/share/doc/openssl/html/man7/life_cycle-rand.html
install doc/html/man7/openssl-core.h.html -> /c/ap13-dcb/native-msys-crypto-packages-03/work/openssl-doc-stage/usr/share/doc/openssl/html/man7/openssl-core.h.html
install doc/html/man7/openssl-core_dispatch.h.html -> /c/ap13-dcb/native-msys-crypto-packages-03/work/openssl-doc-stage/usr/share/doc/openssl/html/man7/openssl-core_dispatch.h.html
install doc/html/man7/openssl-core_names.h.html -> /c/ap13-dcb/native-msys-crypto-packages-03/work/openssl-doc-stage/usr/share/doc/openssl/html/man7/openssl-core_names.h.html
install doc/html/man7/openssl-env.html -> /c/ap13-dcb/native-msys-crypto-packages-03/work/openssl-doc-stage/usr/share/doc/openssl/html/man7/openssl-env.html
install doc/html/man7/openssl-glossary.html -> /c/ap13-dcb/native-msys-crypto-packages-03/work/openssl-doc-stage/usr/share/doc/openssl/html/man7/openssl-glossary.html
install doc/html/man7/openssl-qlog.html -> /c/ap13-dcb/native-msys-crypto-packages-03/work/openssl-doc-stage/usr/share/doc/openssl/html/man7/openssl-qlog.html
install doc/html/man7/openssl-quic-concurrency.html -> /c/ap13-dcb/native-msys-crypto-packages-03/work/openssl-doc-stage/usr/share/doc/openssl/html/man7/openssl-quic-concurrency.html
install doc/html/man7/openssl-quic.html -> /c/ap13-dcb/native-msys-crypto-packages-03/work/openssl-doc-stage/usr/share/doc/openssl/html/man7/openssl-quic.html
install doc/html/man7/openssl-threads.html -> /c/ap13-dcb/native-msys-crypto-packages-03/work/openssl-doc-stage/usr/share/doc/openssl/html/man7/openssl-threads.html
install doc/html/man7/openssl_user_macros.html -> /c/ap13-dcb/native-msys-crypto-packages-03/work/openssl-doc-stage/usr/share/doc/openssl/html/man7/openssl_user_macros.html
install doc/html/man7/ossl-guide-introduction.html -> /c/ap13-dcb/native-msys-crypto-packages-03/work/openssl-doc-stage/usr/share/doc/openssl/html/man7/ossl-guide-introduction.html
install doc/html/man7/ossl-guide-libcrypto-introduction.html -> /c/ap13-dcb/native-msys-crypto-packages-03/work/openssl-doc-stage/usr/share/doc/openssl/html/man7/ossl-guide-libcrypto-introduction.html
install doc/html/man7/ossl-guide-libraries-introduction.html -> /c/ap13-dcb/native-msys-crypto-packages-03/work/openssl-doc-stage/usr/share/doc/openssl/html/man7/ossl-guide-libraries-introduction.html
install doc/html/man7/ossl-guide-libssl-introduction.html -> /c/ap13-dcb/native-msys-crypto-packages-03/work/openssl-doc-stage/usr/share/doc/openssl/html/man7/ossl-guide-libssl-introduction.html
install doc/html/man7/ossl-guide-migration.html -> /c/ap13-dcb/native-msys-crypto-packages-03/work/openssl-doc-stage/usr/share/doc/openssl/html/man7/ossl-guide-migration.html
install doc/html/man7/ossl-guide-quic-client-block.html -> /c/ap13-dcb/native-msys-crypto-packages-03/work/openssl-doc-stage/usr/share/doc/openssl/html/man7/ossl-guide-quic-client-block.html
install doc/html/man7/ossl-guide-quic-client-non-block.html -> /c/ap13-dcb/native-msys-crypto-packages-03/work/openssl-doc-stage/usr/share/doc/openssl/html/man7/ossl-guide-quic-client-non-block.html
install doc/html/man7/ossl-guide-quic-introduction.html -> /c/ap13-dcb/native-msys-crypto-packages-03/work/openssl-doc-stage/usr/share/doc/openssl/html/man7/ossl-guide-quic-introduction.html
install doc/html/man7/ossl-guide-quic-multi-stream.html -> /c/ap13-dcb/native-msys-crypto-packages-03/work/openssl-doc-stage/usr/share/doc/openssl/html/man7/ossl-guide-quic-multi-stream.html
install doc/html/man7/ossl-guide-quic-server-block.html -> /c/ap13-dcb/native-msys-crypto-packages-03/work/openssl-doc-stage/usr/share/doc/openssl/html/man7/ossl-guide-quic-server-block.html
install doc/html/man7/ossl-guide-quic-server-non-block.html -> /c/ap13-dcb/native-msys-crypto-packages-03/work/openssl-doc-stage/usr/share/doc/openssl/html/man7/ossl-guide-quic-server-non-block.html
install doc/html/man7/ossl-guide-tls-client-block.html -> /c/ap13-dcb/native-msys-crypto-packages-03/work/openssl-doc-stage/usr/share/doc/openssl/html/man7/ossl-guide-tls-client-block.html
install doc/html/man7/ossl-guide-tls-client-non-block.html -> /c/ap13-dcb/native-msys-crypto-packages-03/work/openssl-doc-stage/usr/share/doc/openssl/html/man7/ossl-guide-tls-client-non-block.html
install doc/html/man7/ossl-guide-tls-introduction.html -> /c/ap13-dcb/native-msys-crypto-packages-03/work/openssl-doc-stage/usr/share/doc/openssl/html/man7/ossl-guide-tls-introduction.html
install doc/html/man7/ossl-guide-tls-server-block.html -> /c/ap13-dcb/native-msys-crypto-packages-03/work/openssl-doc-stage/usr/share/doc/openssl/html/man7/ossl-guide-tls-server-block.html
install doc/html/man7/ossl_store-file.html -> /c/ap13-dcb/native-msys-crypto-packages-03/work/openssl-doc-stage/usr/share/doc/openssl/html/man7/ossl_store-file.html
install doc/html/man7/ossl_store.html -> /c/ap13-dcb/native-msys-crypto-packages-03/work/openssl-doc-stage/usr/share/doc/openssl/html/man7/ossl_store.html
install doc/html/man7/passphrase-encoding.html -> /c/ap13-dcb/native-msys-crypto-packages-03/work/openssl-doc-stage/usr/share/doc/openssl/html/man7/passphrase-encoding.html
install doc/html/man7/property.html -> /c/ap13-dcb/native-msys-crypto-packages-03/work/openssl-doc-stage/usr/share/doc/openssl/html/man7/property.html
install doc/html/man7/provider-asym_cipher.html -> /c/ap13-dcb/native-msys-crypto-packages-03/work/openssl-doc-stage/usr/share/doc/openssl/html/man7/provider-asym_cipher.html
install doc/html/man7/provider-base.html -> /c/ap13-dcb/native-msys-crypto-packages-03/work/openssl-doc-stage/usr/share/doc/openssl/html/man7/provider-base.html
install doc/html/man7/provider-cipher.html -> /c/ap13-dcb/native-msys-crypto-packages-03/work/openssl-doc-stage/usr/share/doc/openssl/html/man7/provider-cipher.html
install doc/html/man7/provider-decoder.html -> /c/ap13-dcb/native-msys-crypto-packages-03/work/openssl-doc-stage/usr/share/doc/openssl/html/man7/provider-decoder.html
install doc/html/man7/provider-digest.html -> /c/ap13-dcb/native-msys-crypto-packages-03/work/openssl-doc-stage/usr/share/doc/openssl/html/man7/provider-digest.html
install doc/html/man7/provider-encoder.html -> /c/ap13-dcb/native-msys-crypto-packages-03/work/openssl-doc-stage/usr/share/doc/openssl/html/man7/provider-encoder.html
install doc/html/man7/provider-kdf.html -> /c/ap13-dcb/native-msys-crypto-packages-03/work/openssl-doc-stage/usr/share/doc/openssl/html/man7/provider-kdf.html
install doc/html/man7/provider-kem.html -> /c/ap13-dcb/native-msys-crypto-packages-03/work/openssl-doc-stage/usr/share/doc/openssl/html/man7/provider-kem.html
install doc/html/man7/provider-keyexch.html -> /c/ap13-dcb/native-msys-crypto-packages-03/work/openssl-doc-stage/usr/share/doc/openssl/html/man7/provider-keyexch.html
install doc/html/man7/provider-keymgmt.html -> /c/ap13-dcb/native-msys-crypto-packages-03/work/openssl-doc-stage/usr/share/doc/openssl/html/man7/provider-keymgmt.html
install doc/html/man7/provider-mac.html -> /c/ap13-dcb/native-msys-crypto-packages-03/work/openssl-doc-stage/usr/share/doc/openssl/html/man7/provider-mac.html
install doc/html/man7/provider-object.html -> /c/ap13-dcb/native-msys-crypto-packages-03/work/openssl-doc-stage/usr/share/doc/openssl/html/man7/provider-object.html
install doc/html/man7/provider-rand.html -> /c/ap13-dcb/native-msys-crypto-packages-03/work/openssl-doc-stage/usr/share/doc/openssl/html/man7/provider-rand.html
install doc/html/man7/provider-signature.html -> /c/ap13-dcb/native-msys-crypto-packages-03/work/openssl-doc-stage/usr/share/doc/openssl/html/man7/provider-signature.html
install doc/html/man7/provider-skeymgmt.html -> /c/ap13-dcb/native-msys-crypto-packages-03/work/openssl-doc-stage/usr/share/doc/openssl/html/man7/provider-skeymgmt.html
install doc/html/man7/provider-storemgmt.html -> /c/ap13-dcb/native-msys-crypto-packages-03/work/openssl-doc-stage/usr/share/doc/openssl/html/man7/provider-storemgmt.html
install doc/html/man7/provider.html -> /c/ap13-dcb/native-msys-crypto-packages-03/work/openssl-doc-stage/usr/share/doc/openssl/html/man7/provider.html
install doc/html/man7/proxy-certificates.html -> /c/ap13-dcb/native-msys-crypto-packages-03/work/openssl-doc-stage/usr/share/doc/openssl/html/man7/proxy-certificates.html
install doc/html/man7/x509.html -> /c/ap13-dcb/native-msys-crypto-packages-03/work/openssl-doc-stage/usr/share/doc/openssl/html/man7/x509.html
