==> (B MINGW_ARCH: mingwarm64(B
  ->(B Building mingwarm64...(B
==> Making package: mingw-w64-openssl 3.6.4-1 (Thu Sep 10 22:31:40 2026)
==> WARNING: Skipping dependency checks.
==> Starting package()...
make install_sw
make[1]: Entering directory '/c/ag-openssl-e138-01/crlf-focused-01/src/build-MINGWARM64'
"make" depend && "make" _build_libs
make[2]: Entering directory '/c/ag-openssl-e138-01/crlf-focused-01/src/build-MINGWARM64'
make[2]: Leaving directory '/c/ag-openssl-e138-01/crlf-focused-01/src/build-MINGWARM64'
make[2]: Entering directory '/c/ag-openssl-e138-01/crlf-focused-01/src/build-MINGWARM64'
make[2]: Nothing to be done for '_build_libs'.
make[2]: Leaving directory '/c/ag-openssl-e138-01/crlf-focused-01/src/build-MINGWARM64'
created directory `/c/ag-openssl-e138-01/package-04/recipe/pkg/mingw-w64-aarch64-openssl/mingwarm64'
created directory `/c/ag-openssl-e138-01/package-04/recipe/pkg/mingw-w64-aarch64-openssl/mingwarm64/bin'
*** Installing runtime libraries
install libcrypto-3-arm64.dll -> /c/ag-openssl-e138-01/package-04/recipe/pkg/mingw-w64-aarch64-openssl/mingwarm64/bin/libcrypto-3-arm64.dll
install libssl-3-arm64.dll -> /c/ag-openssl-e138-01/package-04/recipe/pkg/mingw-w64-aarch64-openssl/mingwarm64/bin/libssl-3-arm64.dll
*** Installing development files
created directory `/c/ag-openssl-e138-01/package-04/recipe/pkg/mingw-w64-aarch64-openssl/mingwarm64/include'
created directory `/c/ag-openssl-e138-01/package-04/recipe/pkg/mingw-w64-aarch64-openssl/mingwarm64/include/openssl'
install ../openssl-3.6.4/ms/applink.c -> /c/ag-openssl-e138-01/package-04/recipe/pkg/mingw-w64-aarch64-openssl/mingwarm64/include/openssl/applink.c
install ../openssl-3.6.4/include/openssl/aes.h -> /c/ag-openssl-e138-01/package-04/recipe/pkg/mingw-w64-aarch64-openssl/mingwarm64/include/openssl/aes.h
install ../openssl-3.6.4/include/openssl/asn1err.h -> /c/ag-openssl-e138-01/package-04/recipe/pkg/mingw-w64-aarch64-openssl/mingwarm64/include/openssl/asn1err.h
install ../openssl-3.6.4/include/openssl/async.h -> /c/ag-openssl-e138-01/package-04/recipe/pkg/mingw-w64-aarch64-openssl/mingwarm64/include/openssl/async.h
install ../openssl-3.6.4/include/openssl/asyncerr.h -> /c/ag-openssl-e138-01/package-04/recipe/pkg/mingw-w64-aarch64-openssl/mingwarm64/include/openssl/asyncerr.h
install ../openssl-3.6.4/include/openssl/bioerr.h -> /c/ag-openssl-e138-01/package-04/recipe/pkg/mingw-w64-aarch64-openssl/mingwarm64/include/openssl/bioerr.h
install ../openssl-3.6.4/include/openssl/blowfish.h -> /c/ag-openssl-e138-01/package-04/recipe/pkg/mingw-w64-aarch64-openssl/mingwarm64/include/openssl/blowfish.h
install ../openssl-3.6.4/include/openssl/bn.h -> /c/ag-openssl-e138-01/package-04/recipe/pkg/mingw-w64-aarch64-openssl/mingwarm64/include/openssl/bn.h
install ../openssl-3.6.4/include/openssl/bnerr.h -> /c/ag-openssl-e138-01/package-04/recipe/pkg/mingw-w64-aarch64-openssl/mingwarm64/include/openssl/bnerr.h
install ../openssl-3.6.4/include/openssl/buffer.h -> /c/ag-openssl-e138-01/package-04/recipe/pkg/mingw-w64-aarch64-openssl/mingwarm64/include/openssl/buffer.h
install ../openssl-3.6.4/include/openssl/buffererr.h -> /c/ag-openssl-e138-01/package-04/recipe/pkg/mingw-w64-aarch64-openssl/mingwarm64/include/openssl/buffererr.h
install ../openssl-3.6.4/include/openssl/byteorder.h -> /c/ag-openssl-e138-01/package-04/recipe/pkg/mingw-w64-aarch64-openssl/mingwarm64/include/openssl/byteorder.h
install ../openssl-3.6.4/include/openssl/camellia.h -> /c/ag-openssl-e138-01/package-04/recipe/pkg/mingw-w64-aarch64-openssl/mingwarm64/include/openssl/camellia.h
install ../openssl-3.6.4/include/openssl/cast.h -> /c/ag-openssl-e138-01/package-04/recipe/pkg/mingw-w64-aarch64-openssl/mingwarm64/include/openssl/cast.h
install ../openssl-3.6.4/include/openssl/cmac.h -> /c/ag-openssl-e138-01/package-04/recipe/pkg/mingw-w64-aarch64-openssl/mingwarm64/include/openssl/cmac.h
install ../openssl-3.6.4/include/openssl/cmp_util.h -> /c/ag-openssl-e138-01/package-04/recipe/pkg/mingw-w64-aarch64-openssl/mingwarm64/include/openssl/cmp_util.h
install ../openssl-3.6.4/include/openssl/cmperr.h -> /c/ag-openssl-e138-01/package-04/recipe/pkg/mingw-w64-aarch64-openssl/mingwarm64/include/openssl/cmperr.h
install ../openssl-3.6.4/include/openssl/cmserr.h -> /c/ag-openssl-e138-01/package-04/recipe/pkg/mingw-w64-aarch64-openssl/mingwarm64/include/openssl/cmserr.h
install ../openssl-3.6.4/include/openssl/comperr.h -> /c/ag-openssl-e138-01/package-04/recipe/pkg/mingw-w64-aarch64-openssl/mingwarm64/include/openssl/comperr.h
install ../openssl-3.6.4/include/openssl/conf_api.h -> /c/ag-openssl-e138-01/package-04/recipe/pkg/mingw-w64-aarch64-openssl/mingwarm64/include/openssl/conf_api.h
install ../openssl-3.6.4/include/openssl/conferr.h -> /c/ag-openssl-e138-01/package-04/recipe/pkg/mingw-w64-aarch64-openssl/mingwarm64/include/openssl/conferr.h
install ../openssl-3.6.4/include/openssl/conftypes.h -> /c/ag-openssl-e138-01/package-04/recipe/pkg/mingw-w64-aarch64-openssl/mingwarm64/include/openssl/conftypes.h
install ../openssl-3.6.4/include/openssl/core.h -> /c/ag-openssl-e138-01/package-04/recipe/pkg/mingw-w64-aarch64-openssl/mingwarm64/include/openssl/core.h
install ../openssl-3.6.4/include/openssl/core_dispatch.h -> /c/ag-openssl-e138-01/package-04/recipe/pkg/mingw-w64-aarch64-openssl/mingwarm64/include/openssl/core_dispatch.h
install ../openssl-3.6.4/include/openssl/core_object.h -> /c/ag-openssl-e138-01/package-04/recipe/pkg/mingw-w64-aarch64-openssl/mingwarm64/include/openssl/core_object.h
install ../openssl-3.6.4/include/openssl/crmferr.h -> /c/ag-openssl-e138-01/package-04/recipe/pkg/mingw-w64-aarch64-openssl/mingwarm64/include/openssl/crmferr.h
install ../openssl-3.6.4/include/openssl/cryptoerr.h -> /c/ag-openssl-e138-01/package-04/recipe/pkg/mingw-w64-aarch64-openssl/mingwarm64/include/openssl/cryptoerr.h
install ../openssl-3.6.4/include/openssl/cryptoerr_legacy.h -> /c/ag-openssl-e138-01/package-04/recipe/pkg/mingw-w64-aarch64-openssl/mingwarm64/include/openssl/cryptoerr_legacy.h
install ../openssl-3.6.4/include/openssl/cterr.h -> /c/ag-openssl-e138-01/package-04/recipe/pkg/mingw-w64-aarch64-openssl/mingwarm64/include/openssl/cterr.h
install ../openssl-3.6.4/include/openssl/decoder.h -> /c/ag-openssl-e138-01/package-04/recipe/pkg/mingw-w64-aarch64-openssl/mingwarm64/include/openssl/decoder.h
install ../openssl-3.6.4/include/openssl/decodererr.h -> /c/ag-openssl-e138-01/package-04/recipe/pkg/mingw-w64-aarch64-openssl/mingwarm64/include/openssl/decodererr.h
install ../openssl-3.6.4/include/openssl/des.h -> /c/ag-openssl-e138-01/package-04/recipe/pkg/mingw-w64-aarch64-openssl/mingwarm64/include/openssl/des.h
install ../openssl-3.6.4/include/openssl/dh.h -> /c/ag-openssl-e138-01/package-04/recipe/pkg/mingw-w64-aarch64-openssl/mingwarm64/include/openssl/dh.h
install ../openssl-3.6.4/include/openssl/dherr.h -> /c/ag-openssl-e138-01/package-04/recipe/pkg/mingw-w64-aarch64-openssl/mingwarm64/include/openssl/dherr.h
install ../openssl-3.6.4/include/openssl/dsa.h -> /c/ag-openssl-e138-01/package-04/recipe/pkg/mingw-w64-aarch64-openssl/mingwarm64/include/openssl/dsa.h
install ../openssl-3.6.4/include/openssl/dsaerr.h -> /c/ag-openssl-e138-01/package-04/recipe/pkg/mingw-w64-aarch64-openssl/mingwarm64/include/openssl/dsaerr.h
install ../openssl-3.6.4/include/openssl/dtls1.h -> /c/ag-openssl-e138-01/package-04/recipe/pkg/mingw-w64-aarch64-openssl/mingwarm64/include/openssl/dtls1.h
install ../openssl-3.6.4/include/openssl/e_os2.h -> /c/ag-openssl-e138-01/package-04/recipe/pkg/mingw-w64-aarch64-openssl/mingwarm64/include/openssl/e_os2.h
install ../openssl-3.6.4/include/openssl/e_ostime.h -> /c/ag-openssl-e138-01/package-04/recipe/pkg/mingw-w64-aarch64-openssl/mingwarm64/include/openssl/e_ostime.h
install ../openssl-3.6.4/include/openssl/ebcdic.h -> /c/ag-openssl-e138-01/package-04/recipe/pkg/mingw-w64-aarch64-openssl/mingwarm64/include/openssl/ebcdic.h
install ../openssl-3.6.4/include/openssl/ec.h -> /c/ag-openssl-e138-01/package-04/recipe/pkg/mingw-w64-aarch64-openssl/mingwarm64/include/openssl/ec.h
install ../openssl-3.6.4/include/openssl/ecdh.h -> /c/ag-openssl-e138-01/package-04/recipe/pkg/mingw-w64-aarch64-openssl/mingwarm64/include/openssl/ecdh.h
install ../openssl-3.6.4/include/openssl/ecdsa.h -> /c/ag-openssl-e138-01/package-04/recipe/pkg/mingw-w64-aarch64-openssl/mingwarm64/include/openssl/ecdsa.h
install ../openssl-3.6.4/include/openssl/ecerr.h -> /c/ag-openssl-e138-01/package-04/recipe/pkg/mingw-w64-aarch64-openssl/mingwarm64/include/openssl/ecerr.h
install ../openssl-3.6.4/include/openssl/encoder.h -> /c/ag-openssl-e138-01/package-04/recipe/pkg/mingw-w64-aarch64-openssl/mingwarm64/include/openssl/encoder.h
install ../openssl-3.6.4/include/openssl/encodererr.h -> /c/ag-openssl-e138-01/package-04/recipe/pkg/mingw-w64-aarch64-openssl/mingwarm64/include/openssl/encodererr.h
install ../openssl-3.6.4/include/openssl/engine.h -> /c/ag-openssl-e138-01/package-04/recipe/pkg/mingw-w64-aarch64-openssl/mingwarm64/include/openssl/engine.h
install ../openssl-3.6.4/include/openssl/engineerr.h -> /c/ag-openssl-e138-01/package-04/recipe/pkg/mingw-w64-aarch64-openssl/mingwarm64/include/openssl/engineerr.h
install ../openssl-3.6.4/include/openssl/esserr.h -> /c/ag-openssl-e138-01/package-04/recipe/pkg/mingw-w64-aarch64-openssl/mingwarm64/include/openssl/esserr.h
install ../openssl-3.6.4/include/openssl/evp.h -> /c/ag-openssl-e138-01/package-04/recipe/pkg/mingw-w64-aarch64-openssl/mingwarm64/include/openssl/evp.h
install ../openssl-3.6.4/include/openssl/evperr.h -> /c/ag-openssl-e138-01/package-04/recipe/pkg/mingw-w64-aarch64-openssl/mingwarm64/include/openssl/evperr.h
install ../openssl-3.6.4/include/openssl/fips_names.h -> /c/ag-openssl-e138-01/package-04/recipe/pkg/mingw-w64-aarch64-openssl/mingwarm64/include/openssl/fips_names.h
install ../openssl-3.6.4/include/openssl/hmac.h -> /c/ag-openssl-e138-01/package-04/recipe/pkg/mingw-w64-aarch64-openssl/mingwarm64/include/openssl/hmac.h
install ../openssl-3.6.4/include/openssl/hpke.h -> /c/ag-openssl-e138-01/package-04/recipe/pkg/mingw-w64-aarch64-openssl/mingwarm64/include/openssl/hpke.h
install ../openssl-3.6.4/include/openssl/http.h -> /c/ag-openssl-e138-01/package-04/recipe/pkg/mingw-w64-aarch64-openssl/mingwarm64/include/openssl/http.h
install ../openssl-3.6.4/include/openssl/httperr.h -> /c/ag-openssl-e138-01/package-04/recipe/pkg/mingw-w64-aarch64-openssl/mingwarm64/include/openssl/httperr.h
install ../openssl-3.6.4/include/openssl/idea.h -> /c/ag-openssl-e138-01/package-04/recipe/pkg/mingw-w64-aarch64-openssl/mingwarm64/include/openssl/idea.h
install ../openssl-3.6.4/include/openssl/indicator.h -> /c/ag-openssl-e138-01/package-04/recipe/pkg/mingw-w64-aarch64-openssl/mingwarm64/include/openssl/indicator.h
install ../openssl-3.6.4/include/openssl/kdf.h -> /c/ag-openssl-e138-01/package-04/recipe/pkg/mingw-w64-aarch64-openssl/mingwarm64/include/openssl/kdf.h
install ../openssl-3.6.4/include/openssl/kdferr.h -> /c/ag-openssl-e138-01/package-04/recipe/pkg/mingw-w64-aarch64-openssl/mingwarm64/include/openssl/kdferr.h
install ../openssl-3.6.4/include/openssl/macros.h -> /c/ag-openssl-e138-01/package-04/recipe/pkg/mingw-w64-aarch64-openssl/mingwarm64/include/openssl/macros.h
install ../openssl-3.6.4/include/openssl/md2.h -> /c/ag-openssl-e138-01/package-04/recipe/pkg/mingw-w64-aarch64-openssl/mingwarm64/include/openssl/md2.h
install ../openssl-3.6.4/include/openssl/md4.h -> /c/ag-openssl-e138-01/package-04/recipe/pkg/mingw-w64-aarch64-openssl/mingwarm64/include/openssl/md4.h
install ../openssl-3.6.4/include/openssl/md5.h -> /c/ag-openssl-e138-01/package-04/recipe/pkg/mingw-w64-aarch64-openssl/mingwarm64/include/openssl/md5.h
install ../openssl-3.6.4/include/openssl/mdc2.h -> /c/ag-openssl-e138-01/package-04/recipe/pkg/mingw-w64-aarch64-openssl/mingwarm64/include/openssl/mdc2.h
install ../openssl-3.6.4/include/openssl/ml_kem.h -> /c/ag-openssl-e138-01/package-04/recipe/pkg/mingw-w64-aarch64-openssl/mingwarm64/include/openssl/ml_kem.h
install ../openssl-3.6.4/include/openssl/modes.h -> /c/ag-openssl-e138-01/package-04/recipe/pkg/mingw-w64-aarch64-openssl/mingwarm64/include/openssl/modes.h
install ../openssl-3.6.4/include/openssl/obj_mac.h -> /c/ag-openssl-e138-01/package-04/recipe/pkg/mingw-w64-aarch64-openssl/mingwarm64/include/openssl/obj_mac.h
install ../openssl-3.6.4/include/openssl/objects.h -> /c/ag-openssl-e138-01/package-04/recipe/pkg/mingw-w64-aarch64-openssl/mingwarm64/include/openssl/objects.h
install ../openssl-3.6.4/include/openssl/objectserr.h -> /c/ag-openssl-e138-01/package-04/recipe/pkg/mingw-w64-aarch64-openssl/mingwarm64/include/openssl/objectserr.h
install ../openssl-3.6.4/include/openssl/ocsperr.h -> /c/ag-openssl-e138-01/package-04/recipe/pkg/mingw-w64-aarch64-openssl/mingwarm64/include/openssl/ocsperr.h
install ../openssl-3.6.4/include/openssl/opensslconf.h -> /c/ag-openssl-e138-01/package-04/recipe/pkg/mingw-w64-aarch64-openssl/mingwarm64/include/openssl/opensslconf.h
install ../openssl-3.6.4/include/openssl/ossl_typ.h -> /c/ag-openssl-e138-01/package-04/recipe/pkg/mingw-w64-aarch64-openssl/mingwarm64/include/openssl/ossl_typ.h
install ../openssl-3.6.4/include/openssl/param_build.h -> /c/ag-openssl-e138-01/package-04/recipe/pkg/mingw-w64-aarch64-openssl/mingwarm64/include/openssl/param_build.h
install ../openssl-3.6.4/include/openssl/params.h -> /c/ag-openssl-e138-01/package-04/recipe/pkg/mingw-w64-aarch64-openssl/mingwarm64/include/openssl/params.h
install ../openssl-3.6.4/include/openssl/pem.h -> /c/ag-openssl-e138-01/package-04/recipe/pkg/mingw-w64-aarch64-openssl/mingwarm64/include/openssl/pem.h
install ../openssl-3.6.4/include/openssl/pem2.h -> /c/ag-openssl-e138-01/package-04/recipe/pkg/mingw-w64-aarch64-openssl/mingwarm64/include/openssl/pem2.h
install ../openssl-3.6.4/include/openssl/pemerr.h -> /c/ag-openssl-e138-01/package-04/recipe/pkg/mingw-w64-aarch64-openssl/mingwarm64/include/openssl/pemerr.h
install ../openssl-3.6.4/include/openssl/pkcs12err.h -> /c/ag-openssl-e138-01/package-04/recipe/pkg/mingw-w64-aarch64-openssl/mingwarm64/include/openssl/pkcs12err.h
install ../openssl-3.6.4/include/openssl/pkcs7err.h -> /c/ag-openssl-e138-01/package-04/recipe/pkg/mingw-w64-aarch64-openssl/mingwarm64/include/openssl/pkcs7err.h
install ../openssl-3.6.4/include/openssl/prov_ssl.h -> /c/ag-openssl-e138-01/package-04/recipe/pkg/mingw-w64-aarch64-openssl/mingwarm64/include/openssl/prov_ssl.h
install ../openssl-3.6.4/include/openssl/proverr.h -> /c/ag-openssl-e138-01/package-04/recipe/pkg/mingw-w64-aarch64-openssl/mingwarm64/include/openssl/proverr.h
install ../openssl-3.6.4/include/openssl/provider.h -> /c/ag-openssl-e138-01/package-04/recipe/pkg/mingw-w64-aarch64-openssl/mingwarm64/include/openssl/provider.h
install ../openssl-3.6.4/include/openssl/quic.h -> /c/ag-openssl-e138-01/package-04/recipe/pkg/mingw-w64-aarch64-openssl/mingwarm64/include/openssl/quic.h
install ../openssl-3.6.4/include/openssl/rand.h -> /c/ag-openssl-e138-01/package-04/recipe/pkg/mingw-w64-aarch64-openssl/mingwarm64/include/openssl/rand.h
install ../openssl-3.6.4/include/openssl/randerr.h -> /c/ag-openssl-e138-01/package-04/recipe/pkg/mingw-w64-aarch64-openssl/mingwarm64/include/openssl/randerr.h
install ../openssl-3.6.4/include/openssl/rc2.h -> /c/ag-openssl-e138-01/package-04/recipe/pkg/mingw-w64-aarch64-openssl/mingwarm64/include/openssl/rc2.h
install ../openssl-3.6.4/include/openssl/rc4.h -> /c/ag-openssl-e138-01/package-04/recipe/pkg/mingw-w64-aarch64-openssl/mingwarm64/include/openssl/rc4.h
install ../openssl-3.6.4/include/openssl/rc5.h -> /c/ag-openssl-e138-01/package-04/recipe/pkg/mingw-w64-aarch64-openssl/mingwarm64/include/openssl/rc5.h
install ../openssl-3.6.4/include/openssl/ripemd.h -> /c/ag-openssl-e138-01/package-04/recipe/pkg/mingw-w64-aarch64-openssl/mingwarm64/include/openssl/ripemd.h
install ../openssl-3.6.4/include/openssl/rsa.h -> /c/ag-openssl-e138-01/package-04/recipe/pkg/mingw-w64-aarch64-openssl/mingwarm64/include/openssl/rsa.h
install ../openssl-3.6.4/include/openssl/rsaerr.h -> /c/ag-openssl-e138-01/package-04/recipe/pkg/mingw-w64-aarch64-openssl/mingwarm64/include/openssl/rsaerr.h
install ../openssl-3.6.4/include/openssl/seed.h -> /c/ag-openssl-e138-01/package-04/recipe/pkg/mingw-w64-aarch64-openssl/mingwarm64/include/openssl/seed.h
install ../openssl-3.6.4/include/openssl/self_test.h -> /c/ag-openssl-e138-01/package-04/recipe/pkg/mingw-w64-aarch64-openssl/mingwarm64/include/openssl/self_test.h
install ../openssl-3.6.4/include/openssl/sha.h -> /c/ag-openssl-e138-01/package-04/recipe/pkg/mingw-w64-aarch64-openssl/mingwarm64/include/openssl/sha.h
install ../openssl-3.6.4/include/openssl/srtp.h -> /c/ag-openssl-e138-01/package-04/recipe/pkg/mingw-w64-aarch64-openssl/mingwarm64/include/openssl/srtp.h
install ../openssl-3.6.4/include/openssl/ssl2.h -> /c/ag-openssl-e138-01/package-04/recipe/pkg/mingw-w64-aarch64-openssl/mingwarm64/include/openssl/ssl2.h
install ../openssl-3.6.4/include/openssl/ssl3.h -> /c/ag-openssl-e138-01/package-04/recipe/pkg/mingw-w64-aarch64-openssl/mingwarm64/include/openssl/ssl3.h
install ../openssl-3.6.4/include/openssl/sslerr.h -> /c/ag-openssl-e138-01/package-04/recipe/pkg/mingw-w64-aarch64-openssl/mingwarm64/include/openssl/sslerr.h
install ../openssl-3.6.4/include/openssl/sslerr_legacy.h -> /c/ag-openssl-e138-01/package-04/recipe/pkg/mingw-w64-aarch64-openssl/mingwarm64/include/openssl/sslerr_legacy.h
install ../openssl-3.6.4/include/openssl/stack.h -> /c/ag-openssl-e138-01/package-04/recipe/pkg/mingw-w64-aarch64-openssl/mingwarm64/include/openssl/stack.h
install ../openssl-3.6.4/include/openssl/store.h -> /c/ag-openssl-e138-01/package-04/recipe/pkg/mingw-w64-aarch64-openssl/mingwarm64/include/openssl/store.h
install ../openssl-3.6.4/include/openssl/storeerr.h -> /c/ag-openssl-e138-01/package-04/recipe/pkg/mingw-w64-aarch64-openssl/mingwarm64/include/openssl/storeerr.h
install ../openssl-3.6.4/include/openssl/symhacks.h -> /c/ag-openssl-e138-01/package-04/recipe/pkg/mingw-w64-aarch64-openssl/mingwarm64/include/openssl/symhacks.h
install ../openssl-3.6.4/include/openssl/thread.h -> /c/ag-openssl-e138-01/package-04/recipe/pkg/mingw-w64-aarch64-openssl/mingwarm64/include/openssl/thread.h
install ../openssl-3.6.4/include/openssl/tls1.h -> /c/ag-openssl-e138-01/package-04/recipe/pkg/mingw-w64-aarch64-openssl/mingwarm64/include/openssl/tls1.h
install ../openssl-3.6.4/include/openssl/trace.h -> /c/ag-openssl-e138-01/package-04/recipe/pkg/mingw-w64-aarch64-openssl/mingwarm64/include/openssl/trace.h
install ../openssl-3.6.4/include/openssl/ts.h -> /c/ag-openssl-e138-01/package-04/recipe/pkg/mingw-w64-aarch64-openssl/mingwarm64/include/openssl/ts.h
install ../openssl-3.6.4/include/openssl/tserr.h -> /c/ag-openssl-e138-01/package-04/recipe/pkg/mingw-w64-aarch64-openssl/mingwarm64/include/openssl/tserr.h
install ../openssl-3.6.4/include/openssl/txt_db.h -> /c/ag-openssl-e138-01/package-04/recipe/pkg/mingw-w64-aarch64-openssl/mingwarm64/include/openssl/txt_db.h
install ../openssl-3.6.4/include/openssl/types.h -> /c/ag-openssl-e138-01/package-04/recipe/pkg/mingw-w64-aarch64-openssl/mingwarm64/include/openssl/types.h
install ../openssl-3.6.4/include/openssl/uierr.h -> /c/ag-openssl-e138-01/package-04/recipe/pkg/mingw-w64-aarch64-openssl/mingwarm64/include/openssl/uierr.h
install ../openssl-3.6.4/include/openssl/whrlpool.h -> /c/ag-openssl-e138-01/package-04/recipe/pkg/mingw-w64-aarch64-openssl/mingwarm64/include/openssl/whrlpool.h
install ../openssl-3.6.4/include/openssl/x509err.h -> /c/ag-openssl-e138-01/package-04/recipe/pkg/mingw-w64-aarch64-openssl/mingwarm64/include/openssl/x509err.h
install ../openssl-3.6.4/include/openssl/x509v3err.h -> /c/ag-openssl-e138-01/package-04/recipe/pkg/mingw-w64-aarch64-openssl/mingwarm64/include/openssl/x509v3err.h
install ./include/openssl/asn1.h -> /c/ag-openssl-e138-01/package-04/recipe/pkg/mingw-w64-aarch64-openssl/mingwarm64/include/openssl/asn1.h
install ./include/openssl/asn1t.h -> /c/ag-openssl-e138-01/package-04/recipe/pkg/mingw-w64-aarch64-openssl/mingwarm64/include/openssl/asn1t.h
install ./include/openssl/bio.h -> /c/ag-openssl-e138-01/package-04/recipe/pkg/mingw-w64-aarch64-openssl/mingwarm64/include/openssl/bio.h
install ./include/openssl/cmp.h -> /c/ag-openssl-e138-01/package-04/recipe/pkg/mingw-w64-aarch64-openssl/mingwarm64/include/openssl/cmp.h
install ./include/openssl/cms.h -> /c/ag-openssl-e138-01/package-04/recipe/pkg/mingw-w64-aarch64-openssl/mingwarm64/include/openssl/cms.h
install ./include/openssl/comp.h -> /c/ag-openssl-e138-01/package-04/recipe/pkg/mingw-w64-aarch64-openssl/mingwarm64/include/openssl/comp.h
install ./include/openssl/conf.h -> /c/ag-openssl-e138-01/package-04/recipe/pkg/mingw-w64-aarch64-openssl/mingwarm64/include/openssl/conf.h
install ./include/openssl/configuration.h -> /c/ag-openssl-e138-01/package-04/recipe/pkg/mingw-w64-aarch64-openssl/mingwarm64/include/openssl/configuration.h
install ./include/openssl/core_names.h -> /c/ag-openssl-e138-01/package-04/recipe/pkg/mingw-w64-aarch64-openssl/mingwarm64/include/openssl/core_names.h
install ./include/openssl/crmf.h -> /c/ag-openssl-e138-01/package-04/recipe/pkg/mingw-w64-aarch64-openssl/mingwarm64/include/openssl/crmf.h
install ./include/openssl/crypto.h -> /c/ag-openssl-e138-01/package-04/recipe/pkg/mingw-w64-aarch64-openssl/mingwarm64/include/openssl/crypto.h
install ./include/openssl/ct.h -> /c/ag-openssl-e138-01/package-04/recipe/pkg/mingw-w64-aarch64-openssl/mingwarm64/include/openssl/ct.h
install ./include/openssl/err.h -> /c/ag-openssl-e138-01/package-04/recipe/pkg/mingw-w64-aarch64-openssl/mingwarm64/include/openssl/err.h
install ./include/openssl/ess.h -> /c/ag-openssl-e138-01/package-04/recipe/pkg/mingw-w64-aarch64-openssl/mingwarm64/include/openssl/ess.h
install ./include/openssl/fipskey.h -> /c/ag-openssl-e138-01/package-04/recipe/pkg/mingw-w64-aarch64-openssl/mingwarm64/include/openssl/fipskey.h
install ./include/openssl/lhash.h -> /c/ag-openssl-e138-01/package-04/recipe/pkg/mingw-w64-aarch64-openssl/mingwarm64/include/openssl/lhash.h
install ./include/openssl/ocsp.h -> /c/ag-openssl-e138-01/package-04/recipe/pkg/mingw-w64-aarch64-openssl/mingwarm64/include/openssl/ocsp.h
install ./include/openssl/opensslv.h -> /c/ag-openssl-e138-01/package-04/recipe/pkg/mingw-w64-aarch64-openssl/mingwarm64/include/openssl/opensslv.h
install ./include/openssl/pkcs12.h -> /c/ag-openssl-e138-01/package-04/recipe/pkg/mingw-w64-aarch64-openssl/mingwarm64/include/openssl/pkcs12.h
install ./include/openssl/pkcs7.h -> /c/ag-openssl-e138-01/package-04/recipe/pkg/mingw-w64-aarch64-openssl/mingwarm64/include/openssl/pkcs7.h
install ./include/openssl/safestack.h -> /c/ag-openssl-e138-01/package-04/recipe/pkg/mingw-w64-aarch64-openssl/mingwarm64/include/openssl/safestack.h
install ./include/openssl/srp.h -> /c/ag-openssl-e138-01/package-04/recipe/pkg/mingw-w64-aarch64-openssl/mingwarm64/include/openssl/srp.h
install ./include/openssl/ssl.h -> /c/ag-openssl-e138-01/package-04/recipe/pkg/mingw-w64-aarch64-openssl/mingwarm64/include/openssl/ssl.h
install ./include/openssl/ui.h -> /c/ag-openssl-e138-01/package-04/recipe/pkg/mingw-w64-aarch64-openssl/mingwarm64/include/openssl/ui.h
install ./include/openssl/x509.h -> /c/ag-openssl-e138-01/package-04/recipe/pkg/mingw-w64-aarch64-openssl/mingwarm64/include/openssl/x509.h
install ./include/openssl/x509_acert.h -> /c/ag-openssl-e138-01/package-04/recipe/pkg/mingw-w64-aarch64-openssl/mingwarm64/include/openssl/x509_acert.h
install ./include/openssl/x509_vfy.h -> /c/ag-openssl-e138-01/package-04/recipe/pkg/mingw-w64-aarch64-openssl/mingwarm64/include/openssl/x509_vfy.h
install ./include/openssl/x509v3.h -> /c/ag-openssl-e138-01/package-04/recipe/pkg/mingw-w64-aarch64-openssl/mingwarm64/include/openssl/x509v3.h
created directory `/c/ag-openssl-e138-01/package-04/recipe/pkg/mingw-w64-aarch64-openssl/mingwarm64/lib'
install libcrypto.a -> /c/ag-openssl-e138-01/package-04/recipe/pkg/mingw-w64-aarch64-openssl/mingwarm64/lib/libcrypto.a
install libssl.a -> /c/ag-openssl-e138-01/package-04/recipe/pkg/mingw-w64-aarch64-openssl/mingwarm64/lib/libssl.a
install libcrypto.dll.a -> /c/ag-openssl-e138-01/package-04/recipe/pkg/mingw-w64-aarch64-openssl/mingwarm64/lib/libcrypto.dll.a
install libssl.dll.a -> /c/ag-openssl-e138-01/package-04/recipe/pkg/mingw-w64-aarch64-openssl/mingwarm64/lib/libssl.dll.a
created directory `/c/ag-openssl-e138-01/package-04/recipe/pkg/mingw-w64-aarch64-openssl/mingwarm64/lib/pkgconfig'
install exporters/libcrypto.pc -> /c/ag-openssl-e138-01/package-04/recipe/pkg/mingw-w64-aarch64-openssl/mingwarm64/lib/pkgconfig/libcrypto.pc
install exporters/libssl.pc -> /c/ag-openssl-e138-01/package-04/recipe/pkg/mingw-w64-aarch64-openssl/mingwarm64/lib/pkgconfig/libssl.pc
install exporters/openssl.pc -> /c/ag-openssl-e138-01/package-04/recipe/pkg/mingw-w64-aarch64-openssl/mingwarm64/lib/pkgconfig/openssl.pc
created directory `/c/ag-openssl-e138-01/package-04/recipe/pkg/mingw-w64-aarch64-openssl/mingwarm64/lib/cmake'
created directory `/c/ag-openssl-e138-01/package-04/recipe/pkg/mingw-w64-aarch64-openssl/mingwarm64/lib/cmake/OpenSSL'
install exporters/OpenSSLConfig.cmake -> /c/ag-openssl-e138-01/package-04/recipe/pkg/mingw-w64-aarch64-openssl/mingwarm64/lib/cmake/OpenSSL/OpenSSLConfig.cmake
install exporters/OpenSSLConfigVersion.cmake -> /c/ag-openssl-e138-01/package-04/recipe/pkg/mingw-w64-aarch64-openssl/mingwarm64/lib/cmake/OpenSSL/OpenSSLConfigVersion.cmake
"make" depend && "make" _build_modules
make[2]: Entering directory '/c/ag-openssl-e138-01/crlf-focused-01/src/build-MINGWARM64'
make[2]: Leaving directory '/c/ag-openssl-e138-01/crlf-focused-01/src/build-MINGWARM64'
make[2]: Entering directory '/c/ag-openssl-e138-01/crlf-focused-01/src/build-MINGWARM64'
make[2]: Nothing to be done for '_build_modules'.
make[2]: Leaving directory '/c/ag-openssl-e138-01/crlf-focused-01/src/build-MINGWARM64'
created directory `/c/ag-openssl-e138-01/package-04/recipe/pkg/mingw-w64-aarch64-openssl/mingwarm64/lib/engines-3'
*** Installing engines
install engines/capi.dll -> /c/ag-openssl-e138-01/package-04/recipe/pkg/mingw-w64-aarch64-openssl/mingwarm64/lib/engines-3/capi.dll
install engines/loader_attic.dll -> /c/ag-openssl-e138-01/package-04/recipe/pkg/mingw-w64-aarch64-openssl/mingwarm64/lib/engines-3/loader_attic.dll
install engines/padlock.dll -> /c/ag-openssl-e138-01/package-04/recipe/pkg/mingw-w64-aarch64-openssl/mingwarm64/lib/engines-3/padlock.dll
created directory `/c/ag-openssl-e138-01/package-04/recipe/pkg/mingw-w64-aarch64-openssl/mingwarm64/lib/ossl-modules'
*** Installing modules
install providers/legacy.dll -> /c/ag-openssl-e138-01/package-04/recipe/pkg/mingw-w64-aarch64-openssl/mingwarm64/lib/ossl-modules/legacy.dll
"make" depend && "make" _build_inst_programs
make[2]: Entering directory '/c/ag-openssl-e138-01/crlf-focused-01/src/build-MINGWARM64'
make[2]: Leaving directory '/c/ag-openssl-e138-01/crlf-focused-01/src/build-MINGWARM64'
make[2]: Entering directory '/c/ag-openssl-e138-01/crlf-focused-01/src/build-MINGWARM64'
make[2]: Nothing to be done for '_build_inst_programs'.
make[2]: Leaving directory '/c/ag-openssl-e138-01/crlf-focused-01/src/build-MINGWARM64'
*** Installing runtime programs
install apps/openssl.exe -> /c/ag-openssl-e138-01/package-04/recipe/pkg/mingw-w64-aarch64-openssl/mingwarm64/bin/openssl.exe
install tools/c_rehash -> /c/ag-openssl-e138-01/package-04/recipe/pkg/mingw-w64-aarch64-openssl/mingwarm64/bin/c_rehash
make[1]: Leaving directory '/c/ag-openssl-e138-01/crlf-focused-01/src/build-MINGWARM64'
make install_ssldirs
make[1]: Entering directory '/c/ag-openssl-e138-01/crlf-focused-01/src/build-MINGWARM64'
created directory `/c/ag-openssl-e138-01/package-04/recipe/pkg/mingw-w64-aarch64-openssl/mingwarm64/etc'
created directory `/c/ag-openssl-e138-01/package-04/recipe/pkg/mingw-w64-aarch64-openssl/mingwarm64/etc/ssl'
created directory `/c/ag-openssl-e138-01/package-04/recipe/pkg/mingw-w64-aarch64-openssl/mingwarm64/etc/ssl/certs'
created directory `/c/ag-openssl-e138-01/package-04/recipe/pkg/mingw-w64-aarch64-openssl/mingwarm64/etc/ssl/private'
created directory `/c/ag-openssl-e138-01/package-04/recipe/pkg/mingw-w64-aarch64-openssl/mingwarm64/etc/ssl/misc'
install apps/CA.pl -> /c/ag-openssl-e138-01/package-04/recipe/pkg/mingw-w64-aarch64-openssl/mingwarm64/etc/ssl/misc/CA.pl
install apps/tsget.pl -> /c/ag-openssl-e138-01/package-04/recipe/pkg/mingw-w64-aarch64-openssl/mingwarm64/etc/ssl/misc/tsget.pl
copy /c/ag-openssl-e138-01/package-04/recipe/pkg/mingw-w64-aarch64-openssl/mingwarm64/etc/ssl/misc/tsget -> /c/ag-openssl-e138-01/package-04/recipe/pkg/mingw-w64-aarch64-openssl/mingwarm64/etc/ssl/misc/tsget.pl
install ../openssl-3.6.4/apps/openssl.cnf -> /c/ag-openssl-e138-01/package-04/recipe/pkg/mingw-w64-aarch64-openssl/mingwarm64/etc/ssl/openssl.cnf.dist
install ../openssl-3.6.4/apps/openssl.cnf -> /c/ag-openssl-e138-01/package-04/recipe/pkg/mingw-w64-aarch64-openssl/mingwarm64/etc/ssl/openssl.cnf
install ../openssl-3.6.4/apps/ct_log_list.cnf -> /c/ag-openssl-e138-01/package-04/recipe/pkg/mingw-w64-aarch64-openssl/mingwarm64/etc/ssl/ct_log_list.cnf.dist
install ../openssl-3.6.4/apps/ct_log_list.cnf -> /c/ag-openssl-e138-01/package-04/recipe/pkg/mingw-w64-aarch64-openssl/mingwarm64/etc/ssl/ct_log_list.cnf
make[1]: Leaving directory '/c/ag-openssl-e138-01/crlf-focused-01/src/build-MINGWARM64'
make install_docs
make[1]: Entering directory '/c/ag-openssl-e138-01/crlf-focused-01/src/build-MINGWARM64'
created directory `/c/ag-openssl-e138-01/package-04/recipe/pkg/mingw-w64-aarch64-openssl/mingwarm64/share'
created directory `/c/ag-openssl-e138-01/package-04/recipe/pkg/mingw-w64-aarch64-openssl/mingwarm64/share/man'
created directory `/c/ag-openssl-e138-01/package-04/recipe/pkg/mingw-w64-aarch64-openssl/mingwarm64/share/man/man1'
created directory `/c/ag-openssl-e138-01/package-04/recipe/pkg/mingw-w64-aarch64-openssl/mingwarm64/share/man/man3'
created directory `/c/ag-openssl-e138-01/package-04/recipe/pkg/mingw-w64-aarch64-openssl/mingwarm64/share/man/man5'
created directory `/c/ag-openssl-e138-01/package-04/recipe/pkg/mingw-w64-aarch64-openssl/mingwarm64/share/man/man7'
*** Installing manpages
install doc/man/man1/CA.pl.1 -> /c/ag-openssl-e138-01/package-04/recipe/pkg/mingw-w64-aarch64-openssl/mingwarm64/share/man/man1/CA.pl.1ossl
install doc/man/man1/openssl-asn1parse.1 -> /c/ag-openssl-e138-01/package-04/recipe/pkg/mingw-w64-aarch64-openssl/mingwarm64/share/man/man1/openssl-asn1parse.1ossl
install doc/man/man1/openssl-ca.1 -> /c/ag-openssl-e138-01/package-04/recipe/pkg/mingw-w64-aarch64-openssl/mingwarm64/share/man/man1/openssl-ca.1ossl
install doc/man/man1/openssl-ciphers.1 -> /c/ag-openssl-e138-01/package-04/recipe/pkg/mingw-w64-aarch64-openssl/mingwarm64/share/man/man1/openssl-ciphers.1ossl
install doc/man/man1/openssl-cmds.1 -> /c/ag-openssl-e138-01/package-04/recipe/pkg/mingw-w64-aarch64-openssl/mingwarm64/share/man/man1/openssl-cmds.1ossl
install doc/man/man1/openssl-cmp.1 -> /c/ag-openssl-e138-01/package-04/recipe/pkg/mingw-w64-aarch64-openssl/mingwarm64/share/man/man1/openssl-cmp.1ossl
install doc/man/man1/openssl-cms.1 -> /c/ag-openssl-e138-01/package-04/recipe/pkg/mingw-w64-aarch64-openssl/mingwarm64/share/man/man1/openssl-cms.1ossl
install doc/man/man1/openssl-configutl.1 -> /c/ag-openssl-e138-01/package-04/recipe/pkg/mingw-w64-aarch64-openssl/mingwarm64/share/man/man1/openssl-configutl.1ossl
install doc/man/man1/openssl-crl.1 -> /c/ag-openssl-e138-01/package-04/recipe/pkg/mingw-w64-aarch64-openssl/mingwarm64/share/man/man1/openssl-crl.1ossl
install doc/man/man1/openssl-crl2pkcs7.1 -> /c/ag-openssl-e138-01/package-04/recipe/pkg/mingw-w64-aarch64-openssl/mingwarm64/share/man/man1/openssl-crl2pkcs7.1ossl
install doc/man/man1/openssl-dgst.1 -> /c/ag-openssl-e138-01/package-04/recipe/pkg/mingw-w64-aarch64-openssl/mingwarm64/share/man/man1/openssl-dgst.1ossl
install doc/man/man1/openssl-dhparam.1 -> /c/ag-openssl-e138-01/package-04/recipe/pkg/mingw-w64-aarch64-openssl/mingwarm64/share/man/man1/openssl-dhparam.1ossl
install doc/man/man1/openssl-dsa.1 -> /c/ag-openssl-e138-01/package-04/recipe/pkg/mingw-w64-aarch64-openssl/mingwarm64/share/man/man1/openssl-dsa.1ossl
install doc/man/man1/openssl-dsaparam.1 -> /c/ag-openssl-e138-01/package-04/recipe/pkg/mingw-w64-aarch64-openssl/mingwarm64/share/man/man1/openssl-dsaparam.1ossl
install doc/man/man1/openssl-ec.1 -> /c/ag-openssl-e138-01/package-04/recipe/pkg/mingw-w64-aarch64-openssl/mingwarm64/share/man/man1/openssl-ec.1ossl
install doc/man/man1/openssl-ecparam.1 -> /c/ag-openssl-e138-01/package-04/recipe/pkg/mingw-w64-aarch64-openssl/mingwarm64/share/man/man1/openssl-ecparam.1ossl
install doc/man/man1/openssl-enc.1 -> /c/ag-openssl-e138-01/package-04/recipe/pkg/mingw-w64-aarch64-openssl/mingwarm64/share/man/man1/openssl-enc.1ossl
install doc/man/man1/openssl-engine.1 -> /c/ag-openssl-e138-01/package-04/recipe/pkg/mingw-w64-aarch64-openssl/mingwarm64/share/man/man1/openssl-engine.1ossl
install doc/man/man1/openssl-errstr.1 -> /c/ag-openssl-e138-01/package-04/recipe/pkg/mingw-w64-aarch64-openssl/mingwarm64/share/man/man1/openssl-errstr.1ossl
install doc/man/man1/openssl-fipsinstall.1 -> /c/ag-openssl-e138-01/package-04/recipe/pkg/mingw-w64-aarch64-openssl/mingwarm64/share/man/man1/openssl-fipsinstall.1ossl
install doc/man/man1/openssl-format-options.1 -> /c/ag-openssl-e138-01/package-04/recipe/pkg/mingw-w64-aarch64-openssl/mingwarm64/share/man/man1/openssl-format-options.1ossl
install doc/man/man1/openssl-gendsa.1 -> /c/ag-openssl-e138-01/package-04/recipe/pkg/mingw-w64-aarch64-openssl/mingwarm64/share/man/man1/openssl-gendsa.1ossl
install doc/man/man1/openssl-genpkey.1 -> /c/ag-openssl-e138-01/package-04/recipe/pkg/mingw-w64-aarch64-openssl/mingwarm64/share/man/man1/openssl-genpkey.1ossl
install doc/man/man1/openssl-genrsa.1 -> /c/ag-openssl-e138-01/package-04/recipe/pkg/mingw-w64-aarch64-openssl/mingwarm64/share/man/man1/openssl-genrsa.1ossl
install doc/man/man1/openssl-info.1 -> /c/ag-openssl-e138-01/package-04/recipe/pkg/mingw-w64-aarch64-openssl/mingwarm64/share/man/man1/openssl-info.1ossl
install doc/man/man1/openssl-kdf.1 -> /c/ag-openssl-e138-01/package-04/recipe/pkg/mingw-w64-aarch64-openssl/mingwarm64/share/man/man1/openssl-kdf.1ossl
install doc/man/man1/openssl-list.1 -> /c/ag-openssl-e138-01/package-04/recipe/pkg/mingw-w64-aarch64-openssl/mingwarm64/share/man/man1/openssl-list.1ossl
install doc/man/man1/openssl-mac.1 -> /c/ag-openssl-e138-01/package-04/recipe/pkg/mingw-w64-aarch64-openssl/mingwarm64/share/man/man1/openssl-mac.1ossl
install doc/man/man1/openssl-namedisplay-options.1 -> /c/ag-openssl-e138-01/package-04/recipe/pkg/mingw-w64-aarch64-openssl/mingwarm64/share/man/man1/openssl-namedisplay-options.1ossl
install doc/man/man1/openssl-nseq.1 -> /c/ag-openssl-e138-01/package-04/recipe/pkg/mingw-w64-aarch64-openssl/mingwarm64/share/man/man1/openssl-nseq.1ossl
install doc/man/man1/openssl-ocsp.1 -> /c/ag-openssl-e138-01/package-04/recipe/pkg/mingw-w64-aarch64-openssl/mingwarm64/share/man/man1/openssl-ocsp.1ossl
install doc/man/man1/openssl-passphrase-options.1 -> /c/ag-openssl-e138-01/package-04/recipe/pkg/mingw-w64-aarch64-openssl/mingwarm64/share/man/man1/openssl-passphrase-options.1ossl
install doc/man/man1/openssl-passwd.1 -> /c/ag-openssl-e138-01/package-04/recipe/pkg/mingw-w64-aarch64-openssl/mingwarm64/share/man/man1/openssl-passwd.1ossl
install doc/man/man1/openssl-pkcs12.1 -> /c/ag-openssl-e138-01/package-04/recipe/pkg/mingw-w64-aarch64-openssl/mingwarm64/share/man/man1/openssl-pkcs12.1ossl
install doc/man/man1/openssl-pkcs7.1 -> /c/ag-openssl-e138-01/package-04/recipe/pkg/mingw-w64-aarch64-openssl/mingwarm64/share/man/man1/openssl-pkcs7.1ossl
install doc/man/man1/openssl-pkcs8.1 -> /c/ag-openssl-e138-01/package-04/recipe/pkg/mingw-w64-aarch64-openssl/mingwarm64/share/man/man1/openssl-pkcs8.1ossl
install doc/man/man1/openssl-pkey.1 -> /c/ag-openssl-e138-01/package-04/recipe/pkg/mingw-w64-aarch64-openssl/mingwarm64/share/man/man1/openssl-pkey.1ossl
install doc/man/man1/openssl-pkeyparam.1 -> /c/ag-openssl-e138-01/package-04/recipe/pkg/mingw-w64-aarch64-openssl/mingwarm64/share/man/man1/openssl-pkeyparam.1ossl
install doc/man/man1/openssl-pkeyutl.1 -> /c/ag-openssl-e138-01/package-04/recipe/pkg/mingw-w64-aarch64-openssl/mingwarm64/share/man/man1/openssl-pkeyutl.1ossl
install doc/man/man1/openssl-prime.1 -> /c/ag-openssl-e138-01/package-04/recipe/pkg/mingw-w64-aarch64-openssl/mingwarm64/share/man/man1/openssl-prime.1ossl
install doc/man/man1/openssl-rand.1 -> /c/ag-openssl-e138-01/package-04/recipe/pkg/mingw-w64-aarch64-openssl/mingwarm64/share/man/man1/openssl-rand.1ossl
install doc/man/man1/openssl-rehash.1 -> /c/ag-openssl-e138-01/package-04/recipe/pkg/mingw-w64-aarch64-openssl/mingwarm64/share/man/man1/openssl-rehash.1ossl
install doc/man/man1/openssl-req.1 -> /c/ag-openssl-e138-01/package-04/recipe/pkg/mingw-w64-aarch64-openssl/mingwarm64/share/man/man1/openssl-req.1ossl
install doc/man/man1/openssl-rsa.1 -> /c/ag-openssl-e138-01/package-04/recipe/pkg/mingw-w64-aarch64-openssl/mingwarm64/share/man/man1/openssl-rsa.1ossl
install doc/man/man1/openssl-rsautl.1 -> /c/ag-openssl-e138-01/package-04/recipe/pkg/mingw-w64-aarch64-openssl/mingwarm64/share/man/man1/openssl-rsautl.1ossl
install doc/man/man1/openssl-s_client.1 -> /c/ag-openssl-e138-01/package-04/recipe/pkg/mingw-w64-aarch64-openssl/mingwarm64/share/man/man1/openssl-s_client.1ossl
install doc/man/man1/openssl-s_server.1 -> /c/ag-openssl-e138-01/package-04/recipe/pkg/mingw-w64-aarch64-openssl/mingwarm64/share/man/man1/openssl-s_server.1ossl
install doc/man/man1/openssl-s_time.1 -> /c/ag-openssl-e138-01/package-04/recipe/pkg/mingw-w64-aarch64-openssl/mingwarm64/share/man/man1/openssl-s_time.1ossl
install doc/man/man1/openssl-sess_id.1 -> /c/ag-openssl-e138-01/package-04/recipe/pkg/mingw-w64-aarch64-openssl/mingwarm64/share/man/man1/openssl-sess_id.1ossl
install doc/man/man1/openssl-skeyutl.1 -> /c/ag-openssl-e138-01/package-04/recipe/pkg/mingw-w64-aarch64-openssl/mingwarm64/share/man/man1/openssl-skeyutl.1ossl
install doc/man/man1/openssl-smime.1 -> /c/ag-openssl-e138-01/package-04/recipe/pkg/mingw-w64-aarch64-openssl/mingwarm64/share/man/man1/openssl-smime.1ossl
install doc/man/man1/openssl-speed.1 -> /c/ag-openssl-e138-01/package-04/recipe/pkg/mingw-w64-aarch64-openssl/mingwarm64/share/man/man1/openssl-speed.1ossl
install doc/man/man1/openssl-spkac.1 -> /c/ag-openssl-e138-01/package-04/recipe/pkg/mingw-w64-aarch64-openssl/mingwarm64/share/man/man1/openssl-spkac.1ossl
install doc/man/man1/openssl-srp.1 -> /c/ag-openssl-e138-01/package-04/recipe/pkg/mingw-w64-aarch64-openssl/mingwarm64/share/man/man1/openssl-srp.1ossl
install doc/man/man1/openssl-storeutl.1 -> /c/ag-openssl-e138-01/package-04/recipe/pkg/mingw-w64-aarch64-openssl/mingwarm64/share/man/man1/openssl-storeutl.1ossl
install doc/man/man1/openssl-ts.1 -> /c/ag-openssl-e138-01/package-04/recipe/pkg/mingw-w64-aarch64-openssl/mingwarm64/share/man/man1/openssl-ts.1ossl
install doc/man/man1/openssl-verification-options.1 -> /c/ag-openssl-e138-01/package-04/recipe/pkg/mingw-w64-aarch64-openssl/mingwarm64/share/man/man1/openssl-verification-options.1ossl
install doc/man/man1/openssl-verify.1 -> /c/ag-openssl-e138-01/package-04/recipe/pkg/mingw-w64-aarch64-openssl/mingwarm64/share/man/man1/openssl-verify.1ossl
install doc/man/man1/openssl-version.1 -> /c/ag-openssl-e138-01/package-04/recipe/pkg/mingw-w64-aarch64-openssl/mingwarm64/share/man/man1/openssl-version.1ossl
install doc/man/man1/openssl-x509.1 -> /c/ag-openssl-e138-01/package-04/recipe/pkg/mingw-w64-aarch64-openssl/mingwarm64/share/man/man1/openssl-x509.1ossl
install doc/man/man1/openssl.1 -> /c/ag-openssl-e138-01/package-04/recipe/pkg/mingw-w64-aarch64-openssl/mingwarm64/share/man/man1/openssl.1ossl
install doc/man/man1/tsget.1 -> /c/ag-openssl-e138-01/package-04/recipe/pkg/mingw-w64-aarch64-openssl/mingwarm64/share/man/man1/tsget.1ossl
install doc/man/man3/ADMISSIONS.3 -> /c/ag-openssl-e138-01/package-04/recipe/pkg/mingw-w64-aarch64-openssl/mingwarm64/share/man/man3/ADMISSIONS.3ossl
install doc/man/man3/ASN1_EXTERN_FUNCS.3 -> /c/ag-openssl-e138-01/package-04/recipe/pkg/mingw-w64-aarch64-openssl/mingwarm64/share/man/man3/ASN1_EXTERN_FUNCS.3ossl
install doc/man/man3/ASN1_INTEGER_get_int64.3 -> /c/ag-openssl-e138-01/package-04/recipe/pkg/mingw-w64-aarch64-openssl/mingwarm64/share/man/man3/ASN1_INTEGER_get_int64.3ossl
install doc/man/man3/ASN1_INTEGER_new.3 -> /c/ag-openssl-e138-01/package-04/recipe/pkg/mingw-w64-aarch64-openssl/mingwarm64/share/man/man3/ASN1_INTEGER_new.3ossl
install doc/man/man3/ASN1_ITEM_lookup.3 -> /c/ag-openssl-e138-01/package-04/recipe/pkg/mingw-w64-aarch64-openssl/mingwarm64/share/man/man3/ASN1_ITEM_lookup.3ossl
install doc/man/man3/ASN1_OBJECT_new.3 -> /c/ag-openssl-e138-01/package-04/recipe/pkg/mingw-w64-aarch64-openssl/mingwarm64/share/man/man3/ASN1_OBJECT_new.3ossl
install doc/man/man3/ASN1_STRING_TABLE_add.3 -> /c/ag-openssl-e138-01/package-04/recipe/pkg/mingw-w64-aarch64-openssl/mingwarm64/share/man/man3/ASN1_STRING_TABLE_add.3ossl
install doc/man/man3/ASN1_STRING_length.3 -> /c/ag-openssl-e138-01/package-04/recipe/pkg/mingw-w64-aarch64-openssl/mingwarm64/share/man/man3/ASN1_STRING_length.3ossl
install doc/man/man3/ASN1_STRING_new.3 -> /c/ag-openssl-e138-01/package-04/recipe/pkg/mingw-w64-aarch64-openssl/mingwarm64/share/man/man3/ASN1_STRING_new.3ossl
install doc/man/man3/ASN1_STRING_print_ex.3 -> /c/ag-openssl-e138-01/package-04/recipe/pkg/mingw-w64-aarch64-openssl/mingwarm64/share/man/man3/ASN1_STRING_print_ex.3ossl
install doc/man/man3/ASN1_TIME_set.3 -> /c/ag-openssl-e138-01/package-04/recipe/pkg/mingw-w64-aarch64-openssl/mingwarm64/share/man/man3/ASN1_TIME_set.3ossl
install doc/man/man3/ASN1_TYPE_get.3 -> /c/ag-openssl-e138-01/package-04/recipe/pkg/mingw-w64-aarch64-openssl/mingwarm64/share/man/man3/ASN1_TYPE_get.3ossl
install doc/man/man3/ASN1_aux_cb.3 -> /c/ag-openssl-e138-01/package-04/recipe/pkg/mingw-w64-aarch64-openssl/mingwarm64/share/man/man3/ASN1_aux_cb.3ossl
install doc/man/man3/ASN1_generate_nconf.3 -> /c/ag-openssl-e138-01/package-04/recipe/pkg/mingw-w64-aarch64-openssl/mingwarm64/share/man/man3/ASN1_generate_nconf.3ossl
install doc/man/man3/ASN1_item_d2i_bio.3 -> /c/ag-openssl-e138-01/package-04/recipe/pkg/mingw-w64-aarch64-openssl/mingwarm64/share/man/man3/ASN1_item_d2i_bio.3ossl
install doc/man/man3/ASN1_item_new.3 -> /c/ag-openssl-e138-01/package-04/recipe/pkg/mingw-w64-aarch64-openssl/mingwarm64/share/man/man3/ASN1_item_new.3ossl
install doc/man/man3/ASN1_item_sign.3 -> /c/ag-openssl-e138-01/package-04/recipe/pkg/mingw-w64-aarch64-openssl/mingwarm64/share/man/man3/ASN1_item_sign.3ossl
install doc/man/man3/ASYNC_WAIT_CTX_new.3 -> /c/ag-openssl-e138-01/package-04/recipe/pkg/mingw-w64-aarch64-openssl/mingwarm64/share/man/man3/ASYNC_WAIT_CTX_new.3ossl
install doc/man/man3/ASYNC_start_job.3 -> /c/ag-openssl-e138-01/package-04/recipe/pkg/mingw-w64-aarch64-openssl/mingwarm64/share/man/man3/ASYNC_start_job.3ossl
install doc/man/man3/BF_encrypt.3 -> /c/ag-openssl-e138-01/package-04/recipe/pkg/mingw-w64-aarch64-openssl/mingwarm64/share/man/man3/BF_encrypt.3ossl
install doc/man/man3/BIO_ADDR.3 -> /c/ag-openssl-e138-01/package-04/recipe/pkg/mingw-w64-aarch64-openssl/mingwarm64/share/man/man3/BIO_ADDR.3ossl
install doc/man/man3/BIO_ADDRINFO.3 -> /c/ag-openssl-e138-01/package-04/recipe/pkg/mingw-w64-aarch64-openssl/mingwarm64/share/man/man3/BIO_ADDRINFO.3ossl
install doc/man/man3/BIO_connect.3 -> /c/ag-openssl-e138-01/package-04/recipe/pkg/mingw-w64-aarch64-openssl/mingwarm64/share/man/man3/BIO_connect.3ossl
install doc/man/man3/BIO_ctrl.3 -> /c/ag-openssl-e138-01/package-04/recipe/pkg/mingw-w64-aarch64-openssl/mingwarm64/share/man/man3/BIO_ctrl.3ossl
install doc/man/man3/BIO_f_base64.3 -> /c/ag-openssl-e138-01/package-04/recipe/pkg/mingw-w64-aarch64-openssl/mingwarm64/share/man/man3/BIO_f_base64.3ossl
install doc/man/man3/BIO_f_buffer.3 -> /c/ag-openssl-e138-01/package-04/recipe/pkg/mingw-w64-aarch64-openssl/mingwarm64/share/man/man3/BIO_f_buffer.3ossl
install doc/man/man3/BIO_f_cipher.3 -> /c/ag-openssl-e138-01/package-04/recipe/pkg/mingw-w64-aarch64-openssl/mingwarm64/share/man/man3/BIO_f_cipher.3ossl
install doc/man/man3/BIO_f_md.3 -> /c/ag-openssl-e138-01/package-04/recipe/pkg/mingw-w64-aarch64-openssl/mingwarm64/share/man/man3/BIO_f_md.3ossl
install doc/man/man3/BIO_f_null.3 -> /c/ag-openssl-e138-01/package-04/recipe/pkg/mingw-w64-aarch64-openssl/mingwarm64/share/man/man3/BIO_f_null.3ossl
install doc/man/man3/BIO_f_prefix.3 -> /c/ag-openssl-e138-01/package-04/recipe/pkg/mingw-w64-aarch64-openssl/mingwarm64/share/man/man3/BIO_f_prefix.3ossl
install doc/man/man3/BIO_f_readbuffer.3 -> /c/ag-openssl-e138-01/package-04/recipe/pkg/mingw-w64-aarch64-openssl/mingwarm64/share/man/man3/BIO_f_readbuffer.3ossl
install doc/man/man3/BIO_f_ssl.3 -> /c/ag-openssl-e138-01/package-04/recipe/pkg/mingw-w64-aarch64-openssl/mingwarm64/share/man/man3/BIO_f_ssl.3ossl
install doc/man/man3/BIO_find_type.3 -> /c/ag-openssl-e138-01/package-04/recipe/pkg/mingw-w64-aarch64-openssl/mingwarm64/share/man/man3/BIO_find_type.3ossl
install doc/man/man3/BIO_get_data.3 -> /c/ag-openssl-e138-01/package-04/recipe/pkg/mingw-w64-aarch64-openssl/mingwarm64/share/man/man3/BIO_get_data.3ossl
install doc/man/man3/BIO_get_ex_new_index.3 -> /c/ag-openssl-e138-01/package-04/recipe/pkg/mingw-w64-aarch64-openssl/mingwarm64/share/man/man3/BIO_get_ex_new_index.3ossl
install doc/man/man3/BIO_get_rpoll_descriptor.3 -> /c/ag-openssl-e138-01/package-04/recipe/pkg/mingw-w64-aarch64-openssl/mingwarm64/share/man/man3/BIO_get_rpoll_descriptor.3ossl
install doc/man/man3/BIO_meth_new.3 -> /c/ag-openssl-e138-01/package-04/recipe/pkg/mingw-w64-aarch64-openssl/mingwarm64/share/man/man3/BIO_meth_new.3ossl
install doc/man/man3/BIO_new.3 -> /c/ag-openssl-e138-01/package-04/recipe/pkg/mingw-w64-aarch64-openssl/mingwarm64/share/man/man3/BIO_new.3ossl
install doc/man/man3/BIO_new_CMS.3 -> /c/ag-openssl-e138-01/package-04/recipe/pkg/mingw-w64-aarch64-openssl/mingwarm64/share/man/man3/BIO_new_CMS.3ossl
install doc/man/man3/BIO_parse_hostserv.3 -> /c/ag-openssl-e138-01/package-04/recipe/pkg/mingw-w64-aarch64-openssl/mingwarm64/share/man/man3/BIO_parse_hostserv.3ossl
install doc/man/man3/BIO_printf.3 -> /c/ag-openssl-e138-01/package-04/recipe/pkg/mingw-w64-aarch64-openssl/mingwarm64/share/man/man3/BIO_printf.3ossl
install doc/man/man3/BIO_push.3 -> /c/ag-openssl-e138-01/package-04/recipe/pkg/mingw-w64-aarch64-openssl/mingwarm64/share/man/man3/BIO_push.3ossl
install doc/man/man3/BIO_read.3 -> /c/ag-openssl-e138-01/package-04/recipe/pkg/mingw-w64-aarch64-openssl/mingwarm64/share/man/man3/BIO_read.3ossl
install doc/man/man3/BIO_s_accept.3 -> /c/ag-openssl-e138-01/package-04/recipe/pkg/mingw-w64-aarch64-openssl/mingwarm64/share/man/man3/BIO_s_accept.3ossl
install doc/man/man3/BIO_s_bio.3 -> /c/ag-openssl-e138-01/package-04/recipe/pkg/mingw-w64-aarch64-openssl/mingwarm64/share/man/man3/BIO_s_bio.3ossl
install doc/man/man3/BIO_s_connect.3 -> /c/ag-openssl-e138-01/package-04/recipe/pkg/mingw-w64-aarch64-openssl/mingwarm64/share/man/man3/BIO_s_connect.3ossl
install doc/man/man3/BIO_s_core.3 -> /c/ag-openssl-e138-01/package-04/recipe/pkg/mingw-w64-aarch64-openssl/mingwarm64/share/man/man3/BIO_s_core.3ossl
install doc/man/man3/BIO_s_datagram.3 -> /c/ag-openssl-e138-01/package-04/recipe/pkg/mingw-w64-aarch64-openssl/mingwarm64/share/man/man3/BIO_s_datagram.3ossl
install doc/man/man3/BIO_s_dgram_pair.3 -> /c/ag-openssl-e138-01/package-04/recipe/pkg/mingw-w64-aarch64-openssl/mingwarm64/share/man/man3/BIO_s_dgram_pair.3ossl
install doc/man/man3/BIO_s_fd.3 -> /c/ag-openssl-e138-01/package-04/recipe/pkg/mingw-w64-aarch64-openssl/mingwarm64/share/man/man3/BIO_s_fd.3ossl
install doc/man/man3/BIO_s_file.3 -> /c/ag-openssl-e138-01/package-04/recipe/pkg/mingw-w64-aarch64-openssl/mingwarm64/share/man/man3/BIO_s_file.3ossl
install doc/man/man3/BIO_s_mem.3 -> /c/ag-openssl-e138-01/package-04/recipe/pkg/mingw-w64-aarch64-openssl/mingwarm64/share/man/man3/BIO_s_mem.3ossl
install doc/man/man3/BIO_s_null.3 -> /c/ag-openssl-e138-01/package-04/recipe/pkg/mingw-w64-aarch64-openssl/mingwarm64/share/man/man3/BIO_s_null.3ossl
install doc/man/man3/BIO_s_socket.3 -> /c/ag-openssl-e138-01/package-04/recipe/pkg/mingw-w64-aarch64-openssl/mingwarm64/share/man/man3/BIO_s_socket.3ossl
install doc/man/man3/BIO_sendmmsg.3 -> /c/ag-openssl-e138-01/package-04/recipe/pkg/mingw-w64-aarch64-openssl/mingwarm64/share/man/man3/BIO_sendmmsg.3ossl
install doc/man/man3/BIO_set_callback.3 -> /c/ag-openssl-e138-01/package-04/recipe/pkg/mingw-w64-aarch64-openssl/mingwarm64/share/man/man3/BIO_set_callback.3ossl
install doc/man/man3/BIO_set_flags.3 -> /c/ag-openssl-e138-01/package-04/recipe/pkg/mingw-w64-aarch64-openssl/mingwarm64/share/man/man3/BIO_set_flags.3ossl
install doc/man/man3/BIO_should_retry.3 -> /c/ag-openssl-e138-01/package-04/recipe/pkg/mingw-w64-aarch64-openssl/mingwarm64/share/man/man3/BIO_should_retry.3ossl
install doc/man/man3/BIO_socket_wait.3 -> /c/ag-openssl-e138-01/package-04/recipe/pkg/mingw-w64-aarch64-openssl/mingwarm64/share/man/man3/BIO_socket_wait.3ossl
install doc/man/man3/BN_BLINDING_new.3 -> /c/ag-openssl-e138-01/package-04/recipe/pkg/mingw-w64-aarch64-openssl/mingwarm64/share/man/man3/BN_BLINDING_new.3ossl
install doc/man/man3/BN_CTX_new.3 -> /c/ag-openssl-e138-01/package-04/recipe/pkg/mingw-w64-aarch64-openssl/mingwarm64/share/man/man3/BN_CTX_new.3ossl
install doc/man/man3/BN_CTX_start.3 -> /c/ag-openssl-e138-01/package-04/recipe/pkg/mingw-w64-aarch64-openssl/mingwarm64/share/man/man3/BN_CTX_start.3ossl
install doc/man/man3/BN_add.3 -> /c/ag-openssl-e138-01/package-04/recipe/pkg/mingw-w64-aarch64-openssl/mingwarm64/share/man/man3/BN_add.3ossl
install doc/man/man3/BN_add_word.3 -> /c/ag-openssl-e138-01/package-04/recipe/pkg/mingw-w64-aarch64-openssl/mingwarm64/share/man/man3/BN_add_word.3ossl
install doc/man/man3/BN_bn2bin.3 -> /c/ag-openssl-e138-01/package-04/recipe/pkg/mingw-w64-aarch64-openssl/mingwarm64/share/man/man3/BN_bn2bin.3ossl
install doc/man/man3/BN_cmp.3 -> /c/ag-openssl-e138-01/package-04/recipe/pkg/mingw-w64-aarch64-openssl/mingwarm64/share/man/man3/BN_cmp.3ossl
install doc/man/man3/BN_copy.3 -> /c/ag-openssl-e138-01/package-04/recipe/pkg/mingw-w64-aarch64-openssl/mingwarm64/share/man/man3/BN_copy.3ossl
install doc/man/man3/BN_generate_prime.3 -> /c/ag-openssl-e138-01/package-04/recipe/pkg/mingw-w64-aarch64-openssl/mingwarm64/share/man/man3/BN_generate_prime.3ossl
install doc/man/man3/BN_mod_exp_mont.3 -> /c/ag-openssl-e138-01/package-04/recipe/pkg/mingw-w64-aarch64-openssl/mingwarm64/share/man/man3/BN_mod_exp_mont.3ossl
install doc/man/man3/BN_mod_inverse.3 -> /c/ag-openssl-e138-01/package-04/recipe/pkg/mingw-w64-aarch64-openssl/mingwarm64/share/man/man3/BN_mod_inverse.3ossl
install doc/man/man3/BN_mod_mul_montgomery.3 -> /c/ag-openssl-e138-01/package-04/recipe/pkg/mingw-w64-aarch64-openssl/mingwarm64/share/man/man3/BN_mod_mul_montgomery.3ossl
install doc/man/man3/BN_mod_mul_reciprocal.3 -> /c/ag-openssl-e138-01/package-04/recipe/pkg/mingw-w64-aarch64-openssl/mingwarm64/share/man/man3/BN_mod_mul_reciprocal.3ossl
install doc/man/man3/BN_new.3 -> /c/ag-openssl-e138-01/package-04/recipe/pkg/mingw-w64-aarch64-openssl/mingwarm64/share/man/man3/BN_new.3ossl
install doc/man/man3/BN_num_bytes.3 -> /c/ag-openssl-e138-01/package-04/recipe/pkg/mingw-w64-aarch64-openssl/mingwarm64/share/man/man3/BN_num_bytes.3ossl
install doc/man/man3/BN_rand.3 -> /c/ag-openssl-e138-01/package-04/recipe/pkg/mingw-w64-aarch64-openssl/mingwarm64/share/man/man3/BN_rand.3ossl
install doc/man/man3/BN_security_bits.3 -> /c/ag-openssl-e138-01/package-04/recipe/pkg/mingw-w64-aarch64-openssl/mingwarm64/share/man/man3/BN_security_bits.3ossl
install doc/man/man3/BN_set_bit.3 -> /c/ag-openssl-e138-01/package-04/recipe/pkg/mingw-w64-aarch64-openssl/mingwarm64/share/man/man3/BN_set_bit.3ossl
install doc/man/man3/BN_swap.3 -> /c/ag-openssl-e138-01/package-04/recipe/pkg/mingw-w64-aarch64-openssl/mingwarm64/share/man/man3/BN_swap.3ossl
install doc/man/man3/BN_zero.3 -> /c/ag-openssl-e138-01/package-04/recipe/pkg/mingw-w64-aarch64-openssl/mingwarm64/share/man/man3/BN_zero.3ossl
install doc/man/man3/BUF_MEM_new.3 -> /c/ag-openssl-e138-01/package-04/recipe/pkg/mingw-w64-aarch64-openssl/mingwarm64/share/man/man3/BUF_MEM_new.3ossl
install doc/man/man3/CMAC_CTX.3 -> /c/ag-openssl-e138-01/package-04/recipe/pkg/mingw-w64-aarch64-openssl/mingwarm64/share/man/man3/CMAC_CTX.3ossl
install doc/man/man3/CMS_EncryptedData_decrypt.3 -> /c/ag-openssl-e138-01/package-04/recipe/pkg/mingw-w64-aarch64-openssl/mingwarm64/share/man/man3/CMS_EncryptedData_decrypt.3ossl
install doc/man/man3/CMS_EncryptedData_encrypt.3 -> /c/ag-openssl-e138-01/package-04/recipe/pkg/mingw-w64-aarch64-openssl/mingwarm64/share/man/man3/CMS_EncryptedData_encrypt.3ossl
install doc/man/man3/CMS_EncryptedData_set1_key.3 -> /c/ag-openssl-e138-01/package-04/recipe/pkg/mingw-w64-aarch64-openssl/mingwarm64/share/man/man3/CMS_EncryptedData_set1_key.3ossl
install doc/man/man3/CMS_EnvelopedData_create.3 -> /c/ag-openssl-e138-01/package-04/recipe/pkg/mingw-w64-aarch64-openssl/mingwarm64/share/man/man3/CMS_EnvelopedData_create.3ossl
install doc/man/man3/CMS_add0_cert.3 -> /c/ag-openssl-e138-01/package-04/recipe/pkg/mingw-w64-aarch64-openssl/mingwarm64/share/man/man3/CMS_add0_cert.3ossl
install doc/man/man3/CMS_add1_recipient_cert.3 -> /c/ag-openssl-e138-01/package-04/recipe/pkg/mingw-w64-aarch64-openssl/mingwarm64/share/man/man3/CMS_add1_recipient_cert.3ossl
install doc/man/man3/CMS_add1_signer.3 -> /c/ag-openssl-e138-01/package-04/recipe/pkg/mingw-w64-aarch64-openssl/mingwarm64/share/man/man3/CMS_add1_signer.3ossl
install doc/man/man3/CMS_compress.3 -> /c/ag-openssl-e138-01/package-04/recipe/pkg/mingw-w64-aarch64-openssl/mingwarm64/share/man/man3/CMS_compress.3ossl
install doc/man/man3/CMS_data_create.3 -> /c/ag-openssl-e138-01/package-04/recipe/pkg/mingw-w64-aarch64-openssl/mingwarm64/share/man/man3/CMS_data_create.3ossl
install doc/man/man3/CMS_decrypt.3 -> /c/ag-openssl-e138-01/package-04/recipe/pkg/mingw-w64-aarch64-openssl/mingwarm64/share/man/man3/CMS_decrypt.3ossl
install doc/man/man3/CMS_digest_create.3 -> /c/ag-openssl-e138-01/package-04/recipe/pkg/mingw-w64-aarch64-openssl/mingwarm64/share/man/man3/CMS_digest_create.3ossl
install doc/man/man3/CMS_encrypt.3 -> /c/ag-openssl-e138-01/package-04/recipe/pkg/mingw-w64-aarch64-openssl/mingwarm64/share/man/man3/CMS_encrypt.3ossl
install doc/man/man3/CMS_final.3 -> /c/ag-openssl-e138-01/package-04/recipe/pkg/mingw-w64-aarch64-openssl/mingwarm64/share/man/man3/CMS_final.3ossl
install doc/man/man3/CMS_get0_RecipientInfos.3 -> /c/ag-openssl-e138-01/package-04/recipe/pkg/mingw-w64-aarch64-openssl/mingwarm64/share/man/man3/CMS_get0_RecipientInfos.3ossl
install doc/man/man3/CMS_get0_SignerInfos.3 -> /c/ag-openssl-e138-01/package-04/recipe/pkg/mingw-w64-aarch64-openssl/mingwarm64/share/man/man3/CMS_get0_SignerInfos.3ossl
install doc/man/man3/CMS_get0_type.3 -> /c/ag-openssl-e138-01/package-04/recipe/pkg/mingw-w64-aarch64-openssl/mingwarm64/share/man/man3/CMS_get0_type.3ossl
install doc/man/man3/CMS_get1_ReceiptRequest.3 -> /c/ag-openssl-e138-01/package-04/recipe/pkg/mingw-w64-aarch64-openssl/mingwarm64/share/man/man3/CMS_get1_ReceiptRequest.3ossl
install doc/man/man3/CMS_sign.3 -> /c/ag-openssl-e138-01/package-04/recipe/pkg/mingw-w64-aarch64-openssl/mingwarm64/share/man/man3/CMS_sign.3ossl
install doc/man/man3/CMS_sign_receipt.3 -> /c/ag-openssl-e138-01/package-04/recipe/pkg/mingw-w64-aarch64-openssl/mingwarm64/share/man/man3/CMS_sign_receipt.3ossl
install doc/man/man3/CMS_signed_get_attr.3 -> /c/ag-openssl-e138-01/package-04/recipe/pkg/mingw-w64-aarch64-openssl/mingwarm64/share/man/man3/CMS_signed_get_attr.3ossl
install doc/man/man3/CMS_uncompress.3 -> /c/ag-openssl-e138-01/package-04/recipe/pkg/mingw-w64-aarch64-openssl/mingwarm64/share/man/man3/CMS_uncompress.3ossl
install doc/man/man3/CMS_verify.3 -> /c/ag-openssl-e138-01/package-04/recipe/pkg/mingw-w64-aarch64-openssl/mingwarm64/share/man/man3/CMS_verify.3ossl
install doc/man/man3/CMS_verify_receipt.3 -> /c/ag-openssl-e138-01/package-04/recipe/pkg/mingw-w64-aarch64-openssl/mingwarm64/share/man/man3/CMS_verify_receipt.3ossl
install doc/man/man3/COMP_CTX_new.3 -> /c/ag-openssl-e138-01/package-04/recipe/pkg/mingw-w64-aarch64-openssl/mingwarm64/share/man/man3/COMP_CTX_new.3ossl
install doc/man/man3/CONF_modules_free.3 -> /c/ag-openssl-e138-01/package-04/recipe/pkg/mingw-w64-aarch64-openssl/mingwarm64/share/man/man3/CONF_modules_free.3ossl
install doc/man/man3/CONF_modules_load_file.3 -> /c/ag-openssl-e138-01/package-04/recipe/pkg/mingw-w64-aarch64-openssl/mingwarm64/share/man/man3/CONF_modules_load_file.3ossl
install doc/man/man3/CRYPTO_THREAD_run_once.3 -> /c/ag-openssl-e138-01/package-04/recipe/pkg/mingw-w64-aarch64-openssl/mingwarm64/share/man/man3/CRYPTO_THREAD_run_once.3ossl
install doc/man/man3/CRYPTO_get_ex_new_index.3 -> /c/ag-openssl-e138-01/package-04/recipe/pkg/mingw-w64-aarch64-openssl/mingwarm64/share/man/man3/CRYPTO_get_ex_new_index.3ossl
install doc/man/man3/CRYPTO_memcmp.3 -> /c/ag-openssl-e138-01/package-04/recipe/pkg/mingw-w64-aarch64-openssl/mingwarm64/share/man/man3/CRYPTO_memcmp.3ossl
install doc/man/man3/CTLOG_STORE_get0_log_by_id.3 -> /c/ag-openssl-e138-01/package-04/recipe/pkg/mingw-w64-aarch64-openssl/mingwarm64/share/man/man3/CTLOG_STORE_get0_log_by_id.3ossl
install doc/man/man3/CTLOG_STORE_new.3 -> /c/ag-openssl-e138-01/package-04/recipe/pkg/mingw-w64-aarch64-openssl/mingwarm64/share/man/man3/CTLOG_STORE_new.3ossl
install doc/man/man3/CTLOG_new.3 -> /c/ag-openssl-e138-01/package-04/recipe/pkg/mingw-w64-aarch64-openssl/mingwarm64/share/man/man3/CTLOG_new.3ossl
install doc/man/man3/CT_POLICY_EVAL_CTX_new.3 -> /c/ag-openssl-e138-01/package-04/recipe/pkg/mingw-w64-aarch64-openssl/mingwarm64/share/man/man3/CT_POLICY_EVAL_CTX_new.3ossl
install doc/man/man3/DEFINE_STACK_OF.3 -> /c/ag-openssl-e138-01/package-04/recipe/pkg/mingw-w64-aarch64-openssl/mingwarm64/share/man/man3/DEFINE_STACK_OF.3ossl
install doc/man/man3/DES_random_key.3 -> /c/ag-openssl-e138-01/package-04/recipe/pkg/mingw-w64-aarch64-openssl/mingwarm64/share/man/man3/DES_random_key.3ossl
install doc/man/man3/DH_generate_key.3 -> /c/ag-openssl-e138-01/package-04/recipe/pkg/mingw-w64-aarch64-openssl/mingwarm64/share/man/man3/DH_generate_key.3ossl
install doc/man/man3/DH_generate_parameters.3 -> /c/ag-openssl-e138-01/package-04/recipe/pkg/mingw-w64-aarch64-openssl/mingwarm64/share/man/man3/DH_generate_parameters.3ossl
install doc/man/man3/DH_get0_pqg.3 -> /c/ag-openssl-e138-01/package-04/recipe/pkg/mingw-w64-aarch64-openssl/mingwarm64/share/man/man3/DH_get0_pqg.3ossl
install doc/man/man3/DH_get_1024_160.3 -> /c/ag-openssl-e138-01/package-04/recipe/pkg/mingw-w64-aarch64-openssl/mingwarm64/share/man/man3/DH_get_1024_160.3ossl
install doc/man/man3/DH_meth_new.3 -> /c/ag-openssl-e138-01/package-04/recipe/pkg/mingw-w64-aarch64-openssl/mingwarm64/share/man/man3/DH_meth_new.3ossl
install doc/man/man3/DH_new.3 -> /c/ag-openssl-e138-01/package-04/recipe/pkg/mingw-w64-aarch64-openssl/mingwarm64/share/man/man3/DH_new.3ossl
install doc/man/man3/DH_new_by_nid.3 -> /c/ag-openssl-e138-01/package-04/recipe/pkg/mingw-w64-aarch64-openssl/mingwarm64/share/man/man3/DH_new_by_nid.3ossl
install doc/man/man3/DH_set_method.3 -> /c/ag-openssl-e138-01/package-04/recipe/pkg/mingw-w64-aarch64-openssl/mingwarm64/share/man/man3/DH_set_method.3ossl
install doc/man/man3/DH_size.3 -> /c/ag-openssl-e138-01/package-04/recipe/pkg/mingw-w64-aarch64-openssl/mingwarm64/share/man/man3/DH_size.3ossl
install doc/man/man3/DSA_SIG_new.3 -> /c/ag-openssl-e138-01/package-04/recipe/pkg/mingw-w64-aarch64-openssl/mingwarm64/share/man/man3/DSA_SIG_new.3ossl
install doc/man/man3/DSA_do_sign.3 -> /c/ag-openssl-e138-01/package-04/recipe/pkg/mingw-w64-aarch64-openssl/mingwarm64/share/man/man3/DSA_do_sign.3ossl
install doc/man/man3/DSA_dup_DH.3 -> /c/ag-openssl-e138-01/package-04/recipe/pkg/mingw-w64-aarch64-openssl/mingwarm64/share/man/man3/DSA_dup_DH.3ossl
install doc/man/man3/DSA_generate_key.3 -> /c/ag-openssl-e138-01/package-04/recipe/pkg/mingw-w64-aarch64-openssl/mingwarm64/share/man/man3/DSA_generate_key.3ossl
install doc/man/man3/DSA_generate_parameters.3 -> /c/ag-openssl-e138-01/package-04/recipe/pkg/mingw-w64-aarch64-openssl/mingwarm64/share/man/man3/DSA_generate_parameters.3ossl
install doc/man/man3/DSA_get0_pqg.3 -> /c/ag-openssl-e138-01/package-04/recipe/pkg/mingw-w64-aarch64-openssl/mingwarm64/share/man/man3/DSA_get0_pqg.3ossl
install doc/man/man3/DSA_meth_new.3 -> /c/ag-openssl-e138-01/package-04/recipe/pkg/mingw-w64-aarch64-openssl/mingwarm64/share/man/man3/DSA_meth_new.3ossl
install doc/man/man3/DSA_new.3 -> /c/ag-openssl-e138-01/package-04/recipe/pkg/mingw-w64-aarch64-openssl/mingwarm64/share/man/man3/DSA_new.3ossl
install doc/man/man3/DSA_set_method.3 -> /c/ag-openssl-e138-01/package-04/recipe/pkg/mingw-w64-aarch64-openssl/mingwarm64/share/man/man3/DSA_set_method.3ossl
install doc/man/man3/DSA_sign.3 -> /c/ag-openssl-e138-01/package-04/recipe/pkg/mingw-w64-aarch64-openssl/mingwarm64/share/man/man3/DSA_sign.3ossl
install doc/man/man3/DSA_size.3 -> /c/ag-openssl-e138-01/package-04/recipe/pkg/mingw-w64-aarch64-openssl/mingwarm64/share/man/man3/DSA_size.3ossl
install doc/man/man3/DTLS_get_data_mtu.3 -> /c/ag-openssl-e138-01/package-04/recipe/pkg/mingw-w64-aarch64-openssl/mingwarm64/share/man/man3/DTLS_get_data_mtu.3ossl
install doc/man/man3/DTLS_set_timer_cb.3 -> /c/ag-openssl-e138-01/package-04/recipe/pkg/mingw-w64-aarch64-openssl/mingwarm64/share/man/man3/DTLS_set_timer_cb.3ossl
install doc/man/man3/DTLSv1_get_timeout.3 -> /c/ag-openssl-e138-01/package-04/recipe/pkg/mingw-w64-aarch64-openssl/mingwarm64/share/man/man3/DTLSv1_get_timeout.3ossl
install doc/man/man3/DTLSv1_handle_timeout.3 -> /c/ag-openssl-e138-01/package-04/recipe/pkg/mingw-w64-aarch64-openssl/mingwarm64/share/man/man3/DTLSv1_handle_timeout.3ossl
install doc/man/man3/DTLSv1_listen.3 -> /c/ag-openssl-e138-01/package-04/recipe/pkg/mingw-w64-aarch64-openssl/mingwarm64/share/man/man3/DTLSv1_listen.3ossl
install doc/man/man3/ECDSA_SIG_new.3 -> /c/ag-openssl-e138-01/package-04/recipe/pkg/mingw-w64-aarch64-openssl/mingwarm64/share/man/man3/ECDSA_SIG_new.3ossl
install doc/man/man3/ECDSA_sign.3 -> /c/ag-openssl-e138-01/package-04/recipe/pkg/mingw-w64-aarch64-openssl/mingwarm64/share/man/man3/ECDSA_sign.3ossl
install doc/man/man3/ECPKParameters_print.3 -> /c/ag-openssl-e138-01/package-04/recipe/pkg/mingw-w64-aarch64-openssl/mingwarm64/share/man/man3/ECPKParameters_print.3ossl
install doc/man/man3/EC_GFp_simple_method.3 -> /c/ag-openssl-e138-01/package-04/recipe/pkg/mingw-w64-aarch64-openssl/mingwarm64/share/man/man3/EC_GFp_simple_method.3ossl
install doc/man/man3/EC_GROUP_copy.3 -> /c/ag-openssl-e138-01/package-04/recipe/pkg/mingw-w64-aarch64-openssl/mingwarm64/share/man/man3/EC_GROUP_copy.3ossl
install doc/man/man3/EC_GROUP_new.3 -> /c/ag-openssl-e138-01/package-04/recipe/pkg/mingw-w64-aarch64-openssl/mingwarm64/share/man/man3/EC_GROUP_new.3ossl
install doc/man/man3/EC_KEY_get_enc_flags.3 -> /c/ag-openssl-e138-01/package-04/recipe/pkg/mingw-w64-aarch64-openssl/mingwarm64/share/man/man3/EC_KEY_get_enc_flags.3ossl
install doc/man/man3/EC_KEY_new.3 -> /c/ag-openssl-e138-01/package-04/recipe/pkg/mingw-w64-aarch64-openssl/mingwarm64/share/man/man3/EC_KEY_new.3ossl
install doc/man/man3/EC_POINT_add.3 -> /c/ag-openssl-e138-01/package-04/recipe/pkg/mingw-w64-aarch64-openssl/mingwarm64/share/man/man3/EC_POINT_add.3ossl
install doc/man/man3/EC_POINT_new.3 -> /c/ag-openssl-e138-01/package-04/recipe/pkg/mingw-w64-aarch64-openssl/mingwarm64/share/man/man3/EC_POINT_new.3ossl
install doc/man/man3/ENGINE_add.3 -> /c/ag-openssl-e138-01/package-04/recipe/pkg/mingw-w64-aarch64-openssl/mingwarm64/share/man/man3/ENGINE_add.3ossl
install doc/man/man3/ERR_GET_LIB.3 -> /c/ag-openssl-e138-01/package-04/recipe/pkg/mingw-w64-aarch64-openssl/mingwarm64/share/man/man3/ERR_GET_LIB.3ossl
install doc/man/man3/ERR_clear_error.3 -> /c/ag-openssl-e138-01/package-04/recipe/pkg/mingw-w64-aarch64-openssl/mingwarm64/share/man/man3/ERR_clear_error.3ossl
install doc/man/man3/ERR_error_string.3 -> /c/ag-openssl-e138-01/package-04/recipe/pkg/mingw-w64-aarch64-openssl/mingwarm64/share/man/man3/ERR_error_string.3ossl
install doc/man/man3/ERR_get_error.3 -> /c/ag-openssl-e138-01/package-04/recipe/pkg/mingw-w64-aarch64-openssl/mingwarm64/share/man/man3/ERR_get_error.3ossl
install doc/man/man3/ERR_load_crypto_strings.3 -> /c/ag-openssl-e138-01/package-04/recipe/pkg/mingw-w64-aarch64-openssl/mingwarm64/share/man/man3/ERR_load_crypto_strings.3ossl
install doc/man/man3/ERR_load_strings.3 -> /c/ag-openssl-e138-01/package-04/recipe/pkg/mingw-w64-aarch64-openssl/mingwarm64/share/man/man3/ERR_load_strings.3ossl
install doc/man/man3/ERR_new.3 -> /c/ag-openssl-e138-01/package-04/recipe/pkg/mingw-w64-aarch64-openssl/mingwarm64/share/man/man3/ERR_new.3ossl
install doc/man/man3/ERR_print_errors.3 -> /c/ag-openssl-e138-01/package-04/recipe/pkg/mingw-w64-aarch64-openssl/mingwarm64/share/man/man3/ERR_print_errors.3ossl
install doc/man/man3/ERR_put_error.3 -> /c/ag-openssl-e138-01/package-04/recipe/pkg/mingw-w64-aarch64-openssl/mingwarm64/share/man/man3/ERR_put_error.3ossl
install doc/man/man3/ERR_remove_state.3 -> /c/ag-openssl-e138-01/package-04/recipe/pkg/mingw-w64-aarch64-openssl/mingwarm64/share/man/man3/ERR_remove_state.3ossl
install doc/man/man3/ERR_set_mark.3 -> /c/ag-openssl-e138-01/package-04/recipe/pkg/mingw-w64-aarch64-openssl/mingwarm64/share/man/man3/ERR_set_mark.3ossl
install doc/man/man3/EVP_ASYM_CIPHER_free.3 -> /c/ag-openssl-e138-01/package-04/recipe/pkg/mingw-w64-aarch64-openssl/mingwarm64/share/man/man3/EVP_ASYM_CIPHER_free.3ossl
install doc/man/man3/EVP_BytesToKey.3 -> /c/ag-openssl-e138-01/package-04/recipe/pkg/mingw-w64-aarch64-openssl/mingwarm64/share/man/man3/EVP_BytesToKey.3ossl
install doc/man/man3/EVP_CIPHER_CTX_get_app_data.3 -> /c/ag-openssl-e138-01/package-04/recipe/pkg/mingw-w64-aarch64-openssl/mingwarm64/share/man/man3/EVP_CIPHER_CTX_get_app_data.3ossl
install doc/man/man3/EVP_CIPHER_CTX_get_cipher_data.3 -> /c/ag-openssl-e138-01/package-04/recipe/pkg/mingw-w64-aarch64-openssl/mingwarm64/share/man/man3/EVP_CIPHER_CTX_get_cipher_data.3ossl
install doc/man/man3/EVP_CIPHER_CTX_get_original_iv.3 -> /c/ag-openssl-e138-01/package-04/recipe/pkg/mingw-w64-aarch64-openssl/mingwarm64/share/man/man3/EVP_CIPHER_CTX_get_original_iv.3ossl
install doc/man/man3/EVP_CIPHER_meth_new.3 -> /c/ag-openssl-e138-01/package-04/recipe/pkg/mingw-w64-aarch64-openssl/mingwarm64/share/man/man3/EVP_CIPHER_meth_new.3ossl
install doc/man/man3/EVP_DigestInit.3 -> /c/ag-openssl-e138-01/package-04/recipe/pkg/mingw-w64-aarch64-openssl/mingwarm64/share/man/man3/EVP_DigestInit.3ossl
install doc/man/man3/EVP_DigestSignInit.3 -> /c/ag-openssl-e138-01/package-04/recipe/pkg/mingw-w64-aarch64-openssl/mingwarm64/share/man/man3/EVP_DigestSignInit.3ossl
install doc/man/man3/EVP_DigestVerifyInit.3 -> /c/ag-openssl-e138-01/package-04/recipe/pkg/mingw-w64-aarch64-openssl/mingwarm64/share/man/man3/EVP_DigestVerifyInit.3ossl
install doc/man/man3/EVP_EncodeInit.3 -> /c/ag-openssl-e138-01/package-04/recipe/pkg/mingw-w64-aarch64-openssl/mingwarm64/share/man/man3/EVP_EncodeInit.3ossl
install doc/man/man3/EVP_EncryptInit.3 -> /c/ag-openssl-e138-01/package-04/recipe/pkg/mingw-w64-aarch64-openssl/mingwarm64/share/man/man3/EVP_EncryptInit.3ossl
install doc/man/man3/EVP_KDF.3 -> /c/ag-openssl-e138-01/package-04/recipe/pkg/mingw-w64-aarch64-openssl/mingwarm64/share/man/man3/EVP_KDF.3ossl
install doc/man/man3/EVP_KEM_free.3 -> /c/ag-openssl-e138-01/package-04/recipe/pkg/mingw-w64-aarch64-openssl/mingwarm64/share/man/man3/EVP_KEM_free.3ossl
install doc/man/man3/EVP_KEYEXCH_free.3 -> /c/ag-openssl-e138-01/package-04/recipe/pkg/mingw-w64-aarch64-openssl/mingwarm64/share/man/man3/EVP_KEYEXCH_free.3ossl
install doc/man/man3/EVP_KEYMGMT.3 -> /c/ag-openssl-e138-01/package-04/recipe/pkg/mingw-w64-aarch64-openssl/mingwarm64/share/man/man3/EVP_KEYMGMT.3ossl
install doc/man/man3/EVP_MAC.3 -> /c/ag-openssl-e138-01/package-04/recipe/pkg/mingw-w64-aarch64-openssl/mingwarm64/share/man/man3/EVP_MAC.3ossl
install doc/man/man3/EVP_MD_meth_new.3 -> /c/ag-openssl-e138-01/package-04/recipe/pkg/mingw-w64-aarch64-openssl/mingwarm64/share/man/man3/EVP_MD_meth_new.3ossl
install doc/man/man3/EVP_OpenInit.3 -> /c/ag-openssl-e138-01/package-04/recipe/pkg/mingw-w64-aarch64-openssl/mingwarm64/share/man/man3/EVP_OpenInit.3ossl
install doc/man/man3/EVP_PBE_CipherInit.3 -> /c/ag-openssl-e138-01/package-04/recipe/pkg/mingw-w64-aarch64-openssl/mingwarm64/share/man/man3/EVP_PBE_CipherInit.3ossl
install doc/man/man3/EVP_PKEY2PKCS8.3 -> /c/ag-openssl-e138-01/package-04/recipe/pkg/mingw-w64-aarch64-openssl/mingwarm64/share/man/man3/EVP_PKEY2PKCS8.3ossl
install doc/man/man3/EVP_PKEY_ASN1_METHOD.3 -> /c/ag-openssl-e138-01/package-04/recipe/pkg/mingw-w64-aarch64-openssl/mingwarm64/share/man/man3/EVP_PKEY_ASN1_METHOD.3ossl
install doc/man/man3/EVP_PKEY_CTX_ctrl.3 -> /c/ag-openssl-e138-01/package-04/recipe/pkg/mingw-w64-aarch64-openssl/mingwarm64/share/man/man3/EVP_PKEY_CTX_ctrl.3ossl
install doc/man/man3/EVP_PKEY_CTX_get0_libctx.3 -> /c/ag-openssl-e138-01/package-04/recipe/pkg/mingw-w64-aarch64-openssl/mingwarm64/share/man/man3/EVP_PKEY_CTX_get0_libctx.3ossl
install doc/man/man3/EVP_PKEY_CTX_get0_pkey.3 -> /c/ag-openssl-e138-01/package-04/recipe/pkg/mingw-w64-aarch64-openssl/mingwarm64/share/man/man3/EVP_PKEY_CTX_get0_pkey.3ossl
install doc/man/man3/EVP_PKEY_CTX_get_algor.3 -> /c/ag-openssl-e138-01/package-04/recipe/pkg/mingw-w64-aarch64-openssl/mingwarm64/share/man/man3/EVP_PKEY_CTX_get_algor.3ossl
install doc/man/man3/EVP_PKEY_CTX_new.3 -> /c/ag-openssl-e138-01/package-04/recipe/pkg/mingw-w64-aarch64-openssl/mingwarm64/share/man/man3/EVP_PKEY_CTX_new.3ossl
install doc/man/man3/EVP_PKEY_CTX_set1_pbe_pass.3 -> /c/ag-openssl-e138-01/package-04/recipe/pkg/mingw-w64-aarch64-openssl/mingwarm64/share/man/man3/EVP_PKEY_CTX_set1_pbe_pass.3ossl
install doc/man/man3/EVP_PKEY_CTX_set_hkdf_md.3 -> /c/ag-openssl-e138-01/package-04/recipe/pkg/mingw-w64-aarch64-openssl/mingwarm64/share/man/man3/EVP_PKEY_CTX_set_hkdf_md.3ossl
install doc/man/man3/EVP_PKEY_CTX_set_params.3 -> /c/ag-openssl-e138-01/package-04/recipe/pkg/mingw-w64-aarch64-openssl/mingwarm64/share/man/man3/EVP_PKEY_CTX_set_params.3ossl
install doc/man/man3/EVP_PKEY_CTX_set_rsa_pss_keygen_md.3 -> /c/ag-openssl-e138-01/package-04/recipe/pkg/mingw-w64-aarch64-openssl/mingwarm64/share/man/man3/EVP_PKEY_CTX_set_rsa_pss_keygen_md.3ossl
install doc/man/man3/EVP_PKEY_CTX_set_scrypt_N.3 -> /c/ag-openssl-e138-01/package-04/recipe/pkg/mingw-w64-aarch64-openssl/mingwarm64/share/man/man3/EVP_PKEY_CTX_set_scrypt_N.3ossl
install doc/man/man3/EVP_PKEY_CTX_set_tls1_prf_md.3 -> /c/ag-openssl-e138-01/package-04/recipe/pkg/mingw-w64-aarch64-openssl/mingwarm64/share/man/man3/EVP_PKEY_CTX_set_tls1_prf_md.3ossl
install doc/man/man3/EVP_PKEY_asn1_get_count.3 -> /c/ag-openssl-e138-01/package-04/recipe/pkg/mingw-w64-aarch64-openssl/mingwarm64/share/man/man3/EVP_PKEY_asn1_get_count.3ossl
install doc/man/man3/EVP_PKEY_check.3 -> /c/ag-openssl-e138-01/package-04/recipe/pkg/mingw-w64-aarch64-openssl/mingwarm64/share/man/man3/EVP_PKEY_check.3ossl
install doc/man/man3/EVP_PKEY_copy_parameters.3 -> /c/ag-openssl-e138-01/package-04/recipe/pkg/mingw-w64-aarch64-openssl/mingwarm64/share/man/man3/EVP_PKEY_copy_parameters.3ossl
install doc/man/man3/EVP_PKEY_decapsulate.3 -> /c/ag-openssl-e138-01/package-04/recipe/pkg/mingw-w64-aarch64-openssl/mingwarm64/share/man/man3/EVP_PKEY_decapsulate.3ossl
install doc/man/man3/EVP_PKEY_decrypt.3 -> /c/ag-openssl-e138-01/package-04/recipe/pkg/mingw-w64-aarch64-openssl/mingwarm64/share/man/man3/EVP_PKEY_decrypt.3ossl
install doc/man/man3/EVP_PKEY_derive.3 -> /c/ag-openssl-e138-01/package-04/recipe/pkg/mingw-w64-aarch64-openssl/mingwarm64/share/man/man3/EVP_PKEY_derive.3ossl
install doc/man/man3/EVP_PKEY_digestsign_supports_digest.3 -> /c/ag-openssl-e138-01/package-04/recipe/pkg/mingw-w64-aarch64-openssl/mingwarm64/share/man/man3/EVP_PKEY_digestsign_supports_digest.3ossl
install doc/man/man3/EVP_PKEY_encapsulate.3 -> /c/ag-openssl-e138-01/package-04/recipe/pkg/mingw-w64-aarch64-openssl/mingwarm64/share/man/man3/EVP_PKEY_encapsulate.3ossl
install doc/man/man3/EVP_PKEY_encrypt.3 -> /c/ag-openssl-e138-01/package-04/recipe/pkg/mingw-w64-aarch64-openssl/mingwarm64/share/man/man3/EVP_PKEY_encrypt.3ossl
install doc/man/man3/EVP_PKEY_fromdata.3 -> /c/ag-openssl-e138-01/package-04/recipe/pkg/mingw-w64-aarch64-openssl/mingwarm64/share/man/man3/EVP_PKEY_fromdata.3ossl
install doc/man/man3/EVP_PKEY_get_attr.3 -> /c/ag-openssl-e138-01/package-04/recipe/pkg/mingw-w64-aarch64-openssl/mingwarm64/share/man/man3/EVP_PKEY_get_attr.3ossl
install doc/man/man3/EVP_PKEY_get_default_digest_nid.3 -> /c/ag-openssl-e138-01/package-04/recipe/pkg/mingw-w64-aarch64-openssl/mingwarm64/share/man/man3/EVP_PKEY_get_default_digest_nid.3ossl
install doc/man/man3/EVP_PKEY_get_field_type.3 -> /c/ag-openssl-e138-01/package-04/recipe/pkg/mingw-w64-aarch64-openssl/mingwarm64/share/man/man3/EVP_PKEY_get_field_type.3ossl
install doc/man/man3/EVP_PKEY_get_group_name.3 -> /c/ag-openssl-e138-01/package-04/recipe/pkg/mingw-w64-aarch64-openssl/mingwarm64/share/man/man3/EVP_PKEY_get_group_name.3ossl
install doc/man/man3/EVP_PKEY_get_size.3 -> /c/ag-openssl-e138-01/package-04/recipe/pkg/mingw-w64-aarch64-openssl/mingwarm64/share/man/man3/EVP_PKEY_get_size.3ossl
install doc/man/man3/EVP_PKEY_gettable_params.3 -> /c/ag-openssl-e138-01/package-04/recipe/pkg/mingw-w64-aarch64-openssl/mingwarm64/share/man/man3/EVP_PKEY_gettable_params.3ossl
install doc/man/man3/EVP_PKEY_is_a.3 -> /c/ag-openssl-e138-01/package-04/recipe/pkg/mingw-w64-aarch64-openssl/mingwarm64/share/man/man3/EVP_PKEY_is_a.3ossl
install doc/man/man3/EVP_PKEY_keygen.3 -> /c/ag-openssl-e138-01/package-04/recipe/pkg/mingw-w64-aarch64-openssl/mingwarm64/share/man/man3/EVP_PKEY_keygen.3ossl
install doc/man/man3/EVP_PKEY_meth_get_count.3 -> /c/ag-openssl-e138-01/package-04/recipe/pkg/mingw-w64-aarch64-openssl/mingwarm64/share/man/man3/EVP_PKEY_meth_get_count.3ossl
install doc/man/man3/EVP_PKEY_meth_new.3 -> /c/ag-openssl-e138-01/package-04/recipe/pkg/mingw-w64-aarch64-openssl/mingwarm64/share/man/man3/EVP_PKEY_meth_new.3ossl
install doc/man/man3/EVP_PKEY_new.3 -> /c/ag-openssl-e138-01/package-04/recipe/pkg/mingw-w64-aarch64-openssl/mingwarm64/share/man/man3/EVP_PKEY_new.3ossl
install doc/man/man3/EVP_PKEY_print_private.3 -> /c/ag-openssl-e138-01/package-04/recipe/pkg/mingw-w64-aarch64-openssl/mingwarm64/share/man/man3/EVP_PKEY_print_private.3ossl
install doc/man/man3/EVP_PKEY_set1_RSA.3 -> /c/ag-openssl-e138-01/package-04/recipe/pkg/mingw-w64-aarch64-openssl/mingwarm64/share/man/man3/EVP_PKEY_set1_RSA.3ossl
install doc/man/man3/EVP_PKEY_set1_encoded_public_key.3 -> /c/ag-openssl-e138-01/package-04/recipe/pkg/mingw-w64-aarch64-openssl/mingwarm64/share/man/man3/EVP_PKEY_set1_encoded_public_key.3ossl
install doc/man/man3/EVP_PKEY_set_type.3 -> /c/ag-openssl-e138-01/package-04/recipe/pkg/mingw-w64-aarch64-openssl/mingwarm64/share/man/man3/EVP_PKEY_set_type.3ossl
install doc/man/man3/EVP_PKEY_settable_params.3 -> /c/ag-openssl-e138-01/package-04/recipe/pkg/mingw-w64-aarch64-openssl/mingwarm64/share/man/man3/EVP_PKEY_settable_params.3ossl
install doc/man/man3/EVP_PKEY_sign.3 -> /c/ag-openssl-e138-01/package-04/recipe/pkg/mingw-w64-aarch64-openssl/mingwarm64/share/man/man3/EVP_PKEY_sign.3ossl
install doc/man/man3/EVP_PKEY_todata.3 -> /c/ag-openssl-e138-01/package-04/recipe/pkg/mingw-w64-aarch64-openssl/mingwarm64/share/man/man3/EVP_PKEY_todata.3ossl
install doc/man/man3/EVP_PKEY_verify.3 -> /c/ag-openssl-e138-01/package-04/recipe/pkg/mingw-w64-aarch64-openssl/mingwarm64/share/man/man3/EVP_PKEY_verify.3ossl
install doc/man/man3/EVP_PKEY_verify_recover.3 -> /c/ag-openssl-e138-01/package-04/recipe/pkg/mingw-w64-aarch64-openssl/mingwarm64/share/man/man3/EVP_PKEY_verify_recover.3ossl
install doc/man/man3/EVP_RAND.3 -> /c/ag-openssl-e138-01/package-04/recipe/pkg/mingw-w64-aarch64-openssl/mingwarm64/share/man/man3/EVP_RAND.3ossl
install doc/man/man3/EVP_SIGNATURE.3 -> /c/ag-openssl-e138-01/package-04/recipe/pkg/mingw-w64-aarch64-openssl/mingwarm64/share/man/man3/EVP_SIGNATURE.3ossl
install doc/man/man3/EVP_SKEY.3 -> /c/ag-openssl-e138-01/package-04/recipe/pkg/mingw-w64-aarch64-openssl/mingwarm64/share/man/man3/EVP_SKEY.3ossl
install doc/man/man3/EVP_SKEYMGMT.3 -> /c/ag-openssl-e138-01/package-04/recipe/pkg/mingw-w64-aarch64-openssl/mingwarm64/share/man/man3/EVP_SKEYMGMT.3ossl
install doc/man/man3/EVP_SealInit.3 -> /c/ag-openssl-e138-01/package-04/recipe/pkg/mingw-w64-aarch64-openssl/mingwarm64/share/man/man3/EVP_SealInit.3ossl
install doc/man/man3/EVP_SignInit.3 -> /c/ag-openssl-e138-01/package-04/recipe/pkg/mingw-w64-aarch64-openssl/mingwarm64/share/man/man3/EVP_SignInit.3ossl
install doc/man/man3/EVP_VerifyInit.3 -> /c/ag-openssl-e138-01/package-04/recipe/pkg/mingw-w64-aarch64-openssl/mingwarm64/share/man/man3/EVP_VerifyInit.3ossl
install doc/man/man3/EVP_aes_128_gcm.3 -> /c/ag-openssl-e138-01/package-04/recipe/pkg/mingw-w64-aarch64-openssl/mingwarm64/share/man/man3/EVP_aes_128_gcm.3ossl
install doc/man/man3/EVP_aria_128_gcm.3 -> /c/ag-openssl-e138-01/package-04/recipe/pkg/mingw-w64-aarch64-openssl/mingwarm64/share/man/man3/EVP_aria_128_gcm.3ossl
install doc/man/man3/EVP_bf_cbc.3 -> /c/ag-openssl-e138-01/package-04/recipe/pkg/mingw-w64-aarch64-openssl/mingwarm64/share/man/man3/EVP_bf_cbc.3ossl
install doc/man/man3/EVP_blake2b512.3 -> /c/ag-openssl-e138-01/package-04/recipe/pkg/mingw-w64-aarch64-openssl/mingwarm64/share/man/man3/EVP_blake2b512.3ossl
install doc/man/man3/EVP_camellia_128_ecb.3 -> /c/ag-openssl-e138-01/package-04/recipe/pkg/mingw-w64-aarch64-openssl/mingwarm64/share/man/man3/EVP_camellia_128_ecb.3ossl
install doc/man/man3/EVP_cast5_cbc.3 -> /c/ag-openssl-e138-01/package-04/recipe/pkg/mingw-w64-aarch64-openssl/mingwarm64/share/man/man3/EVP_cast5_cbc.3ossl
install doc/man/man3/EVP_chacha20.3 -> /c/ag-openssl-e138-01/package-04/recipe/pkg/mingw-w64-aarch64-openssl/mingwarm64/share/man/man3/EVP_chacha20.3ossl
install doc/man/man3/EVP_des_cbc.3 -> /c/ag-openssl-e138-01/package-04/recipe/pkg/mingw-w64-aarch64-openssl/mingwarm64/share/man/man3/EVP_des_cbc.3ossl
install doc/man/man3/EVP_desx_cbc.3 -> /c/ag-openssl-e138-01/package-04/recipe/pkg/mingw-w64-aarch64-openssl/mingwarm64/share/man/man3/EVP_desx_cbc.3ossl
install doc/man/man3/EVP_idea_cbc.3 -> /c/ag-openssl-e138-01/package-04/recipe/pkg/mingw-w64-aarch64-openssl/mingwarm64/share/man/man3/EVP_idea_cbc.3ossl
install doc/man/man3/EVP_md2.3 -> /c/ag-openssl-e138-01/package-04/recipe/pkg/mingw-w64-aarch64-openssl/mingwarm64/share/man/man3/EVP_md2.3ossl
install doc/man/man3/EVP_md4.3 -> /c/ag-openssl-e138-01/package-04/recipe/pkg/mingw-w64-aarch64-openssl/mingwarm64/share/man/man3/EVP_md4.3ossl
install doc/man/man3/EVP_md5.3 -> /c/ag-openssl-e138-01/package-04/recipe/pkg/mingw-w64-aarch64-openssl/mingwarm64/share/man/man3/EVP_md5.3ossl
install doc/man/man3/EVP_mdc2.3 -> /c/ag-openssl-e138-01/package-04/recipe/pkg/mingw-w64-aarch64-openssl/mingwarm64/share/man/man3/EVP_mdc2.3ossl
install doc/man/man3/EVP_rc2_cbc.3 -> /c/ag-openssl-e138-01/package-04/recipe/pkg/mingw-w64-aarch64-openssl/mingwarm64/share/man/man3/EVP_rc2_cbc.3ossl
install doc/man/man3/EVP_rc4.3 -> /c/ag-openssl-e138-01/package-04/recipe/pkg/mingw-w64-aarch64-openssl/mingwarm64/share/man/man3/EVP_rc4.3ossl
install doc/man/man3/EVP_rc5_32_12_16_cbc.3 -> /c/ag-openssl-e138-01/package-04/recipe/pkg/mingw-w64-aarch64-openssl/mingwarm64/share/man/man3/EVP_rc5_32_12_16_cbc.3ossl
install doc/man/man3/EVP_ripemd160.3 -> /c/ag-openssl-e138-01/package-04/recipe/pkg/mingw-w64-aarch64-openssl/mingwarm64/share/man/man3/EVP_ripemd160.3ossl
install doc/man/man3/EVP_seed_cbc.3 -> /c/ag-openssl-e138-01/package-04/recipe/pkg/mingw-w64-aarch64-openssl/mingwarm64/share/man/man3/EVP_seed_cbc.3ossl
install doc/man/man3/EVP_set_default_properties.3 -> /c/ag-openssl-e138-01/package-04/recipe/pkg/mingw-w64-aarch64-openssl/mingwarm64/share/man/man3/EVP_set_default_properties.3ossl
install doc/man/man3/EVP_sha1.3 -> /c/ag-openssl-e138-01/package-04/recipe/pkg/mingw-w64-aarch64-openssl/mingwarm64/share/man/man3/EVP_sha1.3ossl
install doc/man/man3/EVP_sha224.3 -> /c/ag-openssl-e138-01/package-04/recipe/pkg/mingw-w64-aarch64-openssl/mingwarm64/share/man/man3/EVP_sha224.3ossl
install doc/man/man3/EVP_sha3_224.3 -> /c/ag-openssl-e138-01/package-04/recipe/pkg/mingw-w64-aarch64-openssl/mingwarm64/share/man/man3/EVP_sha3_224.3ossl
install doc/man/man3/EVP_sm3.3 -> /c/ag-openssl-e138-01/package-04/recipe/pkg/mingw-w64-aarch64-openssl/mingwarm64/share/man/man3/EVP_sm3.3ossl
install doc/man/man3/EVP_sm4_cbc.3 -> /c/ag-openssl-e138-01/package-04/recipe/pkg/mingw-w64-aarch64-openssl/mingwarm64/share/man/man3/EVP_sm4_cbc.3ossl
install doc/man/man3/EVP_whirlpool.3 -> /c/ag-openssl-e138-01/package-04/recipe/pkg/mingw-w64-aarch64-openssl/mingwarm64/share/man/man3/EVP_whirlpool.3ossl
install doc/man/man3/GENERAL_NAME.3 -> /c/ag-openssl-e138-01/package-04/recipe/pkg/mingw-w64-aarch64-openssl/mingwarm64/share/man/man3/GENERAL_NAME.3ossl
install doc/man/man3/HMAC.3 -> /c/ag-openssl-e138-01/package-04/recipe/pkg/mingw-w64-aarch64-openssl/mingwarm64/share/man/man3/HMAC.3ossl
install doc/man/man3/MD5.3 -> /c/ag-openssl-e138-01/package-04/recipe/pkg/mingw-w64-aarch64-openssl/mingwarm64/share/man/man3/MD5.3ossl
install doc/man/man3/MDC2_Init.3 -> /c/ag-openssl-e138-01/package-04/recipe/pkg/mingw-w64-aarch64-openssl/mingwarm64/share/man/man3/MDC2_Init.3ossl
install doc/man/man3/NAME_CONSTRAINTS_check.3 -> /c/ag-openssl-e138-01/package-04/recipe/pkg/mingw-w64-aarch64-openssl/mingwarm64/share/man/man3/NAME_CONSTRAINTS_check.3ossl
install doc/man/man3/NCONF_new_ex.3 -> /c/ag-openssl-e138-01/package-04/recipe/pkg/mingw-w64-aarch64-openssl/mingwarm64/share/man/man3/NCONF_new_ex.3ossl
install doc/man/man3/OBJ_nid2obj.3 -> /c/ag-openssl-e138-01/package-04/recipe/pkg/mingw-w64-aarch64-openssl/mingwarm64/share/man/man3/OBJ_nid2obj.3ossl
install doc/man/man3/OCSP_REQUEST_new.3 -> /c/ag-openssl-e138-01/package-04/recipe/pkg/mingw-w64-aarch64-openssl/mingwarm64/share/man/man3/OCSP_REQUEST_new.3ossl
install doc/man/man3/OCSP_cert_to_id.3 -> /c/ag-openssl-e138-01/package-04/recipe/pkg/mingw-w64-aarch64-openssl/mingwarm64/share/man/man3/OCSP_cert_to_id.3ossl
install doc/man/man3/OCSP_request_add1_nonce.3 -> /c/ag-openssl-e138-01/package-04/recipe/pkg/mingw-w64-aarch64-openssl/mingwarm64/share/man/man3/OCSP_request_add1_nonce.3ossl
install doc/man/man3/OCSP_resp_find_status.3 -> /c/ag-openssl-e138-01/package-04/recipe/pkg/mingw-w64-aarch64-openssl/mingwarm64/share/man/man3/OCSP_resp_find_status.3ossl
install doc/man/man3/OCSP_response_status.3 -> /c/ag-openssl-e138-01/package-04/recipe/pkg/mingw-w64-aarch64-openssl/mingwarm64/share/man/man3/OCSP_response_status.3ossl
install doc/man/man3/OCSP_sendreq_new.3 -> /c/ag-openssl-e138-01/package-04/recipe/pkg/mingw-w64-aarch64-openssl/mingwarm64/share/man/man3/OCSP_sendreq_new.3ossl
install doc/man/man3/OPENSSL_Applink.3 -> /c/ag-openssl-e138-01/package-04/recipe/pkg/mingw-w64-aarch64-openssl/mingwarm64/share/man/man3/OPENSSL_Applink.3ossl
install doc/man/man3/OPENSSL_FILE.3 -> /c/ag-openssl-e138-01/package-04/recipe/pkg/mingw-w64-aarch64-openssl/mingwarm64/share/man/man3/OPENSSL_FILE.3ossl
install doc/man/man3/OPENSSL_LH_COMPFUNC.3 -> /c/ag-openssl-e138-01/package-04/recipe/pkg/mingw-w64-aarch64-openssl/mingwarm64/share/man/man3/OPENSSL_LH_COMPFUNC.3ossl
install doc/man/man3/OPENSSL_LH_stats.3 -> /c/ag-openssl-e138-01/package-04/recipe/pkg/mingw-w64-aarch64-openssl/mingwarm64/share/man/man3/OPENSSL_LH_stats.3ossl
install doc/man/man3/OPENSSL_armcap.3 -> /c/ag-openssl-e138-01/package-04/recipe/pkg/mingw-w64-aarch64-openssl/mingwarm64/share/man/man3/OPENSSL_armcap.3ossl
install doc/man/man3/OPENSSL_config.3 -> /c/ag-openssl-e138-01/package-04/recipe/pkg/mingw-w64-aarch64-openssl/mingwarm64/share/man/man3/OPENSSL_config.3ossl
install doc/man/man3/OPENSSL_fork_prepare.3 -> /c/ag-openssl-e138-01/package-04/recipe/pkg/mingw-w64-aarch64-openssl/mingwarm64/share/man/man3/OPENSSL_fork_prepare.3ossl
install doc/man/man3/OPENSSL_gmtime.3 -> /c/ag-openssl-e138-01/package-04/recipe/pkg/mingw-w64-aarch64-openssl/mingwarm64/share/man/man3/OPENSSL_gmtime.3ossl
install doc/man/man3/OPENSSL_hexchar2int.3 -> /c/ag-openssl-e138-01/package-04/recipe/pkg/mingw-w64-aarch64-openssl/mingwarm64/share/man/man3/OPENSSL_hexchar2int.3ossl
install doc/man/man3/OPENSSL_ia32cap.3 -> /c/ag-openssl-e138-01/package-04/recipe/pkg/mingw-w64-aarch64-openssl/mingwarm64/share/man/man3/OPENSSL_ia32cap.3ossl
install doc/man/man3/OPENSSL_init_crypto.3 -> /c/ag-openssl-e138-01/package-04/recipe/pkg/mingw-w64-aarch64-openssl/mingwarm64/share/man/man3/OPENSSL_init_crypto.3ossl
install doc/man/man3/OPENSSL_init_ssl.3 -> /c/ag-openssl-e138-01/package-04/recipe/pkg/mingw-w64-aarch64-openssl/mingwarm64/share/man/man3/OPENSSL_init_ssl.3ossl
install doc/man/man3/OPENSSL_instrument_bus.3 -> /c/ag-openssl-e138-01/package-04/recipe/pkg/mingw-w64-aarch64-openssl/mingwarm64/share/man/man3/OPENSSL_instrument_bus.3ossl
install doc/man/man3/OPENSSL_load_builtin_modules.3 -> /c/ag-openssl-e138-01/package-04/recipe/pkg/mingw-w64-aarch64-openssl/mingwarm64/share/man/man3/OPENSSL_load_builtin_modules.3ossl
install doc/man/man3/OPENSSL_load_u16_le.3 -> /c/ag-openssl-e138-01/package-04/recipe/pkg/mingw-w64-aarch64-openssl/mingwarm64/share/man/man3/OPENSSL_load_u16_le.3ossl
install doc/man/man3/OPENSSL_malloc.3 -> /c/ag-openssl-e138-01/package-04/recipe/pkg/mingw-w64-aarch64-openssl/mingwarm64/share/man/man3/OPENSSL_malloc.3ossl
install doc/man/man3/OPENSSL_ppccap.3 -> /c/ag-openssl-e138-01/package-04/recipe/pkg/mingw-w64-aarch64-openssl/mingwarm64/share/man/man3/OPENSSL_ppccap.3ossl
install doc/man/man3/OPENSSL_riscvcap.3 -> /c/ag-openssl-e138-01/package-04/recipe/pkg/mingw-w64-aarch64-openssl/mingwarm64/share/man/man3/OPENSSL_riscvcap.3ossl
install doc/man/man3/OPENSSL_s390xcap.3 -> /c/ag-openssl-e138-01/package-04/recipe/pkg/mingw-w64-aarch64-openssl/mingwarm64/share/man/man3/OPENSSL_s390xcap.3ossl
install doc/man/man3/OPENSSL_secure_malloc.3 -> /c/ag-openssl-e138-01/package-04/recipe/pkg/mingw-w64-aarch64-openssl/mingwarm64/share/man/man3/OPENSSL_secure_malloc.3ossl
install doc/man/man3/OPENSSL_strcasecmp.3 -> /c/ag-openssl-e138-01/package-04/recipe/pkg/mingw-w64-aarch64-openssl/mingwarm64/share/man/man3/OPENSSL_strcasecmp.3ossl
install doc/man/man3/OSSL_ALGORITHM.3 -> /c/ag-openssl-e138-01/package-04/recipe/pkg/mingw-w64-aarch64-openssl/mingwarm64/share/man/man3/OSSL_ALGORITHM.3ossl
install doc/man/man3/OSSL_CALLBACK.3 -> /c/ag-openssl-e138-01/package-04/recipe/pkg/mingw-w64-aarch64-openssl/mingwarm64/share/man/man3/OSSL_CALLBACK.3ossl
install doc/man/man3/OSSL_CMP_ATAV_set0.3 -> /c/ag-openssl-e138-01/package-04/recipe/pkg/mingw-w64-aarch64-openssl/mingwarm64/share/man/man3/OSSL_CMP_ATAV_set0.3ossl
install doc/man/man3/OSSL_CMP_CTX_new.3 -> /c/ag-openssl-e138-01/package-04/recipe/pkg/mingw-w64-aarch64-openssl/mingwarm64/share/man/man3/OSSL_CMP_CTX_new.3ossl
install doc/man/man3/OSSL_CMP_HDR_get0_transactionID.3 -> /c/ag-openssl-e138-01/package-04/recipe/pkg/mingw-w64-aarch64-openssl/mingwarm64/share/man/man3/OSSL_CMP_HDR_get0_transactionID.3ossl
install doc/man/man3/OSSL_CMP_ITAV_new_caCerts.3 -> /c/ag-openssl-e138-01/package-04/recipe/pkg/mingw-w64-aarch64-openssl/mingwarm64/share/man/man3/OSSL_CMP_ITAV_new_caCerts.3ossl
install doc/man/man3/OSSL_CMP_ITAV_set0.3 -> /c/ag-openssl-e138-01/package-04/recipe/pkg/mingw-w64-aarch64-openssl/mingwarm64/share/man/man3/OSSL_CMP_ITAV_set0.3ossl
install doc/man/man3/OSSL_CMP_MSG_get0_header.3 -> /c/ag-openssl-e138-01/package-04/recipe/pkg/mingw-w64-aarch64-openssl/mingwarm64/share/man/man3/OSSL_CMP_MSG_get0_header.3ossl
install doc/man/man3/OSSL_CMP_MSG_http_perform.3 -> /c/ag-openssl-e138-01/package-04/recipe/pkg/mingw-w64-aarch64-openssl/mingwarm64/share/man/man3/OSSL_CMP_MSG_http_perform.3ossl
install doc/man/man3/OSSL_CMP_SRV_CTX_new.3 -> /c/ag-openssl-e138-01/package-04/recipe/pkg/mingw-w64-aarch64-openssl/mingwarm64/share/man/man3/OSSL_CMP_SRV_CTX_new.3ossl
install doc/man/man3/OSSL_CMP_STATUSINFO_new.3 -> /c/ag-openssl-e138-01/package-04/recipe/pkg/mingw-w64-aarch64-openssl/mingwarm64/share/man/man3/OSSL_CMP_STATUSINFO_new.3ossl
install doc/man/man3/OSSL_CMP_exec_certreq.3 -> /c/ag-openssl-e138-01/package-04/recipe/pkg/mingw-w64-aarch64-openssl/mingwarm64/share/man/man3/OSSL_CMP_exec_certreq.3ossl
install doc/man/man3/OSSL_CMP_log_open.3 -> /c/ag-openssl-e138-01/package-04/recipe/pkg/mingw-w64-aarch64-openssl/mingwarm64/share/man/man3/OSSL_CMP_log_open.3ossl
install doc/man/man3/OSSL_CMP_validate_msg.3 -> /c/ag-openssl-e138-01/package-04/recipe/pkg/mingw-w64-aarch64-openssl/mingwarm64/share/man/man3/OSSL_CMP_validate_msg.3ossl
install doc/man/man3/OSSL_CORE_MAKE_FUNC.3 -> /c/ag-openssl-e138-01/package-04/recipe/pkg/mingw-w64-aarch64-openssl/mingwarm64/share/man/man3/OSSL_CORE_MAKE_FUNC.3ossl
install doc/man/man3/OSSL_CRMF_MSG_get0_tmpl.3 -> /c/ag-openssl-e138-01/package-04/recipe/pkg/mingw-w64-aarch64-openssl/mingwarm64/share/man/man3/OSSL_CRMF_MSG_get0_tmpl.3ossl
install doc/man/man3/OSSL_CRMF_MSG_set0_validity.3 -> /c/ag-openssl-e138-01/package-04/recipe/pkg/mingw-w64-aarch64-openssl/mingwarm64/share/man/man3/OSSL_CRMF_MSG_set0_validity.3ossl
install doc/man/man3/OSSL_CRMF_MSG_set1_regCtrl_regToken.3 -> /c/ag-openssl-e138-01/package-04/recipe/pkg/mingw-w64-aarch64-openssl/mingwarm64/share/man/man3/OSSL_CRMF_MSG_set1_regCtrl_regToken.3ossl
install doc/man/man3/OSSL_CRMF_MSG_set1_regInfo_certReq.3 -> /c/ag-openssl-e138-01/package-04/recipe/pkg/mingw-w64-aarch64-openssl/mingwarm64/share/man/man3/OSSL_CRMF_MSG_set1_regInfo_certReq.3ossl
install doc/man/man3/OSSL_CRMF_pbmp_new.3 -> /c/ag-openssl-e138-01/package-04/recipe/pkg/mingw-w64-aarch64-openssl/mingwarm64/share/man/man3/OSSL_CRMF_pbmp_new.3ossl
install doc/man/man3/OSSL_DECODER.3 -> /c/ag-openssl-e138-01/package-04/recipe/pkg/mingw-w64-aarch64-openssl/mingwarm64/share/man/man3/OSSL_DECODER.3ossl
install doc/man/man3/OSSL_DECODER_CTX.3 -> /c/ag-openssl-e138-01/package-04/recipe/pkg/mingw-w64-aarch64-openssl/mingwarm64/share/man/man3/OSSL_DECODER_CTX.3ossl
install doc/man/man3/OSSL_DECODER_CTX_new_for_pkey.3 -> /c/ag-openssl-e138-01/package-04/recipe/pkg/mingw-w64-aarch64-openssl/mingwarm64/share/man/man3/OSSL_DECODER_CTX_new_for_pkey.3ossl
install doc/man/man3/OSSL_DECODER_from_bio.3 -> /c/ag-openssl-e138-01/package-04/recipe/pkg/mingw-w64-aarch64-openssl/mingwarm64/share/man/man3/OSSL_DECODER_from_bio.3ossl
install doc/man/man3/OSSL_DISPATCH.3 -> /c/ag-openssl-e138-01/package-04/recipe/pkg/mingw-w64-aarch64-openssl/mingwarm64/share/man/man3/OSSL_DISPATCH.3ossl
install doc/man/man3/OSSL_ENCODER.3 -> /c/ag-openssl-e138-01/package-04/recipe/pkg/mingw-w64-aarch64-openssl/mingwarm64/share/man/man3/OSSL_ENCODER.3ossl
install doc/man/man3/OSSL_ENCODER_CTX.3 -> /c/ag-openssl-e138-01/package-04/recipe/pkg/mingw-w64-aarch64-openssl/mingwarm64/share/man/man3/OSSL_ENCODER_CTX.3ossl
install doc/man/man3/OSSL_ENCODER_CTX_new_for_pkey.3 -> /c/ag-openssl-e138-01/package-04/recipe/pkg/mingw-w64-aarch64-openssl/mingwarm64/share/man/man3/OSSL_ENCODER_CTX_new_for_pkey.3ossl
install doc/man/man3/OSSL_ENCODER_to_bio.3 -> /c/ag-openssl-e138-01/package-04/recipe/pkg/mingw-w64-aarch64-openssl/mingwarm64/share/man/man3/OSSL_ENCODER_to_bio.3ossl
install doc/man/man3/OSSL_ERR_STATE_save.3 -> /c/ag-openssl-e138-01/package-04/recipe/pkg/mingw-w64-aarch64-openssl/mingwarm64/share/man/man3/OSSL_ERR_STATE_save.3ossl
install doc/man/man3/OSSL_ESS_check_signing_certs.3 -> /c/ag-openssl-e138-01/package-04/recipe/pkg/mingw-w64-aarch64-openssl/mingwarm64/share/man/man3/OSSL_ESS_check_signing_certs.3ossl
install doc/man/man3/OSSL_GENERAL_NAMES_print.3 -> /c/ag-openssl-e138-01/package-04/recipe/pkg/mingw-w64-aarch64-openssl/mingwarm64/share/man/man3/OSSL_GENERAL_NAMES_print.3ossl
install doc/man/man3/OSSL_HPKE_CTX_new.3 -> /c/ag-openssl-e138-01/package-04/recipe/pkg/mingw-w64-aarch64-openssl/mingwarm64/share/man/man3/OSSL_HPKE_CTX_new.3ossl
install doc/man/man3/OSSL_HTTP_REQ_CTX.3 -> /c/ag-openssl-e138-01/package-04/recipe/pkg/mingw-w64-aarch64-openssl/mingwarm64/share/man/man3/OSSL_HTTP_REQ_CTX.3ossl
install doc/man/man3/OSSL_HTTP_parse_url.3 -> /c/ag-openssl-e138-01/package-04/recipe/pkg/mingw-w64-aarch64-openssl/mingwarm64/share/man/man3/OSSL_HTTP_parse_url.3ossl
install doc/man/man3/OSSL_HTTP_transfer.3 -> /c/ag-openssl-e138-01/package-04/recipe/pkg/mingw-w64-aarch64-openssl/mingwarm64/share/man/man3/OSSL_HTTP_transfer.3ossl
install doc/man/man3/OSSL_IETF_ATTR_SYNTAX.3 -> /c/ag-openssl-e138-01/package-04/recipe/pkg/mingw-w64-aarch64-openssl/mingwarm64/share/man/man3/OSSL_IETF_ATTR_SYNTAX.3ossl
install doc/man/man3/OSSL_IETF_ATTR_SYNTAX_print.3 -> /c/ag-openssl-e138-01/package-04/recipe/pkg/mingw-w64-aarch64-openssl/mingwarm64/share/man/man3/OSSL_IETF_ATTR_SYNTAX_print.3ossl
install doc/man/man3/OSSL_INDICATOR_set_callback.3 -> /c/ag-openssl-e138-01/package-04/recipe/pkg/mingw-w64-aarch64-openssl/mingwarm64/share/man/man3/OSSL_INDICATOR_set_callback.3ossl
install doc/man/man3/OSSL_ITEM.3 -> /c/ag-openssl-e138-01/package-04/recipe/pkg/mingw-w64-aarch64-openssl/mingwarm64/share/man/man3/OSSL_ITEM.3ossl
install doc/man/man3/OSSL_LIB_CTX.3 -> /c/ag-openssl-e138-01/package-04/recipe/pkg/mingw-w64-aarch64-openssl/mingwarm64/share/man/man3/OSSL_LIB_CTX.3ossl
install doc/man/man3/OSSL_LIB_CTX_set_conf_diagnostics.3 -> /c/ag-openssl-e138-01/package-04/recipe/pkg/mingw-w64-aarch64-openssl/mingwarm64/share/man/man3/OSSL_LIB_CTX_set_conf_diagnostics.3ossl
install doc/man/man3/OSSL_PARAM.3 -> /c/ag-openssl-e138-01/package-04/recipe/pkg/mingw-w64-aarch64-openssl/mingwarm64/share/man/man3/OSSL_PARAM.3ossl
install doc/man/man3/OSSL_PARAM_BLD.3 -> /c/ag-openssl-e138-01/package-04/recipe/pkg/mingw-w64-aarch64-openssl/mingwarm64/share/man/man3/OSSL_PARAM_BLD.3ossl
install doc/man/man3/OSSL_PARAM_allocate_from_text.3 -> /c/ag-openssl-e138-01/package-04/recipe/pkg/mingw-w64-aarch64-openssl/mingwarm64/share/man/man3/OSSL_PARAM_allocate_from_text.3ossl
install doc/man/man3/OSSL_PARAM_dup.3 -> /c/ag-openssl-e138-01/package-04/recipe/pkg/mingw-w64-aarch64-openssl/mingwarm64/share/man/man3/OSSL_PARAM_dup.3ossl
install doc/man/man3/OSSL_PARAM_int.3 -> /c/ag-openssl-e138-01/package-04/recipe/pkg/mingw-w64-aarch64-openssl/mingwarm64/share/man/man3/OSSL_PARAM_int.3ossl
install doc/man/man3/OSSL_PARAM_print_to_bio.3 -> /c/ag-openssl-e138-01/package-04/recipe/pkg/mingw-w64-aarch64-openssl/mingwarm64/share/man/man3/OSSL_PARAM_print_to_bio.3ossl
install doc/man/man3/OSSL_PROVIDER.3 -> /c/ag-openssl-e138-01/package-04/recipe/pkg/mingw-w64-aarch64-openssl/mingwarm64/share/man/man3/OSSL_PROVIDER.3ossl
install doc/man/man3/OSSL_QUIC_client_method.3 -> /c/ag-openssl-e138-01/package-04/recipe/pkg/mingw-w64-aarch64-openssl/mingwarm64/share/man/man3/OSSL_QUIC_client_method.3ossl
install doc/man/man3/OSSL_SELF_TEST_new.3 -> /c/ag-openssl-e138-01/package-04/recipe/pkg/mingw-w64-aarch64-openssl/mingwarm64/share/man/man3/OSSL_SELF_TEST_new.3ossl
install doc/man/man3/OSSL_SELF_TEST_set_callback.3 -> /c/ag-openssl-e138-01/package-04/recipe/pkg/mingw-w64-aarch64-openssl/mingwarm64/share/man/man3/OSSL_SELF_TEST_set_callback.3ossl
install doc/man/man3/OSSL_STORE_INFO.3 -> /c/ag-openssl-e138-01/package-04/recipe/pkg/mingw-w64-aarch64-openssl/mingwarm64/share/man/man3/OSSL_STORE_INFO.3ossl
install doc/man/man3/OSSL_STORE_LOADER.3 -> /c/ag-openssl-e138-01/package-04/recipe/pkg/mingw-w64-aarch64-openssl/mingwarm64/share/man/man3/OSSL_STORE_LOADER.3ossl
install doc/man/man3/OSSL_STORE_SEARCH.3 -> /c/ag-openssl-e138-01/package-04/recipe/pkg/mingw-w64-aarch64-openssl/mingwarm64/share/man/man3/OSSL_STORE_SEARCH.3ossl
install doc/man/man3/OSSL_STORE_attach.3 -> /c/ag-openssl-e138-01/package-04/recipe/pkg/mingw-w64-aarch64-openssl/mingwarm64/share/man/man3/OSSL_STORE_attach.3ossl
install doc/man/man3/OSSL_STORE_expect.3 -> /c/ag-openssl-e138-01/package-04/recipe/pkg/mingw-w64-aarch64-openssl/mingwarm64/share/man/man3/OSSL_STORE_expect.3ossl
install doc/man/man3/OSSL_STORE_open.3 -> /c/ag-openssl-e138-01/package-04/recipe/pkg/mingw-w64-aarch64-openssl/mingwarm64/share/man/man3/OSSL_STORE_open.3ossl
install doc/man/man3/OSSL_sleep.3 -> /c/ag-openssl-e138-01/package-04/recipe/pkg/mingw-w64-aarch64-openssl/mingwarm64/share/man/man3/OSSL_sleep.3ossl
install doc/man/man3/OSSL_trace_enabled.3 -> /c/ag-openssl-e138-01/package-04/recipe/pkg/mingw-w64-aarch64-openssl/mingwarm64/share/man/man3/OSSL_trace_enabled.3ossl
install doc/man/man3/OSSL_trace_get_category_num.3 -> /c/ag-openssl-e138-01/package-04/recipe/pkg/mingw-w64-aarch64-openssl/mingwarm64/share/man/man3/OSSL_trace_get_category_num.3ossl
install doc/man/man3/OSSL_trace_set_channel.3 -> /c/ag-openssl-e138-01/package-04/recipe/pkg/mingw-w64-aarch64-openssl/mingwarm64/share/man/man3/OSSL_trace_set_channel.3ossl
install doc/man/man3/OpenSSL_add_all_algorithms.3 -> /c/ag-openssl-e138-01/package-04/recipe/pkg/mingw-w64-aarch64-openssl/mingwarm64/share/man/man3/OpenSSL_add_all_algorithms.3ossl
install doc/man/man3/OpenSSL_version.3 -> /c/ag-openssl-e138-01/package-04/recipe/pkg/mingw-w64-aarch64-openssl/mingwarm64/share/man/man3/OpenSSL_version.3ossl
install doc/man/man3/PBMAC1_get1_pbkdf2_param.3 -> /c/ag-openssl-e138-01/package-04/recipe/pkg/mingw-w64-aarch64-openssl/mingwarm64/share/man/man3/PBMAC1_get1_pbkdf2_param.3ossl
install doc/man/man3/PEM_X509_INFO_read_bio_ex.3 -> /c/ag-openssl-e138-01/package-04/recipe/pkg/mingw-w64-aarch64-openssl/mingwarm64/share/man/man3/PEM_X509_INFO_read_bio_ex.3ossl
install doc/man/man3/PEM_bytes_read_bio.3 -> /c/ag-openssl-e138-01/package-04/recipe/pkg/mingw-w64-aarch64-openssl/mingwarm64/share/man/man3/PEM_bytes_read_bio.3ossl
install doc/man/man3/PEM_read.3 -> /c/ag-openssl-e138-01/package-04/recipe/pkg/mingw-w64-aarch64-openssl/mingwarm64/share/man/man3/PEM_read.3ossl
install doc/man/man3/PEM_read_CMS.3 -> /c/ag-openssl-e138-01/package-04/recipe/pkg/mingw-w64-aarch64-openssl/mingwarm64/share/man/man3/PEM_read_CMS.3ossl
install doc/man/man3/PEM_read_bio_PrivateKey.3 -> /c/ag-openssl-e138-01/package-04/recipe/pkg/mingw-w64-aarch64-openssl/mingwarm64/share/man/man3/PEM_read_bio_PrivateKey.3ossl
install doc/man/man3/PEM_read_bio_ex.3 -> /c/ag-openssl-e138-01/package-04/recipe/pkg/mingw-w64-aarch64-openssl/mingwarm64/share/man/man3/PEM_read_bio_ex.3ossl
install doc/man/man3/PEM_write_bio_CMS_stream.3 -> /c/ag-openssl-e138-01/package-04/recipe/pkg/mingw-w64-aarch64-openssl/mingwarm64/share/man/man3/PEM_write_bio_CMS_stream.3ossl
install doc/man/man3/PEM_write_bio_PKCS7_stream.3 -> /c/ag-openssl-e138-01/package-04/recipe/pkg/mingw-w64-aarch64-openssl/mingwarm64/share/man/man3/PEM_write_bio_PKCS7_stream.3ossl
install doc/man/man3/PKCS12_PBE_keyivgen.3 -> /c/ag-openssl-e138-01/package-04/recipe/pkg/mingw-w64-aarch64-openssl/mingwarm64/share/man/man3/PKCS12_PBE_keyivgen.3ossl
install doc/man/man3/PKCS12_SAFEBAG_create_cert.3 -> /c/ag-openssl-e138-01/package-04/recipe/pkg/mingw-w64-aarch64-openssl/mingwarm64/share/man/man3/PKCS12_SAFEBAG_create_cert.3ossl
install doc/man/man3/PKCS12_SAFEBAG_get0_attrs.3 -> /c/ag-openssl-e138-01/package-04/recipe/pkg/mingw-w64-aarch64-openssl/mingwarm64/share/man/man3/PKCS12_SAFEBAG_get0_attrs.3ossl
install doc/man/man3/PKCS12_SAFEBAG_get1_cert.3 -> /c/ag-openssl-e138-01/package-04/recipe/pkg/mingw-w64-aarch64-openssl/mingwarm64/share/man/man3/PKCS12_SAFEBAG_get1_cert.3ossl
install doc/man/man3/PKCS12_SAFEBAG_set0_attrs.3 -> /c/ag-openssl-e138-01/package-04/recipe/pkg/mingw-w64-aarch64-openssl/mingwarm64/share/man/man3/PKCS12_SAFEBAG_set0_attrs.3ossl
install doc/man/man3/PKCS12_add1_attr_by_NID.3 -> /c/ag-openssl-e138-01/package-04/recipe/pkg/mingw-w64-aarch64-openssl/mingwarm64/share/man/man3/PKCS12_add1_attr_by_NID.3ossl
install doc/man/man3/PKCS12_add_CSPName_asc.3 -> /c/ag-openssl-e138-01/package-04/recipe/pkg/mingw-w64-aarch64-openssl/mingwarm64/share/man/man3/PKCS12_add_CSPName_asc.3ossl
install doc/man/man3/PKCS12_add_cert.3 -> /c/ag-openssl-e138-01/package-04/recipe/pkg/mingw-w64-aarch64-openssl/mingwarm64/share/man/man3/PKCS12_add_cert.3ossl
install doc/man/man3/PKCS12_add_friendlyname_asc.3 -> /c/ag-openssl-e138-01/package-04/recipe/pkg/mingw-w64-aarch64-openssl/mingwarm64/share/man/man3/PKCS12_add_friendlyname_asc.3ossl
install doc/man/man3/PKCS12_add_localkeyid.3 -> /c/ag-openssl-e138-01/package-04/recipe/pkg/mingw-w64-aarch64-openssl/mingwarm64/share/man/man3/PKCS12_add_localkeyid.3ossl
install doc/man/man3/PKCS12_add_safe.3 -> /c/ag-openssl-e138-01/package-04/recipe/pkg/mingw-w64-aarch64-openssl/mingwarm64/share/man/man3/PKCS12_add_safe.3ossl
install doc/man/man3/PKCS12_create.3 -> /c/ag-openssl-e138-01/package-04/recipe/pkg/mingw-w64-aarch64-openssl/mingwarm64/share/man/man3/PKCS12_create.3ossl
install doc/man/man3/PKCS12_decrypt_skey.3 -> /c/ag-openssl-e138-01/package-04/recipe/pkg/mingw-w64-aarch64-openssl/mingwarm64/share/man/man3/PKCS12_decrypt_skey.3ossl
install doc/man/man3/PKCS12_gen_mac.3 -> /c/ag-openssl-e138-01/package-04/recipe/pkg/mingw-w64-aarch64-openssl/mingwarm64/share/man/man3/PKCS12_gen_mac.3ossl
install doc/man/man3/PKCS12_get_friendlyname.3 -> /c/ag-openssl-e138-01/package-04/recipe/pkg/mingw-w64-aarch64-openssl/mingwarm64/share/man/man3/PKCS12_get_friendlyname.3ossl
install doc/man/man3/PKCS12_init.3 -> /c/ag-openssl-e138-01/package-04/recipe/pkg/mingw-w64-aarch64-openssl/mingwarm64/share/man/man3/PKCS12_init.3ossl
install doc/man/man3/PKCS12_item_decrypt_d2i.3 -> /c/ag-openssl-e138-01/package-04/recipe/pkg/mingw-w64-aarch64-openssl/mingwarm64/share/man/man3/PKCS12_item_decrypt_d2i.3ossl
install doc/man/man3/PKCS12_key_gen_utf8_ex.3 -> /c/ag-openssl-e138-01/package-04/recipe/pkg/mingw-w64-aarch64-openssl/mingwarm64/share/man/man3/PKCS12_key_gen_utf8_ex.3ossl
install doc/man/man3/PKCS12_newpass.3 -> /c/ag-openssl-e138-01/package-04/recipe/pkg/mingw-w64-aarch64-openssl/mingwarm64/share/man/man3/PKCS12_newpass.3ossl
install doc/man/man3/PKCS12_pack_p7encdata.3 -> /c/ag-openssl-e138-01/package-04/recipe/pkg/mingw-w64-aarch64-openssl/mingwarm64/share/man/man3/PKCS12_pack_p7encdata.3ossl
install doc/man/man3/PKCS12_parse.3 -> /c/ag-openssl-e138-01/package-04/recipe/pkg/mingw-w64-aarch64-openssl/mingwarm64/share/man/man3/PKCS12_parse.3ossl
install doc/man/man3/PKCS5_PBE_keyivgen.3 -> /c/ag-openssl-e138-01/package-04/recipe/pkg/mingw-w64-aarch64-openssl/mingwarm64/share/man/man3/PKCS5_PBE_keyivgen.3ossl
install doc/man/man3/PKCS5_PBKDF2_HMAC.3 -> /c/ag-openssl-e138-01/package-04/recipe/pkg/mingw-w64-aarch64-openssl/mingwarm64/share/man/man3/PKCS5_PBKDF2_HMAC.3ossl
install doc/man/man3/PKCS7_decrypt.3 -> /c/ag-openssl-e138-01/package-04/recipe/pkg/mingw-w64-aarch64-openssl/mingwarm64/share/man/man3/PKCS7_decrypt.3ossl
install doc/man/man3/PKCS7_encrypt.3 -> /c/ag-openssl-e138-01/package-04/recipe/pkg/mingw-w64-aarch64-openssl/mingwarm64/share/man/man3/PKCS7_encrypt.3ossl
install doc/man/man3/PKCS7_get_octet_string.3 -> /c/ag-openssl-e138-01/package-04/recipe/pkg/mingw-w64-aarch64-openssl/mingwarm64/share/man/man3/PKCS7_get_octet_string.3ossl
install doc/man/man3/PKCS7_sign.3 -> /c/ag-openssl-e138-01/package-04/recipe/pkg/mingw-w64-aarch64-openssl/mingwarm64/share/man/man3/PKCS7_sign.3ossl
install doc/man/man3/PKCS7_sign_add_signer.3 -> /c/ag-openssl-e138-01/package-04/recipe/pkg/mingw-w64-aarch64-openssl/mingwarm64/share/man/man3/PKCS7_sign_add_signer.3ossl
install doc/man/man3/PKCS7_type_is_other.3 -> /c/ag-openssl-e138-01/package-04/recipe/pkg/mingw-w64-aarch64-openssl/mingwarm64/share/man/man3/PKCS7_type_is_other.3ossl
install doc/man/man3/PKCS7_verify.3 -> /c/ag-openssl-e138-01/package-04/recipe/pkg/mingw-w64-aarch64-openssl/mingwarm64/share/man/man3/PKCS7_verify.3ossl
install doc/man/man3/PKCS8_encrypt.3 -> /c/ag-openssl-e138-01/package-04/recipe/pkg/mingw-w64-aarch64-openssl/mingwarm64/share/man/man3/PKCS8_encrypt.3ossl
install doc/man/man3/PKCS8_pkey_add1_attr.3 -> /c/ag-openssl-e138-01/package-04/recipe/pkg/mingw-w64-aarch64-openssl/mingwarm64/share/man/man3/PKCS8_pkey_add1_attr.3ossl
install doc/man/man3/RAND_add.3 -> /c/ag-openssl-e138-01/package-04/recipe/pkg/mingw-w64-aarch64-openssl/mingwarm64/share/man/man3/RAND_add.3ossl
install doc/man/man3/RAND_bytes.3 -> /c/ag-openssl-e138-01/package-04/recipe/pkg/mingw-w64-aarch64-openssl/mingwarm64/share/man/man3/RAND_bytes.3ossl
install doc/man/man3/RAND_cleanup.3 -> /c/ag-openssl-e138-01/package-04/recipe/pkg/mingw-w64-aarch64-openssl/mingwarm64/share/man/man3/RAND_cleanup.3ossl
install doc/man/man3/RAND_egd.3 -> /c/ag-openssl-e138-01/package-04/recipe/pkg/mingw-w64-aarch64-openssl/mingwarm64/share/man/man3/RAND_egd.3ossl
install doc/man/man3/RAND_get0_primary.3 -> /c/ag-openssl-e138-01/package-04/recipe/pkg/mingw-w64-aarch64-openssl/mingwarm64/share/man/man3/RAND_get0_primary.3ossl
install doc/man/man3/RAND_load_file.3 -> /c/ag-openssl-e138-01/package-04/recipe/pkg/mingw-w64-aarch64-openssl/mingwarm64/share/man/man3/RAND_load_file.3ossl
install doc/man/man3/RAND_set_DRBG_type.3 -> /c/ag-openssl-e138-01/package-04/recipe/pkg/mingw-w64-aarch64-openssl/mingwarm64/share/man/man3/RAND_set_DRBG_type.3ossl
install doc/man/man3/RAND_set_rand_method.3 -> /c/ag-openssl-e138-01/package-04/recipe/pkg/mingw-w64-aarch64-openssl/mingwarm64/share/man/man3/RAND_set_rand_method.3ossl
install doc/man/man3/RC4_set_key.3 -> /c/ag-openssl-e138-01/package-04/recipe/pkg/mingw-w64-aarch64-openssl/mingwarm64/share/man/man3/RC4_set_key.3ossl
install doc/man/man3/RIPEMD160_Init.3 -> /c/ag-openssl-e138-01/package-04/recipe/pkg/mingw-w64-aarch64-openssl/mingwarm64/share/man/man3/RIPEMD160_Init.3ossl
install doc/man/man3/RSA_blinding_on.3 -> /c/ag-openssl-e138-01/package-04/recipe/pkg/mingw-w64-aarch64-openssl/mingwarm64/share/man/man3/RSA_blinding_on.3ossl
install doc/man/man3/RSA_check_key.3 -> /c/ag-openssl-e138-01/package-04/recipe/pkg/mingw-w64-aarch64-openssl/mingwarm64/share/man/man3/RSA_check_key.3ossl
install doc/man/man3/RSA_generate_key.3 -> /c/ag-openssl-e138-01/package-04/recipe/pkg/mingw-w64-aarch64-openssl/mingwarm64/share/man/man3/RSA_generate_key.3ossl
install doc/man/man3/RSA_get0_key.3 -> /c/ag-openssl-e138-01/package-04/recipe/pkg/mingw-w64-aarch64-openssl/mingwarm64/share/man/man3/RSA_get0_key.3ossl
install doc/man/man3/RSA_meth_new.3 -> /c/ag-openssl-e138-01/package-04/recipe/pkg/mingw-w64-aarch64-openssl/mingwarm64/share/man/man3/RSA_meth_new.3ossl
install doc/man/man3/RSA_new.3 -> /c/ag-openssl-e138-01/package-04/recipe/pkg/mingw-w64-aarch64-openssl/mingwarm64/share/man/man3/RSA_new.3ossl
install doc/man/man3/RSA_padding_add_PKCS1_type_1.3 -> /c/ag-openssl-e138-01/package-04/recipe/pkg/mingw-w64-aarch64-openssl/mingwarm64/share/man/man3/RSA_padding_add_PKCS1_type_1.3ossl
install doc/man/man3/RSA_print.3 -> /c/ag-openssl-e138-01/package-04/recipe/pkg/mingw-w64-aarch64-openssl/mingwarm64/share/man/man3/RSA_print.3ossl
install doc/man/man3/RSA_private_encrypt.3 -> /c/ag-openssl-e138-01/package-04/recipe/pkg/mingw-w64-aarch64-openssl/mingwarm64/share/man/man3/RSA_private_encrypt.3ossl
install doc/man/man3/RSA_public_encrypt.3 -> /c/ag-openssl-e138-01/package-04/recipe/pkg/mingw-w64-aarch64-openssl/mingwarm64/share/man/man3/RSA_public_encrypt.3ossl
install doc/man/man3/RSA_set_method.3 -> /c/ag-openssl-e138-01/package-04/recipe/pkg/mingw-w64-aarch64-openssl/mingwarm64/share/man/man3/RSA_set_method.3ossl
install doc/man/man3/RSA_sign.3 -> /c/ag-openssl-e138-01/package-04/recipe/pkg/mingw-w64-aarch64-openssl/mingwarm64/share/man/man3/RSA_sign.3ossl
install doc/man/man3/RSA_sign_ASN1_OCTET_STRING.3 -> /c/ag-openssl-e138-01/package-04/recipe/pkg/mingw-w64-aarch64-openssl/mingwarm64/share/man/man3/RSA_sign_ASN1_OCTET_STRING.3ossl
install doc/man/man3/RSA_size.3 -> /c/ag-openssl-e138-01/package-04/recipe/pkg/mingw-w64-aarch64-openssl/mingwarm64/share/man/man3/RSA_size.3ossl
install doc/man/man3/SCT_new.3 -> /c/ag-openssl-e138-01/package-04/recipe/pkg/mingw-w64-aarch64-openssl/mingwarm64/share/man/man3/SCT_new.3ossl
install doc/man/man3/SCT_print.3 -> /c/ag-openssl-e138-01/package-04/recipe/pkg/mingw-w64-aarch64-openssl/mingwarm64/share/man/man3/SCT_print.3ossl
install doc/man/man3/SCT_validate.3 -> /c/ag-openssl-e138-01/package-04/recipe/pkg/mingw-w64-aarch64-openssl/mingwarm64/share/man/man3/SCT_validate.3ossl
install doc/man/man3/SHA256_Init.3 -> /c/ag-openssl-e138-01/package-04/recipe/pkg/mingw-w64-aarch64-openssl/mingwarm64/share/man/man3/SHA256_Init.3ossl
install doc/man/man3/SMIME_read_ASN1.3 -> /c/ag-openssl-e138-01/package-04/recipe/pkg/mingw-w64-aarch64-openssl/mingwarm64/share/man/man3/SMIME_read_ASN1.3ossl
install doc/man/man3/SMIME_read_CMS.3 -> /c/ag-openssl-e138-01/package-04/recipe/pkg/mingw-w64-aarch64-openssl/mingwarm64/share/man/man3/SMIME_read_CMS.3ossl
install doc/man/man3/SMIME_read_PKCS7.3 -> /c/ag-openssl-e138-01/package-04/recipe/pkg/mingw-w64-aarch64-openssl/mingwarm64/share/man/man3/SMIME_read_PKCS7.3ossl
install doc/man/man3/SMIME_write_ASN1.3 -> /c/ag-openssl-e138-01/package-04/recipe/pkg/mingw-w64-aarch64-openssl/mingwarm64/share/man/man3/SMIME_write_ASN1.3ossl
install doc/man/man3/SMIME_write_CMS.3 -> /c/ag-openssl-e138-01/package-04/recipe/pkg/mingw-w64-aarch64-openssl/mingwarm64/share/man/man3/SMIME_write_CMS.3ossl
install doc/man/man3/SMIME_write_PKCS7.3 -> /c/ag-openssl-e138-01/package-04/recipe/pkg/mingw-w64-aarch64-openssl/mingwarm64/share/man/man3/SMIME_write_PKCS7.3ossl
install doc/man/man3/SRP_Calc_B.3 -> /c/ag-openssl-e138-01/package-04/recipe/pkg/mingw-w64-aarch64-openssl/mingwarm64/share/man/man3/SRP_Calc_B.3ossl
install doc/man/man3/SRP_VBASE_new.3 -> /c/ag-openssl-e138-01/package-04/recipe/pkg/mingw-w64-aarch64-openssl/mingwarm64/share/man/man3/SRP_VBASE_new.3ossl
install doc/man/man3/SRP_create_verifier.3 -> /c/ag-openssl-e138-01/package-04/recipe/pkg/mingw-w64-aarch64-openssl/mingwarm64/share/man/man3/SRP_create_verifier.3ossl
install doc/man/man3/SRP_user_pwd_new.3 -> /c/ag-openssl-e138-01/package-04/recipe/pkg/mingw-w64-aarch64-openssl/mingwarm64/share/man/man3/SRP_user_pwd_new.3ossl
install doc/man/man3/SSL_CIPHER_get_name.3 -> /c/ag-openssl-e138-01/package-04/recipe/pkg/mingw-w64-aarch64-openssl/mingwarm64/share/man/man3/SSL_CIPHER_get_name.3ossl
install doc/man/man3/SSL_COMP_add_compression_method.3 -> /c/ag-openssl-e138-01/package-04/recipe/pkg/mingw-w64-aarch64-openssl/mingwarm64/share/man/man3/SSL_COMP_add_compression_method.3ossl
install doc/man/man3/SSL_CONF_CTX_new.3 -> /c/ag-openssl-e138-01/package-04/recipe/pkg/mingw-w64-aarch64-openssl/mingwarm64/share/man/man3/SSL_CONF_CTX_new.3ossl
install doc/man/man3/SSL_CONF_CTX_set1_prefix.3 -> /c/ag-openssl-e138-01/package-04/recipe/pkg/mingw-w64-aarch64-openssl/mingwarm64/share/man/man3/SSL_CONF_CTX_set1_prefix.3ossl
install doc/man/man3/SSL_CONF_CTX_set_flags.3 -> /c/ag-openssl-e138-01/package-04/recipe/pkg/mingw-w64-aarch64-openssl/mingwarm64/share/man/man3/SSL_CONF_CTX_set_flags.3ossl
install doc/man/man3/SSL_CONF_CTX_set_ssl_ctx.3 -> /c/ag-openssl-e138-01/package-04/recipe/pkg/mingw-w64-aarch64-openssl/mingwarm64/share/man/man3/SSL_CONF_CTX_set_ssl_ctx.3ossl
install doc/man/man3/SSL_CONF_cmd.3 -> /c/ag-openssl-e138-01/package-04/recipe/pkg/mingw-w64-aarch64-openssl/mingwarm64/share/man/man3/SSL_CONF_cmd.3ossl
install doc/man/man3/SSL_CONF_cmd_argv.3 -> /c/ag-openssl-e138-01/package-04/recipe/pkg/mingw-w64-aarch64-openssl/mingwarm64/share/man/man3/SSL_CONF_cmd_argv.3ossl
install doc/man/man3/SSL_CTX_add1_chain_cert.3 -> /c/ag-openssl-e138-01/package-04/recipe/pkg/mingw-w64-aarch64-openssl/mingwarm64/share/man/man3/SSL_CTX_add1_chain_cert.3ossl
install doc/man/man3/SSL_CTX_add_extra_chain_cert.3 -> /c/ag-openssl-e138-01/package-04/recipe/pkg/mingw-w64-aarch64-openssl/mingwarm64/share/man/man3/SSL_CTX_add_extra_chain_cert.3ossl
install doc/man/man3/SSL_CTX_add_session.3 -> /c/ag-openssl-e138-01/package-04/recipe/pkg/mingw-w64-aarch64-openssl/mingwarm64/share/man/man3/SSL_CTX_add_session.3ossl
install doc/man/man3/SSL_CTX_config.3 -> /c/ag-openssl-e138-01/package-04/recipe/pkg/mingw-w64-aarch64-openssl/mingwarm64/share/man/man3/SSL_CTX_config.3ossl
install doc/man/man3/SSL_CTX_ctrl.3 -> /c/ag-openssl-e138-01/package-04/recipe/pkg/mingw-w64-aarch64-openssl/mingwarm64/share/man/man3/SSL_CTX_ctrl.3ossl
install doc/man/man3/SSL_CTX_dane_enable.3 -> /c/ag-openssl-e138-01/package-04/recipe/pkg/mingw-w64-aarch64-openssl/mingwarm64/share/man/man3/SSL_CTX_dane_enable.3ossl
install doc/man/man3/SSL_CTX_flush_sessions.3 -> /c/ag-openssl-e138-01/package-04/recipe/pkg/mingw-w64-aarch64-openssl/mingwarm64/share/man/man3/SSL_CTX_flush_sessions.3ossl
install doc/man/man3/SSL_CTX_free.3 -> /c/ag-openssl-e138-01/package-04/recipe/pkg/mingw-w64-aarch64-openssl/mingwarm64/share/man/man3/SSL_CTX_free.3ossl
install doc/man/man3/SSL_CTX_get0_param.3 -> /c/ag-openssl-e138-01/package-04/recipe/pkg/mingw-w64-aarch64-openssl/mingwarm64/share/man/man3/SSL_CTX_get0_param.3ossl
install doc/man/man3/SSL_CTX_get_verify_mode.3 -> /c/ag-openssl-e138-01/package-04/recipe/pkg/mingw-w64-aarch64-openssl/mingwarm64/share/man/man3/SSL_CTX_get_verify_mode.3ossl
install doc/man/man3/SSL_CTX_has_client_custom_ext.3 -> /c/ag-openssl-e138-01/package-04/recipe/pkg/mingw-w64-aarch64-openssl/mingwarm64/share/man/man3/SSL_CTX_has_client_custom_ext.3ossl
install doc/man/man3/SSL_CTX_load_verify_locations.3 -> /c/ag-openssl-e138-01/package-04/recipe/pkg/mingw-w64-aarch64-openssl/mingwarm64/share/man/man3/SSL_CTX_load_verify_locations.3ossl
install doc/man/man3/SSL_CTX_new.3 -> /c/ag-openssl-e138-01/package-04/recipe/pkg/mingw-w64-aarch64-openssl/mingwarm64/share/man/man3/SSL_CTX_new.3ossl
install doc/man/man3/SSL_CTX_sess_number.3 -> /c/ag-openssl-e138-01/package-04/recipe/pkg/mingw-w64-aarch64-openssl/mingwarm64/share/man/man3/SSL_CTX_sess_number.3ossl
install doc/man/man3/SSL_CTX_sess_set_cache_size.3 -> /c/ag-openssl-e138-01/package-04/recipe/pkg/mingw-w64-aarch64-openssl/mingwarm64/share/man/man3/SSL_CTX_sess_set_cache_size.3ossl
install doc/man/man3/SSL_CTX_sess_set_get_cb.3 -> /c/ag-openssl-e138-01/package-04/recipe/pkg/mingw-w64-aarch64-openssl/mingwarm64/share/man/man3/SSL_CTX_sess_set_get_cb.3ossl
install doc/man/man3/SSL_CTX_sessions.3 -> /c/ag-openssl-e138-01/package-04/recipe/pkg/mingw-w64-aarch64-openssl/mingwarm64/share/man/man3/SSL_CTX_sessions.3ossl
install doc/man/man3/SSL_CTX_set0_CA_list.3 -> /c/ag-openssl-e138-01/package-04/recipe/pkg/mingw-w64-aarch64-openssl/mingwarm64/share/man/man3/SSL_CTX_set0_CA_list.3ossl
install doc/man/man3/SSL_CTX_set1_cert_comp_preference.3 -> /c/ag-openssl-e138-01/package-04/recipe/pkg/mingw-w64-aarch64-openssl/mingwarm64/share/man/man3/SSL_CTX_set1_cert_comp_preference.3ossl
install doc/man/man3/SSL_CTX_set1_curves.3 -> /c/ag-openssl-e138-01/package-04/recipe/pkg/mingw-w64-aarch64-openssl/mingwarm64/share/man/man3/SSL_CTX_set1_curves.3ossl
install doc/man/man3/SSL_CTX_set1_sigalgs.3 -> /c/ag-openssl-e138-01/package-04/recipe/pkg/mingw-w64-aarch64-openssl/mingwarm64/share/man/man3/SSL_CTX_set1_sigalgs.3ossl
install doc/man/man3/SSL_CTX_set1_verify_cert_store.3 -> /c/ag-openssl-e138-01/package-04/recipe/pkg/mingw-w64-aarch64-openssl/mingwarm64/share/man/man3/SSL_CTX_set1_verify_cert_store.3ossl
install doc/man/man3/SSL_CTX_set_alpn_select_cb.3 -> /c/ag-openssl-e138-01/package-04/recipe/pkg/mingw-w64-aarch64-openssl/mingwarm64/share/man/man3/SSL_CTX_set_alpn_select_cb.3ossl
install doc/man/man3/SSL_CTX_set_cert_cb.3 -> /c/ag-openssl-e138-01/package-04/recipe/pkg/mingw-w64-aarch64-openssl/mingwarm64/share/man/man3/SSL_CTX_set_cert_cb.3ossl
install doc/man/man3/SSL_CTX_set_cert_store.3 -> /c/ag-openssl-e138-01/package-04/recipe/pkg/mingw-w64-aarch64-openssl/mingwarm64/share/man/man3/SSL_CTX_set_cert_store.3ossl
install doc/man/man3/SSL_CTX_set_cert_verify_callback.3 -> /c/ag-openssl-e138-01/package-04/recipe/pkg/mingw-w64-aarch64-openssl/mingwarm64/share/man/man3/SSL_CTX_set_cert_verify_callback.3ossl
install doc/man/man3/SSL_CTX_set_cipher_list.3 -> /c/ag-openssl-e138-01/package-04/recipe/pkg/mingw-w64-aarch64-openssl/mingwarm64/share/man/man3/SSL_CTX_set_cipher_list.3ossl
install doc/man/man3/SSL_CTX_set_client_cert_cb.3 -> /c/ag-openssl-e138-01/package-04/recipe/pkg/mingw-w64-aarch64-openssl/mingwarm64/share/man/man3/SSL_CTX_set_client_cert_cb.3ossl
install doc/man/man3/SSL_CTX_set_client_hello_cb.3 -> /c/ag-openssl-e138-01/package-04/recipe/pkg/mingw-w64-aarch64-openssl/mingwarm64/share/man/man3/SSL_CTX_set_client_hello_cb.3ossl
install doc/man/man3/SSL_CTX_set_ct_validation_callback.3 -> /c/ag-openssl-e138-01/package-04/recipe/pkg/mingw-w64-aarch64-openssl/mingwarm64/share/man/man3/SSL_CTX_set_ct_validation_callback.3ossl
install doc/man/man3/SSL_CTX_set_ctlog_list_file.3 -> /c/ag-openssl-e138-01/package-04/recipe/pkg/mingw-w64-aarch64-openssl/mingwarm64/share/man/man3/SSL_CTX_set_ctlog_list_file.3ossl
install doc/man/man3/SSL_CTX_set_default_passwd_cb.3 -> /c/ag-openssl-e138-01/package-04/recipe/pkg/mingw-w64-aarch64-openssl/mingwarm64/share/man/man3/SSL_CTX_set_default_passwd_cb.3ossl
install doc/man/man3/SSL_CTX_set_domain_flags.3 -> /c/ag-openssl-e138-01/package-04/recipe/pkg/mingw-w64-aarch64-openssl/mingwarm64/share/man/man3/SSL_CTX_set_domain_flags.3ossl
install doc/man/man3/SSL_CTX_set_generate_session_id.3 -> /c/ag-openssl-e138-01/package-04/recipe/pkg/mingw-w64-aarch64-openssl/mingwarm64/share/man/man3/SSL_CTX_set_generate_session_id.3ossl
install doc/man/man3/SSL_CTX_set_info_callback.3 -> /c/ag-openssl-e138-01/package-04/recipe/pkg/mingw-w64-aarch64-openssl/mingwarm64/share/man/man3/SSL_CTX_set_info_callback.3ossl
install doc/man/man3/SSL_CTX_set_keylog_callback.3 -> /c/ag-openssl-e138-01/package-04/recipe/pkg/mingw-w64-aarch64-openssl/mingwarm64/share/man/man3/SSL_CTX_set_keylog_callback.3ossl
install doc/man/man3/SSL_CTX_set_max_cert_list.3 -> /c/ag-openssl-e138-01/package-04/recipe/pkg/mingw-w64-aarch64-openssl/mingwarm64/share/man/man3/SSL_CTX_set_max_cert_list.3ossl
install doc/man/man3/SSL_CTX_set_min_proto_version.3 -> /c/ag-openssl-e138-01/package-04/recipe/pkg/mingw-w64-aarch64-openssl/mingwarm64/share/man/man3/SSL_CTX_set_min_proto_version.3ossl
install doc/man/man3/SSL_CTX_set_mode.3 -> /c/ag-openssl-e138-01/package-04/recipe/pkg/mingw-w64-aarch64-openssl/mingwarm64/share/man/man3/SSL_CTX_set_mode.3ossl
install doc/man/man3/SSL_CTX_set_msg_callback.3 -> /c/ag-openssl-e138-01/package-04/recipe/pkg/mingw-w64-aarch64-openssl/mingwarm64/share/man/man3/SSL_CTX_set_msg_callback.3ossl
install doc/man/man3/SSL_CTX_set_new_pending_conn_cb.3 -> /c/ag-openssl-e138-01/package-04/recipe/pkg/mingw-w64-aarch64-openssl/mingwarm64/share/man/man3/SSL_CTX_set_new_pending_conn_cb.3ossl
install doc/man/man3/SSL_CTX_set_num_tickets.3 -> /c/ag-openssl-e138-01/package-04/recipe/pkg/mingw-w64-aarch64-openssl/mingwarm64/share/man/man3/SSL_CTX_set_num_tickets.3ossl
install doc/man/man3/SSL_CTX_set_options.3 -> /c/ag-openssl-e138-01/package-04/recipe/pkg/mingw-w64-aarch64-openssl/mingwarm64/share/man/man3/SSL_CTX_set_options.3ossl
install doc/man/man3/SSL_CTX_set_psk_client_callback.3 -> /c/ag-openssl-e138-01/package-04/recipe/pkg/mingw-w64-aarch64-openssl/mingwarm64/share/man/man3/SSL_CTX_set_psk_client_callback.3ossl
install doc/man/man3/SSL_CTX_set_quiet_shutdown.3 -> /c/ag-openssl-e138-01/package-04/recipe/pkg/mingw-w64-aarch64-openssl/mingwarm64/share/man/man3/SSL_CTX_set_quiet_shutdown.3ossl
install doc/man/man3/SSL_CTX_set_read_ahead.3 -> /c/ag-openssl-e138-01/package-04/recipe/pkg/mingw-w64-aarch64-openssl/mingwarm64/share/man/man3/SSL_CTX_set_read_ahead.3ossl
install doc/man/man3/SSL_CTX_set_record_padding_callback.3 -> /c/ag-openssl-e138-01/package-04/recipe/pkg/mingw-w64-aarch64-openssl/mingwarm64/share/man/man3/SSL_CTX_set_record_padding_callback.3ossl
install doc/man/man3/SSL_CTX_set_security_level.3 -> /c/ag-openssl-e138-01/package-04/recipe/pkg/mingw-w64-aarch64-openssl/mingwarm64/share/man/man3/SSL_CTX_set_security_level.3ossl
install doc/man/man3/SSL_CTX_set_session_cache_mode.3 -> /c/ag-openssl-e138-01/package-04/recipe/pkg/mingw-w64-aarch64-openssl/mingwarm64/share/man/man3/SSL_CTX_set_session_cache_mode.3ossl
install doc/man/man3/SSL_CTX_set_session_id_context.3 -> /c/ag-openssl-e138-01/package-04/recipe/pkg/mingw-w64-aarch64-openssl/mingwarm64/share/man/man3/SSL_CTX_set_session_id_context.3ossl
install doc/man/man3/SSL_CTX_set_session_ticket_cb.3 -> /c/ag-openssl-e138-01/package-04/recipe/pkg/mingw-w64-aarch64-openssl/mingwarm64/share/man/man3/SSL_CTX_set_session_ticket_cb.3ossl
install doc/man/man3/SSL_CTX_set_split_send_fragment.3 -> /c/ag-openssl-e138-01/package-04/recipe/pkg/mingw-w64-aarch64-openssl/mingwarm64/share/man/man3/SSL_CTX_set_split_send_fragment.3ossl
install doc/man/man3/SSL_CTX_set_srp_password.3 -> /c/ag-openssl-e138-01/package-04/recipe/pkg/mingw-w64-aarch64-openssl/mingwarm64/share/man/man3/SSL_CTX_set_srp_password.3ossl
install doc/man/man3/SSL_CTX_set_ssl_version.3 -> /c/ag-openssl-e138-01/package-04/recipe/pkg/mingw-w64-aarch64-openssl/mingwarm64/share/man/man3/SSL_CTX_set_ssl_version.3ossl
install doc/man/man3/SSL_CTX_set_stateless_cookie_generate_cb.3 -> /c/ag-openssl-e138-01/package-04/recipe/pkg/mingw-w64-aarch64-openssl/mingwarm64/share/man/man3/SSL_CTX_set_stateless_cookie_generate_cb.3ossl
install doc/man/man3/SSL_CTX_set_timeout.3 -> /c/ag-openssl-e138-01/package-04/recipe/pkg/mingw-w64-aarch64-openssl/mingwarm64/share/man/man3/SSL_CTX_set_timeout.3ossl
install doc/man/man3/SSL_CTX_set_tlsext_servername_callback.3 -> /c/ag-openssl-e138-01/package-04/recipe/pkg/mingw-w64-aarch64-openssl/mingwarm64/share/man/man3/SSL_CTX_set_tlsext_servername_callback.3ossl
install doc/man/man3/SSL_CTX_set_tlsext_status_cb.3 -> /c/ag-openssl-e138-01/package-04/recipe/pkg/mingw-w64-aarch64-openssl/mingwarm64/share/man/man3/SSL_CTX_set_tlsext_status_cb.3ossl
install doc/man/man3/SSL_CTX_set_tlsext_ticket_key_cb.3 -> /c/ag-openssl-e138-01/package-04/recipe/pkg/mingw-w64-aarch64-openssl/mingwarm64/share/man/man3/SSL_CTX_set_tlsext_ticket_key_cb.3ossl
install doc/man/man3/SSL_CTX_set_tlsext_use_srtp.3 -> /c/ag-openssl-e138-01/package-04/recipe/pkg/mingw-w64-aarch64-openssl/mingwarm64/share/man/man3/SSL_CTX_set_tlsext_use_srtp.3ossl
install doc/man/man3/SSL_CTX_set_tmp_dh_callback.3 -> /c/ag-openssl-e138-01/package-04/recipe/pkg/mingw-w64-aarch64-openssl/mingwarm64/share/man/man3/SSL_CTX_set_tmp_dh_callback.3ossl
install doc/man/man3/SSL_CTX_set_tmp_ecdh.3 -> /c/ag-openssl-e138-01/package-04/recipe/pkg/mingw-w64-aarch64-openssl/mingwarm64/share/man/man3/SSL_CTX_set_tmp_ecdh.3ossl
install doc/man/man3/SSL_CTX_set_verify.3 -> /c/ag-openssl-e138-01/package-04/recipe/pkg/mingw-w64-aarch64-openssl/mingwarm64/share/man/man3/SSL_CTX_set_verify.3ossl
install doc/man/man3/SSL_CTX_use_certificate.3 -> /c/ag-openssl-e138-01/package-04/recipe/pkg/mingw-w64-aarch64-openssl/mingwarm64/share/man/man3/SSL_CTX_use_certificate.3ossl
install doc/man/man3/SSL_CTX_use_psk_identity_hint.3 -> /c/ag-openssl-e138-01/package-04/recipe/pkg/mingw-w64-aarch64-openssl/mingwarm64/share/man/man3/SSL_CTX_use_psk_identity_hint.3ossl
install doc/man/man3/SSL_CTX_use_serverinfo.3 -> /c/ag-openssl-e138-01/package-04/recipe/pkg/mingw-w64-aarch64-openssl/mingwarm64/share/man/man3/SSL_CTX_use_serverinfo.3ossl
install doc/man/man3/SSL_SESSION_free.3 -> /c/ag-openssl-e138-01/package-04/recipe/pkg/mingw-w64-aarch64-openssl/mingwarm64/share/man/man3/SSL_SESSION_free.3ossl
install doc/man/man3/SSL_SESSION_get0_cipher.3 -> /c/ag-openssl-e138-01/package-04/recipe/pkg/mingw-w64-aarch64-openssl/mingwarm64/share/man/man3/SSL_SESSION_get0_cipher.3ossl
install doc/man/man3/SSL_SESSION_get0_hostname.3 -> /c/ag-openssl-e138-01/package-04/recipe/pkg/mingw-w64-aarch64-openssl/mingwarm64/share/man/man3/SSL_SESSION_get0_hostname.3ossl
install doc/man/man3/SSL_SESSION_get0_id_context.3 -> /c/ag-openssl-e138-01/package-04/recipe/pkg/mingw-w64-aarch64-openssl/mingwarm64/share/man/man3/SSL_SESSION_get0_id_context.3ossl
install doc/man/man3/SSL_SESSION_get0_peer.3 -> /c/ag-openssl-e138-01/package-04/recipe/pkg/mingw-w64-aarch64-openssl/mingwarm64/share/man/man3/SSL_SESSION_get0_peer.3ossl
install doc/man/man3/SSL_SESSION_get_compress_id.3 -> /c/ag-openssl-e138-01/package-04/recipe/pkg/mingw-w64-aarch64-openssl/mingwarm64/share/man/man3/SSL_SESSION_get_compress_id.3ossl
install doc/man/man3/SSL_SESSION_get_protocol_version.3 -> /c/ag-openssl-e138-01/package-04/recipe/pkg/mingw-w64-aarch64-openssl/mingwarm64/share/man/man3/SSL_SESSION_get_protocol_version.3ossl
install doc/man/man3/SSL_SESSION_get_time.3 -> /c/ag-openssl-e138-01/package-04/recipe/pkg/mingw-w64-aarch64-openssl/mingwarm64/share/man/man3/SSL_SESSION_get_time.3ossl
install doc/man/man3/SSL_SESSION_has_ticket.3 -> /c/ag-openssl-e138-01/package-04/recipe/pkg/mingw-w64-aarch64-openssl/mingwarm64/share/man/man3/SSL_SESSION_has_ticket.3ossl
install doc/man/man3/SSL_SESSION_is_resumable.3 -> /c/ag-openssl-e138-01/package-04/recipe/pkg/mingw-w64-aarch64-openssl/mingwarm64/share/man/man3/SSL_SESSION_is_resumable.3ossl
install doc/man/man3/SSL_SESSION_print.3 -> /c/ag-openssl-e138-01/package-04/recipe/pkg/mingw-w64-aarch64-openssl/mingwarm64/share/man/man3/SSL_SESSION_print.3ossl
install doc/man/man3/SSL_SESSION_set1_id.3 -> /c/ag-openssl-e138-01/package-04/recipe/pkg/mingw-w64-aarch64-openssl/mingwarm64/share/man/man3/SSL_SESSION_set1_id.3ossl
install doc/man/man3/SSL_accept.3 -> /c/ag-openssl-e138-01/package-04/recipe/pkg/mingw-w64-aarch64-openssl/mingwarm64/share/man/man3/SSL_accept.3ossl
install doc/man/man3/SSL_accept_stream.3 -> /c/ag-openssl-e138-01/package-04/recipe/pkg/mingw-w64-aarch64-openssl/mingwarm64/share/man/man3/SSL_accept_stream.3ossl
install doc/man/man3/SSL_alert_type_string.3 -> /c/ag-openssl-e138-01/package-04/recipe/pkg/mingw-w64-aarch64-openssl/mingwarm64/share/man/man3/SSL_alert_type_string.3ossl
install doc/man/man3/SSL_alloc_buffers.3 -> /c/ag-openssl-e138-01/package-04/recipe/pkg/mingw-w64-aarch64-openssl/mingwarm64/share/man/man3/SSL_alloc_buffers.3ossl
install doc/man/man3/SSL_check_chain.3 -> /c/ag-openssl-e138-01/package-04/recipe/pkg/mingw-w64-aarch64-openssl/mingwarm64/share/man/man3/SSL_check_chain.3ossl
install doc/man/man3/SSL_clear.3 -> /c/ag-openssl-e138-01/package-04/recipe/pkg/mingw-w64-aarch64-openssl/mingwarm64/share/man/man3/SSL_clear.3ossl
install doc/man/man3/SSL_connect.3 -> /c/ag-openssl-e138-01/package-04/recipe/pkg/mingw-w64-aarch64-openssl/mingwarm64/share/man/man3/SSL_connect.3ossl
install doc/man/man3/SSL_do_handshake.3 -> /c/ag-openssl-e138-01/package-04/recipe/pkg/mingw-w64-aarch64-openssl/mingwarm64/share/man/man3/SSL_do_handshake.3ossl
install doc/man/man3/SSL_export_keying_material.3 -> /c/ag-openssl-e138-01/package-04/recipe/pkg/mingw-w64-aarch64-openssl/mingwarm64/share/man/man3/SSL_export_keying_material.3ossl
install doc/man/man3/SSL_extension_supported.3 -> /c/ag-openssl-e138-01/package-04/recipe/pkg/mingw-w64-aarch64-openssl/mingwarm64/share/man/man3/SSL_extension_supported.3ossl
install doc/man/man3/SSL_free.3 -> /c/ag-openssl-e138-01/package-04/recipe/pkg/mingw-w64-aarch64-openssl/mingwarm64/share/man/man3/SSL_free.3ossl
install doc/man/man3/SSL_get0_connection.3 -> /c/ag-openssl-e138-01/package-04/recipe/pkg/mingw-w64-aarch64-openssl/mingwarm64/share/man/man3/SSL_get0_connection.3ossl
install doc/man/man3/SSL_get0_group_name.3 -> /c/ag-openssl-e138-01/package-04/recipe/pkg/mingw-w64-aarch64-openssl/mingwarm64/share/man/man3/SSL_get0_group_name.3ossl
install doc/man/man3/SSL_get0_peer_rpk.3 -> /c/ag-openssl-e138-01/package-04/recipe/pkg/mingw-w64-aarch64-openssl/mingwarm64/share/man/man3/SSL_get0_peer_rpk.3ossl
install doc/man/man3/SSL_get0_peer_scts.3 -> /c/ag-openssl-e138-01/package-04/recipe/pkg/mingw-w64-aarch64-openssl/mingwarm64/share/man/man3/SSL_get0_peer_scts.3ossl
install doc/man/man3/SSL_get1_builtin_sigalgs.3 -> /c/ag-openssl-e138-01/package-04/recipe/pkg/mingw-w64-aarch64-openssl/mingwarm64/share/man/man3/SSL_get1_builtin_sigalgs.3ossl
install doc/man/man3/SSL_get_SSL_CTX.3 -> /c/ag-openssl-e138-01/package-04/recipe/pkg/mingw-w64-aarch64-openssl/mingwarm64/share/man/man3/SSL_get_SSL_CTX.3ossl
install doc/man/man3/SSL_get_all_async_fds.3 -> /c/ag-openssl-e138-01/package-04/recipe/pkg/mingw-w64-aarch64-openssl/mingwarm64/share/man/man3/SSL_get_all_async_fds.3ossl
install doc/man/man3/SSL_get_certificate.3 -> /c/ag-openssl-e138-01/package-04/recipe/pkg/mingw-w64-aarch64-openssl/mingwarm64/share/man/man3/SSL_get_certificate.3ossl
install doc/man/man3/SSL_get_ciphers.3 -> /c/ag-openssl-e138-01/package-04/recipe/pkg/mingw-w64-aarch64-openssl/mingwarm64/share/man/man3/SSL_get_ciphers.3ossl
install doc/man/man3/SSL_get_client_random.3 -> /c/ag-openssl-e138-01/package-04/recipe/pkg/mingw-w64-aarch64-openssl/mingwarm64/share/man/man3/SSL_get_client_random.3ossl
install doc/man/man3/SSL_get_conn_close_info.3 -> /c/ag-openssl-e138-01/package-04/recipe/pkg/mingw-w64-aarch64-openssl/mingwarm64/share/man/man3/SSL_get_conn_close_info.3ossl
install doc/man/man3/SSL_get_current_cipher.3 -> /c/ag-openssl-e138-01/package-04/recipe/pkg/mingw-w64-aarch64-openssl/mingwarm64/share/man/man3/SSL_get_current_cipher.3ossl
install doc/man/man3/SSL_get_default_timeout.3 -> /c/ag-openssl-e138-01/package-04/recipe/pkg/mingw-w64-aarch64-openssl/mingwarm64/share/man/man3/SSL_get_default_timeout.3ossl
install doc/man/man3/SSL_get_error.3 -> /c/ag-openssl-e138-01/package-04/recipe/pkg/mingw-w64-aarch64-openssl/mingwarm64/share/man/man3/SSL_get_error.3ossl
install doc/man/man3/SSL_get_event_timeout.3 -> /c/ag-openssl-e138-01/package-04/recipe/pkg/mingw-w64-aarch64-openssl/mingwarm64/share/man/man3/SSL_get_event_timeout.3ossl
install doc/man/man3/SSL_get_extms_support.3 -> /c/ag-openssl-e138-01/package-04/recipe/pkg/mingw-w64-aarch64-openssl/mingwarm64/share/man/man3/SSL_get_extms_support.3ossl
install doc/man/man3/SSL_get_fd.3 -> /c/ag-openssl-e138-01/package-04/recipe/pkg/mingw-w64-aarch64-openssl/mingwarm64/share/man/man3/SSL_get_fd.3ossl
install doc/man/man3/SSL_get_handshake_rtt.3 -> /c/ag-openssl-e138-01/package-04/recipe/pkg/mingw-w64-aarch64-openssl/mingwarm64/share/man/man3/SSL_get_handshake_rtt.3ossl
install doc/man/man3/SSL_get_peer_cert_chain.3 -> /c/ag-openssl-e138-01/package-04/recipe/pkg/mingw-w64-aarch64-openssl/mingwarm64/share/man/man3/SSL_get_peer_cert_chain.3ossl
install doc/man/man3/SSL_get_peer_certificate.3 -> /c/ag-openssl-e138-01/package-04/recipe/pkg/mingw-w64-aarch64-openssl/mingwarm64/share/man/man3/SSL_get_peer_certificate.3ossl
install doc/man/man3/SSL_get_peer_signature_nid.3 -> /c/ag-openssl-e138-01/package-04/recipe/pkg/mingw-w64-aarch64-openssl/mingwarm64/share/man/man3/SSL_get_peer_signature_nid.3ossl
install doc/man/man3/SSL_get_peer_tmp_key.3 -> /c/ag-openssl-e138-01/package-04/recipe/pkg/mingw-w64-aarch64-openssl/mingwarm64/share/man/man3/SSL_get_peer_tmp_key.3ossl
install doc/man/man3/SSL_get_psk_identity.3 -> /c/ag-openssl-e138-01/package-04/recipe/pkg/mingw-w64-aarch64-openssl/mingwarm64/share/man/man3/SSL_get_psk_identity.3ossl
install doc/man/man3/SSL_get_rbio.3 -> /c/ag-openssl-e138-01/package-04/recipe/pkg/mingw-w64-aarch64-openssl/mingwarm64/share/man/man3/SSL_get_rbio.3ossl
install doc/man/man3/SSL_get_rpoll_descriptor.3 -> /c/ag-openssl-e138-01/package-04/recipe/pkg/mingw-w64-aarch64-openssl/mingwarm64/share/man/man3/SSL_get_rpoll_descriptor.3ossl
install doc/man/man3/SSL_get_session.3 -> /c/ag-openssl-e138-01/package-04/recipe/pkg/mingw-w64-aarch64-openssl/mingwarm64/share/man/man3/SSL_get_session.3ossl
install doc/man/man3/SSL_get_shared_sigalgs.3 -> /c/ag-openssl-e138-01/package-04/recipe/pkg/mingw-w64-aarch64-openssl/mingwarm64/share/man/man3/SSL_get_shared_sigalgs.3ossl
install doc/man/man3/SSL_get_stream_id.3 -> /c/ag-openssl-e138-01/package-04/recipe/pkg/mingw-w64-aarch64-openssl/mingwarm64/share/man/man3/SSL_get_stream_id.3ossl
install doc/man/man3/SSL_get_stream_read_state.3 -> /c/ag-openssl-e138-01/package-04/recipe/pkg/mingw-w64-aarch64-openssl/mingwarm64/share/man/man3/SSL_get_stream_read_state.3ossl
install doc/man/man3/SSL_get_value_uint.3 -> /c/ag-openssl-e138-01/package-04/recipe/pkg/mingw-w64-aarch64-openssl/mingwarm64/share/man/man3/SSL_get_value_uint.3ossl
install doc/man/man3/SSL_get_verify_result.3 -> /c/ag-openssl-e138-01/package-04/recipe/pkg/mingw-w64-aarch64-openssl/mingwarm64/share/man/man3/SSL_get_verify_result.3ossl
install doc/man/man3/SSL_get_version.3 -> /c/ag-openssl-e138-01/package-04/recipe/pkg/mingw-w64-aarch64-openssl/mingwarm64/share/man/man3/SSL_get_version.3ossl
install doc/man/man3/SSL_group_to_name.3 -> /c/ag-openssl-e138-01/package-04/recipe/pkg/mingw-w64-aarch64-openssl/mingwarm64/share/man/man3/SSL_group_to_name.3ossl
install doc/man/man3/SSL_handle_events.3 -> /c/ag-openssl-e138-01/package-04/recipe/pkg/mingw-w64-aarch64-openssl/mingwarm64/share/man/man3/SSL_handle_events.3ossl
install doc/man/man3/SSL_in_init.3 -> /c/ag-openssl-e138-01/package-04/recipe/pkg/mingw-w64-aarch64-openssl/mingwarm64/share/man/man3/SSL_in_init.3ossl
install doc/man/man3/SSL_inject_net_dgram.3 -> /c/ag-openssl-e138-01/package-04/recipe/pkg/mingw-w64-aarch64-openssl/mingwarm64/share/man/man3/SSL_inject_net_dgram.3ossl
install doc/man/man3/SSL_key_update.3 -> /c/ag-openssl-e138-01/package-04/recipe/pkg/mingw-w64-aarch64-openssl/mingwarm64/share/man/man3/SSL_key_update.3ossl
install doc/man/man3/SSL_library_init.3 -> /c/ag-openssl-e138-01/package-04/recipe/pkg/mingw-w64-aarch64-openssl/mingwarm64/share/man/man3/SSL_library_init.3ossl
install doc/man/man3/SSL_load_client_CA_file.3 -> /c/ag-openssl-e138-01/package-04/recipe/pkg/mingw-w64-aarch64-openssl/mingwarm64/share/man/man3/SSL_load_client_CA_file.3ossl
install doc/man/man3/SSL_new.3 -> /c/ag-openssl-e138-01/package-04/recipe/pkg/mingw-w64-aarch64-openssl/mingwarm64/share/man/man3/SSL_new.3ossl
install doc/man/man3/SSL_new_domain.3 -> /c/ag-openssl-e138-01/package-04/recipe/pkg/mingw-w64-aarch64-openssl/mingwarm64/share/man/man3/SSL_new_domain.3ossl
install doc/man/man3/SSL_new_listener.3 -> /c/ag-openssl-e138-01/package-04/recipe/pkg/mingw-w64-aarch64-openssl/mingwarm64/share/man/man3/SSL_new_listener.3ossl
install doc/man/man3/SSL_new_stream.3 -> /c/ag-openssl-e138-01/package-04/recipe/pkg/mingw-w64-aarch64-openssl/mingwarm64/share/man/man3/SSL_new_stream.3ossl
install doc/man/man3/SSL_pending.3 -> /c/ag-openssl-e138-01/package-04/recipe/pkg/mingw-w64-aarch64-openssl/mingwarm64/share/man/man3/SSL_pending.3ossl
install doc/man/man3/SSL_poll.3 -> /c/ag-openssl-e138-01/package-04/recipe/pkg/mingw-w64-aarch64-openssl/mingwarm64/share/man/man3/SSL_poll.3ossl
install doc/man/man3/SSL_read.3 -> /c/ag-openssl-e138-01/package-04/recipe/pkg/mingw-w64-aarch64-openssl/mingwarm64/share/man/man3/SSL_read.3ossl
install doc/man/man3/SSL_read_early_data.3 -> /c/ag-openssl-e138-01/package-04/recipe/pkg/mingw-w64-aarch64-openssl/mingwarm64/share/man/man3/SSL_read_early_data.3ossl
install doc/man/man3/SSL_rstate_string.3 -> /c/ag-openssl-e138-01/package-04/recipe/pkg/mingw-w64-aarch64-openssl/mingwarm64/share/man/man3/SSL_rstate_string.3ossl
install doc/man/man3/SSL_session_reused.3 -> /c/ag-openssl-e138-01/package-04/recipe/pkg/mingw-w64-aarch64-openssl/mingwarm64/share/man/man3/SSL_session_reused.3ossl
install doc/man/man3/SSL_set1_host.3 -> /c/ag-openssl-e138-01/package-04/recipe/pkg/mingw-w64-aarch64-openssl/mingwarm64/share/man/man3/SSL_set1_host.3ossl
install doc/man/man3/SSL_set1_initial_peer_addr.3 -> /c/ag-openssl-e138-01/package-04/recipe/pkg/mingw-w64-aarch64-openssl/mingwarm64/share/man/man3/SSL_set1_initial_peer_addr.3ossl
install doc/man/man3/SSL_set1_server_cert_type.3 -> /c/ag-openssl-e138-01/package-04/recipe/pkg/mingw-w64-aarch64-openssl/mingwarm64/share/man/man3/SSL_set1_server_cert_type.3ossl
install doc/man/man3/SSL_set_async_callback.3 -> /c/ag-openssl-e138-01/package-04/recipe/pkg/mingw-w64-aarch64-openssl/mingwarm64/share/man/man3/SSL_set_async_callback.3ossl
install doc/man/man3/SSL_set_bio.3 -> /c/ag-openssl-e138-01/package-04/recipe/pkg/mingw-w64-aarch64-openssl/mingwarm64/share/man/man3/SSL_set_bio.3ossl
install doc/man/man3/SSL_set_blocking_mode.3 -> /c/ag-openssl-e138-01/package-04/recipe/pkg/mingw-w64-aarch64-openssl/mingwarm64/share/man/man3/SSL_set_blocking_mode.3ossl
install doc/man/man3/SSL_set_connect_state.3 -> /c/ag-openssl-e138-01/package-04/recipe/pkg/mingw-w64-aarch64-openssl/mingwarm64/share/man/man3/SSL_set_connect_state.3ossl
install doc/man/man3/SSL_set_default_stream_mode.3 -> /c/ag-openssl-e138-01/package-04/recipe/pkg/mingw-w64-aarch64-openssl/mingwarm64/share/man/man3/SSL_set_default_stream_mode.3ossl
install doc/man/man3/SSL_set_fd.3 -> /c/ag-openssl-e138-01/package-04/recipe/pkg/mingw-w64-aarch64-openssl/mingwarm64/share/man/man3/SSL_set_fd.3ossl
install doc/man/man3/SSL_set_incoming_stream_policy.3 -> /c/ag-openssl-e138-01/package-04/recipe/pkg/mingw-w64-aarch64-openssl/mingwarm64/share/man/man3/SSL_set_incoming_stream_policy.3ossl
install doc/man/man3/SSL_set_quic_tls_cbs.3 -> /c/ag-openssl-e138-01/package-04/recipe/pkg/mingw-w64-aarch64-openssl/mingwarm64/share/man/man3/SSL_set_quic_tls_cbs.3ossl
install doc/man/man3/SSL_set_retry_verify.3 -> /c/ag-openssl-e138-01/package-04/recipe/pkg/mingw-w64-aarch64-openssl/mingwarm64/share/man/man3/SSL_set_retry_verify.3ossl
install doc/man/man3/SSL_set_session.3 -> /c/ag-openssl-e138-01/package-04/recipe/pkg/mingw-w64-aarch64-openssl/mingwarm64/share/man/man3/SSL_set_session.3ossl
install doc/man/man3/SSL_set_session_secret_cb.3 -> /c/ag-openssl-e138-01/package-04/recipe/pkg/mingw-w64-aarch64-openssl/mingwarm64/share/man/man3/SSL_set_session_secret_cb.3ossl
install doc/man/man3/SSL_set_shutdown.3 -> /c/ag-openssl-e138-01/package-04/recipe/pkg/mingw-w64-aarch64-openssl/mingwarm64/share/man/man3/SSL_set_shutdown.3ossl
install doc/man/man3/SSL_set_verify_result.3 -> /c/ag-openssl-e138-01/package-04/recipe/pkg/mingw-w64-aarch64-openssl/mingwarm64/share/man/man3/SSL_set_verify_result.3ossl
install doc/man/man3/SSL_shutdown.3 -> /c/ag-openssl-e138-01/package-04/recipe/pkg/mingw-w64-aarch64-openssl/mingwarm64/share/man/man3/SSL_shutdown.3ossl
install doc/man/man3/SSL_state_string.3 -> /c/ag-openssl-e138-01/package-04/recipe/pkg/mingw-w64-aarch64-openssl/mingwarm64/share/man/man3/SSL_state_string.3ossl
install doc/man/man3/SSL_stream_conclude.3 -> /c/ag-openssl-e138-01/package-04/recipe/pkg/mingw-w64-aarch64-openssl/mingwarm64/share/man/man3/SSL_stream_conclude.3ossl
install doc/man/man3/SSL_stream_reset.3 -> /c/ag-openssl-e138-01/package-04/recipe/pkg/mingw-w64-aarch64-openssl/mingwarm64/share/man/man3/SSL_stream_reset.3ossl
install doc/man/man3/SSL_want.3 -> /c/ag-openssl-e138-01/package-04/recipe/pkg/mingw-w64-aarch64-openssl/mingwarm64/share/man/man3/SSL_want.3ossl
install doc/man/man3/SSL_write.3 -> /c/ag-openssl-e138-01/package-04/recipe/pkg/mingw-w64-aarch64-openssl/mingwarm64/share/man/man3/SSL_write.3ossl
install doc/man/man3/TS_RESP_CTX_new.3 -> /c/ag-openssl-e138-01/package-04/recipe/pkg/mingw-w64-aarch64-openssl/mingwarm64/share/man/man3/TS_RESP_CTX_new.3ossl
install doc/man/man3/TS_VERIFY_CTX.3 -> /c/ag-openssl-e138-01/package-04/recipe/pkg/mingw-w64-aarch64-openssl/mingwarm64/share/man/man3/TS_VERIFY_CTX.3ossl
install doc/man/man3/UI_STRING.3 -> /c/ag-openssl-e138-01/package-04/recipe/pkg/mingw-w64-aarch64-openssl/mingwarm64/share/man/man3/UI_STRING.3ossl
install doc/man/man3/UI_UTIL_read_pw.3 -> /c/ag-openssl-e138-01/package-04/recipe/pkg/mingw-w64-aarch64-openssl/mingwarm64/share/man/man3/UI_UTIL_read_pw.3ossl
install doc/man/man3/UI_create_method.3 -> /c/ag-openssl-e138-01/package-04/recipe/pkg/mingw-w64-aarch64-openssl/mingwarm64/share/man/man3/UI_create_method.3ossl
install doc/man/man3/UI_new.3 -> /c/ag-openssl-e138-01/package-04/recipe/pkg/mingw-w64-aarch64-openssl/mingwarm64/share/man/man3/UI_new.3ossl
install doc/man/man3/X509V3_EXT_print.3 -> /c/ag-openssl-e138-01/package-04/recipe/pkg/mingw-w64-aarch64-openssl/mingwarm64/share/man/man3/X509V3_EXT_print.3ossl
install doc/man/man3/X509V3_get_d2i.3 -> /c/ag-openssl-e138-01/package-04/recipe/pkg/mingw-w64-aarch64-openssl/mingwarm64/share/man/man3/X509V3_get_d2i.3ossl
install doc/man/man3/X509V3_set_ctx.3 -> /c/ag-openssl-e138-01/package-04/recipe/pkg/mingw-w64-aarch64-openssl/mingwarm64/share/man/man3/X509V3_set_ctx.3ossl
install doc/man/man3/X509_ACERT_add1_attr.3 -> /c/ag-openssl-e138-01/package-04/recipe/pkg/mingw-w64-aarch64-openssl/mingwarm64/share/man/man3/X509_ACERT_add1_attr.3ossl
install doc/man/man3/X509_ACERT_add_attr_nconf.3 -> /c/ag-openssl-e138-01/package-04/recipe/pkg/mingw-w64-aarch64-openssl/mingwarm64/share/man/man3/X509_ACERT_add_attr_nconf.3ossl
install doc/man/man3/X509_ACERT_get0_holder_baseCertId.3 -> /c/ag-openssl-e138-01/package-04/recipe/pkg/mingw-w64-aarch64-openssl/mingwarm64/share/man/man3/X509_ACERT_get0_holder_baseCertId.3ossl
install doc/man/man3/X509_ACERT_get_attr.3 -> /c/ag-openssl-e138-01/package-04/recipe/pkg/mingw-w64-aarch64-openssl/mingwarm64/share/man/man3/X509_ACERT_get_attr.3ossl
install doc/man/man3/X509_ACERT_print_ex.3 -> /c/ag-openssl-e138-01/package-04/recipe/pkg/mingw-w64-aarch64-openssl/mingwarm64/share/man/man3/X509_ACERT_print_ex.3ossl
install doc/man/man3/X509_ALGOR_dup.3 -> /c/ag-openssl-e138-01/package-04/recipe/pkg/mingw-w64-aarch64-openssl/mingwarm64/share/man/man3/X509_ALGOR_dup.3ossl
install doc/man/man3/X509_ATTRIBUTE.3 -> /c/ag-openssl-e138-01/package-04/recipe/pkg/mingw-w64-aarch64-openssl/mingwarm64/share/man/man3/X509_ATTRIBUTE.3ossl
install doc/man/man3/X509_CRL_get0_by_serial.3 -> /c/ag-openssl-e138-01/package-04/recipe/pkg/mingw-w64-aarch64-openssl/mingwarm64/share/man/man3/X509_CRL_get0_by_serial.3ossl
install doc/man/man3/X509_EXTENSION_set_object.3 -> /c/ag-openssl-e138-01/package-04/recipe/pkg/mingw-w64-aarch64-openssl/mingwarm64/share/man/man3/X509_EXTENSION_set_object.3ossl
install doc/man/man3/X509_LOOKUP.3 -> /c/ag-openssl-e138-01/package-04/recipe/pkg/mingw-w64-aarch64-openssl/mingwarm64/share/man/man3/X509_LOOKUP.3ossl
install doc/man/man3/X509_LOOKUP_hash_dir.3 -> /c/ag-openssl-e138-01/package-04/recipe/pkg/mingw-w64-aarch64-openssl/mingwarm64/share/man/man3/X509_LOOKUP_hash_dir.3ossl
install doc/man/man3/X509_LOOKUP_meth_new.3 -> /c/ag-openssl-e138-01/package-04/recipe/pkg/mingw-w64-aarch64-openssl/mingwarm64/share/man/man3/X509_LOOKUP_meth_new.3ossl
install doc/man/man3/X509_NAME_ENTRY_get_object.3 -> /c/ag-openssl-e138-01/package-04/recipe/pkg/mingw-w64-aarch64-openssl/mingwarm64/share/man/man3/X509_NAME_ENTRY_get_object.3ossl
install doc/man/man3/X509_NAME_add_entry_by_txt.3 -> /c/ag-openssl-e138-01/package-04/recipe/pkg/mingw-w64-aarch64-openssl/mingwarm64/share/man/man3/X509_NAME_add_entry_by_txt.3ossl
install doc/man/man3/X509_NAME_get0_der.3 -> /c/ag-openssl-e138-01/package-04/recipe/pkg/mingw-w64-aarch64-openssl/mingwarm64/share/man/man3/X509_NAME_get0_der.3ossl
install doc/man/man3/X509_NAME_get_index_by_NID.3 -> /c/ag-openssl-e138-01/package-04/recipe/pkg/mingw-w64-aarch64-openssl/mingwarm64/share/man/man3/X509_NAME_get_index_by_NID.3ossl
install doc/man/man3/X509_NAME_print_ex.3 -> /c/ag-openssl-e138-01/package-04/recipe/pkg/mingw-w64-aarch64-openssl/mingwarm64/share/man/man3/X509_NAME_print_ex.3ossl
install doc/man/man3/X509_PUBKEY_new.3 -> /c/ag-openssl-e138-01/package-04/recipe/pkg/mingw-w64-aarch64-openssl/mingwarm64/share/man/man3/X509_PUBKEY_new.3ossl
install doc/man/man3/X509_REQ_get_attr.3 -> /c/ag-openssl-e138-01/package-04/recipe/pkg/mingw-w64-aarch64-openssl/mingwarm64/share/man/man3/X509_REQ_get_attr.3ossl
install doc/man/man3/X509_REQ_get_extensions.3 -> /c/ag-openssl-e138-01/package-04/recipe/pkg/mingw-w64-aarch64-openssl/mingwarm64/share/man/man3/X509_REQ_get_extensions.3ossl
install doc/man/man3/X509_SIG_get0.3 -> /c/ag-openssl-e138-01/package-04/recipe/pkg/mingw-w64-aarch64-openssl/mingwarm64/share/man/man3/X509_SIG_get0.3ossl
install doc/man/man3/X509_STORE_CTX_get_by_subject.3 -> /c/ag-openssl-e138-01/package-04/recipe/pkg/mingw-w64-aarch64-openssl/mingwarm64/share/man/man3/X509_STORE_CTX_get_by_subject.3ossl
install doc/man/man3/X509_STORE_CTX_get_error.3 -> /c/ag-openssl-e138-01/package-04/recipe/pkg/mingw-w64-aarch64-openssl/mingwarm64/share/man/man3/X509_STORE_CTX_get_error.3ossl
install doc/man/man3/X509_STORE_CTX_new.3 -> /c/ag-openssl-e138-01/package-04/recipe/pkg/mingw-w64-aarch64-openssl/mingwarm64/share/man/man3/X509_STORE_CTX_new.3ossl
install doc/man/man3/X509_STORE_CTX_set_verify_cb.3 -> /c/ag-openssl-e138-01/package-04/recipe/pkg/mingw-w64-aarch64-openssl/mingwarm64/share/man/man3/X509_STORE_CTX_set_verify_cb.3ossl
install doc/man/man3/X509_STORE_add_cert.3 -> /c/ag-openssl-e138-01/package-04/recipe/pkg/mingw-w64-aarch64-openssl/mingwarm64/share/man/man3/X509_STORE_add_cert.3ossl
install doc/man/man3/X509_STORE_get0_param.3 -> /c/ag-openssl-e138-01/package-04/recipe/pkg/mingw-w64-aarch64-openssl/mingwarm64/share/man/man3/X509_STORE_get0_param.3ossl
install doc/man/man3/X509_STORE_new.3 -> /c/ag-openssl-e138-01/package-04/recipe/pkg/mingw-w64-aarch64-openssl/mingwarm64/share/man/man3/X509_STORE_new.3ossl
install doc/man/man3/X509_STORE_set_verify_cb_func.3 -> /c/ag-openssl-e138-01/package-04/recipe/pkg/mingw-w64-aarch64-openssl/mingwarm64/share/man/man3/X509_STORE_set_verify_cb_func.3ossl
install doc/man/man3/X509_VERIFY_PARAM_set_flags.3 -> /c/ag-openssl-e138-01/package-04/recipe/pkg/mingw-w64-aarch64-openssl/mingwarm64/share/man/man3/X509_VERIFY_PARAM_set_flags.3ossl
install doc/man/man3/X509_add_cert.3 -> /c/ag-openssl-e138-01/package-04/recipe/pkg/mingw-w64-aarch64-openssl/mingwarm64/share/man/man3/X509_add_cert.3ossl
install doc/man/man3/X509_check_ca.3 -> /c/ag-openssl-e138-01/package-04/recipe/pkg/mingw-w64-aarch64-openssl/mingwarm64/share/man/man3/X509_check_ca.3ossl
install doc/man/man3/X509_check_host.3 -> /c/ag-openssl-e138-01/package-04/recipe/pkg/mingw-w64-aarch64-openssl/mingwarm64/share/man/man3/X509_check_host.3ossl
install doc/man/man3/X509_check_issued.3 -> /c/ag-openssl-e138-01/package-04/recipe/pkg/mingw-w64-aarch64-openssl/mingwarm64/share/man/man3/X509_check_issued.3ossl
install doc/man/man3/X509_check_private_key.3 -> /c/ag-openssl-e138-01/package-04/recipe/pkg/mingw-w64-aarch64-openssl/mingwarm64/share/man/man3/X509_check_private_key.3ossl
install doc/man/man3/X509_check_purpose.3 -> /c/ag-openssl-e138-01/package-04/recipe/pkg/mingw-w64-aarch64-openssl/mingwarm64/share/man/man3/X509_check_purpose.3ossl
install doc/man/man3/X509_cmp.3 -> /c/ag-openssl-e138-01/package-04/recipe/pkg/mingw-w64-aarch64-openssl/mingwarm64/share/man/man3/X509_cmp.3ossl
install doc/man/man3/X509_cmp_time.3 -> /c/ag-openssl-e138-01/package-04/recipe/pkg/mingw-w64-aarch64-openssl/mingwarm64/share/man/man3/X509_cmp_time.3ossl
install doc/man/man3/X509_digest.3 -> /c/ag-openssl-e138-01/package-04/recipe/pkg/mingw-w64-aarch64-openssl/mingwarm64/share/man/man3/X509_digest.3ossl
install doc/man/man3/X509_dup.3 -> /c/ag-openssl-e138-01/package-04/recipe/pkg/mingw-w64-aarch64-openssl/mingwarm64/share/man/man3/X509_dup.3ossl
install doc/man/man3/X509_get0_distinguishing_id.3 -> /c/ag-openssl-e138-01/package-04/recipe/pkg/mingw-w64-aarch64-openssl/mingwarm64/share/man/man3/X509_get0_distinguishing_id.3ossl
install doc/man/man3/X509_get0_notBefore.3 -> /c/ag-openssl-e138-01/package-04/recipe/pkg/mingw-w64-aarch64-openssl/mingwarm64/share/man/man3/X509_get0_notBefore.3ossl
install doc/man/man3/X509_get0_signature.3 -> /c/ag-openssl-e138-01/package-04/recipe/pkg/mingw-w64-aarch64-openssl/mingwarm64/share/man/man3/X509_get0_signature.3ossl
install doc/man/man3/X509_get0_uids.3 -> /c/ag-openssl-e138-01/package-04/recipe/pkg/mingw-w64-aarch64-openssl/mingwarm64/share/man/man3/X509_get0_uids.3ossl
install doc/man/man3/X509_get_default_cert_file.3 -> /c/ag-openssl-e138-01/package-04/recipe/pkg/mingw-w64-aarch64-openssl/mingwarm64/share/man/man3/X509_get_default_cert_file.3ossl
install doc/man/man3/X509_get_extension_flags.3 -> /c/ag-openssl-e138-01/package-04/recipe/pkg/mingw-w64-aarch64-openssl/mingwarm64/share/man/man3/X509_get_extension_flags.3ossl
install doc/man/man3/X509_get_pubkey.3 -> /c/ag-openssl-e138-01/package-04/recipe/pkg/mingw-w64-aarch64-openssl/mingwarm64/share/man/man3/X509_get_pubkey.3ossl
install doc/man/man3/X509_get_serialNumber.3 -> /c/ag-openssl-e138-01/package-04/recipe/pkg/mingw-w64-aarch64-openssl/mingwarm64/share/man/man3/X509_get_serialNumber.3ossl
install doc/man/man3/X509_get_subject_name.3 -> /c/ag-openssl-e138-01/package-04/recipe/pkg/mingw-w64-aarch64-openssl/mingwarm64/share/man/man3/X509_get_subject_name.3ossl
install doc/man/man3/X509_get_version.3 -> /c/ag-openssl-e138-01/package-04/recipe/pkg/mingw-w64-aarch64-openssl/mingwarm64/share/man/man3/X509_get_version.3ossl
install doc/man/man3/X509_load_http.3 -> /c/ag-openssl-e138-01/package-04/recipe/pkg/mingw-w64-aarch64-openssl/mingwarm64/share/man/man3/X509_load_http.3ossl
install doc/man/man3/X509_new.3 -> /c/ag-openssl-e138-01/package-04/recipe/pkg/mingw-w64-aarch64-openssl/mingwarm64/share/man/man3/X509_new.3ossl
install doc/man/man3/X509_sign.3 -> /c/ag-openssl-e138-01/package-04/recipe/pkg/mingw-w64-aarch64-openssl/mingwarm64/share/man/man3/X509_sign.3ossl
install doc/man/man3/X509_verify.3 -> /c/ag-openssl-e138-01/package-04/recipe/pkg/mingw-w64-aarch64-openssl/mingwarm64/share/man/man3/X509_verify.3ossl
install doc/man/man3/X509_verify_cert.3 -> /c/ag-openssl-e138-01/package-04/recipe/pkg/mingw-w64-aarch64-openssl/mingwarm64/share/man/man3/X509_verify_cert.3ossl
install doc/man/man3/X509v3_get_ext_by_NID.3 -> /c/ag-openssl-e138-01/package-04/recipe/pkg/mingw-w64-aarch64-openssl/mingwarm64/share/man/man3/X509v3_get_ext_by_NID.3ossl
install doc/man/man3/b2i_PVK_bio_ex.3 -> /c/ag-openssl-e138-01/package-04/recipe/pkg/mingw-w64-aarch64-openssl/mingwarm64/share/man/man3/b2i_PVK_bio_ex.3ossl
install doc/man/man3/d2i_PKCS8PrivateKey_bio.3 -> /c/ag-openssl-e138-01/package-04/recipe/pkg/mingw-w64-aarch64-openssl/mingwarm64/share/man/man3/d2i_PKCS8PrivateKey_bio.3ossl
install doc/man/man3/d2i_PrivateKey.3 -> /c/ag-openssl-e138-01/package-04/recipe/pkg/mingw-w64-aarch64-openssl/mingwarm64/share/man/man3/d2i_PrivateKey.3ossl
install doc/man/man3/d2i_RSAPrivateKey.3 -> /c/ag-openssl-e138-01/package-04/recipe/pkg/mingw-w64-aarch64-openssl/mingwarm64/share/man/man3/d2i_RSAPrivateKey.3ossl
install doc/man/man3/d2i_SSL_SESSION.3 -> /c/ag-openssl-e138-01/package-04/recipe/pkg/mingw-w64-aarch64-openssl/mingwarm64/share/man/man3/d2i_SSL_SESSION.3ossl
install doc/man/man3/d2i_X509.3 -> /c/ag-openssl-e138-01/package-04/recipe/pkg/mingw-w64-aarch64-openssl/mingwarm64/share/man/man3/d2i_X509.3ossl
install doc/man/man3/i2d_CMS_bio_stream.3 -> /c/ag-openssl-e138-01/package-04/recipe/pkg/mingw-w64-aarch64-openssl/mingwarm64/share/man/man3/i2d_CMS_bio_stream.3ossl
install doc/man/man3/i2d_PKCS7_bio_stream.3 -> /c/ag-openssl-e138-01/package-04/recipe/pkg/mingw-w64-aarch64-openssl/mingwarm64/share/man/man3/i2d_PKCS7_bio_stream.3ossl
install doc/man/man3/i2d_re_X509_tbs.3 -> /c/ag-openssl-e138-01/package-04/recipe/pkg/mingw-w64-aarch64-openssl/mingwarm64/share/man/man3/i2d_re_X509_tbs.3ossl
install doc/man/man3/o2i_SCT_LIST.3 -> /c/ag-openssl-e138-01/package-04/recipe/pkg/mingw-w64-aarch64-openssl/mingwarm64/share/man/man3/o2i_SCT_LIST.3ossl
install doc/man/man3/s2i_ASN1_IA5STRING.3 -> /c/ag-openssl-e138-01/package-04/recipe/pkg/mingw-w64-aarch64-openssl/mingwarm64/share/man/man3/s2i_ASN1_IA5STRING.3ossl
install doc/man/man5/config.5 -> /c/ag-openssl-e138-01/package-04/recipe/pkg/mingw-w64-aarch64-openssl/mingwarm64/share/man/man5/config.5ossl
install doc/man/man5/fips_config.5 -> /c/ag-openssl-e138-01/package-04/recipe/pkg/mingw-w64-aarch64-openssl/mingwarm64/share/man/man5/fips_config.5ossl
install doc/man/man5/x509v3_config.5 -> /c/ag-openssl-e138-01/package-04/recipe/pkg/mingw-w64-aarch64-openssl/mingwarm64/share/man/man5/x509v3_config.5ossl
install doc/man/man7/EVP_ASYM_CIPHER-RSA.7 -> /c/ag-openssl-e138-01/package-04/recipe/pkg/mingw-w64-aarch64-openssl/mingwarm64/share/man/man7/EVP_ASYM_CIPHER-RSA.7ossl
install doc/man/man7/EVP_ASYM_CIPHER-SM2.7 -> /c/ag-openssl-e138-01/package-04/recipe/pkg/mingw-w64-aarch64-openssl/mingwarm64/share/man/man7/EVP_ASYM_CIPHER-SM2.7ossl
install doc/man/man7/EVP_CIPHER-AES.7 -> /c/ag-openssl-e138-01/package-04/recipe/pkg/mingw-w64-aarch64-openssl/mingwarm64/share/man/man7/EVP_CIPHER-AES.7ossl
install doc/man/man7/EVP_CIPHER-ARIA.7 -> /c/ag-openssl-e138-01/package-04/recipe/pkg/mingw-w64-aarch64-openssl/mingwarm64/share/man/man7/EVP_CIPHER-ARIA.7ossl
install doc/man/man7/EVP_CIPHER-BLOWFISH.7 -> /c/ag-openssl-e138-01/package-04/recipe/pkg/mingw-w64-aarch64-openssl/mingwarm64/share/man/man7/EVP_CIPHER-BLOWFISH.7ossl
install doc/man/man7/EVP_CIPHER-CAMELLIA.7 -> /c/ag-openssl-e138-01/package-04/recipe/pkg/mingw-w64-aarch64-openssl/mingwarm64/share/man/man7/EVP_CIPHER-CAMELLIA.7ossl
install doc/man/man7/EVP_CIPHER-CAST.7 -> /c/ag-openssl-e138-01/package-04/recipe/pkg/mingw-w64-aarch64-openssl/mingwarm64/share/man/man7/EVP_CIPHER-CAST.7ossl
install doc/man/man7/EVP_CIPHER-CHACHA.7 -> /c/ag-openssl-e138-01/package-04/recipe/pkg/mingw-w64-aarch64-openssl/mingwarm64/share/man/man7/EVP_CIPHER-CHACHA.7ossl
install doc/man/man7/EVP_CIPHER-DES.7 -> /c/ag-openssl-e138-01/package-04/recipe/pkg/mingw-w64-aarch64-openssl/mingwarm64/share/man/man7/EVP_CIPHER-DES.7ossl
install doc/man/man7/EVP_CIPHER-IDEA.7 -> /c/ag-openssl-e138-01/package-04/recipe/pkg/mingw-w64-aarch64-openssl/mingwarm64/share/man/man7/EVP_CIPHER-IDEA.7ossl
install doc/man/man7/EVP_CIPHER-NULL.7 -> /c/ag-openssl-e138-01/package-04/recipe/pkg/mingw-w64-aarch64-openssl/mingwarm64/share/man/man7/EVP_CIPHER-NULL.7ossl
install doc/man/man7/EVP_CIPHER-RC2.7 -> /c/ag-openssl-e138-01/package-04/recipe/pkg/mingw-w64-aarch64-openssl/mingwarm64/share/man/man7/EVP_CIPHER-RC2.7ossl
install doc/man/man7/EVP_CIPHER-RC4.7 -> /c/ag-openssl-e138-01/package-04/recipe/pkg/mingw-w64-aarch64-openssl/mingwarm64/share/man/man7/EVP_CIPHER-RC4.7ossl
install doc/man/man7/EVP_CIPHER-RC5.7 -> /c/ag-openssl-e138-01/package-04/recipe/pkg/mingw-w64-aarch64-openssl/mingwarm64/share/man/man7/EVP_CIPHER-RC5.7ossl
install doc/man/man7/EVP_CIPHER-SEED.7 -> /c/ag-openssl-e138-01/package-04/recipe/pkg/mingw-w64-aarch64-openssl/mingwarm64/share/man/man7/EVP_CIPHER-SEED.7ossl
install doc/man/man7/EVP_CIPHER-SM4.7 -> /c/ag-openssl-e138-01/package-04/recipe/pkg/mingw-w64-aarch64-openssl/mingwarm64/share/man/man7/EVP_CIPHER-SM4.7ossl
install doc/man/man7/EVP_KDF-ARGON2.7 -> /c/ag-openssl-e138-01/package-04/recipe/pkg/mingw-w64-aarch64-openssl/mingwarm64/share/man/man7/EVP_KDF-ARGON2.7ossl
install doc/man/man7/EVP_KDF-HKDF.7 -> /c/ag-openssl-e138-01/package-04/recipe/pkg/mingw-w64-aarch64-openssl/mingwarm64/share/man/man7/EVP_KDF-HKDF.7ossl
install doc/man/man7/EVP_KDF-HMAC-DRBG.7 -> /c/ag-openssl-e138-01/package-04/recipe/pkg/mingw-w64-aarch64-openssl/mingwarm64/share/man/man7/EVP_KDF-HMAC-DRBG.7ossl
install doc/man/man7/EVP_KDF-KB.7 -> /c/ag-openssl-e138-01/package-04/recipe/pkg/mingw-w64-aarch64-openssl/mingwarm64/share/man/man7/EVP_KDF-KB.7ossl
install doc/man/man7/EVP_KDF-KRB5KDF.7 -> /c/ag-openssl-e138-01/package-04/recipe/pkg/mingw-w64-aarch64-openssl/mingwarm64/share/man/man7/EVP_KDF-KRB5KDF.7ossl
install doc/man/man7/EVP_KDF-PBKDF1.7 -> /c/ag-openssl-e138-01/package-04/recipe/pkg/mingw-w64-aarch64-openssl/mingwarm64/share/man/man7/EVP_KDF-PBKDF1.7ossl
install doc/man/man7/EVP_KDF-PBKDF2.7 -> /c/ag-openssl-e138-01/package-04/recipe/pkg/mingw-w64-aarch64-openssl/mingwarm64/share/man/man7/EVP_KDF-PBKDF2.7ossl
install doc/man/man7/EVP_KDF-PKCS12KDF.7 -> /c/ag-openssl-e138-01/package-04/recipe/pkg/mingw-w64-aarch64-openssl/mingwarm64/share/man/man7/EVP_KDF-PKCS12KDF.7ossl
install doc/man/man7/EVP_KDF-PVKKDF.7 -> /c/ag-openssl-e138-01/package-04/recipe/pkg/mingw-w64-aarch64-openssl/mingwarm64/share/man/man7/EVP_KDF-PVKKDF.7ossl
install doc/man/man7/EVP_KDF-SCRYPT.7 -> /c/ag-openssl-e138-01/package-04/recipe/pkg/mingw-w64-aarch64-openssl/mingwarm64/share/man/man7/EVP_KDF-SCRYPT.7ossl
install doc/man/man7/EVP_KDF-SS.7 -> /c/ag-openssl-e138-01/package-04/recipe/pkg/mingw-w64-aarch64-openssl/mingwarm64/share/man/man7/EVP_KDF-SS.7ossl
install doc/man/man7/EVP_KDF-SSHKDF.7 -> /c/ag-openssl-e138-01/package-04/recipe/pkg/mingw-w64-aarch64-openssl/mingwarm64/share/man/man7/EVP_KDF-SSHKDF.7ossl
install doc/man/man7/EVP_KDF-TLS13_KDF.7 -> /c/ag-openssl-e138-01/package-04/recipe/pkg/mingw-w64-aarch64-openssl/mingwarm64/share/man/man7/EVP_KDF-TLS13_KDF.7ossl
install doc/man/man7/EVP_KDF-TLS1_PRF.7 -> /c/ag-openssl-e138-01/package-04/recipe/pkg/mingw-w64-aarch64-openssl/mingwarm64/share/man/man7/EVP_KDF-TLS1_PRF.7ossl
install doc/man/man7/EVP_KDF-X942-ASN1.7 -> /c/ag-openssl-e138-01/package-04/recipe/pkg/mingw-w64-aarch64-openssl/mingwarm64/share/man/man7/EVP_KDF-X942-ASN1.7ossl
install doc/man/man7/EVP_KDF-X942-CONCAT.7 -> /c/ag-openssl-e138-01/package-04/recipe/pkg/mingw-w64-aarch64-openssl/mingwarm64/share/man/man7/EVP_KDF-X942-CONCAT.7ossl
install doc/man/man7/EVP_KDF-X963.7 -> /c/ag-openssl-e138-01/package-04/recipe/pkg/mingw-w64-aarch64-openssl/mingwarm64/share/man/man7/EVP_KDF-X963.7ossl
install doc/man/man7/EVP_KEM-EC.7 -> /c/ag-openssl-e138-01/package-04/recipe/pkg/mingw-w64-aarch64-openssl/mingwarm64/share/man/man7/EVP_KEM-EC.7ossl
install doc/man/man7/EVP_KEM-ML-KEM.7 -> /c/ag-openssl-e138-01/package-04/recipe/pkg/mingw-w64-aarch64-openssl/mingwarm64/share/man/man7/EVP_KEM-ML-KEM.7ossl
install doc/man/man7/EVP_KEM-RSA.7 -> /c/ag-openssl-e138-01/package-04/recipe/pkg/mingw-w64-aarch64-openssl/mingwarm64/share/man/man7/EVP_KEM-RSA.7ossl
install doc/man/man7/EVP_KEM-X25519.7 -> /c/ag-openssl-e138-01/package-04/recipe/pkg/mingw-w64-aarch64-openssl/mingwarm64/share/man/man7/EVP_KEM-X25519.7ossl
install doc/man/man7/EVP_KEYEXCH-DH.7 -> /c/ag-openssl-e138-01/package-04/recipe/pkg/mingw-w64-aarch64-openssl/mingwarm64/share/man/man7/EVP_KEYEXCH-DH.7ossl
install doc/man/man7/EVP_KEYEXCH-ECDH.7 -> /c/ag-openssl-e138-01/package-04/recipe/pkg/mingw-w64-aarch64-openssl/mingwarm64/share/man/man7/EVP_KEYEXCH-ECDH.7ossl
install doc/man/man7/EVP_KEYEXCH-X25519.7 -> /c/ag-openssl-e138-01/package-04/recipe/pkg/mingw-w64-aarch64-openssl/mingwarm64/share/man/man7/EVP_KEYEXCH-X25519.7ossl
install doc/man/man7/EVP_MAC-BLAKE2.7 -> /c/ag-openssl-e138-01/package-04/recipe/pkg/mingw-w64-aarch64-openssl/mingwarm64/share/man/man7/EVP_MAC-BLAKE2.7ossl
install doc/man/man7/EVP_MAC-CMAC.7 -> /c/ag-openssl-e138-01/package-04/recipe/pkg/mingw-w64-aarch64-openssl/mingwarm64/share/man/man7/EVP_MAC-CMAC.7ossl
install doc/man/man7/EVP_MAC-GMAC.7 -> /c/ag-openssl-e138-01/package-04/recipe/pkg/mingw-w64-aarch64-openssl/mingwarm64/share/man/man7/EVP_MAC-GMAC.7ossl
install doc/man/man7/EVP_MAC-HMAC.7 -> /c/ag-openssl-e138-01/package-04/recipe/pkg/mingw-w64-aarch64-openssl/mingwarm64/share/man/man7/EVP_MAC-HMAC.7ossl
install doc/man/man7/EVP_MAC-KMAC.7 -> /c/ag-openssl-e138-01/package-04/recipe/pkg/mingw-w64-aarch64-openssl/mingwarm64/share/man/man7/EVP_MAC-KMAC.7ossl
install doc/man/man7/EVP_MAC-Poly1305.7 -> /c/ag-openssl-e138-01/package-04/recipe/pkg/mingw-w64-aarch64-openssl/mingwarm64/share/man/man7/EVP_MAC-Poly1305.7ossl
install doc/man/man7/EVP_MAC-Siphash.7 -> /c/ag-openssl-e138-01/package-04/recipe/pkg/mingw-w64-aarch64-openssl/mingwarm64/share/man/man7/EVP_MAC-Siphash.7ossl
install doc/man/man7/EVP_MD-BLAKE2.7 -> /c/ag-openssl-e138-01/package-04/recipe/pkg/mingw-w64-aarch64-openssl/mingwarm64/share/man/man7/EVP_MD-BLAKE2.7ossl
install doc/man/man7/EVP_MD-KECCAK.7 -> /c/ag-openssl-e138-01/package-04/recipe/pkg/mingw-w64-aarch64-openssl/mingwarm64/share/man/man7/EVP_MD-KECCAK.7ossl
install doc/man/man7/EVP_MD-MD2.7 -> /c/ag-openssl-e138-01/package-04/recipe/pkg/mingw-w64-aarch64-openssl/mingwarm64/share/man/man7/EVP_MD-MD2.7ossl
install doc/man/man7/EVP_MD-MD4.7 -> /c/ag-openssl-e138-01/package-04/recipe/pkg/mingw-w64-aarch64-openssl/mingwarm64/share/man/man7/EVP_MD-MD4.7ossl
install doc/man/man7/EVP_MD-MD5-SHA1.7 -> /c/ag-openssl-e138-01/package-04/recipe/pkg/mingw-w64-aarch64-openssl/mingwarm64/share/man/man7/EVP_MD-MD5-SHA1.7ossl
install doc/man/man7/EVP_MD-MD5.7 -> /c/ag-openssl-e138-01/package-04/recipe/pkg/mingw-w64-aarch64-openssl/mingwarm64/share/man/man7/EVP_MD-MD5.7ossl
install doc/man/man7/EVP_MD-MDC2.7 -> /c/ag-openssl-e138-01/package-04/recipe/pkg/mingw-w64-aarch64-openssl/mingwarm64/share/man/man7/EVP_MD-MDC2.7ossl
install doc/man/man7/EVP_MD-NULL.7 -> /c/ag-openssl-e138-01/package-04/recipe/pkg/mingw-w64-aarch64-openssl/mingwarm64/share/man/man7/EVP_MD-NULL.7ossl
install doc/man/man7/EVP_MD-RIPEMD160.7 -> /c/ag-openssl-e138-01/package-04/recipe/pkg/mingw-w64-aarch64-openssl/mingwarm64/share/man/man7/EVP_MD-RIPEMD160.7ossl
install doc/man/man7/EVP_MD-SHA1.7 -> /c/ag-openssl-e138-01/package-04/recipe/pkg/mingw-w64-aarch64-openssl/mingwarm64/share/man/man7/EVP_MD-SHA1.7ossl
install doc/man/man7/EVP_MD-SHA2.7 -> /c/ag-openssl-e138-01/package-04/recipe/pkg/mingw-w64-aarch64-openssl/mingwarm64/share/man/man7/EVP_MD-SHA2.7ossl
install doc/man/man7/EVP_MD-SHA3.7 -> /c/ag-openssl-e138-01/package-04/recipe/pkg/mingw-w64-aarch64-openssl/mingwarm64/share/man/man7/EVP_MD-SHA3.7ossl
install doc/man/man7/EVP_MD-SHAKE.7 -> /c/ag-openssl-e138-01/package-04/recipe/pkg/mingw-w64-aarch64-openssl/mingwarm64/share/man/man7/EVP_MD-SHAKE.7ossl
install doc/man/man7/EVP_MD-SM3.7 -> /c/ag-openssl-e138-01/package-04/recipe/pkg/mingw-w64-aarch64-openssl/mingwarm64/share/man/man7/EVP_MD-SM3.7ossl
install doc/man/man7/EVP_MD-WHIRLPOOL.7 -> /c/ag-openssl-e138-01/package-04/recipe/pkg/mingw-w64-aarch64-openssl/mingwarm64/share/man/man7/EVP_MD-WHIRLPOOL.7ossl
install doc/man/man7/EVP_MD-common.7 -> /c/ag-openssl-e138-01/package-04/recipe/pkg/mingw-w64-aarch64-openssl/mingwarm64/share/man/man7/EVP_MD-common.7ossl
install doc/man/man7/EVP_PKEY-DH.7 -> /c/ag-openssl-e138-01/package-04/recipe/pkg/mingw-w64-aarch64-openssl/mingwarm64/share/man/man7/EVP_PKEY-DH.7ossl
install doc/man/man7/EVP_PKEY-DSA.7 -> /c/ag-openssl-e138-01/package-04/recipe/pkg/mingw-w64-aarch64-openssl/mingwarm64/share/man/man7/EVP_PKEY-DSA.7ossl
install doc/man/man7/EVP_PKEY-EC.7 -> /c/ag-openssl-e138-01/package-04/recipe/pkg/mingw-w64-aarch64-openssl/mingwarm64/share/man/man7/EVP_PKEY-EC.7ossl
install doc/man/man7/EVP_PKEY-FFC.7 -> /c/ag-openssl-e138-01/package-04/recipe/pkg/mingw-w64-aarch64-openssl/mingwarm64/share/man/man7/EVP_PKEY-FFC.7ossl
install doc/man/man7/EVP_PKEY-HMAC.7 -> /c/ag-openssl-e138-01/package-04/recipe/pkg/mingw-w64-aarch64-openssl/mingwarm64/share/man/man7/EVP_PKEY-HMAC.7ossl
install doc/man/man7/EVP_PKEY-LMS.7 -> /c/ag-openssl-e138-01/package-04/recipe/pkg/mingw-w64-aarch64-openssl/mingwarm64/share/man/man7/EVP_PKEY-LMS.7ossl
install doc/man/man7/EVP_PKEY-ML-DSA.7 -> /c/ag-openssl-e138-01/package-04/recipe/pkg/mingw-w64-aarch64-openssl/mingwarm64/share/man/man7/EVP_PKEY-ML-DSA.7ossl
install doc/man/man7/EVP_PKEY-ML-KEM.7 -> /c/ag-openssl-e138-01/package-04/recipe/pkg/mingw-w64-aarch64-openssl/mingwarm64/share/man/man7/EVP_PKEY-ML-KEM.7ossl
install doc/man/man7/EVP_PKEY-RSA.7 -> /c/ag-openssl-e138-01/package-04/recipe/pkg/mingw-w64-aarch64-openssl/mingwarm64/share/man/man7/EVP_PKEY-RSA.7ossl
install doc/man/man7/EVP_PKEY-SLH-DSA.7 -> /c/ag-openssl-e138-01/package-04/recipe/pkg/mingw-w64-aarch64-openssl/mingwarm64/share/man/man7/EVP_PKEY-SLH-DSA.7ossl
install doc/man/man7/EVP_PKEY-SM2.7 -> /c/ag-openssl-e138-01/package-04/recipe/pkg/mingw-w64-aarch64-openssl/mingwarm64/share/man/man7/EVP_PKEY-SM2.7ossl
install doc/man/man7/EVP_PKEY-X25519.7 -> /c/ag-openssl-e138-01/package-04/recipe/pkg/mingw-w64-aarch64-openssl/mingwarm64/share/man/man7/EVP_PKEY-X25519.7ossl
install doc/man/man7/EVP_RAND-CRNG-TEST.7 -> /c/ag-openssl-e138-01/package-04/recipe/pkg/mingw-w64-aarch64-openssl/mingwarm64/share/man/man7/EVP_RAND-CRNG-TEST.7ossl
install doc/man/man7/EVP_RAND-CTR-DRBG.7 -> /c/ag-openssl-e138-01/package-04/recipe/pkg/mingw-w64-aarch64-openssl/mingwarm64/share/man/man7/EVP_RAND-CTR-DRBG.7ossl
install doc/man/man7/EVP_RAND-HASH-DRBG.7 -> /c/ag-openssl-e138-01/package-04/recipe/pkg/mingw-w64-aarch64-openssl/mingwarm64/share/man/man7/EVP_RAND-HASH-DRBG.7ossl
install doc/man/man7/EVP_RAND-HMAC-DRBG.7 -> /c/ag-openssl-e138-01/package-04/recipe/pkg/mingw-w64-aarch64-openssl/mingwarm64/share/man/man7/EVP_RAND-HMAC-DRBG.7ossl
install doc/man/man7/EVP_RAND-JITTER.7 -> /c/ag-openssl-e138-01/package-04/recipe/pkg/mingw-w64-aarch64-openssl/mingwarm64/share/man/man7/EVP_RAND-JITTER.7ossl
install doc/man/man7/EVP_RAND-SEED-SRC.7 -> /c/ag-openssl-e138-01/package-04/recipe/pkg/mingw-w64-aarch64-openssl/mingwarm64/share/man/man7/EVP_RAND-SEED-SRC.7ossl
install doc/man/man7/EVP_RAND-TEST-RAND.7 -> /c/ag-openssl-e138-01/package-04/recipe/pkg/mingw-w64-aarch64-openssl/mingwarm64/share/man/man7/EVP_RAND-TEST-RAND.7ossl
install doc/man/man7/EVP_RAND.7 -> /c/ag-openssl-e138-01/package-04/recipe/pkg/mingw-w64-aarch64-openssl/mingwarm64/share/man/man7/EVP_RAND.7ossl
install doc/man/man7/EVP_SIGNATURE-DSA.7 -> /c/ag-openssl-e138-01/package-04/recipe/pkg/mingw-w64-aarch64-openssl/mingwarm64/share/man/man7/EVP_SIGNATURE-DSA.7ossl
install doc/man/man7/EVP_SIGNATURE-ECDSA.7 -> /c/ag-openssl-e138-01/package-04/recipe/pkg/mingw-w64-aarch64-openssl/mingwarm64/share/man/man7/EVP_SIGNATURE-ECDSA.7ossl
install doc/man/man7/EVP_SIGNATURE-ED25519.7 -> /c/ag-openssl-e138-01/package-04/recipe/pkg/mingw-w64-aarch64-openssl/mingwarm64/share/man/man7/EVP_SIGNATURE-ED25519.7ossl
install doc/man/man7/EVP_SIGNATURE-HMAC.7 -> /c/ag-openssl-e138-01/package-04/recipe/pkg/mingw-w64-aarch64-openssl/mingwarm64/share/man/man7/EVP_SIGNATURE-HMAC.7ossl
install doc/man/man7/EVP_SIGNATURE-LMS.7 -> /c/ag-openssl-e138-01/package-04/recipe/pkg/mingw-w64-aarch64-openssl/mingwarm64/share/man/man7/EVP_SIGNATURE-LMS.7ossl
install doc/man/man7/EVP_SIGNATURE-ML-DSA.7 -> /c/ag-openssl-e138-01/package-04/recipe/pkg/mingw-w64-aarch64-openssl/mingwarm64/share/man/man7/EVP_SIGNATURE-ML-DSA.7ossl
install doc/man/man7/EVP_SIGNATURE-RSA.7 -> /c/ag-openssl-e138-01/package-04/recipe/pkg/mingw-w64-aarch64-openssl/mingwarm64/share/man/man7/EVP_SIGNATURE-RSA.7ossl
install doc/man/man7/EVP_SIGNATURE-SLH-DSA.7 -> /c/ag-openssl-e138-01/package-04/recipe/pkg/mingw-w64-aarch64-openssl/mingwarm64/share/man/man7/EVP_SIGNATURE-SLH-DSA.7ossl
install doc/man/man7/OSSL_PROVIDER-FIPS.7 -> /c/ag-openssl-e138-01/package-04/recipe/pkg/mingw-w64-aarch64-openssl/mingwarm64/share/man/man7/OSSL_PROVIDER-FIPS.7ossl
install doc/man/man7/OSSL_PROVIDER-base.7 -> /c/ag-openssl-e138-01/package-04/recipe/pkg/mingw-w64-aarch64-openssl/mingwarm64/share/man/man7/OSSL_PROVIDER-base.7ossl
install doc/man/man7/OSSL_PROVIDER-default.7 -> /c/ag-openssl-e138-01/package-04/recipe/pkg/mingw-w64-aarch64-openssl/mingwarm64/share/man/man7/OSSL_PROVIDER-default.7ossl
install doc/man/man7/OSSL_PROVIDER-legacy.7 -> /c/ag-openssl-e138-01/package-04/recipe/pkg/mingw-w64-aarch64-openssl/mingwarm64/share/man/man7/OSSL_PROVIDER-legacy.7ossl
install doc/man/man7/OSSL_PROVIDER-null.7 -> /c/ag-openssl-e138-01/package-04/recipe/pkg/mingw-w64-aarch64-openssl/mingwarm64/share/man/man7/OSSL_PROVIDER-null.7ossl
install doc/man/man7/OSSL_STORE-winstore.7 -> /c/ag-openssl-e138-01/package-04/recipe/pkg/mingw-w64-aarch64-openssl/mingwarm64/share/man/man7/OSSL_STORE-winstore.7ossl
install doc/man/man7/RAND.7 -> /c/ag-openssl-e138-01/package-04/recipe/pkg/mingw-w64-aarch64-openssl/mingwarm64/share/man/man7/RAND.7ossl
install doc/man/man7/RSA-PSS.7 -> /c/ag-openssl-e138-01/package-04/recipe/pkg/mingw-w64-aarch64-openssl/mingwarm64/share/man/man7/RSA-PSS.7ossl
install doc/man/man7/X25519.7 -> /c/ag-openssl-e138-01/package-04/recipe/pkg/mingw-w64-aarch64-openssl/mingwarm64/share/man/man7/X25519.7ossl
install doc/man/man7/bio.7 -> /c/ag-openssl-e138-01/package-04/recipe/pkg/mingw-w64-aarch64-openssl/mingwarm64/share/man/man7/bio.7ossl
install doc/man/man7/ct.7 -> /c/ag-openssl-e138-01/package-04/recipe/pkg/mingw-w64-aarch64-openssl/mingwarm64/share/man/man7/ct.7ossl
install doc/man/man7/des_modes.7 -> /c/ag-openssl-e138-01/package-04/recipe/pkg/mingw-w64-aarch64-openssl/mingwarm64/share/man/man7/des_modes.7ossl
install doc/man/man7/evp.7 -> /c/ag-openssl-e138-01/package-04/recipe/pkg/mingw-w64-aarch64-openssl/mingwarm64/share/man/man7/evp.7ossl
install doc/man/man7/fips_module.7 -> /c/ag-openssl-e138-01/package-04/recipe/pkg/mingw-w64-aarch64-openssl/mingwarm64/share/man/man7/fips_module.7ossl
install doc/man/man7/life_cycle-cipher.7 -> /c/ag-openssl-e138-01/package-04/recipe/pkg/mingw-w64-aarch64-openssl/mingwarm64/share/man/man7/life_cycle-cipher.7ossl
install doc/man/man7/life_cycle-digest.7 -> /c/ag-openssl-e138-01/package-04/recipe/pkg/mingw-w64-aarch64-openssl/mingwarm64/share/man/man7/life_cycle-digest.7ossl
install doc/man/man7/life_cycle-kdf.7 -> /c/ag-openssl-e138-01/package-04/recipe/pkg/mingw-w64-aarch64-openssl/mingwarm64/share/man/man7/life_cycle-kdf.7ossl
install doc/man/man7/life_cycle-mac.7 -> /c/ag-openssl-e138-01/package-04/recipe/pkg/mingw-w64-aarch64-openssl/mingwarm64/share/man/man7/life_cycle-mac.7ossl
install doc/man/man7/life_cycle-pkey.7 -> /c/ag-openssl-e138-01/package-04/recipe/pkg/mingw-w64-aarch64-openssl/mingwarm64/share/man/man7/life_cycle-pkey.7ossl
install doc/man/man7/life_cycle-rand.7 -> /c/ag-openssl-e138-01/package-04/recipe/pkg/mingw-w64-aarch64-openssl/mingwarm64/share/man/man7/life_cycle-rand.7ossl
install doc/man/man7/openssl-core.h.7 -> /c/ag-openssl-e138-01/package-04/recipe/pkg/mingw-w64-aarch64-openssl/mingwarm64/share/man/man7/openssl-core.h.7ossl
install doc/man/man7/openssl-core_dispatch.h.7 -> /c/ag-openssl-e138-01/package-04/recipe/pkg/mingw-w64-aarch64-openssl/mingwarm64/share/man/man7/openssl-core_dispatch.h.7ossl
install doc/man/man7/openssl-core_names.h.7 -> /c/ag-openssl-e138-01/package-04/recipe/pkg/mingw-w64-aarch64-openssl/mingwarm64/share/man/man7/openssl-core_names.h.7ossl
install doc/man/man7/openssl-env.7 -> /c/ag-openssl-e138-01/package-04/recipe/pkg/mingw-w64-aarch64-openssl/mingwarm64/share/man/man7/openssl-env.7ossl
install doc/man/man7/openssl-glossary.7 -> /c/ag-openssl-e138-01/package-04/recipe/pkg/mingw-w64-aarch64-openssl/mingwarm64/share/man/man7/openssl-glossary.7ossl
install doc/man/man7/openssl-qlog.7 -> /c/ag-openssl-e138-01/package-04/recipe/pkg/mingw-w64-aarch64-openssl/mingwarm64/share/man/man7/openssl-qlog.7ossl
install doc/man/man7/openssl-quic-concurrency.7 -> /c/ag-openssl-e138-01/package-04/recipe/pkg/mingw-w64-aarch64-openssl/mingwarm64/share/man/man7/openssl-quic-concurrency.7ossl
install doc/man/man7/openssl-quic.7 -> /c/ag-openssl-e138-01/package-04/recipe/pkg/mingw-w64-aarch64-openssl/mingwarm64/share/man/man7/openssl-quic.7ossl
install doc/man/man7/openssl-threads.7 -> /c/ag-openssl-e138-01/package-04/recipe/pkg/mingw-w64-aarch64-openssl/mingwarm64/share/man/man7/openssl-threads.7ossl
install doc/man/man7/openssl_user_macros.7 -> /c/ag-openssl-e138-01/package-04/recipe/pkg/mingw-w64-aarch64-openssl/mingwarm64/share/man/man7/openssl_user_macros.7ossl
install doc/man/man7/ossl-guide-introduction.7 -> /c/ag-openssl-e138-01/package-04/recipe/pkg/mingw-w64-aarch64-openssl/mingwarm64/share/man/man7/ossl-guide-introduction.7ossl
install doc/man/man7/ossl-guide-libcrypto-introduction.7 -> /c/ag-openssl-e138-01/package-04/recipe/pkg/mingw-w64-aarch64-openssl/mingwarm64/share/man/man7/ossl-guide-libcrypto-introduction.7ossl
install doc/man/man7/ossl-guide-libraries-introduction.7 -> /c/ag-openssl-e138-01/package-04/recipe/pkg/mingw-w64-aarch64-openssl/mingwarm64/share/man/man7/ossl-guide-libraries-introduction.7ossl
install doc/man/man7/ossl-guide-libssl-introduction.7 -> /c/ag-openssl-e138-01/package-04/recipe/pkg/mingw-w64-aarch64-openssl/mingwarm64/share/man/man7/ossl-guide-libssl-introduction.7ossl
install doc/man/man7/ossl-guide-migration.7 -> /c/ag-openssl-e138-01/package-04/recipe/pkg/mingw-w64-aarch64-openssl/mingwarm64/share/man/man7/ossl-guide-migration.7ossl
install doc/man/man7/ossl-guide-quic-client-block.7 -> /c/ag-openssl-e138-01/package-04/recipe/pkg/mingw-w64-aarch64-openssl/mingwarm64/share/man/man7/ossl-guide-quic-client-block.7ossl
install doc/man/man7/ossl-guide-quic-client-non-block.7 -> /c/ag-openssl-e138-01/package-04/recipe/pkg/mingw-w64-aarch64-openssl/mingwarm64/share/man/man7/ossl-guide-quic-client-non-block.7ossl
install doc/man/man7/ossl-guide-quic-introduction.7 -> /c/ag-openssl-e138-01/package-04/recipe/pkg/mingw-w64-aarch64-openssl/mingwarm64/share/man/man7/ossl-guide-quic-introduction.7ossl
install doc/man/man7/ossl-guide-quic-multi-stream.7 -> /c/ag-openssl-e138-01/package-04/recipe/pkg/mingw-w64-aarch64-openssl/mingwarm64/share/man/man7/ossl-guide-quic-multi-stream.7ossl
install doc/man/man7/ossl-guide-quic-server-block.7 -> /c/ag-openssl-e138-01/package-04/recipe/pkg/mingw-w64-aarch64-openssl/mingwarm64/share/man/man7/ossl-guide-quic-server-block.7ossl
install doc/man/man7/ossl-guide-quic-server-non-block.7 -> /c/ag-openssl-e138-01/package-04/recipe/pkg/mingw-w64-aarch64-openssl/mingwarm64/share/man/man7/ossl-guide-quic-server-non-block.7ossl
install doc/man/man7/ossl-guide-tls-client-block.7 -> /c/ag-openssl-e138-01/package-04/recipe/pkg/mingw-w64-aarch64-openssl/mingwarm64/share/man/man7/ossl-guide-tls-client-block.7ossl
install doc/man/man7/ossl-guide-tls-client-non-block.7 -> /c/ag-openssl-e138-01/package-04/recipe/pkg/mingw-w64-aarch64-openssl/mingwarm64/share/man/man7/ossl-guide-tls-client-non-block.7ossl
install doc/man/man7/ossl-guide-tls-introduction.7 -> /c/ag-openssl-e138-01/package-04/recipe/pkg/mingw-w64-aarch64-openssl/mingwarm64/share/man/man7/ossl-guide-tls-introduction.7ossl
install doc/man/man7/ossl-guide-tls-server-block.7 -> /c/ag-openssl-e138-01/package-04/recipe/pkg/mingw-w64-aarch64-openssl/mingwarm64/share/man/man7/ossl-guide-tls-server-block.7ossl
install doc/man/man7/ossl_store-file.7 -> /c/ag-openssl-e138-01/package-04/recipe/pkg/mingw-w64-aarch64-openssl/mingwarm64/share/man/man7/ossl_store-file.7ossl
install doc/man/man7/ossl_store.7 -> /c/ag-openssl-e138-01/package-04/recipe/pkg/mingw-w64-aarch64-openssl/mingwarm64/share/man/man7/ossl_store.7ossl
install doc/man/man7/passphrase-encoding.7 -> /c/ag-openssl-e138-01/package-04/recipe/pkg/mingw-w64-aarch64-openssl/mingwarm64/share/man/man7/passphrase-encoding.7ossl
install doc/man/man7/property.7 -> /c/ag-openssl-e138-01/package-04/recipe/pkg/mingw-w64-aarch64-openssl/mingwarm64/share/man/man7/property.7ossl
install doc/man/man7/provider-asym_cipher.7 -> /c/ag-openssl-e138-01/package-04/recipe/pkg/mingw-w64-aarch64-openssl/mingwarm64/share/man/man7/provider-asym_cipher.7ossl
install doc/man/man7/provider-base.7 -> /c/ag-openssl-e138-01/package-04/recipe/pkg/mingw-w64-aarch64-openssl/mingwarm64/share/man/man7/provider-base.7ossl
install doc/man/man7/provider-cipher.7 -> /c/ag-openssl-e138-01/package-04/recipe/pkg/mingw-w64-aarch64-openssl/mingwarm64/share/man/man7/provider-cipher.7ossl
install doc/man/man7/provider-decoder.7 -> /c/ag-openssl-e138-01/package-04/recipe/pkg/mingw-w64-aarch64-openssl/mingwarm64/share/man/man7/provider-decoder.7ossl
install doc/man/man7/provider-digest.7 -> /c/ag-openssl-e138-01/package-04/recipe/pkg/mingw-w64-aarch64-openssl/mingwarm64/share/man/man7/provider-digest.7ossl
install doc/man/man7/provider-encoder.7 -> /c/ag-openssl-e138-01/package-04/recipe/pkg/mingw-w64-aarch64-openssl/mingwarm64/share/man/man7/provider-encoder.7ossl
install doc/man/man7/provider-kdf.7 -> /c/ag-openssl-e138-01/package-04/recipe/pkg/mingw-w64-aarch64-openssl/mingwarm64/share/man/man7/provider-kdf.7ossl
install doc/man/man7/provider-kem.7 -> /c/ag-openssl-e138-01/package-04/recipe/pkg/mingw-w64-aarch64-openssl/mingwarm64/share/man/man7/provider-kem.7ossl
install doc/man/man7/provider-keyexch.7 -> /c/ag-openssl-e138-01/package-04/recipe/pkg/mingw-w64-aarch64-openssl/mingwarm64/share/man/man7/provider-keyexch.7ossl
install doc/man/man7/provider-keymgmt.7 -> /c/ag-openssl-e138-01/package-04/recipe/pkg/mingw-w64-aarch64-openssl/mingwarm64/share/man/man7/provider-keymgmt.7ossl
install doc/man/man7/provider-mac.7 -> /c/ag-openssl-e138-01/package-04/recipe/pkg/mingw-w64-aarch64-openssl/mingwarm64/share/man/man7/provider-mac.7ossl
install doc/man/man7/provider-object.7 -> /c/ag-openssl-e138-01/package-04/recipe/pkg/mingw-w64-aarch64-openssl/mingwarm64/share/man/man7/provider-object.7ossl
install doc/man/man7/provider-rand.7 -> /c/ag-openssl-e138-01/package-04/recipe/pkg/mingw-w64-aarch64-openssl/mingwarm64/share/man/man7/provider-rand.7ossl
install doc/man/man7/provider-signature.7 -> /c/ag-openssl-e138-01/package-04/recipe/pkg/mingw-w64-aarch64-openssl/mingwarm64/share/man/man7/provider-signature.7ossl
install doc/man/man7/provider-skeymgmt.7 -> /c/ag-openssl-e138-01/package-04/recipe/pkg/mingw-w64-aarch64-openssl/mingwarm64/share/man/man7/provider-skeymgmt.7ossl
install doc/man/man7/provider-storemgmt.7 -> /c/ag-openssl-e138-01/package-04/recipe/pkg/mingw-w64-aarch64-openssl/mingwarm64/share/man/man7/provider-storemgmt.7ossl
install doc/man/man7/provider.7 -> /c/ag-openssl-e138-01/package-04/recipe/pkg/mingw-w64-aarch64-openssl/mingwarm64/share/man/man7/provider.7ossl
install doc/man/man7/proxy-certificates.7 -> /c/ag-openssl-e138-01/package-04/recipe/pkg/mingw-w64-aarch64-openssl/mingwarm64/share/man/man7/proxy-certificates.7ossl
install doc/man/man7/x509.7 -> /c/ag-openssl-e138-01/package-04/recipe/pkg/mingw-w64-aarch64-openssl/mingwarm64/share/man/man7/x509.7ossl
created directory `/c/ag-openssl-e138-01/package-04/recipe/pkg/mingw-w64-aarch64-openssl/mingwarm64/share/doc'
created directory `/c/ag-openssl-e138-01/package-04/recipe/pkg/mingw-w64-aarch64-openssl/mingwarm64/share/doc/openssl'
created directory `/c/ag-openssl-e138-01/package-04/recipe/pkg/mingw-w64-aarch64-openssl/mingwarm64/share/doc/openssl/html'
created directory `/c/ag-openssl-e138-01/package-04/recipe/pkg/mingw-w64-aarch64-openssl/mingwarm64/share/doc/openssl/html/man7'
created directory `/c/ag-openssl-e138-01/package-04/recipe/pkg/mingw-w64-aarch64-openssl/mingwarm64/share/doc/openssl/html/man7/img'
install doc/man7/img/cipher.png -> /c/ag-openssl-e138-01/package-04/recipe/pkg/mingw-w64-aarch64-openssl/mingwarm64/share/doc/openssl/html/man7/img/cipher.png
install doc/man7/img/digest.png -> /c/ag-openssl-e138-01/package-04/recipe/pkg/mingw-w64-aarch64-openssl/mingwarm64/share/doc/openssl/html/man7/img/digest.png
install doc/man7/img/kdf.png -> /c/ag-openssl-e138-01/package-04/recipe/pkg/mingw-w64-aarch64-openssl/mingwarm64/share/doc/openssl/html/man7/img/kdf.png
install doc/man7/img/mac.png -> /c/ag-openssl-e138-01/package-04/recipe/pkg/mingw-w64-aarch64-openssl/mingwarm64/share/doc/openssl/html/man7/img/mac.png
install doc/man7/img/pkey.png -> /c/ag-openssl-e138-01/package-04/recipe/pkg/mingw-w64-aarch64-openssl/mingwarm64/share/doc/openssl/html/man7/img/pkey.png
install doc/man7/img/rand.png -> /c/ag-openssl-e138-01/package-04/recipe/pkg/mingw-w64-aarch64-openssl/mingwarm64/share/doc/openssl/html/man7/img/rand.png
created directory `/c/ag-openssl-e138-01/package-04/recipe/pkg/mingw-w64-aarch64-openssl/mingwarm64/share/doc/openssl/html/man1'
created directory `/c/ag-openssl-e138-01/package-04/recipe/pkg/mingw-w64-aarch64-openssl/mingwarm64/share/doc/openssl/html/man3'
created directory `/c/ag-openssl-e138-01/package-04/recipe/pkg/mingw-w64-aarch64-openssl/mingwarm64/share/doc/openssl/html/man5'
*** Installing HTML manpages
install doc/html/man1/CA.pl.html -> /c/ag-openssl-e138-01/package-04/recipe/pkg/mingw-w64-aarch64-openssl/mingwarm64/share/doc/openssl/html/man1/CA.pl.html
install doc/html/man1/openssl-asn1parse.html -> /c/ag-openssl-e138-01/package-04/recipe/pkg/mingw-w64-aarch64-openssl/mingwarm64/share/doc/openssl/html/man1/openssl-asn1parse.html
install doc/html/man1/openssl-ca.html -> /c/ag-openssl-e138-01/package-04/recipe/pkg/mingw-w64-aarch64-openssl/mingwarm64/share/doc/openssl/html/man1/openssl-ca.html
install doc/html/man1/openssl-ciphers.html -> /c/ag-openssl-e138-01/package-04/recipe/pkg/mingw-w64-aarch64-openssl/mingwarm64/share/doc/openssl/html/man1/openssl-ciphers.html
install doc/html/man1/openssl-cmds.html -> /c/ag-openssl-e138-01/package-04/recipe/pkg/mingw-w64-aarch64-openssl/mingwarm64/share/doc/openssl/html/man1/openssl-cmds.html
install doc/html/man1/openssl-cmp.html -> /c/ag-openssl-e138-01/package-04/recipe/pkg/mingw-w64-aarch64-openssl/mingwarm64/share/doc/openssl/html/man1/openssl-cmp.html
install doc/html/man1/openssl-cms.html -> /c/ag-openssl-e138-01/package-04/recipe/pkg/mingw-w64-aarch64-openssl/mingwarm64/share/doc/openssl/html/man1/openssl-cms.html
install doc/html/man1/openssl-configutl.html -> /c/ag-openssl-e138-01/package-04/recipe/pkg/mingw-w64-aarch64-openssl/mingwarm64/share/doc/openssl/html/man1/openssl-configutl.html
install doc/html/man1/openssl-crl.html -> /c/ag-openssl-e138-01/package-04/recipe/pkg/mingw-w64-aarch64-openssl/mingwarm64/share/doc/openssl/html/man1/openssl-crl.html
install doc/html/man1/openssl-crl2pkcs7.html -> /c/ag-openssl-e138-01/package-04/recipe/pkg/mingw-w64-aarch64-openssl/mingwarm64/share/doc/openssl/html/man1/openssl-crl2pkcs7.html
install doc/html/man1/openssl-dgst.html -> /c/ag-openssl-e138-01/package-04/recipe/pkg/mingw-w64-aarch64-openssl/mingwarm64/share/doc/openssl/html/man1/openssl-dgst.html
install doc/html/man1/openssl-dhparam.html -> /c/ag-openssl-e138-01/package-04/recipe/pkg/mingw-w64-aarch64-openssl/mingwarm64/share/doc/openssl/html/man1/openssl-dhparam.html
install doc/html/man1/openssl-dsa.html -> /c/ag-openssl-e138-01/package-04/recipe/pkg/mingw-w64-aarch64-openssl/mingwarm64/share/doc/openssl/html/man1/openssl-dsa.html
install doc/html/man1/openssl-dsaparam.html -> /c/ag-openssl-e138-01/package-04/recipe/pkg/mingw-w64-aarch64-openssl/mingwarm64/share/doc/openssl/html/man1/openssl-dsaparam.html
install doc/html/man1/openssl-ec.html -> /c/ag-openssl-e138-01/package-04/recipe/pkg/mingw-w64-aarch64-openssl/mingwarm64/share/doc/openssl/html/man1/openssl-ec.html
install doc/html/man1/openssl-ecparam.html -> /c/ag-openssl-e138-01/package-04/recipe/pkg/mingw-w64-aarch64-openssl/mingwarm64/share/doc/openssl/html/man1/openssl-ecparam.html
install doc/html/man1/openssl-enc.html -> /c/ag-openssl-e138-01/package-04/recipe/pkg/mingw-w64-aarch64-openssl/mingwarm64/share/doc/openssl/html/man1/openssl-enc.html
install doc/html/man1/openssl-engine.html -> /c/ag-openssl-e138-01/package-04/recipe/pkg/mingw-w64-aarch64-openssl/mingwarm64/share/doc/openssl/html/man1/openssl-engine.html
install doc/html/man1/openssl-errstr.html -> /c/ag-openssl-e138-01/package-04/recipe/pkg/mingw-w64-aarch64-openssl/mingwarm64/share/doc/openssl/html/man1/openssl-errstr.html
install doc/html/man1/openssl-fipsinstall.html -> /c/ag-openssl-e138-01/package-04/recipe/pkg/mingw-w64-aarch64-openssl/mingwarm64/share/doc/openssl/html/man1/openssl-fipsinstall.html
install doc/html/man1/openssl-format-options.html -> /c/ag-openssl-e138-01/package-04/recipe/pkg/mingw-w64-aarch64-openssl/mingwarm64/share/doc/openssl/html/man1/openssl-format-options.html
install doc/html/man1/openssl-gendsa.html -> /c/ag-openssl-e138-01/package-04/recipe/pkg/mingw-w64-aarch64-openssl/mingwarm64/share/doc/openssl/html/man1/openssl-gendsa.html
install doc/html/man1/openssl-genpkey.html -> /c/ag-openssl-e138-01/package-04/recipe/pkg/mingw-w64-aarch64-openssl/mingwarm64/share/doc/openssl/html/man1/openssl-genpkey.html
install doc/html/man1/openssl-genrsa.html -> /c/ag-openssl-e138-01/package-04/recipe/pkg/mingw-w64-aarch64-openssl/mingwarm64/share/doc/openssl/html/man1/openssl-genrsa.html
install doc/html/man1/openssl-info.html -> /c/ag-openssl-e138-01/package-04/recipe/pkg/mingw-w64-aarch64-openssl/mingwarm64/share/doc/openssl/html/man1/openssl-info.html
install doc/html/man1/openssl-kdf.html -> /c/ag-openssl-e138-01/package-04/recipe/pkg/mingw-w64-aarch64-openssl/mingwarm64/share/doc/openssl/html/man1/openssl-kdf.html
install doc/html/man1/openssl-list.html -> /c/ag-openssl-e138-01/package-04/recipe/pkg/mingw-w64-aarch64-openssl/mingwarm64/share/doc/openssl/html/man1/openssl-list.html
install doc/html/man1/openssl-mac.html -> /c/ag-openssl-e138-01/package-04/recipe/pkg/mingw-w64-aarch64-openssl/mingwarm64/share/doc/openssl/html/man1/openssl-mac.html
install doc/html/man1/openssl-namedisplay-options.html -> /c/ag-openssl-e138-01/package-04/recipe/pkg/mingw-w64-aarch64-openssl/mingwarm64/share/doc/openssl/html/man1/openssl-namedisplay-options.html
install doc/html/man1/openssl-nseq.html -> /c/ag-openssl-e138-01/package-04/recipe/pkg/mingw-w64-aarch64-openssl/mingwarm64/share/doc/openssl/html/man1/openssl-nseq.html
install doc/html/man1/openssl-ocsp.html -> /c/ag-openssl-e138-01/package-04/recipe/pkg/mingw-w64-aarch64-openssl/mingwarm64/share/doc/openssl/html/man1/openssl-ocsp.html
install doc/html/man1/openssl-passphrase-options.html -> /c/ag-openssl-e138-01/package-04/recipe/pkg/mingw-w64-aarch64-openssl/mingwarm64/share/doc/openssl/html/man1/openssl-passphrase-options.html
install doc/html/man1/openssl-passwd.html -> /c/ag-openssl-e138-01/package-04/recipe/pkg/mingw-w64-aarch64-openssl/mingwarm64/share/doc/openssl/html/man1/openssl-passwd.html
install doc/html/man1/openssl-pkcs12.html -> /c/ag-openssl-e138-01/package-04/recipe/pkg/mingw-w64-aarch64-openssl/mingwarm64/share/doc/openssl/html/man1/openssl-pkcs12.html
install doc/html/man1/openssl-pkcs7.html -> /c/ag-openssl-e138-01/package-04/recipe/pkg/mingw-w64-aarch64-openssl/mingwarm64/share/doc/openssl/html/man1/openssl-pkcs7.html
install doc/html/man1/openssl-pkcs8.html -> /c/ag-openssl-e138-01/package-04/recipe/pkg/mingw-w64-aarch64-openssl/mingwarm64/share/doc/openssl/html/man1/openssl-pkcs8.html
install doc/html/man1/openssl-pkey.html -> /c/ag-openssl-e138-01/package-04/recipe/pkg/mingw-w64-aarch64-openssl/mingwarm64/share/doc/openssl/html/man1/openssl-pkey.html
install doc/html/man1/openssl-pkeyparam.html -> /c/ag-openssl-e138-01/package-04/recipe/pkg/mingw-w64-aarch64-openssl/mingwarm64/share/doc/openssl/html/man1/openssl-pkeyparam.html
install doc/html/man1/openssl-pkeyutl.html -> /c/ag-openssl-e138-01/package-04/recipe/pkg/mingw-w64-aarch64-openssl/mingwarm64/share/doc/openssl/html/man1/openssl-pkeyutl.html
install doc/html/man1/openssl-prime.html -> /c/ag-openssl-e138-01/package-04/recipe/pkg/mingw-w64-aarch64-openssl/mingwarm64/share/doc/openssl/html/man1/openssl-prime.html
install doc/html/man1/openssl-rand.html -> /c/ag-openssl-e138-01/package-04/recipe/pkg/mingw-w64-aarch64-openssl/mingwarm64/share/doc/openssl/html/man1/openssl-rand.html
install doc/html/man1/openssl-rehash.html -> /c/ag-openssl-e138-01/package-04/recipe/pkg/mingw-w64-aarch64-openssl/mingwarm64/share/doc/openssl/html/man1/openssl-rehash.html
install doc/html/man1/openssl-req.html -> /c/ag-openssl-e138-01/package-04/recipe/pkg/mingw-w64-aarch64-openssl/mingwarm64/share/doc/openssl/html/man1/openssl-req.html
install doc/html/man1/openssl-rsa.html -> /c/ag-openssl-e138-01/package-04/recipe/pkg/mingw-w64-aarch64-openssl/mingwarm64/share/doc/openssl/html/man1/openssl-rsa.html
install doc/html/man1/openssl-rsautl.html -> /c/ag-openssl-e138-01/package-04/recipe/pkg/mingw-w64-aarch64-openssl/mingwarm64/share/doc/openssl/html/man1/openssl-rsautl.html
install doc/html/man1/openssl-s_client.html -> /c/ag-openssl-e138-01/package-04/recipe/pkg/mingw-w64-aarch64-openssl/mingwarm64/share/doc/openssl/html/man1/openssl-s_client.html
install doc/html/man1/openssl-s_server.html -> /c/ag-openssl-e138-01/package-04/recipe/pkg/mingw-w64-aarch64-openssl/mingwarm64/share/doc/openssl/html/man1/openssl-s_server.html
install doc/html/man1/openssl-s_time.html -> /c/ag-openssl-e138-01/package-04/recipe/pkg/mingw-w64-aarch64-openssl/mingwarm64/share/doc/openssl/html/man1/openssl-s_time.html
install doc/html/man1/openssl-sess_id.html -> /c/ag-openssl-e138-01/package-04/recipe/pkg/mingw-w64-aarch64-openssl/mingwarm64/share/doc/openssl/html/man1/openssl-sess_id.html
install doc/html/man1/openssl-skeyutl.html -> /c/ag-openssl-e138-01/package-04/recipe/pkg/mingw-w64-aarch64-openssl/mingwarm64/share/doc/openssl/html/man1/openssl-skeyutl.html
install doc/html/man1/openssl-smime.html -> /c/ag-openssl-e138-01/package-04/recipe/pkg/mingw-w64-aarch64-openssl/mingwarm64/share/doc/openssl/html/man1/openssl-smime.html
install doc/html/man1/openssl-speed.html -> /c/ag-openssl-e138-01/package-04/recipe/pkg/mingw-w64-aarch64-openssl/mingwarm64/share/doc/openssl/html/man1/openssl-speed.html
install doc/html/man1/openssl-spkac.html -> /c/ag-openssl-e138-01/package-04/recipe/pkg/mingw-w64-aarch64-openssl/mingwarm64/share/doc/openssl/html/man1/openssl-spkac.html
install doc/html/man1/openssl-srp.html -> /c/ag-openssl-e138-01/package-04/recipe/pkg/mingw-w64-aarch64-openssl/mingwarm64/share/doc/openssl/html/man1/openssl-srp.html
install doc/html/man1/openssl-storeutl.html -> /c/ag-openssl-e138-01/package-04/recipe/pkg/mingw-w64-aarch64-openssl/mingwarm64/share/doc/openssl/html/man1/openssl-storeutl.html
install doc/html/man1/openssl-ts.html -> /c/ag-openssl-e138-01/package-04/recipe/pkg/mingw-w64-aarch64-openssl/mingwarm64/share/doc/openssl/html/man1/openssl-ts.html
install doc/html/man1/openssl-verification-options.html -> /c/ag-openssl-e138-01/package-04/recipe/pkg/mingw-w64-aarch64-openssl/mingwarm64/share/doc/openssl/html/man1/openssl-verification-options.html
install doc/html/man1/openssl-verify.html -> /c/ag-openssl-e138-01/package-04/recipe/pkg/mingw-w64-aarch64-openssl/mingwarm64/share/doc/openssl/html/man1/openssl-verify.html
install doc/html/man1/openssl-version.html -> /c/ag-openssl-e138-01/package-04/recipe/pkg/mingw-w64-aarch64-openssl/mingwarm64/share/doc/openssl/html/man1/openssl-version.html
install doc/html/man1/openssl-x509.html -> /c/ag-openssl-e138-01/package-04/recipe/pkg/mingw-w64-aarch64-openssl/mingwarm64/share/doc/openssl/html/man1/openssl-x509.html
install doc/html/man1/openssl.html -> /c/ag-openssl-e138-01/package-04/recipe/pkg/mingw-w64-aarch64-openssl/mingwarm64/share/doc/openssl/html/man1/openssl.html
install doc/html/man1/tsget.html -> /c/ag-openssl-e138-01/package-04/recipe/pkg/mingw-w64-aarch64-openssl/mingwarm64/share/doc/openssl/html/man1/tsget.html
install doc/html/man3/ADMISSIONS.html -> /c/ag-openssl-e138-01/package-04/recipe/pkg/mingw-w64-aarch64-openssl/mingwarm64/share/doc/openssl/html/man3/ADMISSIONS.html
install doc/html/man3/ASN1_EXTERN_FUNCS.html -> /c/ag-openssl-e138-01/package-04/recipe/pkg/mingw-w64-aarch64-openssl/mingwarm64/share/doc/openssl/html/man3/ASN1_EXTERN_FUNCS.html
install doc/html/man3/ASN1_INTEGER_get_int64.html -> /c/ag-openssl-e138-01/package-04/recipe/pkg/mingw-w64-aarch64-openssl/mingwarm64/share/doc/openssl/html/man3/ASN1_INTEGER_get_int64.html
install doc/html/man3/ASN1_INTEGER_new.html -> /c/ag-openssl-e138-01/package-04/recipe/pkg/mingw-w64-aarch64-openssl/mingwarm64/share/doc/openssl/html/man3/ASN1_INTEGER_new.html
install doc/html/man3/ASN1_ITEM_lookup.html -> /c/ag-openssl-e138-01/package-04/recipe/pkg/mingw-w64-aarch64-openssl/mingwarm64/share/doc/openssl/html/man3/ASN1_ITEM_lookup.html
install doc/html/man3/ASN1_OBJECT_new.html -> /c/ag-openssl-e138-01/package-04/recipe/pkg/mingw-w64-aarch64-openssl/mingwarm64/share/doc/openssl/html/man3/ASN1_OBJECT_new.html
install doc/html/man3/ASN1_STRING_TABLE_add.html -> /c/ag-openssl-e138-01/package-04/recipe/pkg/mingw-w64-aarch64-openssl/mingwarm64/share/doc/openssl/html/man3/ASN1_STRING_TABLE_add.html
install doc/html/man3/ASN1_STRING_length.html -> /c/ag-openssl-e138-01/package-04/recipe/pkg/mingw-w64-aarch64-openssl/mingwarm64/share/doc/openssl/html/man3/ASN1_STRING_length.html
install doc/html/man3/ASN1_STRING_new.html -> /c/ag-openssl-e138-01/package-04/recipe/pkg/mingw-w64-aarch64-openssl/mingwarm64/share/doc/openssl/html/man3/ASN1_STRING_new.html
install doc/html/man3/ASN1_STRING_print_ex.html -> /c/ag-openssl-e138-01/package-04/recipe/pkg/mingw-w64-aarch64-openssl/mingwarm64/share/doc/openssl/html/man3/ASN1_STRING_print_ex.html
install doc/html/man3/ASN1_TIME_set.html -> /c/ag-openssl-e138-01/package-04/recipe/pkg/mingw-w64-aarch64-openssl/mingwarm64/share/doc/openssl/html/man3/ASN1_TIME_set.html
install doc/html/man3/ASN1_TYPE_get.html -> /c/ag-openssl-e138-01/package-04/recipe/pkg/mingw-w64-aarch64-openssl/mingwarm64/share/doc/openssl/html/man3/ASN1_TYPE_get.html
install doc/html/man3/ASN1_aux_cb.html -> /c/ag-openssl-e138-01/package-04/recipe/pkg/mingw-w64-aarch64-openssl/mingwarm64/share/doc/openssl/html/man3/ASN1_aux_cb.html
install doc/html/man3/ASN1_generate_nconf.html -> /c/ag-openssl-e138-01/package-04/recipe/pkg/mingw-w64-aarch64-openssl/mingwarm64/share/doc/openssl/html/man3/ASN1_generate_nconf.html
install doc/html/man3/ASN1_item_d2i_bio.html -> /c/ag-openssl-e138-01/package-04/recipe/pkg/mingw-w64-aarch64-openssl/mingwarm64/share/doc/openssl/html/man3/ASN1_item_d2i_bio.html
install doc/html/man3/ASN1_item_new.html -> /c/ag-openssl-e138-01/package-04/recipe/pkg/mingw-w64-aarch64-openssl/mingwarm64/share/doc/openssl/html/man3/ASN1_item_new.html
install doc/html/man3/ASN1_item_sign.html -> /c/ag-openssl-e138-01/package-04/recipe/pkg/mingw-w64-aarch64-openssl/mingwarm64/share/doc/openssl/html/man3/ASN1_item_sign.html
install doc/html/man3/ASYNC_WAIT_CTX_new.html -> /c/ag-openssl-e138-01/package-04/recipe/pkg/mingw-w64-aarch64-openssl/mingwarm64/share/doc/openssl/html/man3/ASYNC_WAIT_CTX_new.html
install doc/html/man3/ASYNC_start_job.html -> /c/ag-openssl-e138-01/package-04/recipe/pkg/mingw-w64-aarch64-openssl/mingwarm64/share/doc/openssl/html/man3/ASYNC_start_job.html
install doc/html/man3/BF_encrypt.html -> /c/ag-openssl-e138-01/package-04/recipe/pkg/mingw-w64-aarch64-openssl/mingwarm64/share/doc/openssl/html/man3/BF_encrypt.html
install doc/html/man3/BIO_ADDR.html -> /c/ag-openssl-e138-01/package-04/recipe/pkg/mingw-w64-aarch64-openssl/mingwarm64/share/doc/openssl/html/man3/BIO_ADDR.html
install doc/html/man3/BIO_ADDRINFO.html -> /c/ag-openssl-e138-01/package-04/recipe/pkg/mingw-w64-aarch64-openssl/mingwarm64/share/doc/openssl/html/man3/BIO_ADDRINFO.html
install doc/html/man3/BIO_connect.html -> /c/ag-openssl-e138-01/package-04/recipe/pkg/mingw-w64-aarch64-openssl/mingwarm64/share/doc/openssl/html/man3/BIO_connect.html
install doc/html/man3/BIO_ctrl.html -> /c/ag-openssl-e138-01/package-04/recipe/pkg/mingw-w64-aarch64-openssl/mingwarm64/share/doc/openssl/html/man3/BIO_ctrl.html
install doc/html/man3/BIO_f_base64.html -> /c/ag-openssl-e138-01/package-04/recipe/pkg/mingw-w64-aarch64-openssl/mingwarm64/share/doc/openssl/html/man3/BIO_f_base64.html
install doc/html/man3/BIO_f_buffer.html -> /c/ag-openssl-e138-01/package-04/recipe/pkg/mingw-w64-aarch64-openssl/mingwarm64/share/doc/openssl/html/man3/BIO_f_buffer.html
install doc/html/man3/BIO_f_cipher.html -> /c/ag-openssl-e138-01/package-04/recipe/pkg/mingw-w64-aarch64-openssl/mingwarm64/share/doc/openssl/html/man3/BIO_f_cipher.html
install doc/html/man3/BIO_f_md.html -> /c/ag-openssl-e138-01/package-04/recipe/pkg/mingw-w64-aarch64-openssl/mingwarm64/share/doc/openssl/html/man3/BIO_f_md.html
install doc/html/man3/BIO_f_null.html -> /c/ag-openssl-e138-01/package-04/recipe/pkg/mingw-w64-aarch64-openssl/mingwarm64/share/doc/openssl/html/man3/BIO_f_null.html
install doc/html/man3/BIO_f_prefix.html -> /c/ag-openssl-e138-01/package-04/recipe/pkg/mingw-w64-aarch64-openssl/mingwarm64/share/doc/openssl/html/man3/BIO_f_prefix.html
install doc/html/man3/BIO_f_readbuffer.html -> /c/ag-openssl-e138-01/package-04/recipe/pkg/mingw-w64-aarch64-openssl/mingwarm64/share/doc/openssl/html/man3/BIO_f_readbuffer.html
install doc/html/man3/BIO_f_ssl.html -> /c/ag-openssl-e138-01/package-04/recipe/pkg/mingw-w64-aarch64-openssl/mingwarm64/share/doc/openssl/html/man3/BIO_f_ssl.html
install doc/html/man3/BIO_find_type.html -> /c/ag-openssl-e138-01/package-04/recipe/pkg/mingw-w64-aarch64-openssl/mingwarm64/share/doc/openssl/html/man3/BIO_find_type.html
install doc/html/man3/BIO_get_data.html -> /c/ag-openssl-e138-01/package-04/recipe/pkg/mingw-w64-aarch64-openssl/mingwarm64/share/doc/openssl/html/man3/BIO_get_data.html
install doc/html/man3/BIO_get_ex_new_index.html -> /c/ag-openssl-e138-01/package-04/recipe/pkg/mingw-w64-aarch64-openssl/mingwarm64/share/doc/openssl/html/man3/BIO_get_ex_new_index.html
install doc/html/man3/BIO_get_rpoll_descriptor.html -> /c/ag-openssl-e138-01/package-04/recipe/pkg/mingw-w64-aarch64-openssl/mingwarm64/share/doc/openssl/html/man3/BIO_get_rpoll_descriptor.html
install doc/html/man3/BIO_meth_new.html -> /c/ag-openssl-e138-01/package-04/recipe/pkg/mingw-w64-aarch64-openssl/mingwarm64/share/doc/openssl/html/man3/BIO_meth_new.html
install doc/html/man3/BIO_new.html -> /c/ag-openssl-e138-01/package-04/recipe/pkg/mingw-w64-aarch64-openssl/mingwarm64/share/doc/openssl/html/man3/BIO_new.html
install doc/html/man3/BIO_new_CMS.html -> /c/ag-openssl-e138-01/package-04/recipe/pkg/mingw-w64-aarch64-openssl/mingwarm64/share/doc/openssl/html/man3/BIO_new_CMS.html
install doc/html/man3/BIO_parse_hostserv.html -> /c/ag-openssl-e138-01/package-04/recipe/pkg/mingw-w64-aarch64-openssl/mingwarm64/share/doc/openssl/html/man3/BIO_parse_hostserv.html
install doc/html/man3/BIO_printf.html -> /c/ag-openssl-e138-01/package-04/recipe/pkg/mingw-w64-aarch64-openssl/mingwarm64/share/doc/openssl/html/man3/BIO_printf.html
install doc/html/man3/BIO_push.html -> /c/ag-openssl-e138-01/package-04/recipe/pkg/mingw-w64-aarch64-openssl/mingwarm64/share/doc/openssl/html/man3/BIO_push.html
install doc/html/man3/BIO_read.html -> /c/ag-openssl-e138-01/package-04/recipe/pkg/mingw-w64-aarch64-openssl/mingwarm64/share/doc/openssl/html/man3/BIO_read.html
install doc/html/man3/BIO_s_accept.html -> /c/ag-openssl-e138-01/package-04/recipe/pkg/mingw-w64-aarch64-openssl/mingwarm64/share/doc/openssl/html/man3/BIO_s_accept.html
install doc/html/man3/BIO_s_bio.html -> /c/ag-openssl-e138-01/package-04/recipe/pkg/mingw-w64-aarch64-openssl/mingwarm64/share/doc/openssl/html/man3/BIO_s_bio.html
install doc/html/man3/BIO_s_connect.html -> /c/ag-openssl-e138-01/package-04/recipe/pkg/mingw-w64-aarch64-openssl/mingwarm64/share/doc/openssl/html/man3/BIO_s_connect.html
install doc/html/man3/BIO_s_core.html -> /c/ag-openssl-e138-01/package-04/recipe/pkg/mingw-w64-aarch64-openssl/mingwarm64/share/doc/openssl/html/man3/BIO_s_core.html
install doc/html/man3/BIO_s_datagram.html -> /c/ag-openssl-e138-01/package-04/recipe/pkg/mingw-w64-aarch64-openssl/mingwarm64/share/doc/openssl/html/man3/BIO_s_datagram.html
install doc/html/man3/BIO_s_dgram_pair.html -> /c/ag-openssl-e138-01/package-04/recipe/pkg/mingw-w64-aarch64-openssl/mingwarm64/share/doc/openssl/html/man3/BIO_s_dgram_pair.html
install doc/html/man3/BIO_s_fd.html -> /c/ag-openssl-e138-01/package-04/recipe/pkg/mingw-w64-aarch64-openssl/mingwarm64/share/doc/openssl/html/man3/BIO_s_fd.html
install doc/html/man3/BIO_s_file.html -> /c/ag-openssl-e138-01/package-04/recipe/pkg/mingw-w64-aarch64-openssl/mingwarm64/share/doc/openssl/html/man3/BIO_s_file.html
install doc/html/man3/BIO_s_mem.html -> /c/ag-openssl-e138-01/package-04/recipe/pkg/mingw-w64-aarch64-openssl/mingwarm64/share/doc/openssl/html/man3/BIO_s_mem.html
install doc/html/man3/BIO_s_null.html -> /c/ag-openssl-e138-01/package-04/recipe/pkg/mingw-w64-aarch64-openssl/mingwarm64/share/doc/openssl/html/man3/BIO_s_null.html
install doc/html/man3/BIO_s_socket.html -> /c/ag-openssl-e138-01/package-04/recipe/pkg/mingw-w64-aarch64-openssl/mingwarm64/share/doc/openssl/html/man3/BIO_s_socket.html
install doc/html/man3/BIO_sendmmsg.html -> /c/ag-openssl-e138-01/package-04/recipe/pkg/mingw-w64-aarch64-openssl/mingwarm64/share/doc/openssl/html/man3/BIO_sendmmsg.html
install doc/html/man3/BIO_set_callback.html -> /c/ag-openssl-e138-01/package-04/recipe/pkg/mingw-w64-aarch64-openssl/mingwarm64/share/doc/openssl/html/man3/BIO_set_callback.html
install doc/html/man3/BIO_set_flags.html -> /c/ag-openssl-e138-01/package-04/recipe/pkg/mingw-w64-aarch64-openssl/mingwarm64/share/doc/openssl/html/man3/BIO_set_flags.html
install doc/html/man3/BIO_should_retry.html -> /c/ag-openssl-e138-01/package-04/recipe/pkg/mingw-w64-aarch64-openssl/mingwarm64/share/doc/openssl/html/man3/BIO_should_retry.html
install doc/html/man3/BIO_socket_wait.html -> /c/ag-openssl-e138-01/package-04/recipe/pkg/mingw-w64-aarch64-openssl/mingwarm64/share/doc/openssl/html/man3/BIO_socket_wait.html
install doc/html/man3/BN_BLINDING_new.html -> /c/ag-openssl-e138-01/package-04/recipe/pkg/mingw-w64-aarch64-openssl/mingwarm64/share/doc/openssl/html/man3/BN_BLINDING_new.html
install doc/html/man3/BN_CTX_new.html -> /c/ag-openssl-e138-01/package-04/recipe/pkg/mingw-w64-aarch64-openssl/mingwarm64/share/doc/openssl/html/man3/BN_CTX_new.html
install doc/html/man3/BN_CTX_start.html -> /c/ag-openssl-e138-01/package-04/recipe/pkg/mingw-w64-aarch64-openssl/mingwarm64/share/doc/openssl/html/man3/BN_CTX_start.html
install doc/html/man3/BN_add.html -> /c/ag-openssl-e138-01/package-04/recipe/pkg/mingw-w64-aarch64-openssl/mingwarm64/share/doc/openssl/html/man3/BN_add.html
install doc/html/man3/BN_add_word.html -> /c/ag-openssl-e138-01/package-04/recipe/pkg/mingw-w64-aarch64-openssl/mingwarm64/share/doc/openssl/html/man3/BN_add_word.html
install doc/html/man3/BN_bn2bin.html -> /c/ag-openssl-e138-01/package-04/recipe/pkg/mingw-w64-aarch64-openssl/mingwarm64/share/doc/openssl/html/man3/BN_bn2bin.html
install doc/html/man3/BN_cmp.html -> /c/ag-openssl-e138-01/package-04/recipe/pkg/mingw-w64-aarch64-openssl/mingwarm64/share/doc/openssl/html/man3/BN_cmp.html
install doc/html/man3/BN_copy.html -> /c/ag-openssl-e138-01/package-04/recipe/pkg/mingw-w64-aarch64-openssl/mingwarm64/share/doc/openssl/html/man3/BN_copy.html
install doc/html/man3/BN_generate_prime.html -> /c/ag-openssl-e138-01/package-04/recipe/pkg/mingw-w64-aarch64-openssl/mingwarm64/share/doc/openssl/html/man3/BN_generate_prime.html
install doc/html/man3/BN_mod_exp_mont.html -> /c/ag-openssl-e138-01/package-04/recipe/pkg/mingw-w64-aarch64-openssl/mingwarm64/share/doc/openssl/html/man3/BN_mod_exp_mont.html
install doc/html/man3/BN_mod_inverse.html -> /c/ag-openssl-e138-01/package-04/recipe/pkg/mingw-w64-aarch64-openssl/mingwarm64/share/doc/openssl/html/man3/BN_mod_inverse.html
install doc/html/man3/BN_mod_mul_montgomery.html -> /c/ag-openssl-e138-01/package-04/recipe/pkg/mingw-w64-aarch64-openssl/mingwarm64/share/doc/openssl/html/man3/BN_mod_mul_montgomery.html
install doc/html/man3/BN_mod_mul_reciprocal.html -> /c/ag-openssl-e138-01/package-04/recipe/pkg/mingw-w64-aarch64-openssl/mingwarm64/share/doc/openssl/html/man3/BN_mod_mul_reciprocal.html
install doc/html/man3/BN_new.html -> /c/ag-openssl-e138-01/package-04/recipe/pkg/mingw-w64-aarch64-openssl/mingwarm64/share/doc/openssl/html/man3/BN_new.html
install doc/html/man3/BN_num_bytes.html -> /c/ag-openssl-e138-01/package-04/recipe/pkg/mingw-w64-aarch64-openssl/mingwarm64/share/doc/openssl/html/man3/BN_num_bytes.html
install doc/html/man3/BN_rand.html -> /c/ag-openssl-e138-01/package-04/recipe/pkg/mingw-w64-aarch64-openssl/mingwarm64/share/doc/openssl/html/man3/BN_rand.html
install doc/html/man3/BN_security_bits.html -> /c/ag-openssl-e138-01/package-04/recipe/pkg/mingw-w64-aarch64-openssl/mingwarm64/share/doc/openssl/html/man3/BN_security_bits.html
install doc/html/man3/BN_set_bit.html -> /c/ag-openssl-e138-01/package-04/recipe/pkg/mingw-w64-aarch64-openssl/mingwarm64/share/doc/openssl/html/man3/BN_set_bit.html
install doc/html/man3/BN_swap.html -> /c/ag-openssl-e138-01/package-04/recipe/pkg/mingw-w64-aarch64-openssl/mingwarm64/share/doc/openssl/html/man3/BN_swap.html
install doc/html/man3/BN_zero.html -> /c/ag-openssl-e138-01/package-04/recipe/pkg/mingw-w64-aarch64-openssl/mingwarm64/share/doc/openssl/html/man3/BN_zero.html
install doc/html/man3/BUF_MEM_new.html -> /c/ag-openssl-e138-01/package-04/recipe/pkg/mingw-w64-aarch64-openssl/mingwarm64/share/doc/openssl/html/man3/BUF_MEM_new.html
install doc/html/man3/CMAC_CTX.html -> /c/ag-openssl-e138-01/package-04/recipe/pkg/mingw-w64-aarch64-openssl/mingwarm64/share/doc/openssl/html/man3/CMAC_CTX.html
install doc/html/man3/CMS_EncryptedData_decrypt.html -> /c/ag-openssl-e138-01/package-04/recipe/pkg/mingw-w64-aarch64-openssl/mingwarm64/share/doc/openssl/html/man3/CMS_EncryptedData_decrypt.html
install doc/html/man3/CMS_EncryptedData_encrypt.html -> /c/ag-openssl-e138-01/package-04/recipe/pkg/mingw-w64-aarch64-openssl/mingwarm64/share/doc/openssl/html/man3/CMS_EncryptedData_encrypt.html
install doc/html/man3/CMS_EncryptedData_set1_key.html -> /c/ag-openssl-e138-01/package-04/recipe/pkg/mingw-w64-aarch64-openssl/mingwarm64/share/doc/openssl/html/man3/CMS_EncryptedData_set1_key.html
install doc/html/man3/CMS_EnvelopedData_create.html -> /c/ag-openssl-e138-01/package-04/recipe/pkg/mingw-w64-aarch64-openssl/mingwarm64/share/doc/openssl/html/man3/CMS_EnvelopedData_create.html
install doc/html/man3/CMS_add0_cert.html -> /c/ag-openssl-e138-01/package-04/recipe/pkg/mingw-w64-aarch64-openssl/mingwarm64/share/doc/openssl/html/man3/CMS_add0_cert.html
install doc/html/man3/CMS_add1_recipient_cert.html -> /c/ag-openssl-e138-01/package-04/recipe/pkg/mingw-w64-aarch64-openssl/mingwarm64/share/doc/openssl/html/man3/CMS_add1_recipient_cert.html
install doc/html/man3/CMS_add1_signer.html -> /c/ag-openssl-e138-01/package-04/recipe/pkg/mingw-w64-aarch64-openssl/mingwarm64/share/doc/openssl/html/man3/CMS_add1_signer.html
install doc/html/man3/CMS_compress.html -> /c/ag-openssl-e138-01/package-04/recipe/pkg/mingw-w64-aarch64-openssl/mingwarm64/share/doc/openssl/html/man3/CMS_compress.html
install doc/html/man3/CMS_data_create.html -> /c/ag-openssl-e138-01/package-04/recipe/pkg/mingw-w64-aarch64-openssl/mingwarm64/share/doc/openssl/html/man3/CMS_data_create.html
install doc/html/man3/CMS_decrypt.html -> /c/ag-openssl-e138-01/package-04/recipe/pkg/mingw-w64-aarch64-openssl/mingwarm64/share/doc/openssl/html/man3/CMS_decrypt.html
install doc/html/man3/CMS_digest_create.html -> /c/ag-openssl-e138-01/package-04/recipe/pkg/mingw-w64-aarch64-openssl/mingwarm64/share/doc/openssl/html/man3/CMS_digest_create.html
install doc/html/man3/CMS_encrypt.html -> /c/ag-openssl-e138-01/package-04/recipe/pkg/mingw-w64-aarch64-openssl/mingwarm64/share/doc/openssl/html/man3/CMS_encrypt.html
install doc/html/man3/CMS_final.html -> /c/ag-openssl-e138-01/package-04/recipe/pkg/mingw-w64-aarch64-openssl/mingwarm64/share/doc/openssl/html/man3/CMS_final.html
install doc/html/man3/CMS_get0_RecipientInfos.html -> /c/ag-openssl-e138-01/package-04/recipe/pkg/mingw-w64-aarch64-openssl/mingwarm64/share/doc/openssl/html/man3/CMS_get0_RecipientInfos.html
install doc/html/man3/CMS_get0_SignerInfos.html -> /c/ag-openssl-e138-01/package-04/recipe/pkg/mingw-w64-aarch64-openssl/mingwarm64/share/doc/openssl/html/man3/CMS_get0_SignerInfos.html
install doc/html/man3/CMS_get0_type.html -> /c/ag-openssl-e138-01/package-04/recipe/pkg/mingw-w64-aarch64-openssl/mingwarm64/share/doc/openssl/html/man3/CMS_get0_type.html
install doc/html/man3/CMS_get1_ReceiptRequest.html -> /c/ag-openssl-e138-01/package-04/recipe/pkg/mingw-w64-aarch64-openssl/mingwarm64/share/doc/openssl/html/man3/CMS_get1_ReceiptRequest.html
install doc/html/man3/CMS_sign.html -> /c/ag-openssl-e138-01/package-04/recipe/pkg/mingw-w64-aarch64-openssl/mingwarm64/share/doc/openssl/html/man3/CMS_sign.html
install doc/html/man3/CMS_sign_receipt.html -> /c/ag-openssl-e138-01/package-04/recipe/pkg/mingw-w64-aarch64-openssl/mingwarm64/share/doc/openssl/html/man3/CMS_sign_receipt.html
install doc/html/man3/CMS_signed_get_attr.html -> /c/ag-openssl-e138-01/package-04/recipe/pkg/mingw-w64-aarch64-openssl/mingwarm64/share/doc/openssl/html/man3/CMS_signed_get_attr.html
install doc/html/man3/CMS_uncompress.html -> /c/ag-openssl-e138-01/package-04/recipe/pkg/mingw-w64-aarch64-openssl/mingwarm64/share/doc/openssl/html/man3/CMS_uncompress.html
install doc/html/man3/CMS_verify.html -> /c/ag-openssl-e138-01/package-04/recipe/pkg/mingw-w64-aarch64-openssl/mingwarm64/share/doc/openssl/html/man3/CMS_verify.html
install doc/html/man3/CMS_verify_receipt.html -> /c/ag-openssl-e138-01/package-04/recipe/pkg/mingw-w64-aarch64-openssl/mingwarm64/share/doc/openssl/html/man3/CMS_verify_receipt.html
install doc/html/man3/COMP_CTX_new.html -> /c/ag-openssl-e138-01/package-04/recipe/pkg/mingw-w64-aarch64-openssl/mingwarm64/share/doc/openssl/html/man3/COMP_CTX_new.html
install doc/html/man3/CONF_modules_free.html -> /c/ag-openssl-e138-01/package-04/recipe/pkg/mingw-w64-aarch64-openssl/mingwarm64/share/doc/openssl/html/man3/CONF_modules_free.html
install doc/html/man3/CONF_modules_load_file.html -> /c/ag-openssl-e138-01/package-04/recipe/pkg/mingw-w64-aarch64-openssl/mingwarm64/share/doc/openssl/html/man3/CONF_modules_load_file.html
install doc/html/man3/CRYPTO_THREAD_run_once.html -> /c/ag-openssl-e138-01/package-04/recipe/pkg/mingw-w64-aarch64-openssl/mingwarm64/share/doc/openssl/html/man3/CRYPTO_THREAD_run_once.html
install doc/html/man3/CRYPTO_get_ex_new_index.html -> /c/ag-openssl-e138-01/package-04/recipe/pkg/mingw-w64-aarch64-openssl/mingwarm64/share/doc/openssl/html/man3/CRYPTO_get_ex_new_index.html
install doc/html/man3/CRYPTO_memcmp.html -> /c/ag-openssl-e138-01/package-04/recipe/pkg/mingw-w64-aarch64-openssl/mingwarm64/share/doc/openssl/html/man3/CRYPTO_memcmp.html
install doc/html/man3/CTLOG_STORE_get0_log_by_id.html -> /c/ag-openssl-e138-01/package-04/recipe/pkg/mingw-w64-aarch64-openssl/mingwarm64/share/doc/openssl/html/man3/CTLOG_STORE_get0_log_by_id.html
install doc/html/man3/CTLOG_STORE_new.html -> /c/ag-openssl-e138-01/package-04/recipe/pkg/mingw-w64-aarch64-openssl/mingwarm64/share/doc/openssl/html/man3/CTLOG_STORE_new.html
install doc/html/man3/CTLOG_new.html -> /c/ag-openssl-e138-01/package-04/recipe/pkg/mingw-w64-aarch64-openssl/mingwarm64/share/doc/openssl/html/man3/CTLOG_new.html
install doc/html/man3/CT_POLICY_EVAL_CTX_new.html -> /c/ag-openssl-e138-01/package-04/recipe/pkg/mingw-w64-aarch64-openssl/mingwarm64/share/doc/openssl/html/man3/CT_POLICY_EVAL_CTX_new.html
install doc/html/man3/DEFINE_STACK_OF.html -> /c/ag-openssl-e138-01/package-04/recipe/pkg/mingw-w64-aarch64-openssl/mingwarm64/share/doc/openssl/html/man3/DEFINE_STACK_OF.html
install doc/html/man3/DES_random_key.html -> /c/ag-openssl-e138-01/package-04/recipe/pkg/mingw-w64-aarch64-openssl/mingwarm64/share/doc/openssl/html/man3/DES_random_key.html
install doc/html/man3/DH_generate_key.html -> /c/ag-openssl-e138-01/package-04/recipe/pkg/mingw-w64-aarch64-openssl/mingwarm64/share/doc/openssl/html/man3/DH_generate_key.html
install doc/html/man3/DH_generate_parameters.html -> /c/ag-openssl-e138-01/package-04/recipe/pkg/mingw-w64-aarch64-openssl/mingwarm64/share/doc/openssl/html/man3/DH_generate_parameters.html
install doc/html/man3/DH_get0_pqg.html -> /c/ag-openssl-e138-01/package-04/recipe/pkg/mingw-w64-aarch64-openssl/mingwarm64/share/doc/openssl/html/man3/DH_get0_pqg.html
install doc/html/man3/DH_get_1024_160.html -> /c/ag-openssl-e138-01/package-04/recipe/pkg/mingw-w64-aarch64-openssl/mingwarm64/share/doc/openssl/html/man3/DH_get_1024_160.html
install doc/html/man3/DH_meth_new.html -> /c/ag-openssl-e138-01/package-04/recipe/pkg/mingw-w64-aarch64-openssl/mingwarm64/share/doc/openssl/html/man3/DH_meth_new.html
install doc/html/man3/DH_new.html -> /c/ag-openssl-e138-01/package-04/recipe/pkg/mingw-w64-aarch64-openssl/mingwarm64/share/doc/openssl/html/man3/DH_new.html
install doc/html/man3/DH_new_by_nid.html -> /c/ag-openssl-e138-01/package-04/recipe/pkg/mingw-w64-aarch64-openssl/mingwarm64/share/doc/openssl/html/man3/DH_new_by_nid.html
install doc/html/man3/DH_set_method.html -> /c/ag-openssl-e138-01/package-04/recipe/pkg/mingw-w64-aarch64-openssl/mingwarm64/share/doc/openssl/html/man3/DH_set_method.html
install doc/html/man3/DH_size.html -> /c/ag-openssl-e138-01/package-04/recipe/pkg/mingw-w64-aarch64-openssl/mingwarm64/share/doc/openssl/html/man3/DH_size.html
install doc/html/man3/DSA_SIG_new.html -> /c/ag-openssl-e138-01/package-04/recipe/pkg/mingw-w64-aarch64-openssl/mingwarm64/share/doc/openssl/html/man3/DSA_SIG_new.html
install doc/html/man3/DSA_do_sign.html -> /c/ag-openssl-e138-01/package-04/recipe/pkg/mingw-w64-aarch64-openssl/mingwarm64/share/doc/openssl/html/man3/DSA_do_sign.html
install doc/html/man3/DSA_dup_DH.html -> /c/ag-openssl-e138-01/package-04/recipe/pkg/mingw-w64-aarch64-openssl/mingwarm64/share/doc/openssl/html/man3/DSA_dup_DH.html
install doc/html/man3/DSA_generate_key.html -> /c/ag-openssl-e138-01/package-04/recipe/pkg/mingw-w64-aarch64-openssl/mingwarm64/share/doc/openssl/html/man3/DSA_generate_key.html
install doc/html/man3/DSA_generate_parameters.html -> /c/ag-openssl-e138-01/package-04/recipe/pkg/mingw-w64-aarch64-openssl/mingwarm64/share/doc/openssl/html/man3/DSA_generate_parameters.html
install doc/html/man3/DSA_get0_pqg.html -> /c/ag-openssl-e138-01/package-04/recipe/pkg/mingw-w64-aarch64-openssl/mingwarm64/share/doc/openssl/html/man3/DSA_get0_pqg.html
install doc/html/man3/DSA_meth_new.html -> /c/ag-openssl-e138-01/package-04/recipe/pkg/mingw-w64-aarch64-openssl/mingwarm64/share/doc/openssl/html/man3/DSA_meth_new.html
install doc/html/man3/DSA_new.html -> /c/ag-openssl-e138-01/package-04/recipe/pkg/mingw-w64-aarch64-openssl/mingwarm64/share/doc/openssl/html/man3/DSA_new.html
install doc/html/man3/DSA_set_method.html -> /c/ag-openssl-e138-01/package-04/recipe/pkg/mingw-w64-aarch64-openssl/mingwarm64/share/doc/openssl/html/man3/DSA_set_method.html
install doc/html/man3/DSA_sign.html -> /c/ag-openssl-e138-01/package-04/recipe/pkg/mingw-w64-aarch64-openssl/mingwarm64/share/doc/openssl/html/man3/DSA_sign.html
install doc/html/man3/DSA_size.html -> /c/ag-openssl-e138-01/package-04/recipe/pkg/mingw-w64-aarch64-openssl/mingwarm64/share/doc/openssl/html/man3/DSA_size.html
install doc/html/man3/DTLS_get_data_mtu.html -> /c/ag-openssl-e138-01/package-04/recipe/pkg/mingw-w64-aarch64-openssl/mingwarm64/share/doc/openssl/html/man3/DTLS_get_data_mtu.html
install doc/html/man3/DTLS_set_timer_cb.html -> /c/ag-openssl-e138-01/package-04/recipe/pkg/mingw-w64-aarch64-openssl/mingwarm64/share/doc/openssl/html/man3/DTLS_set_timer_cb.html
install doc/html/man3/DTLSv1_get_timeout.html -> /c/ag-openssl-e138-01/package-04/recipe/pkg/mingw-w64-aarch64-openssl/mingwarm64/share/doc/openssl/html/man3/DTLSv1_get_timeout.html
install doc/html/man3/DTLSv1_handle_timeout.html -> /c/ag-openssl-e138-01/package-04/recipe/pkg/mingw-w64-aarch64-openssl/mingwarm64/share/doc/openssl/html/man3/DTLSv1_handle_timeout.html
install doc/html/man3/DTLSv1_listen.html -> /c/ag-openssl-e138-01/package-04/recipe/pkg/mingw-w64-aarch64-openssl/mingwarm64/share/doc/openssl/html/man3/DTLSv1_listen.html
install doc/html/man3/ECDSA_SIG_new.html -> /c/ag-openssl-e138-01/package-04/recipe/pkg/mingw-w64-aarch64-openssl/mingwarm64/share/doc/openssl/html/man3/ECDSA_SIG_new.html
install doc/html/man3/ECDSA_sign.html -> /c/ag-openssl-e138-01/package-04/recipe/pkg/mingw-w64-aarch64-openssl/mingwarm64/share/doc/openssl/html/man3/ECDSA_sign.html
install doc/html/man3/ECPKParameters_print.html -> /c/ag-openssl-e138-01/package-04/recipe/pkg/mingw-w64-aarch64-openssl/mingwarm64/share/doc/openssl/html/man3/ECPKParameters_print.html
install doc/html/man3/EC_GFp_simple_method.html -> /c/ag-openssl-e138-01/package-04/recipe/pkg/mingw-w64-aarch64-openssl/mingwarm64/share/doc/openssl/html/man3/EC_GFp_simple_method.html
install doc/html/man3/EC_GROUP_copy.html -> /c/ag-openssl-e138-01/package-04/recipe/pkg/mingw-w64-aarch64-openssl/mingwarm64/share/doc/openssl/html/man3/EC_GROUP_copy.html
install doc/html/man3/EC_GROUP_new.html -> /c/ag-openssl-e138-01/package-04/recipe/pkg/mingw-w64-aarch64-openssl/mingwarm64/share/doc/openssl/html/man3/EC_GROUP_new.html
install doc/html/man3/EC_KEY_get_enc_flags.html -> /c/ag-openssl-e138-01/package-04/recipe/pkg/mingw-w64-aarch64-openssl/mingwarm64/share/doc/openssl/html/man3/EC_KEY_get_enc_flags.html
install doc/html/man3/EC_KEY_new.html -> /c/ag-openssl-e138-01/package-04/recipe/pkg/mingw-w64-aarch64-openssl/mingwarm64/share/doc/openssl/html/man3/EC_KEY_new.html
install doc/html/man3/EC_POINT_add.html -> /c/ag-openssl-e138-01/package-04/recipe/pkg/mingw-w64-aarch64-openssl/mingwarm64/share/doc/openssl/html/man3/EC_POINT_add.html
install doc/html/man3/EC_POINT_new.html -> /c/ag-openssl-e138-01/package-04/recipe/pkg/mingw-w64-aarch64-openssl/mingwarm64/share/doc/openssl/html/man3/EC_POINT_new.html
install doc/html/man3/ENGINE_add.html -> /c/ag-openssl-e138-01/package-04/recipe/pkg/mingw-w64-aarch64-openssl/mingwarm64/share/doc/openssl/html/man3/ENGINE_add.html
install doc/html/man3/ERR_GET_LIB.html -> /c/ag-openssl-e138-01/package-04/recipe/pkg/mingw-w64-aarch64-openssl/mingwarm64/share/doc/openssl/html/man3/ERR_GET_LIB.html
install doc/html/man3/ERR_clear_error.html -> /c/ag-openssl-e138-01/package-04/recipe/pkg/mingw-w64-aarch64-openssl/mingwarm64/share/doc/openssl/html/man3/ERR_clear_error.html
install doc/html/man3/ERR_error_string.html -> /c/ag-openssl-e138-01/package-04/recipe/pkg/mingw-w64-aarch64-openssl/mingwarm64/share/doc/openssl/html/man3/ERR_error_string.html
install doc/html/man3/ERR_get_error.html -> /c/ag-openssl-e138-01/package-04/recipe/pkg/mingw-w64-aarch64-openssl/mingwarm64/share/doc/openssl/html/man3/ERR_get_error.html
install doc/html/man3/ERR_load_crypto_strings.html -> /c/ag-openssl-e138-01/package-04/recipe/pkg/mingw-w64-aarch64-openssl/mingwarm64/share/doc/openssl/html/man3/ERR_load_crypto_strings.html
install doc/html/man3/ERR_load_strings.html -> /c/ag-openssl-e138-01/package-04/recipe/pkg/mingw-w64-aarch64-openssl/mingwarm64/share/doc/openssl/html/man3/ERR_load_strings.html
install doc/html/man3/ERR_new.html -> /c/ag-openssl-e138-01/package-04/recipe/pkg/mingw-w64-aarch64-openssl/mingwarm64/share/doc/openssl/html/man3/ERR_new.html
install doc/html/man3/ERR_print_errors.html -> /c/ag-openssl-e138-01/package-04/recipe/pkg/mingw-w64-aarch64-openssl/mingwarm64/share/doc/openssl/html/man3/ERR_print_errors.html
install doc/html/man3/ERR_put_error.html -> /c/ag-openssl-e138-01/package-04/recipe/pkg/mingw-w64-aarch64-openssl/mingwarm64/share/doc/openssl/html/man3/ERR_put_error.html
install doc/html/man3/ERR_remove_state.html -> /c/ag-openssl-e138-01/package-04/recipe/pkg/mingw-w64-aarch64-openssl/mingwarm64/share/doc/openssl/html/man3/ERR_remove_state.html
install doc/html/man3/ERR_set_mark.html -> /c/ag-openssl-e138-01/package-04/recipe/pkg/mingw-w64-aarch64-openssl/mingwarm64/share/doc/openssl/html/man3/ERR_set_mark.html
install doc/html/man3/EVP_ASYM_CIPHER_free.html -> /c/ag-openssl-e138-01/package-04/recipe/pkg/mingw-w64-aarch64-openssl/mingwarm64/share/doc/openssl/html/man3/EVP_ASYM_CIPHER_free.html
install doc/html/man3/EVP_BytesToKey.html -> /c/ag-openssl-e138-01/package-04/recipe/pkg/mingw-w64-aarch64-openssl/mingwarm64/share/doc/openssl/html/man3/EVP_BytesToKey.html
install doc/html/man3/EVP_CIPHER_CTX_get_app_data.html -> /c/ag-openssl-e138-01/package-04/recipe/pkg/mingw-w64-aarch64-openssl/mingwarm64/share/doc/openssl/html/man3/EVP_CIPHER_CTX_get_app_data.html
install doc/html/man3/EVP_CIPHER_CTX_get_cipher_data.html -> /c/ag-openssl-e138-01/package-04/recipe/pkg/mingw-w64-aarch64-openssl/mingwarm64/share/doc/openssl/html/man3/EVP_CIPHER_CTX_get_cipher_data.html
install doc/html/man3/EVP_CIPHER_CTX_get_original_iv.html -> /c/ag-openssl-e138-01/package-04/recipe/pkg/mingw-w64-aarch64-openssl/mingwarm64/share/doc/openssl/html/man3/EVP_CIPHER_CTX_get_original_iv.html
install doc/html/man3/EVP_CIPHER_meth_new.html -> /c/ag-openssl-e138-01/package-04/recipe/pkg/mingw-w64-aarch64-openssl/mingwarm64/share/doc/openssl/html/man3/EVP_CIPHER_meth_new.html
install doc/html/man3/EVP_DigestInit.html -> /c/ag-openssl-e138-01/package-04/recipe/pkg/mingw-w64-aarch64-openssl/mingwarm64/share/doc/openssl/html/man3/EVP_DigestInit.html
install doc/html/man3/EVP_DigestSignInit.html -> /c/ag-openssl-e138-01/package-04/recipe/pkg/mingw-w64-aarch64-openssl/mingwarm64/share/doc/openssl/html/man3/EVP_DigestSignInit.html
install doc/html/man3/EVP_DigestVerifyInit.html -> /c/ag-openssl-e138-01/package-04/recipe/pkg/mingw-w64-aarch64-openssl/mingwarm64/share/doc/openssl/html/man3/EVP_DigestVerifyInit.html
install doc/html/man3/EVP_EncodeInit.html -> /c/ag-openssl-e138-01/package-04/recipe/pkg/mingw-w64-aarch64-openssl/mingwarm64/share/doc/openssl/html/man3/EVP_EncodeInit.html
install doc/html/man3/EVP_EncryptInit.html -> /c/ag-openssl-e138-01/package-04/recipe/pkg/mingw-w64-aarch64-openssl/mingwarm64/share/doc/openssl/html/man3/EVP_EncryptInit.html
install doc/html/man3/EVP_KDF.html -> /c/ag-openssl-e138-01/package-04/recipe/pkg/mingw-w64-aarch64-openssl/mingwarm64/share/doc/openssl/html/man3/EVP_KDF.html
install doc/html/man3/EVP_KEM_free.html -> /c/ag-openssl-e138-01/package-04/recipe/pkg/mingw-w64-aarch64-openssl/mingwarm64/share/doc/openssl/html/man3/EVP_KEM_free.html
install doc/html/man3/EVP_KEYEXCH_free.html -> /c/ag-openssl-e138-01/package-04/recipe/pkg/mingw-w64-aarch64-openssl/mingwarm64/share/doc/openssl/html/man3/EVP_KEYEXCH_free.html
install doc/html/man3/EVP_KEYMGMT.html -> /c/ag-openssl-e138-01/package-04/recipe/pkg/mingw-w64-aarch64-openssl/mingwarm64/share/doc/openssl/html/man3/EVP_KEYMGMT.html
install doc/html/man3/EVP_MAC.html -> /c/ag-openssl-e138-01/package-04/recipe/pkg/mingw-w64-aarch64-openssl/mingwarm64/share/doc/openssl/html/man3/EVP_MAC.html
install doc/html/man3/EVP_MD_meth_new.html -> /c/ag-openssl-e138-01/package-04/recipe/pkg/mingw-w64-aarch64-openssl/mingwarm64/share/doc/openssl/html/man3/EVP_MD_meth_new.html
install doc/html/man3/EVP_OpenInit.html -> /c/ag-openssl-e138-01/package-04/recipe/pkg/mingw-w64-aarch64-openssl/mingwarm64/share/doc/openssl/html/man3/EVP_OpenInit.html
install doc/html/man3/EVP_PBE_CipherInit.html -> /c/ag-openssl-e138-01/package-04/recipe/pkg/mingw-w64-aarch64-openssl/mingwarm64/share/doc/openssl/html/man3/EVP_PBE_CipherInit.html
install doc/html/man3/EVP_PKEY2PKCS8.html -> /c/ag-openssl-e138-01/package-04/recipe/pkg/mingw-w64-aarch64-openssl/mingwarm64/share/doc/openssl/html/man3/EVP_PKEY2PKCS8.html
install doc/html/man3/EVP_PKEY_ASN1_METHOD.html -> /c/ag-openssl-e138-01/package-04/recipe/pkg/mingw-w64-aarch64-openssl/mingwarm64/share/doc/openssl/html/man3/EVP_PKEY_ASN1_METHOD.html
install doc/html/man3/EVP_PKEY_CTX_ctrl.html -> /c/ag-openssl-e138-01/package-04/recipe/pkg/mingw-w64-aarch64-openssl/mingwarm64/share/doc/openssl/html/man3/EVP_PKEY_CTX_ctrl.html
install doc/html/man3/EVP_PKEY_CTX_get0_libctx.html -> /c/ag-openssl-e138-01/package-04/recipe/pkg/mingw-w64-aarch64-openssl/mingwarm64/share/doc/openssl/html/man3/EVP_PKEY_CTX_get0_libctx.html
install doc/html/man3/EVP_PKEY_CTX_get0_pkey.html -> /c/ag-openssl-e138-01/package-04/recipe/pkg/mingw-w64-aarch64-openssl/mingwarm64/share/doc/openssl/html/man3/EVP_PKEY_CTX_get0_pkey.html
install doc/html/man3/EVP_PKEY_CTX_get_algor.html -> /c/ag-openssl-e138-01/package-04/recipe/pkg/mingw-w64-aarch64-openssl/mingwarm64/share/doc/openssl/html/man3/EVP_PKEY_CTX_get_algor.html
install doc/html/man3/EVP_PKEY_CTX_new.html -> /c/ag-openssl-e138-01/package-04/recipe/pkg/mingw-w64-aarch64-openssl/mingwarm64/share/doc/openssl/html/man3/EVP_PKEY_CTX_new.html
install doc/html/man3/EVP_PKEY_CTX_set1_pbe_pass.html -> /c/ag-openssl-e138-01/package-04/recipe/pkg/mingw-w64-aarch64-openssl/mingwarm64/share/doc/openssl/html/man3/EVP_PKEY_CTX_set1_pbe_pass.html
install doc/html/man3/EVP_PKEY_CTX_set_hkdf_md.html -> /c/ag-openssl-e138-01/package-04/recipe/pkg/mingw-w64-aarch64-openssl/mingwarm64/share/doc/openssl/html/man3/EVP_PKEY_CTX_set_hkdf_md.html
install doc/html/man3/EVP_PKEY_CTX_set_params.html -> /c/ag-openssl-e138-01/package-04/recipe/pkg/mingw-w64-aarch64-openssl/mingwarm64/share/doc/openssl/html/man3/EVP_PKEY_CTX_set_params.html
install doc/html/man3/EVP_PKEY_CTX_set_rsa_pss_keygen_md.html -> /c/ag-openssl-e138-01/package-04/recipe/pkg/mingw-w64-aarch64-openssl/mingwarm64/share/doc/openssl/html/man3/EVP_PKEY_CTX_set_rsa_pss_keygen_md.html
install doc/html/man3/EVP_PKEY_CTX_set_scrypt_N.html -> /c/ag-openssl-e138-01/package-04/recipe/pkg/mingw-w64-aarch64-openssl/mingwarm64/share/doc/openssl/html/man3/EVP_PKEY_CTX_set_scrypt_N.html
install doc/html/man3/EVP_PKEY_CTX_set_tls1_prf_md.html -> /c/ag-openssl-e138-01/package-04/recipe/pkg/mingw-w64-aarch64-openssl/mingwarm64/share/doc/openssl/html/man3/EVP_PKEY_CTX_set_tls1_prf_md.html
install doc/html/man3/EVP_PKEY_asn1_get_count.html -> /c/ag-openssl-e138-01/package-04/recipe/pkg/mingw-w64-aarch64-openssl/mingwarm64/share/doc/openssl/html/man3/EVP_PKEY_asn1_get_count.html
install doc/html/man3/EVP_PKEY_check.html -> /c/ag-openssl-e138-01/package-04/recipe/pkg/mingw-w64-aarch64-openssl/mingwarm64/share/doc/openssl/html/man3/EVP_PKEY_check.html
install doc/html/man3/EVP_PKEY_copy_parameters.html -> /c/ag-openssl-e138-01/package-04/recipe/pkg/mingw-w64-aarch64-openssl/mingwarm64/share/doc/openssl/html/man3/EVP_PKEY_copy_parameters.html
install doc/html/man3/EVP_PKEY_decapsulate.html -> /c/ag-openssl-e138-01/package-04/recipe/pkg/mingw-w64-aarch64-openssl/mingwarm64/share/doc/openssl/html/man3/EVP_PKEY_decapsulate.html
install doc/html/man3/EVP_PKEY_decrypt.html -> /c/ag-openssl-e138-01/package-04/recipe/pkg/mingw-w64-aarch64-openssl/mingwarm64/share/doc/openssl/html/man3/EVP_PKEY_decrypt.html
install doc/html/man3/EVP_PKEY_derive.html -> /c/ag-openssl-e138-01/package-04/recipe/pkg/mingw-w64-aarch64-openssl/mingwarm64/share/doc/openssl/html/man3/EVP_PKEY_derive.html
install doc/html/man3/EVP_PKEY_digestsign_supports_digest.html -> /c/ag-openssl-e138-01/package-04/recipe/pkg/mingw-w64-aarch64-openssl/mingwarm64/share/doc/openssl/html/man3/EVP_PKEY_digestsign_supports_digest.html
install doc/html/man3/EVP_PKEY_encapsulate.html -> /c/ag-openssl-e138-01/package-04/recipe/pkg/mingw-w64-aarch64-openssl/mingwarm64/share/doc/openssl/html/man3/EVP_PKEY_encapsulate.html
install doc/html/man3/EVP_PKEY_encrypt.html -> /c/ag-openssl-e138-01/package-04/recipe/pkg/mingw-w64-aarch64-openssl/mingwarm64/share/doc/openssl/html/man3/EVP_PKEY_encrypt.html
install doc/html/man3/EVP_PKEY_fromdata.html -> /c/ag-openssl-e138-01/package-04/recipe/pkg/mingw-w64-aarch64-openssl/mingwarm64/share/doc/openssl/html/man3/EVP_PKEY_fromdata.html
install doc/html/man3/EVP_PKEY_get_attr.html -> /c/ag-openssl-e138-01/package-04/recipe/pkg/mingw-w64-aarch64-openssl/mingwarm64/share/doc/openssl/html/man3/EVP_PKEY_get_attr.html
install doc/html/man3/EVP_PKEY_get_default_digest_nid.html -> /c/ag-openssl-e138-01/package-04/recipe/pkg/mingw-w64-aarch64-openssl/mingwarm64/share/doc/openssl/html/man3/EVP_PKEY_get_default_digest_nid.html
install doc/html/man3/EVP_PKEY_get_field_type.html -> /c/ag-openssl-e138-01/package-04/recipe/pkg/mingw-w64-aarch64-openssl/mingwarm64/share/doc/openssl/html/man3/EVP_PKEY_get_field_type.html
install doc/html/man3/EVP_PKEY_get_group_name.html -> /c/ag-openssl-e138-01/package-04/recipe/pkg/mingw-w64-aarch64-openssl/mingwarm64/share/doc/openssl/html/man3/EVP_PKEY_get_group_name.html
install doc/html/man3/EVP_PKEY_get_size.html -> /c/ag-openssl-e138-01/package-04/recipe/pkg/mingw-w64-aarch64-openssl/mingwarm64/share/doc/openssl/html/man3/EVP_PKEY_get_size.html
install doc/html/man3/EVP_PKEY_gettable_params.html -> /c/ag-openssl-e138-01/package-04/recipe/pkg/mingw-w64-aarch64-openssl/mingwarm64/share/doc/openssl/html/man3/EVP_PKEY_gettable_params.html
install doc/html/man3/EVP_PKEY_is_a.html -> /c/ag-openssl-e138-01/package-04/recipe/pkg/mingw-w64-aarch64-openssl/mingwarm64/share/doc/openssl/html/man3/EVP_PKEY_is_a.html
install doc/html/man3/EVP_PKEY_keygen.html -> /c/ag-openssl-e138-01/package-04/recipe/pkg/mingw-w64-aarch64-openssl/mingwarm64/share/doc/openssl/html/man3/EVP_PKEY_keygen.html
install doc/html/man3/EVP_PKEY_meth_get_count.html -> /c/ag-openssl-e138-01/package-04/recipe/pkg/mingw-w64-aarch64-openssl/mingwarm64/share/doc/openssl/html/man3/EVP_PKEY_meth_get_count.html
install doc/html/man3/EVP_PKEY_meth_new.html -> /c/ag-openssl-e138-01/package-04/recipe/pkg/mingw-w64-aarch64-openssl/mingwarm64/share/doc/openssl/html/man3/EVP_PKEY_meth_new.html
install doc/html/man3/EVP_PKEY_new.html -> /c/ag-openssl-e138-01/package-04/recipe/pkg/mingw-w64-aarch64-openssl/mingwarm64/share/doc/openssl/html/man3/EVP_PKEY_new.html
install doc/html/man3/EVP_PKEY_print_private.html -> /c/ag-openssl-e138-01/package-04/recipe/pkg/mingw-w64-aarch64-openssl/mingwarm64/share/doc/openssl/html/man3/EVP_PKEY_print_private.html
install doc/html/man3/EVP_PKEY_set1_RSA.html -> /c/ag-openssl-e138-01/package-04/recipe/pkg/mingw-w64-aarch64-openssl/mingwarm64/share/doc/openssl/html/man3/EVP_PKEY_set1_RSA.html
install doc/html/man3/EVP_PKEY_set1_encoded_public_key.html -> /c/ag-openssl-e138-01/package-04/recipe/pkg/mingw-w64-aarch64-openssl/mingwarm64/share/doc/openssl/html/man3/EVP_PKEY_set1_encoded_public_key.html
install doc/html/man3/EVP_PKEY_set_type.html -> /c/ag-openssl-e138-01/package-04/recipe/pkg/mingw-w64-aarch64-openssl/mingwarm64/share/doc/openssl/html/man3/EVP_PKEY_set_type.html
install doc/html/man3/EVP_PKEY_settable_params.html -> /c/ag-openssl-e138-01/package-04/recipe/pkg/mingw-w64-aarch64-openssl/mingwarm64/share/doc/openssl/html/man3/EVP_PKEY_settable_params.html
install doc/html/man3/EVP_PKEY_sign.html -> /c/ag-openssl-e138-01/package-04/recipe/pkg/mingw-w64-aarch64-openssl/mingwarm64/share/doc/openssl/html/man3/EVP_PKEY_sign.html
install doc/html/man3/EVP_PKEY_todata.html -> /c/ag-openssl-e138-01/package-04/recipe/pkg/mingw-w64-aarch64-openssl/mingwarm64/share/doc/openssl/html/man3/EVP_PKEY_todata.html
install doc/html/man3/EVP_PKEY_verify.html -> /c/ag-openssl-e138-01/package-04/recipe/pkg/mingw-w64-aarch64-openssl/mingwarm64/share/doc/openssl/html/man3/EVP_PKEY_verify.html
install doc/html/man3/EVP_PKEY_verify_recover.html -> /c/ag-openssl-e138-01/package-04/recipe/pkg/mingw-w64-aarch64-openssl/mingwarm64/share/doc/openssl/html/man3/EVP_PKEY_verify_recover.html
install doc/html/man3/EVP_RAND.html -> /c/ag-openssl-e138-01/package-04/recipe/pkg/mingw-w64-aarch64-openssl/mingwarm64/share/doc/openssl/html/man3/EVP_RAND.html
install doc/html/man3/EVP_SIGNATURE.html -> /c/ag-openssl-e138-01/package-04/recipe/pkg/mingw-w64-aarch64-openssl/mingwarm64/share/doc/openssl/html/man3/EVP_SIGNATURE.html
install doc/html/man3/EVP_SKEY.html -> /c/ag-openssl-e138-01/package-04/recipe/pkg/mingw-w64-aarch64-openssl/mingwarm64/share/doc/openssl/html/man3/EVP_SKEY.html
install doc/html/man3/EVP_SKEYMGMT.html -> /c/ag-openssl-e138-01/package-04/recipe/pkg/mingw-w64-aarch64-openssl/mingwarm64/share/doc/openssl/html/man3/EVP_SKEYMGMT.html
install doc/html/man3/EVP_SealInit.html -> /c/ag-openssl-e138-01/package-04/recipe/pkg/mingw-w64-aarch64-openssl/mingwarm64/share/doc/openssl/html/man3/EVP_SealInit.html
install doc/html/man3/EVP_SignInit.html -> /c/ag-openssl-e138-01/package-04/recipe/pkg/mingw-w64-aarch64-openssl/mingwarm64/share/doc/openssl/html/man3/EVP_SignInit.html
install doc/html/man3/EVP_VerifyInit.html -> /c/ag-openssl-e138-01/package-04/recipe/pkg/mingw-w64-aarch64-openssl/mingwarm64/share/doc/openssl/html/man3/EVP_VerifyInit.html
install doc/html/man3/EVP_aes_128_gcm.html -> /c/ag-openssl-e138-01/package-04/recipe/pkg/mingw-w64-aarch64-openssl/mingwarm64/share/doc/openssl/html/man3/EVP_aes_128_gcm.html
install doc/html/man3/EVP_aria_128_gcm.html -> /c/ag-openssl-e138-01/package-04/recipe/pkg/mingw-w64-aarch64-openssl/mingwarm64/share/doc/openssl/html/man3/EVP_aria_128_gcm.html
install doc/html/man3/EVP_bf_cbc.html -> /c/ag-openssl-e138-01/package-04/recipe/pkg/mingw-w64-aarch64-openssl/mingwarm64/share/doc/openssl/html/man3/EVP_bf_cbc.html
install doc/html/man3/EVP_blake2b512.html -> /c/ag-openssl-e138-01/package-04/recipe/pkg/mingw-w64-aarch64-openssl/mingwarm64/share/doc/openssl/html/man3/EVP_blake2b512.html
install doc/html/man3/EVP_camellia_128_ecb.html -> /c/ag-openssl-e138-01/package-04/recipe/pkg/mingw-w64-aarch64-openssl/mingwarm64/share/doc/openssl/html/man3/EVP_camellia_128_ecb.html
install doc/html/man3/EVP_cast5_cbc.html -> /c/ag-openssl-e138-01/package-04/recipe/pkg/mingw-w64-aarch64-openssl/mingwarm64/share/doc/openssl/html/man3/EVP_cast5_cbc.html
install doc/html/man3/EVP_chacha20.html -> /c/ag-openssl-e138-01/package-04/recipe/pkg/mingw-w64-aarch64-openssl/mingwarm64/share/doc/openssl/html/man3/EVP_chacha20.html
install doc/html/man3/EVP_des_cbc.html -> /c/ag-openssl-e138-01/package-04/recipe/pkg/mingw-w64-aarch64-openssl/mingwarm64/share/doc/openssl/html/man3/EVP_des_cbc.html
install doc/html/man3/EVP_desx_cbc.html -> /c/ag-openssl-e138-01/package-04/recipe/pkg/mingw-w64-aarch64-openssl/mingwarm64/share/doc/openssl/html/man3/EVP_desx_cbc.html
install doc/html/man3/EVP_idea_cbc.html -> /c/ag-openssl-e138-01/package-04/recipe/pkg/mingw-w64-aarch64-openssl/mingwarm64/share/doc/openssl/html/man3/EVP_idea_cbc.html
install doc/html/man3/EVP_md2.html -> /c/ag-openssl-e138-01/package-04/recipe/pkg/mingw-w64-aarch64-openssl/mingwarm64/share/doc/openssl/html/man3/EVP_md2.html
install doc/html/man3/EVP_md4.html -> /c/ag-openssl-e138-01/package-04/recipe/pkg/mingw-w64-aarch64-openssl/mingwarm64/share/doc/openssl/html/man3/EVP_md4.html
install doc/html/man3/EVP_md5.html -> /c/ag-openssl-e138-01/package-04/recipe/pkg/mingw-w64-aarch64-openssl/mingwarm64/share/doc/openssl/html/man3/EVP_md5.html
install doc/html/man3/EVP_mdc2.html -> /c/ag-openssl-e138-01/package-04/recipe/pkg/mingw-w64-aarch64-openssl/mingwarm64/share/doc/openssl/html/man3/EVP_mdc2.html
install doc/html/man3/EVP_rc2_cbc.html -> /c/ag-openssl-e138-01/package-04/recipe/pkg/mingw-w64-aarch64-openssl/mingwarm64/share/doc/openssl/html/man3/EVP_rc2_cbc.html
install doc/html/man3/EVP_rc4.html -> /c/ag-openssl-e138-01/package-04/recipe/pkg/mingw-w64-aarch64-openssl/mingwarm64/share/doc/openssl/html/man3/EVP_rc4.html
install doc/html/man3/EVP_rc5_32_12_16_cbc.html -> /c/ag-openssl-e138-01/package-04/recipe/pkg/mingw-w64-aarch64-openssl/mingwarm64/share/doc/openssl/html/man3/EVP_rc5_32_12_16_cbc.html
install doc/html/man3/EVP_ripemd160.html -> /c/ag-openssl-e138-01/package-04/recipe/pkg/mingw-w64-aarch64-openssl/mingwarm64/share/doc/openssl/html/man3/EVP_ripemd160.html
install doc/html/man3/EVP_seed_cbc.html -> /c/ag-openssl-e138-01/package-04/recipe/pkg/mingw-w64-aarch64-openssl/mingwarm64/share/doc/openssl/html/man3/EVP_seed_cbc.html
install doc/html/man3/EVP_set_default_properties.html -> /c/ag-openssl-e138-01/package-04/recipe/pkg/mingw-w64-aarch64-openssl/mingwarm64/share/doc/openssl/html/man3/EVP_set_default_properties.html
install doc/html/man3/EVP_sha1.html -> /c/ag-openssl-e138-01/package-04/recipe/pkg/mingw-w64-aarch64-openssl/mingwarm64/share/doc/openssl/html/man3/EVP_sha1.html
install doc/html/man3/EVP_sha224.html -> /c/ag-openssl-e138-01/package-04/recipe/pkg/mingw-w64-aarch64-openssl/mingwarm64/share/doc/openssl/html/man3/EVP_sha224.html
install doc/html/man3/EVP_sha3_224.html -> /c/ag-openssl-e138-01/package-04/recipe/pkg/mingw-w64-aarch64-openssl/mingwarm64/share/doc/openssl/html/man3/EVP_sha3_224.html
install doc/html/man3/EVP_sm3.html -> /c/ag-openssl-e138-01/package-04/recipe/pkg/mingw-w64-aarch64-openssl/mingwarm64/share/doc/openssl/html/man3/EVP_sm3.html
install doc/html/man3/EVP_sm4_cbc.html -> /c/ag-openssl-e138-01/package-04/recipe/pkg/mingw-w64-aarch64-openssl/mingwarm64/share/doc/openssl/html/man3/EVP_sm4_cbc.html
install doc/html/man3/EVP_whirlpool.html -> /c/ag-openssl-e138-01/package-04/recipe/pkg/mingw-w64-aarch64-openssl/mingwarm64/share/doc/openssl/html/man3/EVP_whirlpool.html
install doc/html/man3/GENERAL_NAME.html -> /c/ag-openssl-e138-01/package-04/recipe/pkg/mingw-w64-aarch64-openssl/mingwarm64/share/doc/openssl/html/man3/GENERAL_NAME.html
install doc/html/man3/HMAC.html -> /c/ag-openssl-e138-01/package-04/recipe/pkg/mingw-w64-aarch64-openssl/mingwarm64/share/doc/openssl/html/man3/HMAC.html
install doc/html/man3/MD5.html -> /c/ag-openssl-e138-01/package-04/recipe/pkg/mingw-w64-aarch64-openssl/mingwarm64/share/doc/openssl/html/man3/MD5.html
install doc/html/man3/MDC2_Init.html -> /c/ag-openssl-e138-01/package-04/recipe/pkg/mingw-w64-aarch64-openssl/mingwarm64/share/doc/openssl/html/man3/MDC2_Init.html
install doc/html/man3/NAME_CONSTRAINTS_check.html -> /c/ag-openssl-e138-01/package-04/recipe/pkg/mingw-w64-aarch64-openssl/mingwarm64/share/doc/openssl/html/man3/NAME_CONSTRAINTS_check.html
install doc/html/man3/NCONF_new_ex.html -> /c/ag-openssl-e138-01/package-04/recipe/pkg/mingw-w64-aarch64-openssl/mingwarm64/share/doc/openssl/html/man3/NCONF_new_ex.html
install doc/html/man3/OBJ_nid2obj.html -> /c/ag-openssl-e138-01/package-04/recipe/pkg/mingw-w64-aarch64-openssl/mingwarm64/share/doc/openssl/html/man3/OBJ_nid2obj.html
install doc/html/man3/OCSP_REQUEST_new.html -> /c/ag-openssl-e138-01/package-04/recipe/pkg/mingw-w64-aarch64-openssl/mingwarm64/share/doc/openssl/html/man3/OCSP_REQUEST_new.html
install doc/html/man3/OCSP_cert_to_id.html -> /c/ag-openssl-e138-01/package-04/recipe/pkg/mingw-w64-aarch64-openssl/mingwarm64/share/doc/openssl/html/man3/OCSP_cert_to_id.html
install doc/html/man3/OCSP_request_add1_nonce.html -> /c/ag-openssl-e138-01/package-04/recipe/pkg/mingw-w64-aarch64-openssl/mingwarm64/share/doc/openssl/html/man3/OCSP_request_add1_nonce.html
install doc/html/man3/OCSP_resp_find_status.html -> /c/ag-openssl-e138-01/package-04/recipe/pkg/mingw-w64-aarch64-openssl/mingwarm64/share/doc/openssl/html/man3/OCSP_resp_find_status.html
install doc/html/man3/OCSP_response_status.html -> /c/ag-openssl-e138-01/package-04/recipe/pkg/mingw-w64-aarch64-openssl/mingwarm64/share/doc/openssl/html/man3/OCSP_response_status.html
install doc/html/man3/OCSP_sendreq_new.html -> /c/ag-openssl-e138-01/package-04/recipe/pkg/mingw-w64-aarch64-openssl/mingwarm64/share/doc/openssl/html/man3/OCSP_sendreq_new.html
install doc/html/man3/OPENSSL_Applink.html -> /c/ag-openssl-e138-01/package-04/recipe/pkg/mingw-w64-aarch64-openssl/mingwarm64/share/doc/openssl/html/man3/OPENSSL_Applink.html
install doc/html/man3/OPENSSL_FILE.html -> /c/ag-openssl-e138-01/package-04/recipe/pkg/mingw-w64-aarch64-openssl/mingwarm64/share/doc/openssl/html/man3/OPENSSL_FILE.html
install doc/html/man3/OPENSSL_LH_COMPFUNC.html -> /c/ag-openssl-e138-01/package-04/recipe/pkg/mingw-w64-aarch64-openssl/mingwarm64/share/doc/openssl/html/man3/OPENSSL_LH_COMPFUNC.html
install doc/html/man3/OPENSSL_LH_stats.html -> /c/ag-openssl-e138-01/package-04/recipe/pkg/mingw-w64-aarch64-openssl/mingwarm64/share/doc/openssl/html/man3/OPENSSL_LH_stats.html
install doc/html/man3/OPENSSL_armcap.html -> /c/ag-openssl-e138-01/package-04/recipe/pkg/mingw-w64-aarch64-openssl/mingwarm64/share/doc/openssl/html/man3/OPENSSL_armcap.html
install doc/html/man3/OPENSSL_config.html -> /c/ag-openssl-e138-01/package-04/recipe/pkg/mingw-w64-aarch64-openssl/mingwarm64/share/doc/openssl/html/man3/OPENSSL_config.html
install doc/html/man3/OPENSSL_fork_prepare.html -> /c/ag-openssl-e138-01/package-04/recipe/pkg/mingw-w64-aarch64-openssl/mingwarm64/share/doc/openssl/html/man3/OPENSSL_fork_prepare.html
install doc/html/man3/OPENSSL_gmtime.html -> /c/ag-openssl-e138-01/package-04/recipe/pkg/mingw-w64-aarch64-openssl/mingwarm64/share/doc/openssl/html/man3/OPENSSL_gmtime.html
install doc/html/man3/OPENSSL_hexchar2int.html -> /c/ag-openssl-e138-01/package-04/recipe/pkg/mingw-w64-aarch64-openssl/mingwarm64/share/doc/openssl/html/man3/OPENSSL_hexchar2int.html
install doc/html/man3/OPENSSL_ia32cap.html -> /c/ag-openssl-e138-01/package-04/recipe/pkg/mingw-w64-aarch64-openssl/mingwarm64/share/doc/openssl/html/man3/OPENSSL_ia32cap.html
install doc/html/man3/OPENSSL_init_crypto.html -> /c/ag-openssl-e138-01/package-04/recipe/pkg/mingw-w64-aarch64-openssl/mingwarm64/share/doc/openssl/html/man3/OPENSSL_init_crypto.html
install doc/html/man3/OPENSSL_init_ssl.html -> /c/ag-openssl-e138-01/package-04/recipe/pkg/mingw-w64-aarch64-openssl/mingwarm64/share/doc/openssl/html/man3/OPENSSL_init_ssl.html
install doc/html/man3/OPENSSL_instrument_bus.html -> /c/ag-openssl-e138-01/package-04/recipe/pkg/mingw-w64-aarch64-openssl/mingwarm64/share/doc/openssl/html/man3/OPENSSL_instrument_bus.html
install doc/html/man3/OPENSSL_load_builtin_modules.html -> /c/ag-openssl-e138-01/package-04/recipe/pkg/mingw-w64-aarch64-openssl/mingwarm64/share/doc/openssl/html/man3/OPENSSL_load_builtin_modules.html
install doc/html/man3/OPENSSL_load_u16_le.html -> /c/ag-openssl-e138-01/package-04/recipe/pkg/mingw-w64-aarch64-openssl/mingwarm64/share/doc/openssl/html/man3/OPENSSL_load_u16_le.html
install doc/html/man3/OPENSSL_malloc.html -> /c/ag-openssl-e138-01/package-04/recipe/pkg/mingw-w64-aarch64-openssl/mingwarm64/share/doc/openssl/html/man3/OPENSSL_malloc.html
install doc/html/man3/OPENSSL_ppccap.html -> /c/ag-openssl-e138-01/package-04/recipe/pkg/mingw-w64-aarch64-openssl/mingwarm64/share/doc/openssl/html/man3/OPENSSL_ppccap.html
install doc/html/man3/OPENSSL_riscvcap.html -> /c/ag-openssl-e138-01/package-04/recipe/pkg/mingw-w64-aarch64-openssl/mingwarm64/share/doc/openssl/html/man3/OPENSSL_riscvcap.html
install doc/html/man3/OPENSSL_s390xcap.html -> /c/ag-openssl-e138-01/package-04/recipe/pkg/mingw-w64-aarch64-openssl/mingwarm64/share/doc/openssl/html/man3/OPENSSL_s390xcap.html
install doc/html/man3/OPENSSL_secure_malloc.html -> /c/ag-openssl-e138-01/package-04/recipe/pkg/mingw-w64-aarch64-openssl/mingwarm64/share/doc/openssl/html/man3/OPENSSL_secure_malloc.html
install doc/html/man3/OPENSSL_strcasecmp.html -> /c/ag-openssl-e138-01/package-04/recipe/pkg/mingw-w64-aarch64-openssl/mingwarm64/share/doc/openssl/html/man3/OPENSSL_strcasecmp.html
install doc/html/man3/OSSL_ALGORITHM.html -> /c/ag-openssl-e138-01/package-04/recipe/pkg/mingw-w64-aarch64-openssl/mingwarm64/share/doc/openssl/html/man3/OSSL_ALGORITHM.html
install doc/html/man3/OSSL_CALLBACK.html -> /c/ag-openssl-e138-01/package-04/recipe/pkg/mingw-w64-aarch64-openssl/mingwarm64/share/doc/openssl/html/man3/OSSL_CALLBACK.html
install doc/html/man3/OSSL_CMP_ATAV_set0.html -> /c/ag-openssl-e138-01/package-04/recipe/pkg/mingw-w64-aarch64-openssl/mingwarm64/share/doc/openssl/html/man3/OSSL_CMP_ATAV_set0.html
install doc/html/man3/OSSL_CMP_CTX_new.html -> /c/ag-openssl-e138-01/package-04/recipe/pkg/mingw-w64-aarch64-openssl/mingwarm64/share/doc/openssl/html/man3/OSSL_CMP_CTX_new.html
install doc/html/man3/OSSL_CMP_HDR_get0_transactionID.html -> /c/ag-openssl-e138-01/package-04/recipe/pkg/mingw-w64-aarch64-openssl/mingwarm64/share/doc/openssl/html/man3/OSSL_CMP_HDR_get0_transactionID.html
install doc/html/man3/OSSL_CMP_ITAV_new_caCerts.html -> /c/ag-openssl-e138-01/package-04/recipe/pkg/mingw-w64-aarch64-openssl/mingwarm64/share/doc/openssl/html/man3/OSSL_CMP_ITAV_new_caCerts.html
install doc/html/man3/OSSL_CMP_ITAV_set0.html -> /c/ag-openssl-e138-01/package-04/recipe/pkg/mingw-w64-aarch64-openssl/mingwarm64/share/doc/openssl/html/man3/OSSL_CMP_ITAV_set0.html
install doc/html/man3/OSSL_CMP_MSG_get0_header.html -> /c/ag-openssl-e138-01/package-04/recipe/pkg/mingw-w64-aarch64-openssl/mingwarm64/share/doc/openssl/html/man3/OSSL_CMP_MSG_get0_header.html
install doc/html/man3/OSSL_CMP_MSG_http_perform.html -> /c/ag-openssl-e138-01/package-04/recipe/pkg/mingw-w64-aarch64-openssl/mingwarm64/share/doc/openssl/html/man3/OSSL_CMP_MSG_http_perform.html
install doc/html/man3/OSSL_CMP_SRV_CTX_new.html -> /c/ag-openssl-e138-01/package-04/recipe/pkg/mingw-w64-aarch64-openssl/mingwarm64/share/doc/openssl/html/man3/OSSL_CMP_SRV_CTX_new.html
install doc/html/man3/OSSL_CMP_STATUSINFO_new.html -> /c/ag-openssl-e138-01/package-04/recipe/pkg/mingw-w64-aarch64-openssl/mingwarm64/share/doc/openssl/html/man3/OSSL_CMP_STATUSINFO_new.html
install doc/html/man3/OSSL_CMP_exec_certreq.html -> /c/ag-openssl-e138-01/package-04/recipe/pkg/mingw-w64-aarch64-openssl/mingwarm64/share/doc/openssl/html/man3/OSSL_CMP_exec_certreq.html
install doc/html/man3/OSSL_CMP_log_open.html -> /c/ag-openssl-e138-01/package-04/recipe/pkg/mingw-w64-aarch64-openssl/mingwarm64/share/doc/openssl/html/man3/OSSL_CMP_log_open.html
install doc/html/man3/OSSL_CMP_validate_msg.html -> /c/ag-openssl-e138-01/package-04/recipe/pkg/mingw-w64-aarch64-openssl/mingwarm64/share/doc/openssl/html/man3/OSSL_CMP_validate_msg.html
install doc/html/man3/OSSL_CORE_MAKE_FUNC.html -> /c/ag-openssl-e138-01/package-04/recipe/pkg/mingw-w64-aarch64-openssl/mingwarm64/share/doc/openssl/html/man3/OSSL_CORE_MAKE_FUNC.html
install doc/html/man3/OSSL_CRMF_MSG_get0_tmpl.html -> /c/ag-openssl-e138-01/package-04/recipe/pkg/mingw-w64-aarch64-openssl/mingwarm64/share/doc/openssl/html/man3/OSSL_CRMF_MSG_get0_tmpl.html
install doc/html/man3/OSSL_CRMF_MSG_set0_validity.html -> /c/ag-openssl-e138-01/package-04/recipe/pkg/mingw-w64-aarch64-openssl/mingwarm64/share/doc/openssl/html/man3/OSSL_CRMF_MSG_set0_validity.html
install doc/html/man3/OSSL_CRMF_MSG_set1_regCtrl_regToken.html -> /c/ag-openssl-e138-01/package-04/recipe/pkg/mingw-w64-aarch64-openssl/mingwarm64/share/doc/openssl/html/man3/OSSL_CRMF_MSG_set1_regCtrl_regToken.html
install doc/html/man3/OSSL_CRMF_MSG_set1_regInfo_certReq.html -> /c/ag-openssl-e138-01/package-04/recipe/pkg/mingw-w64-aarch64-openssl/mingwarm64/share/doc/openssl/html/man3/OSSL_CRMF_MSG_set1_regInfo_certReq.html
install doc/html/man3/OSSL_CRMF_pbmp_new.html -> /c/ag-openssl-e138-01/package-04/recipe/pkg/mingw-w64-aarch64-openssl/mingwarm64/share/doc/openssl/html/man3/OSSL_CRMF_pbmp_new.html
install doc/html/man3/OSSL_DECODER.html -> /c/ag-openssl-e138-01/package-04/recipe/pkg/mingw-w64-aarch64-openssl/mingwarm64/share/doc/openssl/html/man3/OSSL_DECODER.html
install doc/html/man3/OSSL_DECODER_CTX.html -> /c/ag-openssl-e138-01/package-04/recipe/pkg/mingw-w64-aarch64-openssl/mingwarm64/share/doc/openssl/html/man3/OSSL_DECODER_CTX.html
install doc/html/man3/OSSL_DECODER_CTX_new_for_pkey.html -> /c/ag-openssl-e138-01/package-04/recipe/pkg/mingw-w64-aarch64-openssl/mingwarm64/share/doc/openssl/html/man3/OSSL_DECODER_CTX_new_for_pkey.html
install doc/html/man3/OSSL_DECODER_from_bio.html -> /c/ag-openssl-e138-01/package-04/recipe/pkg/mingw-w64-aarch64-openssl/mingwarm64/share/doc/openssl/html/man3/OSSL_DECODER_from_bio.html
install doc/html/man3/OSSL_DISPATCH.html -> /c/ag-openssl-e138-01/package-04/recipe/pkg/mingw-w64-aarch64-openssl/mingwarm64/share/doc/openssl/html/man3/OSSL_DISPATCH.html
install doc/html/man3/OSSL_ENCODER.html -> /c/ag-openssl-e138-01/package-04/recipe/pkg/mingw-w64-aarch64-openssl/mingwarm64/share/doc/openssl/html/man3/OSSL_ENCODER.html
install doc/html/man3/OSSL_ENCODER_CTX.html -> /c/ag-openssl-e138-01/package-04/recipe/pkg/mingw-w64-aarch64-openssl/mingwarm64/share/doc/openssl/html/man3/OSSL_ENCODER_CTX.html
install doc/html/man3/OSSL_ENCODER_CTX_new_for_pkey.html -> /c/ag-openssl-e138-01/package-04/recipe/pkg/mingw-w64-aarch64-openssl/mingwarm64/share/doc/openssl/html/man3/OSSL_ENCODER_CTX_new_for_pkey.html
install doc/html/man3/OSSL_ENCODER_to_bio.html -> /c/ag-openssl-e138-01/package-04/recipe/pkg/mingw-w64-aarch64-openssl/mingwarm64/share/doc/openssl/html/man3/OSSL_ENCODER_to_bio.html
install doc/html/man3/OSSL_ERR_STATE_save.html -> /c/ag-openssl-e138-01/package-04/recipe/pkg/mingw-w64-aarch64-openssl/mingwarm64/share/doc/openssl/html/man3/OSSL_ERR_STATE_save.html
install doc/html/man3/OSSL_ESS_check_signing_certs.html -> /c/ag-openssl-e138-01/package-04/recipe/pkg/mingw-w64-aarch64-openssl/mingwarm64/share/doc/openssl/html/man3/OSSL_ESS_check_signing_certs.html
install doc/html/man3/OSSL_GENERAL_NAMES_print.html -> /c/ag-openssl-e138-01/package-04/recipe/pkg/mingw-w64-aarch64-openssl/mingwarm64/share/doc/openssl/html/man3/OSSL_GENERAL_NAMES_print.html
install doc/html/man3/OSSL_HPKE_CTX_new.html -> /c/ag-openssl-e138-01/package-04/recipe/pkg/mingw-w64-aarch64-openssl/mingwarm64/share/doc/openssl/html/man3/OSSL_HPKE_CTX_new.html
install doc/html/man3/OSSL_HTTP_REQ_CTX.html -> /c/ag-openssl-e138-01/package-04/recipe/pkg/mingw-w64-aarch64-openssl/mingwarm64/share/doc/openssl/html/man3/OSSL_HTTP_REQ_CTX.html
install doc/html/man3/OSSL_HTTP_parse_url.html -> /c/ag-openssl-e138-01/package-04/recipe/pkg/mingw-w64-aarch64-openssl/mingwarm64/share/doc/openssl/html/man3/OSSL_HTTP_parse_url.html
install doc/html/man3/OSSL_HTTP_transfer.html -> /c/ag-openssl-e138-01/package-04/recipe/pkg/mingw-w64-aarch64-openssl/mingwarm64/share/doc/openssl/html/man3/OSSL_HTTP_transfer.html
install doc/html/man3/OSSL_IETF_ATTR_SYNTAX.html -> /c/ag-openssl-e138-01/package-04/recipe/pkg/mingw-w64-aarch64-openssl/mingwarm64/share/doc/openssl/html/man3/OSSL_IETF_ATTR_SYNTAX.html
install doc/html/man3/OSSL_IETF_ATTR_SYNTAX_print.html -> /c/ag-openssl-e138-01/package-04/recipe/pkg/mingw-w64-aarch64-openssl/mingwarm64/share/doc/openssl/html/man3/OSSL_IETF_ATTR_SYNTAX_print.html
install doc/html/man3/OSSL_INDICATOR_set_callback.html -> /c/ag-openssl-e138-01/package-04/recipe/pkg/mingw-w64-aarch64-openssl/mingwarm64/share/doc/openssl/html/man3/OSSL_INDICATOR_set_callback.html
install doc/html/man3/OSSL_ITEM.html -> /c/ag-openssl-e138-01/package-04/recipe/pkg/mingw-w64-aarch64-openssl/mingwarm64/share/doc/openssl/html/man3/OSSL_ITEM.html
install doc/html/man3/OSSL_LIB_CTX.html -> /c/ag-openssl-e138-01/package-04/recipe/pkg/mingw-w64-aarch64-openssl/mingwarm64/share/doc/openssl/html/man3/OSSL_LIB_CTX.html
install doc/html/man3/OSSL_LIB_CTX_set_conf_diagnostics.html -> /c/ag-openssl-e138-01/package-04/recipe/pkg/mingw-w64-aarch64-openssl/mingwarm64/share/doc/openssl/html/man3/OSSL_LIB_CTX_set_conf_diagnostics.html
install doc/html/man3/OSSL_PARAM.html -> /c/ag-openssl-e138-01/package-04/recipe/pkg/mingw-w64-aarch64-openssl/mingwarm64/share/doc/openssl/html/man3/OSSL_PARAM.html
install doc/html/man3/OSSL_PARAM_BLD.html -> /c/ag-openssl-e138-01/package-04/recipe/pkg/mingw-w64-aarch64-openssl/mingwarm64/share/doc/openssl/html/man3/OSSL_PARAM_BLD.html
install doc/html/man3/OSSL_PARAM_allocate_from_text.html -> /c/ag-openssl-e138-01/package-04/recipe/pkg/mingw-w64-aarch64-openssl/mingwarm64/share/doc/openssl/html/man3/OSSL_PARAM_allocate_from_text.html
install doc/html/man3/OSSL_PARAM_dup.html -> /c/ag-openssl-e138-01/package-04/recipe/pkg/mingw-w64-aarch64-openssl/mingwarm64/share/doc/openssl/html/man3/OSSL_PARAM_dup.html
install doc/html/man3/OSSL_PARAM_int.html -> /c/ag-openssl-e138-01/package-04/recipe/pkg/mingw-w64-aarch64-openssl/mingwarm64/share/doc/openssl/html/man3/OSSL_PARAM_int.html
install doc/html/man3/OSSL_PARAM_print_to_bio.html -> /c/ag-openssl-e138-01/package-04/recipe/pkg/mingw-w64-aarch64-openssl/mingwarm64/share/doc/openssl/html/man3/OSSL_PARAM_print_to_bio.html
install doc/html/man3/OSSL_PROVIDER.html -> /c/ag-openssl-e138-01/package-04/recipe/pkg/mingw-w64-aarch64-openssl/mingwarm64/share/doc/openssl/html/man3/OSSL_PROVIDER.html
install doc/html/man3/OSSL_QUIC_client_method.html -> /c/ag-openssl-e138-01/package-04/recipe/pkg/mingw-w64-aarch64-openssl/mingwarm64/share/doc/openssl/html/man3/OSSL_QUIC_client_method.html
install doc/html/man3/OSSL_SELF_TEST_new.html -> /c/ag-openssl-e138-01/package-04/recipe/pkg/mingw-w64-aarch64-openssl/mingwarm64/share/doc/openssl/html/man3/OSSL_SELF_TEST_new.html
install doc/html/man3/OSSL_SELF_TEST_set_callback.html -> /c/ag-openssl-e138-01/package-04/recipe/pkg/mingw-w64-aarch64-openssl/mingwarm64/share/doc/openssl/html/man3/OSSL_SELF_TEST_set_callback.html
install doc/html/man3/OSSL_STORE_INFO.html -> /c/ag-openssl-e138-01/package-04/recipe/pkg/mingw-w64-aarch64-openssl/mingwarm64/share/doc/openssl/html/man3/OSSL_STORE_INFO.html
install doc/html/man3/OSSL_STORE_LOADER.html -> /c/ag-openssl-e138-01/package-04/recipe/pkg/mingw-w64-aarch64-openssl/mingwarm64/share/doc/openssl/html/man3/OSSL_STORE_LOADER.html
install doc/html/man3/OSSL_STORE_SEARCH.html -> /c/ag-openssl-e138-01/package-04/recipe/pkg/mingw-w64-aarch64-openssl/mingwarm64/share/doc/openssl/html/man3/OSSL_STORE_SEARCH.html
install doc/html/man3/OSSL_STORE_attach.html -> /c/ag-openssl-e138-01/package-04/recipe/pkg/mingw-w64-aarch64-openssl/mingwarm64/share/doc/openssl/html/man3/OSSL_STORE_attach.html
install doc/html/man3/OSSL_STORE_expect.html -> /c/ag-openssl-e138-01/package-04/recipe/pkg/mingw-w64-aarch64-openssl/mingwarm64/share/doc/openssl/html/man3/OSSL_STORE_expect.html
install doc/html/man3/OSSL_STORE_open.html -> /c/ag-openssl-e138-01/package-04/recipe/pkg/mingw-w64-aarch64-openssl/mingwarm64/share/doc/openssl/html/man3/OSSL_STORE_open.html
install doc/html/man3/OSSL_sleep.html -> /c/ag-openssl-e138-01/package-04/recipe/pkg/mingw-w64-aarch64-openssl/mingwarm64/share/doc/openssl/html/man3/OSSL_sleep.html
install doc/html/man3/OSSL_trace_enabled.html -> /c/ag-openssl-e138-01/package-04/recipe/pkg/mingw-w64-aarch64-openssl/mingwarm64/share/doc/openssl/html/man3/OSSL_trace_enabled.html
install doc/html/man3/OSSL_trace_get_category_num.html -> /c/ag-openssl-e138-01/package-04/recipe/pkg/mingw-w64-aarch64-openssl/mingwarm64/share/doc/openssl/html/man3/OSSL_trace_get_category_num.html
install doc/html/man3/OSSL_trace_set_channel.html -> /c/ag-openssl-e138-01/package-04/recipe/pkg/mingw-w64-aarch64-openssl/mingwarm64/share/doc/openssl/html/man3/OSSL_trace_set_channel.html
install doc/html/man3/OpenSSL_add_all_algorithms.html -> /c/ag-openssl-e138-01/package-04/recipe/pkg/mingw-w64-aarch64-openssl/mingwarm64/share/doc/openssl/html/man3/OpenSSL_add_all_algorithms.html
install doc/html/man3/OpenSSL_version.html -> /c/ag-openssl-e138-01/package-04/recipe/pkg/mingw-w64-aarch64-openssl/mingwarm64/share/doc/openssl/html/man3/OpenSSL_version.html
install doc/html/man3/PBMAC1_get1_pbkdf2_param.html -> /c/ag-openssl-e138-01/package-04/recipe/pkg/mingw-w64-aarch64-openssl/mingwarm64/share/doc/openssl/html/man3/PBMAC1_get1_pbkdf2_param.html
install doc/html/man3/PEM_X509_INFO_read_bio_ex.html -> /c/ag-openssl-e138-01/package-04/recipe/pkg/mingw-w64-aarch64-openssl/mingwarm64/share/doc/openssl/html/man3/PEM_X509_INFO_read_bio_ex.html
install doc/html/man3/PEM_bytes_read_bio.html -> /c/ag-openssl-e138-01/package-04/recipe/pkg/mingw-w64-aarch64-openssl/mingwarm64/share/doc/openssl/html/man3/PEM_bytes_read_bio.html
install doc/html/man3/PEM_read.html -> /c/ag-openssl-e138-01/package-04/recipe/pkg/mingw-w64-aarch64-openssl/mingwarm64/share/doc/openssl/html/man3/PEM_read.html
install doc/html/man3/PEM_read_CMS.html -> /c/ag-openssl-e138-01/package-04/recipe/pkg/mingw-w64-aarch64-openssl/mingwarm64/share/doc/openssl/html/man3/PEM_read_CMS.html
install doc/html/man3/PEM_read_bio_PrivateKey.html -> /c/ag-openssl-e138-01/package-04/recipe/pkg/mingw-w64-aarch64-openssl/mingwarm64/share/doc/openssl/html/man3/PEM_read_bio_PrivateKey.html
install doc/html/man3/PEM_read_bio_ex.html -> /c/ag-openssl-e138-01/package-04/recipe/pkg/mingw-w64-aarch64-openssl/mingwarm64/share/doc/openssl/html/man3/PEM_read_bio_ex.html
install doc/html/man3/PEM_write_bio_CMS_stream.html -> /c/ag-openssl-e138-01/package-04/recipe/pkg/mingw-w64-aarch64-openssl/mingwarm64/share/doc/openssl/html/man3/PEM_write_bio_CMS_stream.html
install doc/html/man3/PEM_write_bio_PKCS7_stream.html -> /c/ag-openssl-e138-01/package-04/recipe/pkg/mingw-w64-aarch64-openssl/mingwarm64/share/doc/openssl/html/man3/PEM_write_bio_PKCS7_stream.html
install doc/html/man3/PKCS12_PBE_keyivgen.html -> /c/ag-openssl-e138-01/package-04/recipe/pkg/mingw-w64-aarch64-openssl/mingwarm64/share/doc/openssl/html/man3/PKCS12_PBE_keyivgen.html
install doc/html/man3/PKCS12_SAFEBAG_create_cert.html -> /c/ag-openssl-e138-01/package-04/recipe/pkg/mingw-w64-aarch64-openssl/mingwarm64/share/doc/openssl/html/man3/PKCS12_SAFEBAG_create_cert.html
install doc/html/man3/PKCS12_SAFEBAG_get0_attrs.html -> /c/ag-openssl-e138-01/package-04/recipe/pkg/mingw-w64-aarch64-openssl/mingwarm64/share/doc/openssl/html/man3/PKCS12_SAFEBAG_get0_attrs.html
install doc/html/man3/PKCS12_SAFEBAG_get1_cert.html -> /c/ag-openssl-e138-01/package-04/recipe/pkg/mingw-w64-aarch64-openssl/mingwarm64/share/doc/openssl/html/man3/PKCS12_SAFEBAG_get1_cert.html
install doc/html/man3/PKCS12_SAFEBAG_set0_attrs.html -> /c/ag-openssl-e138-01/package-04/recipe/pkg/mingw-w64-aarch64-openssl/mingwarm64/share/doc/openssl/html/man3/PKCS12_SAFEBAG_set0_attrs.html
install doc/html/man3/PKCS12_add1_attr_by_NID.html -> /c/ag-openssl-e138-01/package-04/recipe/pkg/mingw-w64-aarch64-openssl/mingwarm64/share/doc/openssl/html/man3/PKCS12_add1_attr_by_NID.html
install doc/html/man3/PKCS12_add_CSPName_asc.html -> /c/ag-openssl-e138-01/package-04/recipe/pkg/mingw-w64-aarch64-openssl/mingwarm64/share/doc/openssl/html/man3/PKCS12_add_CSPName_asc.html
install doc/html/man3/PKCS12_add_cert.html -> /c/ag-openssl-e138-01/package-04/recipe/pkg/mingw-w64-aarch64-openssl/mingwarm64/share/doc/openssl/html/man3/PKCS12_add_cert.html
install doc/html/man3/PKCS12_add_friendlyname_asc.html -> /c/ag-openssl-e138-01/package-04/recipe/pkg/mingw-w64-aarch64-openssl/mingwarm64/share/doc/openssl/html/man3/PKCS12_add_friendlyname_asc.html
install doc/html/man3/PKCS12_add_localkeyid.html -> /c/ag-openssl-e138-01/package-04/recipe/pkg/mingw-w64-aarch64-openssl/mingwarm64/share/doc/openssl/html/man3/PKCS12_add_localkeyid.html
install doc/html/man3/PKCS12_add_safe.html -> /c/ag-openssl-e138-01/package-04/recipe/pkg/mingw-w64-aarch64-openssl/mingwarm64/share/doc/openssl/html/man3/PKCS12_add_safe.html
install doc/html/man3/PKCS12_create.html -> /c/ag-openssl-e138-01/package-04/recipe/pkg/mingw-w64-aarch64-openssl/mingwarm64/share/doc/openssl/html/man3/PKCS12_create.html
install doc/html/man3/PKCS12_decrypt_skey.html -> /c/ag-openssl-e138-01/package-04/recipe/pkg/mingw-w64-aarch64-openssl/mingwarm64/share/doc/openssl/html/man3/PKCS12_decrypt_skey.html
install doc/html/man3/PKCS12_gen_mac.html -> /c/ag-openssl-e138-01/package-04/recipe/pkg/mingw-w64-aarch64-openssl/mingwarm64/share/doc/openssl/html/man3/PKCS12_gen_mac.html
install doc/html/man3/PKCS12_get_friendlyname.html -> /c/ag-openssl-e138-01/package-04/recipe/pkg/mingw-w64-aarch64-openssl/mingwarm64/share/doc/openssl/html/man3/PKCS12_get_friendlyname.html
install doc/html/man3/PKCS12_init.html -> /c/ag-openssl-e138-01/package-04/recipe/pkg/mingw-w64-aarch64-openssl/mingwarm64/share/doc/openssl/html/man3/PKCS12_init.html
install doc/html/man3/PKCS12_item_decrypt_d2i.html -> /c/ag-openssl-e138-01/package-04/recipe/pkg/mingw-w64-aarch64-openssl/mingwarm64/share/doc/openssl/html/man3/PKCS12_item_decrypt_d2i.html
install doc/html/man3/PKCS12_key_gen_utf8_ex.html -> /c/ag-openssl-e138-01/package-04/recipe/pkg/mingw-w64-aarch64-openssl/mingwarm64/share/doc/openssl/html/man3/PKCS12_key_gen_utf8_ex.html
install doc/html/man3/PKCS12_newpass.html -> /c/ag-openssl-e138-01/package-04/recipe/pkg/mingw-w64-aarch64-openssl/mingwarm64/share/doc/openssl/html/man3/PKCS12_newpass.html
install doc/html/man3/PKCS12_pack_p7encdata.html -> /c/ag-openssl-e138-01/package-04/recipe/pkg/mingw-w64-aarch64-openssl/mingwarm64/share/doc/openssl/html/man3/PKCS12_pack_p7encdata.html
install doc/html/man3/PKCS12_parse.html -> /c/ag-openssl-e138-01/package-04/recipe/pkg/mingw-w64-aarch64-openssl/mingwarm64/share/doc/openssl/html/man3/PKCS12_parse.html
install doc/html/man3/PKCS5_PBE_keyivgen.html -> /c/ag-openssl-e138-01/package-04/recipe/pkg/mingw-w64-aarch64-openssl/mingwarm64/share/doc/openssl/html/man3/PKCS5_PBE_keyivgen.html
install doc/html/man3/PKCS5_PBKDF2_HMAC.html -> /c/ag-openssl-e138-01/package-04/recipe/pkg/mingw-w64-aarch64-openssl/mingwarm64/share/doc/openssl/html/man3/PKCS5_PBKDF2_HMAC.html
install doc/html/man3/PKCS7_decrypt.html -> /c/ag-openssl-e138-01/package-04/recipe/pkg/mingw-w64-aarch64-openssl/mingwarm64/share/doc/openssl/html/man3/PKCS7_decrypt.html
install doc/html/man3/PKCS7_encrypt.html -> /c/ag-openssl-e138-01/package-04/recipe/pkg/mingw-w64-aarch64-openssl/mingwarm64/share/doc/openssl/html/man3/PKCS7_encrypt.html
install doc/html/man3/PKCS7_get_octet_string.html -> /c/ag-openssl-e138-01/package-04/recipe/pkg/mingw-w64-aarch64-openssl/mingwarm64/share/doc/openssl/html/man3/PKCS7_get_octet_string.html
install doc/html/man3/PKCS7_sign.html -> /c/ag-openssl-e138-01/package-04/recipe/pkg/mingw-w64-aarch64-openssl/mingwarm64/share/doc/openssl/html/man3/PKCS7_sign.html
install doc/html/man3/PKCS7_sign_add_signer.html -> /c/ag-openssl-e138-01/package-04/recipe/pkg/mingw-w64-aarch64-openssl/mingwarm64/share/doc/openssl/html/man3/PKCS7_sign_add_signer.html
install doc/html/man3/PKCS7_type_is_other.html -> /c/ag-openssl-e138-01/package-04/recipe/pkg/mingw-w64-aarch64-openssl/mingwarm64/share/doc/openssl/html/man3/PKCS7_type_is_other.html
install doc/html/man3/PKCS7_verify.html -> /c/ag-openssl-e138-01/package-04/recipe/pkg/mingw-w64-aarch64-openssl/mingwarm64/share/doc/openssl/html/man3/PKCS7_verify.html
install doc/html/man3/PKCS8_encrypt.html -> /c/ag-openssl-e138-01/package-04/recipe/pkg/mingw-w64-aarch64-openssl/mingwarm64/share/doc/openssl/html/man3/PKCS8_encrypt.html
install doc/html/man3/PKCS8_pkey_add1_attr.html -> /c/ag-openssl-e138-01/package-04/recipe/pkg/mingw-w64-aarch64-openssl/mingwarm64/share/doc/openssl/html/man3/PKCS8_pkey_add1_attr.html
install doc/html/man3/RAND_add.html -> /c/ag-openssl-e138-01/package-04/recipe/pkg/mingw-w64-aarch64-openssl/mingwarm64/share/doc/openssl/html/man3/RAND_add.html
install doc/html/man3/RAND_bytes.html -> /c/ag-openssl-e138-01/package-04/recipe/pkg/mingw-w64-aarch64-openssl/mingwarm64/share/doc/openssl/html/man3/RAND_bytes.html
install doc/html/man3/RAND_cleanup.html -> /c/ag-openssl-e138-01/package-04/recipe/pkg/mingw-w64-aarch64-openssl/mingwarm64/share/doc/openssl/html/man3/RAND_cleanup.html
install doc/html/man3/RAND_egd.html -> /c/ag-openssl-e138-01/package-04/recipe/pkg/mingw-w64-aarch64-openssl/mingwarm64/share/doc/openssl/html/man3/RAND_egd.html
install doc/html/man3/RAND_get0_primary.html -> /c/ag-openssl-e138-01/package-04/recipe/pkg/mingw-w64-aarch64-openssl/mingwarm64/share/doc/openssl/html/man3/RAND_get0_primary.html
install doc/html/man3/RAND_load_file.html -> /c/ag-openssl-e138-01/package-04/recipe/pkg/mingw-w64-aarch64-openssl/mingwarm64/share/doc/openssl/html/man3/RAND_load_file.html
install doc/html/man3/RAND_set_DRBG_type.html -> /c/ag-openssl-e138-01/package-04/recipe/pkg/mingw-w64-aarch64-openssl/mingwarm64/share/doc/openssl/html/man3/RAND_set_DRBG_type.html
install doc/html/man3/RAND_set_rand_method.html -> /c/ag-openssl-e138-01/package-04/recipe/pkg/mingw-w64-aarch64-openssl/mingwarm64/share/doc/openssl/html/man3/RAND_set_rand_method.html
install doc/html/man3/RC4_set_key.html -> /c/ag-openssl-e138-01/package-04/recipe/pkg/mingw-w64-aarch64-openssl/mingwarm64/share/doc/openssl/html/man3/RC4_set_key.html
install doc/html/man3/RIPEMD160_Init.html -> /c/ag-openssl-e138-01/package-04/recipe/pkg/mingw-w64-aarch64-openssl/mingwarm64/share/doc/openssl/html/man3/RIPEMD160_Init.html
install doc/html/man3/RSA_blinding_on.html -> /c/ag-openssl-e138-01/package-04/recipe/pkg/mingw-w64-aarch64-openssl/mingwarm64/share/doc/openssl/html/man3/RSA_blinding_on.html
install doc/html/man3/RSA_check_key.html -> /c/ag-openssl-e138-01/package-04/recipe/pkg/mingw-w64-aarch64-openssl/mingwarm64/share/doc/openssl/html/man3/RSA_check_key.html
install doc/html/man3/RSA_generate_key.html -> /c/ag-openssl-e138-01/package-04/recipe/pkg/mingw-w64-aarch64-openssl/mingwarm64/share/doc/openssl/html/man3/RSA_generate_key.html
install doc/html/man3/RSA_get0_key.html -> /c/ag-openssl-e138-01/package-04/recipe/pkg/mingw-w64-aarch64-openssl/mingwarm64/share/doc/openssl/html/man3/RSA_get0_key.html
install doc/html/man3/RSA_meth_new.html -> /c/ag-openssl-e138-01/package-04/recipe/pkg/mingw-w64-aarch64-openssl/mingwarm64/share/doc/openssl/html/man3/RSA_meth_new.html
install doc/html/man3/RSA_new.html -> /c/ag-openssl-e138-01/package-04/recipe/pkg/mingw-w64-aarch64-openssl/mingwarm64/share/doc/openssl/html/man3/RSA_new.html
install doc/html/man3/RSA_padding_add_PKCS1_type_1.html -> /c/ag-openssl-e138-01/package-04/recipe/pkg/mingw-w64-aarch64-openssl/mingwarm64/share/doc/openssl/html/man3/RSA_padding_add_PKCS1_type_1.html
install doc/html/man3/RSA_print.html -> /c/ag-openssl-e138-01/package-04/recipe/pkg/mingw-w64-aarch64-openssl/mingwarm64/share/doc/openssl/html/man3/RSA_print.html
install doc/html/man3/RSA_private_encrypt.html -> /c/ag-openssl-e138-01/package-04/recipe/pkg/mingw-w64-aarch64-openssl/mingwarm64/share/doc/openssl/html/man3/RSA_private_encrypt.html
install doc/html/man3/RSA_public_encrypt.html -> /c/ag-openssl-e138-01/package-04/recipe/pkg/mingw-w64-aarch64-openssl/mingwarm64/share/doc/openssl/html/man3/RSA_public_encrypt.html
install doc/html/man3/RSA_set_method.html -> /c/ag-openssl-e138-01/package-04/recipe/pkg/mingw-w64-aarch64-openssl/mingwarm64/share/doc/openssl/html/man3/RSA_set_method.html
install doc/html/man3/RSA_sign.html -> /c/ag-openssl-e138-01/package-04/recipe/pkg/mingw-w64-aarch64-openssl/mingwarm64/share/doc/openssl/html/man3/RSA_sign.html
install doc/html/man3/RSA_sign_ASN1_OCTET_STRING.html -> /c/ag-openssl-e138-01/package-04/recipe/pkg/mingw-w64-aarch64-openssl/mingwarm64/share/doc/openssl/html/man3/RSA_sign_ASN1_OCTET_STRING.html
install doc/html/man3/RSA_size.html -> /c/ag-openssl-e138-01/package-04/recipe/pkg/mingw-w64-aarch64-openssl/mingwarm64/share/doc/openssl/html/man3/RSA_size.html
install doc/html/man3/SCT_new.html -> /c/ag-openssl-e138-01/package-04/recipe/pkg/mingw-w64-aarch64-openssl/mingwarm64/share/doc/openssl/html/man3/SCT_new.html
install doc/html/man3/SCT_print.html -> /c/ag-openssl-e138-01/package-04/recipe/pkg/mingw-w64-aarch64-openssl/mingwarm64/share/doc/openssl/html/man3/SCT_print.html
install doc/html/man3/SCT_validate.html -> /c/ag-openssl-e138-01/package-04/recipe/pkg/mingw-w64-aarch64-openssl/mingwarm64/share/doc/openssl/html/man3/SCT_validate.html
install doc/html/man3/SHA256_Init.html -> /c/ag-openssl-e138-01/package-04/recipe/pkg/mingw-w64-aarch64-openssl/mingwarm64/share/doc/openssl/html/man3/SHA256_Init.html
install doc/html/man3/SMIME_read_ASN1.html -> /c/ag-openssl-e138-01/package-04/recipe/pkg/mingw-w64-aarch64-openssl/mingwarm64/share/doc/openssl/html/man3/SMIME_read_ASN1.html
install doc/html/man3/SMIME_read_CMS.html -> /c/ag-openssl-e138-01/package-04/recipe/pkg/mingw-w64-aarch64-openssl/mingwarm64/share/doc/openssl/html/man3/SMIME_read_CMS.html
install doc/html/man3/SMIME_read_PKCS7.html -> /c/ag-openssl-e138-01/package-04/recipe/pkg/mingw-w64-aarch64-openssl/mingwarm64/share/doc/openssl/html/man3/SMIME_read_PKCS7.html
install doc/html/man3/SMIME_write_ASN1.html -> /c/ag-openssl-e138-01/package-04/recipe/pkg/mingw-w64-aarch64-openssl/mingwarm64/share/doc/openssl/html/man3/SMIME_write_ASN1.html
install doc/html/man3/SMIME_write_CMS.html -> /c/ag-openssl-e138-01/package-04/recipe/pkg/mingw-w64-aarch64-openssl/mingwarm64/share/doc/openssl/html/man3/SMIME_write_CMS.html
install doc/html/man3/SMIME_write_PKCS7.html -> /c/ag-openssl-e138-01/package-04/recipe/pkg/mingw-w64-aarch64-openssl/mingwarm64/share/doc/openssl/html/man3/SMIME_write_PKCS7.html
install doc/html/man3/SRP_Calc_B.html -> /c/ag-openssl-e138-01/package-04/recipe/pkg/mingw-w64-aarch64-openssl/mingwarm64/share/doc/openssl/html/man3/SRP_Calc_B.html
install doc/html/man3/SRP_VBASE_new.html -> /c/ag-openssl-e138-01/package-04/recipe/pkg/mingw-w64-aarch64-openssl/mingwarm64/share/doc/openssl/html/man3/SRP_VBASE_new.html
install doc/html/man3/SRP_create_verifier.html -> /c/ag-openssl-e138-01/package-04/recipe/pkg/mingw-w64-aarch64-openssl/mingwarm64/share/doc/openssl/html/man3/SRP_create_verifier.html
install doc/html/man3/SRP_user_pwd_new.html -> /c/ag-openssl-e138-01/package-04/recipe/pkg/mingw-w64-aarch64-openssl/mingwarm64/share/doc/openssl/html/man3/SRP_user_pwd_new.html
install doc/html/man3/SSL_CIPHER_get_name.html -> /c/ag-openssl-e138-01/package-04/recipe/pkg/mingw-w64-aarch64-openssl/mingwarm64/share/doc/openssl/html/man3/SSL_CIPHER_get_name.html
install doc/html/man3/SSL_COMP_add_compression_method.html -> /c/ag-openssl-e138-01/package-04/recipe/pkg/mingw-w64-aarch64-openssl/mingwarm64/share/doc/openssl/html/man3/SSL_COMP_add_compression_method.html
install doc/html/man3/SSL_CONF_CTX_new.html -> /c/ag-openssl-e138-01/package-04/recipe/pkg/mingw-w64-aarch64-openssl/mingwarm64/share/doc/openssl/html/man3/SSL_CONF_CTX_new.html
install doc/html/man3/SSL_CONF_CTX_set1_prefix.html -> /c/ag-openssl-e138-01/package-04/recipe/pkg/mingw-w64-aarch64-openssl/mingwarm64/share/doc/openssl/html/man3/SSL_CONF_CTX_set1_prefix.html
install doc/html/man3/SSL_CONF_CTX_set_flags.html -> /c/ag-openssl-e138-01/package-04/recipe/pkg/mingw-w64-aarch64-openssl/mingwarm64/share/doc/openssl/html/man3/SSL_CONF_CTX_set_flags.html
install doc/html/man3/SSL_CONF_CTX_set_ssl_ctx.html -> /c/ag-openssl-e138-01/package-04/recipe/pkg/mingw-w64-aarch64-openssl/mingwarm64/share/doc/openssl/html/man3/SSL_CONF_CTX_set_ssl_ctx.html
install doc/html/man3/SSL_CONF_cmd.html -> /c/ag-openssl-e138-01/package-04/recipe/pkg/mingw-w64-aarch64-openssl/mingwarm64/share/doc/openssl/html/man3/SSL_CONF_cmd.html
install doc/html/man3/SSL_CONF_cmd_argv.html -> /c/ag-openssl-e138-01/package-04/recipe/pkg/mingw-w64-aarch64-openssl/mingwarm64/share/doc/openssl/html/man3/SSL_CONF_cmd_argv.html
install doc/html/man3/SSL_CTX_add1_chain_cert.html -> /c/ag-openssl-e138-01/package-04/recipe/pkg/mingw-w64-aarch64-openssl/mingwarm64/share/doc/openssl/html/man3/SSL_CTX_add1_chain_cert.html
install doc/html/man3/SSL_CTX_add_extra_chain_cert.html -> /c/ag-openssl-e138-01/package-04/recipe/pkg/mingw-w64-aarch64-openssl/mingwarm64/share/doc/openssl/html/man3/SSL_CTX_add_extra_chain_cert.html
install doc/html/man3/SSL_CTX_add_session.html -> /c/ag-openssl-e138-01/package-04/recipe/pkg/mingw-w64-aarch64-openssl/mingwarm64/share/doc/openssl/html/man3/SSL_CTX_add_session.html
install doc/html/man3/SSL_CTX_config.html -> /c/ag-openssl-e138-01/package-04/recipe/pkg/mingw-w64-aarch64-openssl/mingwarm64/share/doc/openssl/html/man3/SSL_CTX_config.html
install doc/html/man3/SSL_CTX_ctrl.html -> /c/ag-openssl-e138-01/package-04/recipe/pkg/mingw-w64-aarch64-openssl/mingwarm64/share/doc/openssl/html/man3/SSL_CTX_ctrl.html
install doc/html/man3/SSL_CTX_dane_enable.html -> /c/ag-openssl-e138-01/package-04/recipe/pkg/mingw-w64-aarch64-openssl/mingwarm64/share/doc/openssl/html/man3/SSL_CTX_dane_enable.html
install doc/html/man3/SSL_CTX_flush_sessions.html -> /c/ag-openssl-e138-01/package-04/recipe/pkg/mingw-w64-aarch64-openssl/mingwarm64/share/doc/openssl/html/man3/SSL_CTX_flush_sessions.html
install doc/html/man3/SSL_CTX_free.html -> /c/ag-openssl-e138-01/package-04/recipe/pkg/mingw-w64-aarch64-openssl/mingwarm64/share/doc/openssl/html/man3/SSL_CTX_free.html
install doc/html/man3/SSL_CTX_get0_param.html -> /c/ag-openssl-e138-01/package-04/recipe/pkg/mingw-w64-aarch64-openssl/mingwarm64/share/doc/openssl/html/man3/SSL_CTX_get0_param.html
install doc/html/man3/SSL_CTX_get_verify_mode.html -> /c/ag-openssl-e138-01/package-04/recipe/pkg/mingw-w64-aarch64-openssl/mingwarm64/share/doc/openssl/html/man3/SSL_CTX_get_verify_mode.html
install doc/html/man3/SSL_CTX_has_client_custom_ext.html -> /c/ag-openssl-e138-01/package-04/recipe/pkg/mingw-w64-aarch64-openssl/mingwarm64/share/doc/openssl/html/man3/SSL_CTX_has_client_custom_ext.html
install doc/html/man3/SSL_CTX_load_verify_locations.html -> /c/ag-openssl-e138-01/package-04/recipe/pkg/mingw-w64-aarch64-openssl/mingwarm64/share/doc/openssl/html/man3/SSL_CTX_load_verify_locations.html
install doc/html/man3/SSL_CTX_new.html -> /c/ag-openssl-e138-01/package-04/recipe/pkg/mingw-w64-aarch64-openssl/mingwarm64/share/doc/openssl/html/man3/SSL_CTX_new.html
install doc/html/man3/SSL_CTX_sess_number.html -> /c/ag-openssl-e138-01/package-04/recipe/pkg/mingw-w64-aarch64-openssl/mingwarm64/share/doc/openssl/html/man3/SSL_CTX_sess_number.html
install doc/html/man3/SSL_CTX_sess_set_cache_size.html -> /c/ag-openssl-e138-01/package-04/recipe/pkg/mingw-w64-aarch64-openssl/mingwarm64/share/doc/openssl/html/man3/SSL_CTX_sess_set_cache_size.html
install doc/html/man3/SSL_CTX_sess_set_get_cb.html -> /c/ag-openssl-e138-01/package-04/recipe/pkg/mingw-w64-aarch64-openssl/mingwarm64/share/doc/openssl/html/man3/SSL_CTX_sess_set_get_cb.html
install doc/html/man3/SSL_CTX_sessions.html -> /c/ag-openssl-e138-01/package-04/recipe/pkg/mingw-w64-aarch64-openssl/mingwarm64/share/doc/openssl/html/man3/SSL_CTX_sessions.html
install doc/html/man3/SSL_CTX_set0_CA_list.html -> /c/ag-openssl-e138-01/package-04/recipe/pkg/mingw-w64-aarch64-openssl/mingwarm64/share/doc/openssl/html/man3/SSL_CTX_set0_CA_list.html
install doc/html/man3/SSL_CTX_set1_cert_comp_preference.html -> /c/ag-openssl-e138-01/package-04/recipe/pkg/mingw-w64-aarch64-openssl/mingwarm64/share/doc/openssl/html/man3/SSL_CTX_set1_cert_comp_preference.html
install doc/html/man3/SSL_CTX_set1_curves.html -> /c/ag-openssl-e138-01/package-04/recipe/pkg/mingw-w64-aarch64-openssl/mingwarm64/share/doc/openssl/html/man3/SSL_CTX_set1_curves.html
install doc/html/man3/SSL_CTX_set1_sigalgs.html -> /c/ag-openssl-e138-01/package-04/recipe/pkg/mingw-w64-aarch64-openssl/mingwarm64/share/doc/openssl/html/man3/SSL_CTX_set1_sigalgs.html
install doc/html/man3/SSL_CTX_set1_verify_cert_store.html -> /c/ag-openssl-e138-01/package-04/recipe/pkg/mingw-w64-aarch64-openssl/mingwarm64/share/doc/openssl/html/man3/SSL_CTX_set1_verify_cert_store.html
install doc/html/man3/SSL_CTX_set_alpn_select_cb.html -> /c/ag-openssl-e138-01/package-04/recipe/pkg/mingw-w64-aarch64-openssl/mingwarm64/share/doc/openssl/html/man3/SSL_CTX_set_alpn_select_cb.html
install doc/html/man3/SSL_CTX_set_cert_cb.html -> /c/ag-openssl-e138-01/package-04/recipe/pkg/mingw-w64-aarch64-openssl/mingwarm64/share/doc/openssl/html/man3/SSL_CTX_set_cert_cb.html
install doc/html/man3/SSL_CTX_set_cert_store.html -> /c/ag-openssl-e138-01/package-04/recipe/pkg/mingw-w64-aarch64-openssl/mingwarm64/share/doc/openssl/html/man3/SSL_CTX_set_cert_store.html
install doc/html/man3/SSL_CTX_set_cert_verify_callback.html -> /c/ag-openssl-e138-01/package-04/recipe/pkg/mingw-w64-aarch64-openssl/mingwarm64/share/doc/openssl/html/man3/SSL_CTX_set_cert_verify_callback.html
install doc/html/man3/SSL_CTX_set_cipher_list.html -> /c/ag-openssl-e138-01/package-04/recipe/pkg/mingw-w64-aarch64-openssl/mingwarm64/share/doc/openssl/html/man3/SSL_CTX_set_cipher_list.html
install doc/html/man3/SSL_CTX_set_client_cert_cb.html -> /c/ag-openssl-e138-01/package-04/recipe/pkg/mingw-w64-aarch64-openssl/mingwarm64/share/doc/openssl/html/man3/SSL_CTX_set_client_cert_cb.html
install doc/html/man3/SSL_CTX_set_client_hello_cb.html -> /c/ag-openssl-e138-01/package-04/recipe/pkg/mingw-w64-aarch64-openssl/mingwarm64/share/doc/openssl/html/man3/SSL_CTX_set_client_hello_cb.html
install doc/html/man3/SSL_CTX_set_ct_validation_callback.html -> /c/ag-openssl-e138-01/package-04/recipe/pkg/mingw-w64-aarch64-openssl/mingwarm64/share/doc/openssl/html/man3/SSL_CTX_set_ct_validation_callback.html
install doc/html/man3/SSL_CTX_set_ctlog_list_file.html -> /c/ag-openssl-e138-01/package-04/recipe/pkg/mingw-w64-aarch64-openssl/mingwarm64/share/doc/openssl/html/man3/SSL_CTX_set_ctlog_list_file.html
install doc/html/man3/SSL_CTX_set_default_passwd_cb.html -> /c/ag-openssl-e138-01/package-04/recipe/pkg/mingw-w64-aarch64-openssl/mingwarm64/share/doc/openssl/html/man3/SSL_CTX_set_default_passwd_cb.html
install doc/html/man3/SSL_CTX_set_domain_flags.html -> /c/ag-openssl-e138-01/package-04/recipe/pkg/mingw-w64-aarch64-openssl/mingwarm64/share/doc/openssl/html/man3/SSL_CTX_set_domain_flags.html
install doc/html/man3/SSL_CTX_set_generate_session_id.html -> /c/ag-openssl-e138-01/package-04/recipe/pkg/mingw-w64-aarch64-openssl/mingwarm64/share/doc/openssl/html/man3/SSL_CTX_set_generate_session_id.html
install doc/html/man3/SSL_CTX_set_info_callback.html -> /c/ag-openssl-e138-01/package-04/recipe/pkg/mingw-w64-aarch64-openssl/mingwarm64/share/doc/openssl/html/man3/SSL_CTX_set_info_callback.html
install doc/html/man3/SSL_CTX_set_keylog_callback.html -> /c/ag-openssl-e138-01/package-04/recipe/pkg/mingw-w64-aarch64-openssl/mingwarm64/share/doc/openssl/html/man3/SSL_CTX_set_keylog_callback.html
install doc/html/man3/SSL_CTX_set_max_cert_list.html -> /c/ag-openssl-e138-01/package-04/recipe/pkg/mingw-w64-aarch64-openssl/mingwarm64/share/doc/openssl/html/man3/SSL_CTX_set_max_cert_list.html
install doc/html/man3/SSL_CTX_set_min_proto_version.html -> /c/ag-openssl-e138-01/package-04/recipe/pkg/mingw-w64-aarch64-openssl/mingwarm64/share/doc/openssl/html/man3/SSL_CTX_set_min_proto_version.html
install doc/html/man3/SSL_CTX_set_mode.html -> /c/ag-openssl-e138-01/package-04/recipe/pkg/mingw-w64-aarch64-openssl/mingwarm64/share/doc/openssl/html/man3/SSL_CTX_set_mode.html
install doc/html/man3/SSL_CTX_set_msg_callback.html -> /c/ag-openssl-e138-01/package-04/recipe/pkg/mingw-w64-aarch64-openssl/mingwarm64/share/doc/openssl/html/man3/SSL_CTX_set_msg_callback.html
install doc/html/man3/SSL_CTX_set_new_pending_conn_cb.html -> /c/ag-openssl-e138-01/package-04/recipe/pkg/mingw-w64-aarch64-openssl/mingwarm64/share/doc/openssl/html/man3/SSL_CTX_set_new_pending_conn_cb.html
install doc/html/man3/SSL_CTX_set_num_tickets.html -> /c/ag-openssl-e138-01/package-04/recipe/pkg/mingw-w64-aarch64-openssl/mingwarm64/share/doc/openssl/html/man3/SSL_CTX_set_num_tickets.html
install doc/html/man3/SSL_CTX_set_options.html -> /c/ag-openssl-e138-01/package-04/recipe/pkg/mingw-w64-aarch64-openssl/mingwarm64/share/doc/openssl/html/man3/SSL_CTX_set_options.html
install doc/html/man3/SSL_CTX_set_psk_client_callback.html -> /c/ag-openssl-e138-01/package-04/recipe/pkg/mingw-w64-aarch64-openssl/mingwarm64/share/doc/openssl/html/man3/SSL_CTX_set_psk_client_callback.html
install doc/html/man3/SSL_CTX_set_quiet_shutdown.html -> /c/ag-openssl-e138-01/package-04/recipe/pkg/mingw-w64-aarch64-openssl/mingwarm64/share/doc/openssl/html/man3/SSL_CTX_set_quiet_shutdown.html
install doc/html/man3/SSL_CTX_set_read_ahead.html -> /c/ag-openssl-e138-01/package-04/recipe/pkg/mingw-w64-aarch64-openssl/mingwarm64/share/doc/openssl/html/man3/SSL_CTX_set_read_ahead.html
install doc/html/man3/SSL_CTX_set_record_padding_callback.html -> /c/ag-openssl-e138-01/package-04/recipe/pkg/mingw-w64-aarch64-openssl/mingwarm64/share/doc/openssl/html/man3/SSL_CTX_set_record_padding_callback.html
install doc/html/man3/SSL_CTX_set_security_level.html -> /c/ag-openssl-e138-01/package-04/recipe/pkg/mingw-w64-aarch64-openssl/mingwarm64/share/doc/openssl/html/man3/SSL_CTX_set_security_level.html
install doc/html/man3/SSL_CTX_set_session_cache_mode.html -> /c/ag-openssl-e138-01/package-04/recipe/pkg/mingw-w64-aarch64-openssl/mingwarm64/share/doc/openssl/html/man3/SSL_CTX_set_session_cache_mode.html
install doc/html/man3/SSL_CTX_set_session_id_context.html -> /c/ag-openssl-e138-01/package-04/recipe/pkg/mingw-w64-aarch64-openssl/mingwarm64/share/doc/openssl/html/man3/SSL_CTX_set_session_id_context.html
install doc/html/man3/SSL_CTX_set_session_ticket_cb.html -> /c/ag-openssl-e138-01/package-04/recipe/pkg/mingw-w64-aarch64-openssl/mingwarm64/share/doc/openssl/html/man3/SSL_CTX_set_session_ticket_cb.html
install doc/html/man3/SSL_CTX_set_split_send_fragment.html -> /c/ag-openssl-e138-01/package-04/recipe/pkg/mingw-w64-aarch64-openssl/mingwarm64/share/doc/openssl/html/man3/SSL_CTX_set_split_send_fragment.html
install doc/html/man3/SSL_CTX_set_srp_password.html -> /c/ag-openssl-e138-01/package-04/recipe/pkg/mingw-w64-aarch64-openssl/mingwarm64/share/doc/openssl/html/man3/SSL_CTX_set_srp_password.html
install doc/html/man3/SSL_CTX_set_ssl_version.html -> /c/ag-openssl-e138-01/package-04/recipe/pkg/mingw-w64-aarch64-openssl/mingwarm64/share/doc/openssl/html/man3/SSL_CTX_set_ssl_version.html
install doc/html/man3/SSL_CTX_set_stateless_cookie_generate_cb.html -> /c/ag-openssl-e138-01/package-04/recipe/pkg/mingw-w64-aarch64-openssl/mingwarm64/share/doc/openssl/html/man3/SSL_CTX_set_stateless_cookie_generate_cb.html
install doc/html/man3/SSL_CTX_set_timeout.html -> /c/ag-openssl-e138-01/package-04/recipe/pkg/mingw-w64-aarch64-openssl/mingwarm64/share/doc/openssl/html/man3/SSL_CTX_set_timeout.html
install doc/html/man3/SSL_CTX_set_tlsext_servername_callback.html -> /c/ag-openssl-e138-01/package-04/recipe/pkg/mingw-w64-aarch64-openssl/mingwarm64/share/doc/openssl/html/man3/SSL_CTX_set_tlsext_servername_callback.html
install doc/html/man3/SSL_CTX_set_tlsext_status_cb.html -> /c/ag-openssl-e138-01/package-04/recipe/pkg/mingw-w64-aarch64-openssl/mingwarm64/share/doc/openssl/html/man3/SSL_CTX_set_tlsext_status_cb.html
install doc/html/man3/SSL_CTX_set_tlsext_ticket_key_cb.html -> /c/ag-openssl-e138-01/package-04/recipe/pkg/mingw-w64-aarch64-openssl/mingwarm64/share/doc/openssl/html/man3/SSL_CTX_set_tlsext_ticket_key_cb.html
install doc/html/man3/SSL_CTX_set_tlsext_use_srtp.html -> /c/ag-openssl-e138-01/package-04/recipe/pkg/mingw-w64-aarch64-openssl/mingwarm64/share/doc/openssl/html/man3/SSL_CTX_set_tlsext_use_srtp.html
install doc/html/man3/SSL_CTX_set_tmp_dh_callback.html -> /c/ag-openssl-e138-01/package-04/recipe/pkg/mingw-w64-aarch64-openssl/mingwarm64/share/doc/openssl/html/man3/SSL_CTX_set_tmp_dh_callback.html
install doc/html/man3/SSL_CTX_set_tmp_ecdh.html -> /c/ag-openssl-e138-01/package-04/recipe/pkg/mingw-w64-aarch64-openssl/mingwarm64/share/doc/openssl/html/man3/SSL_CTX_set_tmp_ecdh.html
install doc/html/man3/SSL_CTX_set_verify.html -> /c/ag-openssl-e138-01/package-04/recipe/pkg/mingw-w64-aarch64-openssl/mingwarm64/share/doc/openssl/html/man3/SSL_CTX_set_verify.html
install doc/html/man3/SSL_CTX_use_certificate.html -> /c/ag-openssl-e138-01/package-04/recipe/pkg/mingw-w64-aarch64-openssl/mingwarm64/share/doc/openssl/html/man3/SSL_CTX_use_certificate.html
install doc/html/man3/SSL_CTX_use_psk_identity_hint.html -> /c/ag-openssl-e138-01/package-04/recipe/pkg/mingw-w64-aarch64-openssl/mingwarm64/share/doc/openssl/html/man3/SSL_CTX_use_psk_identity_hint.html
install doc/html/man3/SSL_CTX_use_serverinfo.html -> /c/ag-openssl-e138-01/package-04/recipe/pkg/mingw-w64-aarch64-openssl/mingwarm64/share/doc/openssl/html/man3/SSL_CTX_use_serverinfo.html
install doc/html/man3/SSL_SESSION_free.html -> /c/ag-openssl-e138-01/package-04/recipe/pkg/mingw-w64-aarch64-openssl/mingwarm64/share/doc/openssl/html/man3/SSL_SESSION_free.html
install doc/html/man3/SSL_SESSION_get0_cipher.html -> /c/ag-openssl-e138-01/package-04/recipe/pkg/mingw-w64-aarch64-openssl/mingwarm64/share/doc/openssl/html/man3/SSL_SESSION_get0_cipher.html
install doc/html/man3/SSL_SESSION_get0_hostname.html -> /c/ag-openssl-e138-01/package-04/recipe/pkg/mingw-w64-aarch64-openssl/mingwarm64/share/doc/openssl/html/man3/SSL_SESSION_get0_hostname.html
install doc/html/man3/SSL_SESSION_get0_id_context.html -> /c/ag-openssl-e138-01/package-04/recipe/pkg/mingw-w64-aarch64-openssl/mingwarm64/share/doc/openssl/html/man3/SSL_SESSION_get0_id_context.html
install doc/html/man3/SSL_SESSION_get0_peer.html -> /c/ag-openssl-e138-01/package-04/recipe/pkg/mingw-w64-aarch64-openssl/mingwarm64/share/doc/openssl/html/man3/SSL_SESSION_get0_peer.html
install doc/html/man3/SSL_SESSION_get_compress_id.html -> /c/ag-openssl-e138-01/package-04/recipe/pkg/mingw-w64-aarch64-openssl/mingwarm64/share/doc/openssl/html/man3/SSL_SESSION_get_compress_id.html
install doc/html/man3/SSL_SESSION_get_protocol_version.html -> /c/ag-openssl-e138-01/package-04/recipe/pkg/mingw-w64-aarch64-openssl/mingwarm64/share/doc/openssl/html/man3/SSL_SESSION_get_protocol_version.html
install doc/html/man3/SSL_SESSION_get_time.html -> /c/ag-openssl-e138-01/package-04/recipe/pkg/mingw-w64-aarch64-openssl/mingwarm64/share/doc/openssl/html/man3/SSL_SESSION_get_time.html
install doc/html/man3/SSL_SESSION_has_ticket.html -> /c/ag-openssl-e138-01/package-04/recipe/pkg/mingw-w64-aarch64-openssl/mingwarm64/share/doc/openssl/html/man3/SSL_SESSION_has_ticket.html
install doc/html/man3/SSL_SESSION_is_resumable.html -> /c/ag-openssl-e138-01/package-04/recipe/pkg/mingw-w64-aarch64-openssl/mingwarm64/share/doc/openssl/html/man3/SSL_SESSION_is_resumable.html
install doc/html/man3/SSL_SESSION_print.html -> /c/ag-openssl-e138-01/package-04/recipe/pkg/mingw-w64-aarch64-openssl/mingwarm64/share/doc/openssl/html/man3/SSL_SESSION_print.html
install doc/html/man3/SSL_SESSION_set1_id.html -> /c/ag-openssl-e138-01/package-04/recipe/pkg/mingw-w64-aarch64-openssl/mingwarm64/share/doc/openssl/html/man3/SSL_SESSION_set1_id.html
install doc/html/man3/SSL_accept.html -> /c/ag-openssl-e138-01/package-04/recipe/pkg/mingw-w64-aarch64-openssl/mingwarm64/share/doc/openssl/html/man3/SSL_accept.html
install doc/html/man3/SSL_accept_stream.html -> /c/ag-openssl-e138-01/package-04/recipe/pkg/mingw-w64-aarch64-openssl/mingwarm64/share/doc/openssl/html/man3/SSL_accept_stream.html
install doc/html/man3/SSL_alert_type_string.html -> /c/ag-openssl-e138-01/package-04/recipe/pkg/mingw-w64-aarch64-openssl/mingwarm64/share/doc/openssl/html/man3/SSL_alert_type_string.html
install doc/html/man3/SSL_alloc_buffers.html -> /c/ag-openssl-e138-01/package-04/recipe/pkg/mingw-w64-aarch64-openssl/mingwarm64/share/doc/openssl/html/man3/SSL_alloc_buffers.html
install doc/html/man3/SSL_check_chain.html -> /c/ag-openssl-e138-01/package-04/recipe/pkg/mingw-w64-aarch64-openssl/mingwarm64/share/doc/openssl/html/man3/SSL_check_chain.html
install doc/html/man3/SSL_clear.html -> /c/ag-openssl-e138-01/package-04/recipe/pkg/mingw-w64-aarch64-openssl/mingwarm64/share/doc/openssl/html/man3/SSL_clear.html
install doc/html/man3/SSL_connect.html -> /c/ag-openssl-e138-01/package-04/recipe/pkg/mingw-w64-aarch64-openssl/mingwarm64/share/doc/openssl/html/man3/SSL_connect.html
install doc/html/man3/SSL_do_handshake.html -> /c/ag-openssl-e138-01/package-04/recipe/pkg/mingw-w64-aarch64-openssl/mingwarm64/share/doc/openssl/html/man3/SSL_do_handshake.html
install doc/html/man3/SSL_export_keying_material.html -> /c/ag-openssl-e138-01/package-04/recipe/pkg/mingw-w64-aarch64-openssl/mingwarm64/share/doc/openssl/html/man3/SSL_export_keying_material.html
install doc/html/man3/SSL_extension_supported.html -> /c/ag-openssl-e138-01/package-04/recipe/pkg/mingw-w64-aarch64-openssl/mingwarm64/share/doc/openssl/html/man3/SSL_extension_supported.html
install doc/html/man3/SSL_free.html -> /c/ag-openssl-e138-01/package-04/recipe/pkg/mingw-w64-aarch64-openssl/mingwarm64/share/doc/openssl/html/man3/SSL_free.html
install doc/html/man3/SSL_get0_connection.html -> /c/ag-openssl-e138-01/package-04/recipe/pkg/mingw-w64-aarch64-openssl/mingwarm64/share/doc/openssl/html/man3/SSL_get0_connection.html
install doc/html/man3/SSL_get0_group_name.html -> /c/ag-openssl-e138-01/package-04/recipe/pkg/mingw-w64-aarch64-openssl/mingwarm64/share/doc/openssl/html/man3/SSL_get0_group_name.html
install doc/html/man3/SSL_get0_peer_rpk.html -> /c/ag-openssl-e138-01/package-04/recipe/pkg/mingw-w64-aarch64-openssl/mingwarm64/share/doc/openssl/html/man3/SSL_get0_peer_rpk.html
install doc/html/man3/SSL_get0_peer_scts.html -> /c/ag-openssl-e138-01/package-04/recipe/pkg/mingw-w64-aarch64-openssl/mingwarm64/share/doc/openssl/html/man3/SSL_get0_peer_scts.html
install doc/html/man3/SSL_get1_builtin_sigalgs.html -> /c/ag-openssl-e138-01/package-04/recipe/pkg/mingw-w64-aarch64-openssl/mingwarm64/share/doc/openssl/html/man3/SSL_get1_builtin_sigalgs.html
install doc/html/man3/SSL_get_SSL_CTX.html -> /c/ag-openssl-e138-01/package-04/recipe/pkg/mingw-w64-aarch64-openssl/mingwarm64/share/doc/openssl/html/man3/SSL_get_SSL_CTX.html
install doc/html/man3/SSL_get_all_async_fds.html -> /c/ag-openssl-e138-01/package-04/recipe/pkg/mingw-w64-aarch64-openssl/mingwarm64/share/doc/openssl/html/man3/SSL_get_all_async_fds.html
install doc/html/man3/SSL_get_certificate.html -> /c/ag-openssl-e138-01/package-04/recipe/pkg/mingw-w64-aarch64-openssl/mingwarm64/share/doc/openssl/html/man3/SSL_get_certificate.html
install doc/html/man3/SSL_get_ciphers.html -> /c/ag-openssl-e138-01/package-04/recipe/pkg/mingw-w64-aarch64-openssl/mingwarm64/share/doc/openssl/html/man3/SSL_get_ciphers.html
install doc/html/man3/SSL_get_client_random.html -> /c/ag-openssl-e138-01/package-04/recipe/pkg/mingw-w64-aarch64-openssl/mingwarm64/share/doc/openssl/html/man3/SSL_get_client_random.html
install doc/html/man3/SSL_get_conn_close_info.html -> /c/ag-openssl-e138-01/package-04/recipe/pkg/mingw-w64-aarch64-openssl/mingwarm64/share/doc/openssl/html/man3/SSL_get_conn_close_info.html
install doc/html/man3/SSL_get_current_cipher.html -> /c/ag-openssl-e138-01/package-04/recipe/pkg/mingw-w64-aarch64-openssl/mingwarm64/share/doc/openssl/html/man3/SSL_get_current_cipher.html
install doc/html/man3/SSL_get_default_timeout.html -> /c/ag-openssl-e138-01/package-04/recipe/pkg/mingw-w64-aarch64-openssl/mingwarm64/share/doc/openssl/html/man3/SSL_get_default_timeout.html
install doc/html/man3/SSL_get_error.html -> /c/ag-openssl-e138-01/package-04/recipe/pkg/mingw-w64-aarch64-openssl/mingwarm64/share/doc/openssl/html/man3/SSL_get_error.html
install doc/html/man3/SSL_get_event_timeout.html -> /c/ag-openssl-e138-01/package-04/recipe/pkg/mingw-w64-aarch64-openssl/mingwarm64/share/doc/openssl/html/man3/SSL_get_event_timeout.html
install doc/html/man3/SSL_get_extms_support.html -> /c/ag-openssl-e138-01/package-04/recipe/pkg/mingw-w64-aarch64-openssl/mingwarm64/share/doc/openssl/html/man3/SSL_get_extms_support.html
install doc/html/man3/SSL_get_fd.html -> /c/ag-openssl-e138-01/package-04/recipe/pkg/mingw-w64-aarch64-openssl/mingwarm64/share/doc/openssl/html/man3/SSL_get_fd.html
install doc/html/man3/SSL_get_handshake_rtt.html -> /c/ag-openssl-e138-01/package-04/recipe/pkg/mingw-w64-aarch64-openssl/mingwarm64/share/doc/openssl/html/man3/SSL_get_handshake_rtt.html
install doc/html/man3/SSL_get_peer_cert_chain.html -> /c/ag-openssl-e138-01/package-04/recipe/pkg/mingw-w64-aarch64-openssl/mingwarm64/share/doc/openssl/html/man3/SSL_get_peer_cert_chain.html
install doc/html/man3/SSL_get_peer_certificate.html -> /c/ag-openssl-e138-01/package-04/recipe/pkg/mingw-w64-aarch64-openssl/mingwarm64/share/doc/openssl/html/man3/SSL_get_peer_certificate.html
install doc/html/man3/SSL_get_peer_signature_nid.html -> /c/ag-openssl-e138-01/package-04/recipe/pkg/mingw-w64-aarch64-openssl/mingwarm64/share/doc/openssl/html/man3/SSL_get_peer_signature_nid.html
install doc/html/man3/SSL_get_peer_tmp_key.html -> /c/ag-openssl-e138-01/package-04/recipe/pkg/mingw-w64-aarch64-openssl/mingwarm64/share/doc/openssl/html/man3/SSL_get_peer_tmp_key.html
install doc/html/man3/SSL_get_psk_identity.html -> /c/ag-openssl-e138-01/package-04/recipe/pkg/mingw-w64-aarch64-openssl/mingwarm64/share/doc/openssl/html/man3/SSL_get_psk_identity.html
install doc/html/man3/SSL_get_rbio.html -> /c/ag-openssl-e138-01/package-04/recipe/pkg/mingw-w64-aarch64-openssl/mingwarm64/share/doc/openssl/html/man3/SSL_get_rbio.html
install doc/html/man3/SSL_get_rpoll_descriptor.html -> /c/ag-openssl-e138-01/package-04/recipe/pkg/mingw-w64-aarch64-openssl/mingwarm64/share/doc/openssl/html/man3/SSL_get_rpoll_descriptor.html
install doc/html/man3/SSL_get_session.html -> /c/ag-openssl-e138-01/package-04/recipe/pkg/mingw-w64-aarch64-openssl/mingwarm64/share/doc/openssl/html/man3/SSL_get_session.html
install doc/html/man3/SSL_get_shared_sigalgs.html -> /c/ag-openssl-e138-01/package-04/recipe/pkg/mingw-w64-aarch64-openssl/mingwarm64/share/doc/openssl/html/man3/SSL_get_shared_sigalgs.html
install doc/html/man3/SSL_get_stream_id.html -> /c/ag-openssl-e138-01/package-04/recipe/pkg/mingw-w64-aarch64-openssl/mingwarm64/share/doc/openssl/html/man3/SSL_get_stream_id.html
install doc/html/man3/SSL_get_stream_read_state.html -> /c/ag-openssl-e138-01/package-04/recipe/pkg/mingw-w64-aarch64-openssl/mingwarm64/share/doc/openssl/html/man3/SSL_get_stream_read_state.html
install doc/html/man3/SSL_get_value_uint.html -> /c/ag-openssl-e138-01/package-04/recipe/pkg/mingw-w64-aarch64-openssl/mingwarm64/share/doc/openssl/html/man3/SSL_get_value_uint.html
install doc/html/man3/SSL_get_verify_result.html -> /c/ag-openssl-e138-01/package-04/recipe/pkg/mingw-w64-aarch64-openssl/mingwarm64/share/doc/openssl/html/man3/SSL_get_verify_result.html
install doc/html/man3/SSL_get_version.html -> /c/ag-openssl-e138-01/package-04/recipe/pkg/mingw-w64-aarch64-openssl/mingwarm64/share/doc/openssl/html/man3/SSL_get_version.html
install doc/html/man3/SSL_group_to_name.html -> /c/ag-openssl-e138-01/package-04/recipe/pkg/mingw-w64-aarch64-openssl/mingwarm64/share/doc/openssl/html/man3/SSL_group_to_name.html
install doc/html/man3/SSL_handle_events.html -> /c/ag-openssl-e138-01/package-04/recipe/pkg/mingw-w64-aarch64-openssl/mingwarm64/share/doc/openssl/html/man3/SSL_handle_events.html
install doc/html/man3/SSL_in_init.html -> /c/ag-openssl-e138-01/package-04/recipe/pkg/mingw-w64-aarch64-openssl/mingwarm64/share/doc/openssl/html/man3/SSL_in_init.html
install doc/html/man3/SSL_inject_net_dgram.html -> /c/ag-openssl-e138-01/package-04/recipe/pkg/mingw-w64-aarch64-openssl/mingwarm64/share/doc/openssl/html/man3/SSL_inject_net_dgram.html
install doc/html/man3/SSL_key_update.html -> /c/ag-openssl-e138-01/package-04/recipe/pkg/mingw-w64-aarch64-openssl/mingwarm64/share/doc/openssl/html/man3/SSL_key_update.html
install doc/html/man3/SSL_library_init.html -> /c/ag-openssl-e138-01/package-04/recipe/pkg/mingw-w64-aarch64-openssl/mingwarm64/share/doc/openssl/html/man3/SSL_library_init.html
install doc/html/man3/SSL_load_client_CA_file.html -> /c/ag-openssl-e138-01/package-04/recipe/pkg/mingw-w64-aarch64-openssl/mingwarm64/share/doc/openssl/html/man3/SSL_load_client_CA_file.html
install doc/html/man3/SSL_new.html -> /c/ag-openssl-e138-01/package-04/recipe/pkg/mingw-w64-aarch64-openssl/mingwarm64/share/doc/openssl/html/man3/SSL_new.html
install doc/html/man3/SSL_new_domain.html -> /c/ag-openssl-e138-01/package-04/recipe/pkg/mingw-w64-aarch64-openssl/mingwarm64/share/doc/openssl/html/man3/SSL_new_domain.html
install doc/html/man3/SSL_new_listener.html -> /c/ag-openssl-e138-01/package-04/recipe/pkg/mingw-w64-aarch64-openssl/mingwarm64/share/doc/openssl/html/man3/SSL_new_listener.html
install doc/html/man3/SSL_new_stream.html -> /c/ag-openssl-e138-01/package-04/recipe/pkg/mingw-w64-aarch64-openssl/mingwarm64/share/doc/openssl/html/man3/SSL_new_stream.html
install doc/html/man3/SSL_pending.html -> /c/ag-openssl-e138-01/package-04/recipe/pkg/mingw-w64-aarch64-openssl/mingwarm64/share/doc/openssl/html/man3/SSL_pending.html
install doc/html/man3/SSL_poll.html -> /c/ag-openssl-e138-01/package-04/recipe/pkg/mingw-w64-aarch64-openssl/mingwarm64/share/doc/openssl/html/man3/SSL_poll.html
install doc/html/man3/SSL_read.html -> /c/ag-openssl-e138-01/package-04/recipe/pkg/mingw-w64-aarch64-openssl/mingwarm64/share/doc/openssl/html/man3/SSL_read.html
install doc/html/man3/SSL_read_early_data.html -> /c/ag-openssl-e138-01/package-04/recipe/pkg/mingw-w64-aarch64-openssl/mingwarm64/share/doc/openssl/html/man3/SSL_read_early_data.html
install doc/html/man3/SSL_rstate_string.html -> /c/ag-openssl-e138-01/package-04/recipe/pkg/mingw-w64-aarch64-openssl/mingwarm64/share/doc/openssl/html/man3/SSL_rstate_string.html
install doc/html/man3/SSL_session_reused.html -> /c/ag-openssl-e138-01/package-04/recipe/pkg/mingw-w64-aarch64-openssl/mingwarm64/share/doc/openssl/html/man3/SSL_session_reused.html
install doc/html/man3/SSL_set1_host.html -> /c/ag-openssl-e138-01/package-04/recipe/pkg/mingw-w64-aarch64-openssl/mingwarm64/share/doc/openssl/html/man3/SSL_set1_host.html
install doc/html/man3/SSL_set1_initial_peer_addr.html -> /c/ag-openssl-e138-01/package-04/recipe/pkg/mingw-w64-aarch64-openssl/mingwarm64/share/doc/openssl/html/man3/SSL_set1_initial_peer_addr.html
install doc/html/man3/SSL_set1_server_cert_type.html -> /c/ag-openssl-e138-01/package-04/recipe/pkg/mingw-w64-aarch64-openssl/mingwarm64/share/doc/openssl/html/man3/SSL_set1_server_cert_type.html
install doc/html/man3/SSL_set_async_callback.html -> /c/ag-openssl-e138-01/package-04/recipe/pkg/mingw-w64-aarch64-openssl/mingwarm64/share/doc/openssl/html/man3/SSL_set_async_callback.html
install doc/html/man3/SSL_set_bio.html -> /c/ag-openssl-e138-01/package-04/recipe/pkg/mingw-w64-aarch64-openssl/mingwarm64/share/doc/openssl/html/man3/SSL_set_bio.html
install doc/html/man3/SSL_set_blocking_mode.html -> /c/ag-openssl-e138-01/package-04/recipe/pkg/mingw-w64-aarch64-openssl/mingwarm64/share/doc/openssl/html/man3/SSL_set_blocking_mode.html
install doc/html/man3/SSL_set_connect_state.html -> /c/ag-openssl-e138-01/package-04/recipe/pkg/mingw-w64-aarch64-openssl/mingwarm64/share/doc/openssl/html/man3/SSL_set_connect_state.html
install doc/html/man3/SSL_set_default_stream_mode.html -> /c/ag-openssl-e138-01/package-04/recipe/pkg/mingw-w64-aarch64-openssl/mingwarm64/share/doc/openssl/html/man3/SSL_set_default_stream_mode.html
install doc/html/man3/SSL_set_fd.html -> /c/ag-openssl-e138-01/package-04/recipe/pkg/mingw-w64-aarch64-openssl/mingwarm64/share/doc/openssl/html/man3/SSL_set_fd.html
install doc/html/man3/SSL_set_incoming_stream_policy.html -> /c/ag-openssl-e138-01/package-04/recipe/pkg/mingw-w64-aarch64-openssl/mingwarm64/share/doc/openssl/html/man3/SSL_set_incoming_stream_policy.html
install doc/html/man3/SSL_set_quic_tls_cbs.html -> /c/ag-openssl-e138-01/package-04/recipe/pkg/mingw-w64-aarch64-openssl/mingwarm64/share/doc/openssl/html/man3/SSL_set_quic_tls_cbs.html
install doc/html/man3/SSL_set_retry_verify.html -> /c/ag-openssl-e138-01/package-04/recipe/pkg/mingw-w64-aarch64-openssl/mingwarm64/share/doc/openssl/html/man3/SSL_set_retry_verify.html
install doc/html/man3/SSL_set_session.html -> /c/ag-openssl-e138-01/package-04/recipe/pkg/mingw-w64-aarch64-openssl/mingwarm64/share/doc/openssl/html/man3/SSL_set_session.html
install doc/html/man3/SSL_set_session_secret_cb.html -> /c/ag-openssl-e138-01/package-04/recipe/pkg/mingw-w64-aarch64-openssl/mingwarm64/share/doc/openssl/html/man3/SSL_set_session_secret_cb.html
install doc/html/man3/SSL_set_shutdown.html -> /c/ag-openssl-e138-01/package-04/recipe/pkg/mingw-w64-aarch64-openssl/mingwarm64/share/doc/openssl/html/man3/SSL_set_shutdown.html
install doc/html/man3/SSL_set_verify_result.html -> /c/ag-openssl-e138-01/package-04/recipe/pkg/mingw-w64-aarch64-openssl/mingwarm64/share/doc/openssl/html/man3/SSL_set_verify_result.html
install doc/html/man3/SSL_shutdown.html -> /c/ag-openssl-e138-01/package-04/recipe/pkg/mingw-w64-aarch64-openssl/mingwarm64/share/doc/openssl/html/man3/SSL_shutdown.html
install doc/html/man3/SSL_state_string.html -> /c/ag-openssl-e138-01/package-04/recipe/pkg/mingw-w64-aarch64-openssl/mingwarm64/share/doc/openssl/html/man3/SSL_state_string.html
install doc/html/man3/SSL_stream_conclude.html -> /c/ag-openssl-e138-01/package-04/recipe/pkg/mingw-w64-aarch64-openssl/mingwarm64/share/doc/openssl/html/man3/SSL_stream_conclude.html
install doc/html/man3/SSL_stream_reset.html -> /c/ag-openssl-e138-01/package-04/recipe/pkg/mingw-w64-aarch64-openssl/mingwarm64/share/doc/openssl/html/man3/SSL_stream_reset.html
install doc/html/man3/SSL_want.html -> /c/ag-openssl-e138-01/package-04/recipe/pkg/mingw-w64-aarch64-openssl/mingwarm64/share/doc/openssl/html/man3/SSL_want.html
install doc/html/man3/SSL_write.html -> /c/ag-openssl-e138-01/package-04/recipe/pkg/mingw-w64-aarch64-openssl/mingwarm64/share/doc/openssl/html/man3/SSL_write.html
install doc/html/man3/TS_RESP_CTX_new.html -> /c/ag-openssl-e138-01/package-04/recipe/pkg/mingw-w64-aarch64-openssl/mingwarm64/share/doc/openssl/html/man3/TS_RESP_CTX_new.html
install doc/html/man3/TS_VERIFY_CTX.html -> /c/ag-openssl-e138-01/package-04/recipe/pkg/mingw-w64-aarch64-openssl/mingwarm64/share/doc/openssl/html/man3/TS_VERIFY_CTX.html
install doc/html/man3/UI_STRING.html -> /c/ag-openssl-e138-01/package-04/recipe/pkg/mingw-w64-aarch64-openssl/mingwarm64/share/doc/openssl/html/man3/UI_STRING.html
install doc/html/man3/UI_UTIL_read_pw.html -> /c/ag-openssl-e138-01/package-04/recipe/pkg/mingw-w64-aarch64-openssl/mingwarm64/share/doc/openssl/html/man3/UI_UTIL_read_pw.html
install doc/html/man3/UI_create_method.html -> /c/ag-openssl-e138-01/package-04/recipe/pkg/mingw-w64-aarch64-openssl/mingwarm64/share/doc/openssl/html/man3/UI_create_method.html
install doc/html/man3/UI_new.html -> /c/ag-openssl-e138-01/package-04/recipe/pkg/mingw-w64-aarch64-openssl/mingwarm64/share/doc/openssl/html/man3/UI_new.html
install doc/html/man3/X509V3_EXT_print.html -> /c/ag-openssl-e138-01/package-04/recipe/pkg/mingw-w64-aarch64-openssl/mingwarm64/share/doc/openssl/html/man3/X509V3_EXT_print.html
install doc/html/man3/X509V3_get_d2i.html -> /c/ag-openssl-e138-01/package-04/recipe/pkg/mingw-w64-aarch64-openssl/mingwarm64/share/doc/openssl/html/man3/X509V3_get_d2i.html
install doc/html/man3/X509V3_set_ctx.html -> /c/ag-openssl-e138-01/package-04/recipe/pkg/mingw-w64-aarch64-openssl/mingwarm64/share/doc/openssl/html/man3/X509V3_set_ctx.html
install doc/html/man3/X509_ACERT_add1_attr.html -> /c/ag-openssl-e138-01/package-04/recipe/pkg/mingw-w64-aarch64-openssl/mingwarm64/share/doc/openssl/html/man3/X509_ACERT_add1_attr.html
install doc/html/man3/X509_ACERT_add_attr_nconf.html -> /c/ag-openssl-e138-01/package-04/recipe/pkg/mingw-w64-aarch64-openssl/mingwarm64/share/doc/openssl/html/man3/X509_ACERT_add_attr_nconf.html
install doc/html/man3/X509_ACERT_get0_holder_baseCertId.html -> /c/ag-openssl-e138-01/package-04/recipe/pkg/mingw-w64-aarch64-openssl/mingwarm64/share/doc/openssl/html/man3/X509_ACERT_get0_holder_baseCertId.html
install doc/html/man3/X509_ACERT_get_attr.html -> /c/ag-openssl-e138-01/package-04/recipe/pkg/mingw-w64-aarch64-openssl/mingwarm64/share/doc/openssl/html/man3/X509_ACERT_get_attr.html
install doc/html/man3/X509_ACERT_print_ex.html -> /c/ag-openssl-e138-01/package-04/recipe/pkg/mingw-w64-aarch64-openssl/mingwarm64/share/doc/openssl/html/man3/X509_ACERT_print_ex.html
install doc/html/man3/X509_ALGOR_dup.html -> /c/ag-openssl-e138-01/package-04/recipe/pkg/mingw-w64-aarch64-openssl/mingwarm64/share/doc/openssl/html/man3/X509_ALGOR_dup.html
install doc/html/man3/X509_ATTRIBUTE.html -> /c/ag-openssl-e138-01/package-04/recipe/pkg/mingw-w64-aarch64-openssl/mingwarm64/share/doc/openssl/html/man3/X509_ATTRIBUTE.html
install doc/html/man3/X509_CRL_get0_by_serial.html -> /c/ag-openssl-e138-01/package-04/recipe/pkg/mingw-w64-aarch64-openssl/mingwarm64/share/doc/openssl/html/man3/X509_CRL_get0_by_serial.html
install doc/html/man3/X509_EXTENSION_set_object.html -> /c/ag-openssl-e138-01/package-04/recipe/pkg/mingw-w64-aarch64-openssl/mingwarm64/share/doc/openssl/html/man3/X509_EXTENSION_set_object.html
install doc/html/man3/X509_LOOKUP.html -> /c/ag-openssl-e138-01/package-04/recipe/pkg/mingw-w64-aarch64-openssl/mingwarm64/share/doc/openssl/html/man3/X509_LOOKUP.html
install doc/html/man3/X509_LOOKUP_hash_dir.html -> /c/ag-openssl-e138-01/package-04/recipe/pkg/mingw-w64-aarch64-openssl/mingwarm64/share/doc/openssl/html/man3/X509_LOOKUP_hash_dir.html
install doc/html/man3/X509_LOOKUP_meth_new.html -> /c/ag-openssl-e138-01/package-04/recipe/pkg/mingw-w64-aarch64-openssl/mingwarm64/share/doc/openssl/html/man3/X509_LOOKUP_meth_new.html
install doc/html/man3/X509_NAME_ENTRY_get_object.html -> /c/ag-openssl-e138-01/package-04/recipe/pkg/mingw-w64-aarch64-openssl/mingwarm64/share/doc/openssl/html/man3/X509_NAME_ENTRY_get_object.html
install doc/html/man3/X509_NAME_add_entry_by_txt.html -> /c/ag-openssl-e138-01/package-04/recipe/pkg/mingw-w64-aarch64-openssl/mingwarm64/share/doc/openssl/html/man3/X509_NAME_add_entry_by_txt.html
install doc/html/man3/X509_NAME_get0_der.html -> /c/ag-openssl-e138-01/package-04/recipe/pkg/mingw-w64-aarch64-openssl/mingwarm64/share/doc/openssl/html/man3/X509_NAME_get0_der.html
install doc/html/man3/X509_NAME_get_index_by_NID.html -> /c/ag-openssl-e138-01/package-04/recipe/pkg/mingw-w64-aarch64-openssl/mingwarm64/share/doc/openssl/html/man3/X509_NAME_get_index_by_NID.html
install doc/html/man3/X509_NAME_print_ex.html -> /c/ag-openssl-e138-01/package-04/recipe/pkg/mingw-w64-aarch64-openssl/mingwarm64/share/doc/openssl/html/man3/X509_NAME_print_ex.html
install doc/html/man3/X509_PUBKEY_new.html -> /c/ag-openssl-e138-01/package-04/recipe/pkg/mingw-w64-aarch64-openssl/mingwarm64/share/doc/openssl/html/man3/X509_PUBKEY_new.html
install doc/html/man3/X509_REQ_get_attr.html -> /c/ag-openssl-e138-01/package-04/recipe/pkg/mingw-w64-aarch64-openssl/mingwarm64/share/doc/openssl/html/man3/X509_REQ_get_attr.html
install doc/html/man3/X509_REQ_get_extensions.html -> /c/ag-openssl-e138-01/package-04/recipe/pkg/mingw-w64-aarch64-openssl/mingwarm64/share/doc/openssl/html/man3/X509_REQ_get_extensions.html
install doc/html/man3/X509_SIG_get0.html -> /c/ag-openssl-e138-01/package-04/recipe/pkg/mingw-w64-aarch64-openssl/mingwarm64/share/doc/openssl/html/man3/X509_SIG_get0.html
install doc/html/man3/X509_STORE_CTX_get_by_subject.html -> /c/ag-openssl-e138-01/package-04/recipe/pkg/mingw-w64-aarch64-openssl/mingwarm64/share/doc/openssl/html/man3/X509_STORE_CTX_get_by_subject.html
install doc/html/man3/X509_STORE_CTX_get_error.html -> /c/ag-openssl-e138-01/package-04/recipe/pkg/mingw-w64-aarch64-openssl/mingwarm64/share/doc/openssl/html/man3/X509_STORE_CTX_get_error.html
install doc/html/man3/X509_STORE_CTX_new.html -> /c/ag-openssl-e138-01/package-04/recipe/pkg/mingw-w64-aarch64-openssl/mingwarm64/share/doc/openssl/html/man3/X509_STORE_CTX_new.html
install doc/html/man3/X509_STORE_CTX_set_verify_cb.html -> /c/ag-openssl-e138-01/package-04/recipe/pkg/mingw-w64-aarch64-openssl/mingwarm64/share/doc/openssl/html/man3/X509_STORE_CTX_set_verify_cb.html
install doc/html/man3/X509_STORE_add_cert.html -> /c/ag-openssl-e138-01/package-04/recipe/pkg/mingw-w64-aarch64-openssl/mingwarm64/share/doc/openssl/html/man3/X509_STORE_add_cert.html
install doc/html/man3/X509_STORE_get0_param.html -> /c/ag-openssl-e138-01/package-04/recipe/pkg/mingw-w64-aarch64-openssl/mingwarm64/share/doc/openssl/html/man3/X509_STORE_get0_param.html
install doc/html/man3/X509_STORE_new.html -> /c/ag-openssl-e138-01/package-04/recipe/pkg/mingw-w64-aarch64-openssl/mingwarm64/share/doc/openssl/html/man3/X509_STORE_new.html
install doc/html/man3/X509_STORE_set_verify_cb_func.html -> /c/ag-openssl-e138-01/package-04/recipe/pkg/mingw-w64-aarch64-openssl/mingwarm64/share/doc/openssl/html/man3/X509_STORE_set_verify_cb_func.html
install doc/html/man3/X509_VERIFY_PARAM_set_flags.html -> /c/ag-openssl-e138-01/package-04/recipe/pkg/mingw-w64-aarch64-openssl/mingwarm64/share/doc/openssl/html/man3/X509_VERIFY_PARAM_set_flags.html
install doc/html/man3/X509_add_cert.html -> /c/ag-openssl-e138-01/package-04/recipe/pkg/mingw-w64-aarch64-openssl/mingwarm64/share/doc/openssl/html/man3/X509_add_cert.html
install doc/html/man3/X509_check_ca.html -> /c/ag-openssl-e138-01/package-04/recipe/pkg/mingw-w64-aarch64-openssl/mingwarm64/share/doc/openssl/html/man3/X509_check_ca.html
install doc/html/man3/X509_check_host.html -> /c/ag-openssl-e138-01/package-04/recipe/pkg/mingw-w64-aarch64-openssl/mingwarm64/share/doc/openssl/html/man3/X509_check_host.html
install doc/html/man3/X509_check_issued.html -> /c/ag-openssl-e138-01/package-04/recipe/pkg/mingw-w64-aarch64-openssl/mingwarm64/share/doc/openssl/html/man3/X509_check_issued.html
install doc/html/man3/X509_check_private_key.html -> /c/ag-openssl-e138-01/package-04/recipe/pkg/mingw-w64-aarch64-openssl/mingwarm64/share/doc/openssl/html/man3/X509_check_private_key.html
install doc/html/man3/X509_check_purpose.html -> /c/ag-openssl-e138-01/package-04/recipe/pkg/mingw-w64-aarch64-openssl/mingwarm64/share/doc/openssl/html/man3/X509_check_purpose.html
install doc/html/man3/X509_cmp.html -> /c/ag-openssl-e138-01/package-04/recipe/pkg/mingw-w64-aarch64-openssl/mingwarm64/share/doc/openssl/html/man3/X509_cmp.html
install doc/html/man3/X509_cmp_time.html -> /c/ag-openssl-e138-01/package-04/recipe/pkg/mingw-w64-aarch64-openssl/mingwarm64/share/doc/openssl/html/man3/X509_cmp_time.html
install doc/html/man3/X509_digest.html -> /c/ag-openssl-e138-01/package-04/recipe/pkg/mingw-w64-aarch64-openssl/mingwarm64/share/doc/openssl/html/man3/X509_digest.html
install doc/html/man3/X509_dup.html -> /c/ag-openssl-e138-01/package-04/recipe/pkg/mingw-w64-aarch64-openssl/mingwarm64/share/doc/openssl/html/man3/X509_dup.html
install doc/html/man3/X509_get0_distinguishing_id.html -> /c/ag-openssl-e138-01/package-04/recipe/pkg/mingw-w64-aarch64-openssl/mingwarm64/share/doc/openssl/html/man3/X509_get0_distinguishing_id.html
install doc/html/man3/X509_get0_notBefore.html -> /c/ag-openssl-e138-01/package-04/recipe/pkg/mingw-w64-aarch64-openssl/mingwarm64/share/doc/openssl/html/man3/X509_get0_notBefore.html
install doc/html/man3/X509_get0_signature.html -> /c/ag-openssl-e138-01/package-04/recipe/pkg/mingw-w64-aarch64-openssl/mingwarm64/share/doc/openssl/html/man3/X509_get0_signature.html
install doc/html/man3/X509_get0_uids.html -> /c/ag-openssl-e138-01/package-04/recipe/pkg/mingw-w64-aarch64-openssl/mingwarm64/share/doc/openssl/html/man3/X509_get0_uids.html
install doc/html/man3/X509_get_default_cert_file.html -> /c/ag-openssl-e138-01/package-04/recipe/pkg/mingw-w64-aarch64-openssl/mingwarm64/share/doc/openssl/html/man3/X509_get_default_cert_file.html
install doc/html/man3/X509_get_extension_flags.html -> /c/ag-openssl-e138-01/package-04/recipe/pkg/mingw-w64-aarch64-openssl/mingwarm64/share/doc/openssl/html/man3/X509_get_extension_flags.html
install doc/html/man3/X509_get_pubkey.html -> /c/ag-openssl-e138-01/package-04/recipe/pkg/mingw-w64-aarch64-openssl/mingwarm64/share/doc/openssl/html/man3/X509_get_pubkey.html
install doc/html/man3/X509_get_serialNumber.html -> /c/ag-openssl-e138-01/package-04/recipe/pkg/mingw-w64-aarch64-openssl/mingwarm64/share/doc/openssl/html/man3/X509_get_serialNumber.html
install doc/html/man3/X509_get_subject_name.html -> /c/ag-openssl-e138-01/package-04/recipe/pkg/mingw-w64-aarch64-openssl/mingwarm64/share/doc/openssl/html/man3/X509_get_subject_name.html
install doc/html/man3/X509_get_version.html -> /c/ag-openssl-e138-01/package-04/recipe/pkg/mingw-w64-aarch64-openssl/mingwarm64/share/doc/openssl/html/man3/X509_get_version.html
install doc/html/man3/X509_load_http.html -> /c/ag-openssl-e138-01/package-04/recipe/pkg/mingw-w64-aarch64-openssl/mingwarm64/share/doc/openssl/html/man3/X509_load_http.html
install doc/html/man3/X509_new.html -> /c/ag-openssl-e138-01/package-04/recipe/pkg/mingw-w64-aarch64-openssl/mingwarm64/share/doc/openssl/html/man3/X509_new.html
install doc/html/man3/X509_sign.html -> /c/ag-openssl-e138-01/package-04/recipe/pkg/mingw-w64-aarch64-openssl/mingwarm64/share/doc/openssl/html/man3/X509_sign.html
install doc/html/man3/X509_verify.html -> /c/ag-openssl-e138-01/package-04/recipe/pkg/mingw-w64-aarch64-openssl/mingwarm64/share/doc/openssl/html/man3/X509_verify.html
install doc/html/man3/X509_verify_cert.html -> /c/ag-openssl-e138-01/package-04/recipe/pkg/mingw-w64-aarch64-openssl/mingwarm64/share/doc/openssl/html/man3/X509_verify_cert.html
install doc/html/man3/X509v3_get_ext_by_NID.html -> /c/ag-openssl-e138-01/package-04/recipe/pkg/mingw-w64-aarch64-openssl/mingwarm64/share/doc/openssl/html/man3/X509v3_get_ext_by_NID.html
install doc/html/man3/b2i_PVK_bio_ex.html -> /c/ag-openssl-e138-01/package-04/recipe/pkg/mingw-w64-aarch64-openssl/mingwarm64/share/doc/openssl/html/man3/b2i_PVK_bio_ex.html
install doc/html/man3/d2i_PKCS8PrivateKey_bio.html -> /c/ag-openssl-e138-01/package-04/recipe/pkg/mingw-w64-aarch64-openssl/mingwarm64/share/doc/openssl/html/man3/d2i_PKCS8PrivateKey_bio.html
install doc/html/man3/d2i_PrivateKey.html -> /c/ag-openssl-e138-01/package-04/recipe/pkg/mingw-w64-aarch64-openssl/mingwarm64/share/doc/openssl/html/man3/d2i_PrivateKey.html
install doc/html/man3/d2i_RSAPrivateKey.html -> /c/ag-openssl-e138-01/package-04/recipe/pkg/mingw-w64-aarch64-openssl/mingwarm64/share/doc/openssl/html/man3/d2i_RSAPrivateKey.html
install doc/html/man3/d2i_SSL_SESSION.html -> /c/ag-openssl-e138-01/package-04/recipe/pkg/mingw-w64-aarch64-openssl/mingwarm64/share/doc/openssl/html/man3/d2i_SSL_SESSION.html
install doc/html/man3/d2i_X509.html -> /c/ag-openssl-e138-01/package-04/recipe/pkg/mingw-w64-aarch64-openssl/mingwarm64/share/doc/openssl/html/man3/d2i_X509.html
install doc/html/man3/i2d_CMS_bio_stream.html -> /c/ag-openssl-e138-01/package-04/recipe/pkg/mingw-w64-aarch64-openssl/mingwarm64/share/doc/openssl/html/man3/i2d_CMS_bio_stream.html
install doc/html/man3/i2d_PKCS7_bio_stream.html -> /c/ag-openssl-e138-01/package-04/recipe/pkg/mingw-w64-aarch64-openssl/mingwarm64/share/doc/openssl/html/man3/i2d_PKCS7_bio_stream.html
install doc/html/man3/i2d_re_X509_tbs.html -> /c/ag-openssl-e138-01/package-04/recipe/pkg/mingw-w64-aarch64-openssl/mingwarm64/share/doc/openssl/html/man3/i2d_re_X509_tbs.html
install doc/html/man3/o2i_SCT_LIST.html -> /c/ag-openssl-e138-01/package-04/recipe/pkg/mingw-w64-aarch64-openssl/mingwarm64/share/doc/openssl/html/man3/o2i_SCT_LIST.html
install doc/html/man3/s2i_ASN1_IA5STRING.html -> /c/ag-openssl-e138-01/package-04/recipe/pkg/mingw-w64-aarch64-openssl/mingwarm64/share/doc/openssl/html/man3/s2i_ASN1_IA5STRING.html
install doc/html/man5/config.html -> /c/ag-openssl-e138-01/package-04/recipe/pkg/mingw-w64-aarch64-openssl/mingwarm64/share/doc/openssl/html/man5/config.html
install doc/html/man5/fips_config.html -> /c/ag-openssl-e138-01/package-04/recipe/pkg/mingw-w64-aarch64-openssl/mingwarm64/share/doc/openssl/html/man5/fips_config.html
install doc/html/man5/x509v3_config.html -> /c/ag-openssl-e138-01/package-04/recipe/pkg/mingw-w64-aarch64-openssl/mingwarm64/share/doc/openssl/html/man5/x509v3_config.html
install doc/html/man7/EVP_ASYM_CIPHER-RSA.html -> /c/ag-openssl-e138-01/package-04/recipe/pkg/mingw-w64-aarch64-openssl/mingwarm64/share/doc/openssl/html/man7/EVP_ASYM_CIPHER-RSA.html
install doc/html/man7/EVP_ASYM_CIPHER-SM2.html -> /c/ag-openssl-e138-01/package-04/recipe/pkg/mingw-w64-aarch64-openssl/mingwarm64/share/doc/openssl/html/man7/EVP_ASYM_CIPHER-SM2.html
install doc/html/man7/EVP_CIPHER-AES.html -> /c/ag-openssl-e138-01/package-04/recipe/pkg/mingw-w64-aarch64-openssl/mingwarm64/share/doc/openssl/html/man7/EVP_CIPHER-AES.html
install doc/html/man7/EVP_CIPHER-ARIA.html -> /c/ag-openssl-e138-01/package-04/recipe/pkg/mingw-w64-aarch64-openssl/mingwarm64/share/doc/openssl/html/man7/EVP_CIPHER-ARIA.html
install doc/html/man7/EVP_CIPHER-BLOWFISH.html -> /c/ag-openssl-e138-01/package-04/recipe/pkg/mingw-w64-aarch64-openssl/mingwarm64/share/doc/openssl/html/man7/EVP_CIPHER-BLOWFISH.html
install doc/html/man7/EVP_CIPHER-CAMELLIA.html -> /c/ag-openssl-e138-01/package-04/recipe/pkg/mingw-w64-aarch64-openssl/mingwarm64/share/doc/openssl/html/man7/EVP_CIPHER-CAMELLIA.html
install doc/html/man7/EVP_CIPHER-CAST.html -> /c/ag-openssl-e138-01/package-04/recipe/pkg/mingw-w64-aarch64-openssl/mingwarm64/share/doc/openssl/html/man7/EVP_CIPHER-CAST.html
install doc/html/man7/EVP_CIPHER-CHACHA.html -> /c/ag-openssl-e138-01/package-04/recipe/pkg/mingw-w64-aarch64-openssl/mingwarm64/share/doc/openssl/html/man7/EVP_CIPHER-CHACHA.html
install doc/html/man7/EVP_CIPHER-DES.html -> /c/ag-openssl-e138-01/package-04/recipe/pkg/mingw-w64-aarch64-openssl/mingwarm64/share/doc/openssl/html/man7/EVP_CIPHER-DES.html
install doc/html/man7/EVP_CIPHER-IDEA.html -> /c/ag-openssl-e138-01/package-04/recipe/pkg/mingw-w64-aarch64-openssl/mingwarm64/share/doc/openssl/html/man7/EVP_CIPHER-IDEA.html
install doc/html/man7/EVP_CIPHER-NULL.html -> /c/ag-openssl-e138-01/package-04/recipe/pkg/mingw-w64-aarch64-openssl/mingwarm64/share/doc/openssl/html/man7/EVP_CIPHER-NULL.html
install doc/html/man7/EVP_CIPHER-RC2.html -> /c/ag-openssl-e138-01/package-04/recipe/pkg/mingw-w64-aarch64-openssl/mingwarm64/share/doc/openssl/html/man7/EVP_CIPHER-RC2.html
install doc/html/man7/EVP_CIPHER-RC4.html -> /c/ag-openssl-e138-01/package-04/recipe/pkg/mingw-w64-aarch64-openssl/mingwarm64/share/doc/openssl/html/man7/EVP_CIPHER-RC4.html
install doc/html/man7/EVP_CIPHER-RC5.html -> /c/ag-openssl-e138-01/package-04/recipe/pkg/mingw-w64-aarch64-openssl/mingwarm64/share/doc/openssl/html/man7/EVP_CIPHER-RC5.html
install doc/html/man7/EVP_CIPHER-SEED.html -> /c/ag-openssl-e138-01/package-04/recipe/pkg/mingw-w64-aarch64-openssl/mingwarm64/share/doc/openssl/html/man7/EVP_CIPHER-SEED.html
install doc/html/man7/EVP_CIPHER-SM4.html -> /c/ag-openssl-e138-01/package-04/recipe/pkg/mingw-w64-aarch64-openssl/mingwarm64/share/doc/openssl/html/man7/EVP_CIPHER-SM4.html
install doc/html/man7/EVP_KDF-ARGON2.html -> /c/ag-openssl-e138-01/package-04/recipe/pkg/mingw-w64-aarch64-openssl/mingwarm64/share/doc/openssl/html/man7/EVP_KDF-ARGON2.html
install doc/html/man7/EVP_KDF-HKDF.html -> /c/ag-openssl-e138-01/package-04/recipe/pkg/mingw-w64-aarch64-openssl/mingwarm64/share/doc/openssl/html/man7/EVP_KDF-HKDF.html
install doc/html/man7/EVP_KDF-HMAC-DRBG.html -> /c/ag-openssl-e138-01/package-04/recipe/pkg/mingw-w64-aarch64-openssl/mingwarm64/share/doc/openssl/html/man7/EVP_KDF-HMAC-DRBG.html
install doc/html/man7/EVP_KDF-KB.html -> /c/ag-openssl-e138-01/package-04/recipe/pkg/mingw-w64-aarch64-openssl/mingwarm64/share/doc/openssl/html/man7/EVP_KDF-KB.html
install doc/html/man7/EVP_KDF-KRB5KDF.html -> /c/ag-openssl-e138-01/package-04/recipe/pkg/mingw-w64-aarch64-openssl/mingwarm64/share/doc/openssl/html/man7/EVP_KDF-KRB5KDF.html
install doc/html/man7/EVP_KDF-PBKDF1.html -> /c/ag-openssl-e138-01/package-04/recipe/pkg/mingw-w64-aarch64-openssl/mingwarm64/share/doc/openssl/html/man7/EVP_KDF-PBKDF1.html
install doc/html/man7/EVP_KDF-PBKDF2.html -> /c/ag-openssl-e138-01/package-04/recipe/pkg/mingw-w64-aarch64-openssl/mingwarm64/share/doc/openssl/html/man7/EVP_KDF-PBKDF2.html
install doc/html/man7/EVP_KDF-PKCS12KDF.html -> /c/ag-openssl-e138-01/package-04/recipe/pkg/mingw-w64-aarch64-openssl/mingwarm64/share/doc/openssl/html/man7/EVP_KDF-PKCS12KDF.html
install doc/html/man7/EVP_KDF-PVKKDF.html -> /c/ag-openssl-e138-01/package-04/recipe/pkg/mingw-w64-aarch64-openssl/mingwarm64/share/doc/openssl/html/man7/EVP_KDF-PVKKDF.html
install doc/html/man7/EVP_KDF-SCRYPT.html -> /c/ag-openssl-e138-01/package-04/recipe/pkg/mingw-w64-aarch64-openssl/mingwarm64/share/doc/openssl/html/man7/EVP_KDF-SCRYPT.html
install doc/html/man7/EVP_KDF-SS.html -> /c/ag-openssl-e138-01/package-04/recipe/pkg/mingw-w64-aarch64-openssl/mingwarm64/share/doc/openssl/html/man7/EVP_KDF-SS.html
install doc/html/man7/EVP_KDF-SSHKDF.html -> /c/ag-openssl-e138-01/package-04/recipe/pkg/mingw-w64-aarch64-openssl/mingwarm64/share/doc/openssl/html/man7/EVP_KDF-SSHKDF.html
install doc/html/man7/EVP_KDF-TLS13_KDF.html -> /c/ag-openssl-e138-01/package-04/recipe/pkg/mingw-w64-aarch64-openssl/mingwarm64/share/doc/openssl/html/man7/EVP_KDF-TLS13_KDF.html
install doc/html/man7/EVP_KDF-TLS1_PRF.html -> /c/ag-openssl-e138-01/package-04/recipe/pkg/mingw-w64-aarch64-openssl/mingwarm64/share/doc/openssl/html/man7/EVP_KDF-TLS1_PRF.html
install doc/html/man7/EVP_KDF-X942-ASN1.html -> /c/ag-openssl-e138-01/package-04/recipe/pkg/mingw-w64-aarch64-openssl/mingwarm64/share/doc/openssl/html/man7/EVP_KDF-X942-ASN1.html
install doc/html/man7/EVP_KDF-X942-CONCAT.html -> /c/ag-openssl-e138-01/package-04/recipe/pkg/mingw-w64-aarch64-openssl/mingwarm64/share/doc/openssl/html/man7/EVP_KDF-X942-CONCAT.html
install doc/html/man7/EVP_KDF-X963.html -> /c/ag-openssl-e138-01/package-04/recipe/pkg/mingw-w64-aarch64-openssl/mingwarm64/share/doc/openssl/html/man7/EVP_KDF-X963.html
install doc/html/man7/EVP_KEM-EC.html -> /c/ag-openssl-e138-01/package-04/recipe/pkg/mingw-w64-aarch64-openssl/mingwarm64/share/doc/openssl/html/man7/EVP_KEM-EC.html
install doc/html/man7/EVP_KEM-ML-KEM.html -> /c/ag-openssl-e138-01/package-04/recipe/pkg/mingw-w64-aarch64-openssl/mingwarm64/share/doc/openssl/html/man7/EVP_KEM-ML-KEM.html
install doc/html/man7/EVP_KEM-RSA.html -> /c/ag-openssl-e138-01/package-04/recipe/pkg/mingw-w64-aarch64-openssl/mingwarm64/share/doc/openssl/html/man7/EVP_KEM-RSA.html
install doc/html/man7/EVP_KEM-X25519.html -> /c/ag-openssl-e138-01/package-04/recipe/pkg/mingw-w64-aarch64-openssl/mingwarm64/share/doc/openssl/html/man7/EVP_KEM-X25519.html
install doc/html/man7/EVP_KEYEXCH-DH.html -> /c/ag-openssl-e138-01/package-04/recipe/pkg/mingw-w64-aarch64-openssl/mingwarm64/share/doc/openssl/html/man7/EVP_KEYEXCH-DH.html
install doc/html/man7/EVP_KEYEXCH-ECDH.html -> /c/ag-openssl-e138-01/package-04/recipe/pkg/mingw-w64-aarch64-openssl/mingwarm64/share/doc/openssl/html/man7/EVP_KEYEXCH-ECDH.html
install doc/html/man7/EVP_KEYEXCH-X25519.html -> /c/ag-openssl-e138-01/package-04/recipe/pkg/mingw-w64-aarch64-openssl/mingwarm64/share/doc/openssl/html/man7/EVP_KEYEXCH-X25519.html
install doc/html/man7/EVP_MAC-BLAKE2.html -> /c/ag-openssl-e138-01/package-04/recipe/pkg/mingw-w64-aarch64-openssl/mingwarm64/share/doc/openssl/html/man7/EVP_MAC-BLAKE2.html
install doc/html/man7/EVP_MAC-CMAC.html -> /c/ag-openssl-e138-01/package-04/recipe/pkg/mingw-w64-aarch64-openssl/mingwarm64/share/doc/openssl/html/man7/EVP_MAC-CMAC.html
install doc/html/man7/EVP_MAC-GMAC.html -> /c/ag-openssl-e138-01/package-04/recipe/pkg/mingw-w64-aarch64-openssl/mingwarm64/share/doc/openssl/html/man7/EVP_MAC-GMAC.html
install doc/html/man7/EVP_MAC-HMAC.html -> /c/ag-openssl-e138-01/package-04/recipe/pkg/mingw-w64-aarch64-openssl/mingwarm64/share/doc/openssl/html/man7/EVP_MAC-HMAC.html
install doc/html/man7/EVP_MAC-KMAC.html -> /c/ag-openssl-e138-01/package-04/recipe/pkg/mingw-w64-aarch64-openssl/mingwarm64/share/doc/openssl/html/man7/EVP_MAC-KMAC.html
install doc/html/man7/EVP_MAC-Poly1305.html -> /c/ag-openssl-e138-01/package-04/recipe/pkg/mingw-w64-aarch64-openssl/mingwarm64/share/doc/openssl/html/man7/EVP_MAC-Poly1305.html
install doc/html/man7/EVP_MAC-Siphash.html -> /c/ag-openssl-e138-01/package-04/recipe/pkg/mingw-w64-aarch64-openssl/mingwarm64/share/doc/openssl/html/man7/EVP_MAC-Siphash.html
install doc/html/man7/EVP_MD-BLAKE2.html -> /c/ag-openssl-e138-01/package-04/recipe/pkg/mingw-w64-aarch64-openssl/mingwarm64/share/doc/openssl/html/man7/EVP_MD-BLAKE2.html
install doc/html/man7/EVP_MD-KECCAK.html -> /c/ag-openssl-e138-01/package-04/recipe/pkg/mingw-w64-aarch64-openssl/mingwarm64/share/doc/openssl/html/man7/EVP_MD-KECCAK.html
install doc/html/man7/EVP_MD-MD2.html -> /c/ag-openssl-e138-01/package-04/recipe/pkg/mingw-w64-aarch64-openssl/mingwarm64/share/doc/openssl/html/man7/EVP_MD-MD2.html
install doc/html/man7/EVP_MD-MD4.html -> /c/ag-openssl-e138-01/package-04/recipe/pkg/mingw-w64-aarch64-openssl/mingwarm64/share/doc/openssl/html/man7/EVP_MD-MD4.html
install doc/html/man7/EVP_MD-MD5-SHA1.html -> /c/ag-openssl-e138-01/package-04/recipe/pkg/mingw-w64-aarch64-openssl/mingwarm64/share/doc/openssl/html/man7/EVP_MD-MD5-SHA1.html
install doc/html/man7/EVP_MD-MD5.html -> /c/ag-openssl-e138-01/package-04/recipe/pkg/mingw-w64-aarch64-openssl/mingwarm64/share/doc/openssl/html/man7/EVP_MD-MD5.html
install doc/html/man7/EVP_MD-MDC2.html -> /c/ag-openssl-e138-01/package-04/recipe/pkg/mingw-w64-aarch64-openssl/mingwarm64/share/doc/openssl/html/man7/EVP_MD-MDC2.html
install doc/html/man7/EVP_MD-NULL.html -> /c/ag-openssl-e138-01/package-04/recipe/pkg/mingw-w64-aarch64-openssl/mingwarm64/share/doc/openssl/html/man7/EVP_MD-NULL.html
install doc/html/man7/EVP_MD-RIPEMD160.html -> /c/ag-openssl-e138-01/package-04/recipe/pkg/mingw-w64-aarch64-openssl/mingwarm64/share/doc/openssl/html/man7/EVP_MD-RIPEMD160.html
install doc/html/man7/EVP_MD-SHA1.html -> /c/ag-openssl-e138-01/package-04/recipe/pkg/mingw-w64-aarch64-openssl/mingwarm64/share/doc/openssl/html/man7/EVP_MD-SHA1.html
install doc/html/man7/EVP_MD-SHA2.html -> /c/ag-openssl-e138-01/package-04/recipe/pkg/mingw-w64-aarch64-openssl/mingwarm64/share/doc/openssl/html/man7/EVP_MD-SHA2.html
install doc/html/man7/EVP_MD-SHA3.html -> /c/ag-openssl-e138-01/package-04/recipe/pkg/mingw-w64-aarch64-openssl/mingwarm64/share/doc/openssl/html/man7/EVP_MD-SHA3.html
install doc/html/man7/EVP_MD-SHAKE.html -> /c/ag-openssl-e138-01/package-04/recipe/pkg/mingw-w64-aarch64-openssl/mingwarm64/share/doc/openssl/html/man7/EVP_MD-SHAKE.html
install doc/html/man7/EVP_MD-SM3.html -> /c/ag-openssl-e138-01/package-04/recipe/pkg/mingw-w64-aarch64-openssl/mingwarm64/share/doc/openssl/html/man7/EVP_MD-SM3.html
install doc/html/man7/EVP_MD-WHIRLPOOL.html -> /c/ag-openssl-e138-01/package-04/recipe/pkg/mingw-w64-aarch64-openssl/mingwarm64/share/doc/openssl/html/man7/EVP_MD-WHIRLPOOL.html
install doc/html/man7/EVP_MD-common.html -> /c/ag-openssl-e138-01/package-04/recipe/pkg/mingw-w64-aarch64-openssl/mingwarm64/share/doc/openssl/html/man7/EVP_MD-common.html
install doc/html/man7/EVP_PKEY-DH.html -> /c/ag-openssl-e138-01/package-04/recipe/pkg/mingw-w64-aarch64-openssl/mingwarm64/share/doc/openssl/html/man7/EVP_PKEY-DH.html
install doc/html/man7/EVP_PKEY-DSA.html -> /c/ag-openssl-e138-01/package-04/recipe/pkg/mingw-w64-aarch64-openssl/mingwarm64/share/doc/openssl/html/man7/EVP_PKEY-DSA.html
install doc/html/man7/EVP_PKEY-EC.html -> /c/ag-openssl-e138-01/package-04/recipe/pkg/mingw-w64-aarch64-openssl/mingwarm64/share/doc/openssl/html/man7/EVP_PKEY-EC.html
install doc/html/man7/EVP_PKEY-FFC.html -> /c/ag-openssl-e138-01/package-04/recipe/pkg/mingw-w64-aarch64-openssl/mingwarm64/share/doc/openssl/html/man7/EVP_PKEY-FFC.html
install doc/html/man7/EVP_PKEY-HMAC.html -> /c/ag-openssl-e138-01/package-04/recipe/pkg/mingw-w64-aarch64-openssl/mingwarm64/share/doc/openssl/html/man7/EVP_PKEY-HMAC.html
install doc/html/man7/EVP_PKEY-LMS.html -> /c/ag-openssl-e138-01/package-04/recipe/pkg/mingw-w64-aarch64-openssl/mingwarm64/share/doc/openssl/html/man7/EVP_PKEY-LMS.html
install doc/html/man7/EVP_PKEY-ML-DSA.html -> /c/ag-openssl-e138-01/package-04/recipe/pkg/mingw-w64-aarch64-openssl/mingwarm64/share/doc/openssl/html/man7/EVP_PKEY-ML-DSA.html
install doc/html/man7/EVP_PKEY-ML-KEM.html -> /c/ag-openssl-e138-01/package-04/recipe/pkg/mingw-w64-aarch64-openssl/mingwarm64/share/doc/openssl/html/man7/EVP_PKEY-ML-KEM.html
install doc/html/man7/EVP_PKEY-RSA.html -> /c/ag-openssl-e138-01/package-04/recipe/pkg/mingw-w64-aarch64-openssl/mingwarm64/share/doc/openssl/html/man7/EVP_PKEY-RSA.html
install doc/html/man7/EVP_PKEY-SLH-DSA.html -> /c/ag-openssl-e138-01/package-04/recipe/pkg/mingw-w64-aarch64-openssl/mingwarm64/share/doc/openssl/html/man7/EVP_PKEY-SLH-DSA.html
install doc/html/man7/EVP_PKEY-SM2.html -> /c/ag-openssl-e138-01/package-04/recipe/pkg/mingw-w64-aarch64-openssl/mingwarm64/share/doc/openssl/html/man7/EVP_PKEY-SM2.html
install doc/html/man7/EVP_PKEY-X25519.html -> /c/ag-openssl-e138-01/package-04/recipe/pkg/mingw-w64-aarch64-openssl/mingwarm64/share/doc/openssl/html/man7/EVP_PKEY-X25519.html
install doc/html/man7/EVP_RAND-CRNG-TEST.html -> /c/ag-openssl-e138-01/package-04/recipe/pkg/mingw-w64-aarch64-openssl/mingwarm64/share/doc/openssl/html/man7/EVP_RAND-CRNG-TEST.html
install doc/html/man7/EVP_RAND-CTR-DRBG.html -> /c/ag-openssl-e138-01/package-04/recipe/pkg/mingw-w64-aarch64-openssl/mingwarm64/share/doc/openssl/html/man7/EVP_RAND-CTR-DRBG.html
install doc/html/man7/EVP_RAND-HASH-DRBG.html -> /c/ag-openssl-e138-01/package-04/recipe/pkg/mingw-w64-aarch64-openssl/mingwarm64/share/doc/openssl/html/man7/EVP_RAND-HASH-DRBG.html
install doc/html/man7/EVP_RAND-HMAC-DRBG.html -> /c/ag-openssl-e138-01/package-04/recipe/pkg/mingw-w64-aarch64-openssl/mingwarm64/share/doc/openssl/html/man7/EVP_RAND-HMAC-DRBG.html
install doc/html/man7/EVP_RAND-JITTER.html -> /c/ag-openssl-e138-01/package-04/recipe/pkg/mingw-w64-aarch64-openssl/mingwarm64/share/doc/openssl/html/man7/EVP_RAND-JITTER.html
install doc/html/man7/EVP_RAND-SEED-SRC.html -> /c/ag-openssl-e138-01/package-04/recipe/pkg/mingw-w64-aarch64-openssl/mingwarm64/share/doc/openssl/html/man7/EVP_RAND-SEED-SRC.html
install doc/html/man7/EVP_RAND-TEST-RAND.html -> /c/ag-openssl-e138-01/package-04/recipe/pkg/mingw-w64-aarch64-openssl/mingwarm64/share/doc/openssl/html/man7/EVP_RAND-TEST-RAND.html
install doc/html/man7/EVP_RAND.html -> /c/ag-openssl-e138-01/package-04/recipe/pkg/mingw-w64-aarch64-openssl/mingwarm64/share/doc/openssl/html/man7/EVP_RAND.html
install doc/html/man7/EVP_SIGNATURE-DSA.html -> /c/ag-openssl-e138-01/package-04/recipe/pkg/mingw-w64-aarch64-openssl/mingwarm64/share/doc/openssl/html/man7/EVP_SIGNATURE-DSA.html
install doc/html/man7/EVP_SIGNATURE-ECDSA.html -> /c/ag-openssl-e138-01/package-04/recipe/pkg/mingw-w64-aarch64-openssl/mingwarm64/share/doc/openssl/html/man7/EVP_SIGNATURE-ECDSA.html
install doc/html/man7/EVP_SIGNATURE-ED25519.html -> /c/ag-openssl-e138-01/package-04/recipe/pkg/mingw-w64-aarch64-openssl/mingwarm64/share/doc/openssl/html/man7/EVP_SIGNATURE-ED25519.html
install doc/html/man7/EVP_SIGNATURE-HMAC.html -> /c/ag-openssl-e138-01/package-04/recipe/pkg/mingw-w64-aarch64-openssl/mingwarm64/share/doc/openssl/html/man7/EVP_SIGNATURE-HMAC.html
install doc/html/man7/EVP_SIGNATURE-LMS.html -> /c/ag-openssl-e138-01/package-04/recipe/pkg/mingw-w64-aarch64-openssl/mingwarm64/share/doc/openssl/html/man7/EVP_SIGNATURE-LMS.html
install doc/html/man7/EVP_SIGNATURE-ML-DSA.html -> /c/ag-openssl-e138-01/package-04/recipe/pkg/mingw-w64-aarch64-openssl/mingwarm64/share/doc/openssl/html/man7/EVP_SIGNATURE-ML-DSA.html
install doc/html/man7/EVP_SIGNATURE-RSA.html -> /c/ag-openssl-e138-01/package-04/recipe/pkg/mingw-w64-aarch64-openssl/mingwarm64/share/doc/openssl/html/man7/EVP_SIGNATURE-RSA.html
install doc/html/man7/EVP_SIGNATURE-SLH-DSA.html -> /c/ag-openssl-e138-01/package-04/recipe/pkg/mingw-w64-aarch64-openssl/mingwarm64/share/doc/openssl/html/man7/EVP_SIGNATURE-SLH-DSA.html
install doc/html/man7/OSSL_PROVIDER-FIPS.html -> /c/ag-openssl-e138-01/package-04/recipe/pkg/mingw-w64-aarch64-openssl/mingwarm64/share/doc/openssl/html/man7/OSSL_PROVIDER-FIPS.html
install doc/html/man7/OSSL_PROVIDER-base.html -> /c/ag-openssl-e138-01/package-04/recipe/pkg/mingw-w64-aarch64-openssl/mingwarm64/share/doc/openssl/html/man7/OSSL_PROVIDER-base.html
install doc/html/man7/OSSL_PROVIDER-default.html -> /c/ag-openssl-e138-01/package-04/recipe/pkg/mingw-w64-aarch64-openssl/mingwarm64/share/doc/openssl/html/man7/OSSL_PROVIDER-default.html
install doc/html/man7/OSSL_PROVIDER-legacy.html -> /c/ag-openssl-e138-01/package-04/recipe/pkg/mingw-w64-aarch64-openssl/mingwarm64/share/doc/openssl/html/man7/OSSL_PROVIDER-legacy.html
install doc/html/man7/OSSL_PROVIDER-null.html -> /c/ag-openssl-e138-01/package-04/recipe/pkg/mingw-w64-aarch64-openssl/mingwarm64/share/doc/openssl/html/man7/OSSL_PROVIDER-null.html
install doc/html/man7/OSSL_STORE-winstore.html -> /c/ag-openssl-e138-01/package-04/recipe/pkg/mingw-w64-aarch64-openssl/mingwarm64/share/doc/openssl/html/man7/OSSL_STORE-winstore.html
install doc/html/man7/RAND.html -> /c/ag-openssl-e138-01/package-04/recipe/pkg/mingw-w64-aarch64-openssl/mingwarm64/share/doc/openssl/html/man7/RAND.html
install doc/html/man7/RSA-PSS.html -> /c/ag-openssl-e138-01/package-04/recipe/pkg/mingw-w64-aarch64-openssl/mingwarm64/share/doc/openssl/html/man7/RSA-PSS.html
install doc/html/man7/X25519.html -> /c/ag-openssl-e138-01/package-04/recipe/pkg/mingw-w64-aarch64-openssl/mingwarm64/share/doc/openssl/html/man7/X25519.html
install doc/html/man7/bio.html -> /c/ag-openssl-e138-01/package-04/recipe/pkg/mingw-w64-aarch64-openssl/mingwarm64/share/doc/openssl/html/man7/bio.html
install doc/html/man7/ct.html -> /c/ag-openssl-e138-01/package-04/recipe/pkg/mingw-w64-aarch64-openssl/mingwarm64/share/doc/openssl/html/man7/ct.html
install doc/html/man7/des_modes.html -> /c/ag-openssl-e138-01/package-04/recipe/pkg/mingw-w64-aarch64-openssl/mingwarm64/share/doc/openssl/html/man7/des_modes.html
install doc/html/man7/evp.html -> /c/ag-openssl-e138-01/package-04/recipe/pkg/mingw-w64-aarch64-openssl/mingwarm64/share/doc/openssl/html/man7/evp.html
install doc/html/man7/fips_module.html -> /c/ag-openssl-e138-01/package-04/recipe/pkg/mingw-w64-aarch64-openssl/mingwarm64/share/doc/openssl/html/man7/fips_module.html
install doc/html/man7/life_cycle-cipher.html -> /c/ag-openssl-e138-01/package-04/recipe/pkg/mingw-w64-aarch64-openssl/mingwarm64/share/doc/openssl/html/man7/life_cycle-cipher.html
install doc/html/man7/life_cycle-digest.html -> /c/ag-openssl-e138-01/package-04/recipe/pkg/mingw-w64-aarch64-openssl/mingwarm64/share/doc/openssl/html/man7/life_cycle-digest.html
install doc/html/man7/life_cycle-kdf.html -> /c/ag-openssl-e138-01/package-04/recipe/pkg/mingw-w64-aarch64-openssl/mingwarm64/share/doc/openssl/html/man7/life_cycle-kdf.html
install doc/html/man7/life_cycle-mac.html -> /c/ag-openssl-e138-01/package-04/recipe/pkg/mingw-w64-aarch64-openssl/mingwarm64/share/doc/openssl/html/man7/life_cycle-mac.html
install doc/html/man7/life_cycle-pkey.html -> /c/ag-openssl-e138-01/package-04/recipe/pkg/mingw-w64-aarch64-openssl/mingwarm64/share/doc/openssl/html/man7/life_cycle-pkey.html
install doc/html/man7/life_cycle-rand.html -> /c/ag-openssl-e138-01/package-04/recipe/pkg/mingw-w64-aarch64-openssl/mingwarm64/share/doc/openssl/html/man7/life_cycle-rand.html
install doc/html/man7/openssl-core.h.html -> /c/ag-openssl-e138-01/package-04/recipe/pkg/mingw-w64-aarch64-openssl/mingwarm64/share/doc/openssl/html/man7/openssl-core.h.html
install doc/html/man7/openssl-core_dispatch.h.html -> /c/ag-openssl-e138-01/package-04/recipe/pkg/mingw-w64-aarch64-openssl/mingwarm64/share/doc/openssl/html/man7/openssl-core_dispatch.h.html
install doc/html/man7/openssl-core_names.h.html -> /c/ag-openssl-e138-01/package-04/recipe/pkg/mingw-w64-aarch64-openssl/mingwarm64/share/doc/openssl/html/man7/openssl-core_names.h.html
install doc/html/man7/openssl-env.html -> /c/ag-openssl-e138-01/package-04/recipe/pkg/mingw-w64-aarch64-openssl/mingwarm64/share/doc/openssl/html/man7/openssl-env.html
install doc/html/man7/openssl-glossary.html -> /c/ag-openssl-e138-01/package-04/recipe/pkg/mingw-w64-aarch64-openssl/mingwarm64/share/doc/openssl/html/man7/openssl-glossary.html
install doc/html/man7/openssl-qlog.html -> /c/ag-openssl-e138-01/package-04/recipe/pkg/mingw-w64-aarch64-openssl/mingwarm64/share/doc/openssl/html/man7/openssl-qlog.html
install doc/html/man7/openssl-quic-concurrency.html -> /c/ag-openssl-e138-01/package-04/recipe/pkg/mingw-w64-aarch64-openssl/mingwarm64/share/doc/openssl/html/man7/openssl-quic-concurrency.html
install doc/html/man7/openssl-quic.html -> /c/ag-openssl-e138-01/package-04/recipe/pkg/mingw-w64-aarch64-openssl/mingwarm64/share/doc/openssl/html/man7/openssl-quic.html
install doc/html/man7/openssl-threads.html -> /c/ag-openssl-e138-01/package-04/recipe/pkg/mingw-w64-aarch64-openssl/mingwarm64/share/doc/openssl/html/man7/openssl-threads.html
install doc/html/man7/openssl_user_macros.html -> /c/ag-openssl-e138-01/package-04/recipe/pkg/mingw-w64-aarch64-openssl/mingwarm64/share/doc/openssl/html/man7/openssl_user_macros.html
install doc/html/man7/ossl-guide-introduction.html -> /c/ag-openssl-e138-01/package-04/recipe/pkg/mingw-w64-aarch64-openssl/mingwarm64/share/doc/openssl/html/man7/ossl-guide-introduction.html
install doc/html/man7/ossl-guide-libcrypto-introduction.html -> /c/ag-openssl-e138-01/package-04/recipe/pkg/mingw-w64-aarch64-openssl/mingwarm64/share/doc/openssl/html/man7/ossl-guide-libcrypto-introduction.html
install doc/html/man7/ossl-guide-libraries-introduction.html -> /c/ag-openssl-e138-01/package-04/recipe/pkg/mingw-w64-aarch64-openssl/mingwarm64/share/doc/openssl/html/man7/ossl-guide-libraries-introduction.html
install doc/html/man7/ossl-guide-libssl-introduction.html -> /c/ag-openssl-e138-01/package-04/recipe/pkg/mingw-w64-aarch64-openssl/mingwarm64/share/doc/openssl/html/man7/ossl-guide-libssl-introduction.html
install doc/html/man7/ossl-guide-migration.html -> /c/ag-openssl-e138-01/package-04/recipe/pkg/mingw-w64-aarch64-openssl/mingwarm64/share/doc/openssl/html/man7/ossl-guide-migration.html
install doc/html/man7/ossl-guide-quic-client-block.html -> /c/ag-openssl-e138-01/package-04/recipe/pkg/mingw-w64-aarch64-openssl/mingwarm64/share/doc/openssl/html/man7/ossl-guide-quic-client-block.html
install doc/html/man7/ossl-guide-quic-client-non-block.html -> /c/ag-openssl-e138-01/package-04/recipe/pkg/mingw-w64-aarch64-openssl/mingwarm64/share/doc/openssl/html/man7/ossl-guide-quic-client-non-block.html
install doc/html/man7/ossl-guide-quic-introduction.html -> /c/ag-openssl-e138-01/package-04/recipe/pkg/mingw-w64-aarch64-openssl/mingwarm64/share/doc/openssl/html/man7/ossl-guide-quic-introduction.html
install doc/html/man7/ossl-guide-quic-multi-stream.html -> /c/ag-openssl-e138-01/package-04/recipe/pkg/mingw-w64-aarch64-openssl/mingwarm64/share/doc/openssl/html/man7/ossl-guide-quic-multi-stream.html
install doc/html/man7/ossl-guide-quic-server-block.html -> /c/ag-openssl-e138-01/package-04/recipe/pkg/mingw-w64-aarch64-openssl/mingwarm64/share/doc/openssl/html/man7/ossl-guide-quic-server-block.html
install doc/html/man7/ossl-guide-quic-server-non-block.html -> /c/ag-openssl-e138-01/package-04/recipe/pkg/mingw-w64-aarch64-openssl/mingwarm64/share/doc/openssl/html/man7/ossl-guide-quic-server-non-block.html
install doc/html/man7/ossl-guide-tls-client-block.html -> /c/ag-openssl-e138-01/package-04/recipe/pkg/mingw-w64-aarch64-openssl/mingwarm64/share/doc/openssl/html/man7/ossl-guide-tls-client-block.html
install doc/html/man7/ossl-guide-tls-client-non-block.html -> /c/ag-openssl-e138-01/package-04/recipe/pkg/mingw-w64-aarch64-openssl/mingwarm64/share/doc/openssl/html/man7/ossl-guide-tls-client-non-block.html
install doc/html/man7/ossl-guide-tls-introduction.html -> /c/ag-openssl-e138-01/package-04/recipe/pkg/mingw-w64-aarch64-openssl/mingwarm64/share/doc/openssl/html/man7/ossl-guide-tls-introduction.html
install doc/html/man7/ossl-guide-tls-server-block.html -> /c/ag-openssl-e138-01/package-04/recipe/pkg/mingw-w64-aarch64-openssl/mingwarm64/share/doc/openssl/html/man7/ossl-guide-tls-server-block.html
install doc/html/man7/ossl_store-file.html -> /c/ag-openssl-e138-01/package-04/recipe/pkg/mingw-w64-aarch64-openssl/mingwarm64/share/doc/openssl/html/man7/ossl_store-file.html
install doc/html/man7/ossl_store.html -> /c/ag-openssl-e138-01/package-04/recipe/pkg/mingw-w64-aarch64-openssl/mingwarm64/share/doc/openssl/html/man7/ossl_store.html
install doc/html/man7/passphrase-encoding.html -> /c/ag-openssl-e138-01/package-04/recipe/pkg/mingw-w64-aarch64-openssl/mingwarm64/share/doc/openssl/html/man7/passphrase-encoding.html
install doc/html/man7/property.html -> /c/ag-openssl-e138-01/package-04/recipe/pkg/mingw-w64-aarch64-openssl/mingwarm64/share/doc/openssl/html/man7/property.html
install doc/html/man7/provider-asym_cipher.html -> /c/ag-openssl-e138-01/package-04/recipe/pkg/mingw-w64-aarch64-openssl/mingwarm64/share/doc/openssl/html/man7/provider-asym_cipher.html
install doc/html/man7/provider-base.html -> /c/ag-openssl-e138-01/package-04/recipe/pkg/mingw-w64-aarch64-openssl/mingwarm64/share/doc/openssl/html/man7/provider-base.html
install doc/html/man7/provider-cipher.html -> /c/ag-openssl-e138-01/package-04/recipe/pkg/mingw-w64-aarch64-openssl/mingwarm64/share/doc/openssl/html/man7/provider-cipher.html
install doc/html/man7/provider-decoder.html -> /c/ag-openssl-e138-01/package-04/recipe/pkg/mingw-w64-aarch64-openssl/mingwarm64/share/doc/openssl/html/man7/provider-decoder.html
install doc/html/man7/provider-digest.html -> /c/ag-openssl-e138-01/package-04/recipe/pkg/mingw-w64-aarch64-openssl/mingwarm64/share/doc/openssl/html/man7/provider-digest.html
install doc/html/man7/provider-encoder.html -> /c/ag-openssl-e138-01/package-04/recipe/pkg/mingw-w64-aarch64-openssl/mingwarm64/share/doc/openssl/html/man7/provider-encoder.html
install doc/html/man7/provider-kdf.html -> /c/ag-openssl-e138-01/package-04/recipe/pkg/mingw-w64-aarch64-openssl/mingwarm64/share/doc/openssl/html/man7/provider-kdf.html
install doc/html/man7/provider-kem.html -> /c/ag-openssl-e138-01/package-04/recipe/pkg/mingw-w64-aarch64-openssl/mingwarm64/share/doc/openssl/html/man7/provider-kem.html
install doc/html/man7/provider-keyexch.html -> /c/ag-openssl-e138-01/package-04/recipe/pkg/mingw-w64-aarch64-openssl/mingwarm64/share/doc/openssl/html/man7/provider-keyexch.html
install doc/html/man7/provider-keymgmt.html -> /c/ag-openssl-e138-01/package-04/recipe/pkg/mingw-w64-aarch64-openssl/mingwarm64/share/doc/openssl/html/man7/provider-keymgmt.html
install doc/html/man7/provider-mac.html -> /c/ag-openssl-e138-01/package-04/recipe/pkg/mingw-w64-aarch64-openssl/mingwarm64/share/doc/openssl/html/man7/provider-mac.html
install doc/html/man7/provider-object.html -> /c/ag-openssl-e138-01/package-04/recipe/pkg/mingw-w64-aarch64-openssl/mingwarm64/share/doc/openssl/html/man7/provider-object.html
install doc/html/man7/provider-rand.html -> /c/ag-openssl-e138-01/package-04/recipe/pkg/mingw-w64-aarch64-openssl/mingwarm64/share/doc/openssl/html/man7/provider-rand.html
install doc/html/man7/provider-signature.html -> /c/ag-openssl-e138-01/package-04/recipe/pkg/mingw-w64-aarch64-openssl/mingwarm64/share/doc/openssl/html/man7/provider-signature.html
install doc/html/man7/provider-skeymgmt.html -> /c/ag-openssl-e138-01/package-04/recipe/pkg/mingw-w64-aarch64-openssl/mingwarm64/share/doc/openssl/html/man7/provider-skeymgmt.html
install doc/html/man7/provider-storemgmt.html -> /c/ag-openssl-e138-01/package-04/recipe/pkg/mingw-w64-aarch64-openssl/mingwarm64/share/doc/openssl/html/man7/provider-storemgmt.html
install doc/html/man7/provider.html -> /c/ag-openssl-e138-01/package-04/recipe/pkg/mingw-w64-aarch64-openssl/mingwarm64/share/doc/openssl/html/man7/provider.html
install doc/html/man7/proxy-certificates.html -> /c/ag-openssl-e138-01/package-04/recipe/pkg/mingw-w64-aarch64-openssl/mingwarm64/share/doc/openssl/html/man7/proxy-certificates.html
install doc/html/man7/x509.html -> /c/ag-openssl-e138-01/package-04/recipe/pkg/mingw-w64-aarch64-openssl/mingwarm64/share/doc/openssl/html/man7/x509.html
make[1]: Leaving directory '/c/ag-openssl-e138-01/crlf-focused-01/src/build-MINGWARM64'
==> Tidying install...
  -> Removing libtool files...
  -> Purging unwanted files...
  -> Stripping unneeded symbols from binaries and libraries...
strip: mingwarm64/bin/libcrypto-3-arm64.dll: file format not recognized
strip: mingwarm64/bin/libssl-3-arm64.dll: file format not recognized
strip: mingwarm64/bin/openssl.exe: file format not recognized
strip: mingwarm64/lib/engines-3/capi.dll: file format not recognized
strip: mingwarm64/lib/engines-3/loader_attic.dll: file format not recognized
strip: mingwarm64/lib/engines-3/padlock.dll: file format not recognized
objdump: libcrypto-lib-aes-sha1-armv8.obj: file format not recognized
objdump: libcrypto-lib-aes-sha256-armv8.obj: file format not recognized
objdump: libcrypto-lib-aes-sha512-armv8.obj: file format not recognized
objdump: libcrypto-lib-aes_cbc.obj: file format not recognized
objdump: libcrypto-lib-aes_cfb.obj: file format not recognized
objdump: libcrypto-lib-aes_core.obj: file format not recognized
objdump: libcrypto-lib-aes_ecb.obj: file format not recognized
objdump: libcrypto-lib-aes_ige.obj: file format not recognized
objdump: libcrypto-lib-aes_misc.obj: file format not recognized
objdump: libcrypto-lib-aes_ofb.obj: file format not recognized
objdump: libcrypto-lib-aes_wrap.obj: file format not recognized
objdump: libcrypto-lib-aesv8-armx.obj: file format not recognized
objdump: libcrypto-lib-bsaes-armv8.obj: file format not recognized
objdump: libcrypto-lib-vpaes-armv8.obj: file format not recognized
objdump: libcrypto-lib-aria.obj: file format not recognized
objdump: libcrypto-lib-a_bitstr.obj: file format not recognized
objdump: libcrypto-lib-a_d2i_fp.obj: file format not recognized
objdump: libcrypto-lib-a_digest.obj: file format not recognized
objdump: libcrypto-lib-a_dup.obj: file format not recognized
objdump: libcrypto-lib-a_gentm.obj: file format not recognized
objdump: libcrypto-lib-a_i2d_fp.obj: file format not recognized
objdump: libcrypto-lib-a_int.obj: file format not recognized
objdump: libcrypto-lib-a_mbstr.obj: file format not recognized
objdump: libcrypto-lib-a_object.obj: file format not recognized
objdump: libcrypto-lib-a_octet.obj: file format not recognized
objdump: libcrypto-lib-a_print.obj: file format not recognized
objdump: libcrypto-lib-a_sign.obj: file format not recognized
objdump: libcrypto-lib-a_strex.obj: file format not recognized
objdump: libcrypto-lib-a_strnid.obj: file format not recognized
objdump: libcrypto-lib-a_time.obj: file format not recognized
objdump: libcrypto-lib-a_type.obj: file format not recognized
objdump: libcrypto-lib-a_utctm.obj: file format not recognized
objdump: libcrypto-lib-a_utf8.obj: file format not recognized
objdump: libcrypto-lib-a_verify.obj: file format not recognized
objdump: libcrypto-lib-ameth_lib.obj: file format not recognized
objdump: libcrypto-lib-asn1_err.obj: file format not recognized
objdump: libcrypto-lib-asn1_gen.obj: file format not recognized
objdump: libcrypto-lib-asn1_item_list.obj: file format not recognized
objdump: libcrypto-lib-asn1_lib.obj: file format not recognized
objdump: libcrypto-lib-asn1_parse.obj: file format not recognized
objdump: libcrypto-lib-asn_mime.obj: file format not recognized
objdump: libcrypto-lib-asn_moid.obj: file format not recognized
objdump: libcrypto-lib-asn_mstbl.obj: file format not recognized
objdump: libcrypto-lib-asn_pack.obj: file format not recognized
objdump: libcrypto-lib-bio_asn1.obj: file format not recognized
objdump: libcrypto-lib-bio_ndef.obj: file format not recognized
objdump: libcrypto-lib-d2i_param.obj: file format not recognized
objdump: libcrypto-lib-d2i_pr.obj: file format not recognized
objdump: libcrypto-lib-d2i_pu.obj: file format not recognized
objdump: libcrypto-lib-evp_asn1.obj: file format not recognized
objdump: libcrypto-lib-f_int.obj: file format not recognized
objdump: libcrypto-lib-f_string.obj: file format not recognized
objdump: libcrypto-lib-i2d_evp.obj: file format not recognized
objdump: libcrypto-lib-n_pkey.obj: file format not recognized
objdump: libcrypto-lib-nsseq.obj: file format not recognized
objdump: libcrypto-lib-p5_pbe.obj: file format not recognized
objdump: libcrypto-lib-p5_pbev2.obj: file format not recognized
objdump: libcrypto-lib-p5_scrypt.obj: file format not recognized
objdump: libcrypto-lib-p8_pkey.obj: file format not recognized
objdump: libcrypto-lib-t_bitst.obj: file format not recognized
objdump: libcrypto-lib-t_pkey.obj: file format not recognized
objdump: libcrypto-lib-t_spki.obj: file format not recognized
objdump: libcrypto-lib-tasn_dec.obj: file format not recognized
objdump: libcrypto-lib-tasn_enc.obj: file format not recognized
objdump: libcrypto-lib-tasn_fre.obj: file format not recognized
objdump: libcrypto-lib-tasn_new.obj: file format not recognized
objdump: libcrypto-lib-tasn_prn.obj: file format not recognized
objdump: libcrypto-lib-tasn_scn.obj: file format not recognized
objdump: libcrypto-lib-tasn_typ.obj: file format not recognized
objdump: libcrypto-lib-tasn_utl.obj: file format not recognized
objdump: libcrypto-lib-x_algor.obj: file format not recognized
objdump: libcrypto-lib-x_bignum.obj: file format not recognized
objdump: libcrypto-lib-x_info.obj: file format not recognized
objdump: libcrypto-lib-x_int64.obj: file format not recognized
objdump: libcrypto-lib-x_long.obj: file format not recognized
objdump: libcrypto-lib-x_pkey.obj: file format not recognized
objdump: libcrypto-lib-x_sig.obj: file format not recognized
objdump: libcrypto-lib-x_spki.obj: file format not recognized
objdump: libcrypto-lib-x_val.obj: file format not recognized
objdump: libcrypto-lib-async_null.obj: file format not recognized
objdump: libcrypto-lib-async_posix.obj: file format not recognized
objdump: libcrypto-lib-async_win.obj: file format not recognized
objdump: libcrypto-lib-async.obj: file format not recognized
objdump: libcrypto-lib-async_err.obj: file format not recognized
objdump: libcrypto-lib-async_wait.obj: file format not recognized
objdump: libcrypto-lib-bf_cfb64.obj: file format not recognized
objdump: libcrypto-lib-bf_ecb.obj: file format not recognized
objdump: libcrypto-lib-bf_enc.obj: file format not recognized
objdump: libcrypto-lib-bf_ofb64.obj: file format not recognized
objdump: libcrypto-lib-bf_skey.obj: file format not recognized
objdump: libcrypto-lib-bf_buff.obj: file format not recognized
objdump: libcrypto-lib-bf_lbuf.obj: file format not recognized
objdump: libcrypto-lib-bf_nbio.obj: file format not recognized
objdump: libcrypto-lib-bf_null.obj: file format not recognized
objdump: libcrypto-lib-bf_prefix.obj: file format not recognized
objdump: libcrypto-lib-bf_readbuff.obj: file format not recognized
objdump: libcrypto-lib-bio_addr.obj: file format not recognized
objdump: libcrypto-lib-bio_cb.obj: file format not recognized
objdump: libcrypto-lib-bio_dump.obj: file format not recognized
objdump: libcrypto-lib-bio_err.obj: file format not recognized
objdump: libcrypto-lib-bio_lib.obj: file format not recognized
objdump: libcrypto-lib-bio_meth.obj: file format not recognized
objdump: libcrypto-lib-bio_print.obj: file format not recognized
objdump: libcrypto-lib-bio_sock.obj: file format not recognized
objdump: libcrypto-lib-bio_sock2.obj: file format not recognized
objdump: libcrypto-lib-bss_acpt.obj: file format not recognized
objdump: libcrypto-lib-bss_bio.obj: file format not recognized
objdump: libcrypto-lib-bss_conn.obj: file format not recognized
objdump: libcrypto-lib-bss_core.obj: file format not recognized
objdump: libcrypto-lib-bss_dgram.obj: file format not recognized
objdump: libcrypto-lib-bss_dgram_pair.obj: file format not recognized
objdump: libcrypto-lib-bss_fd.obj: file format not recognized
objdump: libcrypto-lib-bss_file.obj: file format not recognized
objdump: libcrypto-lib-bss_log.obj: file format not recognized
objdump: libcrypto-lib-bss_mem.obj: file format not recognized
objdump: libcrypto-lib-bss_null.obj: file format not recognized
objdump: libcrypto-lib-bss_sock.obj: file format not recognized
objdump: libcrypto-lib-ossl_core_bio.obj: file format not recognized
objdump: libcrypto-lib-armv8-mont.obj: file format not recognized
objdump: libcrypto-lib-bn_add.obj: file format not recognized
objdump: libcrypto-lib-bn_asm.obj: file format not recognized
objdump: libcrypto-lib-bn_blind.obj: file format not recognized
objdump: libcrypto-lib-bn_const.obj: file format not recognized
objdump: libcrypto-lib-bn_conv.obj: file format not recognized
objdump: libcrypto-lib-bn_ctx.obj: file format not recognized
objdump: libcrypto-lib-bn_depr.obj: file format not recognized
objdump: libcrypto-lib-bn_dh.obj: file format not recognized
objdump: libcrypto-lib-bn_div.obj: file format not recognized
objdump: libcrypto-lib-bn_err.obj: file format not recognized
objdump: libcrypto-lib-bn_exp.obj: file format not recognized
objdump: libcrypto-lib-bn_exp2.obj: file format not recognized
objdump: libcrypto-lib-bn_gcd.obj: file format not recognized
objdump: libcrypto-lib-bn_gf2m.obj: file format not recognized
objdump: libcrypto-lib-bn_intern.obj: file format not recognized
objdump: libcrypto-lib-bn_kron.obj: file format not recognized
objdump: libcrypto-lib-bn_lib.obj: file format not recognized
objdump: libcrypto-lib-bn_mod.obj: file format not recognized
objdump: libcrypto-lib-bn_mont.obj: file format not recognized
objdump: libcrypto-lib-bn_mpi.obj: file format not recognized
objdump: libcrypto-lib-bn_mul.obj: file format not recognized
objdump: libcrypto-lib-bn_nist.obj: file format not recognized
objdump: libcrypto-lib-bn_prime.obj: file format not recognized
objdump: libcrypto-lib-bn_print.obj: file format not recognized
objdump: libcrypto-lib-bn_rand.obj: file format not recognized
objdump: libcrypto-lib-bn_recp.obj: file format not recognized
objdump: libcrypto-lib-bn_rsa_fips186_4.obj: file format not recognized
objdump: libcrypto-lib-bn_shift.obj: file format not recognized
objdump: libcrypto-lib-bn_sqr.obj: file format not recognized
objdump: libcrypto-lib-bn_sqrt.obj: file format not recognized
objdump: libcrypto-lib-bn_srp.obj: file format not recognized
objdump: libcrypto-lib-bn_word.obj: file format not recognized
objdump: libcrypto-lib-bn_x931p.obj: file format not recognized
objdump: libcrypto-lib-buf_err.obj: file format not recognized
objdump: libcrypto-lib-buffer.obj: file format not recognized
objdump: libcrypto-lib-camellia.obj: file format not recognized
objdump: libcrypto-lib-cmll_cbc.obj: file format not recognized
objdump: libcrypto-lib-cmll_cfb.obj: file format not recognized
objdump: libcrypto-lib-cmll_ctr.obj: file format not recognized
objdump: libcrypto-lib-cmll_ecb.obj: file format not recognized
objdump: libcrypto-lib-cmll_misc.obj: file format not recognized
objdump: libcrypto-lib-cmll_ofb.obj: file format not recognized
objdump: libcrypto-lib-c_cfb64.obj: file format not recognized
objdump: libcrypto-lib-c_ecb.obj: file format not recognized
objdump: libcrypto-lib-c_enc.obj: file format not recognized
objdump: libcrypto-lib-c_ofb64.obj: file format not recognized
objdump: libcrypto-lib-c_skey.obj: file format not recognized
objdump: libcrypto-lib-chacha-armv8-sve.obj: file format not recognized
objdump: libcrypto-lib-chacha-armv8.obj: file format not recognized
objdump: libcrypto-lib-cmac.obj: file format not recognized
objdump: libcrypto-lib-cmp_asn.obj: file format not recognized
objdump: libcrypto-lib-cmp_client.obj: file format not recognized
objdump: libcrypto-lib-cmp_ctx.obj: file format not recognized
objdump: libcrypto-lib-cmp_err.obj: file format not recognized
objdump: libcrypto-lib-cmp_genm.obj: file format not recognized
objdump: libcrypto-lib-cmp_hdr.obj: file format not recognized
objdump: libcrypto-lib-cmp_http.obj: file format not recognized
objdump: libcrypto-lib-cmp_msg.obj: file format not recognized
objdump: libcrypto-lib-cmp_protect.obj: file format not recognized
objdump: libcrypto-lib-cmp_server.obj: file format not recognized
objdump: libcrypto-lib-cmp_status.obj: file format not recognized
objdump: libcrypto-lib-cmp_util.obj: file format not recognized
objdump: libcrypto-lib-cmp_vfy.obj: file format not recognized
objdump: libcrypto-lib-cms_asn1.obj: file format not recognized
objdump: libcrypto-lib-cms_att.obj: file format not recognized
objdump: libcrypto-lib-cms_cd.obj: file format not recognized
objdump: libcrypto-lib-cms_dd.obj: file format not recognized
objdump: libcrypto-lib-cms_dh.obj: file format not recognized
objdump: libcrypto-lib-cms_ec.obj: file format not recognized
objdump: libcrypto-lib-cms_enc.obj: file format not recognized
objdump: libcrypto-lib-cms_env.obj: file format not recognized
objdump: libcrypto-lib-cms_err.obj: file format not recognized
objdump: libcrypto-lib-cms_ess.obj: file format not recognized
objdump: libcrypto-lib-cms_io.obj: file format not recognized
objdump: libcrypto-lib-cms_kari.obj: file format not recognized
objdump: libcrypto-lib-cms_kem.obj: file format not recognized
objdump: libcrypto-lib-cms_kemri.obj: file format not recognized
objdump: libcrypto-lib-cms_lib.obj: file format not recognized
objdump: libcrypto-lib-cms_pwri.obj: file format not recognized
objdump: libcrypto-lib-cms_rsa.obj: file format not recognized
objdump: libcrypto-lib-cms_sd.obj: file format not recognized
objdump: libcrypto-lib-cms_smime.obj: file format not recognized
objdump: libcrypto-lib-c_brotli.obj: file format not recognized
objdump: libcrypto-lib-c_zlib.obj: file format not recognized
objdump: libcrypto-lib-c_zstd.obj: file format not recognized
objdump: libcrypto-lib-comp_err.obj: file format not recognized
objdump: libcrypto-lib-comp_lib.obj: file format not recognized
objdump: libcrypto-lib-conf_api.obj: file format not recognized
objdump: libcrypto-lib-conf_def.obj: file format not recognized
objdump: libcrypto-lib-conf_err.obj: file format not recognized
objdump: libcrypto-lib-conf_lib.obj: file format not recognized
objdump: libcrypto-lib-conf_mall.obj: file format not recognized
objdump: libcrypto-lib-conf_mod.obj: file format not recognized
objdump: libcrypto-lib-conf_sap.obj: file format not recognized
objdump: libcrypto-lib-conf_ssl.obj: file format not recognized
objdump: libcrypto-lib-crmf_asn.obj: file format not recognized
objdump: libcrypto-lib-crmf_err.obj: file format not recognized
objdump: libcrypto-lib-crmf_lib.obj: file format not recognized
objdump: libcrypto-lib-crmf_pbm.obj: file format not recognized
objdump: libcrypto-lib-ct_b64.obj: file format not recognized
objdump: libcrypto-lib-ct_err.obj: file format not recognized
objdump: libcrypto-lib-ct_log.obj: file format not recognized
objdump: libcrypto-lib-ct_oct.obj: file format not recognized
objdump: libcrypto-lib-ct_policy.obj: file format not recognized
objdump: libcrypto-lib-ct_prn.obj: file format not recognized
objdump: libcrypto-lib-ct_sct.obj: file format not recognized
objdump: libcrypto-lib-ct_sct_ctx.obj: file format not recognized
objdump: libcrypto-lib-ct_vfy.obj: file format not recognized
objdump: libcrypto-lib-ct_x509v3.obj: file format not recognized
objdump: libcrypto-lib-cbc_cksm.obj: file format not recognized
objdump: libcrypto-lib-cbc_enc.obj: file format not recognized
objdump: libcrypto-lib-cfb64ede.obj: file format not recognized
objdump: libcrypto-lib-cfb64enc.obj: file format not recognized
objdump: libcrypto-lib-cfb_enc.obj: file format not recognized
objdump: libcrypto-lib-des_enc.obj: file format not recognized
objdump: libcrypto-lib-ecb3_enc.obj: file format not recognized
objdump: libcrypto-lib-ecb_enc.obj: file format not recognized
objdump: libcrypto-lib-fcrypt.obj: file format not recognized
objdump: libcrypto-lib-fcrypt_b.obj: file format not recognized
objdump: libcrypto-lib-ofb64ede.obj: file format not recognized
objdump: libcrypto-lib-ofb64enc.obj: file format not recognized
objdump: libcrypto-lib-ofb_enc.obj: file format not recognized
objdump: libcrypto-lib-pcbc_enc.obj: file format not recognized
objdump: libcrypto-lib-qud_cksm.obj: file format not recognized
objdump: libcrypto-lib-rand_key.obj: file format not recognized
objdump: libcrypto-lib-set_key.obj: file format not recognized
objdump: libcrypto-lib-str2key.obj: file format not recognized
objdump: libcrypto-lib-xcbc_enc.obj: file format not recognized
objdump: libcrypto-lib-dh_ameth.obj: file format not recognized
objdump: libcrypto-lib-dh_asn1.obj: file format not recognized
objdump: libcrypto-lib-dh_backend.obj: file format not recognized
objdump: libcrypto-lib-dh_check.obj: file format not recognized
objdump: libcrypto-lib-dh_depr.obj: file format not recognized
objdump: libcrypto-lib-dh_err.obj: file format not recognized
objdump: libcrypto-lib-dh_gen.obj: file format not recognized
objdump: libcrypto-lib-dh_group_params.obj: file format not recognized
objdump: libcrypto-lib-dh_kdf.obj: file format not recognized
objdump: libcrypto-lib-dh_key.obj: file format not recognized
objdump: libcrypto-lib-dh_lib.obj: file format not recognized
objdump: libcrypto-lib-dh_meth.obj: file format not recognized
objdump: libcrypto-lib-dh_pmeth.obj: file format not recognized
objdump: libcrypto-lib-dh_prn.obj: file format not recognized
objdump: libcrypto-lib-dh_rfc5114.obj: file format not recognized
objdump: libcrypto-lib-dsa_ameth.obj: file format not recognized
objdump: libcrypto-lib-dsa_asn1.obj: file format not recognized
objdump: libcrypto-lib-dsa_backend.obj: file format not recognized
objdump: libcrypto-lib-dsa_check.obj: file format not recognized
objdump: libcrypto-lib-dsa_depr.obj: file format not recognized
objdump: libcrypto-lib-dsa_err.obj: file format not recognized
objdump: libcrypto-lib-dsa_gen.obj: file format not recognized
objdump: libcrypto-lib-dsa_key.obj: file format not recognized
objdump: libcrypto-lib-dsa_lib.obj: file format not recognized
objdump: libcrypto-lib-dsa_meth.obj: file format not recognized
objdump: libcrypto-lib-dsa_ossl.obj: file format not recognized
objdump: libcrypto-lib-dsa_pmeth.obj: file format not recognized
objdump: libcrypto-lib-dsa_prn.obj: file format not recognized
objdump: libcrypto-lib-dsa_sign.obj: file format not recognized
objdump: libcrypto-lib-dsa_vrf.obj: file format not recognized
objdump: libcrypto-lib-dso_dl.obj: file format not recognized
objdump: libcrypto-lib-dso_dlfcn.obj: file format not recognized
objdump: libcrypto-lib-dso_err.obj: file format not recognized
objdump: libcrypto-lib-dso_lib.obj: file format not recognized
objdump: libcrypto-lib-dso_openssl.obj: file format not recognized
objdump: libcrypto-lib-dso_vms.obj: file format not recognized
objdump: libcrypto-lib-dso_win32.obj: file format not recognized
objdump: libcrypto-lib-f_impl32.obj: file format not recognized
objdump: libcrypto-lib-f_impl64.obj: file format not recognized
objdump: libcrypto-lib-curve448.obj: file format not recognized
objdump: libcrypto-lib-curve448_tables.obj: file format not recognized
objdump: libcrypto-lib-eddsa.obj: file format not recognized
objdump: libcrypto-lib-f_generic.obj: file format not recognized
objdump: libcrypto-lib-scalar.obj: file format not recognized
objdump: libcrypto-lib-curve25519.obj: file format not recognized
objdump: libcrypto-lib-ec2_oct.obj: file format not recognized
objdump: libcrypto-lib-ec2_smpl.obj: file format not recognized
objdump: libcrypto-lib-ec_ameth.obj: file format not recognized
objdump: libcrypto-lib-ec_asn1.obj: file format not recognized
objdump: libcrypto-lib-ec_backend.obj: file format not recognized
objdump: libcrypto-lib-ec_check.obj: file format not recognized
objdump: libcrypto-lib-ec_curve.obj: file format not recognized
objdump: libcrypto-lib-ec_cvt.obj: file format not recognized
objdump: libcrypto-lib-ec_deprecated.obj: file format not recognized
objdump: libcrypto-lib-ec_err.obj: file format not recognized
objdump: libcrypto-lib-ec_key.obj: file format not recognized
objdump: libcrypto-lib-ec_kmeth.obj: file format not recognized
objdump: libcrypto-lib-ec_lib.obj: file format not recognized
objdump: libcrypto-lib-ec_mult.obj: file format not recognized
objdump: libcrypto-lib-ec_oct.obj: file format not recognized
objdump: libcrypto-lib-ec_pmeth.obj: file format not recognized
objdump: libcrypto-lib-ec_print.obj: file format not recognized
objdump: libcrypto-lib-ecdh_kdf.obj: file format not recognized
objdump: libcrypto-lib-ecdh_ossl.obj: file format not recognized
objdump: libcrypto-lib-ecdsa_ossl.obj: file format not recognized
objdump: libcrypto-lib-ecdsa_sign.obj: file format not recognized
objdump: libcrypto-lib-ecdsa_vrf.obj: file format not recognized
objdump: libcrypto-lib-eck_prn.obj: file format not recognized
objdump: libcrypto-lib-ecp_mont.obj: file format not recognized
objdump: libcrypto-lib-ecp_nist.obj: file format not recognized
objdump: libcrypto-lib-ecp_nistz256-armv8.obj: file format not recognized
objdump: libcrypto-lib-ecp_nistz256.obj: file format not recognized
objdump: libcrypto-lib-ecp_oct.obj: file format not recognized
objdump: libcrypto-lib-ecp_sm2p256-armv8.obj: file format not recognized
objdump: libcrypto-lib-ecp_sm2p256.obj: file format not recognized
objdump: libcrypto-lib-ecp_sm2p256_table.obj: file format not recognized
objdump: libcrypto-lib-ecp_smpl.obj: file format not recognized
objdump: libcrypto-lib-ecx_backend.obj: file format not recognized
objdump: libcrypto-lib-ecx_key.obj: file format not recognized
objdump: libcrypto-lib-ecx_meth.obj: file format not recognized
objdump: libcrypto-lib-decoder_err.obj: file format not recognized
objdump: libcrypto-lib-decoder_lib.obj: file format not recognized
objdump: libcrypto-lib-decoder_meth.obj: file format not recognized
objdump: libcrypto-lib-decoder_pkey.obj: file format not recognized
objdump: libcrypto-lib-encoder_err.obj: file format not recognized
objdump: libcrypto-lib-encoder_lib.obj: file format not recognized
objdump: libcrypto-lib-encoder_meth.obj: file format not recognized
objdump: libcrypto-lib-encoder_pkey.obj: file format not recognized
objdump: libcrypto-lib-eng_all.obj: file format not recognized
objdump: libcrypto-lib-eng_cnf.obj: file format not recognized
objdump: libcrypto-lib-eng_ctrl.obj: file format not recognized
objdump: libcrypto-lib-eng_dyn.obj: file format not recognized
objdump: libcrypto-lib-eng_err.obj: file format not recognized
objdump: libcrypto-lib-eng_fat.obj: file format not recognized
objdump: libcrypto-lib-eng_init.obj: file format not recognized
objdump: libcrypto-lib-eng_lib.obj: file format not recognized
objdump: libcrypto-lib-eng_list.obj: file format not recognized
objdump: libcrypto-lib-eng_openssl.obj: file format not recognized
objdump: libcrypto-lib-eng_pkey.obj: file format not recognized
objdump: libcrypto-lib-eng_rdrand.obj: file format not recognized
objdump: libcrypto-lib-eng_table.obj: file format not recognized
objdump: libcrypto-lib-tb_asnmth.obj: file format not recognized
objdump: libcrypto-lib-tb_cipher.obj: file format not recognized
objdump: libcrypto-lib-tb_dh.obj: file format not recognized
objdump: libcrypto-lib-tb_digest.obj: file format not recognized
objdump: libcrypto-lib-tb_dsa.obj: file format not recognized
objdump: libcrypto-lib-tb_eckey.obj: file format not recognized
objdump: libcrypto-lib-tb_pkmeth.obj: file format not recognized
objdump: libcrypto-lib-tb_rand.obj: file format not recognized
objdump: libcrypto-lib-tb_rsa.obj: file format not recognized
objdump: libcrypto-lib-err.obj: file format not recognized
objdump: libcrypto-lib-err_all.obj: file format not recognized
objdump: libcrypto-lib-err_all_legacy.obj: file format not recognized
objdump: libcrypto-lib-err_blocks.obj: file format not recognized
objdump: libcrypto-lib-err_mark.obj: file format not recognized
objdump: libcrypto-lib-err_prn.obj: file format not recognized
objdump: libcrypto-lib-err_save.obj: file format not recognized
objdump: libcrypto-lib-ess_asn1.obj: file format not recognized
objdump: libcrypto-lib-ess_err.obj: file format not recognized
objdump: libcrypto-lib-ess_lib.obj: file format not recognized
objdump: libcrypto-lib-asymcipher.obj: file format not recognized
objdump: libcrypto-lib-bio_b64.obj: file format not recognized
objdump: libcrypto-lib-bio_enc.obj: file format not recognized
objdump: libcrypto-lib-bio_md.obj: file format not recognized
objdump: libcrypto-lib-bio_ok.obj: file format not recognized
objdump: libcrypto-lib-c_allc.obj: file format not recognized
objdump: libcrypto-lib-c_alld.obj: file format not recognized
objdump: libcrypto-lib-cmeth_lib.obj: file format not recognized
objdump: libcrypto-lib-ctrl_params_translate.obj: file format not recognized
objdump: libcrypto-lib-dh_ctrl.obj: file format not recognized
objdump: libcrypto-lib-dh_support.obj: file format not recognized
objdump: libcrypto-lib-digest.obj: file format not recognized
objdump: libcrypto-lib-dsa_ctrl.obj: file format not recognized
objdump: libcrypto-lib-e_aes.obj: file format not recognized
objdump: libcrypto-lib-e_aes_cbc_hmac_sha1.obj: file format not recognized
objdump: libcrypto-lib-e_aes_cbc_hmac_sha256.obj: file format not recognized
objdump: libcrypto-lib-e_aria.obj: file format not recognized
objdump: libcrypto-lib-e_bf.obj: file format not recognized
objdump: libcrypto-lib-e_camellia.obj: file format not recognized
objdump: libcrypto-lib-e_cast.obj: file format not recognized
objdump: libcrypto-lib-e_chacha20_poly1305.obj: file format not recognized
objdump: libcrypto-lib-e_des.obj: file format not recognized
objdump: libcrypto-lib-e_des3.obj: file format not recognized
objdump: libcrypto-lib-e_idea.obj: file format not recognized
objdump: libcrypto-lib-e_null.obj: file format not recognized
objdump: libcrypto-lib-e_old.obj: file format not recognized
objdump: libcrypto-lib-e_rc2.obj: file format not recognized
objdump: libcrypto-lib-e_rc4.obj: file format not recognized
objdump: libcrypto-lib-e_rc4_hmac_md5.obj: file format not recognized
objdump: libcrypto-lib-e_rc5.obj: file format not recognized
objdump: libcrypto-lib-e_seed.obj: file format not recognized
objdump: libcrypto-lib-e_sm4.obj: file format not recognized
objdump: libcrypto-lib-e_xcbc_d.obj: file format not recognized
objdump: libcrypto-lib-ec_ctrl.obj: file format not recognized
objdump: libcrypto-lib-ec_support.obj: file format not recognized
objdump: libcrypto-lib-encode.obj: file format not recognized
objdump: libcrypto-lib-evp_cnf.obj: file format not recognized
objdump: libcrypto-lib-evp_enc.obj: file format not recognized
objdump: libcrypto-lib-evp_err.obj: file format not recognized
objdump: libcrypto-lib-evp_fetch.obj: file format not recognized
objdump: libcrypto-lib-evp_key.obj: file format not recognized
objdump: libcrypto-lib-evp_lib.obj: file format not recognized
objdump: libcrypto-lib-evp_pbe.obj: file format not recognized
objdump: libcrypto-lib-evp_pkey.obj: file format not recognized
objdump: libcrypto-lib-evp_pkey_type.obj: file format not recognized
objdump: libcrypto-lib-evp_rand.obj: file format not recognized
objdump: libcrypto-lib-evp_utils.obj: file format not recognized
objdump: libcrypto-lib-exchange.obj: file format not recognized
objdump: libcrypto-lib-kdf_lib.obj: file format not recognized
objdump: libcrypto-lib-kdf_meth.obj: file format not recognized
objdump: libcrypto-lib-kem.obj: file format not recognized
objdump: libcrypto-lib-keymgmt_lib.obj: file format not recognized
objdump: libcrypto-lib-keymgmt_meth.obj: file format not recognized
objdump: libcrypto-lib-legacy_blake2.obj: file format not recognized
objdump: libcrypto-lib-legacy_md4.obj: file format not recognized
objdump: libcrypto-lib-legacy_md5.obj: file format not recognized
objdump: libcrypto-lib-legacy_md5_sha1.obj: file format not recognized
objdump: libcrypto-lib-legacy_mdc2.obj: file format not recognized
objdump: libcrypto-lib-legacy_ripemd.obj: file format not recognized
objdump: libcrypto-lib-legacy_sha.obj: file format not recognized
objdump: libcrypto-lib-legacy_wp.obj: file format not recognized
objdump: libcrypto-lib-m_null.obj: file format not recognized
objdump: libcrypto-lib-m_sigver.obj: file format not recognized
objdump: libcrypto-lib-mac_lib.obj: file format not recognized
objdump: libcrypto-lib-mac_meth.obj: file format not recognized
objdump: libcrypto-lib-names.obj: file format not recognized
objdump: libcrypto-lib-p5_crpt.obj: file format not recognized
objdump: libcrypto-lib-p5_crpt2.obj: file format not recognized
objdump: libcrypto-lib-p_dec.obj: file format not recognized
objdump: libcrypto-lib-p_enc.obj: file format not recognized
objdump: libcrypto-lib-p_legacy.obj: file format not recognized
objdump: libcrypto-lib-p_lib.obj: file format not recognized
objdump: libcrypto-lib-p_open.obj: file format not recognized
objdump: libcrypto-lib-p_seal.obj: file format not recognized
objdump: libcrypto-lib-p_sign.obj: file format not recognized
objdump: libcrypto-lib-p_verify.obj: file format not recognized
objdump: libcrypto-lib-pbe_scrypt.obj: file format not recognized
objdump: libcrypto-lib-pmeth_check.obj: file format not recognized
objdump: libcrypto-lib-pmeth_gn.obj: file format not recognized
objdump: libcrypto-lib-pmeth_lib.obj: file format not recognized
objdump: libcrypto-lib-s_lib.obj: file format not recognized
objdump: libcrypto-lib-signature.obj: file format not recognized
objdump: libcrypto-lib-skeymgmt_meth.obj: file format not recognized
objdump: libcrypto-lib-ffc_backend.obj: file format not recognized
objdump: libcrypto-lib-ffc_dh.obj: file format not recognized
objdump: libcrypto-lib-ffc_key_generate.obj: file format not recognized
objdump: libcrypto-lib-ffc_key_validate.obj: file format not recognized
objdump: libcrypto-lib-ffc_params.obj: file format not recognized
objdump: libcrypto-lib-ffc_params_generate.obj: file format not recognized
objdump: libcrypto-lib-ffc_params_validate.obj: file format not recognized
objdump: libcrypto-lib-hashfunc.obj: file format not recognized
objdump: libcrypto-lib-hashtable.obj: file format not recognized
objdump: libcrypto-lib-hmac.obj: file format not recognized
objdump: libcrypto-lib-hpke.obj: file format not recognized
objdump: libcrypto-lib-hpke_util.obj: file format not recognized
objdump: libcrypto-lib-http_client.obj: file format not recognized
objdump: libcrypto-lib-http_err.obj: file format not recognized
objdump: libcrypto-lib-http_lib.obj: file format not recognized
objdump: libcrypto-lib-i_cbc.obj: file format not recognized
objdump: libcrypto-lib-i_cfb64.obj: file format not recognized
objdump: libcrypto-lib-i_ecb.obj: file format not recognized
objdump: libcrypto-lib-i_ofb64.obj: file format not recognized
objdump: libcrypto-lib-i_skey.obj: file format not recognized
objdump: libcrypto-lib-kdf_err.obj: file format not recognized
objdump: libcrypto-lib-lh_stats.obj: file format not recognized
objdump: libcrypto-lib-lhash.obj: file format not recognized
objdump: libcrypto-lib-arm64cpuid.obj: file format not recognized
objdump: libcrypto-lib-armcap.obj: file format not recognized
objdump: libcrypto-lib-array_alloc.obj: file format not recognized
objdump: libcrypto-lib-asn1_dsa.obj: file format not recognized
objdump: libcrypto-lib-bsearch.obj: file format not recognized
objdump: libcrypto-lib-comp_methods.obj: file format not recognized
objdump: libcrypto-lib-context.obj: file format not recognized
objdump: libcrypto-lib-core_algorithm.obj: file format not recognized
objdump: libcrypto-lib-core_fetch.obj: file format not recognized
objdump: libcrypto-lib-core_namemap.obj: file format not recognized
objdump: libcrypto-lib-cpt_err.obj: file format not recognized
objdump: libcrypto-lib-cpuid.obj: file format not recognized
objdump: libcrypto-lib-cryptlib.obj: file format not recognized
objdump: libcrypto-lib-ctype.obj: file format not recognized
objdump: libcrypto-lib-cversion.obj: file format not recognized
objdump: libcrypto-lib-defaults.obj: file format not recognized
objdump: libcrypto-lib-der_writer.obj: file format not recognized
objdump: libcrypto-lib-deterministic_nonce.obj: file format not recognized
objdump: libcrypto-lib-ebcdic.obj: file format not recognized
objdump: libcrypto-lib-ex_data.obj: file format not recognized
objdump: libcrypto-lib-getenv.obj: file format not recognized
objdump: libcrypto-lib-indicator_core.obj: file format not recognized
objdump: libcrypto-lib-info.obj: file format not recognized
objdump: libcrypto-lib-init.obj: file format not recognized
objdump: libcrypto-lib-initthread.obj: file format not recognized
objdump: libcrypto-lib-mem.obj: file format not recognized
objdump: libcrypto-lib-mem_sec.obj: file format not recognized
objdump: libcrypto-lib-o_dir.obj: file format not recognized
objdump: libcrypto-lib-o_fopen.obj: file format not recognized
objdump: libcrypto-lib-o_init.obj: file format not recognized
objdump: libcrypto-lib-o_str.obj: file format not recognized
objdump: libcrypto-lib-o_time.obj: file format not recognized
objdump: libcrypto-lib-packet.obj: file format not recognized
objdump: libcrypto-lib-param_build.obj: file format not recognized
objdump: libcrypto-lib-param_build_set.obj: file format not recognized
objdump: libcrypto-lib-params.obj: file format not recognized
objdump: libcrypto-lib-params_dup.obj: file format not recognized
objdump: libcrypto-lib-params_from_text.obj: file format not recognized
objdump: libcrypto-lib-passphrase.obj: file format not recognized
objdump: libcrypto-lib-pathtools.obj: file format not recognized
objdump: libcrypto-lib-provider.obj: file format not recognized
objdump: libcrypto-lib-provider_child.obj: file format not recognized
objdump: libcrypto-lib-provider_conf.obj: file format not recognized
objdump: libcrypto-lib-provider_core.obj: file format not recognized
objdump: libcrypto-lib-provider_predefined.obj: file format not recognized
objdump: libcrypto-lib-punycode.obj: file format not recognized
objdump: libcrypto-lib-quic_vlint.obj: file format not recognized
objdump: libcrypto-lib-self_test_core.obj: file format not recognized
objdump: libcrypto-lib-sleep.obj: file format not recognized
objdump: libcrypto-lib-sparse_array.obj: file format not recognized
objdump: libcrypto-lib-ssl_err.obj: file format not recognized
objdump: libcrypto-lib-threads_common.obj: file format not recognized
objdump: libcrypto-lib-threads_lib.obj: file format not recognized
objdump: libcrypto-lib-threads_none.obj: file format not recognized
objdump: libcrypto-lib-threads_pthread.obj: file format not recognized
objdump: libcrypto-lib-threads_win.obj: file format not recognized
objdump: libcrypto-lib-time.obj: file format not recognized
objdump: libcrypto-lib-trace.obj: file format not recognized
objdump: libcrypto-lib-uid.obj: file format not recognized
objdump: libcrypto-lib-md4_dgst.obj: file format not recognized
objdump: libcrypto-lib-md4_one.obj: file format not recognized
objdump: libcrypto-lib-md5-aarch64.obj: file format not recognized
objdump: libcrypto-lib-md5_dgst.obj: file format not recognized
objdump: libcrypto-lib-md5_one.obj: file format not recognized
objdump: libcrypto-lib-md5_sha1.obj: file format not recognized
objdump: libcrypto-lib-mdc2_one.obj: file format not recognized
objdump: libcrypto-lib-mdc2dgst.obj: file format not recognized
objdump: libcrypto-lib-ml_dsa_encoders.obj: file format not recognized
objdump: libcrypto-lib-ml_dsa_key.obj: file format not recognized
objdump: libcrypto-lib-ml_dsa_key_compress.obj: file format not recognized
objdump: libcrypto-lib-ml_dsa_matrix.obj: file format not recognized
objdump: libcrypto-lib-ml_dsa_ntt.obj: file format not recognized
objdump: libcrypto-lib-ml_dsa_params.obj: file format not recognized
objdump: libcrypto-lib-ml_dsa_sample.obj: file format not recognized
objdump: libcrypto-lib-ml_dsa_sign.obj: file format not recognized
objdump: libcrypto-lib-ml_kem.obj: file format not recognized
objdump: libcrypto-lib-aes-gcm-armv8-unroll8_64.obj: file format not recognized
objdump: libcrypto-lib-aes-gcm-armv8_64.obj: file format not recognized
objdump: libcrypto-lib-cbc128.obj: file format not recognized
objdump: libcrypto-lib-ccm128.obj: file format not recognized
objdump: libcrypto-lib-cfb128.obj: file format not recognized
objdump: libcrypto-lib-ctr128.obj: file format not recognized
objdump: libcrypto-lib-cts128.obj: file format not recognized
objdump: libcrypto-lib-gcm128.obj: file format not recognized
objdump: libcrypto-lib-ghashv8-armx.obj: file format not recognized
objdump: libcrypto-lib-ocb128.obj: file format not recognized
objdump: libcrypto-lib-ofb128.obj: file format not recognized
objdump: libcrypto-lib-siv128.obj: file format not recognized
objdump: libcrypto-lib-wrap128.obj: file format not recognized
objdump: libcrypto-lib-xts128.obj: file format not recognized
objdump: libcrypto-lib-xts128gb.obj: file format not recognized
objdump: libcrypto-lib-o_names.obj: file format not recognized
objdump: libcrypto-lib-obj_dat.obj: file format not recognized
objdump: libcrypto-lib-obj_err.obj: file format not recognized
objdump: libcrypto-lib-obj_lib.obj: file format not recognized
objdump: libcrypto-lib-obj_xref.obj: file format not recognized
objdump: libcrypto-lib-ocsp_asn.obj: file format not recognized
objdump: libcrypto-lib-ocsp_cl.obj: file format not recognized
objdump: libcrypto-lib-ocsp_err.obj: file format not recognized
objdump: libcrypto-lib-ocsp_ext.obj: file format not recognized
objdump: libcrypto-lib-ocsp_http.obj: file format not recognized
objdump: libcrypto-lib-ocsp_lib.obj: file format not recognized
objdump: libcrypto-lib-ocsp_prn.obj: file format not recognized
objdump: libcrypto-lib-ocsp_srv.obj: file format not recognized
objdump: libcrypto-lib-ocsp_vfy.obj: file format not recognized
objdump: libcrypto-lib-v3_ocsp.obj: file format not recognized
objdump: libcrypto-lib-pem_all.obj: file format not recognized
objdump: libcrypto-lib-pem_err.obj: file format not recognized
objdump: libcrypto-lib-pem_info.obj: file format not recognized
objdump: libcrypto-lib-pem_lib.obj: file format not recognized
objdump: libcrypto-lib-pem_oth.obj: file format not recognized
objdump: libcrypto-lib-pem_pk8.obj: file format not recognized
objdump: libcrypto-lib-pem_pkey.obj: file format not recognized
objdump: libcrypto-lib-pem_sign.obj: file format not recognized
objdump: libcrypto-lib-pem_x509.obj: file format not recognized
objdump: libcrypto-lib-pem_xaux.obj: file format not recognized
objdump: libcrypto-lib-pvkfmt.obj: file format not recognized
objdump: libcrypto-lib-p12_add.obj: file format not recognized
objdump: libcrypto-lib-p12_asn.obj: file format not recognized
objdump: libcrypto-lib-p12_attr.obj: file format not recognized
objdump: libcrypto-lib-p12_crpt.obj: file format not recognized
objdump: libcrypto-lib-p12_crt.obj: file format not recognized
objdump: libcrypto-lib-p12_decr.obj: file format not recognized
objdump: libcrypto-lib-p12_init.obj: file format not recognized
objdump: libcrypto-lib-p12_key.obj: file format not recognized
objdump: libcrypto-lib-p12_kiss.obj: file format not recognized
objdump: libcrypto-lib-p12_mutl.obj: file format not recognized
objdump: libcrypto-lib-p12_npas.obj: file format not recognized
objdump: libcrypto-lib-p12_p8d.obj: file format not recognized
objdump: libcrypto-lib-p12_p8e.obj: file format not recognized
objdump: libcrypto-lib-p12_sbag.obj: file format not recognized
objdump: libcrypto-lib-p12_utl.obj: file format not recognized
objdump: libcrypto-lib-pk12err.obj: file format not recognized
objdump: libcrypto-lib-bio_pk7.obj: file format not recognized
objdump: libcrypto-lib-pk7_asn1.obj: file format not recognized
objdump: libcrypto-lib-pk7_attr.obj: file format not recognized
objdump: libcrypto-lib-pk7_doit.obj: file format not recognized
objdump: libcrypto-lib-pk7_lib.obj: file format not recognized
objdump: libcrypto-lib-pk7_mime.obj: file format not recognized
objdump: libcrypto-lib-pk7_smime.obj: file format not recognized
objdump: libcrypto-lib-pkcs7err.obj: file format not recognized
objdump: libcrypto-lib-poly1305-armv8.obj: file format not recognized
objdump: libcrypto-lib-poly1305.obj: file format not recognized
objdump: libcrypto-lib-defn_cache.obj: file format not recognized
objdump: libcrypto-lib-property.obj: file format not recognized
objdump: libcrypto-lib-property_err.obj: file format not recognized
objdump: libcrypto-lib-property_parse.obj: file format not recognized
objdump: libcrypto-lib-property_query.obj: file format not recognized
objdump: libcrypto-lib-property_string.obj: file format not recognized
objdump: libcrypto-lib-prov_seed.obj: file format not recognized
objdump: libcrypto-lib-rand_deprecated.obj: file format not recognized
objdump: libcrypto-lib-rand_err.obj: file format not recognized
objdump: libcrypto-lib-rand_lib.obj: file format not recognized
objdump: libcrypto-lib-rand_meth.obj: file format not recognized
objdump: libcrypto-lib-rand_pool.obj: file format not recognized
objdump: libcrypto-lib-rand_uniform.obj: file format not recognized
objdump: libcrypto-lib-randfile.obj: file format not recognized
objdump: libcrypto-lib-rc2_cbc.obj: file format not recognized
objdump: libcrypto-lib-rc2_ecb.obj: file format not recognized
objdump: libcrypto-lib-rc2_skey.obj: file format not recognized
objdump: libcrypto-lib-rc2cfb64.obj: file format not recognized
objdump: libcrypto-lib-rc2ofb64.obj: file format not recognized
objdump: libcrypto-lib-rc4_enc.obj: file format not recognized
objdump: libcrypto-lib-rc4_skey.obj: file format not recognized
objdump: libcrypto-lib-rc5_ecb.obj: file format not recognized
objdump: libcrypto-lib-rc5_enc.obj: file format not recognized
objdump: libcrypto-lib-rc5_skey.obj: file format not recognized
objdump: libcrypto-lib-rc5cfb64.obj: file format not recognized
objdump: libcrypto-lib-rc5ofb64.obj: file format not recognized
objdump: libcrypto-lib-rmd_dgst.obj: file format not recognized
objdump: libcrypto-lib-rmd_one.obj: file format not recognized
objdump: libcrypto-lib-rsa_ameth.obj: file format not recognized
objdump: libcrypto-lib-rsa_asn1.obj: file format not recognized
objdump: libcrypto-lib-rsa_backend.obj: file format not recognized
objdump: libcrypto-lib-rsa_chk.obj: file format not recognized
objdump: libcrypto-lib-rsa_crpt.obj: file format not recognized
objdump: libcrypto-lib-rsa_depr.obj: file format not recognized
objdump: libcrypto-lib-rsa_err.obj: file format not recognized
objdump: libcrypto-lib-rsa_gen.obj: file format not recognized
objdump: libcrypto-lib-rsa_lib.obj: file format not recognized
objdump: libcrypto-lib-rsa_meth.obj: file format not recognized
objdump: libcrypto-lib-rsa_mp.obj: file format not recognized
objdump: libcrypto-lib-rsa_mp_names.obj: file format not recognized
objdump: libcrypto-lib-rsa_none.obj: file format not recognized
objdump: libcrypto-lib-rsa_oaep.obj: file format not recognized
objdump: libcrypto-lib-rsa_ossl.obj: file format not recognized
objdump: libcrypto-lib-rsa_pk1.obj: file format not recognized
objdump: libcrypto-lib-rsa_pmeth.obj: file format not recognized
objdump: libcrypto-lib-rsa_prn.obj: file format not recognized
objdump: libcrypto-lib-rsa_pss.obj: file format not recognized
objdump: libcrypto-lib-rsa_saos.obj: file format not recognized
objdump: libcrypto-lib-rsa_schemes.obj: file format not recognized
objdump: libcrypto-lib-rsa_sign.obj: file format not recognized
objdump: libcrypto-lib-rsa_sp800_56b_check.obj: file format not recognized
objdump: libcrypto-lib-rsa_sp800_56b_gen.obj: file format not recognized
objdump: libcrypto-lib-rsa_x931.obj: file format not recognized
objdump: libcrypto-lib-rsa_x931g.obj: file format not recognized
objdump: libcrypto-lib-seed.obj: file format not recognized
objdump: libcrypto-lib-seed_cbc.obj: file format not recognized
objdump: libcrypto-lib-seed_cfb.obj: file format not recognized
objdump: libcrypto-lib-seed_ecb.obj: file format not recognized
objdump: libcrypto-lib-seed_ofb.obj: file format not recognized
objdump: libcrypto-lib-keccak1600-armv8.obj: file format not recognized
objdump: libcrypto-lib-sha1-armv8.obj: file format not recognized
objdump: libcrypto-lib-sha1_one.obj: file format not recognized
objdump: libcrypto-lib-sha1dgst.obj: file format not recognized
objdump: libcrypto-lib-sha256-armv8.obj: file format not recognized
objdump: libcrypto-lib-sha256.obj: file format not recognized
objdump: libcrypto-lib-sha3.obj: file format not recognized
objdump: libcrypto-lib-sha512-armv8.obj: file format not recognized
objdump: libcrypto-lib-sha512.obj: file format not recognized
objdump: libcrypto-lib-siphash.obj: file format not recognized
objdump: libcrypto-lib-slh_adrs.obj: file format not recognized
objdump: libcrypto-lib-slh_dsa.obj: file format not recognized
objdump: libcrypto-lib-slh_dsa_hash_ctx.obj: file format not recognized
objdump: libcrypto-lib-slh_dsa_key.obj: file format not recognized
objdump: libcrypto-lib-slh_fors.obj: file format not recognized
objdump: libcrypto-lib-slh_hash.obj: file format not recognized
objdump: libcrypto-lib-slh_hypertree.obj: file format not recognized
objdump: libcrypto-lib-slh_params.obj: file format not recognized
objdump: libcrypto-lib-slh_wots.obj: file format not recognized
objdump: libcrypto-lib-slh_xmss.obj: file format not recognized
objdump: libcrypto-lib-sm2_crypt.obj: file format not recognized
objdump: libcrypto-lib-sm2_err.obj: file format not recognized
objdump: libcrypto-lib-sm2_key.obj: file format not recognized
objdump: libcrypto-lib-sm2_sign.obj: file format not recognized
objdump: libcrypto-lib-legacy_sm3.obj: file format not recognized
objdump: libcrypto-lib-sm3-armv8.obj: file format not recognized
objdump: libcrypto-lib-sm3.obj: file format not recognized
objdump: libcrypto-lib-sm4-armv8.obj: file format not recognized
objdump: libcrypto-lib-sm4.obj: file format not recognized
objdump: libcrypto-lib-vpsm4-armv8.obj: file format not recognized
objdump: libcrypto-lib-vpsm4_ex-armv8.obj: file format not recognized
objdump: libcrypto-lib-srp_lib.obj: file format not recognized
objdump: libcrypto-lib-srp_vfy.obj: file format not recognized
objdump: libcrypto-lib-stack.obj: file format not recognized
objdump: libcrypto-lib-store_err.obj: file format not recognized
objdump: libcrypto-lib-store_init.obj: file format not recognized
objdump: libcrypto-lib-store_lib.obj: file format not recognized
objdump: libcrypto-lib-store_meth.obj: file format not recognized
objdump: libcrypto-lib-store_register.obj: file format not recognized
objdump: libcrypto-lib-store_result.obj: file format not recognized
objdump: libcrypto-lib-store_strings.obj: file format not recognized
objdump: libcrypto-lib-thread_none.obj: file format not recognized
objdump: libcrypto-lib-thread_posix.obj: file format not recognized
objdump: libcrypto-lib-thread_win.obj: file format not recognized
objdump: libcrypto-lib-api.obj: file format not recognized
objdump: libcrypto-lib-arch.obj: file format not recognized
objdump: libcrypto-lib-internal.obj: file format not recognized
objdump: libcrypto-lib-ts_asn1.obj: file format not recognized
objdump: libcrypto-lib-ts_conf.obj: file format not recognized
objdump: libcrypto-lib-ts_err.obj: file format not recognized
objdump: libcrypto-lib-ts_lib.obj: file format not recognized
objdump: libcrypto-lib-ts_req_print.obj: file format not recognized
objdump: libcrypto-lib-ts_req_utils.obj: file format not recognized
objdump: libcrypto-lib-ts_rsp_print.obj: file format not recognized
objdump: libcrypto-lib-ts_rsp_sign.obj: file format not recognized
objdump: libcrypto-lib-ts_rsp_utils.obj: file format not recognized
objdump: libcrypto-lib-ts_rsp_verify.obj: file format not recognized
objdump: libcrypto-lib-ts_verify_ctx.obj: file format not recognized
objdump: libcrypto-lib-txt_db.obj: file format not recognized
objdump: libcrypto-lib-ui_err.obj: file format not recognized
objdump: libcrypto-lib-ui_lib.obj: file format not recognized
objdump: libcrypto-lib-ui_null.obj: file format not recognized
objdump: libcrypto-lib-ui_openssl.obj: file format not recognized
objdump: libcrypto-lib-ui_util.obj: file format not recognized
objdump: libcrypto-lib-wp_block.obj: file format not recognized
objdump: libcrypto-lib-wp_dgst.obj: file format not recognized
objdump: libcrypto-lib-by_dir.obj: file format not recognized
objdump: libcrypto-lib-by_file.obj: file format not recognized
objdump: libcrypto-lib-by_store.obj: file format not recognized
objdump: libcrypto-lib-pcy_cache.obj: file format not recognized
objdump: libcrypto-lib-pcy_data.obj: file format not recognized
objdump: libcrypto-lib-pcy_lib.obj: file format not recognized
objdump: libcrypto-lib-pcy_map.obj: file format not recognized
objdump: libcrypto-lib-pcy_node.obj: file format not recognized
objdump: libcrypto-lib-pcy_tree.obj: file format not recognized
objdump: libcrypto-lib-t_acert.obj: file format not recognized
objdump: libcrypto-lib-t_crl.obj: file format not recognized
objdump: libcrypto-lib-t_req.obj: file format not recognized
objdump: libcrypto-lib-t_x509.obj: file format not recognized
objdump: libcrypto-lib-v3_aaa.obj: file format not recognized
objdump: libcrypto-lib-v3_ac_tgt.obj: file format not recognized
objdump: libcrypto-lib-v3_addr.obj: file format not recognized
objdump: libcrypto-lib-v3_admis.obj: file format not recognized
objdump: libcrypto-lib-v3_akeya.obj: file format not recognized
objdump: libcrypto-lib-v3_akid.obj: file format not recognized
objdump: libcrypto-lib-v3_asid.obj: file format not recognized
objdump: libcrypto-lib-v3_attrdesc.obj: file format not recognized
objdump: libcrypto-lib-v3_attrmap.obj: file format not recognized
objdump: libcrypto-lib-v3_audit_id.obj: file format not recognized
objdump: libcrypto-lib-v3_authattid.obj: file format not recognized
objdump: libcrypto-lib-v3_battcons.obj: file format not recognized
objdump: libcrypto-lib-v3_bcons.obj: file format not recognized
objdump: libcrypto-lib-v3_bitst.obj: file format not recognized
objdump: libcrypto-lib-v3_conf.obj: file format not recognized
objdump: libcrypto-lib-v3_cpols.obj: file format not recognized
objdump: libcrypto-lib-v3_crld.obj: file format not recognized
objdump: libcrypto-lib-v3_enum.obj: file format not recognized
objdump: libcrypto-lib-v3_extku.obj: file format not recognized
objdump: libcrypto-lib-v3_genn.obj: file format not recognized
objdump: libcrypto-lib-v3_group_ac.obj: file format not recognized
objdump: libcrypto-lib-v3_ia5.obj: file format not recognized
objdump: libcrypto-lib-v3_ind_iss.obj: file format not recognized
objdump: libcrypto-lib-v3_info.obj: file format not recognized
objdump: libcrypto-lib-v3_int.obj: file format not recognized
objdump: libcrypto-lib-v3_iobo.obj: file format not recognized
objdump: libcrypto-lib-v3_ist.obj: file format not recognized
objdump: libcrypto-lib-v3_lib.obj: file format not recognized
objdump: libcrypto-lib-v3_ncons.obj: file format not recognized
objdump: libcrypto-lib-v3_no_ass.obj: file format not recognized
objdump: libcrypto-lib-v3_no_rev_avail.obj: file format not recognized
objdump: libcrypto-lib-v3_pci.obj: file format not recognized
objdump: libcrypto-lib-v3_pcia.obj: file format not recognized
objdump: libcrypto-lib-v3_pcons.obj: file format not recognized
objdump: libcrypto-lib-v3_pku.obj: file format not recognized
objdump: libcrypto-lib-v3_pmaps.obj: file format not recognized
objdump: libcrypto-lib-v3_prn.obj: file format not recognized
objdump: libcrypto-lib-v3_purp.obj: file format not recognized
objdump: libcrypto-lib-v3_rolespec.obj: file format not recognized
objdump: libcrypto-lib-v3_san.obj: file format not recognized
objdump: libcrypto-lib-v3_sda.obj: file format not recognized
objdump: libcrypto-lib-v3_single_use.obj: file format not recognized
objdump: libcrypto-lib-v3_skid.obj: file format not recognized
objdump: libcrypto-lib-v3_soa_id.obj: file format not recognized
objdump: libcrypto-lib-v3_sxnet.obj: file format not recognized
objdump: libcrypto-lib-v3_timespec.obj: file format not recognized
objdump: libcrypto-lib-v3_tlsf.obj: file format not recognized
objdump: libcrypto-lib-v3_usernotice.obj: file format not recognized
objdump: libcrypto-lib-v3_utf8.obj: file format not recognized
objdump: libcrypto-lib-v3_utl.obj: file format not recognized
objdump: libcrypto-lib-v3err.obj: file format not recognized
objdump: libcrypto-lib-x509_acert.obj: file format not recognized
objdump: libcrypto-lib-x509_att.obj: file format not recognized
objdump: libcrypto-lib-x509_cmp.obj: file format not recognized
objdump: libcrypto-lib-x509_d2.obj: file format not recognized
objdump: libcrypto-lib-x509_def.obj: file format not recognized
objdump: libcrypto-lib-x509_err.obj: file format not recognized
objdump: libcrypto-lib-x509_ext.obj: file format not recognized
objdump: libcrypto-lib-x509_lu.obj: file format not recognized
objdump: libcrypto-lib-x509_meth.obj: file format not recognized
objdump: libcrypto-lib-x509_obj.obj: file format not recognized
objdump: libcrypto-lib-x509_r2x.obj: file format not recognized
objdump: libcrypto-lib-x509_req.obj: file format not recognized
objdump: libcrypto-lib-x509_set.obj: file format not recognized
objdump: libcrypto-lib-x509_trust.obj: file format not recognized
objdump: libcrypto-lib-x509_txt.obj: file format not recognized
objdump: libcrypto-lib-x509_v3.obj: file format not recognized
objdump: libcrypto-lib-x509_vfy.obj: file format not recognized
objdump: libcrypto-lib-x509_vpm.obj: file format not recognized
objdump: libcrypto-lib-x509aset.obj: file format not recognized
objdump: libcrypto-lib-x509cset.obj: file format not recognized
objdump: libcrypto-lib-x509name.obj: file format not recognized
objdump: libcrypto-lib-x509rset.obj: file format not recognized
objdump: libcrypto-lib-x509spki.obj: file format not recognized
objdump: libcrypto-lib-x509type.obj: file format not recognized
objdump: libcrypto-lib-x_all.obj: file format not recognized
objdump: libcrypto-lib-x_attrib.obj: file format not recognized
objdump: libcrypto-lib-x_crl.obj: file format not recognized
objdump: libcrypto-lib-x_exten.obj: file format not recognized
objdump: libcrypto-lib-x_ietfatt.obj: file format not recognized
objdump: libcrypto-lib-x_name.obj: file format not recognized
objdump: libcrypto-lib-x_pubkey.obj: file format not recognized
objdump: libcrypto-lib-x_req.obj: file format not recognized
objdump: libcrypto-lib-x_x509.obj: file format not recognized
objdump: libcrypto-lib-x_x509a.obj: file format not recognized
objdump: libcrypto-lib-baseprov.obj: file format not recognized
objdump: libcrypto-lib-defltprov.obj: file format not recognized
objdump: libcrypto-lib-nullprov.obj: file format not recognized
objdump: libcrypto-lib-prov_running.obj: file format not recognized
objdump: libdefault-lib-der_rsa_sig.obj: file format not recognized
objdump: libdefault-lib-der_sm2_gen.obj: file format not recognized
objdump: libdefault-lib-der_sm2_key.obj: file format not recognized
objdump: libdefault-lib-der_sm2_sig.obj: file format not recognized
objdump: libdefault-lib-bio_prov.obj: file format not recognized
objdump: libdefault-lib-capabilities.obj: file format not recognized
objdump: libdefault-lib-digest_to_nid.obj: file format not recognized
objdump: libdefault-lib-provider_seeding.obj: file format not recognized
objdump: libdefault-lib-provider_util.obj: file format not recognized
objdump: libdefault-lib-securitycheck.obj: file format not recognized
objdump: libdefault-lib-securitycheck_default.obj: file format not recognized
objdump: libdefault-lib-rsa_enc.obj: file format not recognized
objdump: libdefault-lib-sm2_enc.obj: file format not recognized
objdump: libdefault-lib-cipher_aes.obj: file format not recognized
objdump: libdefault-lib-cipher_aes_cbc_hmac_sha.obj: file format not recognized
objdump: libdefault-lib-cipher_aes_cbc_hmac_sha1_etm_hw.obj: file format not recognized
objdump: libdefault-lib-cipher_aes_cbc_hmac_sha1_hw.obj: file format not recognized
objdump: libdefault-lib-cipher_aes_cbc_hmac_sha256_etm_hw.obj: file format not recognized
objdump: libdefault-lib-cipher_aes_cbc_hmac_sha256_hw.obj: file format not recognized
objdump: libdefault-lib-cipher_aes_cbc_hmac_sha512_etm_hw.obj: file format not recognized
objdump: libdefault-lib-cipher_aes_cbc_hmac_sha_etm.obj: file format not recognized
objdump: libdefault-lib-cipher_aes_ccm.obj: file format not recognized
objdump: libdefault-lib-cipher_aes_ccm_hw.obj: file format not recognized
objdump: libdefault-lib-cipher_aes_cfb_hw.obj: file format not recognized
objdump: libdefault-lib-cipher_aes_gcm.obj: file format not recognized
objdump: libdefault-lib-cipher_aes_gcm_hw.obj: file format not recognized
objdump: libdefault-lib-cipher_aes_gcm_siv.obj: file format not recognized
objdump: libdefault-lib-cipher_aes_gcm_siv_hw.obj: file format not recognized
objdump: libdefault-lib-cipher_aes_gcm_siv_polyval.obj: file format not recognized
objdump: libdefault-lib-cipher_aes_hw.obj: file format not recognized
objdump: libdefault-lib-cipher_aes_ocb.obj: file format not recognized
objdump: libdefault-lib-cipher_aes_ocb_hw.obj: file format not recognized
objdump: libdefault-lib-cipher_aes_siv.obj: file format not recognized
objdump: libdefault-lib-cipher_aes_siv_hw.obj: file format not recognized
objdump: libdefault-lib-cipher_aes_wrp.obj: file format not recognized
objdump: libdefault-lib-cipher_aes_xts.obj: file format not recognized
objdump: libdefault-lib-cipher_aes_xts_fips.obj: file format not recognized
objdump: libdefault-lib-cipher_aes_xts_hw.obj: file format not recognized
objdump: libdefault-lib-cipher_aria.obj: file format not recognized
objdump: libdefault-lib-cipher_aria_ccm.obj: file format not recognized
objdump: libdefault-lib-cipher_aria_ccm_hw.obj: file format not recognized
objdump: libdefault-lib-cipher_aria_gcm.obj: file format not recognized
objdump: libdefault-lib-cipher_aria_gcm_hw.obj: file format not recognized
objdump: libdefault-lib-cipher_aria_hw.obj: file format not recognized
objdump: libdefault-lib-cipher_camellia.obj: file format not recognized
objdump: libdefault-lib-cipher_camellia_hw.obj: file format not recognized
objdump: libdefault-lib-cipher_chacha20.obj: file format not recognized
objdump: libdefault-lib-cipher_chacha20_hw.obj: file format not recognized
objdump: libdefault-lib-cipher_chacha20_poly1305.obj: file format not recognized
objdump: libdefault-lib-cipher_chacha20_poly1305_hw.obj: file format not recognized
objdump: libdefault-lib-cipher_cts.obj: file format not recognized
objdump: libdefault-lib-cipher_null.obj: file format not recognized
objdump: libdefault-lib-cipher_sm4.obj: file format not recognized
objdump: libdefault-lib-cipher_sm4_ccm.obj: file format not recognized
objdump: libdefault-lib-cipher_sm4_ccm_hw.obj: file format not recognized
objdump: libdefault-lib-cipher_sm4_gcm.obj: file format not recognized
objdump: libdefault-lib-cipher_sm4_gcm_hw.obj: file format not recognized
objdump: libdefault-lib-cipher_sm4_hw.obj: file format not recognized
objdump: libdefault-lib-cipher_sm4_xts.obj: file format not recognized
objdump: libdefault-lib-cipher_sm4_xts_hw.obj: file format not recognized
objdump: libdefault-lib-cipher_tdes.obj: file format not recognized
objdump: libdefault-lib-cipher_tdes_common.obj: file format not recognized
objdump: libdefault-lib-cipher_tdes_default.obj: file format not recognized
objdump: libdefault-lib-cipher_tdes_default_hw.obj: file format not recognized
objdump: libdefault-lib-cipher_tdes_hw.obj: file format not recognized
objdump: libdefault-lib-cipher_tdes_wrap.obj: file format not recognized
objdump: libdefault-lib-cipher_tdes_wrap_hw.obj: file format not recognized
objdump: libdefault-lib-blake2_prov.obj: file format not recognized
objdump: libdefault-lib-blake2b_prov.obj: file format not recognized
objdump: libdefault-lib-blake2s_prov.obj: file format not recognized
objdump: libdefault-lib-md5_prov.obj: file format not recognized
objdump: libdefault-lib-md5_sha1_prov.obj: file format not recognized
objdump: libdefault-lib-null_prov.obj: file format not recognized
objdump: libdefault-lib-ripemd_prov.obj: file format not recognized
objdump: libdefault-lib-sha2_prov.obj: file format not recognized
objdump: libdefault-lib-sha3_prov.obj: file format not recognized
objdump: libdefault-lib-sm3_prov.obj: file format not recognized
objdump: libdefault-lib-decode_der2key.obj: file format not recognized
objdump: libdefault-lib-decode_epki2pki.obj: file format not recognized
objdump: libdefault-lib-decode_msblob2key.obj: file format not recognized
objdump: libdefault-lib-decode_pem2der.obj: file format not recognized
objdump: libdefault-lib-decode_pvk2key.obj: file format not recognized
objdump: libdefault-lib-decode_spki2typespki.obj: file format not recognized
objdump: libdefault-lib-encode_key2any.obj: file format not recognized
objdump: libdefault-lib-encode_key2blob.obj: file format not recognized
objdump: libdefault-lib-encode_key2ms.obj: file format not recognized
objdump: libdefault-lib-encode_key2text.obj: file format not recognized
objdump: libdefault-lib-endecoder_common.obj: file format not recognized
objdump: libdefault-lib-ml_common_codecs.obj: file format not recognized
objdump: libdefault-lib-ml_dsa_codecs.obj: file format not recognized
objdump: libdefault-lib-ml_kem_codecs.obj: file format not recognized
objdump: libdefault-lib-dh_exch.obj: file format not recognized
objdump: libdefault-lib-ecdh_exch.obj: file format not recognized
objdump: libdefault-lib-ecx_exch.obj: file format not recognized
objdump: libdefault-lib-kdf_exch.obj: file format not recognized
objdump: libdefault-lib-argon2.obj: file format not recognized
objdump: libdefault-lib-hkdf.obj: file format not recognized
objdump: libdefault-lib-hmacdrbg_kdf.obj: file format not recognized
objdump: libdefault-lib-kbkdf.obj: file format not recognized
objdump: libdefault-lib-krb5kdf.obj: file format not recognized
objdump: libdefault-lib-pbkdf2.obj: file format not recognized
objdump: libdefault-lib-pkcs12kdf.obj: file format not recognized
objdump: libdefault-lib-scrypt.obj: file format not recognized
objdump: libdefault-lib-sshkdf.obj: file format not recognized
objdump: libdefault-lib-sskdf.obj: file format not recognized
objdump: libdefault-lib-tls1_prf.obj: file format not recognized
objdump: libdefault-lib-x942kdf.obj: file format not recognized
objdump: libdefault-lib-ec_kem.obj: file format not recognized
objdump: libdefault-lib-ecx_kem.obj: file format not recognized
objdump: libdefault-lib-kem_util.obj: file format not recognized
objdump: libdefault-lib-ml_kem_kem.obj: file format not recognized
objdump: libdefault-lib-mlx_kem.obj: file format not recognized
objdump: libdefault-lib-rsa_kem.obj: file format not recognized
objdump: libdefault-lib-dh_kmgmt.obj: file format not recognized
objdump: libdefault-lib-dsa_kmgmt.obj: file format not recognized
objdump: libdefault-lib-ec_kmgmt.obj: file format not recognized
objdump: libdefault-lib-ecx_kmgmt.obj: file format not recognized
objdump: libdefault-lib-kdf_legacy_kmgmt.obj: file format not recognized
objdump: libdefault-lib-mac_legacy_kmgmt.obj: file format not recognized
objdump: libdefault-lib-ml_dsa_kmgmt.obj: file format not recognized
objdump: libdefault-lib-ml_kem_kmgmt.obj: file format not recognized
objdump: libdefault-lib-mlx_kmgmt.obj: file format not recognized
objdump: libdefault-lib-rsa_kmgmt.obj: file format not recognized
objdump: libdefault-lib-slh_dsa_kmgmt.obj: file format not recognized
objdump: libdefault-lib-blake2b_mac.obj: file format not recognized
objdump: libdefault-lib-blake2s_mac.obj: file format not recognized
objdump: libdefault-lib-cmac_prov.obj: file format not recognized
objdump: libdefault-lib-gmac_prov.obj: file format not recognized
objdump: libdefault-lib-hmac_prov.obj: file format not recognized
objdump: libdefault-lib-kmac_prov.obj: file format not recognized
objdump: libdefault-lib-poly1305_prov.obj: file format not recognized
objdump: libdefault-lib-siphash_prov.obj: file format not recognized
objdump: libdefault-lib-drbg.obj: file format not recognized
objdump: libdefault-lib-drbg_ctr.obj: file format not recognized
objdump: libdefault-lib-drbg_hash.obj: file format not recognized
objdump: libdefault-lib-drbg_hmac.obj: file format not recognized
objdump: libdefault-lib-seed_src.obj: file format not recognized
objdump: libdefault-lib-seed_src_jitter.obj: file format not recognized
objdump: libdefault-lib-test_rng.obj: file format not recognized
objdump: libdefault-lib-rand_cpu_x86.obj: file format not recognized
objdump: libdefault-lib-rand_tsc.obj: file format not recognized
objdump: libdefault-lib-rand_unix.obj: file format not recognized
objdump: libdefault-lib-rand_win.obj: file format not recognized
objdump: libdefault-lib-dsa_sig.obj: file format not recognized
objdump: libdefault-lib-ecdsa_sig.obj: file format not recognized
objdump: libdefault-lib-eddsa_sig.obj: file format not recognized
objdump: libdefault-lib-mac_legacy_sig.obj: file format not recognized
objdump: libdefault-lib-ml_dsa_sig.obj: file format not recognized
objdump: libdefault-lib-rsa_sig.obj: file format not recognized
objdump: libdefault-lib-slh_dsa_sig.obj: file format not recognized
objdump: libdefault-lib-sm2_sig.obj: file format not recognized
objdump: libdefault-lib-aes_skmgmt.obj: file format not recognized
objdump: libdefault-lib-generic.obj: file format not recognized
objdump: libdefault-lib-file_store.obj: file format not recognized
objdump: libdefault-lib-file_store_any2obj.obj: file format not recognized
objdump: libdefault-lib-winstore_store.obj: file format not recognized
objdump: libdefault-lib-ssl3_cbc.obj: file format not recognized
objdump: libcommon-lib-der_digests_gen.obj: file format not recognized
objdump: libcommon-lib-der_dsa_gen.obj: file format not recognized
objdump: libcommon-lib-der_dsa_key.obj: file format not recognized
objdump: libcommon-lib-der_dsa_sig.obj: file format not recognized
objdump: libcommon-lib-der_ec_gen.obj: file format not recognized
objdump: libcommon-lib-der_ec_key.obj: file format not recognized
objdump: libcommon-lib-der_ec_sig.obj: file format not recognized
objdump: libcommon-lib-der_ecx_gen.obj: file format not recognized
objdump: libcommon-lib-der_ecx_key.obj: file format not recognized
objdump: libcommon-lib-der_hkdf_gen.obj: file format not recognized
objdump: libcommon-lib-der_ml_dsa_gen.obj: file format not recognized
objdump: libcommon-lib-der_ml_dsa_key.obj: file format not recognized
objdump: libcommon-lib-der_rsa_gen.obj: file format not recognized
objdump: libcommon-lib-der_rsa_key.obj: file format not recognized
objdump: libcommon-lib-der_slh_dsa_gen.obj: file format not recognized
objdump: libcommon-lib-der_slh_dsa_key.obj: file format not recognized
objdump: libcommon-lib-der_wrap_gen.obj: file format not recognized
objdump: libcommon-lib-provider_ctx.obj: file format not recognized
objdump: libcommon-lib-provider_err.obj: file format not recognized
objdump: libcommon-lib-ciphercommon.obj: file format not recognized
objdump: libcommon-lib-ciphercommon_block.obj: file format not recognized
objdump: libcommon-lib-ciphercommon_ccm.obj: file format not recognized
objdump: libcommon-lib-ciphercommon_ccm_hw.obj: file format not recognized
objdump: libcommon-lib-ciphercommon_gcm.obj: file format not recognized
objdump: libcommon-lib-ciphercommon_gcm_hw.obj: file format not recognized
objdump: libcommon-lib-ciphercommon_hw.obj: file format not recognized
objdump: libcommon-lib-digestcommon.obj: file format not recognized
objdump: libcommon-lib-tls_pad.obj: file format not recognized
objdump: libssl-lib-bio_ssl.obj: file format not recognized
objdump: libssl-lib-d1_lib.obj: file format not recognized
objdump: libssl-lib-d1_msg.obj: file format not recognized
objdump: libssl-lib-d1_srtp.obj: file format not recognized
objdump: libssl-lib-methods.obj: file format not recognized
objdump: libssl-lib-pqueue.obj: file format not recognized
objdump: libssl-lib-priority_queue.obj: file format not recognized
objdump: libssl-lib-s3_enc.obj: file format not recognized
objdump: libssl-lib-s3_lib.obj: file format not recognized
objdump: libssl-lib-s3_msg.obj: file format not recognized
objdump: libssl-lib-ssl_asn1.obj: file format not recognized
objdump: libssl-lib-ssl_cert.obj: file format not recognized
objdump: libssl-lib-ssl_cert_comp.obj: file format not recognized
objdump: libssl-lib-ssl_ciph.obj: file format not recognized
objdump: libssl-lib-ssl_conf.obj: file format not recognized
objdump: libssl-lib-ssl_err_legacy.obj: file format not recognized
objdump: libssl-lib-ssl_init.obj: file format not recognized
objdump: libssl-lib-ssl_lib.obj: file format not recognized
objdump: libssl-lib-ssl_mcnf.obj: file format not recognized
objdump: libssl-lib-ssl_rsa.obj: file format not recognized
objdump: libssl-lib-ssl_rsa_legacy.obj: file format not recognized
objdump: libssl-lib-ssl_sess.obj: file format not recognized
objdump: libssl-lib-ssl_stat.obj: file format not recognized
objdump: libssl-lib-ssl_txt.obj: file format not recognized
objdump: libssl-lib-ssl_utst.obj: file format not recognized
objdump: libssl-lib-t1_enc.obj: file format not recognized
objdump: libssl-lib-t1_lib.obj: file format not recognized
objdump: libssl-lib-t1_trce.obj: file format not recognized
objdump: libssl-lib-tls13_enc.obj: file format not recognized
objdump: libssl-lib-tls_depr.obj: file format not recognized
objdump: libssl-lib-tls_srp.obj: file format not recognized
objdump: libssl-lib-cc_newreno.obj: file format not recognized
objdump: libssl-lib-json_enc.obj: file format not recognized
objdump: libssl-lib-qlog.obj: file format not recognized
objdump: libssl-lib-qlog_event_helpers.obj: file format not recognized
objdump: libssl-lib-quic_ackm.obj: file format not recognized
objdump: libssl-lib-quic_cfq.obj: file format not recognized
objdump: libssl-lib-quic_channel.obj: file format not recognized
objdump: libssl-lib-quic_demux.obj: file format not recognized
objdump: libssl-lib-quic_engine.obj: file format not recognized
objdump: libssl-lib-quic_fc.obj: file format not recognized
objdump: libssl-lib-quic_fifd.obj: file format not recognized
objdump: libssl-lib-quic_impl.obj: file format not recognized
objdump: libssl-lib-quic_lcidm.obj: file format not recognized
objdump: libssl-lib-quic_method.obj: file format not recognized
objdump: libssl-lib-quic_obj.obj: file format not recognized
objdump: libssl-lib-quic_port.obj: file format not recognized
objdump: libssl-lib-quic_rcidm.obj: file format not recognized
objdump: libssl-lib-quic_reactor.obj: file format not recognized
objdump: libssl-lib-quic_reactor_wait_ctx.obj: file format not recognized
objdump: libssl-lib-quic_record_rx.obj: file format not recognized
objdump: libssl-lib-quic_record_shared.obj: file format not recognized
objdump: libssl-lib-quic_record_tx.obj: file format not recognized
objdump: libssl-lib-quic_record_util.obj: file format not recognized
objdump: libssl-lib-quic_rstream.obj: file format not recognized
objdump: libssl-lib-quic_rx_depack.obj: file format not recognized
objdump: libssl-lib-quic_sf_list.obj: file format not recognized
objdump: libssl-lib-quic_srt_gen.obj: file format not recognized
objdump: libssl-lib-quic_srtm.obj: file format not recognized
objdump: libssl-lib-quic_sstream.obj: file format not recognized
objdump: libssl-lib-quic_statm.obj: file format not recognized
objdump: libssl-lib-quic_stream_map.obj: file format not recognized
objdump: libssl-lib-quic_thread_assist.obj: file format not recognized
objdump: libssl-lib-quic_tls.obj: file format not recognized
objdump: libssl-lib-quic_tls_api.obj: file format not recognized
objdump: libssl-lib-quic_trace.obj: file format not recognized
objdump: libssl-lib-quic_tserver.obj: file format not recognized
objdump: libssl-lib-quic_txp.obj: file format not recognized
objdump: libssl-lib-quic_txpim.obj: file format not recognized
objdump: libssl-lib-quic_types.obj: file format not recognized
objdump: libssl-lib-quic_wire.obj: file format not recognized
objdump: libssl-lib-quic_wire_pkt.obj: file format not recognized
objdump: libssl-lib-uint_set.obj: file format not recognized
objdump: libssl-lib-rec_layer_d1.obj: file format not recognized
objdump: libssl-lib-rec_layer_s3.obj: file format not recognized
objdump: libssl-lib-dtls_meth.obj: file format not recognized
objdump: libssl-lib-ssl3_meth.obj: file format not recognized
objdump: libssl-lib-tls13_meth.obj: file format not recognized
objdump: libssl-lib-tls1_meth.obj: file format not recognized
objdump: libssl-lib-tls_common.obj: file format not recognized
objdump: libssl-lib-tls_multib.obj: file format not recognized
objdump: libssl-lib-tlsany_meth.obj: file format not recognized
objdump: libssl-lib-poll_builder.obj: file format not recognized
objdump: libssl-lib-poll_immediate.obj: file format not recognized
objdump: libssl-lib-rio_notifier.obj: file format not recognized
objdump: libssl-lib-extensions.obj: file format not recognized
objdump: libssl-lib-extensions_clnt.obj: file format not recognized
objdump: libssl-lib-extensions_cust.obj: file format not recognized
objdump: libssl-lib-extensions_srvr.obj: file format not recognized
objdump: libssl-lib-statem.obj: file format not recognized
objdump: libssl-lib-statem_clnt.obj: file format not recognized
objdump: libssl-lib-statem_dtls.obj: file format not recognized
objdump: libssl-lib-statem_lib.obj: file format not recognized
objdump: libssl-lib-statem_srvr.obj: file format not recognized
strip: mingwarm64/lib/ossl-modules/legacy.dll: file format not recognized
  -> Compressing man and info pages...
==> Checking for packaging issues...
==> Creating package "mingw-w64-aarch64-openssl"...
  -> Generating .PKGINFO file...
  -> Generating .BUILDINFO file...
  -> Generating .MTREE file...
  -> Compressing package...
==> Finished making: mingw-w64-openssl 3.6.4-1 (Thu Sep 10 23:17:38 2026)
