make: Entering directory '/c/ar07-9047/g01/git-32c4f7689275d233577576630e1ac5b7eb354eb0/Documentation'
    GEN asciidoctor-extensions.rb
'/bin/sh' ./install-webdoc.sh /c/ar07-9047/doc-install-02/mingwarm64/share/doc/git-doc
# install BreakingChanges.adoc /c/ar07-9047/doc-install-02/mingwarm64/share/doc/git-doc/BreakingChanges.adoc
# install DecisionMaking.adoc /c/ar07-9047/doc-install-02/mingwarm64/share/doc/git-doc/DecisionMaking.adoc
# install MyFirstContribution.adoc /c/ar07-9047/doc-install-02/mingwarm64/share/doc/git-doc/MyFirstContribution.adoc
# install MyFirstObjectWalk.adoc /c/ar07-9047/doc-install-02/mingwarm64/share/doc/git-doc/MyFirstObjectWalk.adoc
# install ReviewingGuidelines.adoc /c/ar07-9047/doc-install-02/mingwarm64/share/doc/git-doc/ReviewingGuidelines.adoc
# install SubmittingPatches.adoc /c/ar07-9047/doc-install-02/mingwarm64/share/doc/git-doc/SubmittingPatches.adoc
# install ToolsForGit.adoc /c/ar07-9047/doc-install-02/mingwarm64/share/doc/git-doc/ToolsForGit.adoc
# install blame-options.adoc /c/ar07-9047/doc-install-02/mingwarm64/share/doc/git-doc/blame-options.adoc
# install cmds-ancillaryinterrogators.adoc /c/ar07-9047/doc-install-02/mingwarm64/share/doc/git-doc/cmds-ancillaryinterrogators.adoc
# install cmds-ancillarymanipulators.adoc /c/ar07-9047/doc-install-02/mingwarm64/share/doc/git-doc/cmds-ancillarymanipulators.adoc
# install cmds-developerinterfaces.adoc /c/ar07-9047/doc-install-02/mingwarm64/share/doc/git-doc/cmds-developerinterfaces.adoc
# install cmds-foreignscminterface.adoc /c/ar07-9047/doc-install-02/mingwarm64/share/doc/git-doc/cmds-foreignscminterface.adoc
# install cmds-guide.adoc /c/ar07-9047/doc-install-02/mingwarm64/share/doc/git-doc/cmds-guide.adoc
# install cmds-mainporcelain.adoc /c/ar07-9047/doc-install-02/mingwarm64/share/doc/git-doc/cmds-mainporcelain.adoc
# install cmds-plumbinginterrogators.adoc /c/ar07-9047/doc-install-02/mingwarm64/share/doc/git-doc/cmds-plumbinginterrogators.adoc
# install cmds-plumbingmanipulators.adoc /c/ar07-9047/doc-install-02/mingwarm64/share/doc/git-doc/cmds-plumbingmanipulators.adoc
# install cmds-purehelpers.adoc /c/ar07-9047/doc-install-02/mingwarm64/share/doc/git-doc/cmds-purehelpers.adoc
# install cmds-synchelpers.adoc /c/ar07-9047/doc-install-02/mingwarm64/share/doc/git-doc/cmds-synchelpers.adoc
# install cmds-synchingrepositories.adoc /c/ar07-9047/doc-install-02/mingwarm64/share/doc/git-doc/cmds-synchingrepositories.adoc
# install cmds-userinterfaces.adoc /c/ar07-9047/doc-install-02/mingwarm64/share/doc/git-doc/cmds-userinterfaces.adoc
# install config.adoc /c/ar07-9047/doc-install-02/mingwarm64/share/doc/git-doc/config.adoc
# install date-formats.adoc /c/ar07-9047/doc-install-02/mingwarm64/share/doc/git-doc/date-formats.adoc
# install diff-algorithm-option.adoc /c/ar07-9047/doc-install-02/mingwarm64/share/doc/git-doc/diff-algorithm-option.adoc
# install diff-context-options.adoc /c/ar07-9047/doc-install-02/mingwarm64/share/doc/git-doc/diff-context-options.adoc
# install diff-format.adoc /c/ar07-9047/doc-install-02/mingwarm64/share/doc/git-doc/diff-format.adoc
# install diff-generate-patch.adoc /c/ar07-9047/doc-install-02/mingwarm64/share/doc/git-doc/diff-generate-patch.adoc
# install diff-options.adoc /c/ar07-9047/doc-install-02/mingwarm64/share/doc/git-doc/diff-options.adoc
# install fetch-options.adoc /c/ar07-9047/doc-install-02/mingwarm64/share/doc/git-doc/fetch-options.adoc
# install for-each-ref-options.adoc /c/ar07-9047/doc-install-02/mingwarm64/share/doc/git-doc/for-each-ref-options.adoc
# install format-patch-caveats.adoc /c/ar07-9047/doc-install-02/mingwarm64/share/doc/git-doc/format-patch-caveats.adoc
# install format-patch-end-of-commit-message.adoc /c/ar07-9047/doc-install-02/mingwarm64/share/doc/git-doc/format-patch-end-of-commit-message.adoc
# install fsck-msgids.adoc /c/ar07-9047/doc-install-02/mingwarm64/share/doc/git-doc/fsck-msgids.adoc
# install git-add.adoc /c/ar07-9047/doc-install-02/mingwarm64/share/doc/git-doc/git-add.adoc
# install git-am.adoc /c/ar07-9047/doc-install-02/mingwarm64/share/doc/git-doc/git-am.adoc
# install git-annotate.adoc /c/ar07-9047/doc-install-02/mingwarm64/share/doc/git-doc/git-annotate.adoc
# install git-apply.adoc /c/ar07-9047/doc-install-02/mingwarm64/share/doc/git-doc/git-apply.adoc
# install git-archimport.adoc /c/ar07-9047/doc-install-02/mingwarm64/share/doc/git-doc/git-archimport.adoc
# install git-archive.adoc /c/ar07-9047/doc-install-02/mingwarm64/share/doc/git-doc/git-archive.adoc
# install git-backfill.adoc /c/ar07-9047/doc-install-02/mingwarm64/share/doc/git-doc/git-backfill.adoc
# install git-bash.adoc /c/ar07-9047/doc-install-02/mingwarm64/share/doc/git-doc/git-bash.adoc
# install git-bisect-lk2009.adoc /c/ar07-9047/doc-install-02/mingwarm64/share/doc/git-doc/git-bisect-lk2009.adoc
# install git-bisect.adoc /c/ar07-9047/doc-install-02/mingwarm64/share/doc/git-doc/git-bisect.adoc
# install git-blame.adoc /c/ar07-9047/doc-install-02/mingwarm64/share/doc/git-doc/git-blame.adoc
# install git-branch.adoc /c/ar07-9047/doc-install-02/mingwarm64/share/doc/git-doc/git-branch.adoc
# install git-bugreport.adoc /c/ar07-9047/doc-install-02/mingwarm64/share/doc/git-doc/git-bugreport.adoc
# install git-bundle.adoc /c/ar07-9047/doc-install-02/mingwarm64/share/doc/git-doc/git-bundle.adoc
# install git-cat-file.adoc /c/ar07-9047/doc-install-02/mingwarm64/share/doc/git-doc/git-cat-file.adoc
# install git-check-attr.adoc /c/ar07-9047/doc-install-02/mingwarm64/share/doc/git-doc/git-check-attr.adoc
# install git-check-ignore.adoc /c/ar07-9047/doc-install-02/mingwarm64/share/doc/git-doc/git-check-ignore.adoc
# install git-check-mailmap.adoc /c/ar07-9047/doc-install-02/mingwarm64/share/doc/git-doc/git-check-mailmap.adoc
# install git-check-ref-format.adoc /c/ar07-9047/doc-install-02/mingwarm64/share/doc/git-doc/git-check-ref-format.adoc
# install git-checkout-index.adoc /c/ar07-9047/doc-install-02/mingwarm64/share/doc/git-doc/git-checkout-index.adoc
# install git-checkout.adoc /c/ar07-9047/doc-install-02/mingwarm64/share/doc/git-doc/git-checkout.adoc
# install git-cherry-pick.adoc /c/ar07-9047/doc-install-02/mingwarm64/share/doc/git-doc/git-cherry-pick.adoc
# install git-cherry.adoc /c/ar07-9047/doc-install-02/mingwarm64/share/doc/git-doc/git-cherry.adoc
# install git-citool.adoc /c/ar07-9047/doc-install-02/mingwarm64/share/doc/git-doc/git-citool.adoc
# install git-clean.adoc /c/ar07-9047/doc-install-02/mingwarm64/share/doc/git-doc/git-clean.adoc
# install git-clone.adoc /c/ar07-9047/doc-install-02/mingwarm64/share/doc/git-doc/git-clone.adoc
# install git-column.adoc /c/ar07-9047/doc-install-02/mingwarm64/share/doc/git-doc/git-column.adoc
# install git-commit-graph.adoc /c/ar07-9047/doc-install-02/mingwarm64/share/doc/git-doc/git-commit-graph.adoc
# install git-commit-tree.adoc /c/ar07-9047/doc-install-02/mingwarm64/share/doc/git-doc/git-commit-tree.adoc
# install git-commit.adoc /c/ar07-9047/doc-install-02/mingwarm64/share/doc/git-doc/git-commit.adoc
# install git-config.adoc /c/ar07-9047/doc-install-02/mingwarm64/share/doc/git-doc/git-config.adoc
# install git-count-objects.adoc /c/ar07-9047/doc-install-02/mingwarm64/share/doc/git-doc/git-count-objects.adoc
# install git-credential-cache--daemon.adoc /c/ar07-9047/doc-install-02/mingwarm64/share/doc/git-doc/git-credential-cache--daemon.adoc
# install git-credential-cache.adoc /c/ar07-9047/doc-install-02/mingwarm64/share/doc/git-doc/git-credential-cache.adoc
# install git-credential-store.adoc /c/ar07-9047/doc-install-02/mingwarm64/share/doc/git-doc/git-credential-store.adoc
# install git-credential.adoc /c/ar07-9047/doc-install-02/mingwarm64/share/doc/git-doc/git-credential.adoc
# install git-cvsexportcommit.adoc /c/ar07-9047/doc-install-02/mingwarm64/share/doc/git-doc/git-cvsexportcommit.adoc
# install git-cvsimport.adoc /c/ar07-9047/doc-install-02/mingwarm64/share/doc/git-doc/git-cvsimport.adoc
# install git-cvsserver.adoc /c/ar07-9047/doc-install-02/mingwarm64/share/doc/git-doc/git-cvsserver.adoc
# install git-daemon.adoc /c/ar07-9047/doc-install-02/mingwarm64/share/doc/git-doc/git-daemon.adoc
# install git-describe.adoc /c/ar07-9047/doc-install-02/mingwarm64/share/doc/git-doc/git-describe.adoc
# install git-diagnose.adoc /c/ar07-9047/doc-install-02/mingwarm64/share/doc/git-doc/git-diagnose.adoc
# install git-diff-files.adoc /c/ar07-9047/doc-install-02/mingwarm64/share/doc/git-doc/git-diff-files.adoc
# install git-diff-index.adoc /c/ar07-9047/doc-install-02/mingwarm64/share/doc/git-doc/git-diff-index.adoc
# install git-diff-pairs.adoc /c/ar07-9047/doc-install-02/mingwarm64/share/doc/git-doc/git-diff-pairs.adoc
# install git-diff-tree.adoc /c/ar07-9047/doc-install-02/mingwarm64/share/doc/git-doc/git-diff-tree.adoc
# install git-diff.adoc /c/ar07-9047/doc-install-02/mingwarm64/share/doc/git-doc/git-diff.adoc
# install git-difftool.adoc /c/ar07-9047/doc-install-02/mingwarm64/share/doc/git-doc/git-difftool.adoc
# install git-fast-export.adoc /c/ar07-9047/doc-install-02/mingwarm64/share/doc/git-doc/git-fast-export.adoc
# install git-fast-import.adoc /c/ar07-9047/doc-install-02/mingwarm64/share/doc/git-doc/git-fast-import.adoc
# install git-fetch-pack.adoc /c/ar07-9047/doc-install-02/mingwarm64/share/doc/git-doc/git-fetch-pack.adoc
# install git-fetch.adoc /c/ar07-9047/doc-install-02/mingwarm64/share/doc/git-doc/git-fetch.adoc
# install git-filter-branch.adoc /c/ar07-9047/doc-install-02/mingwarm64/share/doc/git-doc/git-filter-branch.adoc
# install git-fmt-merge-msg.adoc /c/ar07-9047/doc-install-02/mingwarm64/share/doc/git-doc/git-fmt-merge-msg.adoc
# install git-for-each-ref.adoc /c/ar07-9047/doc-install-02/mingwarm64/share/doc/git-doc/git-for-each-ref.adoc
# install git-for-each-repo.adoc /c/ar07-9047/doc-install-02/mingwarm64/share/doc/git-doc/git-for-each-repo.adoc
# install git-format-patch.adoc /c/ar07-9047/doc-install-02/mingwarm64/share/doc/git-doc/git-format-patch.adoc
# install git-format-rev.adoc /c/ar07-9047/doc-install-02/mingwarm64/share/doc/git-doc/git-format-rev.adoc
# install git-fsck-objects.adoc /c/ar07-9047/doc-install-02/mingwarm64/share/doc/git-doc/git-fsck-objects.adoc
# install git-fsck.adoc /c/ar07-9047/doc-install-02/mingwarm64/share/doc/git-doc/git-fsck.adoc
# install git-fsmonitor--daemon.adoc /c/ar07-9047/doc-install-02/mingwarm64/share/doc/git-doc/git-fsmonitor--daemon.adoc
# install git-gc.adoc /c/ar07-9047/doc-install-02/mingwarm64/share/doc/git-doc/git-gc.adoc
# install git-get-tar-commit-id.adoc /c/ar07-9047/doc-install-02/mingwarm64/share/doc/git-doc/git-get-tar-commit-id.adoc
# install git-grep.adoc /c/ar07-9047/doc-install-02/mingwarm64/share/doc/git-doc/git-grep.adoc
# install git-gui.adoc /c/ar07-9047/doc-install-02/mingwarm64/share/doc/git-doc/git-gui.adoc
# install git-hash-object.adoc /c/ar07-9047/doc-install-02/mingwarm64/share/doc/git-doc/git-hash-object.adoc
# install git-help.adoc /c/ar07-9047/doc-install-02/mingwarm64/share/doc/git-doc/git-help.adoc
# install git-history.adoc /c/ar07-9047/doc-install-02/mingwarm64/share/doc/git-doc/git-history.adoc
# install git-hook.adoc /c/ar07-9047/doc-install-02/mingwarm64/share/doc/git-doc/git-hook.adoc
# install git-http-backend.adoc /c/ar07-9047/doc-install-02/mingwarm64/share/doc/git-doc/git-http-backend.adoc
# install git-http-fetch.adoc /c/ar07-9047/doc-install-02/mingwarm64/share/doc/git-doc/git-http-fetch.adoc
# install git-http-push.adoc /c/ar07-9047/doc-install-02/mingwarm64/share/doc/git-doc/git-http-push.adoc
# install git-imap-send.adoc /c/ar07-9047/doc-install-02/mingwarm64/share/doc/git-doc/git-imap-send.adoc
# install git-index-pack.adoc /c/ar07-9047/doc-install-02/mingwarm64/share/doc/git-doc/git-index-pack.adoc
# install git-init-db.adoc /c/ar07-9047/doc-install-02/mingwarm64/share/doc/git-doc/git-init-db.adoc
# install git-init.adoc /c/ar07-9047/doc-install-02/mingwarm64/share/doc/git-doc/git-init.adoc
# install git-instaweb.adoc /c/ar07-9047/doc-install-02/mingwarm64/share/doc/git-doc/git-instaweb.adoc
# install git-interpret-trailers.adoc /c/ar07-9047/doc-install-02/mingwarm64/share/doc/git-doc/git-interpret-trailers.adoc
# install git-last-modified.adoc /c/ar07-9047/doc-install-02/mingwarm64/share/doc/git-doc/git-last-modified.adoc
# install git-log.adoc /c/ar07-9047/doc-install-02/mingwarm64/share/doc/git-doc/git-log.adoc
# install git-ls-files.adoc /c/ar07-9047/doc-install-02/mingwarm64/share/doc/git-doc/git-ls-files.adoc
# install git-ls-remote.adoc /c/ar07-9047/doc-install-02/mingwarm64/share/doc/git-doc/git-ls-remote.adoc
# install git-ls-tree.adoc /c/ar07-9047/doc-install-02/mingwarm64/share/doc/git-doc/git-ls-tree.adoc
# install git-mailinfo.adoc /c/ar07-9047/doc-install-02/mingwarm64/share/doc/git-doc/git-mailinfo.adoc
# install git-mailsplit.adoc /c/ar07-9047/doc-install-02/mingwarm64/share/doc/git-doc/git-mailsplit.adoc
# install git-maintenance.adoc /c/ar07-9047/doc-install-02/mingwarm64/share/doc/git-doc/git-maintenance.adoc
# install git-merge-base.adoc /c/ar07-9047/doc-install-02/mingwarm64/share/doc/git-doc/git-merge-base.adoc
# install git-merge-file.adoc /c/ar07-9047/doc-install-02/mingwarm64/share/doc/git-doc/git-merge-file.adoc
# install git-merge-index.adoc /c/ar07-9047/doc-install-02/mingwarm64/share/doc/git-doc/git-merge-index.adoc
# install git-merge-one-file.adoc /c/ar07-9047/doc-install-02/mingwarm64/share/doc/git-doc/git-merge-one-file.adoc
# install git-merge-tree.adoc /c/ar07-9047/doc-install-02/mingwarm64/share/doc/git-doc/git-merge-tree.adoc
# install git-merge.adoc /c/ar07-9047/doc-install-02/mingwarm64/share/doc/git-doc/git-merge.adoc
# install git-mergetool--lib.adoc /c/ar07-9047/doc-install-02/mingwarm64/share/doc/git-doc/git-mergetool--lib.adoc
# install git-mergetool.adoc /c/ar07-9047/doc-install-02/mingwarm64/share/doc/git-doc/git-mergetool.adoc
# install git-mktag.adoc /c/ar07-9047/doc-install-02/mingwarm64/share/doc/git-doc/git-mktag.adoc
# install git-mktree.adoc /c/ar07-9047/doc-install-02/mingwarm64/share/doc/git-doc/git-mktree.adoc
# install git-multi-pack-index.adoc /c/ar07-9047/doc-install-02/mingwarm64/share/doc/git-doc/git-multi-pack-index.adoc
# install git-mv.adoc /c/ar07-9047/doc-install-02/mingwarm64/share/doc/git-doc/git-mv.adoc
# install git-name-rev.adoc /c/ar07-9047/doc-install-02/mingwarm64/share/doc/git-doc/git-name-rev.adoc
# install git-notes.adoc /c/ar07-9047/doc-install-02/mingwarm64/share/doc/git-doc/git-notes.adoc
# install git-p4.adoc /c/ar07-9047/doc-install-02/mingwarm64/share/doc/git-doc/git-p4.adoc
# install git-pack-objects.adoc /c/ar07-9047/doc-install-02/mingwarm64/share/doc/git-doc/git-pack-objects.adoc
# install git-pack-redundant.adoc /c/ar07-9047/doc-install-02/mingwarm64/share/doc/git-doc/git-pack-redundant.adoc
# install git-pack-refs.adoc /c/ar07-9047/doc-install-02/mingwarm64/share/doc/git-doc/git-pack-refs.adoc
# install git-patch-id.adoc /c/ar07-9047/doc-install-02/mingwarm64/share/doc/git-doc/git-patch-id.adoc
# install git-prune-packed.adoc /c/ar07-9047/doc-install-02/mingwarm64/share/doc/git-doc/git-prune-packed.adoc
# install git-prune.adoc /c/ar07-9047/doc-install-02/mingwarm64/share/doc/git-doc/git-prune.adoc
# install git-pull.adoc /c/ar07-9047/doc-install-02/mingwarm64/share/doc/git-doc/git-pull.adoc
# install git-push.adoc /c/ar07-9047/doc-install-02/mingwarm64/share/doc/git-doc/git-push.adoc
# install git-quiltimport.adoc /c/ar07-9047/doc-install-02/mingwarm64/share/doc/git-doc/git-quiltimport.adoc
# install git-range-diff.adoc /c/ar07-9047/doc-install-02/mingwarm64/share/doc/git-doc/git-range-diff.adoc
# install git-read-tree.adoc /c/ar07-9047/doc-install-02/mingwarm64/share/doc/git-doc/git-read-tree.adoc
# install git-rebase.adoc /c/ar07-9047/doc-install-02/mingwarm64/share/doc/git-doc/git-rebase.adoc
# install git-receive-pack.adoc /c/ar07-9047/doc-install-02/mingwarm64/share/doc/git-doc/git-receive-pack.adoc
# install git-reflog.adoc /c/ar07-9047/doc-install-02/mingwarm64/share/doc/git-doc/git-reflog.adoc
# install git-refs.adoc /c/ar07-9047/doc-install-02/mingwarm64/share/doc/git-doc/git-refs.adoc
# install git-remote-ext.adoc /c/ar07-9047/doc-install-02/mingwarm64/share/doc/git-doc/git-remote-ext.adoc
# install git-remote-fd.adoc /c/ar07-9047/doc-install-02/mingwarm64/share/doc/git-doc/git-remote-fd.adoc
# install git-remote.adoc /c/ar07-9047/doc-install-02/mingwarm64/share/doc/git-doc/git-remote.adoc
# install git-repack.adoc /c/ar07-9047/doc-install-02/mingwarm64/share/doc/git-doc/git-repack.adoc
# install git-replace.adoc /c/ar07-9047/doc-install-02/mingwarm64/share/doc/git-doc/git-replace.adoc
# install git-replay.adoc /c/ar07-9047/doc-install-02/mingwarm64/share/doc/git-doc/git-replay.adoc
# install git-repo.adoc /c/ar07-9047/doc-install-02/mingwarm64/share/doc/git-doc/git-repo.adoc
# install git-request-pull.adoc /c/ar07-9047/doc-install-02/mingwarm64/share/doc/git-doc/git-request-pull.adoc
# install git-rerere.adoc /c/ar07-9047/doc-install-02/mingwarm64/share/doc/git-doc/git-rerere.adoc
# install git-reset.adoc /c/ar07-9047/doc-install-02/mingwarm64/share/doc/git-doc/git-reset.adoc
# install git-restore.adoc /c/ar07-9047/doc-install-02/mingwarm64/share/doc/git-doc/git-restore.adoc
# install git-rev-list.adoc /c/ar07-9047/doc-install-02/mingwarm64/share/doc/git-doc/git-rev-list.adoc
# install git-rev-parse.adoc /c/ar07-9047/doc-install-02/mingwarm64/share/doc/git-doc/git-rev-parse.adoc
# install git-revert.adoc /c/ar07-9047/doc-install-02/mingwarm64/share/doc/git-doc/git-revert.adoc
# install git-rm.adoc /c/ar07-9047/doc-install-02/mingwarm64/share/doc/git-doc/git-rm.adoc
# install git-send-email.adoc /c/ar07-9047/doc-install-02/mingwarm64/share/doc/git-doc/git-send-email.adoc
# install git-send-pack.adoc /c/ar07-9047/doc-install-02/mingwarm64/share/doc/git-doc/git-send-pack.adoc
# install git-sh-i18n--envsubst.adoc /c/ar07-9047/doc-install-02/mingwarm64/share/doc/git-doc/git-sh-i18n--envsubst.adoc
# install git-sh-i18n.adoc /c/ar07-9047/doc-install-02/mingwarm64/share/doc/git-doc/git-sh-i18n.adoc
# install git-sh-setup.adoc /c/ar07-9047/doc-install-02/mingwarm64/share/doc/git-doc/git-sh-setup.adoc
# install git-shell.adoc /c/ar07-9047/doc-install-02/mingwarm64/share/doc/git-doc/git-shell.adoc
# install git-shortlog.adoc /c/ar07-9047/doc-install-02/mingwarm64/share/doc/git-doc/git-shortlog.adoc
# install git-show-branch.adoc /c/ar07-9047/doc-install-02/mingwarm64/share/doc/git-doc/git-show-branch.adoc
# install git-show-index.adoc /c/ar07-9047/doc-install-02/mingwarm64/share/doc/git-doc/git-show-index.adoc
# install git-show-ref.adoc /c/ar07-9047/doc-install-02/mingwarm64/share/doc/git-doc/git-show-ref.adoc
# install git-show.adoc /c/ar07-9047/doc-install-02/mingwarm64/share/doc/git-doc/git-show.adoc
# install git-sparse-checkout.adoc /c/ar07-9047/doc-install-02/mingwarm64/share/doc/git-doc/git-sparse-checkout.adoc
# install git-stage.adoc /c/ar07-9047/doc-install-02/mingwarm64/share/doc/git-doc/git-stage.adoc
# install git-stash.adoc /c/ar07-9047/doc-install-02/mingwarm64/share/doc/git-doc/git-stash.adoc
# install git-status.adoc /c/ar07-9047/doc-install-02/mingwarm64/share/doc/git-doc/git-status.adoc
# install git-stripspace.adoc /c/ar07-9047/doc-install-02/mingwarm64/share/doc/git-doc/git-stripspace.adoc
# install git-submodule.adoc /c/ar07-9047/doc-install-02/mingwarm64/share/doc/git-doc/git-submodule.adoc
# install git-survey.adoc /c/ar07-9047/doc-install-02/mingwarm64/share/doc/git-doc/git-survey.adoc
# install git-svn.adoc /c/ar07-9047/doc-install-02/mingwarm64/share/doc/git-doc/git-svn.adoc
# install git-switch.adoc /c/ar07-9047/doc-install-02/mingwarm64/share/doc/git-doc/git-switch.adoc
# install git-symbolic-ref.adoc /c/ar07-9047/doc-install-02/mingwarm64/share/doc/git-doc/git-symbolic-ref.adoc
# install git-tag.adoc /c/ar07-9047/doc-install-02/mingwarm64/share/doc/git-doc/git-tag.adoc
# install git-tools.adoc /c/ar07-9047/doc-install-02/mingwarm64/share/doc/git-doc/git-tools.adoc
# install git-unpack-file.adoc /c/ar07-9047/doc-install-02/mingwarm64/share/doc/git-doc/git-unpack-file.adoc
# install git-unpack-objects.adoc /c/ar07-9047/doc-install-02/mingwarm64/share/doc/git-doc/git-unpack-objects.adoc
# install git-update-index.adoc /c/ar07-9047/doc-install-02/mingwarm64/share/doc/git-doc/git-update-index.adoc
# install git-update-ref.adoc /c/ar07-9047/doc-install-02/mingwarm64/share/doc/git-doc/git-update-ref.adoc
# install git-update-server-info.adoc /c/ar07-9047/doc-install-02/mingwarm64/share/doc/git-doc/git-update-server-info.adoc
# install git-upload-archive.adoc /c/ar07-9047/doc-install-02/mingwarm64/share/doc/git-doc/git-upload-archive.adoc
# install git-upload-pack.adoc /c/ar07-9047/doc-install-02/mingwarm64/share/doc/git-doc/git-upload-pack.adoc
# install git-url-parse.adoc /c/ar07-9047/doc-install-02/mingwarm64/share/doc/git-doc/git-url-parse.adoc
# install git-var.adoc /c/ar07-9047/doc-install-02/mingwarm64/share/doc/git-doc/git-var.adoc
# install git-verify-commit.adoc /c/ar07-9047/doc-install-02/mingwarm64/share/doc/git-doc/git-verify-commit.adoc
# install git-verify-pack.adoc /c/ar07-9047/doc-install-02/mingwarm64/share/doc/git-doc/git-verify-pack.adoc
# install git-verify-tag.adoc /c/ar07-9047/doc-install-02/mingwarm64/share/doc/git-doc/git-verify-tag.adoc
# install git-version.adoc /c/ar07-9047/doc-install-02/mingwarm64/share/doc/git-doc/git-version.adoc
# install git-web--browse.adoc /c/ar07-9047/doc-install-02/mingwarm64/share/doc/git-doc/git-web--browse.adoc
# install git-whatchanged.adoc /c/ar07-9047/doc-install-02/mingwarm64/share/doc/git-doc/git-whatchanged.adoc
# install git-worktree.adoc /c/ar07-9047/doc-install-02/mingwarm64/share/doc/git-doc/git-worktree.adoc
# install git-write-tree.adoc /c/ar07-9047/doc-install-02/mingwarm64/share/doc/git-doc/git-write-tree.adoc
# install git.adoc /c/ar07-9047/doc-install-02/mingwarm64/share/doc/git-doc/git.adoc
# install gitattributes.adoc /c/ar07-9047/doc-install-02/mingwarm64/share/doc/git-doc/gitattributes.adoc
# install gitcli.adoc /c/ar07-9047/doc-install-02/mingwarm64/share/doc/git-doc/gitcli.adoc
# install gitcore-tutorial.adoc /c/ar07-9047/doc-install-02/mingwarm64/share/doc/git-doc/gitcore-tutorial.adoc
# install gitcredentials.adoc /c/ar07-9047/doc-install-02/mingwarm64/share/doc/git-doc/gitcredentials.adoc
# install gitcvs-migration.adoc /c/ar07-9047/doc-install-02/mingwarm64/share/doc/git-doc/gitcvs-migration.adoc
# install gitdatamodel.adoc /c/ar07-9047/doc-install-02/mingwarm64/share/doc/git-doc/gitdatamodel.adoc
# install gitdiffcore.adoc /c/ar07-9047/doc-install-02/mingwarm64/share/doc/git-doc/gitdiffcore.adoc
# install giteveryday.adoc /c/ar07-9047/doc-install-02/mingwarm64/share/doc/git-doc/giteveryday.adoc
# install gitfaq.adoc /c/ar07-9047/doc-install-02/mingwarm64/share/doc/git-doc/gitfaq.adoc
# install gitformat-bundle.adoc /c/ar07-9047/doc-install-02/mingwarm64/share/doc/git-doc/gitformat-bundle.adoc
# install gitformat-chunk.adoc /c/ar07-9047/doc-install-02/mingwarm64/share/doc/git-doc/gitformat-chunk.adoc
# install gitformat-commit-graph.adoc /c/ar07-9047/doc-install-02/mingwarm64/share/doc/git-doc/gitformat-commit-graph.adoc
# install gitformat-index.adoc /c/ar07-9047/doc-install-02/mingwarm64/share/doc/git-doc/gitformat-index.adoc
# install gitformat-loose.adoc /c/ar07-9047/doc-install-02/mingwarm64/share/doc/git-doc/gitformat-loose.adoc
# install gitformat-pack.adoc /c/ar07-9047/doc-install-02/mingwarm64/share/doc/git-doc/gitformat-pack.adoc
# install gitformat-signature.adoc /c/ar07-9047/doc-install-02/mingwarm64/share/doc/git-doc/gitformat-signature.adoc
# install gitglossary.adoc /c/ar07-9047/doc-install-02/mingwarm64/share/doc/git-doc/gitglossary.adoc
# install githooks.adoc /c/ar07-9047/doc-install-02/mingwarm64/share/doc/git-doc/githooks.adoc
# install gitignore.adoc /c/ar07-9047/doc-install-02/mingwarm64/share/doc/git-doc/gitignore.adoc
# install gitk.adoc /c/ar07-9047/doc-install-02/mingwarm64/share/doc/git-doc/gitk.adoc
# install gitmailmap.adoc /c/ar07-9047/doc-install-02/mingwarm64/share/doc/git-doc/gitmailmap.adoc
# install gitmodules.adoc /c/ar07-9047/doc-install-02/mingwarm64/share/doc/git-doc/gitmodules.adoc
# install gitnamespaces.adoc /c/ar07-9047/doc-install-02/mingwarm64/share/doc/git-doc/gitnamespaces.adoc
# install gitpacking.adoc /c/ar07-9047/doc-install-02/mingwarm64/share/doc/git-doc/gitpacking.adoc
# install gitprotocol-capabilities.adoc /c/ar07-9047/doc-install-02/mingwarm64/share/doc/git-doc/gitprotocol-capabilities.adoc
# install gitprotocol-common.adoc /c/ar07-9047/doc-install-02/mingwarm64/share/doc/git-doc/gitprotocol-common.adoc
# install gitprotocol-http.adoc /c/ar07-9047/doc-install-02/mingwarm64/share/doc/git-doc/gitprotocol-http.adoc
# install gitprotocol-pack.adoc /c/ar07-9047/doc-install-02/mingwarm64/share/doc/git-doc/gitprotocol-pack.adoc
# install gitprotocol-v2.adoc /c/ar07-9047/doc-install-02/mingwarm64/share/doc/git-doc/gitprotocol-v2.adoc
# install gitremote-helpers.adoc /c/ar07-9047/doc-install-02/mingwarm64/share/doc/git-doc/gitremote-helpers.adoc
# install gitrepository-layout.adoc /c/ar07-9047/doc-install-02/mingwarm64/share/doc/git-doc/gitrepository-layout.adoc
# install gitrevisions.adoc /c/ar07-9047/doc-install-02/mingwarm64/share/doc/git-doc/gitrevisions.adoc
# install gitsubmodules.adoc /c/ar07-9047/doc-install-02/mingwarm64/share/doc/git-doc/gitsubmodules.adoc
# install gittutorial-2.adoc /c/ar07-9047/doc-install-02/mingwarm64/share/doc/git-doc/gittutorial-2.adoc
# install gittutorial.adoc /c/ar07-9047/doc-install-02/mingwarm64/share/doc/git-doc/gittutorial.adoc
# install gitweb.adoc /c/ar07-9047/doc-install-02/mingwarm64/share/doc/git-doc/gitweb.adoc
# install gitweb.conf.adoc /c/ar07-9047/doc-install-02/mingwarm64/share/doc/git-doc/gitweb.conf.adoc
# install gitworkflows.adoc /c/ar07-9047/doc-install-02/mingwarm64/share/doc/git-doc/gitworkflows.adoc
# install glossary-content.adoc /c/ar07-9047/doc-install-02/mingwarm64/share/doc/git-doc/glossary-content.adoc
# install howto-index.adoc /c/ar07-9047/doc-install-02/mingwarm64/share/doc/git-doc/howto-index.adoc
# install i18n.adoc /c/ar07-9047/doc-install-02/mingwarm64/share/doc/git-doc/i18n.adoc
# install line-range-format.adoc /c/ar07-9047/doc-install-02/mingwarm64/share/doc/git-doc/line-range-format.adoc
# install line-range-options.adoc /c/ar07-9047/doc-install-02/mingwarm64/share/doc/git-doc/line-range-options.adoc
# install merge-options.adoc /c/ar07-9047/doc-install-02/mingwarm64/share/doc/git-doc/merge-options.adoc
# install merge-strategies.adoc /c/ar07-9047/doc-install-02/mingwarm64/share/doc/git-doc/merge-strategies.adoc
# install mergetools-diff.adoc /c/ar07-9047/doc-install-02/mingwarm64/share/doc/git-doc/mergetools-diff.adoc
# install mergetools-merge.adoc /c/ar07-9047/doc-install-02/mingwarm64/share/doc/git-doc/mergetools-merge.adoc
# install object-format-disclaimer.adoc /c/ar07-9047/doc-install-02/mingwarm64/share/doc/git-doc/object-format-disclaimer.adoc
# install pack-refs-options.adoc /c/ar07-9047/doc-install-02/mingwarm64/share/doc/git-doc/pack-refs-options.adoc
# install pretty-formats.adoc /c/ar07-9047/doc-install-02/mingwarm64/share/doc/git-doc/pretty-formats.adoc
# install pretty-options.adoc /c/ar07-9047/doc-install-02/mingwarm64/share/doc/git-doc/pretty-options.adoc
# install pull-fetch-param.adoc /c/ar07-9047/doc-install-02/mingwarm64/share/doc/git-doc/pull-fetch-param.adoc
# install ref-reachability-filters.adoc /c/ar07-9047/doc-install-02/mingwarm64/share/doc/git-doc/ref-reachability-filters.adoc
# install ref-storage-format.adoc /c/ar07-9047/doc-install-02/mingwarm64/share/doc/git-doc/ref-storage-format.adoc
# install rerere-options.adoc /c/ar07-9047/doc-install-02/mingwarm64/share/doc/git-doc/rerere-options.adoc
# install rev-list-description.adoc /c/ar07-9047/doc-install-02/mingwarm64/share/doc/git-doc/rev-list-description.adoc
# install rev-list-options.adoc /c/ar07-9047/doc-install-02/mingwarm64/share/doc/git-doc/rev-list-options.adoc
# install revisions.adoc /c/ar07-9047/doc-install-02/mingwarm64/share/doc/git-doc/revisions.adoc
# install scalar.adoc /c/ar07-9047/doc-install-02/mingwarm64/share/doc/git-doc/scalar.adoc
# install sequencer.adoc /c/ar07-9047/doc-install-02/mingwarm64/share/doc/git-doc/sequencer.adoc
# install signoff-option.adoc /c/ar07-9047/doc-install-02/mingwarm64/share/doc/git-doc/signoff-option.adoc
# install trace2-target-values.adoc /c/ar07-9047/doc-install-02/mingwarm64/share/doc/git-doc/trace2-target-values.adoc
# install transfer-data-leaks.adoc /c/ar07-9047/doc-install-02/mingwarm64/share/doc/git-doc/transfer-data-leaks.adoc
# install urls-remotes.adoc /c/ar07-9047/doc-install-02/mingwarm64/share/doc/git-doc/urls-remotes.adoc
# install urls.adoc /c/ar07-9047/doc-install-02/mingwarm64/share/doc/git-doc/urls.adoc
# install user-manual.adoc /c/ar07-9047/doc-install-02/mingwarm64/share/doc/git-doc/user-manual.adoc
# install BreakingChanges.html /c/ar07-9047/doc-install-02/mingwarm64/share/doc/git-doc/BreakingChanges.html
# install DecisionMaking.html /c/ar07-9047/doc-install-02/mingwarm64/share/doc/git-doc/DecisionMaking.html
# install MyFirstContribution.html /c/ar07-9047/doc-install-02/mingwarm64/share/doc/git-doc/MyFirstContribution.html
# install MyFirstObjectWalk.html /c/ar07-9047/doc-install-02/mingwarm64/share/doc/git-doc/MyFirstObjectWalk.html
# install ReviewingGuidelines.html /c/ar07-9047/doc-install-02/mingwarm64/share/doc/git-doc/ReviewingGuidelines.html
# install SubmittingPatches.html /c/ar07-9047/doc-install-02/mingwarm64/share/doc/git-doc/SubmittingPatches.html
# install ToolsForGit.html /c/ar07-9047/doc-install-02/mingwarm64/share/doc/git-doc/ToolsForGit.html
# install docinfo.html /c/ar07-9047/doc-install-02/mingwarm64/share/doc/git-doc/docinfo.html
# install everyday.html /c/ar07-9047/doc-install-02/mingwarm64/share/doc/git-doc/everyday.html
# install git-add.html /c/ar07-9047/doc-install-02/mingwarm64/share/doc/git-doc/git-add.html
# install git-am.html /c/ar07-9047/doc-install-02/mingwarm64/share/doc/git-doc/git-am.html
# install git-annotate.html /c/ar07-9047/doc-install-02/mingwarm64/share/doc/git-doc/git-annotate.html
# install git-apply.html /c/ar07-9047/doc-install-02/mingwarm64/share/doc/git-doc/git-apply.html
# install git-archimport.html /c/ar07-9047/doc-install-02/mingwarm64/share/doc/git-doc/git-archimport.html
# install git-archive.html /c/ar07-9047/doc-install-02/mingwarm64/share/doc/git-doc/git-archive.html
# install git-backfill.html /c/ar07-9047/doc-install-02/mingwarm64/share/doc/git-doc/git-backfill.html
# install git-bash.html /c/ar07-9047/doc-install-02/mingwarm64/share/doc/git-doc/git-bash.html
# install git-bisect-lk2009.html /c/ar07-9047/doc-install-02/mingwarm64/share/doc/git-doc/git-bisect-lk2009.html
# install git-bisect.html /c/ar07-9047/doc-install-02/mingwarm64/share/doc/git-doc/git-bisect.html
# install git-blame.html /c/ar07-9047/doc-install-02/mingwarm64/share/doc/git-doc/git-blame.html
# install git-branch.html /c/ar07-9047/doc-install-02/mingwarm64/share/doc/git-doc/git-branch.html
# install git-bugreport.html /c/ar07-9047/doc-install-02/mingwarm64/share/doc/git-doc/git-bugreport.html
# install git-bundle.html /c/ar07-9047/doc-install-02/mingwarm64/share/doc/git-doc/git-bundle.html
# install git-cat-file.html /c/ar07-9047/doc-install-02/mingwarm64/share/doc/git-doc/git-cat-file.html
# install git-check-attr.html /c/ar07-9047/doc-install-02/mingwarm64/share/doc/git-doc/git-check-attr.html
# install git-check-ignore.html /c/ar07-9047/doc-install-02/mingwarm64/share/doc/git-doc/git-check-ignore.html
# install git-check-mailmap.html /c/ar07-9047/doc-install-02/mingwarm64/share/doc/git-doc/git-check-mailmap.html
# install git-check-ref-format.html /c/ar07-9047/doc-install-02/mingwarm64/share/doc/git-doc/git-check-ref-format.html
# install git-checkout-index.html /c/ar07-9047/doc-install-02/mingwarm64/share/doc/git-doc/git-checkout-index.html
# install git-checkout.html /c/ar07-9047/doc-install-02/mingwarm64/share/doc/git-doc/git-checkout.html
# install git-cherry-pick.html /c/ar07-9047/doc-install-02/mingwarm64/share/doc/git-doc/git-cherry-pick.html
# install git-cherry.html /c/ar07-9047/doc-install-02/mingwarm64/share/doc/git-doc/git-cherry.html
# install git-citool.html /c/ar07-9047/doc-install-02/mingwarm64/share/doc/git-doc/git-citool.html
# install git-clean.html /c/ar07-9047/doc-install-02/mingwarm64/share/doc/git-doc/git-clean.html
# install git-clone.html /c/ar07-9047/doc-install-02/mingwarm64/share/doc/git-doc/git-clone.html
# install git-column.html /c/ar07-9047/doc-install-02/mingwarm64/share/doc/git-doc/git-column.html
# install git-commit-graph.html /c/ar07-9047/doc-install-02/mingwarm64/share/doc/git-doc/git-commit-graph.html
# install git-commit-tree.html /c/ar07-9047/doc-install-02/mingwarm64/share/doc/git-doc/git-commit-tree.html
# install git-commit.html /c/ar07-9047/doc-install-02/mingwarm64/share/doc/git-doc/git-commit.html
# install git-config.html /c/ar07-9047/doc-install-02/mingwarm64/share/doc/git-doc/git-config.html
# install git-count-objects.html /c/ar07-9047/doc-install-02/mingwarm64/share/doc/git-doc/git-count-objects.html
# install git-credential-cache--daemon.html /c/ar07-9047/doc-install-02/mingwarm64/share/doc/git-doc/git-credential-cache--daemon.html
# install git-credential-cache.html /c/ar07-9047/doc-install-02/mingwarm64/share/doc/git-doc/git-credential-cache.html
# install git-credential-store.html /c/ar07-9047/doc-install-02/mingwarm64/share/doc/git-doc/git-credential-store.html
# install git-credential.html /c/ar07-9047/doc-install-02/mingwarm64/share/doc/git-doc/git-credential.html
# install git-cvsexportcommit.html /c/ar07-9047/doc-install-02/mingwarm64/share/doc/git-doc/git-cvsexportcommit.html
# install git-cvsimport.html /c/ar07-9047/doc-install-02/mingwarm64/share/doc/git-doc/git-cvsimport.html
# install git-cvsserver.html /c/ar07-9047/doc-install-02/mingwarm64/share/doc/git-doc/git-cvsserver.html
# install git-daemon.html /c/ar07-9047/doc-install-02/mingwarm64/share/doc/git-doc/git-daemon.html
# install git-describe.html /c/ar07-9047/doc-install-02/mingwarm64/share/doc/git-doc/git-describe.html
# install git-diagnose.html /c/ar07-9047/doc-install-02/mingwarm64/share/doc/git-doc/git-diagnose.html
# install git-diff-files.html /c/ar07-9047/doc-install-02/mingwarm64/share/doc/git-doc/git-diff-files.html
# install git-diff-index.html /c/ar07-9047/doc-install-02/mingwarm64/share/doc/git-doc/git-diff-index.html
# install git-diff-pairs.html /c/ar07-9047/doc-install-02/mingwarm64/share/doc/git-doc/git-diff-pairs.html
# install git-diff-tree.html /c/ar07-9047/doc-install-02/mingwarm64/share/doc/git-doc/git-diff-tree.html
# install git-diff.html /c/ar07-9047/doc-install-02/mingwarm64/share/doc/git-doc/git-diff.html
# install git-difftool.html /c/ar07-9047/doc-install-02/mingwarm64/share/doc/git-doc/git-difftool.html
# install git-fast-export.html /c/ar07-9047/doc-install-02/mingwarm64/share/doc/git-doc/git-fast-export.html
# install git-fast-import.html /c/ar07-9047/doc-install-02/mingwarm64/share/doc/git-doc/git-fast-import.html
# install git-fetch-pack.html /c/ar07-9047/doc-install-02/mingwarm64/share/doc/git-doc/git-fetch-pack.html
# install git-fetch.html /c/ar07-9047/doc-install-02/mingwarm64/share/doc/git-doc/git-fetch.html
# install git-filter-branch.html /c/ar07-9047/doc-install-02/mingwarm64/share/doc/git-doc/git-filter-branch.html
# install git-fmt-merge-msg.html /c/ar07-9047/doc-install-02/mingwarm64/share/doc/git-doc/git-fmt-merge-msg.html
# install git-for-each-ref.html /c/ar07-9047/doc-install-02/mingwarm64/share/doc/git-doc/git-for-each-ref.html
# install git-for-each-repo.html /c/ar07-9047/doc-install-02/mingwarm64/share/doc/git-doc/git-for-each-repo.html
# install git-format-patch.html /c/ar07-9047/doc-install-02/mingwarm64/share/doc/git-doc/git-format-patch.html
# install git-format-rev.html /c/ar07-9047/doc-install-02/mingwarm64/share/doc/git-doc/git-format-rev.html
# install git-fsck-objects.html /c/ar07-9047/doc-install-02/mingwarm64/share/doc/git-doc/git-fsck-objects.html
# install git-fsck.html /c/ar07-9047/doc-install-02/mingwarm64/share/doc/git-doc/git-fsck.html
# install git-fsmonitor--daemon.html /c/ar07-9047/doc-install-02/mingwarm64/share/doc/git-doc/git-fsmonitor--daemon.html
# install git-gc.html /c/ar07-9047/doc-install-02/mingwarm64/share/doc/git-doc/git-gc.html
# install git-get-tar-commit-id.html /c/ar07-9047/doc-install-02/mingwarm64/share/doc/git-doc/git-get-tar-commit-id.html
# install git-grep.html /c/ar07-9047/doc-install-02/mingwarm64/share/doc/git-doc/git-grep.html
# install git-gui.html /c/ar07-9047/doc-install-02/mingwarm64/share/doc/git-doc/git-gui.html
# install git-hash-object.html /c/ar07-9047/doc-install-02/mingwarm64/share/doc/git-doc/git-hash-object.html
# install git-help.html /c/ar07-9047/doc-install-02/mingwarm64/share/doc/git-doc/git-help.html
# install git-history.html /c/ar07-9047/doc-install-02/mingwarm64/share/doc/git-doc/git-history.html
# install git-hook.html /c/ar07-9047/doc-install-02/mingwarm64/share/doc/git-doc/git-hook.html
# install git-http-backend.html /c/ar07-9047/doc-install-02/mingwarm64/share/doc/git-doc/git-http-backend.html
# install git-http-fetch.html /c/ar07-9047/doc-install-02/mingwarm64/share/doc/git-doc/git-http-fetch.html
# install git-http-push.html /c/ar07-9047/doc-install-02/mingwarm64/share/doc/git-doc/git-http-push.html
# install git-imap-send.html /c/ar07-9047/doc-install-02/mingwarm64/share/doc/git-doc/git-imap-send.html
# install git-index-pack.html /c/ar07-9047/doc-install-02/mingwarm64/share/doc/git-doc/git-index-pack.html
# install git-init-db.html /c/ar07-9047/doc-install-02/mingwarm64/share/doc/git-doc/git-init-db.html
# install git-init.html /c/ar07-9047/doc-install-02/mingwarm64/share/doc/git-doc/git-init.html
# install git-instaweb.html /c/ar07-9047/doc-install-02/mingwarm64/share/doc/git-doc/git-instaweb.html
# install git-interpret-trailers.html /c/ar07-9047/doc-install-02/mingwarm64/share/doc/git-doc/git-interpret-trailers.html
# install git-last-modified.html /c/ar07-9047/doc-install-02/mingwarm64/share/doc/git-doc/git-last-modified.html
# install git-log.html /c/ar07-9047/doc-install-02/mingwarm64/share/doc/git-doc/git-log.html
# install git-ls-files.html /c/ar07-9047/doc-install-02/mingwarm64/share/doc/git-doc/git-ls-files.html
# install git-ls-remote.html /c/ar07-9047/doc-install-02/mingwarm64/share/doc/git-doc/git-ls-remote.html
# install git-ls-tree.html /c/ar07-9047/doc-install-02/mingwarm64/share/doc/git-doc/git-ls-tree.html
# install git-mailinfo.html /c/ar07-9047/doc-install-02/mingwarm64/share/doc/git-doc/git-mailinfo.html
# install git-mailsplit.html /c/ar07-9047/doc-install-02/mingwarm64/share/doc/git-doc/git-mailsplit.html
# install git-maintenance.html /c/ar07-9047/doc-install-02/mingwarm64/share/doc/git-doc/git-maintenance.html
# install git-merge-base.html /c/ar07-9047/doc-install-02/mingwarm64/share/doc/git-doc/git-merge-base.html
# install git-merge-file.html /c/ar07-9047/doc-install-02/mingwarm64/share/doc/git-doc/git-merge-file.html
# install git-merge-index.html /c/ar07-9047/doc-install-02/mingwarm64/share/doc/git-doc/git-merge-index.html
# install git-merge-one-file.html /c/ar07-9047/doc-install-02/mingwarm64/share/doc/git-doc/git-merge-one-file.html
# install git-merge-tree.html /c/ar07-9047/doc-install-02/mingwarm64/share/doc/git-doc/git-merge-tree.html
# install git-merge.html /c/ar07-9047/doc-install-02/mingwarm64/share/doc/git-doc/git-merge.html
# install git-mergetool--lib.html /c/ar07-9047/doc-install-02/mingwarm64/share/doc/git-doc/git-mergetool--lib.html
# install git-mergetool.html /c/ar07-9047/doc-install-02/mingwarm64/share/doc/git-doc/git-mergetool.html
# install git-mktag.html /c/ar07-9047/doc-install-02/mingwarm64/share/doc/git-doc/git-mktag.html
# install git-mktree.html /c/ar07-9047/doc-install-02/mingwarm64/share/doc/git-doc/git-mktree.html
# install git-multi-pack-index.html /c/ar07-9047/doc-install-02/mingwarm64/share/doc/git-doc/git-multi-pack-index.html
# install git-mv.html /c/ar07-9047/doc-install-02/mingwarm64/share/doc/git-doc/git-mv.html
# install git-name-rev.html /c/ar07-9047/doc-install-02/mingwarm64/share/doc/git-doc/git-name-rev.html
# install git-notes.html /c/ar07-9047/doc-install-02/mingwarm64/share/doc/git-doc/git-notes.html
# install git-p4.html /c/ar07-9047/doc-install-02/mingwarm64/share/doc/git-doc/git-p4.html
# install git-pack-objects.html /c/ar07-9047/doc-install-02/mingwarm64/share/doc/git-doc/git-pack-objects.html
# install git-pack-redundant.html /c/ar07-9047/doc-install-02/mingwarm64/share/doc/git-doc/git-pack-redundant.html
# install git-pack-refs.html /c/ar07-9047/doc-install-02/mingwarm64/share/doc/git-doc/git-pack-refs.html
# install git-patch-id.html /c/ar07-9047/doc-install-02/mingwarm64/share/doc/git-doc/git-patch-id.html
# install git-prune-packed.html /c/ar07-9047/doc-install-02/mingwarm64/share/doc/git-doc/git-prune-packed.html
# install git-prune.html /c/ar07-9047/doc-install-02/mingwarm64/share/doc/git-doc/git-prune.html
# install git-pull.html /c/ar07-9047/doc-install-02/mingwarm64/share/doc/git-doc/git-pull.html
# install git-push.html /c/ar07-9047/doc-install-02/mingwarm64/share/doc/git-doc/git-push.html
# install git-quiltimport.html /c/ar07-9047/doc-install-02/mingwarm64/share/doc/git-doc/git-quiltimport.html
# install git-range-diff.html /c/ar07-9047/doc-install-02/mingwarm64/share/doc/git-doc/git-range-diff.html
# install git-read-tree.html /c/ar07-9047/doc-install-02/mingwarm64/share/doc/git-doc/git-read-tree.html
# install git-rebase.html /c/ar07-9047/doc-install-02/mingwarm64/share/doc/git-doc/git-rebase.html
# install git-receive-pack.html /c/ar07-9047/doc-install-02/mingwarm64/share/doc/git-doc/git-receive-pack.html
# install git-reflog.html /c/ar07-9047/doc-install-02/mingwarm64/share/doc/git-doc/git-reflog.html
# install git-refs.html /c/ar07-9047/doc-install-02/mingwarm64/share/doc/git-doc/git-refs.html
# install git-remote-ext.html /c/ar07-9047/doc-install-02/mingwarm64/share/doc/git-doc/git-remote-ext.html
# install git-remote-fd.html /c/ar07-9047/doc-install-02/mingwarm64/share/doc/git-doc/git-remote-fd.html
# install git-remote-helpers.html /c/ar07-9047/doc-install-02/mingwarm64/share/doc/git-doc/git-remote-helpers.html
# install git-remote.html /c/ar07-9047/doc-install-02/mingwarm64/share/doc/git-doc/git-remote.html
# install git-repack.html /c/ar07-9047/doc-install-02/mingwarm64/share/doc/git-doc/git-repack.html
# install git-replace.html /c/ar07-9047/doc-install-02/mingwarm64/share/doc/git-doc/git-replace.html
# install git-replay.html /c/ar07-9047/doc-install-02/mingwarm64/share/doc/git-doc/git-replay.html
# install git-repo.html /c/ar07-9047/doc-install-02/mingwarm64/share/doc/git-doc/git-repo.html
# install git-request-pull.html /c/ar07-9047/doc-install-02/mingwarm64/share/doc/git-doc/git-request-pull.html
# install git-rerere.html /c/ar07-9047/doc-install-02/mingwarm64/share/doc/git-doc/git-rerere.html
# install git-reset.html /c/ar07-9047/doc-install-02/mingwarm64/share/doc/git-doc/git-reset.html
# install git-restore.html /c/ar07-9047/doc-install-02/mingwarm64/share/doc/git-doc/git-restore.html
# install git-rev-list.html /c/ar07-9047/doc-install-02/mingwarm64/share/doc/git-doc/git-rev-list.html
# install git-rev-parse.html /c/ar07-9047/doc-install-02/mingwarm64/share/doc/git-doc/git-rev-parse.html
# install git-revert.html /c/ar07-9047/doc-install-02/mingwarm64/share/doc/git-doc/git-revert.html
# install git-rm.html /c/ar07-9047/doc-install-02/mingwarm64/share/doc/git-doc/git-rm.html
# install git-send-email.html /c/ar07-9047/doc-install-02/mingwarm64/share/doc/git-doc/git-send-email.html
# install git-send-pack.html /c/ar07-9047/doc-install-02/mingwarm64/share/doc/git-doc/git-send-pack.html
# install git-sh-i18n--envsubst.html /c/ar07-9047/doc-install-02/mingwarm64/share/doc/git-doc/git-sh-i18n--envsubst.html
# install git-sh-i18n.html /c/ar07-9047/doc-install-02/mingwarm64/share/doc/git-doc/git-sh-i18n.html
# install git-sh-setup.html /c/ar07-9047/doc-install-02/mingwarm64/share/doc/git-doc/git-sh-setup.html
# install git-shell.html /c/ar07-9047/doc-install-02/mingwarm64/share/doc/git-doc/git-shell.html
# install git-shortlog.html /c/ar07-9047/doc-install-02/mingwarm64/share/doc/git-doc/git-shortlog.html
# install git-show-branch.html /c/ar07-9047/doc-install-02/mingwarm64/share/doc/git-doc/git-show-branch.html
# install git-show-index.html /c/ar07-9047/doc-install-02/mingwarm64/share/doc/git-doc/git-show-index.html
# install git-show-ref.html /c/ar07-9047/doc-install-02/mingwarm64/share/doc/git-doc/git-show-ref.html
# install git-show.html /c/ar07-9047/doc-install-02/mingwarm64/share/doc/git-doc/git-show.html
# install git-sparse-checkout.html /c/ar07-9047/doc-install-02/mingwarm64/share/doc/git-doc/git-sparse-checkout.html
# install git-stage.html /c/ar07-9047/doc-install-02/mingwarm64/share/doc/git-doc/git-stage.html
# install git-stash.html /c/ar07-9047/doc-install-02/mingwarm64/share/doc/git-doc/git-stash.html
# install git-status.html /c/ar07-9047/doc-install-02/mingwarm64/share/doc/git-doc/git-status.html
# install git-stripspace.html /c/ar07-9047/doc-install-02/mingwarm64/share/doc/git-doc/git-stripspace.html
# install git-submodule.html /c/ar07-9047/doc-install-02/mingwarm64/share/doc/git-doc/git-submodule.html
# install git-survey.html /c/ar07-9047/doc-install-02/mingwarm64/share/doc/git-doc/git-survey.html
# install git-svn.html /c/ar07-9047/doc-install-02/mingwarm64/share/doc/git-doc/git-svn.html
# install git-switch.html /c/ar07-9047/doc-install-02/mingwarm64/share/doc/git-doc/git-switch.html
# install git-symbolic-ref.html /c/ar07-9047/doc-install-02/mingwarm64/share/doc/git-doc/git-symbolic-ref.html
# install git-tag.html /c/ar07-9047/doc-install-02/mingwarm64/share/doc/git-doc/git-tag.html
# install git-tools.html /c/ar07-9047/doc-install-02/mingwarm64/share/doc/git-doc/git-tools.html
# install git-unpack-file.html /c/ar07-9047/doc-install-02/mingwarm64/share/doc/git-doc/git-unpack-file.html
# install git-unpack-objects.html /c/ar07-9047/doc-install-02/mingwarm64/share/doc/git-doc/git-unpack-objects.html
# install git-update-index.html /c/ar07-9047/doc-install-02/mingwarm64/share/doc/git-doc/git-update-index.html
# install git-update-ref.html /c/ar07-9047/doc-install-02/mingwarm64/share/doc/git-doc/git-update-ref.html
# install git-update-server-info.html /c/ar07-9047/doc-install-02/mingwarm64/share/doc/git-doc/git-update-server-info.html
# install git-upload-archive.html /c/ar07-9047/doc-install-02/mingwarm64/share/doc/git-doc/git-upload-archive.html
# install git-upload-pack.html /c/ar07-9047/doc-install-02/mingwarm64/share/doc/git-doc/git-upload-pack.html
# install git-url-parse.html /c/ar07-9047/doc-install-02/mingwarm64/share/doc/git-doc/git-url-parse.html
# install git-var.html /c/ar07-9047/doc-install-02/mingwarm64/share/doc/git-doc/git-var.html
# install git-verify-commit.html /c/ar07-9047/doc-install-02/mingwarm64/share/doc/git-doc/git-verify-commit.html
# install git-verify-pack.html /c/ar07-9047/doc-install-02/mingwarm64/share/doc/git-doc/git-verify-pack.html
# install git-verify-tag.html /c/ar07-9047/doc-install-02/mingwarm64/share/doc/git-doc/git-verify-tag.html
# install git-version.html /c/ar07-9047/doc-install-02/mingwarm64/share/doc/git-doc/git-version.html
# install git-web--browse.html /c/ar07-9047/doc-install-02/mingwarm64/share/doc/git-doc/git-web--browse.html
# install git-whatchanged.html /c/ar07-9047/doc-install-02/mingwarm64/share/doc/git-doc/git-whatchanged.html
# install git-worktree.html /c/ar07-9047/doc-install-02/mingwarm64/share/doc/git-doc/git-worktree.html
# install git-write-tree.html /c/ar07-9047/doc-install-02/mingwarm64/share/doc/git-doc/git-write-tree.html
# install git.html /c/ar07-9047/doc-install-02/mingwarm64/share/doc/git-doc/git.html
# install gitattributes.html /c/ar07-9047/doc-install-02/mingwarm64/share/doc/git-doc/gitattributes.html
# install gitcli.html /c/ar07-9047/doc-install-02/mingwarm64/share/doc/git-doc/gitcli.html
# install gitcore-tutorial.html /c/ar07-9047/doc-install-02/mingwarm64/share/doc/git-doc/gitcore-tutorial.html
# install gitcredentials.html /c/ar07-9047/doc-install-02/mingwarm64/share/doc/git-doc/gitcredentials.html
# install gitcvs-migration.html /c/ar07-9047/doc-install-02/mingwarm64/share/doc/git-doc/gitcvs-migration.html
# install gitdatamodel.html /c/ar07-9047/doc-install-02/mingwarm64/share/doc/git-doc/gitdatamodel.html
# install gitdiffcore.html /c/ar07-9047/doc-install-02/mingwarm64/share/doc/git-doc/gitdiffcore.html
# install giteveryday.html /c/ar07-9047/doc-install-02/mingwarm64/share/doc/git-doc/giteveryday.html
# install gitfaq.html /c/ar07-9047/doc-install-02/mingwarm64/share/doc/git-doc/gitfaq.html
# install gitformat-bundle.html /c/ar07-9047/doc-install-02/mingwarm64/share/doc/git-doc/gitformat-bundle.html
# install gitformat-chunk.html /c/ar07-9047/doc-install-02/mingwarm64/share/doc/git-doc/gitformat-chunk.html
# install gitformat-commit-graph.html /c/ar07-9047/doc-install-02/mingwarm64/share/doc/git-doc/gitformat-commit-graph.html
# install gitformat-index.html /c/ar07-9047/doc-install-02/mingwarm64/share/doc/git-doc/gitformat-index.html
# install gitformat-loose.html /c/ar07-9047/doc-install-02/mingwarm64/share/doc/git-doc/gitformat-loose.html
# install gitformat-pack.html /c/ar07-9047/doc-install-02/mingwarm64/share/doc/git-doc/gitformat-pack.html
# install gitformat-signature.html /c/ar07-9047/doc-install-02/mingwarm64/share/doc/git-doc/gitformat-signature.html
# install gitglossary.html /c/ar07-9047/doc-install-02/mingwarm64/share/doc/git-doc/gitglossary.html
# install githooks.html /c/ar07-9047/doc-install-02/mingwarm64/share/doc/git-doc/githooks.html
# install gitignore.html /c/ar07-9047/doc-install-02/mingwarm64/share/doc/git-doc/gitignore.html
# install gitk.html /c/ar07-9047/doc-install-02/mingwarm64/share/doc/git-doc/gitk.html
# install gitmailmap.html /c/ar07-9047/doc-install-02/mingwarm64/share/doc/git-doc/gitmailmap.html
# install gitmodules.html /c/ar07-9047/doc-install-02/mingwarm64/share/doc/git-doc/gitmodules.html
# install gitnamespaces.html /c/ar07-9047/doc-install-02/mingwarm64/share/doc/git-doc/gitnamespaces.html
# install gitpacking.html /c/ar07-9047/doc-install-02/mingwarm64/share/doc/git-doc/gitpacking.html
# install gitprotocol-capabilities.html /c/ar07-9047/doc-install-02/mingwarm64/share/doc/git-doc/gitprotocol-capabilities.html
# install gitprotocol-common.html /c/ar07-9047/doc-install-02/mingwarm64/share/doc/git-doc/gitprotocol-common.html
# install gitprotocol-http.html /c/ar07-9047/doc-install-02/mingwarm64/share/doc/git-doc/gitprotocol-http.html
# install gitprotocol-pack.html /c/ar07-9047/doc-install-02/mingwarm64/share/doc/git-doc/gitprotocol-pack.html
# install gitprotocol-v2.html /c/ar07-9047/doc-install-02/mingwarm64/share/doc/git-doc/gitprotocol-v2.html
# install gitremote-helpers.html /c/ar07-9047/doc-install-02/mingwarm64/share/doc/git-doc/gitremote-helpers.html
# install gitrepository-layout.html /c/ar07-9047/doc-install-02/mingwarm64/share/doc/git-doc/gitrepository-layout.html
# install gitrevisions.html /c/ar07-9047/doc-install-02/mingwarm64/share/doc/git-doc/gitrevisions.html
# install gitsubmodules.html /c/ar07-9047/doc-install-02/mingwarm64/share/doc/git-doc/gitsubmodules.html
# install gittutorial-2.html /c/ar07-9047/doc-install-02/mingwarm64/share/doc/git-doc/gittutorial-2.html
# install gittutorial.html /c/ar07-9047/doc-install-02/mingwarm64/share/doc/git-doc/gittutorial.html
# install gitweb.conf.html /c/ar07-9047/doc-install-02/mingwarm64/share/doc/git-doc/gitweb.conf.html
# install gitweb.html /c/ar07-9047/doc-install-02/mingwarm64/share/doc/git-doc/gitweb.html
# install gitworkflows.html /c/ar07-9047/doc-install-02/mingwarm64/share/doc/git-doc/gitworkflows.html
# install howto-index.html /c/ar07-9047/doc-install-02/mingwarm64/share/doc/git-doc/howto-index.html
# install scalar.html /c/ar07-9047/doc-install-02/mingwarm64/share/doc/git-doc/scalar.html
# install user-manual.html /c/ar07-9047/doc-install-02/mingwarm64/share/doc/git-doc/user-manual.html
# install howto/coordinate-embargoed-releases.adoc /c/ar07-9047/doc-install-02/mingwarm64/share/doc/git-doc/howto/coordinate-embargoed-releases.adoc
# install howto/keep-canonical-history-correct.adoc /c/ar07-9047/doc-install-02/mingwarm64/share/doc/git-doc/howto/keep-canonical-history-correct.adoc
# install howto/maintain-git.adoc /c/ar07-9047/doc-install-02/mingwarm64/share/doc/git-doc/howto/maintain-git.adoc
# install howto/new-command.adoc /c/ar07-9047/doc-install-02/mingwarm64/share/doc/git-doc/howto/new-command.adoc
# install howto/rebase-from-internal-branch.adoc /c/ar07-9047/doc-install-02/mingwarm64/share/doc/git-doc/howto/rebase-from-internal-branch.adoc
# install howto/rebuild-from-update-hook.adoc /c/ar07-9047/doc-install-02/mingwarm64/share/doc/git-doc/howto/rebuild-from-update-hook.adoc
# install howto/recover-corrupted-blob-object.adoc /c/ar07-9047/doc-install-02/mingwarm64/share/doc/git-doc/howto/recover-corrupted-blob-object.adoc
# install howto/recover-corrupted-object-harder.adoc /c/ar07-9047/doc-install-02/mingwarm64/share/doc/git-doc/howto/recover-corrupted-object-harder.adoc
# install howto/revert-a-faulty-merge.adoc /c/ar07-9047/doc-install-02/mingwarm64/share/doc/git-doc/howto/revert-a-faulty-merge.adoc
# install howto/revert-branch-rebase.adoc /c/ar07-9047/doc-install-02/mingwarm64/share/doc/git-doc/howto/revert-branch-rebase.adoc
# install howto/separating-topic-branches.adoc /c/ar07-9047/doc-install-02/mingwarm64/share/doc/git-doc/howto/separating-topic-branches.adoc
# install howto/setup-git-server-over-http.adoc /c/ar07-9047/doc-install-02/mingwarm64/share/doc/git-doc/howto/setup-git-server-over-http.adoc
# install howto/update-hook-example.adoc /c/ar07-9047/doc-install-02/mingwarm64/share/doc/git-doc/howto/update-hook-example.adoc
# install howto/use-git-daemon.adoc /c/ar07-9047/doc-install-02/mingwarm64/share/doc/git-doc/howto/use-git-daemon.adoc
# install howto/using-merge-subtree.adoc /c/ar07-9047/doc-install-02/mingwarm64/share/doc/git-doc/howto/using-merge-subtree.adoc
# install howto/using-signed-tag-in-pull-request.adoc /c/ar07-9047/doc-install-02/mingwarm64/share/doc/git-doc/howto/using-signed-tag-in-pull-request.adoc
# install howto/coordinate-embargoed-releases.html /c/ar07-9047/doc-install-02/mingwarm64/share/doc/git-doc/howto/coordinate-embargoed-releases.html
# install howto/keep-canonical-history-correct.html /c/ar07-9047/doc-install-02/mingwarm64/share/doc/git-doc/howto/keep-canonical-history-correct.html
# install howto/maintain-git.html /c/ar07-9047/doc-install-02/mingwarm64/share/doc/git-doc/howto/maintain-git.html
# install howto/new-command.html /c/ar07-9047/doc-install-02/mingwarm64/share/doc/git-doc/howto/new-command.html
# install howto/rebase-from-internal-branch.html /c/ar07-9047/doc-install-02/mingwarm64/share/doc/git-doc/howto/rebase-from-internal-branch.html
# install howto/rebuild-from-update-hook.html /c/ar07-9047/doc-install-02/mingwarm64/share/doc/git-doc/howto/rebuild-from-update-hook.html
# install howto/recover-corrupted-blob-object.html /c/ar07-9047/doc-install-02/mingwarm64/share/doc/git-doc/howto/recover-corrupted-blob-object.html
# install howto/recover-corrupted-object-harder.html /c/ar07-9047/doc-install-02/mingwarm64/share/doc/git-doc/howto/recover-corrupted-object-harder.html
# install howto/revert-a-faulty-merge.html /c/ar07-9047/doc-install-02/mingwarm64/share/doc/git-doc/howto/revert-a-faulty-merge.html
# install howto/revert-branch-rebase.html /c/ar07-9047/doc-install-02/mingwarm64/share/doc/git-doc/howto/revert-branch-rebase.html
# install howto/separating-topic-branches.html /c/ar07-9047/doc-install-02/mingwarm64/share/doc/git-doc/howto/separating-topic-branches.html
# install howto/setup-git-server-over-http.html /c/ar07-9047/doc-install-02/mingwarm64/share/doc/git-doc/howto/setup-git-server-over-http.html
# install howto/update-hook-example.html /c/ar07-9047/doc-install-02/mingwarm64/share/doc/git-doc/howto/update-hook-example.html
# install howto/use-git-daemon.html /c/ar07-9047/doc-install-02/mingwarm64/share/doc/git-doc/howto/use-git-daemon.html
# install howto/using-merge-subtree.html /c/ar07-9047/doc-install-02/mingwarm64/share/doc/git-doc/howto/using-merge-subtree.html
# install howto/using-signed-tag-in-pull-request.html /c/ar07-9047/doc-install-02/mingwarm64/share/doc/git-doc/howto/using-signed-tag-in-pull-request.html
# install technical/api-error-handling.adoc /c/ar07-9047/doc-install-02/mingwarm64/share/doc/git-doc/technical/api-error-handling.adoc
# install technical/api-index-skel.adoc /c/ar07-9047/doc-install-02/mingwarm64/share/doc/git-doc/technical/api-index-skel.adoc
# install technical/api-index.adoc /c/ar07-9047/doc-install-02/mingwarm64/share/doc/git-doc/technical/api-index.adoc
# install technical/api-merge.adoc /c/ar07-9047/doc-install-02/mingwarm64/share/doc/git-doc/technical/api-merge.adoc
# install technical/api-parse-options.adoc /c/ar07-9047/doc-install-02/mingwarm64/share/doc/git-doc/technical/api-parse-options.adoc
# install technical/api-path-walk.adoc /c/ar07-9047/doc-install-02/mingwarm64/share/doc/git-doc/technical/api-path-walk.adoc
# install technical/api-simple-ipc.adoc /c/ar07-9047/doc-install-02/mingwarm64/share/doc/git-doc/technical/api-simple-ipc.adoc
# install technical/api-trace2.adoc /c/ar07-9047/doc-install-02/mingwarm64/share/doc/git-doc/technical/api-trace2.adoc
# install technical/bitmap-format.adoc /c/ar07-9047/doc-install-02/mingwarm64/share/doc/git-doc/technical/bitmap-format.adoc
# install technical/build-systems.adoc /c/ar07-9047/doc-install-02/mingwarm64/share/doc/git-doc/technical/build-systems.adoc
# install technical/bundle-uri.adoc /c/ar07-9047/doc-install-02/mingwarm64/share/doc/git-doc/technical/bundle-uri.adoc
# install technical/commit-graph.adoc /c/ar07-9047/doc-install-02/mingwarm64/share/doc/git-doc/technical/commit-graph.adoc
# install technical/directory-rename-detection.adoc /c/ar07-9047/doc-install-02/mingwarm64/share/doc/git-doc/technical/directory-rename-detection.adoc
# install technical/hash-function-transition.adoc /c/ar07-9047/doc-install-02/mingwarm64/share/doc/git-doc/technical/hash-function-transition.adoc
# install technical/large-object-promisors.adoc /c/ar07-9047/doc-install-02/mingwarm64/share/doc/git-doc/technical/large-object-promisors.adoc
# install technical/long-running-process-protocol.adoc /c/ar07-9047/doc-install-02/mingwarm64/share/doc/git-doc/technical/long-running-process-protocol.adoc
# install technical/multi-pack-index.adoc /c/ar07-9047/doc-install-02/mingwarm64/share/doc/git-doc/technical/multi-pack-index.adoc
# install technical/pack-heuristics.adoc /c/ar07-9047/doc-install-02/mingwarm64/share/doc/git-doc/technical/pack-heuristics.adoc
# install technical/packfile-uri.adoc /c/ar07-9047/doc-install-02/mingwarm64/share/doc/git-doc/technical/packfile-uri.adoc
# install technical/parallel-checkout.adoc /c/ar07-9047/doc-install-02/mingwarm64/share/doc/git-doc/technical/parallel-checkout.adoc
# install technical/partial-clone.adoc /c/ar07-9047/doc-install-02/mingwarm64/share/doc/git-doc/technical/partial-clone.adoc
# install technical/platform-support.adoc /c/ar07-9047/doc-install-02/mingwarm64/share/doc/git-doc/technical/platform-support.adoc
# install technical/racy-git.adoc /c/ar07-9047/doc-install-02/mingwarm64/share/doc/git-doc/technical/racy-git.adoc
# install technical/reftable.adoc /c/ar07-9047/doc-install-02/mingwarm64/share/doc/git-doc/technical/reftable.adoc
# install technical/remembering-renames.adoc /c/ar07-9047/doc-install-02/mingwarm64/share/doc/git-doc/technical/remembering-renames.adoc
# install technical/repository-version.adoc /c/ar07-9047/doc-install-02/mingwarm64/share/doc/git-doc/technical/repository-version.adoc
# install technical/rerere.adoc /c/ar07-9047/doc-install-02/mingwarm64/share/doc/git-doc/technical/rerere.adoc
# install technical/scalar.adoc /c/ar07-9047/doc-install-02/mingwarm64/share/doc/git-doc/technical/scalar.adoc
# install technical/send-pack-pipeline.adoc /c/ar07-9047/doc-install-02/mingwarm64/share/doc/git-doc/technical/send-pack-pipeline.adoc
# install technical/shallow.adoc /c/ar07-9047/doc-install-02/mingwarm64/share/doc/git-doc/technical/shallow.adoc
# install technical/sparse-checkout.adoc /c/ar07-9047/doc-install-02/mingwarm64/share/doc/git-doc/technical/sparse-checkout.adoc
# install technical/sparse-index.adoc /c/ar07-9047/doc-install-02/mingwarm64/share/doc/git-doc/technical/sparse-index.adoc
# install technical/trivial-merge.adoc /c/ar07-9047/doc-install-02/mingwarm64/share/doc/git-doc/technical/trivial-merge.adoc
# install technical/unambiguous-types.adoc /c/ar07-9047/doc-install-02/mingwarm64/share/doc/git-doc/technical/unambiguous-types.adoc
# install technical/unit-tests.adoc /c/ar07-9047/doc-install-02/mingwarm64/share/doc/git-doc/technical/unit-tests.adoc
# install technical/api-error-handling.html /c/ar07-9047/doc-install-02/mingwarm64/share/doc/git-doc/technical/api-error-handling.html
# install technical/api-index.html /c/ar07-9047/doc-install-02/mingwarm64/share/doc/git-doc/technical/api-index.html
# install technical/api-merge.html /c/ar07-9047/doc-install-02/mingwarm64/share/doc/git-doc/technical/api-merge.html
# install technical/api-parse-options.html /c/ar07-9047/doc-install-02/mingwarm64/share/doc/git-doc/technical/api-parse-options.html
# install technical/api-path-walk.html /c/ar07-9047/doc-install-02/mingwarm64/share/doc/git-doc/technical/api-path-walk.html
# install technical/api-simple-ipc.html /c/ar07-9047/doc-install-02/mingwarm64/share/doc/git-doc/technical/api-simple-ipc.html
# install technical/api-trace2.html /c/ar07-9047/doc-install-02/mingwarm64/share/doc/git-doc/technical/api-trace2.html
# install technical/bitmap-format.html /c/ar07-9047/doc-install-02/mingwarm64/share/doc/git-doc/technical/bitmap-format.html
# install technical/build-systems.html /c/ar07-9047/doc-install-02/mingwarm64/share/doc/git-doc/technical/build-systems.html
# install technical/bundle-uri.html /c/ar07-9047/doc-install-02/mingwarm64/share/doc/git-doc/technical/bundle-uri.html
# install technical/commit-graph.html /c/ar07-9047/doc-install-02/mingwarm64/share/doc/git-doc/technical/commit-graph.html
# install technical/directory-rename-detection.html /c/ar07-9047/doc-install-02/mingwarm64/share/doc/git-doc/technical/directory-rename-detection.html
# install technical/hash-function-transition.html /c/ar07-9047/doc-install-02/mingwarm64/share/doc/git-doc/technical/hash-function-transition.html
# install technical/large-object-promisors.html /c/ar07-9047/doc-install-02/mingwarm64/share/doc/git-doc/technical/large-object-promisors.html
# install technical/long-running-process-protocol.html /c/ar07-9047/doc-install-02/mingwarm64/share/doc/git-doc/technical/long-running-process-protocol.html
# install technical/multi-pack-index.html /c/ar07-9047/doc-install-02/mingwarm64/share/doc/git-doc/technical/multi-pack-index.html
# install technical/pack-heuristics.html /c/ar07-9047/doc-install-02/mingwarm64/share/doc/git-doc/technical/pack-heuristics.html
# install technical/packfile-uri.html /c/ar07-9047/doc-install-02/mingwarm64/share/doc/git-doc/technical/packfile-uri.html
# install technical/parallel-checkout.html /c/ar07-9047/doc-install-02/mingwarm64/share/doc/git-doc/technical/parallel-checkout.html
# install technical/partial-clone.html /c/ar07-9047/doc-install-02/mingwarm64/share/doc/git-doc/technical/partial-clone.html
# install technical/platform-support.html /c/ar07-9047/doc-install-02/mingwarm64/share/doc/git-doc/technical/platform-support.html
# install technical/racy-git.html /c/ar07-9047/doc-install-02/mingwarm64/share/doc/git-doc/technical/racy-git.html
# install technical/reftable.html /c/ar07-9047/doc-install-02/mingwarm64/share/doc/git-doc/technical/reftable.html
# install technical/remembering-renames.html /c/ar07-9047/doc-install-02/mingwarm64/share/doc/git-doc/technical/remembering-renames.html
# install technical/repository-version.html /c/ar07-9047/doc-install-02/mingwarm64/share/doc/git-doc/technical/repository-version.html
# install technical/rerere.html /c/ar07-9047/doc-install-02/mingwarm64/share/doc/git-doc/technical/rerere.html
# install technical/scalar.html /c/ar07-9047/doc-install-02/mingwarm64/share/doc/git-doc/technical/scalar.html
# install technical/send-pack-pipeline.html /c/ar07-9047/doc-install-02/mingwarm64/share/doc/git-doc/technical/send-pack-pipeline.html
# install technical/shallow.html /c/ar07-9047/doc-install-02/mingwarm64/share/doc/git-doc/technical/shallow.html
# install technical/sparse-checkout.html /c/ar07-9047/doc-install-02/mingwarm64/share/doc/git-doc/technical/sparse-checkout.html
# install technical/sparse-index.html /c/ar07-9047/doc-install-02/mingwarm64/share/doc/git-doc/technical/sparse-index.html
# install technical/trivial-merge.html /c/ar07-9047/doc-install-02/mingwarm64/share/doc/git-doc/technical/trivial-merge.html
# install technical/unambiguous-types.html /c/ar07-9047/doc-install-02/mingwarm64/share/doc/git-doc/technical/unambiguous-types.html
# install technical/unit-tests.html /c/ar07-9047/doc-install-02/mingwarm64/share/doc/git-doc/technical/unit-tests.html
# install RelNotes/1.5.0.1.adoc /c/ar07-9047/doc-install-02/mingwarm64/share/doc/git-doc/RelNotes/1.5.0.1.adoc
# install RelNotes/1.5.0.2.adoc /c/ar07-9047/doc-install-02/mingwarm64/share/doc/git-doc/RelNotes/1.5.0.2.adoc
# install RelNotes/1.5.0.3.adoc /c/ar07-9047/doc-install-02/mingwarm64/share/doc/git-doc/RelNotes/1.5.0.3.adoc
# install RelNotes/1.5.0.4.adoc /c/ar07-9047/doc-install-02/mingwarm64/share/doc/git-doc/RelNotes/1.5.0.4.adoc
# install RelNotes/1.5.0.5.adoc /c/ar07-9047/doc-install-02/mingwarm64/share/doc/git-doc/RelNotes/1.5.0.5.adoc
# install RelNotes/1.5.0.6.adoc /c/ar07-9047/doc-install-02/mingwarm64/share/doc/git-doc/RelNotes/1.5.0.6.adoc
# install RelNotes/1.5.0.7.adoc /c/ar07-9047/doc-install-02/mingwarm64/share/doc/git-doc/RelNotes/1.5.0.7.adoc
# install RelNotes/1.5.0.adoc /c/ar07-9047/doc-install-02/mingwarm64/share/doc/git-doc/RelNotes/1.5.0.adoc
# install RelNotes/1.5.1.1.adoc /c/ar07-9047/doc-install-02/mingwarm64/share/doc/git-doc/RelNotes/1.5.1.1.adoc
# install RelNotes/1.5.1.2.adoc /c/ar07-9047/doc-install-02/mingwarm64/share/doc/git-doc/RelNotes/1.5.1.2.adoc
# install RelNotes/1.5.1.3.adoc /c/ar07-9047/doc-install-02/mingwarm64/share/doc/git-doc/RelNotes/1.5.1.3.adoc
# install RelNotes/1.5.1.4.adoc /c/ar07-9047/doc-install-02/mingwarm64/share/doc/git-doc/RelNotes/1.5.1.4.adoc
# install RelNotes/1.5.1.5.adoc /c/ar07-9047/doc-install-02/mingwarm64/share/doc/git-doc/RelNotes/1.5.1.5.adoc
# install RelNotes/1.5.1.6.adoc /c/ar07-9047/doc-install-02/mingwarm64/share/doc/git-doc/RelNotes/1.5.1.6.adoc
# install RelNotes/1.5.1.adoc /c/ar07-9047/doc-install-02/mingwarm64/share/doc/git-doc/RelNotes/1.5.1.adoc
# install RelNotes/1.5.2.1.adoc /c/ar07-9047/doc-install-02/mingwarm64/share/doc/git-doc/RelNotes/1.5.2.1.adoc
# install RelNotes/1.5.2.2.adoc /c/ar07-9047/doc-install-02/mingwarm64/share/doc/git-doc/RelNotes/1.5.2.2.adoc
# install RelNotes/1.5.2.3.adoc /c/ar07-9047/doc-install-02/mingwarm64/share/doc/git-doc/RelNotes/1.5.2.3.adoc
# install RelNotes/1.5.2.4.adoc /c/ar07-9047/doc-install-02/mingwarm64/share/doc/git-doc/RelNotes/1.5.2.4.adoc
# install RelNotes/1.5.2.5.adoc /c/ar07-9047/doc-install-02/mingwarm64/share/doc/git-doc/RelNotes/1.5.2.5.adoc
# install RelNotes/1.5.2.adoc /c/ar07-9047/doc-install-02/mingwarm64/share/doc/git-doc/RelNotes/1.5.2.adoc
# install RelNotes/1.5.3.1.adoc /c/ar07-9047/doc-install-02/mingwarm64/share/doc/git-doc/RelNotes/1.5.3.1.adoc
# install RelNotes/1.5.3.2.adoc /c/ar07-9047/doc-install-02/mingwarm64/share/doc/git-doc/RelNotes/1.5.3.2.adoc
# install RelNotes/1.5.3.3.adoc /c/ar07-9047/doc-install-02/mingwarm64/share/doc/git-doc/RelNotes/1.5.3.3.adoc
# install RelNotes/1.5.3.4.adoc /c/ar07-9047/doc-install-02/mingwarm64/share/doc/git-doc/RelNotes/1.5.3.4.adoc
# install RelNotes/1.5.3.5.adoc /c/ar07-9047/doc-install-02/mingwarm64/share/doc/git-doc/RelNotes/1.5.3.5.adoc
# install RelNotes/1.5.3.6.adoc /c/ar07-9047/doc-install-02/mingwarm64/share/doc/git-doc/RelNotes/1.5.3.6.adoc
# install RelNotes/1.5.3.7.adoc /c/ar07-9047/doc-install-02/mingwarm64/share/doc/git-doc/RelNotes/1.5.3.7.adoc
# install RelNotes/1.5.3.8.adoc /c/ar07-9047/doc-install-02/mingwarm64/share/doc/git-doc/RelNotes/1.5.3.8.adoc
# install RelNotes/1.5.3.adoc /c/ar07-9047/doc-install-02/mingwarm64/share/doc/git-doc/RelNotes/1.5.3.adoc
# install RelNotes/1.5.4.1.adoc /c/ar07-9047/doc-install-02/mingwarm64/share/doc/git-doc/RelNotes/1.5.4.1.adoc
# install RelNotes/1.5.4.2.adoc /c/ar07-9047/doc-install-02/mingwarm64/share/doc/git-doc/RelNotes/1.5.4.2.adoc
# install RelNotes/1.5.4.3.adoc /c/ar07-9047/doc-install-02/mingwarm64/share/doc/git-doc/RelNotes/1.5.4.3.adoc
# install RelNotes/1.5.4.4.adoc /c/ar07-9047/doc-install-02/mingwarm64/share/doc/git-doc/RelNotes/1.5.4.4.adoc
# install RelNotes/1.5.4.5.adoc /c/ar07-9047/doc-install-02/mingwarm64/share/doc/git-doc/RelNotes/1.5.4.5.adoc
# install RelNotes/1.5.4.6.adoc /c/ar07-9047/doc-install-02/mingwarm64/share/doc/git-doc/RelNotes/1.5.4.6.adoc
# install RelNotes/1.5.4.7.adoc /c/ar07-9047/doc-install-02/mingwarm64/share/doc/git-doc/RelNotes/1.5.4.7.adoc
# install RelNotes/1.5.4.adoc /c/ar07-9047/doc-install-02/mingwarm64/share/doc/git-doc/RelNotes/1.5.4.adoc
# install RelNotes/1.5.5.1.adoc /c/ar07-9047/doc-install-02/mingwarm64/share/doc/git-doc/RelNotes/1.5.5.1.adoc
# install RelNotes/1.5.5.2.adoc /c/ar07-9047/doc-install-02/mingwarm64/share/doc/git-doc/RelNotes/1.5.5.2.adoc
# install RelNotes/1.5.5.3.adoc /c/ar07-9047/doc-install-02/mingwarm64/share/doc/git-doc/RelNotes/1.5.5.3.adoc
# install RelNotes/1.5.5.4.adoc /c/ar07-9047/doc-install-02/mingwarm64/share/doc/git-doc/RelNotes/1.5.5.4.adoc
# install RelNotes/1.5.5.5.adoc /c/ar07-9047/doc-install-02/mingwarm64/share/doc/git-doc/RelNotes/1.5.5.5.adoc
# install RelNotes/1.5.5.6.adoc /c/ar07-9047/doc-install-02/mingwarm64/share/doc/git-doc/RelNotes/1.5.5.6.adoc
# install RelNotes/1.5.5.adoc /c/ar07-9047/doc-install-02/mingwarm64/share/doc/git-doc/RelNotes/1.5.5.adoc
# install RelNotes/1.5.6.1.adoc /c/ar07-9047/doc-install-02/mingwarm64/share/doc/git-doc/RelNotes/1.5.6.1.adoc
# install RelNotes/1.5.6.2.adoc /c/ar07-9047/doc-install-02/mingwarm64/share/doc/git-doc/RelNotes/1.5.6.2.adoc
# install RelNotes/1.5.6.3.adoc /c/ar07-9047/doc-install-02/mingwarm64/share/doc/git-doc/RelNotes/1.5.6.3.adoc
# install RelNotes/1.5.6.4.adoc /c/ar07-9047/doc-install-02/mingwarm64/share/doc/git-doc/RelNotes/1.5.6.4.adoc
# install RelNotes/1.5.6.5.adoc /c/ar07-9047/doc-install-02/mingwarm64/share/doc/git-doc/RelNotes/1.5.6.5.adoc
# install RelNotes/1.5.6.6.adoc /c/ar07-9047/doc-install-02/mingwarm64/share/doc/git-doc/RelNotes/1.5.6.6.adoc
# install RelNotes/1.5.6.adoc /c/ar07-9047/doc-install-02/mingwarm64/share/doc/git-doc/RelNotes/1.5.6.adoc
# install RelNotes/1.6.0.1.adoc /c/ar07-9047/doc-install-02/mingwarm64/share/doc/git-doc/RelNotes/1.6.0.1.adoc
# install RelNotes/1.6.0.2.adoc /c/ar07-9047/doc-install-02/mingwarm64/share/doc/git-doc/RelNotes/1.6.0.2.adoc
# install RelNotes/1.6.0.3.adoc /c/ar07-9047/doc-install-02/mingwarm64/share/doc/git-doc/RelNotes/1.6.0.3.adoc
# install RelNotes/1.6.0.4.adoc /c/ar07-9047/doc-install-02/mingwarm64/share/doc/git-doc/RelNotes/1.6.0.4.adoc
# install RelNotes/1.6.0.5.adoc /c/ar07-9047/doc-install-02/mingwarm64/share/doc/git-doc/RelNotes/1.6.0.5.adoc
# install RelNotes/1.6.0.6.adoc /c/ar07-9047/doc-install-02/mingwarm64/share/doc/git-doc/RelNotes/1.6.0.6.adoc
# install RelNotes/1.6.0.adoc /c/ar07-9047/doc-install-02/mingwarm64/share/doc/git-doc/RelNotes/1.6.0.adoc
# install RelNotes/1.6.1.1.adoc /c/ar07-9047/doc-install-02/mingwarm64/share/doc/git-doc/RelNotes/1.6.1.1.adoc
# install RelNotes/1.6.1.2.adoc /c/ar07-9047/doc-install-02/mingwarm64/share/doc/git-doc/RelNotes/1.6.1.2.adoc
# install RelNotes/1.6.1.3.adoc /c/ar07-9047/doc-install-02/mingwarm64/share/doc/git-doc/RelNotes/1.6.1.3.adoc
# install RelNotes/1.6.1.4.adoc /c/ar07-9047/doc-install-02/mingwarm64/share/doc/git-doc/RelNotes/1.6.1.4.adoc
# install RelNotes/1.6.1.adoc /c/ar07-9047/doc-install-02/mingwarm64/share/doc/git-doc/RelNotes/1.6.1.adoc
# install RelNotes/1.6.2.1.adoc /c/ar07-9047/doc-install-02/mingwarm64/share/doc/git-doc/RelNotes/1.6.2.1.adoc
# install RelNotes/1.6.2.2.adoc /c/ar07-9047/doc-install-02/mingwarm64/share/doc/git-doc/RelNotes/1.6.2.2.adoc
# install RelNotes/1.6.2.3.adoc /c/ar07-9047/doc-install-02/mingwarm64/share/doc/git-doc/RelNotes/1.6.2.3.adoc
# install RelNotes/1.6.2.4.adoc /c/ar07-9047/doc-install-02/mingwarm64/share/doc/git-doc/RelNotes/1.6.2.4.adoc
# install RelNotes/1.6.2.5.adoc /c/ar07-9047/doc-install-02/mingwarm64/share/doc/git-doc/RelNotes/1.6.2.5.adoc
# install RelNotes/1.6.2.adoc /c/ar07-9047/doc-install-02/mingwarm64/share/doc/git-doc/RelNotes/1.6.2.adoc
# install RelNotes/1.6.3.1.adoc /c/ar07-9047/doc-install-02/mingwarm64/share/doc/git-doc/RelNotes/1.6.3.1.adoc
# install RelNotes/1.6.3.2.adoc /c/ar07-9047/doc-install-02/mingwarm64/share/doc/git-doc/RelNotes/1.6.3.2.adoc
# install RelNotes/1.6.3.3.adoc /c/ar07-9047/doc-install-02/mingwarm64/share/doc/git-doc/RelNotes/1.6.3.3.adoc
# install RelNotes/1.6.3.4.adoc /c/ar07-9047/doc-install-02/mingwarm64/share/doc/git-doc/RelNotes/1.6.3.4.adoc
# install RelNotes/1.6.3.adoc /c/ar07-9047/doc-install-02/mingwarm64/share/doc/git-doc/RelNotes/1.6.3.adoc
# install RelNotes/1.6.4.1.adoc /c/ar07-9047/doc-install-02/mingwarm64/share/doc/git-doc/RelNotes/1.6.4.1.adoc
# install RelNotes/1.6.4.2.adoc /c/ar07-9047/doc-install-02/mingwarm64/share/doc/git-doc/RelNotes/1.6.4.2.adoc
# install RelNotes/1.6.4.3.adoc /c/ar07-9047/doc-install-02/mingwarm64/share/doc/git-doc/RelNotes/1.6.4.3.adoc
# install RelNotes/1.6.4.4.adoc /c/ar07-9047/doc-install-02/mingwarm64/share/doc/git-doc/RelNotes/1.6.4.4.adoc
# install RelNotes/1.6.4.5.adoc /c/ar07-9047/doc-install-02/mingwarm64/share/doc/git-doc/RelNotes/1.6.4.5.adoc
# install RelNotes/1.6.4.adoc /c/ar07-9047/doc-install-02/mingwarm64/share/doc/git-doc/RelNotes/1.6.4.adoc
# install RelNotes/1.6.5.1.adoc /c/ar07-9047/doc-install-02/mingwarm64/share/doc/git-doc/RelNotes/1.6.5.1.adoc
# install RelNotes/1.6.5.2.adoc /c/ar07-9047/doc-install-02/mingwarm64/share/doc/git-doc/RelNotes/1.6.5.2.adoc
# install RelNotes/1.6.5.3.adoc /c/ar07-9047/doc-install-02/mingwarm64/share/doc/git-doc/RelNotes/1.6.5.3.adoc
# install RelNotes/1.6.5.4.adoc /c/ar07-9047/doc-install-02/mingwarm64/share/doc/git-doc/RelNotes/1.6.5.4.adoc
# install RelNotes/1.6.5.5.adoc /c/ar07-9047/doc-install-02/mingwarm64/share/doc/git-doc/RelNotes/1.6.5.5.adoc
# install RelNotes/1.6.5.6.adoc /c/ar07-9047/doc-install-02/mingwarm64/share/doc/git-doc/RelNotes/1.6.5.6.adoc
# install RelNotes/1.6.5.7.adoc /c/ar07-9047/doc-install-02/mingwarm64/share/doc/git-doc/RelNotes/1.6.5.7.adoc
# install RelNotes/1.6.5.8.adoc /c/ar07-9047/doc-install-02/mingwarm64/share/doc/git-doc/RelNotes/1.6.5.8.adoc
# install RelNotes/1.6.5.9.adoc /c/ar07-9047/doc-install-02/mingwarm64/share/doc/git-doc/RelNotes/1.6.5.9.adoc
# install RelNotes/1.6.5.adoc /c/ar07-9047/doc-install-02/mingwarm64/share/doc/git-doc/RelNotes/1.6.5.adoc
# install RelNotes/1.6.6.1.adoc /c/ar07-9047/doc-install-02/mingwarm64/share/doc/git-doc/RelNotes/1.6.6.1.adoc
# install RelNotes/1.6.6.2.adoc /c/ar07-9047/doc-install-02/mingwarm64/share/doc/git-doc/RelNotes/1.6.6.2.adoc
# install RelNotes/1.6.6.3.adoc /c/ar07-9047/doc-install-02/mingwarm64/share/doc/git-doc/RelNotes/1.6.6.3.adoc
# install RelNotes/1.6.6.adoc /c/ar07-9047/doc-install-02/mingwarm64/share/doc/git-doc/RelNotes/1.6.6.adoc
# install RelNotes/1.7.0.1.adoc /c/ar07-9047/doc-install-02/mingwarm64/share/doc/git-doc/RelNotes/1.7.0.1.adoc
# install RelNotes/1.7.0.2.adoc /c/ar07-9047/doc-install-02/mingwarm64/share/doc/git-doc/RelNotes/1.7.0.2.adoc
# install RelNotes/1.7.0.3.adoc /c/ar07-9047/doc-install-02/mingwarm64/share/doc/git-doc/RelNotes/1.7.0.3.adoc
# install RelNotes/1.7.0.4.adoc /c/ar07-9047/doc-install-02/mingwarm64/share/doc/git-doc/RelNotes/1.7.0.4.adoc
# install RelNotes/1.7.0.5.adoc /c/ar07-9047/doc-install-02/mingwarm64/share/doc/git-doc/RelNotes/1.7.0.5.adoc
# install RelNotes/1.7.0.6.adoc /c/ar07-9047/doc-install-02/mingwarm64/share/doc/git-doc/RelNotes/1.7.0.6.adoc
# install RelNotes/1.7.0.7.adoc /c/ar07-9047/doc-install-02/mingwarm64/share/doc/git-doc/RelNotes/1.7.0.7.adoc
# install RelNotes/1.7.0.8.adoc /c/ar07-9047/doc-install-02/mingwarm64/share/doc/git-doc/RelNotes/1.7.0.8.adoc
# install RelNotes/1.7.0.9.adoc /c/ar07-9047/doc-install-02/mingwarm64/share/doc/git-doc/RelNotes/1.7.0.9.adoc
# install RelNotes/1.7.0.adoc /c/ar07-9047/doc-install-02/mingwarm64/share/doc/git-doc/RelNotes/1.7.0.adoc
# install RelNotes/1.7.1.1.adoc /c/ar07-9047/doc-install-02/mingwarm64/share/doc/git-doc/RelNotes/1.7.1.1.adoc
# install RelNotes/1.7.1.2.adoc /c/ar07-9047/doc-install-02/mingwarm64/share/doc/git-doc/RelNotes/1.7.1.2.adoc
# install RelNotes/1.7.1.3.adoc /c/ar07-9047/doc-install-02/mingwarm64/share/doc/git-doc/RelNotes/1.7.1.3.adoc
# install RelNotes/1.7.1.4.adoc /c/ar07-9047/doc-install-02/mingwarm64/share/doc/git-doc/RelNotes/1.7.1.4.adoc
# install RelNotes/1.7.1.adoc /c/ar07-9047/doc-install-02/mingwarm64/share/doc/git-doc/RelNotes/1.7.1.adoc
# install RelNotes/1.7.10.1.adoc /c/ar07-9047/doc-install-02/mingwarm64/share/doc/git-doc/RelNotes/1.7.10.1.adoc
# install RelNotes/1.7.10.2.adoc /c/ar07-9047/doc-install-02/mingwarm64/share/doc/git-doc/RelNotes/1.7.10.2.adoc
# install RelNotes/1.7.10.3.adoc /c/ar07-9047/doc-install-02/mingwarm64/share/doc/git-doc/RelNotes/1.7.10.3.adoc
# install RelNotes/1.7.10.4.adoc /c/ar07-9047/doc-install-02/mingwarm64/share/doc/git-doc/RelNotes/1.7.10.4.adoc
# install RelNotes/1.7.10.5.adoc /c/ar07-9047/doc-install-02/mingwarm64/share/doc/git-doc/RelNotes/1.7.10.5.adoc
# install RelNotes/1.7.10.adoc /c/ar07-9047/doc-install-02/mingwarm64/share/doc/git-doc/RelNotes/1.7.10.adoc
# install RelNotes/1.7.11.1.adoc /c/ar07-9047/doc-install-02/mingwarm64/share/doc/git-doc/RelNotes/1.7.11.1.adoc
# install RelNotes/1.7.11.2.adoc /c/ar07-9047/doc-install-02/mingwarm64/share/doc/git-doc/RelNotes/1.7.11.2.adoc
# install RelNotes/1.7.11.3.adoc /c/ar07-9047/doc-install-02/mingwarm64/share/doc/git-doc/RelNotes/1.7.11.3.adoc
# install RelNotes/1.7.11.4.adoc /c/ar07-9047/doc-install-02/mingwarm64/share/doc/git-doc/RelNotes/1.7.11.4.adoc
# install RelNotes/1.7.11.5.adoc /c/ar07-9047/doc-install-02/mingwarm64/share/doc/git-doc/RelNotes/1.7.11.5.adoc
# install RelNotes/1.7.11.6.adoc /c/ar07-9047/doc-install-02/mingwarm64/share/doc/git-doc/RelNotes/1.7.11.6.adoc
# install RelNotes/1.7.11.7.adoc /c/ar07-9047/doc-install-02/mingwarm64/share/doc/git-doc/RelNotes/1.7.11.7.adoc
# install RelNotes/1.7.11.adoc /c/ar07-9047/doc-install-02/mingwarm64/share/doc/git-doc/RelNotes/1.7.11.adoc
# install RelNotes/1.7.12.1.adoc /c/ar07-9047/doc-install-02/mingwarm64/share/doc/git-doc/RelNotes/1.7.12.1.adoc
# install RelNotes/1.7.12.2.adoc /c/ar07-9047/doc-install-02/mingwarm64/share/doc/git-doc/RelNotes/1.7.12.2.adoc
# install RelNotes/1.7.12.3.adoc /c/ar07-9047/doc-install-02/mingwarm64/share/doc/git-doc/RelNotes/1.7.12.3.adoc
# install RelNotes/1.7.12.4.adoc /c/ar07-9047/doc-install-02/mingwarm64/share/doc/git-doc/RelNotes/1.7.12.4.adoc
# install RelNotes/1.7.12.adoc /c/ar07-9047/doc-install-02/mingwarm64/share/doc/git-doc/RelNotes/1.7.12.adoc
# install RelNotes/1.7.2.1.adoc /c/ar07-9047/doc-install-02/mingwarm64/share/doc/git-doc/RelNotes/1.7.2.1.adoc
# install RelNotes/1.7.2.2.adoc /c/ar07-9047/doc-install-02/mingwarm64/share/doc/git-doc/RelNotes/1.7.2.2.adoc
# install RelNotes/1.7.2.3.adoc /c/ar07-9047/doc-install-02/mingwarm64/share/doc/git-doc/RelNotes/1.7.2.3.adoc
# install RelNotes/1.7.2.4.adoc /c/ar07-9047/doc-install-02/mingwarm64/share/doc/git-doc/RelNotes/1.7.2.4.adoc
# install RelNotes/1.7.2.5.adoc /c/ar07-9047/doc-install-02/mingwarm64/share/doc/git-doc/RelNotes/1.7.2.5.adoc
# install RelNotes/1.7.2.adoc /c/ar07-9047/doc-install-02/mingwarm64/share/doc/git-doc/RelNotes/1.7.2.adoc
# install RelNotes/1.7.3.1.adoc /c/ar07-9047/doc-install-02/mingwarm64/share/doc/git-doc/RelNotes/1.7.3.1.adoc
# install RelNotes/1.7.3.2.adoc /c/ar07-9047/doc-install-02/mingwarm64/share/doc/git-doc/RelNotes/1.7.3.2.adoc
# install RelNotes/1.7.3.3.adoc /c/ar07-9047/doc-install-02/mingwarm64/share/doc/git-doc/RelNotes/1.7.3.3.adoc
# install RelNotes/1.7.3.4.adoc /c/ar07-9047/doc-install-02/mingwarm64/share/doc/git-doc/RelNotes/1.7.3.4.adoc
# install RelNotes/1.7.3.5.adoc /c/ar07-9047/doc-install-02/mingwarm64/share/doc/git-doc/RelNotes/1.7.3.5.adoc
# install RelNotes/1.7.3.adoc /c/ar07-9047/doc-install-02/mingwarm64/share/doc/git-doc/RelNotes/1.7.3.adoc
# install RelNotes/1.7.4.1.adoc /c/ar07-9047/doc-install-02/mingwarm64/share/doc/git-doc/RelNotes/1.7.4.1.adoc
# install RelNotes/1.7.4.2.adoc /c/ar07-9047/doc-install-02/mingwarm64/share/doc/git-doc/RelNotes/1.7.4.2.adoc
# install RelNotes/1.7.4.3.adoc /c/ar07-9047/doc-install-02/mingwarm64/share/doc/git-doc/RelNotes/1.7.4.3.adoc
# install RelNotes/1.7.4.4.adoc /c/ar07-9047/doc-install-02/mingwarm64/share/doc/git-doc/RelNotes/1.7.4.4.adoc
# install RelNotes/1.7.4.5.adoc /c/ar07-9047/doc-install-02/mingwarm64/share/doc/git-doc/RelNotes/1.7.4.5.adoc
# install RelNotes/1.7.4.adoc /c/ar07-9047/doc-install-02/mingwarm64/share/doc/git-doc/RelNotes/1.7.4.adoc
# install RelNotes/1.7.5.1.adoc /c/ar07-9047/doc-install-02/mingwarm64/share/doc/git-doc/RelNotes/1.7.5.1.adoc
# install RelNotes/1.7.5.2.adoc /c/ar07-9047/doc-install-02/mingwarm64/share/doc/git-doc/RelNotes/1.7.5.2.adoc
# install RelNotes/1.7.5.3.adoc /c/ar07-9047/doc-install-02/mingwarm64/share/doc/git-doc/RelNotes/1.7.5.3.adoc
# install RelNotes/1.7.5.4.adoc /c/ar07-9047/doc-install-02/mingwarm64/share/doc/git-doc/RelNotes/1.7.5.4.adoc
# install RelNotes/1.7.5.adoc /c/ar07-9047/doc-install-02/mingwarm64/share/doc/git-doc/RelNotes/1.7.5.adoc
# install RelNotes/1.7.6.1.adoc /c/ar07-9047/doc-install-02/mingwarm64/share/doc/git-doc/RelNotes/1.7.6.1.adoc
# install RelNotes/1.7.6.2.adoc /c/ar07-9047/doc-install-02/mingwarm64/share/doc/git-doc/RelNotes/1.7.6.2.adoc
# install RelNotes/1.7.6.3.adoc /c/ar07-9047/doc-install-02/mingwarm64/share/doc/git-doc/RelNotes/1.7.6.3.adoc
# install RelNotes/1.7.6.4.adoc /c/ar07-9047/doc-install-02/mingwarm64/share/doc/git-doc/RelNotes/1.7.6.4.adoc
# install RelNotes/1.7.6.5.adoc /c/ar07-9047/doc-install-02/mingwarm64/share/doc/git-doc/RelNotes/1.7.6.5.adoc
# install RelNotes/1.7.6.6.adoc /c/ar07-9047/doc-install-02/mingwarm64/share/doc/git-doc/RelNotes/1.7.6.6.adoc
# install RelNotes/1.7.6.adoc /c/ar07-9047/doc-install-02/mingwarm64/share/doc/git-doc/RelNotes/1.7.6.adoc
# install RelNotes/1.7.7.1.adoc /c/ar07-9047/doc-install-02/mingwarm64/share/doc/git-doc/RelNotes/1.7.7.1.adoc
# install RelNotes/1.7.7.2.adoc /c/ar07-9047/doc-install-02/mingwarm64/share/doc/git-doc/RelNotes/1.7.7.2.adoc
# install RelNotes/1.7.7.3.adoc /c/ar07-9047/doc-install-02/mingwarm64/share/doc/git-doc/RelNotes/1.7.7.3.adoc
# install RelNotes/1.7.7.4.adoc /c/ar07-9047/doc-install-02/mingwarm64/share/doc/git-doc/RelNotes/1.7.7.4.adoc
# install RelNotes/1.7.7.5.adoc /c/ar07-9047/doc-install-02/mingwarm64/share/doc/git-doc/RelNotes/1.7.7.5.adoc
# install RelNotes/1.7.7.6.adoc /c/ar07-9047/doc-install-02/mingwarm64/share/doc/git-doc/RelNotes/1.7.7.6.adoc
# install RelNotes/1.7.7.7.adoc /c/ar07-9047/doc-install-02/mingwarm64/share/doc/git-doc/RelNotes/1.7.7.7.adoc
# install RelNotes/1.7.7.adoc /c/ar07-9047/doc-install-02/mingwarm64/share/doc/git-doc/RelNotes/1.7.7.adoc
# install RelNotes/1.7.8.1.adoc /c/ar07-9047/doc-install-02/mingwarm64/share/doc/git-doc/RelNotes/1.7.8.1.adoc
# install RelNotes/1.7.8.2.adoc /c/ar07-9047/doc-install-02/mingwarm64/share/doc/git-doc/RelNotes/1.7.8.2.adoc
# install RelNotes/1.7.8.3.adoc /c/ar07-9047/doc-install-02/mingwarm64/share/doc/git-doc/RelNotes/1.7.8.3.adoc
# install RelNotes/1.7.8.4.adoc /c/ar07-9047/doc-install-02/mingwarm64/share/doc/git-doc/RelNotes/1.7.8.4.adoc
# install RelNotes/1.7.8.5.adoc /c/ar07-9047/doc-install-02/mingwarm64/share/doc/git-doc/RelNotes/1.7.8.5.adoc
# install RelNotes/1.7.8.6.adoc /c/ar07-9047/doc-install-02/mingwarm64/share/doc/git-doc/RelNotes/1.7.8.6.adoc
# install RelNotes/1.7.8.adoc /c/ar07-9047/doc-install-02/mingwarm64/share/doc/git-doc/RelNotes/1.7.8.adoc
# install RelNotes/1.7.9.1.adoc /c/ar07-9047/doc-install-02/mingwarm64/share/doc/git-doc/RelNotes/1.7.9.1.adoc
# install RelNotes/1.7.9.2.adoc /c/ar07-9047/doc-install-02/mingwarm64/share/doc/git-doc/RelNotes/1.7.9.2.adoc
# install RelNotes/1.7.9.3.adoc /c/ar07-9047/doc-install-02/mingwarm64/share/doc/git-doc/RelNotes/1.7.9.3.adoc
# install RelNotes/1.7.9.4.adoc /c/ar07-9047/doc-install-02/mingwarm64/share/doc/git-doc/RelNotes/1.7.9.4.adoc
# install RelNotes/1.7.9.5.adoc /c/ar07-9047/doc-install-02/mingwarm64/share/doc/git-doc/RelNotes/1.7.9.5.adoc
# install RelNotes/1.7.9.6.adoc /c/ar07-9047/doc-install-02/mingwarm64/share/doc/git-doc/RelNotes/1.7.9.6.adoc
# install RelNotes/1.7.9.7.adoc /c/ar07-9047/doc-install-02/mingwarm64/share/doc/git-doc/RelNotes/1.7.9.7.adoc
# install RelNotes/1.7.9.adoc /c/ar07-9047/doc-install-02/mingwarm64/share/doc/git-doc/RelNotes/1.7.9.adoc
# install RelNotes/1.8.0.1.adoc /c/ar07-9047/doc-install-02/mingwarm64/share/doc/git-doc/RelNotes/1.8.0.1.adoc
# install RelNotes/1.8.0.2.adoc /c/ar07-9047/doc-install-02/mingwarm64/share/doc/git-doc/RelNotes/1.8.0.2.adoc
# install RelNotes/1.8.0.3.adoc /c/ar07-9047/doc-install-02/mingwarm64/share/doc/git-doc/RelNotes/1.8.0.3.adoc
# install RelNotes/1.8.0.adoc /c/ar07-9047/doc-install-02/mingwarm64/share/doc/git-doc/RelNotes/1.8.0.adoc
# install RelNotes/1.8.1.1.adoc /c/ar07-9047/doc-install-02/mingwarm64/share/doc/git-doc/RelNotes/1.8.1.1.adoc
# install RelNotes/1.8.1.2.adoc /c/ar07-9047/doc-install-02/mingwarm64/share/doc/git-doc/RelNotes/1.8.1.2.adoc
# install RelNotes/1.8.1.3.adoc /c/ar07-9047/doc-install-02/mingwarm64/share/doc/git-doc/RelNotes/1.8.1.3.adoc
# install RelNotes/1.8.1.4.adoc /c/ar07-9047/doc-install-02/mingwarm64/share/doc/git-doc/RelNotes/1.8.1.4.adoc
# install RelNotes/1.8.1.5.adoc /c/ar07-9047/doc-install-02/mingwarm64/share/doc/git-doc/RelNotes/1.8.1.5.adoc
# install RelNotes/1.8.1.6.adoc /c/ar07-9047/doc-install-02/mingwarm64/share/doc/git-doc/RelNotes/1.8.1.6.adoc
# install RelNotes/1.8.1.adoc /c/ar07-9047/doc-install-02/mingwarm64/share/doc/git-doc/RelNotes/1.8.1.adoc
# install RelNotes/1.8.2.1.adoc /c/ar07-9047/doc-install-02/mingwarm64/share/doc/git-doc/RelNotes/1.8.2.1.adoc
# install RelNotes/1.8.2.2.adoc /c/ar07-9047/doc-install-02/mingwarm64/share/doc/git-doc/RelNotes/1.8.2.2.adoc
# install RelNotes/1.8.2.3.adoc /c/ar07-9047/doc-install-02/mingwarm64/share/doc/git-doc/RelNotes/1.8.2.3.adoc
# install RelNotes/1.8.2.adoc /c/ar07-9047/doc-install-02/mingwarm64/share/doc/git-doc/RelNotes/1.8.2.adoc
# install RelNotes/1.8.3.1.adoc /c/ar07-9047/doc-install-02/mingwarm64/share/doc/git-doc/RelNotes/1.8.3.1.adoc
# install RelNotes/1.8.3.2.adoc /c/ar07-9047/doc-install-02/mingwarm64/share/doc/git-doc/RelNotes/1.8.3.2.adoc
# install RelNotes/1.8.3.3.adoc /c/ar07-9047/doc-install-02/mingwarm64/share/doc/git-doc/RelNotes/1.8.3.3.adoc
# install RelNotes/1.8.3.4.adoc /c/ar07-9047/doc-install-02/mingwarm64/share/doc/git-doc/RelNotes/1.8.3.4.adoc
# install RelNotes/1.8.3.adoc /c/ar07-9047/doc-install-02/mingwarm64/share/doc/git-doc/RelNotes/1.8.3.adoc
# install RelNotes/1.8.4.1.adoc /c/ar07-9047/doc-install-02/mingwarm64/share/doc/git-doc/RelNotes/1.8.4.1.adoc
# install RelNotes/1.8.4.2.adoc /c/ar07-9047/doc-install-02/mingwarm64/share/doc/git-doc/RelNotes/1.8.4.2.adoc
# install RelNotes/1.8.4.3.adoc /c/ar07-9047/doc-install-02/mingwarm64/share/doc/git-doc/RelNotes/1.8.4.3.adoc
# install RelNotes/1.8.4.4.adoc /c/ar07-9047/doc-install-02/mingwarm64/share/doc/git-doc/RelNotes/1.8.4.4.adoc
# install RelNotes/1.8.4.5.adoc /c/ar07-9047/doc-install-02/mingwarm64/share/doc/git-doc/RelNotes/1.8.4.5.adoc
# install RelNotes/1.8.4.adoc /c/ar07-9047/doc-install-02/mingwarm64/share/doc/git-doc/RelNotes/1.8.4.adoc
# install RelNotes/1.8.5.1.adoc /c/ar07-9047/doc-install-02/mingwarm64/share/doc/git-doc/RelNotes/1.8.5.1.adoc
# install RelNotes/1.8.5.2.adoc /c/ar07-9047/doc-install-02/mingwarm64/share/doc/git-doc/RelNotes/1.8.5.2.adoc
# install RelNotes/1.8.5.3.adoc /c/ar07-9047/doc-install-02/mingwarm64/share/doc/git-doc/RelNotes/1.8.5.3.adoc
# install RelNotes/1.8.5.4.adoc /c/ar07-9047/doc-install-02/mingwarm64/share/doc/git-doc/RelNotes/1.8.5.4.adoc
# install RelNotes/1.8.5.5.adoc /c/ar07-9047/doc-install-02/mingwarm64/share/doc/git-doc/RelNotes/1.8.5.5.adoc
# install RelNotes/1.8.5.6.adoc /c/ar07-9047/doc-install-02/mingwarm64/share/doc/git-doc/RelNotes/1.8.5.6.adoc
# install RelNotes/1.8.5.adoc /c/ar07-9047/doc-install-02/mingwarm64/share/doc/git-doc/RelNotes/1.8.5.adoc
# install RelNotes/1.9.0.adoc /c/ar07-9047/doc-install-02/mingwarm64/share/doc/git-doc/RelNotes/1.9.0.adoc
# install RelNotes/1.9.1.adoc /c/ar07-9047/doc-install-02/mingwarm64/share/doc/git-doc/RelNotes/1.9.1.adoc
# install RelNotes/1.9.2.adoc /c/ar07-9047/doc-install-02/mingwarm64/share/doc/git-doc/RelNotes/1.9.2.adoc
# install RelNotes/1.9.3.adoc /c/ar07-9047/doc-install-02/mingwarm64/share/doc/git-doc/RelNotes/1.9.3.adoc
# install RelNotes/1.9.4.adoc /c/ar07-9047/doc-install-02/mingwarm64/share/doc/git-doc/RelNotes/1.9.4.adoc
# install RelNotes/1.9.5.adoc /c/ar07-9047/doc-install-02/mingwarm64/share/doc/git-doc/RelNotes/1.9.5.adoc
# install RelNotes/2.0.0.adoc /c/ar07-9047/doc-install-02/mingwarm64/share/doc/git-doc/RelNotes/2.0.0.adoc
# install RelNotes/2.0.1.adoc /c/ar07-9047/doc-install-02/mingwarm64/share/doc/git-doc/RelNotes/2.0.1.adoc
# install RelNotes/2.0.2.adoc /c/ar07-9047/doc-install-02/mingwarm64/share/doc/git-doc/RelNotes/2.0.2.adoc
# install RelNotes/2.0.3.adoc /c/ar07-9047/doc-install-02/mingwarm64/share/doc/git-doc/RelNotes/2.0.3.adoc
# install RelNotes/2.0.4.adoc /c/ar07-9047/doc-install-02/mingwarm64/share/doc/git-doc/RelNotes/2.0.4.adoc
# install RelNotes/2.0.5.adoc /c/ar07-9047/doc-install-02/mingwarm64/share/doc/git-doc/RelNotes/2.0.5.adoc
# install RelNotes/2.1.0.adoc /c/ar07-9047/doc-install-02/mingwarm64/share/doc/git-doc/RelNotes/2.1.0.adoc
# install RelNotes/2.1.1.adoc /c/ar07-9047/doc-install-02/mingwarm64/share/doc/git-doc/RelNotes/2.1.1.adoc
# install RelNotes/2.1.2.adoc /c/ar07-9047/doc-install-02/mingwarm64/share/doc/git-doc/RelNotes/2.1.2.adoc
# install RelNotes/2.1.3.adoc /c/ar07-9047/doc-install-02/mingwarm64/share/doc/git-doc/RelNotes/2.1.3.adoc
# install RelNotes/2.1.4.adoc /c/ar07-9047/doc-install-02/mingwarm64/share/doc/git-doc/RelNotes/2.1.4.adoc
# install RelNotes/2.10.0.adoc /c/ar07-9047/doc-install-02/mingwarm64/share/doc/git-doc/RelNotes/2.10.0.adoc
# install RelNotes/2.10.1.adoc /c/ar07-9047/doc-install-02/mingwarm64/share/doc/git-doc/RelNotes/2.10.1.adoc
# install RelNotes/2.10.2.adoc /c/ar07-9047/doc-install-02/mingwarm64/share/doc/git-doc/RelNotes/2.10.2.adoc
# install RelNotes/2.10.3.adoc /c/ar07-9047/doc-install-02/mingwarm64/share/doc/git-doc/RelNotes/2.10.3.adoc
# install RelNotes/2.10.4.adoc /c/ar07-9047/doc-install-02/mingwarm64/share/doc/git-doc/RelNotes/2.10.4.adoc
# install RelNotes/2.10.5.adoc /c/ar07-9047/doc-install-02/mingwarm64/share/doc/git-doc/RelNotes/2.10.5.adoc
# install RelNotes/2.11.0.adoc /c/ar07-9047/doc-install-02/mingwarm64/share/doc/git-doc/RelNotes/2.11.0.adoc
# install RelNotes/2.11.1.adoc /c/ar07-9047/doc-install-02/mingwarm64/share/doc/git-doc/RelNotes/2.11.1.adoc
# install RelNotes/2.11.2.adoc /c/ar07-9047/doc-install-02/mingwarm64/share/doc/git-doc/RelNotes/2.11.2.adoc
# install RelNotes/2.11.3.adoc /c/ar07-9047/doc-install-02/mingwarm64/share/doc/git-doc/RelNotes/2.11.3.adoc
# install RelNotes/2.11.4.adoc /c/ar07-9047/doc-install-02/mingwarm64/share/doc/git-doc/RelNotes/2.11.4.adoc
# install RelNotes/2.12.0.adoc /c/ar07-9047/doc-install-02/mingwarm64/share/doc/git-doc/RelNotes/2.12.0.adoc
# install RelNotes/2.12.1.adoc /c/ar07-9047/doc-install-02/mingwarm64/share/doc/git-doc/RelNotes/2.12.1.adoc
# install RelNotes/2.12.2.adoc /c/ar07-9047/doc-install-02/mingwarm64/share/doc/git-doc/RelNotes/2.12.2.adoc
# install RelNotes/2.12.3.adoc /c/ar07-9047/doc-install-02/mingwarm64/share/doc/git-doc/RelNotes/2.12.3.adoc
# install RelNotes/2.12.4.adoc /c/ar07-9047/doc-install-02/mingwarm64/share/doc/git-doc/RelNotes/2.12.4.adoc
# install RelNotes/2.12.5.adoc /c/ar07-9047/doc-install-02/mingwarm64/share/doc/git-doc/RelNotes/2.12.5.adoc
# install RelNotes/2.13.0.adoc /c/ar07-9047/doc-install-02/mingwarm64/share/doc/git-doc/RelNotes/2.13.0.adoc
# install RelNotes/2.13.1.adoc /c/ar07-9047/doc-install-02/mingwarm64/share/doc/git-doc/RelNotes/2.13.1.adoc
# install RelNotes/2.13.2.adoc /c/ar07-9047/doc-install-02/mingwarm64/share/doc/git-doc/RelNotes/2.13.2.adoc
# install RelNotes/2.13.3.adoc /c/ar07-9047/doc-install-02/mingwarm64/share/doc/git-doc/RelNotes/2.13.3.adoc
# install RelNotes/2.13.4.adoc /c/ar07-9047/doc-install-02/mingwarm64/share/doc/git-doc/RelNotes/2.13.4.adoc
# install RelNotes/2.13.5.adoc /c/ar07-9047/doc-install-02/mingwarm64/share/doc/git-doc/RelNotes/2.13.5.adoc
# install RelNotes/2.13.6.adoc /c/ar07-9047/doc-install-02/mingwarm64/share/doc/git-doc/RelNotes/2.13.6.adoc
# install RelNotes/2.13.7.adoc /c/ar07-9047/doc-install-02/mingwarm64/share/doc/git-doc/RelNotes/2.13.7.adoc
# install RelNotes/2.14.0.adoc /c/ar07-9047/doc-install-02/mingwarm64/share/doc/git-doc/RelNotes/2.14.0.adoc
# install RelNotes/2.14.1.adoc /c/ar07-9047/doc-install-02/mingwarm64/share/doc/git-doc/RelNotes/2.14.1.adoc
# install RelNotes/2.14.2.adoc /c/ar07-9047/doc-install-02/mingwarm64/share/doc/git-doc/RelNotes/2.14.2.adoc
# install RelNotes/2.14.3.adoc /c/ar07-9047/doc-install-02/mingwarm64/share/doc/git-doc/RelNotes/2.14.3.adoc
# install RelNotes/2.14.4.adoc /c/ar07-9047/doc-install-02/mingwarm64/share/doc/git-doc/RelNotes/2.14.4.adoc
# install RelNotes/2.14.5.adoc /c/ar07-9047/doc-install-02/mingwarm64/share/doc/git-doc/RelNotes/2.14.5.adoc
# install RelNotes/2.14.6.adoc /c/ar07-9047/doc-install-02/mingwarm64/share/doc/git-doc/RelNotes/2.14.6.adoc
# install RelNotes/2.15.0.adoc /c/ar07-9047/doc-install-02/mingwarm64/share/doc/git-doc/RelNotes/2.15.0.adoc
# install RelNotes/2.15.1.adoc /c/ar07-9047/doc-install-02/mingwarm64/share/doc/git-doc/RelNotes/2.15.1.adoc
# install RelNotes/2.15.2.adoc /c/ar07-9047/doc-install-02/mingwarm64/share/doc/git-doc/RelNotes/2.15.2.adoc
# install RelNotes/2.15.3.adoc /c/ar07-9047/doc-install-02/mingwarm64/share/doc/git-doc/RelNotes/2.15.3.adoc
# install RelNotes/2.15.4.adoc /c/ar07-9047/doc-install-02/mingwarm64/share/doc/git-doc/RelNotes/2.15.4.adoc
# install RelNotes/2.16.0.adoc /c/ar07-9047/doc-install-02/mingwarm64/share/doc/git-doc/RelNotes/2.16.0.adoc
# install RelNotes/2.16.1.adoc /c/ar07-9047/doc-install-02/mingwarm64/share/doc/git-doc/RelNotes/2.16.1.adoc
# install RelNotes/2.16.2.adoc /c/ar07-9047/doc-install-02/mingwarm64/share/doc/git-doc/RelNotes/2.16.2.adoc
# install RelNotes/2.16.3.adoc /c/ar07-9047/doc-install-02/mingwarm64/share/doc/git-doc/RelNotes/2.16.3.adoc
# install RelNotes/2.16.4.adoc /c/ar07-9047/doc-install-02/mingwarm64/share/doc/git-doc/RelNotes/2.16.4.adoc
# install RelNotes/2.16.5.adoc /c/ar07-9047/doc-install-02/mingwarm64/share/doc/git-doc/RelNotes/2.16.5.adoc
# install RelNotes/2.16.6.adoc /c/ar07-9047/doc-install-02/mingwarm64/share/doc/git-doc/RelNotes/2.16.6.adoc
# install RelNotes/2.17.0.adoc /c/ar07-9047/doc-install-02/mingwarm64/share/doc/git-doc/RelNotes/2.17.0.adoc
# install RelNotes/2.17.1.adoc /c/ar07-9047/doc-install-02/mingwarm64/share/doc/git-doc/RelNotes/2.17.1.adoc
# install RelNotes/2.17.2.adoc /c/ar07-9047/doc-install-02/mingwarm64/share/doc/git-doc/RelNotes/2.17.2.adoc
# install RelNotes/2.17.3.adoc /c/ar07-9047/doc-install-02/mingwarm64/share/doc/git-doc/RelNotes/2.17.3.adoc
# install RelNotes/2.17.4.adoc /c/ar07-9047/doc-install-02/mingwarm64/share/doc/git-doc/RelNotes/2.17.4.adoc
# install RelNotes/2.17.5.adoc /c/ar07-9047/doc-install-02/mingwarm64/share/doc/git-doc/RelNotes/2.17.5.adoc
# install RelNotes/2.17.6.adoc /c/ar07-9047/doc-install-02/mingwarm64/share/doc/git-doc/RelNotes/2.17.6.adoc
# install RelNotes/2.18.0.adoc /c/ar07-9047/doc-install-02/mingwarm64/share/doc/git-doc/RelNotes/2.18.0.adoc
# install RelNotes/2.18.1.adoc /c/ar07-9047/doc-install-02/mingwarm64/share/doc/git-doc/RelNotes/2.18.1.adoc
# install RelNotes/2.18.2.adoc /c/ar07-9047/doc-install-02/mingwarm64/share/doc/git-doc/RelNotes/2.18.2.adoc
# install RelNotes/2.18.3.adoc /c/ar07-9047/doc-install-02/mingwarm64/share/doc/git-doc/RelNotes/2.18.3.adoc
# install RelNotes/2.18.4.adoc /c/ar07-9047/doc-install-02/mingwarm64/share/doc/git-doc/RelNotes/2.18.4.adoc
# install RelNotes/2.18.5.adoc /c/ar07-9047/doc-install-02/mingwarm64/share/doc/git-doc/RelNotes/2.18.5.adoc
# install RelNotes/2.19.0.adoc /c/ar07-9047/doc-install-02/mingwarm64/share/doc/git-doc/RelNotes/2.19.0.adoc
# install RelNotes/2.19.1.adoc /c/ar07-9047/doc-install-02/mingwarm64/share/doc/git-doc/RelNotes/2.19.1.adoc
# install RelNotes/2.19.2.adoc /c/ar07-9047/doc-install-02/mingwarm64/share/doc/git-doc/RelNotes/2.19.2.adoc
# install RelNotes/2.19.3.adoc /c/ar07-9047/doc-install-02/mingwarm64/share/doc/git-doc/RelNotes/2.19.3.adoc
# install RelNotes/2.19.4.adoc /c/ar07-9047/doc-install-02/mingwarm64/share/doc/git-doc/RelNotes/2.19.4.adoc
# install RelNotes/2.19.5.adoc /c/ar07-9047/doc-install-02/mingwarm64/share/doc/git-doc/RelNotes/2.19.5.adoc
# install RelNotes/2.19.6.adoc /c/ar07-9047/doc-install-02/mingwarm64/share/doc/git-doc/RelNotes/2.19.6.adoc
# install RelNotes/2.2.0.adoc /c/ar07-9047/doc-install-02/mingwarm64/share/doc/git-doc/RelNotes/2.2.0.adoc
# install RelNotes/2.2.1.adoc /c/ar07-9047/doc-install-02/mingwarm64/share/doc/git-doc/RelNotes/2.2.1.adoc
# install RelNotes/2.2.2.adoc /c/ar07-9047/doc-install-02/mingwarm64/share/doc/git-doc/RelNotes/2.2.2.adoc
# install RelNotes/2.2.3.adoc /c/ar07-9047/doc-install-02/mingwarm64/share/doc/git-doc/RelNotes/2.2.3.adoc
# install RelNotes/2.20.0.adoc /c/ar07-9047/doc-install-02/mingwarm64/share/doc/git-doc/RelNotes/2.20.0.adoc
# install RelNotes/2.20.1.adoc /c/ar07-9047/doc-install-02/mingwarm64/share/doc/git-doc/RelNotes/2.20.1.adoc
# install RelNotes/2.20.2.adoc /c/ar07-9047/doc-install-02/mingwarm64/share/doc/git-doc/RelNotes/2.20.2.adoc
# install RelNotes/2.20.3.adoc /c/ar07-9047/doc-install-02/mingwarm64/share/doc/git-doc/RelNotes/2.20.3.adoc
# install RelNotes/2.20.4.adoc /c/ar07-9047/doc-install-02/mingwarm64/share/doc/git-doc/RelNotes/2.20.4.adoc
# install RelNotes/2.20.5.adoc /c/ar07-9047/doc-install-02/mingwarm64/share/doc/git-doc/RelNotes/2.20.5.adoc
# install RelNotes/2.21.0.adoc /c/ar07-9047/doc-install-02/mingwarm64/share/doc/git-doc/RelNotes/2.21.0.adoc
# install RelNotes/2.21.1.adoc /c/ar07-9047/doc-install-02/mingwarm64/share/doc/git-doc/RelNotes/2.21.1.adoc
# install RelNotes/2.21.2.adoc /c/ar07-9047/doc-install-02/mingwarm64/share/doc/git-doc/RelNotes/2.21.2.adoc
# install RelNotes/2.21.3.adoc /c/ar07-9047/doc-install-02/mingwarm64/share/doc/git-doc/RelNotes/2.21.3.adoc
# install RelNotes/2.21.4.adoc /c/ar07-9047/doc-install-02/mingwarm64/share/doc/git-doc/RelNotes/2.21.4.adoc
# install RelNotes/2.22.0.adoc /c/ar07-9047/doc-install-02/mingwarm64/share/doc/git-doc/RelNotes/2.22.0.adoc
# install RelNotes/2.22.1.adoc /c/ar07-9047/doc-install-02/mingwarm64/share/doc/git-doc/RelNotes/2.22.1.adoc
# install RelNotes/2.22.2.adoc /c/ar07-9047/doc-install-02/mingwarm64/share/doc/git-doc/RelNotes/2.22.2.adoc
# install RelNotes/2.22.3.adoc /c/ar07-9047/doc-install-02/mingwarm64/share/doc/git-doc/RelNotes/2.22.3.adoc
# install RelNotes/2.22.4.adoc /c/ar07-9047/doc-install-02/mingwarm64/share/doc/git-doc/RelNotes/2.22.4.adoc
# install RelNotes/2.22.5.adoc /c/ar07-9047/doc-install-02/mingwarm64/share/doc/git-doc/RelNotes/2.22.5.adoc
# install RelNotes/2.23.0.adoc /c/ar07-9047/doc-install-02/mingwarm64/share/doc/git-doc/RelNotes/2.23.0.adoc
# install RelNotes/2.23.1.adoc /c/ar07-9047/doc-install-02/mingwarm64/share/doc/git-doc/RelNotes/2.23.1.adoc
# install RelNotes/2.23.2.adoc /c/ar07-9047/doc-install-02/mingwarm64/share/doc/git-doc/RelNotes/2.23.2.adoc
# install RelNotes/2.23.3.adoc /c/ar07-9047/doc-install-02/mingwarm64/share/doc/git-doc/RelNotes/2.23.3.adoc
# install RelNotes/2.23.4.adoc /c/ar07-9047/doc-install-02/mingwarm64/share/doc/git-doc/RelNotes/2.23.4.adoc
# install RelNotes/2.24.0.adoc /c/ar07-9047/doc-install-02/mingwarm64/share/doc/git-doc/RelNotes/2.24.0.adoc
# install RelNotes/2.24.1.adoc /c/ar07-9047/doc-install-02/mingwarm64/share/doc/git-doc/RelNotes/2.24.1.adoc
# install RelNotes/2.24.2.adoc /c/ar07-9047/doc-install-02/mingwarm64/share/doc/git-doc/RelNotes/2.24.2.adoc
# install RelNotes/2.24.3.adoc /c/ar07-9047/doc-install-02/mingwarm64/share/doc/git-doc/RelNotes/2.24.3.adoc
# install RelNotes/2.24.4.adoc /c/ar07-9047/doc-install-02/mingwarm64/share/doc/git-doc/RelNotes/2.24.4.adoc
# install RelNotes/2.25.0.adoc /c/ar07-9047/doc-install-02/mingwarm64/share/doc/git-doc/RelNotes/2.25.0.adoc
# install RelNotes/2.25.1.adoc /c/ar07-9047/doc-install-02/mingwarm64/share/doc/git-doc/RelNotes/2.25.1.adoc
# install RelNotes/2.25.2.adoc /c/ar07-9047/doc-install-02/mingwarm64/share/doc/git-doc/RelNotes/2.25.2.adoc
# install RelNotes/2.25.3.adoc /c/ar07-9047/doc-install-02/mingwarm64/share/doc/git-doc/RelNotes/2.25.3.adoc
# install RelNotes/2.25.4.adoc /c/ar07-9047/doc-install-02/mingwarm64/share/doc/git-doc/RelNotes/2.25.4.adoc
# install RelNotes/2.25.5.adoc /c/ar07-9047/doc-install-02/mingwarm64/share/doc/git-doc/RelNotes/2.25.5.adoc
# install RelNotes/2.26.0.adoc /c/ar07-9047/doc-install-02/mingwarm64/share/doc/git-doc/RelNotes/2.26.0.adoc
# install RelNotes/2.26.1.adoc /c/ar07-9047/doc-install-02/mingwarm64/share/doc/git-doc/RelNotes/2.26.1.adoc
# install RelNotes/2.26.2.adoc /c/ar07-9047/doc-install-02/mingwarm64/share/doc/git-doc/RelNotes/2.26.2.adoc
# install RelNotes/2.26.3.adoc /c/ar07-9047/doc-install-02/mingwarm64/share/doc/git-doc/RelNotes/2.26.3.adoc
# install RelNotes/2.27.0.adoc /c/ar07-9047/doc-install-02/mingwarm64/share/doc/git-doc/RelNotes/2.27.0.adoc
# install RelNotes/2.27.1.adoc /c/ar07-9047/doc-install-02/mingwarm64/share/doc/git-doc/RelNotes/2.27.1.adoc
# install RelNotes/2.28.0.adoc /c/ar07-9047/doc-install-02/mingwarm64/share/doc/git-doc/RelNotes/2.28.0.adoc
# install RelNotes/2.28.1.adoc /c/ar07-9047/doc-install-02/mingwarm64/share/doc/git-doc/RelNotes/2.28.1.adoc
# install RelNotes/2.29.0.adoc /c/ar07-9047/doc-install-02/mingwarm64/share/doc/git-doc/RelNotes/2.29.0.adoc
# install RelNotes/2.29.1.adoc /c/ar07-9047/doc-install-02/mingwarm64/share/doc/git-doc/RelNotes/2.29.1.adoc
# install RelNotes/2.29.2.adoc /c/ar07-9047/doc-install-02/mingwarm64/share/doc/git-doc/RelNotes/2.29.2.adoc
# install RelNotes/2.29.3.adoc /c/ar07-9047/doc-install-02/mingwarm64/share/doc/git-doc/RelNotes/2.29.3.adoc
# install RelNotes/2.3.0.adoc /c/ar07-9047/doc-install-02/mingwarm64/share/doc/git-doc/RelNotes/2.3.0.adoc
# install RelNotes/2.3.1.adoc /c/ar07-9047/doc-install-02/mingwarm64/share/doc/git-doc/RelNotes/2.3.1.adoc
# install RelNotes/2.3.10.adoc /c/ar07-9047/doc-install-02/mingwarm64/share/doc/git-doc/RelNotes/2.3.10.adoc
# install RelNotes/2.3.2.adoc /c/ar07-9047/doc-install-02/mingwarm64/share/doc/git-doc/RelNotes/2.3.2.adoc
# install RelNotes/2.3.3.adoc /c/ar07-9047/doc-install-02/mingwarm64/share/doc/git-doc/RelNotes/2.3.3.adoc
# install RelNotes/2.3.4.adoc /c/ar07-9047/doc-install-02/mingwarm64/share/doc/git-doc/RelNotes/2.3.4.adoc
# install RelNotes/2.3.5.adoc /c/ar07-9047/doc-install-02/mingwarm64/share/doc/git-doc/RelNotes/2.3.5.adoc
# install RelNotes/2.3.6.adoc /c/ar07-9047/doc-install-02/mingwarm64/share/doc/git-doc/RelNotes/2.3.6.adoc
# install RelNotes/2.3.7.adoc /c/ar07-9047/doc-install-02/mingwarm64/share/doc/git-doc/RelNotes/2.3.7.adoc
# install RelNotes/2.3.8.adoc /c/ar07-9047/doc-install-02/mingwarm64/share/doc/git-doc/RelNotes/2.3.8.adoc
# install RelNotes/2.3.9.adoc /c/ar07-9047/doc-install-02/mingwarm64/share/doc/git-doc/RelNotes/2.3.9.adoc
# install RelNotes/2.30.0.adoc /c/ar07-9047/doc-install-02/mingwarm64/share/doc/git-doc/RelNotes/2.30.0.adoc
# install RelNotes/2.30.1.adoc /c/ar07-9047/doc-install-02/mingwarm64/share/doc/git-doc/RelNotes/2.30.1.adoc
# install RelNotes/2.30.2.adoc /c/ar07-9047/doc-install-02/mingwarm64/share/doc/git-doc/RelNotes/2.30.2.adoc
# install RelNotes/2.30.3.adoc /c/ar07-9047/doc-install-02/mingwarm64/share/doc/git-doc/RelNotes/2.30.3.adoc
# install RelNotes/2.30.4.adoc /c/ar07-9047/doc-install-02/mingwarm64/share/doc/git-doc/RelNotes/2.30.4.adoc
# install RelNotes/2.30.5.adoc /c/ar07-9047/doc-install-02/mingwarm64/share/doc/git-doc/RelNotes/2.30.5.adoc
# install RelNotes/2.30.6.adoc /c/ar07-9047/doc-install-02/mingwarm64/share/doc/git-doc/RelNotes/2.30.6.adoc
# install RelNotes/2.30.7.adoc /c/ar07-9047/doc-install-02/mingwarm64/share/doc/git-doc/RelNotes/2.30.7.adoc
# install RelNotes/2.30.8.adoc /c/ar07-9047/doc-install-02/mingwarm64/share/doc/git-doc/RelNotes/2.30.8.adoc
# install RelNotes/2.30.9.adoc /c/ar07-9047/doc-install-02/mingwarm64/share/doc/git-doc/RelNotes/2.30.9.adoc
# install RelNotes/2.31.0.adoc /c/ar07-9047/doc-install-02/mingwarm64/share/doc/git-doc/RelNotes/2.31.0.adoc
# install RelNotes/2.31.1.adoc /c/ar07-9047/doc-install-02/mingwarm64/share/doc/git-doc/RelNotes/2.31.1.adoc
# install RelNotes/2.31.2.adoc /c/ar07-9047/doc-install-02/mingwarm64/share/doc/git-doc/RelNotes/2.31.2.adoc
# install RelNotes/2.31.3.adoc /c/ar07-9047/doc-install-02/mingwarm64/share/doc/git-doc/RelNotes/2.31.3.adoc
# install RelNotes/2.31.4.adoc /c/ar07-9047/doc-install-02/mingwarm64/share/doc/git-doc/RelNotes/2.31.4.adoc
# install RelNotes/2.31.5.adoc /c/ar07-9047/doc-install-02/mingwarm64/share/doc/git-doc/RelNotes/2.31.5.adoc
# install RelNotes/2.31.6.adoc /c/ar07-9047/doc-install-02/mingwarm64/share/doc/git-doc/RelNotes/2.31.6.adoc
# install RelNotes/2.31.7.adoc /c/ar07-9047/doc-install-02/mingwarm64/share/doc/git-doc/RelNotes/2.31.7.adoc
# install RelNotes/2.31.8.adoc /c/ar07-9047/doc-install-02/mingwarm64/share/doc/git-doc/RelNotes/2.31.8.adoc
# install RelNotes/2.32.0.adoc /c/ar07-9047/doc-install-02/mingwarm64/share/doc/git-doc/RelNotes/2.32.0.adoc
# install RelNotes/2.32.1.adoc /c/ar07-9047/doc-install-02/mingwarm64/share/doc/git-doc/RelNotes/2.32.1.adoc
# install RelNotes/2.32.2.adoc /c/ar07-9047/doc-install-02/mingwarm64/share/doc/git-doc/RelNotes/2.32.2.adoc
# install RelNotes/2.32.3.adoc /c/ar07-9047/doc-install-02/mingwarm64/share/doc/git-doc/RelNotes/2.32.3.adoc
# install RelNotes/2.32.4.adoc /c/ar07-9047/doc-install-02/mingwarm64/share/doc/git-doc/RelNotes/2.32.4.adoc
# install RelNotes/2.32.5.adoc /c/ar07-9047/doc-install-02/mingwarm64/share/doc/git-doc/RelNotes/2.32.5.adoc
# install RelNotes/2.32.6.adoc /c/ar07-9047/doc-install-02/mingwarm64/share/doc/git-doc/RelNotes/2.32.6.adoc
# install RelNotes/2.32.7.adoc /c/ar07-9047/doc-install-02/mingwarm64/share/doc/git-doc/RelNotes/2.32.7.adoc
# install RelNotes/2.33.0.adoc /c/ar07-9047/doc-install-02/mingwarm64/share/doc/git-doc/RelNotes/2.33.0.adoc
# install RelNotes/2.33.1.adoc /c/ar07-9047/doc-install-02/mingwarm64/share/doc/git-doc/RelNotes/2.33.1.adoc
# install RelNotes/2.33.2.adoc /c/ar07-9047/doc-install-02/mingwarm64/share/doc/git-doc/RelNotes/2.33.2.adoc
# install RelNotes/2.33.3.adoc /c/ar07-9047/doc-install-02/mingwarm64/share/doc/git-doc/RelNotes/2.33.3.adoc
# install RelNotes/2.33.4.adoc /c/ar07-9047/doc-install-02/mingwarm64/share/doc/git-doc/RelNotes/2.33.4.adoc
# install RelNotes/2.33.5.adoc /c/ar07-9047/doc-install-02/mingwarm64/share/doc/git-doc/RelNotes/2.33.5.adoc
# install RelNotes/2.33.6.adoc /c/ar07-9047/doc-install-02/mingwarm64/share/doc/git-doc/RelNotes/2.33.6.adoc
# install RelNotes/2.33.7.adoc /c/ar07-9047/doc-install-02/mingwarm64/share/doc/git-doc/RelNotes/2.33.7.adoc
# install RelNotes/2.33.8.adoc /c/ar07-9047/doc-install-02/mingwarm64/share/doc/git-doc/RelNotes/2.33.8.adoc
# install RelNotes/2.34.0.adoc /c/ar07-9047/doc-install-02/mingwarm64/share/doc/git-doc/RelNotes/2.34.0.adoc
# install RelNotes/2.34.1.adoc /c/ar07-9047/doc-install-02/mingwarm64/share/doc/git-doc/RelNotes/2.34.1.adoc
# install RelNotes/2.34.2.adoc /c/ar07-9047/doc-install-02/mingwarm64/share/doc/git-doc/RelNotes/2.34.2.adoc
# install RelNotes/2.34.3.adoc /c/ar07-9047/doc-install-02/mingwarm64/share/doc/git-doc/RelNotes/2.34.3.adoc
# install RelNotes/2.34.4.adoc /c/ar07-9047/doc-install-02/mingwarm64/share/doc/git-doc/RelNotes/2.34.4.adoc
# install RelNotes/2.34.5.adoc /c/ar07-9047/doc-install-02/mingwarm64/share/doc/git-doc/RelNotes/2.34.5.adoc
# install RelNotes/2.34.6.adoc /c/ar07-9047/doc-install-02/mingwarm64/share/doc/git-doc/RelNotes/2.34.6.adoc
# install RelNotes/2.34.7.adoc /c/ar07-9047/doc-install-02/mingwarm64/share/doc/git-doc/RelNotes/2.34.7.adoc
# install RelNotes/2.34.8.adoc /c/ar07-9047/doc-install-02/mingwarm64/share/doc/git-doc/RelNotes/2.34.8.adoc
# install RelNotes/2.35.0.adoc /c/ar07-9047/doc-install-02/mingwarm64/share/doc/git-doc/RelNotes/2.35.0.adoc
# install RelNotes/2.35.1.adoc /c/ar07-9047/doc-install-02/mingwarm64/share/doc/git-doc/RelNotes/2.35.1.adoc
# install RelNotes/2.35.2.adoc /c/ar07-9047/doc-install-02/mingwarm64/share/doc/git-doc/RelNotes/2.35.2.adoc
# install RelNotes/2.35.3.adoc /c/ar07-9047/doc-install-02/mingwarm64/share/doc/git-doc/RelNotes/2.35.3.adoc
# install RelNotes/2.35.4.adoc /c/ar07-9047/doc-install-02/mingwarm64/share/doc/git-doc/RelNotes/2.35.4.adoc
# install RelNotes/2.35.5.adoc /c/ar07-9047/doc-install-02/mingwarm64/share/doc/git-doc/RelNotes/2.35.5.adoc
# install RelNotes/2.35.6.adoc /c/ar07-9047/doc-install-02/mingwarm64/share/doc/git-doc/RelNotes/2.35.6.adoc
# install RelNotes/2.35.7.adoc /c/ar07-9047/doc-install-02/mingwarm64/share/doc/git-doc/RelNotes/2.35.7.adoc
# install RelNotes/2.35.8.adoc /c/ar07-9047/doc-install-02/mingwarm64/share/doc/git-doc/RelNotes/2.35.8.adoc
# install RelNotes/2.36.0.adoc /c/ar07-9047/doc-install-02/mingwarm64/share/doc/git-doc/RelNotes/2.36.0.adoc
# install RelNotes/2.36.1.adoc /c/ar07-9047/doc-install-02/mingwarm64/share/doc/git-doc/RelNotes/2.36.1.adoc
# install RelNotes/2.36.2.adoc /c/ar07-9047/doc-install-02/mingwarm64/share/doc/git-doc/RelNotes/2.36.2.adoc
# install RelNotes/2.36.3.adoc /c/ar07-9047/doc-install-02/mingwarm64/share/doc/git-doc/RelNotes/2.36.3.adoc
# install RelNotes/2.36.4.adoc /c/ar07-9047/doc-install-02/mingwarm64/share/doc/git-doc/RelNotes/2.36.4.adoc
# install RelNotes/2.36.5.adoc /c/ar07-9047/doc-install-02/mingwarm64/share/doc/git-doc/RelNotes/2.36.5.adoc
# install RelNotes/2.36.6.adoc /c/ar07-9047/doc-install-02/mingwarm64/share/doc/git-doc/RelNotes/2.36.6.adoc
# install RelNotes/2.37.0.adoc /c/ar07-9047/doc-install-02/mingwarm64/share/doc/git-doc/RelNotes/2.37.0.adoc
# install RelNotes/2.37.1.adoc /c/ar07-9047/doc-install-02/mingwarm64/share/doc/git-doc/RelNotes/2.37.1.adoc
# install RelNotes/2.37.2.adoc /c/ar07-9047/doc-install-02/mingwarm64/share/doc/git-doc/RelNotes/2.37.2.adoc
# install RelNotes/2.37.3.adoc /c/ar07-9047/doc-install-02/mingwarm64/share/doc/git-doc/RelNotes/2.37.3.adoc
# install RelNotes/2.37.4.adoc /c/ar07-9047/doc-install-02/mingwarm64/share/doc/git-doc/RelNotes/2.37.4.adoc
# install RelNotes/2.37.5.adoc /c/ar07-9047/doc-install-02/mingwarm64/share/doc/git-doc/RelNotes/2.37.5.adoc
# install RelNotes/2.37.6.adoc /c/ar07-9047/doc-install-02/mingwarm64/share/doc/git-doc/RelNotes/2.37.6.adoc
# install RelNotes/2.37.7.adoc /c/ar07-9047/doc-install-02/mingwarm64/share/doc/git-doc/RelNotes/2.37.7.adoc
# install RelNotes/2.38.0.adoc /c/ar07-9047/doc-install-02/mingwarm64/share/doc/git-doc/RelNotes/2.38.0.adoc
# install RelNotes/2.38.1.adoc /c/ar07-9047/doc-install-02/mingwarm64/share/doc/git-doc/RelNotes/2.38.1.adoc
# install RelNotes/2.38.2.adoc /c/ar07-9047/doc-install-02/mingwarm64/share/doc/git-doc/RelNotes/2.38.2.adoc
# install RelNotes/2.38.3.adoc /c/ar07-9047/doc-install-02/mingwarm64/share/doc/git-doc/RelNotes/2.38.3.adoc
# install RelNotes/2.38.4.adoc /c/ar07-9047/doc-install-02/mingwarm64/share/doc/git-doc/RelNotes/2.38.4.adoc
# install RelNotes/2.38.5.adoc /c/ar07-9047/doc-install-02/mingwarm64/share/doc/git-doc/RelNotes/2.38.5.adoc
# install RelNotes/2.39.0.adoc /c/ar07-9047/doc-install-02/mingwarm64/share/doc/git-doc/RelNotes/2.39.0.adoc
# install RelNotes/2.39.1.adoc /c/ar07-9047/doc-install-02/mingwarm64/share/doc/git-doc/RelNotes/2.39.1.adoc
# install RelNotes/2.39.2.adoc /c/ar07-9047/doc-install-02/mingwarm64/share/doc/git-doc/RelNotes/2.39.2.adoc
# install RelNotes/2.39.3.adoc /c/ar07-9047/doc-install-02/mingwarm64/share/doc/git-doc/RelNotes/2.39.3.adoc
# install RelNotes/2.39.4.adoc /c/ar07-9047/doc-install-02/mingwarm64/share/doc/git-doc/RelNotes/2.39.4.adoc
# install RelNotes/2.39.5.adoc /c/ar07-9047/doc-install-02/mingwarm64/share/doc/git-doc/RelNotes/2.39.5.adoc
# install RelNotes/2.4.0.adoc /c/ar07-9047/doc-install-02/mingwarm64/share/doc/git-doc/RelNotes/2.4.0.adoc
# install RelNotes/2.4.1.adoc /c/ar07-9047/doc-install-02/mingwarm64/share/doc/git-doc/RelNotes/2.4.1.adoc
# install RelNotes/2.4.10.adoc /c/ar07-9047/doc-install-02/mingwarm64/share/doc/git-doc/RelNotes/2.4.10.adoc
# install RelNotes/2.4.11.adoc /c/ar07-9047/doc-install-02/mingwarm64/share/doc/git-doc/RelNotes/2.4.11.adoc
# install RelNotes/2.4.12.adoc /c/ar07-9047/doc-install-02/mingwarm64/share/doc/git-doc/RelNotes/2.4.12.adoc
# install RelNotes/2.4.2.adoc /c/ar07-9047/doc-install-02/mingwarm64/share/doc/git-doc/RelNotes/2.4.2.adoc
# install RelNotes/2.4.3.adoc /c/ar07-9047/doc-install-02/mingwarm64/share/doc/git-doc/RelNotes/2.4.3.adoc
# install RelNotes/2.4.4.adoc /c/ar07-9047/doc-install-02/mingwarm64/share/doc/git-doc/RelNotes/2.4.4.adoc
# install RelNotes/2.4.5.adoc /c/ar07-9047/doc-install-02/mingwarm64/share/doc/git-doc/RelNotes/2.4.5.adoc
# install RelNotes/2.4.6.adoc /c/ar07-9047/doc-install-02/mingwarm64/share/doc/git-doc/RelNotes/2.4.6.adoc
# install RelNotes/2.4.7.adoc /c/ar07-9047/doc-install-02/mingwarm64/share/doc/git-doc/RelNotes/2.4.7.adoc
# install RelNotes/2.4.8.adoc /c/ar07-9047/doc-install-02/mingwarm64/share/doc/git-doc/RelNotes/2.4.8.adoc
# install RelNotes/2.4.9.adoc /c/ar07-9047/doc-install-02/mingwarm64/share/doc/git-doc/RelNotes/2.4.9.adoc
# install RelNotes/2.40.0.adoc /c/ar07-9047/doc-install-02/mingwarm64/share/doc/git-doc/RelNotes/2.40.0.adoc
# install RelNotes/2.40.1.adoc /c/ar07-9047/doc-install-02/mingwarm64/share/doc/git-doc/RelNotes/2.40.1.adoc
# install RelNotes/2.40.2.adoc /c/ar07-9047/doc-install-02/mingwarm64/share/doc/git-doc/RelNotes/2.40.2.adoc
# install RelNotes/2.40.3.adoc /c/ar07-9047/doc-install-02/mingwarm64/share/doc/git-doc/RelNotes/2.40.3.adoc
# install RelNotes/2.40.4.adoc /c/ar07-9047/doc-install-02/mingwarm64/share/doc/git-doc/RelNotes/2.40.4.adoc
# install RelNotes/2.41.0.adoc /c/ar07-9047/doc-install-02/mingwarm64/share/doc/git-doc/RelNotes/2.41.0.adoc
# install RelNotes/2.41.1.adoc /c/ar07-9047/doc-install-02/mingwarm64/share/doc/git-doc/RelNotes/2.41.1.adoc
# install RelNotes/2.41.2.adoc /c/ar07-9047/doc-install-02/mingwarm64/share/doc/git-doc/RelNotes/2.41.2.adoc
# install RelNotes/2.41.3.adoc /c/ar07-9047/doc-install-02/mingwarm64/share/doc/git-doc/RelNotes/2.41.3.adoc
# install RelNotes/2.42.0.adoc /c/ar07-9047/doc-install-02/mingwarm64/share/doc/git-doc/RelNotes/2.42.0.adoc
# install RelNotes/2.42.1.adoc /c/ar07-9047/doc-install-02/mingwarm64/share/doc/git-doc/RelNotes/2.42.1.adoc
# install RelNotes/2.42.2.adoc /c/ar07-9047/doc-install-02/mingwarm64/share/doc/git-doc/RelNotes/2.42.2.adoc
# install RelNotes/2.42.3.adoc /c/ar07-9047/doc-install-02/mingwarm64/share/doc/git-doc/RelNotes/2.42.3.adoc
# install RelNotes/2.42.4.adoc /c/ar07-9047/doc-install-02/mingwarm64/share/doc/git-doc/RelNotes/2.42.4.adoc
# install RelNotes/2.43.0.adoc /c/ar07-9047/doc-install-02/mingwarm64/share/doc/git-doc/RelNotes/2.43.0.adoc
# install RelNotes/2.43.1.adoc /c/ar07-9047/doc-install-02/mingwarm64/share/doc/git-doc/RelNotes/2.43.1.adoc
# install RelNotes/2.43.2.adoc /c/ar07-9047/doc-install-02/mingwarm64/share/doc/git-doc/RelNotes/2.43.2.adoc
# install RelNotes/2.43.3.adoc /c/ar07-9047/doc-install-02/mingwarm64/share/doc/git-doc/RelNotes/2.43.3.adoc
# install RelNotes/2.43.4.adoc /c/ar07-9047/doc-install-02/mingwarm64/share/doc/git-doc/RelNotes/2.43.4.adoc
# install RelNotes/2.43.5.adoc /c/ar07-9047/doc-install-02/mingwarm64/share/doc/git-doc/RelNotes/2.43.5.adoc
# install RelNotes/2.43.6.adoc /c/ar07-9047/doc-install-02/mingwarm64/share/doc/git-doc/RelNotes/2.43.6.adoc
# install RelNotes/2.43.7.adoc /c/ar07-9047/doc-install-02/mingwarm64/share/doc/git-doc/RelNotes/2.43.7.adoc
# install RelNotes/2.44.0.adoc /c/ar07-9047/doc-install-02/mingwarm64/share/doc/git-doc/RelNotes/2.44.0.adoc
# install RelNotes/2.44.1.adoc /c/ar07-9047/doc-install-02/mingwarm64/share/doc/git-doc/RelNotes/2.44.1.adoc
# install RelNotes/2.44.2.adoc /c/ar07-9047/doc-install-02/mingwarm64/share/doc/git-doc/RelNotes/2.44.2.adoc
# install RelNotes/2.44.3.adoc /c/ar07-9047/doc-install-02/mingwarm64/share/doc/git-doc/RelNotes/2.44.3.adoc
# install RelNotes/2.44.4.adoc /c/ar07-9047/doc-install-02/mingwarm64/share/doc/git-doc/RelNotes/2.44.4.adoc
# install RelNotes/2.45.0.adoc /c/ar07-9047/doc-install-02/mingwarm64/share/doc/git-doc/RelNotes/2.45.0.adoc
# install RelNotes/2.45.1.adoc /c/ar07-9047/doc-install-02/mingwarm64/share/doc/git-doc/RelNotes/2.45.1.adoc
# install RelNotes/2.45.2.adoc /c/ar07-9047/doc-install-02/mingwarm64/share/doc/git-doc/RelNotes/2.45.2.adoc
# install RelNotes/2.45.3.adoc /c/ar07-9047/doc-install-02/mingwarm64/share/doc/git-doc/RelNotes/2.45.3.adoc
# install RelNotes/2.45.4.adoc /c/ar07-9047/doc-install-02/mingwarm64/share/doc/git-doc/RelNotes/2.45.4.adoc
# install RelNotes/2.46.0.adoc /c/ar07-9047/doc-install-02/mingwarm64/share/doc/git-doc/RelNotes/2.46.0.adoc
# install RelNotes/2.46.1.adoc /c/ar07-9047/doc-install-02/mingwarm64/share/doc/git-doc/RelNotes/2.46.1.adoc
# install RelNotes/2.46.2.adoc /c/ar07-9047/doc-install-02/mingwarm64/share/doc/git-doc/RelNotes/2.46.2.adoc
# install RelNotes/2.46.3.adoc /c/ar07-9047/doc-install-02/mingwarm64/share/doc/git-doc/RelNotes/2.46.3.adoc
# install RelNotes/2.46.4.adoc /c/ar07-9047/doc-install-02/mingwarm64/share/doc/git-doc/RelNotes/2.46.4.adoc
# install RelNotes/2.47.0.adoc /c/ar07-9047/doc-install-02/mingwarm64/share/doc/git-doc/RelNotes/2.47.0.adoc
# install RelNotes/2.47.1.adoc /c/ar07-9047/doc-install-02/mingwarm64/share/doc/git-doc/RelNotes/2.47.1.adoc
# install RelNotes/2.47.2.adoc /c/ar07-9047/doc-install-02/mingwarm64/share/doc/git-doc/RelNotes/2.47.2.adoc
# install RelNotes/2.47.3.adoc /c/ar07-9047/doc-install-02/mingwarm64/share/doc/git-doc/RelNotes/2.47.3.adoc
# install RelNotes/2.48.0.adoc /c/ar07-9047/doc-install-02/mingwarm64/share/doc/git-doc/RelNotes/2.48.0.adoc
# install RelNotes/2.48.1.adoc /c/ar07-9047/doc-install-02/mingwarm64/share/doc/git-doc/RelNotes/2.48.1.adoc
# install RelNotes/2.48.2.adoc /c/ar07-9047/doc-install-02/mingwarm64/share/doc/git-doc/RelNotes/2.48.2.adoc
# install RelNotes/2.49.0.adoc /c/ar07-9047/doc-install-02/mingwarm64/share/doc/git-doc/RelNotes/2.49.0.adoc
# install RelNotes/2.49.1.adoc /c/ar07-9047/doc-install-02/mingwarm64/share/doc/git-doc/RelNotes/2.49.1.adoc
# install RelNotes/2.5.0.adoc /c/ar07-9047/doc-install-02/mingwarm64/share/doc/git-doc/RelNotes/2.5.0.adoc
# install RelNotes/2.5.1.adoc /c/ar07-9047/doc-install-02/mingwarm64/share/doc/git-doc/RelNotes/2.5.1.adoc
# install RelNotes/2.5.2.adoc /c/ar07-9047/doc-install-02/mingwarm64/share/doc/git-doc/RelNotes/2.5.2.adoc
# install RelNotes/2.5.3.adoc /c/ar07-9047/doc-install-02/mingwarm64/share/doc/git-doc/RelNotes/2.5.3.adoc
# install RelNotes/2.5.4.adoc /c/ar07-9047/doc-install-02/mingwarm64/share/doc/git-doc/RelNotes/2.5.4.adoc
# install RelNotes/2.5.5.adoc /c/ar07-9047/doc-install-02/mingwarm64/share/doc/git-doc/RelNotes/2.5.5.adoc
# install RelNotes/2.5.6.adoc /c/ar07-9047/doc-install-02/mingwarm64/share/doc/git-doc/RelNotes/2.5.6.adoc
# install RelNotes/2.50.0.adoc /c/ar07-9047/doc-install-02/mingwarm64/share/doc/git-doc/RelNotes/2.50.0.adoc
# install RelNotes/2.50.1.adoc /c/ar07-9047/doc-install-02/mingwarm64/share/doc/git-doc/RelNotes/2.50.1.adoc
# install RelNotes/2.51.0.adoc /c/ar07-9047/doc-install-02/mingwarm64/share/doc/git-doc/RelNotes/2.51.0.adoc
# install RelNotes/2.51.1.adoc /c/ar07-9047/doc-install-02/mingwarm64/share/doc/git-doc/RelNotes/2.51.1.adoc
# install RelNotes/2.51.2.adoc /c/ar07-9047/doc-install-02/mingwarm64/share/doc/git-doc/RelNotes/2.51.2.adoc
# install RelNotes/2.52.0.adoc /c/ar07-9047/doc-install-02/mingwarm64/share/doc/git-doc/RelNotes/2.52.0.adoc
# install RelNotes/2.53.0.adoc /c/ar07-9047/doc-install-02/mingwarm64/share/doc/git-doc/RelNotes/2.53.0.adoc
# install RelNotes/2.54.0.adoc /c/ar07-9047/doc-install-02/mingwarm64/share/doc/git-doc/RelNotes/2.54.0.adoc
# install RelNotes/2.54.1.adoc /c/ar07-9047/doc-install-02/mingwarm64/share/doc/git-doc/RelNotes/2.54.1.adoc
# install RelNotes/2.55.0.adoc /c/ar07-9047/doc-install-02/mingwarm64/share/doc/git-doc/RelNotes/2.55.0.adoc
# install RelNotes/2.6.0.adoc /c/ar07-9047/doc-install-02/mingwarm64/share/doc/git-doc/RelNotes/2.6.0.adoc
# install RelNotes/2.6.1.adoc /c/ar07-9047/doc-install-02/mingwarm64/share/doc/git-doc/RelNotes/2.6.1.adoc
# install RelNotes/2.6.2.adoc /c/ar07-9047/doc-install-02/mingwarm64/share/doc/git-doc/RelNotes/2.6.2.adoc
# install RelNotes/2.6.3.adoc /c/ar07-9047/doc-install-02/mingwarm64/share/doc/git-doc/RelNotes/2.6.3.adoc
# install RelNotes/2.6.4.adoc /c/ar07-9047/doc-install-02/mingwarm64/share/doc/git-doc/RelNotes/2.6.4.adoc
# install RelNotes/2.6.5.adoc /c/ar07-9047/doc-install-02/mingwarm64/share/doc/git-doc/RelNotes/2.6.5.adoc
# install RelNotes/2.6.6.adoc /c/ar07-9047/doc-install-02/mingwarm64/share/doc/git-doc/RelNotes/2.6.6.adoc
# install RelNotes/2.6.7.adoc /c/ar07-9047/doc-install-02/mingwarm64/share/doc/git-doc/RelNotes/2.6.7.adoc
# install RelNotes/2.7.0.adoc /c/ar07-9047/doc-install-02/mingwarm64/share/doc/git-doc/RelNotes/2.7.0.adoc
# install RelNotes/2.7.1.adoc /c/ar07-9047/doc-install-02/mingwarm64/share/doc/git-doc/RelNotes/2.7.1.adoc
# install RelNotes/2.7.2.adoc /c/ar07-9047/doc-install-02/mingwarm64/share/doc/git-doc/RelNotes/2.7.2.adoc
# install RelNotes/2.7.3.adoc /c/ar07-9047/doc-install-02/mingwarm64/share/doc/git-doc/RelNotes/2.7.3.adoc
# install RelNotes/2.7.4.adoc /c/ar07-9047/doc-install-02/mingwarm64/share/doc/git-doc/RelNotes/2.7.4.adoc
# install RelNotes/2.7.5.adoc /c/ar07-9047/doc-install-02/mingwarm64/share/doc/git-doc/RelNotes/2.7.5.adoc
# install RelNotes/2.7.6.adoc /c/ar07-9047/doc-install-02/mingwarm64/share/doc/git-doc/RelNotes/2.7.6.adoc
# install RelNotes/2.8.0.adoc /c/ar07-9047/doc-install-02/mingwarm64/share/doc/git-doc/RelNotes/2.8.0.adoc
# install RelNotes/2.8.1.adoc /c/ar07-9047/doc-install-02/mingwarm64/share/doc/git-doc/RelNotes/2.8.1.adoc
# install RelNotes/2.8.2.adoc /c/ar07-9047/doc-install-02/mingwarm64/share/doc/git-doc/RelNotes/2.8.2.adoc
# install RelNotes/2.8.3.adoc /c/ar07-9047/doc-install-02/mingwarm64/share/doc/git-doc/RelNotes/2.8.3.adoc
# install RelNotes/2.8.4.adoc /c/ar07-9047/doc-install-02/mingwarm64/share/doc/git-doc/RelNotes/2.8.4.adoc
# install RelNotes/2.8.5.adoc /c/ar07-9047/doc-install-02/mingwarm64/share/doc/git-doc/RelNotes/2.8.5.adoc
# install RelNotes/2.8.6.adoc /c/ar07-9047/doc-install-02/mingwarm64/share/doc/git-doc/RelNotes/2.8.6.adoc
# install RelNotes/2.9.0.adoc /c/ar07-9047/doc-install-02/mingwarm64/share/doc/git-doc/RelNotes/2.9.0.adoc
# install RelNotes/2.9.1.adoc /c/ar07-9047/doc-install-02/mingwarm64/share/doc/git-doc/RelNotes/2.9.1.adoc
# install RelNotes/2.9.2.adoc /c/ar07-9047/doc-install-02/mingwarm64/share/doc/git-doc/RelNotes/2.9.2.adoc
# install RelNotes/2.9.3.adoc /c/ar07-9047/doc-install-02/mingwarm64/share/doc/git-doc/RelNotes/2.9.3.adoc
# install RelNotes/2.9.4.adoc /c/ar07-9047/doc-install-02/mingwarm64/share/doc/git-doc/RelNotes/2.9.4.adoc
# install RelNotes/2.9.5.adoc /c/ar07-9047/doc-install-02/mingwarm64/share/doc/git-doc/RelNotes/2.9.5.adoc
# install docbook-xsl.css /c/ar07-9047/doc-install-02/mingwarm64/share/doc/git-doc/docbook-xsl.css
install -d -m 755 /c/ar07-9047/doc-install-02/mingwarm64/share/man/man1
install -d -m 755 /c/ar07-9047/doc-install-02/mingwarm64/share/man/man5
install -d -m 755 /c/ar07-9047/doc-install-02/mingwarm64/share/man/man7
install -m 644 git-add.1 git-am.1 git-annotate.1 git-apply.1 git-archimport.1 git-archive.1 git-backfill.1 git-bash.1 git-bisect.1 git-blame.1 git-branch.1 git-bugreport.1 git-bundle.1 git-cat-file.1 git-check-attr.1 git-check-ignore.1 git-check-mailmap.1 git-check-ref-format.1 git-checkout-index.1 git-checkout.1 git-cherry-pick.1 git-cherry.1 git-citool.1 git-clean.1 git-clone.1 git-column.1 git-commit-graph.1 git-commit-tree.1 git-commit.1 git-config.1 git-count-objects.1 git-credential-cache--daemon.1 git-credential-cache.1 git-credential-store.1 git-credential.1 git-cvsexportcommit.1 git-cvsimport.1 git-cvsserver.1 git-daemon.1 git-describe.1 git-diagnose.1 git-diff-files.1 git-diff-index.1 git-diff-pairs.1 git-diff-tree.1 git-diff.1 git-difftool.1 git-fast-export.1 git-fast-import.1 git-fetch-pack.1 git-fetch.1 git-filter-branch.1 git-fmt-merge-msg.1 git-for-each-ref.1 git-for-each-repo.1 git-format-patch.1 git-format-rev.1 git-fsck-objects.1 git-fsck.1 git-fsmonitor--daemon.1 git-gc.1 git-get-tar-commit-id.1 git-grep.1 git-gui.1 git-hash-object.1 git-help.1 git-history.1 git-hook.1 git-http-backend.1 git-http-fetch.1 git-http-push.1 git-imap-send.1 git-index-pack.1 git-init-db.1 git-init.1 git-instaweb.1 git-interpret-trailers.1 git-last-modified.1 git-log.1 git-ls-files.1 git-ls-remote.1 git-ls-tree.1 git-mailinfo.1 git-mailsplit.1 git-maintenance.1 git-merge-base.1 git-merge-file.1 git-merge-index.1 git-merge-one-file.1 git-merge-tree.1 git-merge.1 git-mergetool--lib.1 git-mergetool.1 git-mktag.1 git-mktree.1 git-multi-pack-index.1 git-mv.1 git-name-rev.1 git-notes.1 git-p4.1 git-pack-objects.1 git-pack-redundant.1 git-pack-refs.1 git-patch-id.1 git-prune-packed.1 git-prune.1 git-pull.1 git-push.1 git-quiltimport.1 git-range-diff.1 git-read-tree.1 git-rebase.1 git-receive-pack.1 git-reflog.1 git-refs.1 git-remote-ext.1 git-remote-fd.1 git-remote.1 git-repack.1 git-replace.1 git-replay.1 git-repo.1 git-request-pull.1 git-rerere.1 git-reset.1 git-restore.1 git-rev-list.1 git-rev-parse.1 git-revert.1 git-rm.1 git-send-email.1 git-send-pack.1 git-sh-i18n--envsubst.1 git-sh-i18n.1 git-sh-setup.1 git-shell.1 git-shortlog.1 git-show-branch.1 git-show-index.1 git-show-ref.1 git-show.1 git-sparse-checkout.1 git-stage.1 git-stash.1 git-status.1 git-stripspace.1 git-submodule.1 git-survey.1 git-svn.1 git-switch.1 git-symbolic-ref.1 git-tag.1 git-unpack-file.1 git-unpack-objects.1 git-update-index.1 git-update-ref.1 git-update-server-info.1 git-upload-archive.1 git-upload-pack.1 git-url-parse.1 git-var.1 git-verify-commit.1 git-verify-pack.1 git-verify-tag.1 git-version.1 git-web--browse.1 git-whatchanged.1 git-worktree.1 git-write-tree.1 git.1 gitk.1 gitweb.1 scalar.1 /c/ar07-9047/doc-install-02/mingwarm64/share/man/man1
install -m 644 gitattributes.5 gitformat-bundle.5 gitformat-chunk.5 gitformat-commit-graph.5 gitformat-index.5 gitformat-loose.5 gitformat-pack.5 gitformat-signature.5 githooks.5 gitignore.5 gitmailmap.5 gitmodules.5 gitprotocol-capabilities.5 gitprotocol-common.5 gitprotocol-http.5 gitprotocol-pack.5 gitprotocol-v2.5 gitrepository-layout.5 gitweb.conf.5 /c/ar07-9047/doc-install-02/mingwarm64/share/man/man5
install -m 644 gitcli.7 gitcore-tutorial.7 gitcredentials.7 gitcvs-migration.7 gitdatamodel.7 gitdiffcore.7 giteveryday.7 gitfaq.7 gitglossary.7 gitpacking.7 gitnamespaces.7 gitremote-helpers.7 gitrevisions.7 gitsubmodules.7 gittutorial-2.7 gittutorial.7 gitworkflows.7 /c/ar07-9047/doc-install-02/mingwarm64/share/man/man7
make: Leaving directory '/c/ar07-9047/g01/git-32c4f7689275d233577576630e1ac5b7eb354eb0/Documentation'
make: Entering directory '/c/ar07-9047/g01/git-32c4f7689275d233577576630e1ac5b7eb354eb0/contrib/subtree'
make -C ../../ GIT-VERSION-FILE
make[1]: Entering directory '/c/ar07-9047/g01/git-32c4f7689275d233577576630e1ac5b7eb354eb0'
make[1]: 'GIT-VERSION-FILE' is up to date.
make[1]: Leaving directory '/c/ar07-9047/g01/git-32c4f7689275d233577576630e1ac5b7eb354eb0'
install -d -m 755 /c/ar07-9047/doc-install-02/mingwarm64/share/doc/git-doc
install -m 644 git-subtree.html /c/ar07-9047/doc-install-02/mingwarm64/share/doc/git-doc
install -d -m 755 /c/ar07-9047/doc-install-02/mingwarm64/share/man/man1
install -m 644 git-subtree.1 /c/ar07-9047/doc-install-02/mingwarm64/share/man/man1
make: Leaving directory '/c/ar07-9047/g01/git-32c4f7689275d233577576630e1ac5b7eb354eb0/contrib/subtree'
