--- make install ---
echo @`sh  cflags "optimize='-O2 -g'" opmini.o`  -DPERL_IS_MINIPERL -DPERL_EXTERNAL_GLOB opmini.c
@/cygdrive/c/ap06-78/perl-recovery-20260910-06/toolchain/bin/gcc -c -DPERL_CORE -DPERL_USE_SAFE_PUTENV -U__STRICT_ANSI__ -D_GNU_SOURCE -O2 -g -fwrapv -isysroot /cygdrive/c/ap11-native-provider-intake/cygwin-w32api-arm64-v12-admitted-v1/upstream/cohort -fno-strict-aliasing -pipe -fstack-protector-strong -I/cygdrive/c/Users/crutkasLocal/.copilot/session-state/78f0f9ba-f19f-4afd-aa4a-1837904263a6/files/perl-recovery-20260910/root08-admitted-db-libxcrypt-prefix-01/usr/include -I/cygdrive/c/Users/crutkasLocal/.copilot/session-state/78f0f9ba-f19f-4afd-aa4a-1837904263a6/files/perl-recovery-20260910/root08-admitted-gdbm-prefix-01/usr/include -I/cygdrive/c/Users/crutkasLocal/.copilot/session-state/78f0f9ba-f19f-4afd-aa4a-1837904263a6/files/perl-recovery-20260910/root08-admitted-gdbm-prefix-01/usr/include/gdbm -D_FORTIFY_SOURCE=2 -std=c99 -O2 -g -Wall -Werror=pointer-arith -Werror=vla -Wextra -Wno-long-long -Wno-declaration-after-statement -Wc++-compat -Wwrite-strings -DPERL_IS_MINIPERL -DPERL_EXTERNAL_GLOB opmini.c
In file included from op.c:163:
perl.h:1059:9: warning: 'PERL_USE_SAFE_PUTENV' redefined
 1059 | #define PERL_USE_SAFE_PUTENV
      |         ^~~~~~~~~~~~~~~~~~~~
<command-line>: note: this is the location of the previous definition
echo @`sh  cflags "optimize='-O2 -g'" perlmini.o`  -DPERL_IS_MINIPERL -DPERL_EXTERNAL_GLOB perlmini.c
@/cygdrive/c/ap06-78/perl-recovery-20260910-06/toolchain/bin/gcc -c -DPERL_CORE -DPERL_USE_SAFE_PUTENV -U__STRICT_ANSI__ -D_GNU_SOURCE -O2 -g -fwrapv -isysroot /cygdrive/c/ap11-native-provider-intake/cygwin-w32api-arm64-v12-admitted-v1/upstream/cohort -fno-strict-aliasing -pipe -fstack-protector-strong -I/cygdrive/c/Users/crutkasLocal/.copilot/session-state/78f0f9ba-f19f-4afd-aa4a-1837904263a6/files/perl-recovery-20260910/root08-admitted-db-libxcrypt-prefix-01/usr/include -I/cygdrive/c/Users/crutkasLocal/.copilot/session-state/78f0f9ba-f19f-4afd-aa4a-1837904263a6/files/perl-recovery-20260910/root08-admitted-gdbm-prefix-01/usr/include -I/cygdrive/c/Users/crutkasLocal/.copilot/session-state/78f0f9ba-f19f-4afd-aa4a-1837904263a6/files/perl-recovery-20260910/root08-admitted-gdbm-prefix-01/usr/include/gdbm -D_FORTIFY_SOURCE=2 -std=c99 -O2 -g -Wall -Werror=pointer-arith -Werror=vla -Wextra -Wno-long-long -Wno-declaration-after-statement -Wc++-compat -Wwrite-strings -DPERL_IS_MINIPERL -DPERL_EXTERNAL_GLOB perlmini.c
In file included from perl.c:38:
perl.h:1059:9: warning: 'PERL_USE_SAFE_PUTENV' redefined
 1059 | #define PERL_USE_SAFE_PUTENV
      |         ^~~~~~~~~~~~~~~~~~~~
<command-line>: note: this is the location of the previous definition
echo @`sh  cflags "optimize='-O2 -g'" universalmini.o`  -DPERL_IS_MINIPERL -DPERL_EXTERNAL_GLOB universalmini.c
@/cygdrive/c/ap06-78/perl-recovery-20260910-06/toolchain/bin/gcc -c -DPERL_CORE -DPERL_USE_SAFE_PUTENV -U__STRICT_ANSI__ -D_GNU_SOURCE -O2 -g -fwrapv -isysroot /cygdrive/c/ap11-native-provider-intake/cygwin-w32api-arm64-v12-admitted-v1/upstream/cohort -fno-strict-aliasing -pipe -fstack-protector-strong -I/cygdrive/c/Users/crutkasLocal/.copilot/session-state/78f0f9ba-f19f-4afd-aa4a-1837904263a6/files/perl-recovery-20260910/root08-admitted-db-libxcrypt-prefix-01/usr/include -I/cygdrive/c/Users/crutkasLocal/.copilot/session-state/78f0f9ba-f19f-4afd-aa4a-1837904263a6/files/perl-recovery-20260910/root08-admitted-gdbm-prefix-01/usr/include -I/cygdrive/c/Users/crutkasLocal/.copilot/session-state/78f0f9ba-f19f-4afd-aa4a-1837904263a6/files/perl-recovery-20260910/root08-admitted-gdbm-prefix-01/usr/include/gdbm -D_FORTIFY_SOURCE=2 -std=c99 -O2 -g -Wall -Werror=pointer-arith -Werror=vla -Wextra -Wno-long-long -Wno-declaration-after-statement -Wc++-compat -Wwrite-strings -DPERL_IS_MINIPERL -DPERL_EXTERNAL_GLOB universalmini.c
In file included from universal.c:31:
perl.h:1059:9: warning: 'PERL_USE_SAFE_PUTENV' redefined
 1059 | #define PERL_USE_SAFE_PUTENV
      |         ^~~~~~~~~~~~~~~~~~~~
<command-line>: note: this is the location of the previous definition
/cygdrive/c/ap06-78/perl-recovery-20260910-06/toolchain/bin/gcc -c -DPERL_CORE -DPERL_USE_SAFE_PUTENV -U__STRICT_ANSI__ -D_GNU_SOURCE -O2 -g -fwrapv -isysroot /cygdrive/c/ap11-native-provider-intake/cygwin-w32api-arm64-v12-admitted-v1/upstream/cohort -fno-strict-aliasing -pipe -fstack-protector-strong -I/cygdrive/c/Users/crutkasLocal/.copilot/session-state/78f0f9ba-f19f-4afd-aa4a-1837904263a6/files/perl-recovery-20260910/root08-admitted-db-libxcrypt-prefix-01/usr/include -I/cygdrive/c/Users/crutkasLocal/.copilot/session-state/78f0f9ba-f19f-4afd-aa4a-1837904263a6/files/perl-recovery-20260910/root08-admitted-gdbm-prefix-01/usr/include -I/cygdrive/c/Users/crutkasLocal/.copilot/session-state/78f0f9ba-f19f-4afd-aa4a-1837904263a6/files/perl-recovery-20260910/root08-admitted-gdbm-prefix-01/usr/include/gdbm -D_FORTIFY_SOURCE=2 -std=c99 -O2 -g -Wall -Werror=pointer-arith -Werror=vla -Wextra -Wno-long-long -Wno-declaration-after-statement -Wc++-compat -Wwrite-strings gv.c
In file included from gv.c:41:
perl.h:1059:9: warning: 'PERL_USE_SAFE_PUTENV' redefined
 1059 | #define PERL_USE_SAFE_PUTENV
      |         ^~~~~~~~~~~~~~~~~~~~
<command-line>: note: this is the location of the previous definition
/cygdrive/c/ap06-78/perl-recovery-20260910-06/toolchain/bin/gcc -c -DPERL_CORE -DPERL_USE_SAFE_PUTENV -U__STRICT_ANSI__ -D_GNU_SOURCE -O2 -g -fwrapv -isysroot /cygdrive/c/ap11-native-provider-intake/cygwin-w32api-arm64-v12-admitted-v1/upstream/cohort -fno-strict-aliasing -pipe -fstack-protector-strong -I/cygdrive/c/Users/crutkasLocal/.copilot/session-state/78f0f9ba-f19f-4afd-aa4a-1837904263a6/files/perl-recovery-20260910/root08-admitted-db-libxcrypt-prefix-01/usr/include -I/cygdrive/c/Users/crutkasLocal/.copilot/session-state/78f0f9ba-f19f-4afd-aa4a-1837904263a6/files/perl-recovery-20260910/root08-admitted-gdbm-prefix-01/usr/include -I/cygdrive/c/Users/crutkasLocal/.copilot/session-state/78f0f9ba-f19f-4afd-aa4a-1837904263a6/files/perl-recovery-20260910/root08-admitted-gdbm-prefix-01/usr/include/gdbm -D_FORTIFY_SOURCE=2 -std=c99 -O2 -g -Wall -Werror=pointer-arith -Werror=vla -Wextra -Wno-long-long -Wno-declaration-after-statement -Wc++-compat -Wwrite-strings toke.c
In file included from toke.c:40:
perl.h:1059:9: warning: 'PERL_USE_SAFE_PUTENV' redefined
 1059 | #define PERL_USE_SAFE_PUTENV
      |         ^~~~~~~~~~~~~~~~~~~~
<command-line>: note: this is the location of the previous definition
/cygdrive/c/ap06-78/perl-recovery-20260910-06/toolchain/bin/gcc -c -DPERL_CORE -DPERL_USE_SAFE_PUTENV -U__STRICT_ANSI__ -D_GNU_SOURCE -O2 -g -fwrapv -isysroot /cygdrive/c/ap11-native-provider-intake/cygwin-w32api-arm64-v12-admitted-v1/upstream/cohort -fno-strict-aliasing -pipe -fstack-protector-strong -I/cygdrive/c/Users/crutkasLocal/.copilot/session-state/78f0f9ba-f19f-4afd-aa4a-1837904263a6/files/perl-recovery-20260910/root08-admitted-db-libxcrypt-prefix-01/usr/include -I/cygdrive/c/Users/crutkasLocal/.copilot/session-state/78f0f9ba-f19f-4afd-aa4a-1837904263a6/files/perl-recovery-20260910/root08-admitted-gdbm-prefix-01/usr/include -I/cygdrive/c/Users/crutkasLocal/.copilot/session-state/78f0f9ba-f19f-4afd-aa4a-1837904263a6/files/perl-recovery-20260910/root08-admitted-gdbm-prefix-01/usr/include/gdbm -D_FORTIFY_SOURCE=2 -std=c99 -O2 -g -Wall -Werror=pointer-arith -Werror=vla -Wextra -Wno-long-long -Wno-declaration-after-statement -Wc++-compat -Wwrite-strings perly.c
In file included from perly.c:26:
perl.h:1059:9: warning: 'PERL_USE_SAFE_PUTENV' redefined
 1059 | #define PERL_USE_SAFE_PUTENV
      |         ^~~~~~~~~~~~~~~~~~~~
<command-line>: note: this is the location of the previous definition
/cygdrive/c/ap06-78/perl-recovery-20260910-06/toolchain/bin/gcc -c -DPERL_CORE -DPERL_USE_SAFE_PUTENV -U__STRICT_ANSI__ -D_GNU_SOURCE -O2 -g -fwrapv -isysroot /cygdrive/c/ap11-native-provider-intake/cygwin-w32api-arm64-v12-admitted-v1/upstream/cohort -fno-strict-aliasing -pipe -fstack-protector-strong -I/cygdrive/c/Users/crutkasLocal/.copilot/session-state/78f0f9ba-f19f-4afd-aa4a-1837904263a6/files/perl-recovery-20260910/root08-admitted-db-libxcrypt-prefix-01/usr/include -I/cygdrive/c/Users/crutkasLocal/.copilot/session-state/78f0f9ba-f19f-4afd-aa4a-1837904263a6/files/perl-recovery-20260910/root08-admitted-gdbm-prefix-01/usr/include -I/cygdrive/c/Users/crutkasLocal/.copilot/session-state/78f0f9ba-f19f-4afd-aa4a-1837904263a6/files/perl-recovery-20260910/root08-admitted-gdbm-prefix-01/usr/include/gdbm -D_FORTIFY_SOURCE=2 -std=c99 -O2 -g -Wall -Werror=pointer-arith -Werror=vla -Wextra -Wno-long-long -Wno-declaration-after-statement -Wc++-compat -Wwrite-strings pad.c
In file included from pad.c:150:
perl.h:1059:9: warning: 'PERL_USE_SAFE_PUTENV' redefined
 1059 | #define PERL_USE_SAFE_PUTENV
      |         ^~~~~~~~~~~~~~~~~~~~
<command-line>: note: this is the location of the previous definition
/cygdrive/c/ap06-78/perl-recovery-20260910-06/toolchain/bin/gcc -c -DPERL_CORE -DPERL_USE_SAFE_PUTENV -U__STRICT_ANSI__ -D_GNU_SOURCE -O2 -g -fwrapv -isysroot /cygdrive/c/ap11-native-provider-intake/cygwin-w32api-arm64-v12-admitted-v1/upstream/cohort -fno-strict-aliasing -pipe -fstack-protector-strong -I/cygdrive/c/Users/crutkasLocal/.copilot/session-state/78f0f9ba-f19f-4afd-aa4a-1837904263a6/files/perl-recovery-20260910/root08-admitted-db-libxcrypt-prefix-01/usr/include -I/cygdrive/c/Users/crutkasLocal/.copilot/session-state/78f0f9ba-f19f-4afd-aa4a-1837904263a6/files/perl-recovery-20260910/root08-admitted-gdbm-prefix-01/usr/include -I/cygdrive/c/Users/crutkasLocal/.copilot/session-state/78f0f9ba-f19f-4afd-aa4a-1837904263a6/files/perl-recovery-20260910/root08-admitted-gdbm-prefix-01/usr/include/gdbm -D_FORTIFY_SOURCE=2 -std=c99 -O2 -g -Wall -Werror=pointer-arith -Werror=vla -Wextra -Wno-long-long -Wno-declaration-after-statement -Wc++-compat -Wwrite-strings regcomp.c
In file included from regcomp.c:134:
perl.h:1059:9: warning: 'PERL_USE_SAFE_PUTENV' redefined
 1059 | #define PERL_USE_SAFE_PUTENV
      |         ^~~~~~~~~~~~~~~~~~~~
<command-line>: note: this is the location of the previous definition
/cygdrive/c/ap06-78/perl-recovery-20260910-06/toolchain/bin/gcc -c -DPERL_CORE -DPERL_USE_SAFE_PUTENV -U__STRICT_ANSI__ -D_GNU_SOURCE -O2 -g -fwrapv -isysroot /cygdrive/c/ap11-native-provider-intake/cygwin-w32api-arm64-v12-admitted-v1/upstream/cohort -fno-strict-aliasing -pipe -fstack-protector-strong -I/cygdrive/c/Users/crutkasLocal/.copilot/session-state/78f0f9ba-f19f-4afd-aa4a-1837904263a6/files/perl-recovery-20260910/root08-admitted-db-libxcrypt-prefix-01/usr/include -I/cygdrive/c/Users/crutkasLocal/.copilot/session-state/78f0f9ba-f19f-4afd-aa4a-1837904263a6/files/perl-recovery-20260910/root08-admitted-gdbm-prefix-01/usr/include -I/cygdrive/c/Users/crutkasLocal/.copilot/session-state/78f0f9ba-f19f-4afd-aa4a-1837904263a6/files/perl-recovery-20260910/root08-admitted-gdbm-prefix-01/usr/include/gdbm -D_FORTIFY_SOURCE=2 -std=c99 -O2 -g -Wall -Werror=pointer-arith -Werror=vla -Wextra -Wno-long-long -Wno-declaration-after-statement -Wc++-compat -Wwrite-strings regcomp_debug.c
In file included from regcomp_debug.c:9:
perl.h:1059:9: warning: 'PERL_USE_SAFE_PUTENV' redefined
 1059 | #define PERL_USE_SAFE_PUTENV
      |         ^~~~~~~~~~~~~~~~~~~~
<command-line>: note: this is the location of the previous definition
/cygdrive/c/ap06-78/perl-recovery-20260910-06/toolchain/bin/gcc -c -DPERL_CORE -DPERL_USE_SAFE_PUTENV -U__STRICT_ANSI__ -D_GNU_SOURCE -O2 -g -fwrapv -isysroot /cygdrive/c/ap11-native-provider-intake/cygwin-w32api-arm64-v12-admitted-v1/upstream/cohort -fno-strict-aliasing -pipe -fstack-protector-strong -I/cygdrive/c/Users/crutkasLocal/.copilot/session-state/78f0f9ba-f19f-4afd-aa4a-1837904263a6/files/perl-recovery-20260910/root08-admitted-db-libxcrypt-prefix-01/usr/include -I/cygdrive/c/Users/crutkasLocal/.copilot/session-state/78f0f9ba-f19f-4afd-aa4a-1837904263a6/files/perl-recovery-20260910/root08-admitted-gdbm-prefix-01/usr/include -I/cygdrive/c/Users/crutkasLocal/.copilot/session-state/78f0f9ba-f19f-4afd-aa4a-1837904263a6/files/perl-recovery-20260910/root08-admitted-gdbm-prefix-01/usr/include/gdbm -D_FORTIFY_SOURCE=2 -std=c99 -O2 -g -Wall -Werror=pointer-arith -Werror=vla -Wextra -Wno-long-long -Wno-declaration-after-statement -Wc++-compat -Wwrite-strings regcomp_invlist.c
In file included from regcomp_invlist.c:9:
perl.h:1059:9: warning: 'PERL_USE_SAFE_PUTENV' redefined
 1059 | #define PERL_USE_SAFE_PUTENV
      |         ^~~~~~~~~~~~~~~~~~~~
<command-line>: note: this is the location of the previous definition
/cygdrive/c/ap06-78/perl-recovery-20260910-06/toolchain/bin/gcc -c -DPERL_CORE -DPERL_USE_SAFE_PUTENV -U__STRICT_ANSI__ -D_GNU_SOURCE -O2 -g -fwrapv -isysroot /cygdrive/c/ap11-native-provider-intake/cygwin-w32api-arm64-v12-admitted-v1/upstream/cohort -fno-strict-aliasing -pipe -fstack-protector-strong -I/cygdrive/c/Users/crutkasLocal/.copilot/session-state/78f0f9ba-f19f-4afd-aa4a-1837904263a6/files/perl-recovery-20260910/root08-admitted-db-libxcrypt-prefix-01/usr/include -I/cygdrive/c/Users/crutkasLocal/.copilot/session-state/78f0f9ba-f19f-4afd-aa4a-1837904263a6/files/perl-recovery-20260910/root08-admitted-gdbm-prefix-01/usr/include -I/cygdrive/c/Users/crutkasLocal/.copilot/session-state/78f0f9ba-f19f-4afd-aa4a-1837904263a6/files/perl-recovery-20260910/root08-admitted-gdbm-prefix-01/usr/include/gdbm -D_FORTIFY_SOURCE=2 -std=c99 -O2 -g -Wall -Werror=pointer-arith -Werror=vla -Wextra -Wno-long-long -Wno-declaration-after-statement -Wc++-compat -Wwrite-strings regcomp_study.c
In file included from regcomp_study.c:9:
perl.h:1059:9: warning: 'PERL_USE_SAFE_PUTENV' redefined
 1059 | #define PERL_USE_SAFE_PUTENV
      |         ^~~~~~~~~~~~~~~~~~~~
<command-line>: note: this is the location of the previous definition
/cygdrive/c/ap06-78/perl-recovery-20260910-06/toolchain/bin/gcc -c -DPERL_CORE -DPERL_USE_SAFE_PUTENV -U__STRICT_ANSI__ -D_GNU_SOURCE -O2 -g -fwrapv -isysroot /cygdrive/c/ap11-native-provider-intake/cygwin-w32api-arm64-v12-admitted-v1/upstream/cohort -fno-strict-aliasing -pipe -fstack-protector-strong -I/cygdrive/c/Users/crutkasLocal/.copilot/session-state/78f0f9ba-f19f-4afd-aa4a-1837904263a6/files/perl-recovery-20260910/root08-admitted-db-libxcrypt-prefix-01/usr/include -I/cygdrive/c/Users/crutkasLocal/.copilot/session-state/78f0f9ba-f19f-4afd-aa4a-1837904263a6/files/perl-recovery-20260910/root08-admitted-gdbm-prefix-01/usr/include -I/cygdrive/c/Users/crutkasLocal/.copilot/session-state/78f0f9ba-f19f-4afd-aa4a-1837904263a6/files/perl-recovery-20260910/root08-admitted-gdbm-prefix-01/usr/include/gdbm -D_FORTIFY_SOURCE=2 -std=c99 -O2 -g -Wall -Werror=pointer-arith -Werror=vla -Wextra -Wno-long-long -Wno-declaration-after-statement -Wc++-compat -Wwrite-strings regcomp_trie.c
In file included from regcomp_trie.c:9:
perl.h:1059:9: warning: 'PERL_USE_SAFE_PUTENV' redefined
 1059 | #define PERL_USE_SAFE_PUTENV
      |         ^~~~~~~~~~~~~~~~~~~~
<command-line>: note: this is the location of the previous definition
/cygdrive/c/ap06-78/perl-recovery-20260910-06/toolchain/bin/gcc -c -DPERL_CORE -DPERL_USE_SAFE_PUTENV -U__STRICT_ANSI__ -D_GNU_SOURCE -O2 -g -fwrapv -isysroot /cygdrive/c/ap11-native-provider-intake/cygwin-w32api-arm64-v12-admitted-v1/upstream/cohort -fno-strict-aliasing -pipe -fstack-protector-strong -I/cygdrive/c/Users/crutkasLocal/.copilot/session-state/78f0f9ba-f19f-4afd-aa4a-1837904263a6/files/perl-recovery-20260910/root08-admitted-db-libxcrypt-prefix-01/usr/include -I/cygdrive/c/Users/crutkasLocal/.copilot/session-state/78f0f9ba-f19f-4afd-aa4a-1837904263a6/files/perl-recovery-20260910/root08-admitted-gdbm-prefix-01/usr/include -I/cygdrive/c/Users/crutkasLocal/.copilot/session-state/78f0f9ba-f19f-4afd-aa4a-1837904263a6/files/perl-recovery-20260910/root08-admitted-gdbm-prefix-01/usr/include/gdbm -D_FORTIFY_SOURCE=2 -std=c99 -O2 -g -Wall -Werror=pointer-arith -Werror=vla -Wextra -Wno-long-long -Wno-declaration-after-statement -Wc++-compat -Wwrite-strings regexec.c
In file included from regexec.c:76:
perl.h:1059:9: warning: 'PERL_USE_SAFE_PUTENV' redefined
 1059 | #define PERL_USE_SAFE_PUTENV
      |         ^~~~~~~~~~~~~~~~~~~~
<command-line>: note: this is the location of the previous definition
/cygdrive/c/ap06-78/perl-recovery-20260910-06/toolchain/bin/gcc -c -DPERL_CORE -DPERL_USE_SAFE_PUTENV -U__STRICT_ANSI__ -D_GNU_SOURCE -O2 -g -fwrapv -isysroot /cygdrive/c/ap11-native-provider-intake/cygwin-w32api-arm64-v12-admitted-v1/upstream/cohort -fno-strict-aliasing -pipe -fstack-protector-strong -I/cygdrive/c/Users/crutkasLocal/.copilot/session-state/78f0f9ba-f19f-4afd-aa4a-1837904263a6/files/perl-recovery-20260910/root08-admitted-db-libxcrypt-prefix-01/usr/include -I/cygdrive/c/Users/crutkasLocal/.copilot/session-state/78f0f9ba-f19f-4afd-aa4a-1837904263a6/files/perl-recovery-20260910/root08-admitted-gdbm-prefix-01/usr/include -I/cygdrive/c/Users/crutkasLocal/.copilot/session-state/78f0f9ba-f19f-4afd-aa4a-1837904263a6/files/perl-recovery-20260910/root08-admitted-gdbm-prefix-01/usr/include/gdbm -D_FORTIFY_SOURCE=2 -std=c99 -O2 -g -Wall -Werror=pointer-arith -Werror=vla -Wextra -Wno-long-long -Wno-declaration-after-statement -Wc++-compat -Wwrite-strings dump.c
In file included from dump.c:29:
perl.h:1059:9: warning: 'PERL_USE_SAFE_PUTENV' redefined
 1059 | #define PERL_USE_SAFE_PUTENV
      |         ^~~~~~~~~~~~~~~~~~~~
<command-line>: note: this is the location of the previous definition
/cygdrive/c/ap06-78/perl-recovery-20260910-06/toolchain/bin/gcc -c -DPERL_CORE -DPERL_USE_SAFE_PUTENV -U__STRICT_ANSI__ -D_GNU_SOURCE -O2 -g -fwrapv -isysroot /cygdrive/c/ap11-native-provider-intake/cygwin-w32api-arm64-v12-admitted-v1/upstream/cohort -fno-strict-aliasing -pipe -fstack-protector-strong -I/cygdrive/c/Users/crutkasLocal/.copilot/session-state/78f0f9ba-f19f-4afd-aa4a-1837904263a6/files/perl-recovery-20260910/root08-admitted-db-libxcrypt-prefix-01/usr/include -I/cygdrive/c/Users/crutkasLocal/.copilot/session-state/78f0f9ba-f19f-4afd-aa4a-1837904263a6/files/perl-recovery-20260910/root08-admitted-gdbm-prefix-01/usr/include -I/cygdrive/c/Users/crutkasLocal/.copilot/session-state/78f0f9ba-f19f-4afd-aa4a-1837904263a6/files/perl-recovery-20260910/root08-admitted-gdbm-prefix-01/usr/include/gdbm -D_FORTIFY_SOURCE=2 -std=c99 -O2 -g -Wall -Werror=pointer-arith -Werror=vla -Wextra -Wno-long-long -Wno-declaration-after-statement -Wc++-compat -Wwrite-strings util.c
In file included from util.c:26:
perl.h:1059:9: warning: 'PERL_USE_SAFE_PUTENV' redefined
 1059 | #define PERL_USE_SAFE_PUTENV
      |         ^~~~~~~~~~~~~~~~~~~~
<command-line>: note: this is the location of the previous definition
/cygdrive/c/ap06-78/perl-recovery-20260910-06/toolchain/bin/gcc -c -DPERL_CORE -DPERL_USE_SAFE_PUTENV -U__STRICT_ANSI__ -D_GNU_SOURCE -O2 -g -fwrapv -isysroot /cygdrive/c/ap11-native-provider-intake/cygwin-w32api-arm64-v12-admitted-v1/upstream/cohort -fno-strict-aliasing -pipe -fstack-protector-strong -I/cygdrive/c/Users/crutkasLocal/.copilot/session-state/78f0f9ba-f19f-4afd-aa4a-1837904263a6/files/perl-recovery-20260910/root08-admitted-db-libxcrypt-prefix-01/usr/include -I/cygdrive/c/Users/crutkasLocal/.copilot/session-state/78f0f9ba-f19f-4afd-aa4a-1837904263a6/files/perl-recovery-20260910/root08-admitted-gdbm-prefix-01/usr/include -I/cygdrive/c/Users/crutkasLocal/.copilot/session-state/78f0f9ba-f19f-4afd-aa4a-1837904263a6/files/perl-recovery-20260910/root08-admitted-gdbm-prefix-01/usr/include/gdbm -D_FORTIFY_SOURCE=2 -std=c99 -O2 -g -Wall -Werror=pointer-arith -Werror=vla -Wextra -Wno-long-long -Wno-declaration-after-statement -Wc++-compat -Wwrite-strings mg.c
In file included from mg.c:45:
perl.h:1059:9: warning: 'PERL_USE_SAFE_PUTENV' redefined
 1059 | #define PERL_USE_SAFE_PUTENV
      |         ^~~~~~~~~~~~~~~~~~~~
<command-line>: note: this is the location of the previous definition
/cygdrive/c/ap06-78/perl-recovery-20260910-06/toolchain/bin/gcc -c -DPERL_CORE -DPERL_USE_SAFE_PUTENV -U__STRICT_ANSI__ -D_GNU_SOURCE -O2 -g -fwrapv -isysroot /cygdrive/c/ap11-native-provider-intake/cygwin-w32api-arm64-v12-admitted-v1/upstream/cohort -fno-strict-aliasing -pipe -fstack-protector-strong -I/cygdrive/c/Users/crutkasLocal/.copilot/session-state/78f0f9ba-f19f-4afd-aa4a-1837904263a6/files/perl-recovery-20260910/root08-admitted-db-libxcrypt-prefix-01/usr/include -I/cygdrive/c/Users/crutkasLocal/.copilot/session-state/78f0f9ba-f19f-4afd-aa4a-1837904263a6/files/perl-recovery-20260910/root08-admitted-gdbm-prefix-01/usr/include -I/cygdrive/c/Users/crutkasLocal/.copilot/session-state/78f0f9ba-f19f-4afd-aa4a-1837904263a6/files/perl-recovery-20260910/root08-admitted-gdbm-prefix-01/usr/include/gdbm -D_FORTIFY_SOURCE=2 -std=c99 -O2 -g -Wall -Werror=pointer-arith -Werror=vla -Wextra -Wno-long-long -Wno-declaration-after-statement -Wc++-compat -Wwrite-strings reentr.c
In file included from reentr.c:33:
perl.h:1059:9: warning: 'PERL_USE_SAFE_PUTENV' redefined
 1059 | #define PERL_USE_SAFE_PUTENV
      |         ^~~~~~~~~~~~~~~~~~~~
<command-line>: note: this is the location of the previous definition
/cygdrive/c/ap06-78/perl-recovery-20260910-06/toolchain/bin/gcc -c -DPERL_CORE -DPERL_USE_SAFE_PUTENV -U__STRICT_ANSI__ -D_GNU_SOURCE -O2 -g -fwrapv -isysroot /cygdrive/c/ap11-native-provider-intake/cygwin-w32api-arm64-v12-admitted-v1/upstream/cohort -fno-strict-aliasing -pipe -fstack-protector-strong -I/cygdrive/c/Users/crutkasLocal/.copilot/session-state/78f0f9ba-f19f-4afd-aa4a-1837904263a6/files/perl-recovery-20260910/root08-admitted-db-libxcrypt-prefix-01/usr/include -I/cygdrive/c/Users/crutkasLocal/.copilot/session-state/78f0f9ba-f19f-4afd-aa4a-1837904263a6/files/perl-recovery-20260910/root08-admitted-gdbm-prefix-01/usr/include -I/cygdrive/c/Users/crutkasLocal/.copilot/session-state/78f0f9ba-f19f-4afd-aa4a-1837904263a6/files/perl-recovery-20260910/root08-admitted-gdbm-prefix-01/usr/include/gdbm -D_FORTIFY_SOURCE=2 -std=c99 -O2 -g -Wall -Werror=pointer-arith -Werror=vla -Wextra -Wno-long-long -Wno-declaration-after-statement -Wc++-compat -Wwrite-strings mro_core.c
In file included from mro_core.c:32:
perl.h:1059:9: warning: 'PERL_USE_SAFE_PUTENV' redefined
 1059 | #define PERL_USE_SAFE_PUTENV
      |         ^~~~~~~~~~~~~~~~~~~~
<command-line>: note: this is the location of the previous definition
/cygdrive/c/ap06-78/perl-recovery-20260910-06/toolchain/bin/gcc -c -DPERL_CORE -DPERL_USE_SAFE_PUTENV -U__STRICT_ANSI__ -D_GNU_SOURCE -O2 -g -fwrapv -isysroot /cygdrive/c/ap11-native-provider-intake/cygwin-w32api-arm64-v12-admitted-v1/upstream/cohort -fno-strict-aliasing -pipe -fstack-protector-strong -I/cygdrive/c/Users/crutkasLocal/.copilot/session-state/78f0f9ba-f19f-4afd-aa4a-1837904263a6/files/perl-recovery-20260910/root08-admitted-db-libxcrypt-prefix-01/usr/include -I/cygdrive/c/Users/crutkasLocal/.copilot/session-state/78f0f9ba-f19f-4afd-aa4a-1837904263a6/files/perl-recovery-20260910/root08-admitted-gdbm-prefix-01/usr/include -I/cygdrive/c/Users/crutkasLocal/.copilot/session-state/78f0f9ba-f19f-4afd-aa4a-1837904263a6/files/perl-recovery-20260910/root08-admitted-gdbm-prefix-01/usr/include/gdbm -D_FORTIFY_SOURCE=2 -std=c99 -O2 -g -Wall -Werror=pointer-arith -Werror=vla -Wextra -Wno-long-long -Wno-declaration-after-statement -Wc++-compat -Wwrite-strings keywords.c
In file included from keywords.c:9:
perl.h:1059:9: warning: 'PERL_USE_SAFE_PUTENV' redefined
 1059 | #define PERL_USE_SAFE_PUTENV
      |         ^~~~~~~~~~~~~~~~~~~~
<command-line>: note: this is the location of the previous definition
/cygdrive/c/ap06-78/perl-recovery-20260910-06/toolchain/bin/gcc -c -DPERL_CORE -DPERL_USE_SAFE_PUTENV -U__STRICT_ANSI__ -D_GNU_SOURCE -O2 -g -fwrapv -isysroot /cygdrive/c/ap11-native-provider-intake/cygwin-w32api-arm64-v12-admitted-v1/upstream/cohort -fno-strict-aliasing -pipe -fstack-protector-strong -I/cygdrive/c/Users/crutkasLocal/.copilot/session-state/78f0f9ba-f19f-4afd-aa4a-1837904263a6/files/perl-recovery-20260910/root08-admitted-db-libxcrypt-prefix-01/usr/include -I/cygdrive/c/Users/crutkasLocal/.copilot/session-state/78f0f9ba-f19f-4afd-aa4a-1837904263a6/files/perl-recovery-20260910/root08-admitted-gdbm-prefix-01/usr/include -I/cygdrive/c/Users/crutkasLocal/.copilot/session-state/78f0f9ba-f19f-4afd-aa4a-1837904263a6/files/perl-recovery-20260910/root08-admitted-gdbm-prefix-01/usr/include/gdbm -D_FORTIFY_SOURCE=2 -std=c99 -O2 -g -Wall -Werror=pointer-arith -Werror=vla -Wextra -Wno-long-long -Wno-declaration-after-statement -Wc++-compat -Wwrite-strings builtin.c
In file included from builtin.c:15:
perl.h:1059:9: warning: 'PERL_USE_SAFE_PUTENV' redefined
 1059 | #define PERL_USE_SAFE_PUTENV
      |         ^~~~~~~~~~~~~~~~~~~~
<command-line>: note: this is the location of the previous definition
/cygdrive/c/ap06-78/perl-recovery-20260910-06/toolchain/bin/gcc -c -DPERL_CORE -DPERL_USE_SAFE_PUTENV -U__STRICT_ANSI__ -D_GNU_SOURCE -O2 -g -fwrapv -isysroot /cygdrive/c/ap11-native-provider-intake/cygwin-w32api-arm64-v12-admitted-v1/upstream/cohort -fno-strict-aliasing -pipe -fstack-protector-strong -I/cygdrive/c/Users/crutkasLocal/.copilot/session-state/78f0f9ba-f19f-4afd-aa4a-1837904263a6/files/perl-recovery-20260910/root08-admitted-db-libxcrypt-prefix-01/usr/include -I/cygdrive/c/Users/crutkasLocal/.copilot/session-state/78f0f9ba-f19f-4afd-aa4a-1837904263a6/files/perl-recovery-20260910/root08-admitted-gdbm-prefix-01/usr/include -I/cygdrive/c/Users/crutkasLocal/.copilot/session-state/78f0f9ba-f19f-4afd-aa4a-1837904263a6/files/perl-recovery-20260910/root08-admitted-gdbm-prefix-01/usr/include/gdbm -D_FORTIFY_SOURCE=2 -std=c99 -O2 -g -Wall -Werror=pointer-arith -Werror=vla -Wextra -Wno-long-long -Wno-declaration-after-statement -Wc++-compat -Wwrite-strings class.c
In file included from class.c:16:
perl.h:1059:9: warning: 'PERL_USE_SAFE_PUTENV' redefined
 1059 | #define PERL_USE_SAFE_PUTENV
      |         ^~~~~~~~~~~~~~~~~~~~
<command-line>: note: this is the location of the previous definition
/cygdrive/c/ap06-78/perl-recovery-20260910-06/toolchain/bin/gcc -c -DPERL_CORE -DPERL_USE_SAFE_PUTENV -U__STRICT_ANSI__ -D_GNU_SOURCE -O2 -g -fwrapv -isysroot /cygdrive/c/ap11-native-provider-intake/cygwin-w32api-arm64-v12-admitted-v1/upstream/cohort -fno-strict-aliasing -pipe -fstack-protector-strong -I/cygdrive/c/Users/crutkasLocal/.copilot/session-state/78f0f9ba-f19f-4afd-aa4a-1837904263a6/files/perl-recovery-20260910/root08-admitted-db-libxcrypt-prefix-01/usr/include -I/cygdrive/c/Users/crutkasLocal/.copilot/session-state/78f0f9ba-f19f-4afd-aa4a-1837904263a6/files/perl-recovery-20260910/root08-admitted-gdbm-prefix-01/usr/include -I/cygdrive/c/Users/crutkasLocal/.copilot/session-state/78f0f9ba-f19f-4afd-aa4a-1837904263a6/files/perl-recovery-20260910/root08-admitted-gdbm-prefix-01/usr/include/gdbm -D_FORTIFY_SOURCE=2 -std=c99 -O2 -g -Wall -Werror=pointer-arith -Werror=vla -Wextra -Wno-long-long -Wno-declaration-after-statement -Wc++-compat -Wwrite-strings hv.c
In file included from hv.c:35:
perl.h:1059:9: warning: 'PERL_USE_SAFE_PUTENV' redefined
 1059 | #define PERL_USE_SAFE_PUTENV
      |         ^~~~~~~~~~~~~~~~~~~~
<command-line>: note: this is the location of the previous definition
/cygdrive/c/ap06-78/perl-recovery-20260910-06/toolchain/bin/gcc -c -DPERL_CORE -DPERL_USE_SAFE_PUTENV -U__STRICT_ANSI__ -D_GNU_SOURCE -O2 -g -fwrapv -isysroot /cygdrive/c/ap11-native-provider-intake/cygwin-w32api-arm64-v12-admitted-v1/upstream/cohort -fno-strict-aliasing -pipe -fstack-protector-strong -I/cygdrive/c/Users/crutkasLocal/.copilot/session-state/78f0f9ba-f19f-4afd-aa4a-1837904263a6/files/perl-recovery-20260910/root08-admitted-db-libxcrypt-prefix-01/usr/include -I/cygdrive/c/Users/crutkasLocal/.copilot/session-state/78f0f9ba-f19f-4afd-aa4a-1837904263a6/files/perl-recovery-20260910/root08-admitted-gdbm-prefix-01/usr/include -I/cygdrive/c/Users/crutkasLocal/.copilot/session-state/78f0f9ba-f19f-4afd-aa4a-1837904263a6/files/perl-recovery-20260910/root08-admitted-gdbm-prefix-01/usr/include/gdbm -D_FORTIFY_SOURCE=2 -std=c99 -O2 -g -Wall -Werror=pointer-arith -Werror=vla -Wextra -Wno-long-long -Wno-declaration-after-statement -Wc++-compat -Wwrite-strings av.c
In file included from av.c:20:
perl.h:1059:9: warning: 'PERL_USE_SAFE_PUTENV' redefined
 1059 | #define PERL_USE_SAFE_PUTENV
      |         ^~~~~~~~~~~~~~~~~~~~
<command-line>: note: this is the location of the previous definition
/cygdrive/c/ap06-78/perl-recovery-20260910-06/toolchain/bin/gcc -c -DPERL_CORE -DPERL_USE_SAFE_PUTENV -U__STRICT_ANSI__ -D_GNU_SOURCE -O2 -g -fwrapv -isysroot /cygdrive/c/ap11-native-provider-intake/cygwin-w32api-arm64-v12-admitted-v1/upstream/cohort -fno-strict-aliasing -pipe -fstack-protector-strong -I/cygdrive/c/Users/crutkasLocal/.copilot/session-state/78f0f9ba-f19f-4afd-aa4a-1837904263a6/files/perl-recovery-20260910/root08-admitted-db-libxcrypt-prefix-01/usr/include -I/cygdrive/c/Users/crutkasLocal/.copilot/session-state/78f0f9ba-f19f-4afd-aa4a-1837904263a6/files/perl-recovery-20260910/root08-admitted-gdbm-prefix-01/usr/include -I/cygdrive/c/Users/crutkasLocal/.copilot/session-state/78f0f9ba-f19f-4afd-aa4a-1837904263a6/files/perl-recovery-20260910/root08-admitted-gdbm-prefix-01/usr/include/gdbm -D_FORTIFY_SOURCE=2 -std=c99 -O2 -g -Wall -Werror=pointer-arith -Werror=vla -Wextra -Wno-long-long -Wno-declaration-after-statement -Wc++-compat -Wwrite-strings run.c
In file included from run.c:26:
perl.h:1059:9: warning: 'PERL_USE_SAFE_PUTENV' redefined
 1059 | #define PERL_USE_SAFE_PUTENV
      |         ^~~~~~~~~~~~~~~~~~~~
<command-line>: note: this is the location of the previous definition
/cygdrive/c/ap06-78/perl-recovery-20260910-06/toolchain/bin/gcc -c -DPERL_CORE -DPERL_USE_SAFE_PUTENV -U__STRICT_ANSI__ -D_GNU_SOURCE -O2 -g -fwrapv -isysroot /cygdrive/c/ap11-native-provider-intake/cygwin-w32api-arm64-v12-admitted-v1/upstream/cohort -fno-strict-aliasing -pipe -fstack-protector-strong -I/cygdrive/c/Users/crutkasLocal/.copilot/session-state/78f0f9ba-f19f-4afd-aa4a-1837904263a6/files/perl-recovery-20260910/root08-admitted-db-libxcrypt-prefix-01/usr/include -I/cygdrive/c/Users/crutkasLocal/.copilot/session-state/78f0f9ba-f19f-4afd-aa4a-1837904263a6/files/perl-recovery-20260910/root08-admitted-gdbm-prefix-01/usr/include -I/cygdrive/c/Users/crutkasLocal/.copilot/session-state/78f0f9ba-f19f-4afd-aa4a-1837904263a6/files/perl-recovery-20260910/root08-admitted-gdbm-prefix-01/usr/include/gdbm -D_FORTIFY_SOURCE=2 -std=c99 -O2 -g -Wall -Werror=pointer-arith -Werror=vla -Wextra -Wno-long-long -Wno-declaration-after-statement -Wc++-compat -Wwrite-strings pp_hot.c
In file included from pp_hot.c:36:
perl.h:1059:9: warning: 'PERL_USE_SAFE_PUTENV' redefined
 1059 | #define PERL_USE_SAFE_PUTENV
      |         ^~~~~~~~~~~~~~~~~~~~
<command-line>: note: this is the location of the previous definition
/cygdrive/c/ap06-78/perl-recovery-20260910-06/toolchain/bin/gcc -c -DPERL_CORE -DPERL_USE_SAFE_PUTENV -U__STRICT_ANSI__ -D_GNU_SOURCE -O2 -g -fwrapv -isysroot /cygdrive/c/ap11-native-provider-intake/cygwin-w32api-arm64-v12-admitted-v1/upstream/cohort -fno-strict-aliasing -pipe -fstack-protector-strong -I/cygdrive/c/Users/crutkasLocal/.copilot/session-state/78f0f9ba-f19f-4afd-aa4a-1837904263a6/files/perl-recovery-20260910/root08-admitted-db-libxcrypt-prefix-01/usr/include -I/cygdrive/c/Users/crutkasLocal/.copilot/session-state/78f0f9ba-f19f-4afd-aa4a-1837904263a6/files/perl-recovery-20260910/root08-admitted-gdbm-prefix-01/usr/include -I/cygdrive/c/Users/crutkasLocal/.copilot/session-state/78f0f9ba-f19f-4afd-aa4a-1837904263a6/files/perl-recovery-20260910/root08-admitted-gdbm-prefix-01/usr/include/gdbm -D_FORTIFY_SOURCE=2 -std=c99 -O2 -g -Wall -Werror=pointer-arith -Werror=vla -Wextra -Wno-long-long -Wno-declaration-after-statement -Wc++-compat -Wwrite-strings sv.c
In file included from sv.c:32:
perl.h:1059:9: warning: 'PERL_USE_SAFE_PUTENV' redefined
 1059 | #define PERL_USE_SAFE_PUTENV
      |         ^~~~~~~~~~~~~~~~~~~~
<command-line>: note: this is the location of the previous definition
/cygdrive/c/ap06-78/perl-recovery-20260910-06/toolchain/bin/gcc -c -DPERL_CORE -DPERL_USE_SAFE_PUTENV -U__STRICT_ANSI__ -D_GNU_SOURCE -O2 -g -fwrapv -isysroot /cygdrive/c/ap11-native-provider-intake/cygwin-w32api-arm64-v12-admitted-v1/upstream/cohort -fno-strict-aliasing -pipe -fstack-protector-strong -I/cygdrive/c/Users/crutkasLocal/.copilot/session-state/78f0f9ba-f19f-4afd-aa4a-1837904263a6/files/perl-recovery-20260910/root08-admitted-db-libxcrypt-prefix-01/usr/include -I/cygdrive/c/Users/crutkasLocal/.copilot/session-state/78f0f9ba-f19f-4afd-aa4a-1837904263a6/files/perl-recovery-20260910/root08-admitted-gdbm-prefix-01/usr/include -I/cygdrive/c/Users/crutkasLocal/.copilot/session-state/78f0f9ba-f19f-4afd-aa4a-1837904263a6/files/perl-recovery-20260910/root08-admitted-gdbm-prefix-01/usr/include/gdbm -D_FORTIFY_SOURCE=2 -std=c99 -O2 -g -Wall -Werror=pointer-arith -Werror=vla -Wextra -Wno-long-long -Wno-declaration-after-statement -Wc++-compat -Wwrite-strings pp.c
In file included from pp.c:28:
perl.h:1059:9: warning: 'PERL_USE_SAFE_PUTENV' redefined
 1059 | #define PERL_USE_SAFE_PUTENV
      |         ^~~~~~~~~~~~~~~~~~~~
<command-line>: note: this is the location of the previous definition
/cygdrive/c/ap06-78/perl-recovery-20260910-06/toolchain/bin/gcc -c -DPERL_CORE -DPERL_USE_SAFE_PUTENV -U__STRICT_ANSI__ -D_GNU_SOURCE -O2 -g -fwrapv -isysroot /cygdrive/c/ap11-native-provider-intake/cygwin-w32api-arm64-v12-admitted-v1/upstream/cohort -fno-strict-aliasing -pipe -fstack-protector-strong -I/cygdrive/c/Users/crutkasLocal/.copilot/session-state/78f0f9ba-f19f-4afd-aa4a-1837904263a6/files/perl-recovery-20260910/root08-admitted-db-libxcrypt-prefix-01/usr/include -I/cygdrive/c/Users/crutkasLocal/.copilot/session-state/78f0f9ba-f19f-4afd-aa4a-1837904263a6/files/perl-recovery-20260910/root08-admitted-gdbm-prefix-01/usr/include -I/cygdrive/c/Users/crutkasLocal/.copilot/session-state/78f0f9ba-f19f-4afd-aa4a-1837904263a6/files/perl-recovery-20260910/root08-admitted-gdbm-prefix-01/usr/include/gdbm -D_FORTIFY_SOURCE=2 -std=c99 -O2 -g -Wall -Werror=pointer-arith -Werror=vla -Wextra -Wno-long-long -Wno-declaration-after-statement -Wc++-compat -Wwrite-strings scope.c
In file included from scope.c:27:
perl.h:1059:9: warning: 'PERL_USE_SAFE_PUTENV' redefined
 1059 | #define PERL_USE_SAFE_PUTENV
      |         ^~~~~~~~~~~~~~~~~~~~
<command-line>: note: this is the location of the previous definition
/cygdrive/c/ap06-78/perl-recovery-20260910-06/toolchain/bin/gcc -c -DPERL_CORE -DPERL_USE_SAFE_PUTENV -U__STRICT_ANSI__ -D_GNU_SOURCE -O2 -g -fwrapv -isysroot /cygdrive/c/ap11-native-provider-intake/cygwin-w32api-arm64-v12-admitted-v1/upstream/cohort -fno-strict-aliasing -pipe -fstack-protector-strong -I/cygdrive/c/Users/crutkasLocal/.copilot/session-state/78f0f9ba-f19f-4afd-aa4a-1837904263a6/files/perl-recovery-20260910/root08-admitted-db-libxcrypt-prefix-01/usr/include -I/cygdrive/c/Users/crutkasLocal/.copilot/session-state/78f0f9ba-f19f-4afd-aa4a-1837904263a6/files/perl-recovery-20260910/root08-admitted-gdbm-prefix-01/usr/include -I/cygdrive/c/Users/crutkasLocal/.copilot/session-state/78f0f9ba-f19f-4afd-aa4a-1837904263a6/files/perl-recovery-20260910/root08-admitted-gdbm-prefix-01/usr/include/gdbm -D_FORTIFY_SOURCE=2 -std=c99 -O2 -g -Wall -Werror=pointer-arith -Werror=vla -Wextra -Wno-long-long -Wno-declaration-after-statement -Wc++-compat -Wwrite-strings pp_ctl.c
In file included from pp_ctl.c:35:
perl.h:1059:9: warning: 'PERL_USE_SAFE_PUTENV' redefined
 1059 | #define PERL_USE_SAFE_PUTENV
      |         ^~~~~~~~~~~~~~~~~~~~
<command-line>: note: this is the location of the previous definition
/cygdrive/c/ap06-78/perl-recovery-20260910-06/toolchain/bin/gcc -c -DPERL_CORE -DPERL_USE_SAFE_PUTENV -U__STRICT_ANSI__ -D_GNU_SOURCE -O2 -g -fwrapv -isysroot /cygdrive/c/ap11-native-provider-intake/cygwin-w32api-arm64-v12-admitted-v1/upstream/cohort -fno-strict-aliasing -pipe -fstack-protector-strong -I/cygdrive/c/Users/crutkasLocal/.copilot/session-state/78f0f9ba-f19f-4afd-aa4a-1837904263a6/files/perl-recovery-20260910/root08-admitted-db-libxcrypt-prefix-01/usr/include -I/cygdrive/c/Users/crutkasLocal/.copilot/session-state/78f0f9ba-f19f-4afd-aa4a-1837904263a6/files/perl-recovery-20260910/root08-admitted-gdbm-prefix-01/usr/include -I/cygdrive/c/Users/crutkasLocal/.copilot/session-state/78f0f9ba-f19f-4afd-aa4a-1837904263a6/files/perl-recovery-20260910/root08-admitted-gdbm-prefix-01/usr/include/gdbm -D_FORTIFY_SOURCE=2 -std=c99 -O2 -g -Wall -Werror=pointer-arith -Werror=vla -Wextra -Wno-long-long -Wno-declaration-after-statement -Wc++-compat -Wwrite-strings pp_sys.c
In file included from pp_sys.c:31:
perl.h:1059:9: warning: 'PERL_USE_SAFE_PUTENV' redefined
 1059 | #define PERL_USE_SAFE_PUTENV
      |         ^~~~~~~~~~~~~~~~~~~~
<command-line>: note: this is the location of the previous definition
/cygdrive/c/ap06-78/perl-recovery-20260910-06/toolchain/bin/gcc -c -DPERL_CORE -DPERL_USE_SAFE_PUTENV -U__STRICT_ANSI__ -D_GNU_SOURCE -O2 -g -fwrapv -isysroot /cygdrive/c/ap11-native-provider-intake/cygwin-w32api-arm64-v12-admitted-v1/upstream/cohort -fno-strict-aliasing -pipe -fstack-protector-strong -I/cygdrive/c/Users/crutkasLocal/.copilot/session-state/78f0f9ba-f19f-4afd-aa4a-1837904263a6/files/perl-recovery-20260910/root08-admitted-db-libxcrypt-prefix-01/usr/include -I/cygdrive/c/Users/crutkasLocal/.copilot/session-state/78f0f9ba-f19f-4afd-aa4a-1837904263a6/files/perl-recovery-20260910/root08-admitted-gdbm-prefix-01/usr/include -I/cygdrive/c/Users/crutkasLocal/.copilot/session-state/78f0f9ba-f19f-4afd-aa4a-1837904263a6/files/perl-recovery-20260910/root08-admitted-gdbm-prefix-01/usr/include/gdbm -D_FORTIFY_SOURCE=2 -std=c99 -O2 -g -Wall -Werror=pointer-arith -Werror=vla -Wextra -Wno-long-long -Wno-declaration-after-statement -Wc++-compat -Wwrite-strings peep.c
In file included from peep.c:26:
perl.h:1059:9: warning: 'PERL_USE_SAFE_PUTENV' redefined
 1059 | #define PERL_USE_SAFE_PUTENV
      |         ^~~~~~~~~~~~~~~~~~~~
<command-line>: note: this is the location of the previous definition
/cygdrive/c/ap06-78/perl-recovery-20260910-06/toolchain/bin/gcc -c -DPERL_CORE -DPERL_USE_SAFE_PUTENV -U__STRICT_ANSI__ -D_GNU_SOURCE -O2 -g -fwrapv -isysroot /cygdrive/c/ap11-native-provider-intake/cygwin-w32api-arm64-v12-admitted-v1/upstream/cohort -fno-strict-aliasing -pipe -fstack-protector-strong -I/cygdrive/c/Users/crutkasLocal/.copilot/session-state/78f0f9ba-f19f-4afd-aa4a-1837904263a6/files/perl-recovery-20260910/root08-admitted-db-libxcrypt-prefix-01/usr/include -I/cygdrive/c/Users/crutkasLocal/.copilot/session-state/78f0f9ba-f19f-4afd-aa4a-1837904263a6/files/perl-recovery-20260910/root08-admitted-gdbm-prefix-01/usr/include -I/cygdrive/c/Users/crutkasLocal/.copilot/session-state/78f0f9ba-f19f-4afd-aa4a-1837904263a6/files/perl-recovery-20260910/root08-admitted-gdbm-prefix-01/usr/include/gdbm -D_FORTIFY_SOURCE=2 -std=c99 -O2 -g -Wall -Werror=pointer-arith -Werror=vla -Wextra -Wno-long-long -Wno-declaration-after-statement -Wc++-compat -Wwrite-strings doop.c
In file included from doop.c:24:
perl.h:1059:9: warning: 'PERL_USE_SAFE_PUTENV' redefined
 1059 | #define PERL_USE_SAFE_PUTENV
      |         ^~~~~~~~~~~~~~~~~~~~
<command-line>: note: this is the location of the previous definition
/cygdrive/c/ap06-78/perl-recovery-20260910-06/toolchain/bin/gcc -c -DPERL_CORE -DPERL_USE_SAFE_PUTENV -U__STRICT_ANSI__ -D_GNU_SOURCE -O2 -g -fwrapv -isysroot /cygdrive/c/ap11-native-provider-intake/cygwin-w32api-arm64-v12-admitted-v1/upstream/cohort -fno-strict-aliasing -pipe -fstack-protector-strong -I/cygdrive/c/Users/crutkasLocal/.copilot/session-state/78f0f9ba-f19f-4afd-aa4a-1837904263a6/files/perl-recovery-20260910/root08-admitted-db-libxcrypt-prefix-01/usr/include -I/cygdrive/c/Users/crutkasLocal/.copilot/session-state/78f0f9ba-f19f-4afd-aa4a-1837904263a6/files/perl-recovery-20260910/root08-admitted-gdbm-prefix-01/usr/include -I/cygdrive/c/Users/crutkasLocal/.copilot/session-state/78f0f9ba-f19f-4afd-aa4a-1837904263a6/files/perl-recovery-20260910/root08-admitted-gdbm-prefix-01/usr/include/gdbm -D_FORTIFY_SOURCE=2 -std=c99 -O2 -g -Wall -Werror=pointer-arith -Werror=vla -Wextra -Wno-long-long -Wno-declaration-after-statement -Wc++-compat -Wwrite-strings doio.c
In file included from doio.c:27:
perl.h:1059:9: warning: 'PERL_USE_SAFE_PUTENV' redefined
 1059 | #define PERL_USE_SAFE_PUTENV
      |         ^~~~~~~~~~~~~~~~~~~~
<command-line>: note: this is the location of the previous definition
/cygdrive/c/ap06-78/perl-recovery-20260910-06/toolchain/bin/gcc -c -DPERL_CORE -DPERL_USE_SAFE_PUTENV -U__STRICT_ANSI__ -D_GNU_SOURCE -O2 -g -fwrapv -isysroot /cygdrive/c/ap11-native-provider-intake/cygwin-w32api-arm64-v12-admitted-v1/upstream/cohort -fno-strict-aliasing -pipe -fstack-protector-strong -I/cygdrive/c/Users/crutkasLocal/.copilot/session-state/78f0f9ba-f19f-4afd-aa4a-1837904263a6/files/perl-recovery-20260910/root08-admitted-db-libxcrypt-prefix-01/usr/include -I/cygdrive/c/Users/crutkasLocal/.copilot/session-state/78f0f9ba-f19f-4afd-aa4a-1837904263a6/files/perl-recovery-20260910/root08-admitted-gdbm-prefix-01/usr/include -I/cygdrive/c/Users/crutkasLocal/.copilot/session-state/78f0f9ba-f19f-4afd-aa4a-1837904263a6/files/perl-recovery-20260910/root08-admitted-gdbm-prefix-01/usr/include/gdbm -D_FORTIFY_SOURCE=2 -std=c99 -O2 -g -Wall -Werror=pointer-arith -Werror=vla -Wextra -Wno-long-long -Wno-declaration-after-statement -Wc++-compat -Wwrite-strings utf8.c
In file included from utf8.c:33:
perl.h:1059:9: warning: 'PERL_USE_SAFE_PUTENV' redefined
 1059 | #define PERL_USE_SAFE_PUTENV
      |         ^~~~~~~~~~~~~~~~~~~~
<command-line>: note: this is the location of the previous definition
/cygdrive/c/ap06-78/perl-recovery-20260910-06/toolchain/bin/gcc -c -DPERL_CORE -DPERL_USE_SAFE_PUTENV -U__STRICT_ANSI__ -D_GNU_SOURCE -O2 -g -fwrapv -isysroot /cygdrive/c/ap11-native-provider-intake/cygwin-w32api-arm64-v12-admitted-v1/upstream/cohort -fno-strict-aliasing -pipe -fstack-protector-strong -I/cygdrive/c/Users/crutkasLocal/.copilot/session-state/78f0f9ba-f19f-4afd-aa4a-1837904263a6/files/perl-recovery-20260910/root08-admitted-db-libxcrypt-prefix-01/usr/include -I/cygdrive/c/Users/crutkasLocal/.copilot/session-state/78f0f9ba-f19f-4afd-aa4a-1837904263a6/files/perl-recovery-20260910/root08-admitted-gdbm-prefix-01/usr/include -I/cygdrive/c/Users/crutkasLocal/.copilot/session-state/78f0f9ba-f19f-4afd-aa4a-1837904263a6/files/perl-recovery-20260910/root08-admitted-gdbm-prefix-01/usr/include/gdbm -D_FORTIFY_SOURCE=2 -std=c99 -O2 -g -Wall -Werror=pointer-arith -Werror=vla -Wextra -Wno-long-long -Wno-declaration-after-statement -Wc++-compat -Wwrite-strings taint.c
In file included from taint.c:24:
perl.h:1059:9: warning: 'PERL_USE_SAFE_PUTENV' redefined
 1059 | #define PERL_USE_SAFE_PUTENV
      |         ^~~~~~~~~~~~~~~~~~~~
<command-line>: note: this is the location of the previous definition
/cygdrive/c/ap06-78/perl-recovery-20260910-06/toolchain/bin/gcc -c -DPERL_CORE -DPERL_USE_SAFE_PUTENV -U__STRICT_ANSI__ -D_GNU_SOURCE -O2 -g -fwrapv -isysroot /cygdrive/c/ap11-native-provider-intake/cygwin-w32api-arm64-v12-admitted-v1/upstream/cohort -fno-strict-aliasing -pipe -fstack-protector-strong -I/cygdrive/c/Users/crutkasLocal/.copilot/session-state/78f0f9ba-f19f-4afd-aa4a-1837904263a6/files/perl-recovery-20260910/root08-admitted-db-libxcrypt-prefix-01/usr/include -I/cygdrive/c/Users/crutkasLocal/.copilot/session-state/78f0f9ba-f19f-4afd-aa4a-1837904263a6/files/perl-recovery-20260910/root08-admitted-gdbm-prefix-01/usr/include -I/cygdrive/c/Users/crutkasLocal/.copilot/session-state/78f0f9ba-f19f-4afd-aa4a-1837904263a6/files/perl-recovery-20260910/root08-admitted-gdbm-prefix-01/usr/include/gdbm -D_FORTIFY_SOURCE=2 -std=c99 -O2 -g -Wall -Werror=pointer-arith -Werror=vla -Wextra -Wno-long-long -Wno-declaration-after-statement -Wc++-compat -Wwrite-strings deb.c
In file included from deb.c:25:
perl.h:1059:9: warning: 'PERL_USE_SAFE_PUTENV' redefined
 1059 | #define PERL_USE_SAFE_PUTENV
      |         ^~~~~~~~~~~~~~~~~~~~
<command-line>: note: this is the location of the previous definition
/cygdrive/c/ap06-78/perl-recovery-20260910-06/toolchain/bin/gcc -c -DPERL_CORE -DPERL_USE_SAFE_PUTENV -U__STRICT_ANSI__ -D_GNU_SOURCE -O2 -g -fwrapv -isysroot /cygdrive/c/ap11-native-provider-intake/cygwin-w32api-arm64-v12-admitted-v1/upstream/cohort -fno-strict-aliasing -pipe -fstack-protector-strong -I/cygdrive/c/Users/crutkasLocal/.copilot/session-state/78f0f9ba-f19f-4afd-aa4a-1837904263a6/files/perl-recovery-20260910/root08-admitted-db-libxcrypt-prefix-01/usr/include -I/cygdrive/c/Users/crutkasLocal/.copilot/session-state/78f0f9ba-f19f-4afd-aa4a-1837904263a6/files/perl-recovery-20260910/root08-admitted-gdbm-prefix-01/usr/include -I/cygdrive/c/Users/crutkasLocal/.copilot/session-state/78f0f9ba-f19f-4afd-aa4a-1837904263a6/files/perl-recovery-20260910/root08-admitted-gdbm-prefix-01/usr/include/gdbm -D_FORTIFY_SOURCE=2 -std=c99 -O2 -g -Wall -Werror=pointer-arith -Werror=vla -Wextra -Wno-long-long -Wno-declaration-after-statement -Wc++-compat -Wwrite-strings globals.c
In file included from globals.c:25:
perl.h:1059:9: warning: 'PERL_USE_SAFE_PUTENV' redefined
 1059 | #define PERL_USE_SAFE_PUTENV
      |         ^~~~~~~~~~~~~~~~~~~~
<command-line>: note: this is the location of the previous definition
/cygdrive/c/ap06-78/perl-recovery-20260910-06/toolchain/bin/gcc -c -DPERL_CORE -DPERL_USE_SAFE_PUTENV -U__STRICT_ANSI__ -D_GNU_SOURCE -O2 -g -fwrapv -isysroot /cygdrive/c/ap11-native-provider-intake/cygwin-w32api-arm64-v12-admitted-v1/upstream/cohort -fno-strict-aliasing -pipe -fstack-protector-strong -I/cygdrive/c/Users/crutkasLocal/.copilot/session-state/78f0f9ba-f19f-4afd-aa4a-1837904263a6/files/perl-recovery-20260910/root08-admitted-db-libxcrypt-prefix-01/usr/include -I/cygdrive/c/Users/crutkasLocal/.copilot/session-state/78f0f9ba-f19f-4afd-aa4a-1837904263a6/files/perl-recovery-20260910/root08-admitted-gdbm-prefix-01/usr/include -I/cygdrive/c/Users/crutkasLocal/.copilot/session-state/78f0f9ba-f19f-4afd-aa4a-1837904263a6/files/perl-recovery-20260910/root08-admitted-gdbm-prefix-01/usr/include/gdbm -D_FORTIFY_SOURCE=2 -std=c99 -O2 -g -Wall -Werror=pointer-arith -Werror=vla -Wextra -Wno-long-long -Wno-declaration-after-statement -Wc++-compat -Wwrite-strings perlio.c
In file included from perlio.c:43:
perl.h:1059:9: warning: 'PERL_USE_SAFE_PUTENV' redefined
 1059 | #define PERL_USE_SAFE_PUTENV
      |         ^~~~~~~~~~~~~~~~~~~~
<command-line>: note: this is the location of the previous definition
/cygdrive/c/ap06-78/perl-recovery-20260910-06/toolchain/bin/gcc -c -DPERL_CORE -DPERL_USE_SAFE_PUTENV -U__STRICT_ANSI__ -D_GNU_SOURCE -O2 -g -fwrapv -isysroot /cygdrive/c/ap11-native-provider-intake/cygwin-w32api-arm64-v12-admitted-v1/upstream/cohort -fno-strict-aliasing -pipe -fstack-protector-strong -I/cygdrive/c/Users/crutkasLocal/.copilot/session-state/78f0f9ba-f19f-4afd-aa4a-1837904263a6/files/perl-recovery-20260910/root08-admitted-db-libxcrypt-prefix-01/usr/include -I/cygdrive/c/Users/crutkasLocal/.copilot/session-state/78f0f9ba-f19f-4afd-aa4a-1837904263a6/files/perl-recovery-20260910/root08-admitted-gdbm-prefix-01/usr/include -I/cygdrive/c/Users/crutkasLocal/.copilot/session-state/78f0f9ba-f19f-4afd-aa4a-1837904263a6/files/perl-recovery-20260910/root08-admitted-gdbm-prefix-01/usr/include/gdbm -D_FORTIFY_SOURCE=2 -std=c99 -O2 -g -Wall -Werror=pointer-arith -Werror=vla -Wextra -Wno-long-long -Wno-declaration-after-statement -Wc++-compat -Wwrite-strings numeric.c
In file included from numeric.c:27:
perl.h:1059:9: warning: 'PERL_USE_SAFE_PUTENV' redefined
 1059 | #define PERL_USE_SAFE_PUTENV
      |         ^~~~~~~~~~~~~~~~~~~~
<command-line>: note: this is the location of the previous definition
/cygdrive/c/ap06-78/perl-recovery-20260910-06/toolchain/bin/gcc -c -DPERL_CORE -DPERL_USE_SAFE_PUTENV -U__STRICT_ANSI__ -D_GNU_SOURCE -O2 -g -fwrapv -isysroot /cygdrive/c/ap11-native-provider-intake/cygwin-w32api-arm64-v12-admitted-v1/upstream/cohort -fno-strict-aliasing -pipe -fstack-protector-strong -I/cygdrive/c/Users/crutkasLocal/.copilot/session-state/78f0f9ba-f19f-4afd-aa4a-1837904263a6/files/perl-recovery-20260910/root08-admitted-db-libxcrypt-prefix-01/usr/include -I/cygdrive/c/Users/crutkasLocal/.copilot/session-state/78f0f9ba-f19f-4afd-aa4a-1837904263a6/files/perl-recovery-20260910/root08-admitted-gdbm-prefix-01/usr/include -I/cygdrive/c/Users/crutkasLocal/.copilot/session-state/78f0f9ba-f19f-4afd-aa4a-1837904263a6/files/perl-recovery-20260910/root08-admitted-gdbm-prefix-01/usr/include/gdbm -D_FORTIFY_SOURCE=2 -std=c99 -O2 -g -Wall -Werror=pointer-arith -Werror=vla -Wextra -Wno-long-long -Wno-declaration-after-statement -Wc++-compat -Wwrite-strings mathoms.c
In file included from mathoms.c:69:
perl.h:1059:9: warning: 'PERL_USE_SAFE_PUTENV' redefined
 1059 | #define PERL_USE_SAFE_PUTENV
      |         ^~~~~~~~~~~~~~~~~~~~
<command-line>: note: this is the location of the previous definition
/cygdrive/c/ap06-78/perl-recovery-20260910-06/toolchain/bin/gcc -c -DPERL_CORE -DPERL_USE_SAFE_PUTENV -U__STRICT_ANSI__ -D_GNU_SOURCE -O2 -g -fwrapv -isysroot /cygdrive/c/ap11-native-provider-intake/cygwin-w32api-arm64-v12-admitted-v1/upstream/cohort -fno-strict-aliasing -pipe -fstack-protector-strong -I/cygdrive/c/Users/crutkasLocal/.copilot/session-state/78f0f9ba-f19f-4afd-aa4a-1837904263a6/files/perl-recovery-20260910/root08-admitted-db-libxcrypt-prefix-01/usr/include -I/cygdrive/c/Users/crutkasLocal/.copilot/session-state/78f0f9ba-f19f-4afd-aa4a-1837904263a6/files/perl-recovery-20260910/root08-admitted-gdbm-prefix-01/usr/include -I/cygdrive/c/Users/crutkasLocal/.copilot/session-state/78f0f9ba-f19f-4afd-aa4a-1837904263a6/files/perl-recovery-20260910/root08-admitted-gdbm-prefix-01/usr/include/gdbm -D_FORTIFY_SOURCE=2 -std=c99 -O2 -g -Wall -Werror=pointer-arith -Werror=vla -Wextra -Wno-long-long -Wno-declaration-after-statement -Wc++-compat -Wwrite-strings locale.c
In file included from locale.c:148:
perl.h:1059:9: warning: 'PERL_USE_SAFE_PUTENV' redefined
 1059 | #define PERL_USE_SAFE_PUTENV
      |         ^~~~~~~~~~~~~~~~~~~~
<command-line>: note: this is the location of the previous definition
/cygdrive/c/ap06-78/perl-recovery-20260910-06/toolchain/bin/gcc -c -DPERL_CORE -DPERL_USE_SAFE_PUTENV -U__STRICT_ANSI__ -D_GNU_SOURCE -O2 -g -fwrapv -isysroot /cygdrive/c/ap11-native-provider-intake/cygwin-w32api-arm64-v12-admitted-v1/upstream/cohort -fno-strict-aliasing -pipe -fstack-protector-strong -I/cygdrive/c/Users/crutkasLocal/.copilot/session-state/78f0f9ba-f19f-4afd-aa4a-1837904263a6/files/perl-recovery-20260910/root08-admitted-db-libxcrypt-prefix-01/usr/include -I/cygdrive/c/Users/crutkasLocal/.copilot/session-state/78f0f9ba-f19f-4afd-aa4a-1837904263a6/files/perl-recovery-20260910/root08-admitted-gdbm-prefix-01/usr/include -I/cygdrive/c/Users/crutkasLocal/.copilot/session-state/78f0f9ba-f19f-4afd-aa4a-1837904263a6/files/perl-recovery-20260910/root08-admitted-gdbm-prefix-01/usr/include/gdbm -D_FORTIFY_SOURCE=2 -std=c99 -O2 -g -Wall -Werror=pointer-arith -Werror=vla -Wextra -Wno-long-long -Wno-declaration-after-statement -Wc++-compat -Wwrite-strings pp_pack.c
In file included from pp_pack.c:33:
perl.h:1059:9: warning: 'PERL_USE_SAFE_PUTENV' redefined
 1059 | #define PERL_USE_SAFE_PUTENV
      |         ^~~~~~~~~~~~~~~~~~~~
<command-line>: note: this is the location of the previous definition
/cygdrive/c/ap06-78/perl-recovery-20260910-06/toolchain/bin/gcc -c -DPERL_CORE -DPERL_USE_SAFE_PUTENV -U__STRICT_ANSI__ -D_GNU_SOURCE -O2 -g -fwrapv -isysroot /cygdrive/c/ap11-native-provider-intake/cygwin-w32api-arm64-v12-admitted-v1/upstream/cohort -fno-strict-aliasing -pipe -fstack-protector-strong -I/cygdrive/c/Users/crutkasLocal/.copilot/session-state/78f0f9ba-f19f-4afd-aa4a-1837904263a6/files/perl-recovery-20260910/root08-admitted-db-libxcrypt-prefix-01/usr/include -I/cygdrive/c/Users/crutkasLocal/.copilot/session-state/78f0f9ba-f19f-4afd-aa4a-1837904263a6/files/perl-recovery-20260910/root08-admitted-gdbm-prefix-01/usr/include -I/cygdrive/c/Users/crutkasLocal/.copilot/session-state/78f0f9ba-f19f-4afd-aa4a-1837904263a6/files/perl-recovery-20260910/root08-admitted-gdbm-prefix-01/usr/include/gdbm -D_FORTIFY_SOURCE=2 -std=c99 -O2 -g -Wall -Werror=pointer-arith -Werror=vla -Wextra -Wno-long-long -Wno-declaration-after-statement -Wc++-compat -Wwrite-strings pp_sort.c
In file included from pp_sort.c:31:
perl.h:1059:9: warning: 'PERL_USE_SAFE_PUTENV' redefined
 1059 | #define PERL_USE_SAFE_PUTENV
      |         ^~~~~~~~~~~~~~~~~~~~
<command-line>: note: this is the location of the previous definition
/cygdrive/c/ap06-78/perl-recovery-20260910-06/toolchain/bin/gcc -c -DPERL_CORE -DPERL_USE_SAFE_PUTENV -U__STRICT_ANSI__ -D_GNU_SOURCE -O2 -g -fwrapv -isysroot /cygdrive/c/ap11-native-provider-intake/cygwin-w32api-arm64-v12-admitted-v1/upstream/cohort -fno-strict-aliasing -pipe -fstack-protector-strong -I/cygdrive/c/Users/crutkasLocal/.copilot/session-state/78f0f9ba-f19f-4afd-aa4a-1837904263a6/files/perl-recovery-20260910/root08-admitted-db-libxcrypt-prefix-01/usr/include -I/cygdrive/c/Users/crutkasLocal/.copilot/session-state/78f0f9ba-f19f-4afd-aa4a-1837904263a6/files/perl-recovery-20260910/root08-admitted-gdbm-prefix-01/usr/include -I/cygdrive/c/Users/crutkasLocal/.copilot/session-state/78f0f9ba-f19f-4afd-aa4a-1837904263a6/files/perl-recovery-20260910/root08-admitted-gdbm-prefix-01/usr/include/gdbm -D_FORTIFY_SOURCE=2 -std=c99 -O2 -g -Wall -Werror=pointer-arith -Werror=vla -Wextra -Wno-long-long -Wno-declaration-after-statement -Wc++-compat -Wwrite-strings caretx.c
In file included from caretx.c:32:
perl.h:1059:9: warning: 'PERL_USE_SAFE_PUTENV' redefined
 1059 | #define PERL_USE_SAFE_PUTENV
      |         ^~~~~~~~~~~~~~~~~~~~
<command-line>: note: this is the location of the previous definition
/cygdrive/c/ap06-78/perl-recovery-20260910-06/toolchain/bin/gcc -c -DPERL_CORE -DPERL_USE_SAFE_PUTENV -U__STRICT_ANSI__ -D_GNU_SOURCE -O2 -g -fwrapv -isysroot /cygdrive/c/ap11-native-provider-intake/cygwin-w32api-arm64-v12-admitted-v1/upstream/cohort -fno-strict-aliasing -pipe -fstack-protector-strong -I/cygdrive/c/Users/crutkasLocal/.copilot/session-state/78f0f9ba-f19f-4afd-aa4a-1837904263a6/files/perl-recovery-20260910/root08-admitted-db-libxcrypt-prefix-01/usr/include -I/cygdrive/c/Users/crutkasLocal/.copilot/session-state/78f0f9ba-f19f-4afd-aa4a-1837904263a6/files/perl-recovery-20260910/root08-admitted-gdbm-prefix-01/usr/include -I/cygdrive/c/Users/crutkasLocal/.copilot/session-state/78f0f9ba-f19f-4afd-aa4a-1837904263a6/files/perl-recovery-20260910/root08-admitted-gdbm-prefix-01/usr/include/gdbm -D_FORTIFY_SOURCE=2 -std=c99 -O2 -g -Wall -Werror=pointer-arith -Werror=vla -Wextra -Wno-long-long -Wno-declaration-after-statement -Wc++-compat -Wwrite-strings dquote.c
In file included from dquote.c:10:
perl.h:1059:9: warning: 'PERL_USE_SAFE_PUTENV' redefined
 1059 | #define PERL_USE_SAFE_PUTENV
      |         ^~~~~~~~~~~~~~~~~~~~
<command-line>: note: this is the location of the previous definition
/cygdrive/c/ap06-78/perl-recovery-20260910-06/toolchain/bin/gcc -c -DPERL_CORE -DPERL_USE_SAFE_PUTENV -U__STRICT_ANSI__ -D_GNU_SOURCE -O2 -g -fwrapv -isysroot /cygdrive/c/ap11-native-provider-intake/cygwin-w32api-arm64-v12-admitted-v1/upstream/cohort -fno-strict-aliasing -pipe -fstack-protector-strong -I/cygdrive/c/Users/crutkasLocal/.copilot/session-state/78f0f9ba-f19f-4afd-aa4a-1837904263a6/files/perl-recovery-20260910/root08-admitted-db-libxcrypt-prefix-01/usr/include -I/cygdrive/c/Users/crutkasLocal/.copilot/session-state/78f0f9ba-f19f-4afd-aa4a-1837904263a6/files/perl-recovery-20260910/root08-admitted-gdbm-prefix-01/usr/include -I/cygdrive/c/Users/crutkasLocal/.copilot/session-state/78f0f9ba-f19f-4afd-aa4a-1837904263a6/files/perl-recovery-20260910/root08-admitted-gdbm-prefix-01/usr/include/gdbm -D_FORTIFY_SOURCE=2 -std=c99 -O2 -g -Wall -Werror=pointer-arith -Werror=vla -Wextra -Wno-long-long -Wno-declaration-after-statement -Wc++-compat -Wwrite-strings time64.c
In file included from time64.c:71:
perl.h:1059:9: warning: 'PERL_USE_SAFE_PUTENV' redefined
 1059 | #define PERL_USE_SAFE_PUTENV
      |         ^~~~~~~~~~~~~~~~~~~~
<command-line>: note: this is the location of the previous definition
/cygdrive/c/ap06-78/perl-recovery-20260910-06/toolchain/bin/gcc -c -DPERL_CORE -DPERL_USE_SAFE_PUTENV -U__STRICT_ANSI__ -D_GNU_SOURCE -O2 -g -fwrapv -isysroot /cygdrive/c/ap11-native-provider-intake/cygwin-w32api-arm64-v12-admitted-v1/upstream/cohort -fno-strict-aliasing -pipe -fstack-protector-strong -I/cygdrive/c/Users/crutkasLocal/.copilot/session-state/78f0f9ba-f19f-4afd-aa4a-1837904263a6/files/perl-recovery-20260910/root08-admitted-db-libxcrypt-prefix-01/usr/include -I/cygdrive/c/Users/crutkasLocal/.copilot/session-state/78f0f9ba-f19f-4afd-aa4a-1837904263a6/files/perl-recovery-20260910/root08-admitted-gdbm-prefix-01/usr/include -I/cygdrive/c/Users/crutkasLocal/.copilot/session-state/78f0f9ba-f19f-4afd-aa4a-1837904263a6/files/perl-recovery-20260910/root08-admitted-gdbm-prefix-01/usr/include/gdbm -D_FORTIFY_SOURCE=2 -std=c99 -O2 -g -Wall -Werror=pointer-arith -Werror=vla -Wextra -Wno-long-long -Wno-declaration-after-statement -Wc++-compat -Wwrite-strings miniperlmain.c
In file included from miniperlmain.c:57:
perl.h:1059:9: warning: 'PERL_USE_SAFE_PUTENV' redefined
 1059 | #define PERL_USE_SAFE_PUTENV
      |         ^~~~~~~~~~~~~~~~~~~~
<command-line>: note: this is the location of the previous definition
/cygdrive/c/ap06-78/perl-recovery-20260910-06/toolchain/bin/gcc -Wl,--enable-auto-import -Wl,--export-all-symbols -Wl,--enable-auto-image-base -isysroot /cygdrive/c/ap11-native-provider-intake/cygwin-w32api-arm64-v12-admitted-v1/upstream/cohort -fstack-protector-strong -L/cygdrive/c/Users/crutkasLocal/.copilot/session-state/78f0f9ba-f19f-4afd-aa4a-1837904263a6/files/perl-recovery-20260910/root08-admitted-db-libxcrypt-prefix-01/usr/lib -L/cygdrive/c/Users/crutkasLocal/.copilot/session-state/78f0f9ba-f19f-4afd-aa4a-1837904263a6/files/perl-recovery-20260910/root08-admitted-gdbm-prefix-01/usr/lib -o miniperl.exe \
    opmini.o perlmini.o universalmini.o  gv.o toke.o perly.o pad.o regcomp.o regcomp_debug.o regcomp_invlist.o regcomp_study.o regcomp_trie.o regexec.o dump.o util.o mg.o reentr.o mro_core.o keywords.o builtin.o class.o hv.o av.o run.o pp_hot.o sv.o pp.o scope.o pp_ctl.o pp_sys.o peep.o doop.o doio.o utf8.o taint.o deb.o globals.o perlio.o numeric.o mathoms.o locale.o pp_pack.o pp_sort.o caretx.o dquote.o time64.o cygwin.o miniperlmain.o  -lpthread -ldl -lcrypt 
PATH=/cygdrive/c/Users/crutkasLocal/.copilot/session-state/78f0f9ba-f19f-4afd-aa4a-1837904263a6/files/perl-recovery-20260910/root08-candidate-commands-17/source-deref:.:/usr/bin/:/cygdrive/c/Users/crutkasLocal/.copilot/session-state/78f0f9ba-f19f-4afd-aa4a-1837904263a6/files/perl-recovery-20260910/root08-runtime-deps-prefix-02-with-utilities/usr/bin:/cygdrive/c/Users/crutkasLocal/.copilot/session-state/78f0f9ba-f19f-4afd-aa4a-1837904263a6/files/perl-recovery-20260910/root08-runtime-deps-prefix-02-with-utilities/bin:/cygdrive/c/Users/crutkasLocal/.copilot/session-state/78f0f9ba-f19f-4afd-aa4a-1837904263a6/files/perl-recovery-20260910/root08-admitted-db-libxcrypt-prefix-01/usr/bin:/cygdrive/c/Users/crutkasLocal/.copilot/session-state/78f0f9ba-f19f-4afd-aa4a-1837904263a6/files/perl-recovery-20260910/root08-admitted-db-libxcrypt-prefix-01/bin:/cygdrive/c/Users/crutkasLocal/.copilot/session-state/78f0f9ba-f19f-4afd-aa4a-1837904263a6/files/perl-recovery-20260910/root08-admitted-gdbm-prefix-01/usr/bin:/cygdrive/c/Users/crutkasLocal/.copilot/session-state/78f0f9ba-f19f-4afd-aa4a-1837904263a6/files/perl-recovery-20260910/root08-admitted-gdbm-prefix-01/bin:/cygdrive/c/Users/crutkasLocal/.copilot/session-state/78f0f9ba-f19f-4afd-aa4a-1837904263a6/files/perl-recovery-20260910/root08-admitted-db-libxcrypt-prefix-01/usr/bin:/cygdrive/c/Users/crutkasLocal/.copilot/session-state/78f0f9ba-f19f-4afd-aa4a-1837904263a6/files/perl-recovery-20260910/root08-admitted-db-libxcrypt-prefix-01/bin ./miniperl.exe -w -Ilib -Idist/Exporter/lib -MExporter -e '<?>' || sh -c 'echo >&2 Failed to build miniperl.  Please run make minitest; exit 1'
PATH=/cygdrive/c/Users/crutkasLocal/.copilot/session-state/78f0f9ba-f19f-4afd-aa4a-1837904263a6/files/perl-recovery-20260910/root08-candidate-commands-17/source-deref:.:/usr/bin/:/cygdrive/c/Users/crutkasLocal/.copilot/session-state/78f0f9ba-f19f-4afd-aa4a-1837904263a6/files/perl-recovery-20260910/root08-runtime-deps-prefix-02-with-utilities/usr/bin:/cygdrive/c/Users/crutkasLocal/.copilot/session-state/78f0f9ba-f19f-4afd-aa4a-1837904263a6/files/perl-recovery-20260910/root08-runtime-deps-prefix-02-with-utilities/bin:/cygdrive/c/Users/crutkasLocal/.copilot/session-state/78f0f9ba-f19f-4afd-aa4a-1837904263a6/files/perl-recovery-20260910/root08-admitted-db-libxcrypt-prefix-01/usr/bin:/cygdrive/c/Users/crutkasLocal/.copilot/session-state/78f0f9ba-f19f-4afd-aa4a-1837904263a6/files/perl-recovery-20260910/root08-admitted-db-libxcrypt-prefix-01/bin:/cygdrive/c/Users/crutkasLocal/.copilot/session-state/78f0f9ba-f19f-4afd-aa4a-1837904263a6/files/perl-recovery-20260910/root08-admitted-gdbm-prefix-01/usr/bin:/cygdrive/c/Users/crutkasLocal/.copilot/session-state/78f0f9ba-f19f-4afd-aa4a-1837904263a6/files/perl-recovery-20260910/root08-admitted-gdbm-prefix-01/bin:/cygdrive/c/Users/crutkasLocal/.copilot/session-state/78f0f9ba-f19f-4afd-aa4a-1837904263a6/files/perl-recovery-20260910/root08-admitted-db-libxcrypt-prefix-01/usr/bin:/cygdrive/c/Users/crutkasLocal/.copilot/session-state/78f0f9ba-f19f-4afd-aa4a-1837904263a6/files/perl-recovery-20260910/root08-admitted-db-libxcrypt-prefix-01/bin ./miniperl.exe -Ilib -f write_buildcustomize.pl
PATH=/cygdrive/c/Users/crutkasLocal/.copilot/session-state/78f0f9ba-f19f-4afd-aa4a-1837904263a6/files/perl-recovery-20260910/root08-candidate-commands-17/source-deref:.:/usr/bin/:/cygdrive/c/Users/crutkasLocal/.copilot/session-state/78f0f9ba-f19f-4afd-aa4a-1837904263a6/files/perl-recovery-20260910/root08-runtime-deps-prefix-02-with-utilities/usr/bin:/cygdrive/c/Users/crutkasLocal/.copilot/session-state/78f0f9ba-f19f-4afd-aa4a-1837904263a6/files/perl-recovery-20260910/root08-runtime-deps-prefix-02-with-utilities/bin:/cygdrive/c/Users/crutkasLocal/.copilot/session-state/78f0f9ba-f19f-4afd-aa4a-1837904263a6/files/perl-recovery-20260910/root08-admitted-db-libxcrypt-prefix-01/usr/bin:/cygdrive/c/Users/crutkasLocal/.copilot/session-state/78f0f9ba-f19f-4afd-aa4a-1837904263a6/files/perl-recovery-20260910/root08-admitted-db-libxcrypt-prefix-01/bin:/cygdrive/c/Users/crutkasLocal/.copilot/session-state/78f0f9ba-f19f-4afd-aa4a-1837904263a6/files/perl-recovery-20260910/root08-admitted-gdbm-prefix-01/usr/bin:/cygdrive/c/Users/crutkasLocal/.copilot/session-state/78f0f9ba-f19f-4afd-aa4a-1837904263a6/files/perl-recovery-20260910/root08-admitted-gdbm-prefix-01/bin:/cygdrive/c/Users/crutkasLocal/.copilot/session-state/78f0f9ba-f19f-4afd-aa4a-1837904263a6/files/perl-recovery-20260910/root08-admitted-db-libxcrypt-prefix-01/usr/bin:/cygdrive/c/Users/crutkasLocal/.copilot/session-state/78f0f9ba-f19f-4afd-aa4a-1837904263a6/files/perl-recovery-20260910/root08-admitted-db-libxcrypt-prefix-01/bin ./miniperl.exe -Ilib autodoc.pl
PATH=/cygdrive/c/Users/crutkasLocal/.copilot/session-state/78f0f9ba-f19f-4afd-aa4a-1837904263a6/files/perl-recovery-20260910/root08-candidate-commands-17/source-deref:.:/usr/bin/:/cygdrive/c/Users/crutkasLocal/.copilot/session-state/78f0f9ba-f19f-4afd-aa4a-1837904263a6/files/perl-recovery-20260910/root08-runtime-deps-prefix-02-with-utilities/usr/bin:/cygdrive/c/Users/crutkasLocal/.copilot/session-state/78f0f9ba-f19f-4afd-aa4a-1837904263a6/files/perl-recovery-20260910/root08-runtime-deps-prefix-02-with-utilities/bin:/cygdrive/c/Users/crutkasLocal/.copilot/session-state/78f0f9ba-f19f-4afd-aa4a-1837904263a6/files/perl-recovery-20260910/root08-admitted-db-libxcrypt-prefix-01/usr/bin:/cygdrive/c/Users/crutkasLocal/.copilot/session-state/78f0f9ba-f19f-4afd-aa4a-1837904263a6/files/perl-recovery-20260910/root08-admitted-db-libxcrypt-prefix-01/bin:/cygdrive/c/Users/crutkasLocal/.copilot/session-state/78f0f9ba-f19f-4afd-aa4a-1837904263a6/files/perl-recovery-20260910/root08-admitted-gdbm-prefix-01/usr/bin:/cygdrive/c/Users/crutkasLocal/.copilot/session-state/78f0f9ba-f19f-4afd-aa4a-1837904263a6/files/perl-recovery-20260910/root08-admitted-gdbm-prefix-01/bin:/cygdrive/c/Users/crutkasLocal/.copilot/session-state/78f0f9ba-f19f-4afd-aa4a-1837904263a6/files/perl-recovery-20260910/root08-admitted-db-libxcrypt-prefix-01/usr/bin:/cygdrive/c/Users/crutkasLocal/.copilot/session-state/78f0f9ba-f19f-4afd-aa4a-1837904263a6/files/perl-recovery-20260910/root08-admitted-db-libxcrypt-prefix-01/bin ./miniperl.exe -Ilib pod/perlmodlib.PL -q
PATH=/cygdrive/c/Users/crutkasLocal/.copilot/session-state/78f0f9ba-f19f-4afd-aa4a-1837904263a6/files/perl-recovery-20260910/root08-candidate-commands-17/source-deref:.:/usr/bin/:/cygdrive/c/Users/crutkasLocal/.copilot/session-state/78f0f9ba-f19f-4afd-aa4a-1837904263a6/files/perl-recovery-20260910/root08-runtime-deps-prefix-02-with-utilities/usr/bin:/cygdrive/c/Users/crutkasLocal/.copilot/session-state/78f0f9ba-f19f-4afd-aa4a-1837904263a6/files/perl-recovery-20260910/root08-runtime-deps-prefix-02-with-utilities/bin:/cygdrive/c/Users/crutkasLocal/.copilot/session-state/78f0f9ba-f19f-4afd-aa4a-1837904263a6/files/perl-recovery-20260910/root08-admitted-db-libxcrypt-prefix-01/usr/bin:/cygdrive/c/Users/crutkasLocal/.copilot/session-state/78f0f9ba-f19f-4afd-aa4a-1837904263a6/files/perl-recovery-20260910/root08-admitted-db-libxcrypt-prefix-01/bin:/cygdrive/c/Users/crutkasLocal/.copilot/session-state/78f0f9ba-f19f-4afd-aa4a-1837904263a6/files/perl-recovery-20260910/root08-admitted-gdbm-prefix-01/usr/bin:/cygdrive/c/Users/crutkasLocal/.copilot/session-state/78f0f9ba-f19f-4afd-aa4a-1837904263a6/files/perl-recovery-20260910/root08-admitted-gdbm-prefix-01/bin:/cygdrive/c/Users/crutkasLocal/.copilot/session-state/78f0f9ba-f19f-4afd-aa4a-1837904263a6/files/perl-recovery-20260910/root08-admitted-db-libxcrypt-prefix-01/usr/bin:/cygdrive/c/Users/crutkasLocal/.copilot/session-state/78f0f9ba-f19f-4afd-aa4a-1837904263a6/files/perl-recovery-20260910/root08-admitted-db-libxcrypt-prefix-01/bin ./miniperl.exe -Ilib make_patchnum.pl
Reusing 'git_version.h' and 'lib/Config_git.pl'
PATH=/cygdrive/c/Users/crutkasLocal/.copilot/session-state/78f0f9ba-f19f-4afd-aa4a-1837904263a6/files/perl-recovery-20260910/root08-candidate-commands-17/source-deref:.:/usr/bin/:/cygdrive/c/Users/crutkasLocal/.copilot/session-state/78f0f9ba-f19f-4afd-aa4a-1837904263a6/files/perl-recovery-20260910/root08-runtime-deps-prefix-02-with-utilities/usr/bin:/cygdrive/c/Users/crutkasLocal/.copilot/session-state/78f0f9ba-f19f-4afd-aa4a-1837904263a6/files/perl-recovery-20260910/root08-runtime-deps-prefix-02-with-utilities/bin:/cygdrive/c/Users/crutkasLocal/.copilot/session-state/78f0f9ba-f19f-4afd-aa4a-1837904263a6/files/perl-recovery-20260910/root08-admitted-db-libxcrypt-prefix-01/usr/bin:/cygdrive/c/Users/crutkasLocal/.copilot/session-state/78f0f9ba-f19f-4afd-aa4a-1837904263a6/files/perl-recovery-20260910/root08-admitted-db-libxcrypt-prefix-01/bin:/cygdrive/c/Users/crutkasLocal/.copilot/session-state/78f0f9ba-f19f-4afd-aa4a-1837904263a6/files/perl-recovery-20260910/root08-admitted-gdbm-prefix-01/usr/bin:/cygdrive/c/Users/crutkasLocal/.copilot/session-state/78f0f9ba-f19f-4afd-aa4a-1837904263a6/files/perl-recovery-20260910/root08-admitted-gdbm-prefix-01/bin:/cygdrive/c/Users/crutkasLocal/.copilot/session-state/78f0f9ba-f19f-4afd-aa4a-1837904263a6/files/perl-recovery-20260910/root08-admitted-db-libxcrypt-prefix-01/usr/bin:/cygdrive/c/Users/crutkasLocal/.copilot/session-state/78f0f9ba-f19f-4afd-aa4a-1837904263a6/files/perl-recovery-20260910/root08-admitted-db-libxcrypt-prefix-01/bin ./miniperl.exe -Ilib configpm
written lib/Config.pod
PATH=/cygdrive/c/Users/crutkasLocal/.copilot/session-state/78f0f9ba-f19f-4afd-aa4a-1837904263a6/files/perl-recovery-20260910/root08-candidate-commands-17/source-deref:.:/usr/bin/:/cygdrive/c/Users/crutkasLocal/.copilot/session-state/78f0f9ba-f19f-4afd-aa4a-1837904263a6/files/perl-recovery-20260910/root08-runtime-deps-prefix-02-with-utilities/usr/bin:/cygdrive/c/Users/crutkasLocal/.copilot/session-state/78f0f9ba-f19f-4afd-aa4a-1837904263a6/files/perl-recovery-20260910/root08-runtime-deps-prefix-02-with-utilities/bin:/cygdrive/c/Users/crutkasLocal/.copilot/session-state/78f0f9ba-f19f-4afd-aa4a-1837904263a6/files/perl-recovery-20260910/root08-admitted-db-libxcrypt-prefix-01/usr/bin:/cygdrive/c/Users/crutkasLocal/.copilot/session-state/78f0f9ba-f19f-4afd-aa4a-1837904263a6/files/perl-recovery-20260910/root08-admitted-db-libxcrypt-prefix-01/bin:/cygdrive/c/Users/crutkasLocal/.copilot/session-state/78f0f9ba-f19f-4afd-aa4a-1837904263a6/files/perl-recovery-20260910/root08-admitted-gdbm-prefix-01/usr/bin:/cygdrive/c/Users/crutkasLocal/.copilot/session-state/78f0f9ba-f19f-4afd-aa4a-1837904263a6/files/perl-recovery-20260910/root08-admitted-gdbm-prefix-01/bin:/cygdrive/c/Users/crutkasLocal/.copilot/session-state/78f0f9ba-f19f-4afd-aa4a-1837904263a6/files/perl-recovery-20260910/root08-admitted-db-libxcrypt-prefix-01/usr/bin:/cygdrive/c/Users/crutkasLocal/.copilot/session-state/78f0f9ba-f19f-4afd-aa4a-1837904263a6/files/perl-recovery-20260910/root08-admitted-db-libxcrypt-prefix-01/bin ./miniperl.exe -Ilib make_ext.pl cpan/Archive-Tar/pm_to_blib  MAKE="make" LIBPERL_A=msys-perl5_38.dll
make[1]: Entering directory '/cygdrive/c/Users/crutkasLocal/.copilot/session-state/78f0f9ba-f19f-4afd-aa4a-1837904263a6/files/perl-recovery-20260910/root08-candidate-commands-17/source-deref/cpan/Archive-Tar'
make[1]: Leaving directory '/cygdrive/c/Users/crutkasLocal/.copilot/session-state/78f0f9ba-f19f-4afd-aa4a-1837904263a6/files/perl-recovery-20260910/root08-candidate-commands-17/source-deref/cpan/Archive-Tar'
PATH=/cygdrive/c/Users/crutkasLocal/.copilot/session-state/78f0f9ba-f19f-4afd-aa4a-1837904263a6/files/perl-recovery-20260910/root08-candidate-commands-17/source-deref:.:/usr/bin/:/cygdrive/c/Users/crutkasLocal/.copilot/session-state/78f0f9ba-f19f-4afd-aa4a-1837904263a6/files/perl-recovery-20260910/root08-runtime-deps-prefix-02-with-utilities/usr/bin:/cygdrive/c/Users/crutkasLocal/.copilot/session-state/78f0f9ba-f19f-4afd-aa4a-1837904263a6/files/perl-recovery-20260910/root08-runtime-deps-prefix-02-with-utilities/bin:/cygdrive/c/Users/crutkasLocal/.copilot/session-state/78f0f9ba-f19f-4afd-aa4a-1837904263a6/files/perl-recovery-20260910/root08-admitted-db-libxcrypt-prefix-01/usr/bin:/cygdrive/c/Users/crutkasLocal/.copilot/session-state/78f0f9ba-f19f-4afd-aa4a-1837904263a6/files/perl-recovery-20260910/root08-admitted-db-libxcrypt-prefix-01/bin:/cygdrive/c/Users/crutkasLocal/.copilot/session-state/78f0f9ba-f19f-4afd-aa4a-1837904263a6/files/perl-recovery-20260910/root08-admitted-gdbm-prefix-01/usr/bin:/cygdrive/c/Users/crutkasLocal/.copilot/session-state/78f0f9ba-f19f-4afd-aa4a-1837904263a6/files/perl-recovery-20260910/root08-admitted-gdbm-prefix-01/bin:/cygdrive/c/Users/crutkasLocal/.copilot/session-state/78f0f9ba-f19f-4afd-aa4a-1837904263a6/files/perl-recovery-20260910/root08-admitted-db-libxcrypt-prefix-01/usr/bin:/cygdrive/c/Users/crutkasLocal/.copilot/session-state/78f0f9ba-f19f-4afd-aa4a-1837904263a6/files/perl-recovery-20260910/root08-admitted-db-libxcrypt-prefix-01/bin ./miniperl.exe -Ilib make_ext.pl dist/Attribute-Handlers/pm_to_blib  MAKE="make" LIBPERL_A=msys-perl5_38.dll
make[1]: Entering directory '/cygdrive/c/Users/crutkasLocal/.copilot/session-state/78f0f9ba-f19f-4afd-aa4a-1837904263a6/files/perl-recovery-20260910/root08-candidate-commands-17/source-deref/dist/Attribute-Handlers'
make[1]: Leaving directory '/cygdrive/c/Users/crutkasLocal/.copilot/session-state/78f0f9ba-f19f-4afd-aa4a-1837904263a6/files/perl-recovery-20260910/root08-candidate-commands-17/source-deref/dist/Attribute-Handlers'
PATH=/cygdrive/c/Users/crutkasLocal/.copilot/session-state/78f0f9ba-f19f-4afd-aa4a-1837904263a6/files/perl-recovery-20260910/root08-candidate-commands-17/source-deref:.:/usr/bin/:/cygdrive/c/Users/crutkasLocal/.copilot/session-state/78f0f9ba-f19f-4afd-aa4a-1837904263a6/files/perl-recovery-20260910/root08-runtime-deps-prefix-02-with-utilities/usr/bin:/cygdrive/c/Users/crutkasLocal/.copilot/session-state/78f0f9ba-f19f-4afd-aa4a-1837904263a6/files/perl-recovery-20260910/root08-runtime-deps-prefix-02-with-utilities/bin:/cygdrive/c/Users/crutkasLocal/.copilot/session-state/78f0f9ba-f19f-4afd-aa4a-1837904263a6/files/perl-recovery-20260910/root08-admitted-db-libxcrypt-prefix-01/usr/bin:/cygdrive/c/Users/crutkasLocal/.copilot/session-state/78f0f9ba-f19f-4afd-aa4a-1837904263a6/files/perl-recovery-20260910/root08-admitted-db-libxcrypt-prefix-01/bin:/cygdrive/c/Users/crutkasLocal/.copilot/session-state/78f0f9ba-f19f-4afd-aa4a-1837904263a6/files/perl-recovery-20260910/root08-admitted-gdbm-prefix-01/usr/bin:/cygdrive/c/Users/crutkasLocal/.copilot/session-state/78f0f9ba-f19f-4afd-aa4a-1837904263a6/files/perl-recovery-20260910/root08-admitted-gdbm-prefix-01/bin:/cygdrive/c/Users/crutkasLocal/.copilot/session-state/78f0f9ba-f19f-4afd-aa4a-1837904263a6/files/perl-recovery-20260910/root08-admitted-db-libxcrypt-prefix-01/usr/bin:/cygdrive/c/Users/crutkasLocal/.copilot/session-state/78f0f9ba-f19f-4afd-aa4a-1837904263a6/files/perl-recovery-20260910/root08-admitted-db-libxcrypt-prefix-01/bin ./miniperl.exe -Ilib make_ext.pl cpan/AutoLoader/pm_to_blib  MAKE="make" LIBPERL_A=msys-perl5_38.dll
Running pm_to_blib for cpan/AutoLoader directly
PATH=/cygdrive/c/Users/crutkasLocal/.copilot/session-state/78f0f9ba-f19f-4afd-aa4a-1837904263a6/files/perl-recovery-20260910/root08-candidate-commands-17/source-deref:.:/usr/bin/:/cygdrive/c/Users/crutkasLocal/.copilot/session-state/78f0f9ba-f19f-4afd-aa4a-1837904263a6/files/perl-recovery-20260910/root08-runtime-deps-prefix-02-with-utilities/usr/bin:/cygdrive/c/Users/crutkasLocal/.copilot/session-state/78f0f9ba-f19f-4afd-aa4a-1837904263a6/files/perl-recovery-20260910/root08-runtime-deps-prefix-02-with-utilities/bin:/cygdrive/c/Users/crutkasLocal/.copilot/session-state/78f0f9ba-f19f-4afd-aa4a-1837904263a6/files/perl-recovery-20260910/root08-admitted-db-libxcrypt-prefix-01/usr/bin:/cygdrive/c/Users/crutkasLocal/.copilot/session-state/78f0f9ba-f19f-4afd-aa4a-1837904263a6/files/perl-recovery-20260910/root08-admitted-db-libxcrypt-prefix-01/bin:/cygdrive/c/Users/crutkasLocal/.copilot/session-state/78f0f9ba-f19f-4afd-aa4a-1837904263a6/files/perl-recovery-20260910/root08-admitted-gdbm-prefix-01/usr/bin:/cygdrive/c/Users/crutkasLocal/.copilot/session-state/78f0f9ba-f19f-4afd-aa4a-1837904263a6/files/perl-recovery-20260910/root08-admitted-gdbm-prefix-01/bin:/cygdrive/c/Users/crutkasLocal/.copilot/session-state/78f0f9ba-f19f-4afd-aa4a-1837904263a6/files/perl-recovery-20260910/root08-admitted-db-libxcrypt-prefix-01/usr/bin:/cygdrive/c/Users/crutkasLocal/.copilot/session-state/78f0f9ba-f19f-4afd-aa4a-1837904263a6/files/perl-recovery-20260910/root08-admitted-db-libxcrypt-prefix-01/bin ./miniperl.exe -Ilib make_ext.pl cpan/CPAN/pm_to_blib  MAKE="make" LIBPERL_A=msys-perl5_38.dll
make[1]: Entering directory '/cygdrive/c/Users/crutkasLocal/.copilot/session-state/78f0f9ba-f19f-4afd-aa4a-1837904263a6/files/perl-recovery-20260910/root08-candidate-commands-17/source-deref/cpan/CPAN'
make[1]: Leaving directory '/cygdrive/c/Users/crutkasLocal/.copilot/session-state/78f0f9ba-f19f-4afd-aa4a-1837904263a6/files/perl-recovery-20260910/root08-candidate-commands-17/source-deref/cpan/CPAN'
PATH=/cygdrive/c/Users/crutkasLocal/.copilot/session-state/78f0f9ba-f19f-4afd-aa4a-1837904263a6/files/perl-recovery-20260910/root08-candidate-commands-17/source-deref:.:/usr/bin/:/cygdrive/c/Users/crutkasLocal/.copilot/session-state/78f0f9ba-f19f-4afd-aa4a-1837904263a6/files/perl-recovery-20260910/root08-runtime-deps-prefix-02-with-utilities/usr/bin:/cygdrive/c/Users/crutkasLocal/.copilot/session-state/78f0f9ba-f19f-4afd-aa4a-1837904263a6/files/perl-recovery-20260910/root08-runtime-deps-prefix-02-with-utilities/bin:/cygdrive/c/Users/crutkasLocal/.copilot/session-state/78f0f9ba-f19f-4afd-aa4a-1837904263a6/files/perl-recovery-20260910/root08-admitted-db-libxcrypt-prefix-01/usr/bin:/cygdrive/c/Users/crutkasLocal/.copilot/session-state/78f0f9ba-f19f-4afd-aa4a-1837904263a6/files/perl-recovery-20260910/root08-admitted-db-libxcrypt-prefix-01/bin:/cygdrive/c/Users/crutkasLocal/.copilot/session-state/78f0f9ba-f19f-4afd-aa4a-1837904263a6/files/perl-recovery-20260910/root08-admitted-gdbm-prefix-01/usr/bin:/cygdrive/c/Users/crutkasLocal/.copilot/session-state/78f0f9ba-f19f-4afd-aa4a-1837904263a6/files/perl-recovery-20260910/root08-admitted-gdbm-prefix-01/bin:/cygdrive/c/Users/crutkasLocal/.copilot/session-state/78f0f9ba-f19f-4afd-aa4a-1837904263a6/files/perl-recovery-20260910/root08-admitted-db-libxcrypt-prefix-01/usr/bin:/cygdrive/c/Users/crutkasLocal/.copilot/session-state/78f0f9ba-f19f-4afd-aa4a-1837904263a6/files/perl-recovery-20260910/root08-admitted-db-libxcrypt-prefix-01/bin ./miniperl.exe -Ilib make_ext.pl cpan/CPAN-Meta/pm_to_blib  MAKE="make" LIBPERL_A=msys-perl5_38.dll
make[1]: Entering directory '/cygdrive/c/Users/crutkasLocal/.copilot/session-state/78f0f9ba-f19f-4afd-aa4a-1837904263a6/files/perl-recovery-20260910/root08-candidate-commands-17/source-deref/cpan/CPAN-Meta'
make[1]: Leaving directory '/cygdrive/c/Users/crutkasLocal/.copilot/session-state/78f0f9ba-f19f-4afd-aa4a-1837904263a6/files/perl-recovery-20260910/root08-candidate-commands-17/source-deref/cpan/CPAN-Meta'
PATH=/cygdrive/c/Users/crutkasLocal/.copilot/session-state/78f0f9ba-f19f-4afd-aa4a-1837904263a6/files/perl-recovery-20260910/root08-candidate-commands-17/source-deref:.:/usr/bin/:/cygdrive/c/Users/crutkasLocal/.copilot/session-state/78f0f9ba-f19f-4afd-aa4a-1837904263a6/files/perl-recovery-20260910/root08-runtime-deps-prefix-02-with-utilities/usr/bin:/cygdrive/c/Users/crutkasLocal/.copilot/session-state/78f0f9ba-f19f-4afd-aa4a-1837904263a6/files/perl-recovery-20260910/root08-runtime-deps-prefix-02-with-utilities/bin:/cygdrive/c/Users/crutkasLocal/.copilot/session-state/78f0f9ba-f19f-4afd-aa4a-1837904263a6/files/perl-recovery-20260910/root08-admitted-db-libxcrypt-prefix-01/usr/bin:/cygdrive/c/Users/crutkasLocal/.copilot/session-state/78f0f9ba-f19f-4afd-aa4a-1837904263a6/files/perl-recovery-20260910/root08-admitted-db-libxcrypt-prefix-01/bin:/cygdrive/c/Users/crutkasLocal/.copilot/session-state/78f0f9ba-f19f-4afd-aa4a-1837904263a6/files/perl-recovery-20260910/root08-admitted-gdbm-prefix-01/usr/bin:/cygdrive/c/Users/crutkasLocal/.copilot/session-state/78f0f9ba-f19f-4afd-aa4a-1837904263a6/files/perl-recovery-20260910/root08-admitted-gdbm-prefix-01/bin:/cygdrive/c/Users/crutkasLocal/.copilot/session-state/78f0f9ba-f19f-4afd-aa4a-1837904263a6/files/perl-recovery-20260910/root08-admitted-db-libxcrypt-prefix-01/usr/bin:/cygdrive/c/Users/crutkasLocal/.copilot/session-state/78f0f9ba-f19f-4afd-aa4a-1837904263a6/files/perl-recovery-20260910/root08-admitted-db-libxcrypt-prefix-01/bin ./miniperl.exe -Ilib make_ext.pl cpan/CPAN-Meta-Requirements/pm_to_blib  MAKE="make" LIBPERL_A=msys-perl5_38.dll
Running pm_to_blib for cpan/CPAN-Meta-Requirements directly
PATH=/cygdrive/c/Users/crutkasLocal/.copilot/session-state/78f0f9ba-f19f-4afd-aa4a-1837904263a6/files/perl-recovery-20260910/root08-candidate-commands-17/source-deref:.:/usr/bin/:/cygdrive/c/Users/crutkasLocal/.copilot/session-state/78f0f9ba-f19f-4afd-aa4a-1837904263a6/files/perl-recovery-20260910/root08-runtime-deps-prefix-02-with-utilities/usr/bin:/cygdrive/c/Users/crutkasLocal/.copilot/session-state/78f0f9ba-f19f-4afd-aa4a-1837904263a6/files/perl-recovery-20260910/root08-runtime-deps-prefix-02-with-utilities/bin:/cygdrive/c/Users/crutkasLocal/.copilot/session-state/78f0f9ba-f19f-4afd-aa4a-1837904263a6/files/perl-recovery-20260910/root08-admitted-db-libxcrypt-prefix-01/usr/bin:/cygdrive/c/Users/crutkasLocal/.copilot/session-state/78f0f9ba-f19f-4afd-aa4a-1837904263a6/files/perl-recovery-20260910/root08-admitted-db-libxcrypt-prefix-01/bin:/cygdrive/c/Users/crutkasLocal/.copilot/session-state/78f0f9ba-f19f-4afd-aa4a-1837904263a6/files/perl-recovery-20260910/root08-admitted-gdbm-prefix-01/usr/bin:/cygdrive/c/Users/crutkasLocal/.copilot/session-state/78f0f9ba-f19f-4afd-aa4a-1837904263a6/files/perl-recovery-20260910/root08-admitted-gdbm-prefix-01/bin:/cygdrive/c/Users/crutkasLocal/.copilot/session-state/78f0f9ba-f19f-4afd-aa4a-1837904263a6/files/perl-recovery-20260910/root08-admitted-db-libxcrypt-prefix-01/usr/bin:/cygdrive/c/Users/crutkasLocal/.copilot/session-state/78f0f9ba-f19f-4afd-aa4a-1837904263a6/files/perl-recovery-20260910/root08-admitted-db-libxcrypt-prefix-01/bin ./miniperl.exe -Ilib make_ext.pl cpan/CPAN-Meta-YAML/pm_to_blib  MAKE="make" LIBPERL_A=msys-perl5_38.dll
Running pm_to_blib for cpan/CPAN-Meta-YAML directly
PATH=/cygdrive/c/Users/crutkasLocal/.copilot/session-state/78f0f9ba-f19f-4afd-aa4a-1837904263a6/files/perl-recovery-20260910/root08-candidate-commands-17/source-deref:.:/usr/bin/:/cygdrive/c/Users/crutkasLocal/.copilot/session-state/78f0f9ba-f19f-4afd-aa4a-1837904263a6/files/perl-recovery-20260910/root08-runtime-deps-prefix-02-with-utilities/usr/bin:/cygdrive/c/Users/crutkasLocal/.copilot/session-state/78f0f9ba-f19f-4afd-aa4a-1837904263a6/files/perl-recovery-20260910/root08-runtime-deps-prefix-02-with-utilities/bin:/cygdrive/c/Users/crutkasLocal/.copilot/session-state/78f0f9ba-f19f-4afd-aa4a-1837904263a6/files/perl-recovery-20260910/root08-admitted-db-libxcrypt-prefix-01/usr/bin:/cygdrive/c/Users/crutkasLocal/.copilot/session-state/78f0f9ba-f19f-4afd-aa4a-1837904263a6/files/perl-recovery-20260910/root08-admitted-db-libxcrypt-prefix-01/bin:/cygdrive/c/Users/crutkasLocal/.copilot/session-state/78f0f9ba-f19f-4afd-aa4a-1837904263a6/files/perl-recovery-20260910/root08-admitted-gdbm-prefix-01/usr/bin:/cygdrive/c/Users/crutkasLocal/.copilot/session-state/78f0f9ba-f19f-4afd-aa4a-1837904263a6/files/perl-recovery-20260910/root08-admitted-gdbm-prefix-01/bin:/cygdrive/c/Users/crutkasLocal/.copilot/session-state/78f0f9ba-f19f-4afd-aa4a-1837904263a6/files/perl-recovery-20260910/root08-admitted-db-libxcrypt-prefix-01/usr/bin:/cygdrive/c/Users/crutkasLocal/.copilot/session-state/78f0f9ba-f19f-4afd-aa4a-1837904263a6/files/perl-recovery-20260910/root08-admitted-db-libxcrypt-prefix-01/bin ./miniperl.exe -Ilib make_ext.pl dist/Carp/pm_to_blib  MAKE="make" LIBPERL_A=msys-perl5_38.dll
Running pm_to_blib for dist/Carp directly
PATH=/cygdrive/c/Users/crutkasLocal/.copilot/session-state/78f0f9ba-f19f-4afd-aa4a-1837904263a6/files/perl-recovery-20260910/root08-candidate-commands-17/source-deref:.:/usr/bin/:/cygdrive/c/Users/crutkasLocal/.copilot/session-state/78f0f9ba-f19f-4afd-aa4a-1837904263a6/files/perl-recovery-20260910/root08-runtime-deps-prefix-02-with-utilities/usr/bin:/cygdrive/c/Users/crutkasLocal/.copilot/session-state/78f0f9ba-f19f-4afd-aa4a-1837904263a6/files/perl-recovery-20260910/root08-runtime-deps-prefix-02-with-utilities/bin:/cygdrive/c/Users/crutkasLocal/.copilot/session-state/78f0f9ba-f19f-4afd-aa4a-1837904263a6/files/perl-recovery-20260910/root08-admitted-db-libxcrypt-prefix-01/usr/bin:/cygdrive/c/Users/crutkasLocal/.copilot/session-state/78f0f9ba-f19f-4afd-aa4a-1837904263a6/files/perl-recovery-20260910/root08-admitted-db-libxcrypt-prefix-01/bin:/cygdrive/c/Users/crutkasLocal/.copilot/session-state/78f0f9ba-f19f-4afd-aa4a-1837904263a6/files/perl-recovery-20260910/root08-admitted-gdbm-prefix-01/usr/bin:/cygdrive/c/Users/crutkasLocal/.copilot/session-state/78f0f9ba-f19f-4afd-aa4a-1837904263a6/files/perl-recovery-20260910/root08-admitted-gdbm-prefix-01/bin:/cygdrive/c/Users/crutkasLocal/.copilot/session-state/78f0f9ba-f19f-4afd-aa4a-1837904263a6/files/perl-recovery-20260910/root08-admitted-db-libxcrypt-prefix-01/usr/bin:/cygdrive/c/Users/crutkasLocal/.copilot/session-state/78f0f9ba-f19f-4afd-aa4a-1837904263a6/files/perl-recovery-20260910/root08-admitted-db-libxcrypt-prefix-01/bin ./miniperl.exe -Ilib make_ext.pl cpan/Config-Perl-V/pm_to_blib  MAKE="make" LIBPERL_A=msys-perl5_38.dll
Running pm_to_blib for cpan/Config-Perl-V directly
PATH=/cygdrive/c/Users/crutkasLocal/.copilot/session-state/78f0f9ba-f19f-4afd-aa4a-1837904263a6/files/perl-recovery-20260910/root08-candidate-commands-17/source-deref:.:/usr/bin/:/cygdrive/c/Users/crutkasLocal/.copilot/session-state/78f0f9ba-f19f-4afd-aa4a-1837904263a6/files/perl-recovery-20260910/root08-runtime-deps-prefix-02-with-utilities/usr/bin:/cygdrive/c/Users/crutkasLocal/.copilot/session-state/78f0f9ba-f19f-4afd-aa4a-1837904263a6/files/perl-recovery-20260910/root08-runtime-deps-prefix-02-with-utilities/bin:/cygdrive/c/Users/crutkasLocal/.copilot/session-state/78f0f9ba-f19f-4afd-aa4a-1837904263a6/files/perl-recovery-20260910/root08-admitted-db-libxcrypt-prefix-01/usr/bin:/cygdrive/c/Users/crutkasLocal/.copilot/session-state/78f0f9ba-f19f-4afd-aa4a-1837904263a6/files/perl-recovery-20260910/root08-admitted-db-libxcrypt-prefix-01/bin:/cygdrive/c/Users/crutkasLocal/.copilot/session-state/78f0f9ba-f19f-4afd-aa4a-1837904263a6/files/perl-recovery-20260910/root08-admitted-gdbm-prefix-01/usr/bin:/cygdrive/c/Users/crutkasLocal/.copilot/session-state/78f0f9ba-f19f-4afd-aa4a-1837904263a6/files/perl-recovery-20260910/root08-admitted-gdbm-prefix-01/bin:/cygdrive/c/Users/crutkasLocal/.copilot/session-state/78f0f9ba-f19f-4afd-aa4a-1837904263a6/files/perl-recovery-20260910/root08-admitted-db-libxcrypt-prefix-01/usr/bin:/cygdrive/c/Users/crutkasLocal/.copilot/session-state/78f0f9ba-f19f-4afd-aa4a-1837904263a6/files/perl-recovery-20260910/root08-admitted-db-libxcrypt-prefix-01/bin ./miniperl.exe -Ilib make_ext.pl dist/Devel-SelfStubber/pm_to_blib  MAKE="make" LIBPERL_A=msys-perl5_38.dll
Running pm_to_blib for dist/Devel-SelfStubber directly
PATH=/cygdrive/c/Users/crutkasLocal/.copilot/session-state/78f0f9ba-f19f-4afd-aa4a-1837904263a6/files/perl-recovery-20260910/root08-candidate-commands-17/source-deref:.:/usr/bin/:/cygdrive/c/Users/crutkasLocal/.copilot/session-state/78f0f9ba-f19f-4afd-aa4a-1837904263a6/files/perl-recovery-20260910/root08-runtime-deps-prefix-02-with-utilities/usr/bin:/cygdrive/c/Users/crutkasLocal/.copilot/session-state/78f0f9ba-f19f-4afd-aa4a-1837904263a6/files/perl-recovery-20260910/root08-runtime-deps-prefix-02-with-utilities/bin:/cygdrive/c/Users/crutkasLocal/.copilot/session-state/78f0f9ba-f19f-4afd-aa4a-1837904263a6/files/perl-recovery-20260910/root08-admitted-db-libxcrypt-prefix-01/usr/bin:/cygdrive/c/Users/crutkasLocal/.copilot/session-state/78f0f9ba-f19f-4afd-aa4a-1837904263a6/files/perl-recovery-20260910/root08-admitted-db-libxcrypt-prefix-01/bin:/cygdrive/c/Users/crutkasLocal/.copilot/session-state/78f0f9ba-f19f-4afd-aa4a-1837904263a6/files/perl-recovery-20260910/root08-admitted-gdbm-prefix-01/usr/bin:/cygdrive/c/Users/crutkasLocal/.copilot/session-state/78f0f9ba-f19f-4afd-aa4a-1837904263a6/files/perl-recovery-20260910/root08-admitted-gdbm-prefix-01/bin:/cygdrive/c/Users/crutkasLocal/.copilot/session-state/78f0f9ba-f19f-4afd-aa4a-1837904263a6/files/perl-recovery-20260910/root08-admitted-db-libxcrypt-prefix-01/usr/bin:/cygdrive/c/Users/crutkasLocal/.copilot/session-state/78f0f9ba-f19f-4afd-aa4a-1837904263a6/files/perl-recovery-20260910/root08-admitted-db-libxcrypt-prefix-01/bin ./miniperl.exe -Ilib make_ext.pl cpan/Digest/pm_to_blib  MAKE="make" LIBPERL_A=msys-perl5_38.dll
Running pm_to_blib for cpan/Digest directly
PATH=/cygdrive/c/Users/crutkasLocal/.copilot/session-state/78f0f9ba-f19f-4afd-aa4a-1837904263a6/files/perl-recovery-20260910/root08-candidate-commands-17/source-deref:.:/usr/bin/:/cygdrive/c/Users/crutkasLocal/.copilot/session-state/78f0f9ba-f19f-4afd-aa4a-1837904263a6/files/perl-recovery-20260910/root08-runtime-deps-prefix-02-with-utilities/usr/bin:/cygdrive/c/Users/crutkasLocal/.copilot/session-state/78f0f9ba-f19f-4afd-aa4a-1837904263a6/files/perl-recovery-20260910/root08-runtime-deps-prefix-02-with-utilities/bin:/cygdrive/c/Users/crutkasLocal/.copilot/session-state/78f0f9ba-f19f-4afd-aa4a-1837904263a6/files/perl-recovery-20260910/root08-admitted-db-libxcrypt-prefix-01/usr/bin:/cygdrive/c/Users/crutkasLocal/.copilot/session-state/78f0f9ba-f19f-4afd-aa4a-1837904263a6/files/perl-recovery-20260910/root08-admitted-db-libxcrypt-prefix-01/bin:/cygdrive/c/Users/crutkasLocal/.copilot/session-state/78f0f9ba-f19f-4afd-aa4a-1837904263a6/files/perl-recovery-20260910/root08-admitted-gdbm-prefix-01/usr/bin:/cygdrive/c/Users/crutkasLocal/.copilot/session-state/78f0f9ba-f19f-4afd-aa4a-1837904263a6/files/perl-recovery-20260910/root08-admitted-gdbm-prefix-01/bin:/cygdrive/c/Users/crutkasLocal/.copilot/session-state/78f0f9ba-f19f-4afd-aa4a-1837904263a6/files/perl-recovery-20260910/root08-admitted-db-libxcrypt-prefix-01/usr/bin:/cygdrive/c/Users/crutkasLocal/.copilot/session-state/78f0f9ba-f19f-4afd-aa4a-1837904263a6/files/perl-recovery-20260910/root08-admitted-db-libxcrypt-prefix-01/bin ./miniperl.exe -Ilib make_ext.pl dist/Dumpvalue/pm_to_blib  MAKE="make" LIBPERL_A=msys-perl5_38.dll
Running pm_to_blib for dist/Dumpvalue directly
PATH=/cygdrive/c/Users/crutkasLocal/.copilot/session-state/78f0f9ba-f19f-4afd-aa4a-1837904263a6/files/perl-recovery-20260910/root08-candidate-commands-17/source-deref:.:/usr/bin/:/cygdrive/c/Users/crutkasLocal/.copilot/session-state/78f0f9ba-f19f-4afd-aa4a-1837904263a6/files/perl-recovery-20260910/root08-runtime-deps-prefix-02-with-utilities/usr/bin:/cygdrive/c/Users/crutkasLocal/.copilot/session-state/78f0f9ba-f19f-4afd-aa4a-1837904263a6/files/perl-recovery-20260910/root08-runtime-deps-prefix-02-with-utilities/bin:/cygdrive/c/Users/crutkasLocal/.copilot/session-state/78f0f9ba-f19f-4afd-aa4a-1837904263a6/files/perl-recovery-20260910/root08-admitted-db-libxcrypt-prefix-01/usr/bin:/cygdrive/c/Users/crutkasLocal/.copilot/session-state/78f0f9ba-f19f-4afd-aa4a-1837904263a6/files/perl-recovery-20260910/root08-admitted-db-libxcrypt-prefix-01/bin:/cygdrive/c/Users/crutkasLocal/.copilot/session-state/78f0f9ba-f19f-4afd-aa4a-1837904263a6/files/perl-recovery-20260910/root08-admitted-gdbm-prefix-01/usr/bin:/cygdrive/c/Users/crutkasLocal/.copilot/session-state/78f0f9ba-f19f-4afd-aa4a-1837904263a6/files/perl-recovery-20260910/root08-admitted-gdbm-prefix-01/bin:/cygdrive/c/Users/crutkasLocal/.copilot/session-state/78f0f9ba-f19f-4afd-aa4a-1837904263a6/files/perl-recovery-20260910/root08-admitted-db-libxcrypt-prefix-01/usr/bin:/cygdrive/c/Users/crutkasLocal/.copilot/session-state/78f0f9ba-f19f-4afd-aa4a-1837904263a6/files/perl-recovery-20260910/root08-admitted-db-libxcrypt-prefix-01/bin ./miniperl.exe -Ilib make_ext.pl dist/Env/pm_to_blib  MAKE="make" LIBPERL_A=msys-perl5_38.dll
Running pm_to_blib for dist/Env directly
PATH=/cygdrive/c/Users/crutkasLocal/.copilot/session-state/78f0f9ba-f19f-4afd-aa4a-1837904263a6/files/perl-recovery-20260910/root08-candidate-commands-17/source-deref:.:/usr/bin/:/cygdrive/c/Users/crutkasLocal/.copilot/session-state/78f0f9ba-f19f-4afd-aa4a-1837904263a6/files/perl-recovery-20260910/root08-runtime-deps-prefix-02-with-utilities/usr/bin:/cygdrive/c/Users/crutkasLocal/.copilot/session-state/78f0f9ba-f19f-4afd-aa4a-1837904263a6/files/perl-recovery-20260910/root08-runtime-deps-prefix-02-with-utilities/bin:/cygdrive/c/Users/crutkasLocal/.copilot/session-state/78f0f9ba-f19f-4afd-aa4a-1837904263a6/files/perl-recovery-20260910/root08-admitted-db-libxcrypt-prefix-01/usr/bin:/cygdrive/c/Users/crutkasLocal/.copilot/session-state/78f0f9ba-f19f-4afd-aa4a-1837904263a6/files/perl-recovery-20260910/root08-admitted-db-libxcrypt-prefix-01/bin:/cygdrive/c/Users/crutkasLocal/.copilot/session-state/78f0f9ba-f19f-4afd-aa4a-1837904263a6/files/perl-recovery-20260910/root08-admitted-gdbm-prefix-01/usr/bin:/cygdrive/c/Users/crutkasLocal/.copilot/session-state/78f0f9ba-f19f-4afd-aa4a-1837904263a6/files/perl-recovery-20260910/root08-admitted-gdbm-prefix-01/bin:/cygdrive/c/Users/crutkasLocal/.copilot/session-state/78f0f9ba-f19f-4afd-aa4a-1837904263a6/files/perl-recovery-20260910/root08-admitted-db-libxcrypt-prefix-01/usr/bin:/cygdrive/c/Users/crutkasLocal/.copilot/session-state/78f0f9ba-f19f-4afd-aa4a-1837904263a6/files/perl-recovery-20260910/root08-admitted-db-libxcrypt-prefix-01/bin ./miniperl.exe -Ilib make_ext.pl ext/Errno/pm_to_blib  MAKE="make" LIBPERL_A=msys-perl5_38.dll
make[1]: Entering directory '/cygdrive/c/Users/crutkasLocal/.copilot/session-state/78f0f9ba-f19f-4afd-aa4a-1837904263a6/files/perl-recovery-20260910/root08-candidate-commands-17/source-deref/ext/Errno'
make[1]: Leaving directory '/cygdrive/c/Users/crutkasLocal/.copilot/session-state/78f0f9ba-f19f-4afd-aa4a-1837904263a6/files/perl-recovery-20260910/root08-candidate-commands-17/source-deref/ext/Errno'
PATH=/cygdrive/c/Users/crutkasLocal/.copilot/session-state/78f0f9ba-f19f-4afd-aa4a-1837904263a6/files/perl-recovery-20260910/root08-candidate-commands-17/source-deref:.:/usr/bin/:/cygdrive/c/Users/crutkasLocal/.copilot/session-state/78f0f9ba-f19f-4afd-aa4a-1837904263a6/files/perl-recovery-20260910/root08-runtime-deps-prefix-02-with-utilities/usr/bin:/cygdrive/c/Users/crutkasLocal/.copilot/session-state/78f0f9ba-f19f-4afd-aa4a-1837904263a6/files/perl-recovery-20260910/root08-runtime-deps-prefix-02-with-utilities/bin:/cygdrive/c/Users/crutkasLocal/.copilot/session-state/78f0f9ba-f19f-4afd-aa4a-1837904263a6/files/perl-recovery-20260910/root08-admitted-db-libxcrypt-prefix-01/usr/bin:/cygdrive/c/Users/crutkasLocal/.copilot/session-state/78f0f9ba-f19f-4afd-aa4a-1837904263a6/files/perl-recovery-20260910/root08-admitted-db-libxcrypt-prefix-01/bin:/cygdrive/c/Users/crutkasLocal/.copilot/session-state/78f0f9ba-f19f-4afd-aa4a-1837904263a6/files/perl-recovery-20260910/root08-admitted-gdbm-prefix-01/usr/bin:/cygdrive/c/Users/crutkasLocal/.copilot/session-state/78f0f9ba-f19f-4afd-aa4a-1837904263a6/files/perl-recovery-20260910/root08-admitted-gdbm-prefix-01/bin:/cygdrive/c/Users/crutkasLocal/.copilot/session-state/78f0f9ba-f19f-4afd-aa4a-1837904263a6/files/perl-recovery-20260910/root08-admitted-db-libxcrypt-prefix-01/usr/bin:/cygdrive/c/Users/crutkasLocal/.copilot/session-state/78f0f9ba-f19f-4afd-aa4a-1837904263a6/files/perl-recovery-20260910/root08-admitted-db-libxcrypt-prefix-01/bin ./miniperl.exe -Ilib make_ext.pl dist/Exporter/pm_to_blib  MAKE="make" LIBPERL_A=msys-perl5_38.dll
make[1]: Entering directory '/cygdrive/c/Users/crutkasLocal/.copilot/session-state/78f0f9ba-f19f-4afd-aa4a-1837904263a6/files/perl-recovery-20260910/root08-candidate-commands-17/source-deref/dist/Exporter'
make[1]: Leaving directory '/cygdrive/c/Users/crutkasLocal/.copilot/session-state/78f0f9ba-f19f-4afd-aa4a-1837904263a6/files/perl-recovery-20260910/root08-candidate-commands-17/source-deref/dist/Exporter'
PATH=/cygdrive/c/Users/crutkasLocal/.copilot/session-state/78f0f9ba-f19f-4afd-aa4a-1837904263a6/files/perl-recovery-20260910/root08-candidate-commands-17/source-deref:.:/usr/bin/:/cygdrive/c/Users/crutkasLocal/.copilot/session-state/78f0f9ba-f19f-4afd-aa4a-1837904263a6/files/perl-recovery-20260910/root08-runtime-deps-prefix-02-with-utilities/usr/bin:/cygdrive/c/Users/crutkasLocal/.copilot/session-state/78f0f9ba-f19f-4afd-aa4a-1837904263a6/files/perl-recovery-20260910/root08-runtime-deps-prefix-02-with-utilities/bin:/cygdrive/c/Users/crutkasLocal/.copilot/session-state/78f0f9ba-f19f-4afd-aa4a-1837904263a6/files/perl-recovery-20260910/root08-admitted-db-libxcrypt-prefix-01/usr/bin:/cygdrive/c/Users/crutkasLocal/.copilot/session-state/78f0f9ba-f19f-4afd-aa4a-1837904263a6/files/perl-recovery-20260910/root08-admitted-db-libxcrypt-prefix-01/bin:/cygdrive/c/Users/crutkasLocal/.copilot/session-state/78f0f9ba-f19f-4afd-aa4a-1837904263a6/files/perl-recovery-20260910/root08-admitted-gdbm-prefix-01/usr/bin:/cygdrive/c/Users/crutkasLocal/.copilot/session-state/78f0f9ba-f19f-4afd-aa4a-1837904263a6/files/perl-recovery-20260910/root08-admitted-gdbm-prefix-01/bin:/cygdrive/c/Users/crutkasLocal/.copilot/session-state/78f0f9ba-f19f-4afd-aa4a-1837904263a6/files/perl-recovery-20260910/root08-admitted-db-libxcrypt-prefix-01/usr/bin:/cygdrive/c/Users/crutkasLocal/.copilot/session-state/78f0f9ba-f19f-4afd-aa4a-1837904263a6/files/perl-recovery-20260910/root08-admitted-db-libxcrypt-prefix-01/bin ./miniperl.exe -Ilib make_ext.pl dist/ExtUtils-CBuilder/pm_to_blib  MAKE="make" LIBPERL_A=msys-perl5_38.dll
Running pm_to_blib for dist/ExtUtils-CBuilder directly
PATH=/cygdrive/c/Users/crutkasLocal/.copilot/session-state/78f0f9ba-f19f-4afd-aa4a-1837904263a6/files/perl-recovery-20260910/root08-candidate-commands-17/source-deref:.:/usr/bin/:/cygdrive/c/Users/crutkasLocal/.copilot/session-state/78f0f9ba-f19f-4afd-aa4a-1837904263a6/files/perl-recovery-20260910/root08-runtime-deps-prefix-02-with-utilities/usr/bin:/cygdrive/c/Users/crutkasLocal/.copilot/session-state/78f0f9ba-f19f-4afd-aa4a-1837904263a6/files/perl-recovery-20260910/root08-runtime-deps-prefix-02-with-utilities/bin:/cygdrive/c/Users/crutkasLocal/.copilot/session-state/78f0f9ba-f19f-4afd-aa4a-1837904263a6/files/perl-recovery-20260910/root08-admitted-db-libxcrypt-prefix-01/usr/bin:/cygdrive/c/Users/crutkasLocal/.copilot/session-state/78f0f9ba-f19f-4afd-aa4a-1837904263a6/files/perl-recovery-20260910/root08-admitted-db-libxcrypt-prefix-01/bin:/cygdrive/c/Users/crutkasLocal/.copilot/session-state/78f0f9ba-f19f-4afd-aa4a-1837904263a6/files/perl-recovery-20260910/root08-admitted-gdbm-prefix-01/usr/bin:/cygdrive/c/Users/crutkasLocal/.copilot/session-state/78f0f9ba-f19f-4afd-aa4a-1837904263a6/files/perl-recovery-20260910/root08-admitted-gdbm-prefix-01/bin:/cygdrive/c/Users/crutkasLocal/.copilot/session-state/78f0f9ba-f19f-4afd-aa4a-1837904263a6/files/perl-recovery-20260910/root08-admitted-db-libxcrypt-prefix-01/usr/bin:/cygdrive/c/Users/crutkasLocal/.copilot/session-state/78f0f9ba-f19f-4afd-aa4a-1837904263a6/files/perl-recovery-20260910/root08-admitted-db-libxcrypt-prefix-01/bin ./miniperl.exe -Ilib make_ext.pl cpan/ExtUtils-Constant/pm_to_blib  MAKE="make" LIBPERL_A=msys-perl5_38.dll
Running pm_to_blib for cpan/ExtUtils-Constant directly
PATH=/cygdrive/c/Users/crutkasLocal/.copilot/session-state/78f0f9ba-f19f-4afd-aa4a-1837904263a6/files/perl-recovery-20260910/root08-candidate-commands-17/source-deref:.:/usr/bin/:/cygdrive/c/Users/crutkasLocal/.copilot/session-state/78f0f9ba-f19f-4afd-aa4a-1837904263a6/files/perl-recovery-20260910/root08-runtime-deps-prefix-02-with-utilities/usr/bin:/cygdrive/c/Users/crutkasLocal/.copilot/session-state/78f0f9ba-f19f-4afd-aa4a-1837904263a6/files/perl-recovery-20260910/root08-runtime-deps-prefix-02-with-utilities/bin:/cygdrive/c/Users/crutkasLocal/.copilot/session-state/78f0f9ba-f19f-4afd-aa4a-1837904263a6/files/perl-recovery-20260910/root08-admitted-db-libxcrypt-prefix-01/usr/bin:/cygdrive/c/Users/crutkasLocal/.copilot/session-state/78f0f9ba-f19f-4afd-aa4a-1837904263a6/files/perl-recovery-20260910/root08-admitted-db-libxcrypt-prefix-01/bin:/cygdrive/c/Users/crutkasLocal/.copilot/session-state/78f0f9ba-f19f-4afd-aa4a-1837904263a6/files/perl-recovery-20260910/root08-admitted-gdbm-prefix-01/usr/bin:/cygdrive/c/Users/crutkasLocal/.copilot/session-state/78f0f9ba-f19f-4afd-aa4a-1837904263a6/files/perl-recovery-20260910/root08-admitted-gdbm-prefix-01/bin:/cygdrive/c/Users/crutkasLocal/.copilot/session-state/78f0f9ba-f19f-4afd-aa4a-1837904263a6/files/perl-recovery-20260910/root08-admitted-db-libxcrypt-prefix-01/usr/bin:/cygdrive/c/Users/crutkasLocal/.copilot/session-state/78f0f9ba-f19f-4afd-aa4a-1837904263a6/files/perl-recovery-20260910/root08-admitted-db-libxcrypt-prefix-01/bin ./miniperl.exe -Ilib make_ext.pl cpan/ExtUtils-Install/pm_to_blib  MAKE="make" LIBPERL_A=msys-perl5_38.dll
Running pm_to_blib for cpan/ExtUtils-Install directly
PATH=/cygdrive/c/Users/crutkasLocal/.copilot/session-state/78f0f9ba-f19f-4afd-aa4a-1837904263a6/files/perl-recovery-20260910/root08-candidate-commands-17/source-deref:.:/usr/bin/:/cygdrive/c/Users/crutkasLocal/.copilot/session-state/78f0f9ba-f19f-4afd-aa4a-1837904263a6/files/perl-recovery-20260910/root08-runtime-deps-prefix-02-with-utilities/usr/bin:/cygdrive/c/Users/crutkasLocal/.copilot/session-state/78f0f9ba-f19f-4afd-aa4a-1837904263a6/files/perl-recovery-20260910/root08-runtime-deps-prefix-02-with-utilities/bin:/cygdrive/c/Users/crutkasLocal/.copilot/session-state/78f0f9ba-f19f-4afd-aa4a-1837904263a6/files/perl-recovery-20260910/root08-admitted-db-libxcrypt-prefix-01/usr/bin:/cygdrive/c/Users/crutkasLocal/.copilot/session-state/78f0f9ba-f19f-4afd-aa4a-1837904263a6/files/perl-recovery-20260910/root08-admitted-db-libxcrypt-prefix-01/bin:/cygdrive/c/Users/crutkasLocal/.copilot/session-state/78f0f9ba-f19f-4afd-aa4a-1837904263a6/files/perl-recovery-20260910/root08-admitted-gdbm-prefix-01/usr/bin:/cygdrive/c/Users/crutkasLocal/.copilot/session-state/78f0f9ba-f19f-4afd-aa4a-1837904263a6/files/perl-recovery-20260910/root08-admitted-gdbm-prefix-01/bin:/cygdrive/c/Users/crutkasLocal/.copilot/session-state/78f0f9ba-f19f-4afd-aa4a-1837904263a6/files/perl-recovery-20260910/root08-admitted-db-libxcrypt-prefix-01/usr/bin:/cygdrive/c/Users/crutkasLocal/.copilot/session-state/78f0f9ba-f19f-4afd-aa4a-1837904263a6/files/perl-recovery-20260910/root08-admitted-db-libxcrypt-prefix-01/bin ./miniperl.exe -Ilib make_ext.pl cpan/ExtUtils-MakeMaker/pm_to_blib  MAKE="make" LIBPERL_A=msys-perl5_38.dll
make[1]: Entering directory '/cygdrive/c/Users/crutkasLocal/.copilot/session-state/78f0f9ba-f19f-4afd-aa4a-1837904263a6/files/perl-recovery-20260910/root08-candidate-commands-17/source-deref/cpan/ExtUtils-MakeMaker'
make[1]: Leaving directory '/cygdrive/c/Users/crutkasLocal/.copilot/session-state/78f0f9ba-f19f-4afd-aa4a-1837904263a6/files/perl-recovery-20260910/root08-candidate-commands-17/source-deref/cpan/ExtUtils-MakeMaker'
PATH=/cygdrive/c/Users/crutkasLocal/.copilot/session-state/78f0f9ba-f19f-4afd-aa4a-1837904263a6/files/perl-recovery-20260910/root08-candidate-commands-17/source-deref:.:/usr/bin/:/cygdrive/c/Users/crutkasLocal/.copilot/session-state/78f0f9ba-f19f-4afd-aa4a-1837904263a6/files/perl-recovery-20260910/root08-runtime-deps-prefix-02-with-utilities/usr/bin:/cygdrive/c/Users/crutkasLocal/.copilot/session-state/78f0f9ba-f19f-4afd-aa4a-1837904263a6/files/perl-recovery-20260910/root08-runtime-deps-prefix-02-with-utilities/bin:/cygdrive/c/Users/crutkasLocal/.copilot/session-state/78f0f9ba-f19f-4afd-aa4a-1837904263a6/files/perl-recovery-20260910/root08-admitted-db-libxcrypt-prefix-01/usr/bin:/cygdrive/c/Users/crutkasLocal/.copilot/session-state/78f0f9ba-f19f-4afd-aa4a-1837904263a6/files/perl-recovery-20260910/root08-admitted-db-libxcrypt-prefix-01/bin:/cygdrive/c/Users/crutkasLocal/.copilot/session-state/78f0f9ba-f19f-4afd-aa4a-1837904263a6/files/perl-recovery-20260910/root08-admitted-gdbm-prefix-01/usr/bin:/cygdrive/c/Users/crutkasLocal/.copilot/session-state/78f0f9ba-f19f-4afd-aa4a-1837904263a6/files/perl-recovery-20260910/root08-admitted-gdbm-prefix-01/bin:/cygdrive/c/Users/crutkasLocal/.copilot/session-state/78f0f9ba-f19f-4afd-aa4a-1837904263a6/files/perl-recovery-20260910/root08-admitted-db-libxcrypt-prefix-01/usr/bin:/cygdrive/c/Users/crutkasLocal/.copilot/session-state/78f0f9ba-f19f-4afd-aa4a-1837904263a6/files/perl-recovery-20260910/root08-admitted-db-libxcrypt-prefix-01/bin ./miniperl.exe -Ilib make_ext.pl cpan/ExtUtils-Manifest/pm_to_blib  MAKE="make" LIBPERL_A=msys-perl5_38.dll
make[1]: Entering directory '/cygdrive/c/Users/crutkasLocal/.copilot/session-state/78f0f9ba-f19f-4afd-aa4a-1837904263a6/files/perl-recovery-20260910/root08-candidate-commands-17/source-deref/cpan/ExtUtils-Manifest'
make[1]: Leaving directory '/cygdrive/c/Users/crutkasLocal/.copilot/session-state/78f0f9ba-f19f-4afd-aa4a-1837904263a6/files/perl-recovery-20260910/root08-candidate-commands-17/source-deref/cpan/ExtUtils-Manifest'
PATH=/cygdrive/c/Users/crutkasLocal/.copilot/session-state/78f0f9ba-f19f-4afd-aa4a-1837904263a6/files/perl-recovery-20260910/root08-candidate-commands-17/source-deref:.:/usr/bin/:/cygdrive/c/Users/crutkasLocal/.copilot/session-state/78f0f9ba-f19f-4afd-aa4a-1837904263a6/files/perl-recovery-20260910/root08-runtime-deps-prefix-02-with-utilities/usr/bin:/cygdrive/c/Users/crutkasLocal/.copilot/session-state/78f0f9ba-f19f-4afd-aa4a-1837904263a6/files/perl-recovery-20260910/root08-runtime-deps-prefix-02-with-utilities/bin:/cygdrive/c/Users/crutkasLocal/.copilot/session-state/78f0f9ba-f19f-4afd-aa4a-1837904263a6/files/perl-recovery-20260910/root08-admitted-db-libxcrypt-prefix-01/usr/bin:/cygdrive/c/Users/crutkasLocal/.copilot/session-state/78f0f9ba-f19f-4afd-aa4a-1837904263a6/files/perl-recovery-20260910/root08-admitted-db-libxcrypt-prefix-01/bin:/cygdrive/c/Users/crutkasLocal/.copilot/session-state/78f0f9ba-f19f-4afd-aa4a-1837904263a6/files/perl-recovery-20260910/root08-admitted-gdbm-prefix-01/usr/bin:/cygdrive/c/Users/crutkasLocal/.copilot/session-state/78f0f9ba-f19f-4afd-aa4a-1837904263a6/files/perl-recovery-20260910/root08-admitted-gdbm-prefix-01/bin:/cygdrive/c/Users/crutkasLocal/.copilot/session-state/78f0f9ba-f19f-4afd-aa4a-1837904263a6/files/perl-recovery-20260910/root08-admitted-db-libxcrypt-prefix-01/usr/bin:/cygdrive/c/Users/crutkasLocal/.copilot/session-state/78f0f9ba-f19f-4afd-aa4a-1837904263a6/files/perl-recovery-20260910/root08-admitted-db-libxcrypt-prefix-01/bin ./miniperl.exe -Ilib make_ext.pl ext/ExtUtils-Miniperl/pm_to_blib  MAKE="make" LIBPERL_A=msys-perl5_38.dll
Running pm_to_blib for ext/ExtUtils-Miniperl directly
PATH=/cygdrive/c/Users/crutkasLocal/.copilot/session-state/78f0f9ba-f19f-4afd-aa4a-1837904263a6/files/perl-recovery-20260910/root08-candidate-commands-17/source-deref:.:/usr/bin/:/cygdrive/c/Users/crutkasLocal/.copilot/session-state/78f0f9ba-f19f-4afd-aa4a-1837904263a6/files/perl-recovery-20260910/root08-runtime-deps-prefix-02-with-utilities/usr/bin:/cygdrive/c/Users/crutkasLocal/.copilot/session-state/78f0f9ba-f19f-4afd-aa4a-1837904263a6/files/perl-recovery-20260910/root08-runtime-deps-prefix-02-with-utilities/bin:/cygdrive/c/Users/crutkasLocal/.copilot/session-state/78f0f9ba-f19f-4afd-aa4a-1837904263a6/files/perl-recovery-20260910/root08-admitted-db-libxcrypt-prefix-01/usr/bin:/cygdrive/c/Users/crutkasLocal/.copilot/session-state/78f0f9ba-f19f-4afd-aa4a-1837904263a6/files/perl-recovery-20260910/root08-admitted-db-libxcrypt-prefix-01/bin:/cygdrive/c/Users/crutkasLocal/.copilot/session-state/78f0f9ba-f19f-4afd-aa4a-1837904263a6/files/perl-recovery-20260910/root08-admitted-gdbm-prefix-01/usr/bin:/cygdrive/c/Users/crutkasLocal/.copilot/session-state/78f0f9ba-f19f-4afd-aa4a-1837904263a6/files/perl-recovery-20260910/root08-admitted-gdbm-prefix-01/bin:/cygdrive/c/Users/crutkasLocal/.copilot/session-state/78f0f9ba-f19f-4afd-aa4a-1837904263a6/files/perl-recovery-20260910/root08-admitted-db-libxcrypt-prefix-01/usr/bin:/cygdrive/c/Users/crutkasLocal/.copilot/session-state/78f0f9ba-f19f-4afd-aa4a-1837904263a6/files/perl-recovery-20260910/root08-admitted-db-libxcrypt-prefix-01/bin ./miniperl.exe -Ilib make_ext.pl cpan/ExtUtils-PL2Bat/pm_to_blib  MAKE="make" LIBPERL_A=msys-perl5_38.dll
Running pm_to_blib for cpan/ExtUtils-PL2Bat directly
PATH=/cygdrive/c/Users/crutkasLocal/.copilot/session-state/78f0f9ba-f19f-4afd-aa4a-1837904263a6/files/perl-recovery-20260910/root08-candidate-commands-17/source-deref:.:/usr/bin/:/cygdrive/c/Users/crutkasLocal/.copilot/session-state/78f0f9ba-f19f-4afd-aa4a-1837904263a6/files/perl-recovery-20260910/root08-runtime-deps-prefix-02-with-utilities/usr/bin:/cygdrive/c/Users/crutkasLocal/.copilot/session-state/78f0f9ba-f19f-4afd-aa4a-1837904263a6/files/perl-recovery-20260910/root08-runtime-deps-prefix-02-with-utilities/bin:/cygdrive/c/Users/crutkasLocal/.copilot/session-state/78f0f9ba-f19f-4afd-aa4a-1837904263a6/files/perl-recovery-20260910/root08-admitted-db-libxcrypt-prefix-01/usr/bin:/cygdrive/c/Users/crutkasLocal/.copilot/session-state/78f0f9ba-f19f-4afd-aa4a-1837904263a6/files/perl-recovery-20260910/root08-admitted-db-libxcrypt-prefix-01/bin:/cygdrive/c/Users/crutkasLocal/.copilot/session-state/78f0f9ba-f19f-4afd-aa4a-1837904263a6/files/perl-recovery-20260910/root08-admitted-gdbm-prefix-01/usr/bin:/cygdrive/c/Users/crutkasLocal/.copilot/session-state/78f0f9ba-f19f-4afd-aa4a-1837904263a6/files/perl-recovery-20260910/root08-admitted-gdbm-prefix-01/bin:/cygdrive/c/Users/crutkasLocal/.copilot/session-state/78f0f9ba-f19f-4afd-aa4a-1837904263a6/files/perl-recovery-20260910/root08-admitted-db-libxcrypt-prefix-01/usr/bin:/cygdrive/c/Users/crutkasLocal/.copilot/session-state/78f0f9ba-f19f-4afd-aa4a-1837904263a6/files/perl-recovery-20260910/root08-admitted-db-libxcrypt-prefix-01/bin ./miniperl.exe -Ilib make_ext.pl dist/ExtUtils-ParseXS/pm_to_blib  MAKE="make" LIBPERL_A=msys-perl5_38.dll
make[1]: Entering directory '/cygdrive/c/Users/crutkasLocal/.copilot/session-state/78f0f9ba-f19f-4afd-aa4a-1837904263a6/files/perl-recovery-20260910/root08-candidate-commands-17/source-deref/dist/ExtUtils-ParseXS'
make[1]: Leaving directory '/cygdrive/c/Users/crutkasLocal/.copilot/session-state/78f0f9ba-f19f-4afd-aa4a-1837904263a6/files/perl-recovery-20260910/root08-candidate-commands-17/source-deref/dist/ExtUtils-ParseXS'
PATH=/cygdrive/c/Users/crutkasLocal/.copilot/session-state/78f0f9ba-f19f-4afd-aa4a-1837904263a6/files/perl-recovery-20260910/root08-candidate-commands-17/source-deref:.:/usr/bin/:/cygdrive/c/Users/crutkasLocal/.copilot/session-state/78f0f9ba-f19f-4afd-aa4a-1837904263a6/files/perl-recovery-20260910/root08-runtime-deps-prefix-02-with-utilities/usr/bin:/cygdrive/c/Users/crutkasLocal/.copilot/session-state/78f0f9ba-f19f-4afd-aa4a-1837904263a6/files/perl-recovery-20260910/root08-runtime-deps-prefix-02-with-utilities/bin:/cygdrive/c/Users/crutkasLocal/.copilot/session-state/78f0f9ba-f19f-4afd-aa4a-1837904263a6/files/perl-recovery-20260910/root08-admitted-db-libxcrypt-prefix-01/usr/bin:/cygdrive/c/Users/crutkasLocal/.copilot/session-state/78f0f9ba-f19f-4afd-aa4a-1837904263a6/files/perl-recovery-20260910/root08-admitted-db-libxcrypt-prefix-01/bin:/cygdrive/c/Users/crutkasLocal/.copilot/session-state/78f0f9ba-f19f-4afd-aa4a-1837904263a6/files/perl-recovery-20260910/root08-admitted-gdbm-prefix-01/usr/bin:/cygdrive/c/Users/crutkasLocal/.copilot/session-state/78f0f9ba-f19f-4afd-aa4a-1837904263a6/files/perl-recovery-20260910/root08-admitted-gdbm-prefix-01/bin:/cygdrive/c/Users/crutkasLocal/.copilot/session-state/78f0f9ba-f19f-4afd-aa4a-1837904263a6/files/perl-recovery-20260910/root08-admitted-db-libxcrypt-prefix-01/usr/bin:/cygdrive/c/Users/crutkasLocal/.copilot/session-state/78f0f9ba-f19f-4afd-aa4a-1837904263a6/files/perl-recovery-20260910/root08-admitted-db-libxcrypt-prefix-01/bin ./miniperl.exe -Ilib make_ext.pl cpan/File-Fetch/pm_to_blib  MAKE="make" LIBPERL_A=msys-perl5_38.dll
Running pm_to_blib for cpan/File-Fetch directly
PATH=/cygdrive/c/Users/crutkasLocal/.copilot/session-state/78f0f9ba-f19f-4afd-aa4a-1837904263a6/files/perl-recovery-20260910/root08-candidate-commands-17/source-deref:.:/usr/bin/:/cygdrive/c/Users/crutkasLocal/.copilot/session-state/78f0f9ba-f19f-4afd-aa4a-1837904263a6/files/perl-recovery-20260910/root08-runtime-deps-prefix-02-with-utilities/usr/bin:/cygdrive/c/Users/crutkasLocal/.copilot/session-state/78f0f9ba-f19f-4afd-aa4a-1837904263a6/files/perl-recovery-20260910/root08-runtime-deps-prefix-02-with-utilities/bin:/cygdrive/c/Users/crutkasLocal/.copilot/session-state/78f0f9ba-f19f-4afd-aa4a-1837904263a6/files/perl-recovery-20260910/root08-admitted-db-libxcrypt-prefix-01/usr/bin:/cygdrive/c/Users/crutkasLocal/.copilot/session-state/78f0f9ba-f19f-4afd-aa4a-1837904263a6/files/perl-recovery-20260910/root08-admitted-db-libxcrypt-prefix-01/bin:/cygdrive/c/Users/crutkasLocal/.copilot/session-state/78f0f9ba-f19f-4afd-aa4a-1837904263a6/files/perl-recovery-20260910/root08-admitted-gdbm-prefix-01/usr/bin:/cygdrive/c/Users/crutkasLocal/.copilot/session-state/78f0f9ba-f19f-4afd-aa4a-1837904263a6/files/perl-recovery-20260910/root08-admitted-gdbm-prefix-01/bin:/cygdrive/c/Users/crutkasLocal/.copilot/session-state/78f0f9ba-f19f-4afd-aa4a-1837904263a6/files/perl-recovery-20260910/root08-admitted-db-libxcrypt-prefix-01/usr/bin:/cygdrive/c/Users/crutkasLocal/.copilot/session-state/78f0f9ba-f19f-4afd-aa4a-1837904263a6/files/perl-recovery-20260910/root08-admitted-db-libxcrypt-prefix-01/bin ./miniperl.exe -Ilib make_ext.pl ext/File-Find/pm_to_blib  MAKE="make" LIBPERL_A=msys-perl5_38.dll
Running pm_to_blib for ext/File-Find directly
PATH=/cygdrive/c/Users/crutkasLocal/.copilot/session-state/78f0f9ba-f19f-4afd-aa4a-1837904263a6/files/perl-recovery-20260910/root08-candidate-commands-17/source-deref:.:/usr/bin/:/cygdrive/c/Users/crutkasLocal/.copilot/session-state/78f0f9ba-f19f-4afd-aa4a-1837904263a6/files/perl-recovery-20260910/root08-runtime-deps-prefix-02-with-utilities/usr/bin:/cygdrive/c/Users/crutkasLocal/.copilot/session-state/78f0f9ba-f19f-4afd-aa4a-1837904263a6/files/perl-recovery-20260910/root08-runtime-deps-prefix-02-with-utilities/bin:/cygdrive/c/Users/crutkasLocal/.copilot/session-state/78f0f9ba-f19f-4afd-aa4a-1837904263a6/files/perl-recovery-20260910/root08-admitted-db-libxcrypt-prefix-01/usr/bin:/cygdrive/c/Users/crutkasLocal/.copilot/session-state/78f0f9ba-f19f-4afd-aa4a-1837904263a6/files/perl-recovery-20260910/root08-admitted-db-libxcrypt-prefix-01/bin:/cygdrive/c/Users/crutkasLocal/.copilot/session-state/78f0f9ba-f19f-4afd-aa4a-1837904263a6/files/perl-recovery-20260910/root08-admitted-gdbm-prefix-01/usr/bin:/cygdrive/c/Users/crutkasLocal/.copilot/session-state/78f0f9ba-f19f-4afd-aa4a-1837904263a6/files/perl-recovery-20260910/root08-admitted-gdbm-prefix-01/bin:/cygdrive/c/Users/crutkasLocal/.copilot/session-state/78f0f9ba-f19f-4afd-aa4a-1837904263a6/files/perl-recovery-20260910/root08-admitted-db-libxcrypt-prefix-01/usr/bin:/cygdrive/c/Users/crutkasLocal/.copilot/session-state/78f0f9ba-f19f-4afd-aa4a-1837904263a6/files/perl-recovery-20260910/root08-admitted-db-libxcrypt-prefix-01/bin ./miniperl.exe -Ilib make_ext.pl cpan/File-Path/pm_to_blib  MAKE="make" LIBPERL_A=msys-perl5_38.dll
Running pm_to_blib for cpan/File-Path directly
PATH=/cygdrive/c/Users/crutkasLocal/.copilot/session-state/78f0f9ba-f19f-4afd-aa4a-1837904263a6/files/perl-recovery-20260910/root08-candidate-commands-17/source-deref:.:/usr/bin/:/cygdrive/c/Users/crutkasLocal/.copilot/session-state/78f0f9ba-f19f-4afd-aa4a-1837904263a6/files/perl-recovery-20260910/root08-runtime-deps-prefix-02-with-utilities/usr/bin:/cygdrive/c/Users/crutkasLocal/.copilot/session-state/78f0f9ba-f19f-4afd-aa4a-1837904263a6/files/perl-recovery-20260910/root08-runtime-deps-prefix-02-with-utilities/bin:/cygdrive/c/Users/crutkasLocal/.copilot/session-state/78f0f9ba-f19f-4afd-aa4a-1837904263a6/files/perl-recovery-20260910/root08-admitted-db-libxcrypt-prefix-01/usr/bin:/cygdrive/c/Users/crutkasLocal/.copilot/session-state/78f0f9ba-f19f-4afd-aa4a-1837904263a6/files/perl-recovery-20260910/root08-admitted-db-libxcrypt-prefix-01/bin:/cygdrive/c/Users/crutkasLocal/.copilot/session-state/78f0f9ba-f19f-4afd-aa4a-1837904263a6/files/perl-recovery-20260910/root08-admitted-gdbm-prefix-01/usr/bin:/cygdrive/c/Users/crutkasLocal/.copilot/session-state/78f0f9ba-f19f-4afd-aa4a-1837904263a6/files/perl-recovery-20260910/root08-admitted-gdbm-prefix-01/bin:/cygdrive/c/Users/crutkasLocal/.copilot/session-state/78f0f9ba-f19f-4afd-aa4a-1837904263a6/files/perl-recovery-20260910/root08-admitted-db-libxcrypt-prefix-01/usr/bin:/cygdrive/c/Users/crutkasLocal/.copilot/session-state/78f0f9ba-f19f-4afd-aa4a-1837904263a6/files/perl-recovery-20260910/root08-admitted-db-libxcrypt-prefix-01/bin ./miniperl.exe -Ilib make_ext.pl cpan/File-Temp/pm_to_blib  MAKE="make" LIBPERL_A=msys-perl5_38.dll
Running pm_to_blib for cpan/File-Temp directly
PATH=/cygdrive/c/Users/crutkasLocal/.copilot/session-state/78f0f9ba-f19f-4afd-aa4a-1837904263a6/files/perl-recovery-20260910/root08-candidate-commands-17/source-deref:.:/usr/bin/:/cygdrive/c/Users/crutkasLocal/.copilot/session-state/78f0f9ba-f19f-4afd-aa4a-1837904263a6/files/perl-recovery-20260910/root08-runtime-deps-prefix-02-with-utilities/usr/bin:/cygdrive/c/Users/crutkasLocal/.copilot/session-state/78f0f9ba-f19f-4afd-aa4a-1837904263a6/files/perl-recovery-20260910/root08-runtime-deps-prefix-02-with-utilities/bin:/cygdrive/c/Users/crutkasLocal/.copilot/session-state/78f0f9ba-f19f-4afd-aa4a-1837904263a6/files/perl-recovery-20260910/root08-admitted-db-libxcrypt-prefix-01/usr/bin:/cygdrive/c/Users/crutkasLocal/.copilot/session-state/78f0f9ba-f19f-4afd-aa4a-1837904263a6/files/perl-recovery-20260910/root08-admitted-db-libxcrypt-prefix-01/bin:/cygdrive/c/Users/crutkasLocal/.copilot/session-state/78f0f9ba-f19f-4afd-aa4a-1837904263a6/files/perl-recovery-20260910/root08-admitted-gdbm-prefix-01/usr/bin:/cygdrive/c/Users/crutkasLocal/.copilot/session-state/78f0f9ba-f19f-4afd-aa4a-1837904263a6/files/perl-recovery-20260910/root08-admitted-gdbm-prefix-01/bin:/cygdrive/c/Users/crutkasLocal/.copilot/session-state/78f0f9ba-f19f-4afd-aa4a-1837904263a6/files/perl-recovery-20260910/root08-admitted-db-libxcrypt-prefix-01/usr/bin:/cygdrive/c/Users/crutkasLocal/.copilot/session-state/78f0f9ba-f19f-4afd-aa4a-1837904263a6/files/perl-recovery-20260910/root08-admitted-db-libxcrypt-prefix-01/bin ./miniperl.exe -Ilib make_ext.pl ext/FileCache/pm_to_blib  MAKE="make" LIBPERL_A=msys-perl5_38.dll
Running pm_to_blib for ext/FileCache directly
PATH=/cygdrive/c/Users/crutkasLocal/.copilot/session-state/78f0f9ba-f19f-4afd-aa4a-1837904263a6/files/perl-recovery-20260910/root08-candidate-commands-17/source-deref:.:/usr/bin/:/cygdrive/c/Users/crutkasLocal/.copilot/session-state/78f0f9ba-f19f-4afd-aa4a-1837904263a6/files/perl-recovery-20260910/root08-runtime-deps-prefix-02-with-utilities/usr/bin:/cygdrive/c/Users/crutkasLocal/.copilot/session-state/78f0f9ba-f19f-4afd-aa4a-1837904263a6/files/perl-recovery-20260910/root08-runtime-deps-prefix-02-with-utilities/bin:/cygdrive/c/Users/crutkasLocal/.copilot/session-state/78f0f9ba-f19f-4afd-aa4a-1837904263a6/files/perl-recovery-20260910/root08-admitted-db-libxcrypt-prefix-01/usr/bin:/cygdrive/c/Users/crutkasLocal/.copilot/session-state/78f0f9ba-f19f-4afd-aa4a-1837904263a6/files/perl-recovery-20260910/root08-admitted-db-libxcrypt-prefix-01/bin:/cygdrive/c/Users/crutkasLocal/.copilot/session-state/78f0f9ba-f19f-4afd-aa4a-1837904263a6/files/perl-recovery-20260910/root08-admitted-gdbm-prefix-01/usr/bin:/cygdrive/c/Users/crutkasLocal/.copilot/session-state/78f0f9ba-f19f-4afd-aa4a-1837904263a6/files/perl-recovery-20260910/root08-admitted-gdbm-prefix-01/bin:/cygdrive/c/Users/crutkasLocal/.copilot/session-state/78f0f9ba-f19f-4afd-aa4a-1837904263a6/files/perl-recovery-20260910/root08-admitted-db-libxcrypt-prefix-01/usr/bin:/cygdrive/c/Users/crutkasLocal/.copilot/session-state/78f0f9ba-f19f-4afd-aa4a-1837904263a6/files/perl-recovery-20260910/root08-admitted-db-libxcrypt-prefix-01/bin ./miniperl.exe -Ilib make_ext.pl dist/Filter-Simple/pm_to_blib  MAKE="make" LIBPERL_A=msys-perl5_38.dll
make[1]: Entering directory '/cygdrive/c/Users/crutkasLocal/.copilot/session-state/78f0f9ba-f19f-4afd-aa4a-1837904263a6/files/perl-recovery-20260910/root08-candidate-commands-17/source-deref/dist/Filter-Simple'
make[1]: Leaving directory '/cygdrive/c/Users/crutkasLocal/.copilot/session-state/78f0f9ba-f19f-4afd-aa4a-1837904263a6/files/perl-recovery-20260910/root08-candidate-commands-17/source-deref/dist/Filter-Simple'
PATH=/cygdrive/c/Users/crutkasLocal/.copilot/session-state/78f0f9ba-f19f-4afd-aa4a-1837904263a6/files/perl-recovery-20260910/root08-candidate-commands-17/source-deref:.:/usr/bin/:/cygdrive/c/Users/crutkasLocal/.copilot/session-state/78f0f9ba-f19f-4afd-aa4a-1837904263a6/files/perl-recovery-20260910/root08-runtime-deps-prefix-02-with-utilities/usr/bin:/cygdrive/c/Users/crutkasLocal/.copilot/session-state/78f0f9ba-f19f-4afd-aa4a-1837904263a6/files/perl-recovery-20260910/root08-runtime-deps-prefix-02-with-utilities/bin:/cygdrive/c/Users/crutkasLocal/.copilot/session-state/78f0f9ba-f19f-4afd-aa4a-1837904263a6/files/perl-recovery-20260910/root08-admitted-db-libxcrypt-prefix-01/usr/bin:/cygdrive/c/Users/crutkasLocal/.copilot/session-state/78f0f9ba-f19f-4afd-aa4a-1837904263a6/files/perl-recovery-20260910/root08-admitted-db-libxcrypt-prefix-01/bin:/cygdrive/c/Users/crutkasLocal/.copilot/session-state/78f0f9ba-f19f-4afd-aa4a-1837904263a6/files/perl-recovery-20260910/root08-admitted-gdbm-prefix-01/usr/bin:/cygdrive/c/Users/crutkasLocal/.copilot/session-state/78f0f9ba-f19f-4afd-aa4a-1837904263a6/files/perl-recovery-20260910/root08-admitted-gdbm-prefix-01/bin:/cygdrive/c/Users/crutkasLocal/.copilot/session-state/78f0f9ba-f19f-4afd-aa4a-1837904263a6/files/perl-recovery-20260910/root08-admitted-db-libxcrypt-prefix-01/usr/bin:/cygdrive/c/Users/crutkasLocal/.copilot/session-state/78f0f9ba-f19f-4afd-aa4a-1837904263a6/files/perl-recovery-20260910/root08-admitted-db-libxcrypt-prefix-01/bin ./miniperl.exe -Ilib make_ext.pl dist/FindBin/pm_to_blib  MAKE="make" LIBPERL_A=msys-perl5_38.dll
make[1]: Entering directory '/cygdrive/c/Users/crutkasLocal/.copilot/session-state/78f0f9ba-f19f-4afd-aa4a-1837904263a6/files/perl-recovery-20260910/root08-candidate-commands-17/source-deref/dist/FindBin'
make[1]: Leaving directory '/cygdrive/c/Users/crutkasLocal/.copilot/session-state/78f0f9ba-f19f-4afd-aa4a-1837904263a6/files/perl-recovery-20260910/root08-candidate-commands-17/source-deref/dist/FindBin'
PATH=/cygdrive/c/Users/crutkasLocal/.copilot/session-state/78f0f9ba-f19f-4afd-aa4a-1837904263a6/files/perl-recovery-20260910/root08-candidate-commands-17/source-deref:.:/usr/bin/:/cygdrive/c/Users/crutkasLocal/.copilot/session-state/78f0f9ba-f19f-4afd-aa4a-1837904263a6/files/perl-recovery-20260910/root08-runtime-deps-prefix-02-with-utilities/usr/bin:/cygdrive/c/Users/crutkasLocal/.copilot/session-state/78f0f9ba-f19f-4afd-aa4a-1837904263a6/files/perl-recovery-20260910/root08-runtime-deps-prefix-02-with-utilities/bin:/cygdrive/c/Users/crutkasLocal/.copilot/session-state/78f0f9ba-f19f-4afd-aa4a-1837904263a6/files/perl-recovery-20260910/root08-admitted-db-libxcrypt-prefix-01/usr/bin:/cygdrive/c/Users/crutkasLocal/.copilot/session-state/78f0f9ba-f19f-4afd-aa4a-1837904263a6/files/perl-recovery-20260910/root08-admitted-db-libxcrypt-prefix-01/bin:/cygdrive/c/Users/crutkasLocal/.copilot/session-state/78f0f9ba-f19f-4afd-aa4a-1837904263a6/files/perl-recovery-20260910/root08-admitted-gdbm-prefix-01/usr/bin:/cygdrive/c/Users/crutkasLocal/.copilot/session-state/78f0f9ba-f19f-4afd-aa4a-1837904263a6/files/perl-recovery-20260910/root08-admitted-gdbm-prefix-01/bin:/cygdrive/c/Users/crutkasLocal/.copilot/session-state/78f0f9ba-f19f-4afd-aa4a-1837904263a6/files/perl-recovery-20260910/root08-admitted-db-libxcrypt-prefix-01/usr/bin:/cygdrive/c/Users/crutkasLocal/.copilot/session-state/78f0f9ba-f19f-4afd-aa4a-1837904263a6/files/perl-recovery-20260910/root08-admitted-db-libxcrypt-prefix-01/bin ./miniperl.exe -Ilib make_ext.pl cpan/Getopt-Long/pm_to_blib  MAKE="make" LIBPERL_A=msys-perl5_38.dll
Running pm_to_blib for cpan/Getopt-Long directly
PATH=/cygdrive/c/Users/crutkasLocal/.copilot/session-state/78f0f9ba-f19f-4afd-aa4a-1837904263a6/files/perl-recovery-20260910/root08-candidate-commands-17/source-deref:.:/usr/bin/:/cygdrive/c/Users/crutkasLocal/.copilot/session-state/78f0f9ba-f19f-4afd-aa4a-1837904263a6/files/perl-recovery-20260910/root08-runtime-deps-prefix-02-with-utilities/usr/bin:/cygdrive/c/Users/crutkasLocal/.copilot/session-state/78f0f9ba-f19f-4afd-aa4a-1837904263a6/files/perl-recovery-20260910/root08-runtime-deps-prefix-02-with-utilities/bin:/cygdrive/c/Users/crutkasLocal/.copilot/session-state/78f0f9ba-f19f-4afd-aa4a-1837904263a6/files/perl-recovery-20260910/root08-admitted-db-libxcrypt-prefix-01/usr/bin:/cygdrive/c/Users/crutkasLocal/.copilot/session-state/78f0f9ba-f19f-4afd-aa4a-1837904263a6/files/perl-recovery-20260910/root08-admitted-db-libxcrypt-prefix-01/bin:/cygdrive/c/Users/crutkasLocal/.copilot/session-state/78f0f9ba-f19f-4afd-aa4a-1837904263a6/files/perl-recovery-20260910/root08-admitted-gdbm-prefix-01/usr/bin:/cygdrive/c/Users/crutkasLocal/.copilot/session-state/78f0f9ba-f19f-4afd-aa4a-1837904263a6/files/perl-recovery-20260910/root08-admitted-gdbm-prefix-01/bin:/cygdrive/c/Users/crutkasLocal/.copilot/session-state/78f0f9ba-f19f-4afd-aa4a-1837904263a6/files/perl-recovery-20260910/root08-admitted-db-libxcrypt-prefix-01/usr/bin:/cygdrive/c/Users/crutkasLocal/.copilot/session-state/78f0f9ba-f19f-4afd-aa4a-1837904263a6/files/perl-recovery-20260910/root08-admitted-db-libxcrypt-prefix-01/bin ./miniperl.exe -Ilib make_ext.pl cpan/HTTP-Tiny/pm_to_blib  MAKE="make" LIBPERL_A=msys-perl5_38.dll
make[1]: Entering directory '/cygdrive/c/Users/crutkasLocal/.copilot/session-state/78f0f9ba-f19f-4afd-aa4a-1837904263a6/files/perl-recovery-20260910/root08-candidate-commands-17/source-deref/cpan/HTTP-Tiny'
make[1]: Leaving directory '/cygdrive/c/Users/crutkasLocal/.copilot/session-state/78f0f9ba-f19f-4afd-aa4a-1837904263a6/files/perl-recovery-20260910/root08-candidate-commands-17/source-deref/cpan/HTTP-Tiny'
PATH=/cygdrive/c/Users/crutkasLocal/.copilot/session-state/78f0f9ba-f19f-4afd-aa4a-1837904263a6/files/perl-recovery-20260910/root08-candidate-commands-17/source-deref:.:/usr/bin/:/cygdrive/c/Users/crutkasLocal/.copilot/session-state/78f0f9ba-f19f-4afd-aa4a-1837904263a6/files/perl-recovery-20260910/root08-runtime-deps-prefix-02-with-utilities/usr/bin:/cygdrive/c/Users/crutkasLocal/.copilot/session-state/78f0f9ba-f19f-4afd-aa4a-1837904263a6/files/perl-recovery-20260910/root08-runtime-deps-prefix-02-with-utilities/bin:/cygdrive/c/Users/crutkasLocal/.copilot/session-state/78f0f9ba-f19f-4afd-aa4a-1837904263a6/files/perl-recovery-20260910/root08-admitted-db-libxcrypt-prefix-01/usr/bin:/cygdrive/c/Users/crutkasLocal/.copilot/session-state/78f0f9ba-f19f-4afd-aa4a-1837904263a6/files/perl-recovery-20260910/root08-admitted-db-libxcrypt-prefix-01/bin:/cygdrive/c/Users/crutkasLocal/.copilot/session-state/78f0f9ba-f19f-4afd-aa4a-1837904263a6/files/perl-recovery-20260910/root08-admitted-gdbm-prefix-01/usr/bin:/cygdrive/c/Users/crutkasLocal/.copilot/session-state/78f0f9ba-f19f-4afd-aa4a-1837904263a6/files/perl-recovery-20260910/root08-admitted-gdbm-prefix-01/bin:/cygdrive/c/Users/crutkasLocal/.copilot/session-state/78f0f9ba-f19f-4afd-aa4a-1837904263a6/files/perl-recovery-20260910/root08-admitted-db-libxcrypt-prefix-01/usr/bin:/cygdrive/c/Users/crutkasLocal/.copilot/session-state/78f0f9ba-f19f-4afd-aa4a-1837904263a6/files/perl-recovery-20260910/root08-admitted-db-libxcrypt-prefix-01/bin ./miniperl.exe -Ilib make_ext.pl dist/I18N-Collate/pm_to_blib  MAKE="make" LIBPERL_A=msys-perl5_38.dll
Running pm_to_blib for dist/I18N-Collate directly
PATH=/cygdrive/c/Users/crutkasLocal/.copilot/session-state/78f0f9ba-f19f-4afd-aa4a-1837904263a6/files/perl-recovery-20260910/root08-candidate-commands-17/source-deref:.:/usr/bin/:/cygdrive/c/Users/crutkasLocal/.copilot/session-state/78f0f9ba-f19f-4afd-aa4a-1837904263a6/files/perl-recovery-20260910/root08-runtime-deps-prefix-02-with-utilities/usr/bin:/cygdrive/c/Users/crutkasLocal/.copilot/session-state/78f0f9ba-f19f-4afd-aa4a-1837904263a6/files/perl-recovery-20260910/root08-runtime-deps-prefix-02-with-utilities/bin:/cygdrive/c/Users/crutkasLocal/.copilot/session-state/78f0f9ba-f19f-4afd-aa4a-1837904263a6/files/perl-recovery-20260910/root08-admitted-db-libxcrypt-prefix-01/usr/bin:/cygdrive/c/Users/crutkasLocal/.copilot/session-state/78f0f9ba-f19f-4afd-aa4a-1837904263a6/files/perl-recovery-20260910/root08-admitted-db-libxcrypt-prefix-01/bin:/cygdrive/c/Users/crutkasLocal/.copilot/session-state/78f0f9ba-f19f-4afd-aa4a-1837904263a6/files/perl-recovery-20260910/root08-admitted-gdbm-prefix-01/usr/bin:/cygdrive/c/Users/crutkasLocal/.copilot/session-state/78f0f9ba-f19f-4afd-aa4a-1837904263a6/files/perl-recovery-20260910/root08-admitted-gdbm-prefix-01/bin:/cygdrive/c/Users/crutkasLocal/.copilot/session-state/78f0f9ba-f19f-4afd-aa4a-1837904263a6/files/perl-recovery-20260910/root08-admitted-db-libxcrypt-prefix-01/usr/bin:/cygdrive/c/Users/crutkasLocal/.copilot/session-state/78f0f9ba-f19f-4afd-aa4a-1837904263a6/files/perl-recovery-20260910/root08-admitted-db-libxcrypt-prefix-01/bin ./miniperl.exe -Ilib make_ext.pl dist/I18N-LangTags/pm_to_blib  MAKE="make" LIBPERL_A=msys-perl5_38.dll
make[1]: Entering directory '/cygdrive/c/Users/crutkasLocal/.copilot/session-state/78f0f9ba-f19f-4afd-aa4a-1837904263a6/files/perl-recovery-20260910/root08-candidate-commands-17/source-deref/dist/I18N-LangTags'
make[1]: Leaving directory '/cygdrive/c/Users/crutkasLocal/.copilot/session-state/78f0f9ba-f19f-4afd-aa4a-1837904263a6/files/perl-recovery-20260910/root08-candidate-commands-17/source-deref/dist/I18N-LangTags'
PATH=/cygdrive/c/Users/crutkasLocal/.copilot/session-state/78f0f9ba-f19f-4afd-aa4a-1837904263a6/files/perl-recovery-20260910/root08-candidate-commands-17/source-deref:.:/usr/bin/:/cygdrive/c/Users/crutkasLocal/.copilot/session-state/78f0f9ba-f19f-4afd-aa4a-1837904263a6/files/perl-recovery-20260910/root08-runtime-deps-prefix-02-with-utilities/usr/bin:/cygdrive/c/Users/crutkasLocal/.copilot/session-state/78f0f9ba-f19f-4afd-aa4a-1837904263a6/files/perl-recovery-20260910/root08-runtime-deps-prefix-02-with-utilities/bin:/cygdrive/c/Users/crutkasLocal/.copilot/session-state/78f0f9ba-f19f-4afd-aa4a-1837904263a6/files/perl-recovery-20260910/root08-admitted-db-libxcrypt-prefix-01/usr/bin:/cygdrive/c/Users/crutkasLocal/.copilot/session-state/78f0f9ba-f19f-4afd-aa4a-1837904263a6/files/perl-recovery-20260910/root08-admitted-db-libxcrypt-prefix-01/bin:/cygdrive/c/Users/crutkasLocal/.copilot/session-state/78f0f9ba-f19f-4afd-aa4a-1837904263a6/files/perl-recovery-20260910/root08-admitted-gdbm-prefix-01/usr/bin:/cygdrive/c/Users/crutkasLocal/.copilot/session-state/78f0f9ba-f19f-4afd-aa4a-1837904263a6/files/perl-recovery-20260910/root08-admitted-gdbm-prefix-01/bin:/cygdrive/c/Users/crutkasLocal/.copilot/session-state/78f0f9ba-f19f-4afd-aa4a-1837904263a6/files/perl-recovery-20260910/root08-admitted-db-libxcrypt-prefix-01/usr/bin:/cygdrive/c/Users/crutkasLocal/.copilot/session-state/78f0f9ba-f19f-4afd-aa4a-1837904263a6/files/perl-recovery-20260910/root08-admitted-db-libxcrypt-prefix-01/bin ./miniperl.exe -Ilib make_ext.pl dist/lib/pm_to_blib  MAKE="make" LIBPERL_A=msys-perl5_38.dll
make[1]: Entering directory '/cygdrive/c/Users/crutkasLocal/.copilot/session-state/78f0f9ba-f19f-4afd-aa4a-1837904263a6/files/perl-recovery-20260910/root08-candidate-commands-17/source-deref/dist/lib'
make[1]: Leaving directory '/cygdrive/c/Users/crutkasLocal/.copilot/session-state/78f0f9ba-f19f-4afd-aa4a-1837904263a6/files/perl-recovery-20260910/root08-candidate-commands-17/source-deref/dist/lib'
PATH=/cygdrive/c/Users/crutkasLocal/.copilot/session-state/78f0f9ba-f19f-4afd-aa4a-1837904263a6/files/perl-recovery-20260910/root08-candidate-commands-17/source-deref:.:/usr/bin/:/cygdrive/c/Users/crutkasLocal/.copilot/session-state/78f0f9ba-f19f-4afd-aa4a-1837904263a6/files/perl-recovery-20260910/root08-runtime-deps-prefix-02-with-utilities/usr/bin:/cygdrive/c/Users/crutkasLocal/.copilot/session-state/78f0f9ba-f19f-4afd-aa4a-1837904263a6/files/perl-recovery-20260910/root08-runtime-deps-prefix-02-with-utilities/bin:/cygdrive/c/Users/crutkasLocal/.copilot/session-state/78f0f9ba-f19f-4afd-aa4a-1837904263a6/files/perl-recovery-20260910/root08-admitted-db-libxcrypt-prefix-01/usr/bin:/cygdrive/c/Users/crutkasLocal/.copilot/session-state/78f0f9ba-f19f-4afd-aa4a-1837904263a6/files/perl-recovery-20260910/root08-admitted-db-libxcrypt-prefix-01/bin:/cygdrive/c/Users/crutkasLocal/.copilot/session-state/78f0f9ba-f19f-4afd-aa4a-1837904263a6/files/perl-recovery-20260910/root08-admitted-gdbm-prefix-01/usr/bin:/cygdrive/c/Users/crutkasLocal/.copilot/session-state/78f0f9ba-f19f-4afd-aa4a-1837904263a6/files/perl-recovery-20260910/root08-admitted-gdbm-prefix-01/bin:/cygdrive/c/Users/crutkasLocal/.copilot/session-state/78f0f9ba-f19f-4afd-aa4a-1837904263a6/files/perl-recovery-20260910/root08-admitted-db-libxcrypt-prefix-01/usr/bin:/cygdrive/c/Users/crutkasLocal/.copilot/session-state/78f0f9ba-f19f-4afd-aa4a-1837904263a6/files/perl-recovery-20260910/root08-admitted-db-libxcrypt-prefix-01/bin ./miniperl.exe -Ilib make_ext.pl cpan/IO-Compress/pm_to_blib  MAKE="make" LIBPERL_A=msys-perl5_38.dll
make[1]: Entering directory '/cygdrive/c/Users/crutkasLocal/.copilot/session-state/78f0f9ba-f19f-4afd-aa4a-1837904263a6/files/perl-recovery-20260910/root08-candidate-commands-17/source-deref/cpan/IO-Compress'
make[1]: Leaving directory '/cygdrive/c/Users/crutkasLocal/.copilot/session-state/78f0f9ba-f19f-4afd-aa4a-1837904263a6/files/perl-recovery-20260910/root08-candidate-commands-17/source-deref/cpan/IO-Compress'
PATH=/cygdrive/c/Users/crutkasLocal/.copilot/session-state/78f0f9ba-f19f-4afd-aa4a-1837904263a6/files/perl-recovery-20260910/root08-candidate-commands-17/source-deref:.:/usr/bin/:/cygdrive/c/Users/crutkasLocal/.copilot/session-state/78f0f9ba-f19f-4afd-aa4a-1837904263a6/files/perl-recovery-20260910/root08-runtime-deps-prefix-02-with-utilities/usr/bin:/cygdrive/c/Users/crutkasLocal/.copilot/session-state/78f0f9ba-f19f-4afd-aa4a-1837904263a6/files/perl-recovery-20260910/root08-runtime-deps-prefix-02-with-utilities/bin:/cygdrive/c/Users/crutkasLocal/.copilot/session-state/78f0f9ba-f19f-4afd-aa4a-1837904263a6/files/perl-recovery-20260910/root08-admitted-db-libxcrypt-prefix-01/usr/bin:/cygdrive/c/Users/crutkasLocal/.copilot/session-state/78f0f9ba-f19f-4afd-aa4a-1837904263a6/files/perl-recovery-20260910/root08-admitted-db-libxcrypt-prefix-01/bin:/cygdrive/c/Users/crutkasLocal/.copilot/session-state/78f0f9ba-f19f-4afd-aa4a-1837904263a6/files/perl-recovery-20260910/root08-admitted-gdbm-prefix-01/usr/bin:/cygdrive/c/Users/crutkasLocal/.copilot/session-state/78f0f9ba-f19f-4afd-aa4a-1837904263a6/files/perl-recovery-20260910/root08-admitted-gdbm-prefix-01/bin:/cygdrive/c/Users/crutkasLocal/.copilot/session-state/78f0f9ba-f19f-4afd-aa4a-1837904263a6/files/perl-recovery-20260910/root08-admitted-db-libxcrypt-prefix-01/usr/bin:/cygdrive/c/Users/crutkasLocal/.copilot/session-state/78f0f9ba-f19f-4afd-aa4a-1837904263a6/files/perl-recovery-20260910/root08-admitted-db-libxcrypt-prefix-01/bin ./miniperl.exe -Ilib make_ext.pl cpan/IO-Socket-IP/pm_to_blib  MAKE="make" LIBPERL_A=msys-perl5_38.dll
Running pm_to_blib for cpan/IO-Socket-IP directly
PATH=/cygdrive/c/Users/crutkasLocal/.copilot/session-state/78f0f9ba-f19f-4afd-aa4a-1837904263a6/files/perl-recovery-20260910/root08-candidate-commands-17/source-deref:.:/usr/bin/:/cygdrive/c/Users/crutkasLocal/.copilot/session-state/78f0f9ba-f19f-4afd-aa4a-1837904263a6/files/perl-recovery-20260910/root08-runtime-deps-prefix-02-with-utilities/usr/bin:/cygdrive/c/Users/crutkasLocal/.copilot/session-state/78f0f9ba-f19f-4afd-aa4a-1837904263a6/files/perl-recovery-20260910/root08-runtime-deps-prefix-02-with-utilities/bin:/cygdrive/c/Users/crutkasLocal/.copilot/session-state/78f0f9ba-f19f-4afd-aa4a-1837904263a6/files/perl-recovery-20260910/root08-admitted-db-libxcrypt-prefix-01/usr/bin:/cygdrive/c/Users/crutkasLocal/.copilot/session-state/78f0f9ba-f19f-4afd-aa4a-1837904263a6/files/perl-recovery-20260910/root08-admitted-db-libxcrypt-prefix-01/bin:/cygdrive/c/Users/crutkasLocal/.copilot/session-state/78f0f9ba-f19f-4afd-aa4a-1837904263a6/files/perl-recovery-20260910/root08-admitted-gdbm-prefix-01/usr/bin:/cygdrive/c/Users/crutkasLocal/.copilot/session-state/78f0f9ba-f19f-4afd-aa4a-1837904263a6/files/perl-recovery-20260910/root08-admitted-gdbm-prefix-01/bin:/cygdrive/c/Users/crutkasLocal/.copilot/session-state/78f0f9ba-f19f-4afd-aa4a-1837904263a6/files/perl-recovery-20260910/root08-admitted-db-libxcrypt-prefix-01/usr/bin:/cygdrive/c/Users/crutkasLocal/.copilot/session-state/78f0f9ba-f19f-4afd-aa4a-1837904263a6/files/perl-recovery-20260910/root08-admitted-db-libxcrypt-prefix-01/bin ./miniperl.exe -Ilib make_ext.pl cpan/IO-Zlib/pm_to_blib  MAKE="make" LIBPERL_A=msys-perl5_38.dll
Running pm_to_blib for cpan/IO-Zlib directly
PATH=/cygdrive/c/Users/crutkasLocal/.copilot/session-state/78f0f9ba-f19f-4afd-aa4a-1837904263a6/files/perl-recovery-20260910/root08-candidate-commands-17/source-deref:.:/usr/bin/:/cygdrive/c/Users/crutkasLocal/.copilot/session-state/78f0f9ba-f19f-4afd-aa4a-1837904263a6/files/perl-recovery-20260910/root08-runtime-deps-prefix-02-with-utilities/usr/bin:/cygdrive/c/Users/crutkasLocal/.copilot/session-state/78f0f9ba-f19f-4afd-aa4a-1837904263a6/files/perl-recovery-20260910/root08-runtime-deps-prefix-02-with-utilities/bin:/cygdrive/c/Users/crutkasLocal/.copilot/session-state/78f0f9ba-f19f-4afd-aa4a-1837904263a6/files/perl-recovery-20260910/root08-admitted-db-libxcrypt-prefix-01/usr/bin:/cygdrive/c/Users/crutkasLocal/.copilot/session-state/78f0f9ba-f19f-4afd-aa4a-1837904263a6/files/perl-recovery-20260910/root08-admitted-db-libxcrypt-prefix-01/bin:/cygdrive/c/Users/crutkasLocal/.copilot/session-state/78f0f9ba-f19f-4afd-aa4a-1837904263a6/files/perl-recovery-20260910/root08-admitted-gdbm-prefix-01/usr/bin:/cygdrive/c/Users/crutkasLocal/.copilot/session-state/78f0f9ba-f19f-4afd-aa4a-1837904263a6/files/perl-recovery-20260910/root08-admitted-gdbm-prefix-01/bin:/cygdrive/c/Users/crutkasLocal/.copilot/session-state/78f0f9ba-f19f-4afd-aa4a-1837904263a6/files/perl-recovery-20260910/root08-admitted-db-libxcrypt-prefix-01/usr/bin:/cygdrive/c/Users/crutkasLocal/.copilot/session-state/78f0f9ba-f19f-4afd-aa4a-1837904263a6/files/perl-recovery-20260910/root08-admitted-db-libxcrypt-prefix-01/bin ./miniperl.exe -Ilib make_ext.pl cpan/IPC-Cmd/pm_to_blib  MAKE="make" LIBPERL_A=msys-perl5_38.dll
Running pm_to_blib for cpan/IPC-Cmd directly
PATH=/cygdrive/c/Users/crutkasLocal/.copilot/session-state/78f0f9ba-f19f-4afd-aa4a-1837904263a6/files/perl-recovery-20260910/root08-candidate-commands-17/source-deref:.:/usr/bin/:/cygdrive/c/Users/crutkasLocal/.copilot/session-state/78f0f9ba-f19f-4afd-aa4a-1837904263a6/files/perl-recovery-20260910/root08-runtime-deps-prefix-02-with-utilities/usr/bin:/cygdrive/c/Users/crutkasLocal/.copilot/session-state/78f0f9ba-f19f-4afd-aa4a-1837904263a6/files/perl-recovery-20260910/root08-runtime-deps-prefix-02-with-utilities/bin:/cygdrive/c/Users/crutkasLocal/.copilot/session-state/78f0f9ba-f19f-4afd-aa4a-1837904263a6/files/perl-recovery-20260910/root08-admitted-db-libxcrypt-prefix-01/usr/bin:/cygdrive/c/Users/crutkasLocal/.copilot/session-state/78f0f9ba-f19f-4afd-aa4a-1837904263a6/files/perl-recovery-20260910/root08-admitted-db-libxcrypt-prefix-01/bin:/cygdrive/c/Users/crutkasLocal/.copilot/session-state/78f0f9ba-f19f-4afd-aa4a-1837904263a6/files/perl-recovery-20260910/root08-admitted-gdbm-prefix-01/usr/bin:/cygdrive/c/Users/crutkasLocal/.copilot/session-state/78f0f9ba-f19f-4afd-aa4a-1837904263a6/files/perl-recovery-20260910/root08-admitted-gdbm-prefix-01/bin:/cygdrive/c/Users/crutkasLocal/.copilot/session-state/78f0f9ba-f19f-4afd-aa4a-1837904263a6/files/perl-recovery-20260910/root08-admitted-db-libxcrypt-prefix-01/usr/bin:/cygdrive/c/Users/crutkasLocal/.copilot/session-state/78f0f9ba-f19f-4afd-aa4a-1837904263a6/files/perl-recovery-20260910/root08-admitted-db-libxcrypt-prefix-01/bin ./miniperl.exe -Ilib make_ext.pl ext/IPC-Open3/pm_to_blib  MAKE="make" LIBPERL_A=msys-perl5_38.dll
Running pm_to_blib for ext/IPC-Open3 directly
PATH=/cygdrive/c/Users/crutkasLocal/.copilot/session-state/78f0f9ba-f19f-4afd-aa4a-1837904263a6/files/perl-recovery-20260910/root08-candidate-commands-17/source-deref:.:/usr/bin/:/cygdrive/c/Users/crutkasLocal/.copilot/session-state/78f0f9ba-f19f-4afd-aa4a-1837904263a6/files/perl-recovery-20260910/root08-runtime-deps-prefix-02-with-utilities/usr/bin:/cygdrive/c/Users/crutkasLocal/.copilot/session-state/78f0f9ba-f19f-4afd-aa4a-1837904263a6/files/perl-recovery-20260910/root08-runtime-deps-prefix-02-with-utilities/bin:/cygdrive/c/Users/crutkasLocal/.copilot/session-state/78f0f9ba-f19f-4afd-aa4a-1837904263a6/files/perl-recovery-20260910/root08-admitted-db-libxcrypt-prefix-01/usr/bin:/cygdrive/c/Users/crutkasLocal/.copilot/session-state/78f0f9ba-f19f-4afd-aa4a-1837904263a6/files/perl-recovery-20260910/root08-admitted-db-libxcrypt-prefix-01/bin:/cygdrive/c/Users/crutkasLocal/.copilot/session-state/78f0f9ba-f19f-4afd-aa4a-1837904263a6/files/perl-recovery-20260910/root08-admitted-gdbm-prefix-01/usr/bin:/cygdrive/c/Users/crutkasLocal/.copilot/session-state/78f0f9ba-f19f-4afd-aa4a-1837904263a6/files/perl-recovery-20260910/root08-admitted-gdbm-prefix-01/bin:/cygdrive/c/Users/crutkasLocal/.copilot/session-state/78f0f9ba-f19f-4afd-aa4a-1837904263a6/files/perl-recovery-20260910/root08-admitted-db-libxcrypt-prefix-01/usr/bin:/cygdrive/c/Users/crutkasLocal/.copilot/session-state/78f0f9ba-f19f-4afd-aa4a-1837904263a6/files/perl-recovery-20260910/root08-admitted-db-libxcrypt-prefix-01/bin ./miniperl.exe -Ilib make_ext.pl cpan/JSON-PP/pm_to_blib  MAKE="make" LIBPERL_A=msys-perl5_38.dll
make[1]: Entering directory '/cygdrive/c/Users/crutkasLocal/.copilot/session-state/78f0f9ba-f19f-4afd-aa4a-1837904263a6/files/perl-recovery-20260910/root08-candidate-commands-17/source-deref/cpan/JSON-PP'
make[1]: Leaving directory '/cygdrive/c/Users/crutkasLocal/.copilot/session-state/78f0f9ba-f19f-4afd-aa4a-1837904263a6/files/perl-recovery-20260910/root08-candidate-commands-17/source-deref/cpan/JSON-PP'
PATH=/cygdrive/c/Users/crutkasLocal/.copilot/session-state/78f0f9ba-f19f-4afd-aa4a-1837904263a6/files/perl-recovery-20260910/root08-candidate-commands-17/source-deref:.:/usr/bin/:/cygdrive/c/Users/crutkasLocal/.copilot/session-state/78f0f9ba-f19f-4afd-aa4a-1837904263a6/files/perl-recovery-20260910/root08-runtime-deps-prefix-02-with-utilities/usr/bin:/cygdrive/c/Users/crutkasLocal/.copilot/session-state/78f0f9ba-f19f-4afd-aa4a-1837904263a6/files/perl-recovery-20260910/root08-runtime-deps-prefix-02-with-utilities/bin:/cygdrive/c/Users/crutkasLocal/.copilot/session-state/78f0f9ba-f19f-4afd-aa4a-1837904263a6/files/perl-recovery-20260910/root08-admitted-db-libxcrypt-prefix-01/usr/bin:/cygdrive/c/Users/crutkasLocal/.copilot/session-state/78f0f9ba-f19f-4afd-aa4a-1837904263a6/files/perl-recovery-20260910/root08-admitted-db-libxcrypt-prefix-01/bin:/cygdrive/c/Users/crutkasLocal/.copilot/session-state/78f0f9ba-f19f-4afd-aa4a-1837904263a6/files/perl-recovery-20260910/root08-admitted-gdbm-prefix-01/usr/bin:/cygdrive/c/Users/crutkasLocal/.copilot/session-state/78f0f9ba-f19f-4afd-aa4a-1837904263a6/files/perl-recovery-20260910/root08-admitted-gdbm-prefix-01/bin:/cygdrive/c/Users/crutkasLocal/.copilot/session-state/78f0f9ba-f19f-4afd-aa4a-1837904263a6/files/perl-recovery-20260910/root08-admitted-db-libxcrypt-prefix-01/usr/bin:/cygdrive/c/Users/crutkasLocal/.copilot/session-state/78f0f9ba-f19f-4afd-aa4a-1837904263a6/files/perl-recovery-20260910/root08-admitted-db-libxcrypt-prefix-01/bin ./miniperl.exe -Ilib make_ext.pl dist/Locale-Maketext/pm_to_blib  MAKE="make" LIBPERL_A=msys-perl5_38.dll
make[1]: Entering directory '/cygdrive/c/Users/crutkasLocal/.copilot/session-state/78f0f9ba-f19f-4afd-aa4a-1837904263a6/files/perl-recovery-20260910/root08-candidate-commands-17/source-deref/dist/Locale-Maketext'
make[1]: Leaving directory '/cygdrive/c/Users/crutkasLocal/.copilot/session-state/78f0f9ba-f19f-4afd-aa4a-1837904263a6/files/perl-recovery-20260910/root08-candidate-commands-17/source-deref/dist/Locale-Maketext'
PATH=/cygdrive/c/Users/crutkasLocal/.copilot/session-state/78f0f9ba-f19f-4afd-aa4a-1837904263a6/files/perl-recovery-20260910/root08-candidate-commands-17/source-deref:.:/usr/bin/:/cygdrive/c/Users/crutkasLocal/.copilot/session-state/78f0f9ba-f19f-4afd-aa4a-1837904263a6/files/perl-recovery-20260910/root08-runtime-deps-prefix-02-with-utilities/usr/bin:/cygdrive/c/Users/crutkasLocal/.copilot/session-state/78f0f9ba-f19f-4afd-aa4a-1837904263a6/files/perl-recovery-20260910/root08-runtime-deps-prefix-02-with-utilities/bin:/cygdrive/c/Users/crutkasLocal/.copilot/session-state/78f0f9ba-f19f-4afd-aa4a-1837904263a6/files/perl-recovery-20260910/root08-admitted-db-libxcrypt-prefix-01/usr/bin:/cygdrive/c/Users/crutkasLocal/.copilot/session-state/78f0f9ba-f19f-4afd-aa4a-1837904263a6/files/perl-recovery-20260910/root08-admitted-db-libxcrypt-prefix-01/bin:/cygdrive/c/Users/crutkasLocal/.copilot/session-state/78f0f9ba-f19f-4afd-aa4a-1837904263a6/files/perl-recovery-20260910/root08-admitted-gdbm-prefix-01/usr/bin:/cygdrive/c/Users/crutkasLocal/.copilot/session-state/78f0f9ba-f19f-4afd-aa4a-1837904263a6/files/perl-recovery-20260910/root08-admitted-gdbm-prefix-01/bin:/cygdrive/c/Users/crutkasLocal/.copilot/session-state/78f0f9ba-f19f-4afd-aa4a-1837904263a6/files/perl-recovery-20260910/root08-admitted-db-libxcrypt-prefix-01/usr/bin:/cygdrive/c/Users/crutkasLocal/.copilot/session-state/78f0f9ba-f19f-4afd-aa4a-1837904263a6/files/perl-recovery-20260910/root08-admitted-db-libxcrypt-prefix-01/bin ./miniperl.exe -Ilib make_ext.pl cpan/Locale-Maketext-Simple/pm_to_blib  MAKE="make" LIBPERL_A=msys-perl5_38.dll
Running pm_to_blib for cpan/Locale-Maketext-Simple directly
PATH=/cygdrive/c/Users/crutkasLocal/.copilot/session-state/78f0f9ba-f19f-4afd-aa4a-1837904263a6/files/perl-recovery-20260910/root08-candidate-commands-17/source-deref:.:/usr/bin/:/cygdrive/c/Users/crutkasLocal/.copilot/session-state/78f0f9ba-f19f-4afd-aa4a-1837904263a6/files/perl-recovery-20260910/root08-runtime-deps-prefix-02-with-utilities/usr/bin:/cygdrive/c/Users/crutkasLocal/.copilot/session-state/78f0f9ba-f19f-4afd-aa4a-1837904263a6/files/perl-recovery-20260910/root08-runtime-deps-prefix-02-with-utilities/bin:/cygdrive/c/Users/crutkasLocal/.copilot/session-state/78f0f9ba-f19f-4afd-aa4a-1837904263a6/files/perl-recovery-20260910/root08-admitted-db-libxcrypt-prefix-01/usr/bin:/cygdrive/c/Users/crutkasLocal/.copilot/session-state/78f0f9ba-f19f-4afd-aa4a-1837904263a6/files/perl-recovery-20260910/root08-admitted-db-libxcrypt-prefix-01/bin:/cygdrive/c/Users/crutkasLocal/.copilot/session-state/78f0f9ba-f19f-4afd-aa4a-1837904263a6/files/perl-recovery-20260910/root08-admitted-gdbm-prefix-01/usr/bin:/cygdrive/c/Users/crutkasLocal/.copilot/session-state/78f0f9ba-f19f-4afd-aa4a-1837904263a6/files/perl-recovery-20260910/root08-admitted-gdbm-prefix-01/bin:/cygdrive/c/Users/crutkasLocal/.copilot/session-state/78f0f9ba-f19f-4afd-aa4a-1837904263a6/files/perl-recovery-20260910/root08-admitted-db-libxcrypt-prefix-01/usr/bin:/cygdrive/c/Users/crutkasLocal/.copilot/session-state/78f0f9ba-f19f-4afd-aa4a-1837904263a6/files/perl-recovery-20260910/root08-admitted-db-libxcrypt-prefix-01/bin ./miniperl.exe -Ilib make_ext.pl cpan/Math-BigInt/pm_to_blib  MAKE="make" LIBPERL_A=msys-perl5_38.dll
Running pm_to_blib for cpan/Math-BigInt directly
PATH=/cygdrive/c/Users/crutkasLocal/.copilot/session-state/78f0f9ba-f19f-4afd-aa4a-1837904263a6/files/perl-recovery-20260910/root08-candidate-commands-17/source-deref:.:/usr/bin/:/cygdrive/c/Users/crutkasLocal/.copilot/session-state/78f0f9ba-f19f-4afd-aa4a-1837904263a6/files/perl-recovery-20260910/root08-runtime-deps-prefix-02-with-utilities/usr/bin:/cygdrive/c/Users/crutkasLocal/.copilot/session-state/78f0f9ba-f19f-4afd-aa4a-1837904263a6/files/perl-recovery-20260910/root08-runtime-deps-prefix-02-with-utilities/bin:/cygdrive/c/Users/crutkasLocal/.copilot/session-state/78f0f9ba-f19f-4afd-aa4a-1837904263a6/files/perl-recovery-20260910/root08-admitted-db-libxcrypt-prefix-01/usr/bin:/cygdrive/c/Users/crutkasLocal/.copilot/session-state/78f0f9ba-f19f-4afd-aa4a-1837904263a6/files/perl-recovery-20260910/root08-admitted-db-libxcrypt-prefix-01/bin:/cygdrive/c/Users/crutkasLocal/.copilot/session-state/78f0f9ba-f19f-4afd-aa4a-1837904263a6/files/perl-recovery-20260910/root08-admitted-gdbm-prefix-01/usr/bin:/cygdrive/c/Users/crutkasLocal/.copilot/session-state/78f0f9ba-f19f-4afd-aa4a-1837904263a6/files/perl-recovery-20260910/root08-admitted-gdbm-prefix-01/bin:/cygdrive/c/Users/crutkasLocal/.copilot/session-state/78f0f9ba-f19f-4afd-aa4a-1837904263a6/files/perl-recovery-20260910/root08-admitted-db-libxcrypt-prefix-01/usr/bin:/cygdrive/c/Users/crutkasLocal/.copilot/session-state/78f0f9ba-f19f-4afd-aa4a-1837904263a6/files/perl-recovery-20260910/root08-admitted-db-libxcrypt-prefix-01/bin ./miniperl.exe -Ilib make_ext.pl cpan/Math-BigRat/pm_to_blib  MAKE="make" LIBPERL_A=msys-perl5_38.dll
Running pm_to_blib for cpan/Math-BigRat directly
PATH=/cygdrive/c/Users/crutkasLocal/.copilot/session-state/78f0f9ba-f19f-4afd-aa4a-1837904263a6/files/perl-recovery-20260910/root08-candidate-commands-17/source-deref:.:/usr/bin/:/cygdrive/c/Users/crutkasLocal/.copilot/session-state/78f0f9ba-f19f-4afd-aa4a-1837904263a6/files/perl-recovery-20260910/root08-runtime-deps-prefix-02-with-utilities/usr/bin:/cygdrive/c/Users/crutkasLocal/.copilot/session-state/78f0f9ba-f19f-4afd-aa4a-1837904263a6/files/perl-recovery-20260910/root08-runtime-deps-prefix-02-with-utilities/bin:/cygdrive/c/Users/crutkasLocal/.copilot/session-state/78f0f9ba-f19f-4afd-aa4a-1837904263a6/files/perl-recovery-20260910/root08-admitted-db-libxcrypt-prefix-01/usr/bin:/cygdrive/c/Users/crutkasLocal/.copilot/session-state/78f0f9ba-f19f-4afd-aa4a-1837904263a6/files/perl-recovery-20260910/root08-admitted-db-libxcrypt-prefix-01/bin:/cygdrive/c/Users/crutkasLocal/.copilot/session-state/78f0f9ba-f19f-4afd-aa4a-1837904263a6/files/perl-recovery-20260910/root08-admitted-gdbm-prefix-01/usr/bin:/cygdrive/c/Users/crutkasLocal/.copilot/session-state/78f0f9ba-f19f-4afd-aa4a-1837904263a6/files/perl-recovery-20260910/root08-admitted-gdbm-prefix-01/bin:/cygdrive/c/Users/crutkasLocal/.copilot/session-state/78f0f9ba-f19f-4afd-aa4a-1837904263a6/files/perl-recovery-20260910/root08-admitted-db-libxcrypt-prefix-01/usr/bin:/cygdrive/c/Users/crutkasLocal/.copilot/session-state/78f0f9ba-f19f-4afd-aa4a-1837904263a6/files/perl-recovery-20260910/root08-admitted-db-libxcrypt-prefix-01/bin ./miniperl.exe -Ilib make_ext.pl dist/Math-Complex/pm_to_blib  MAKE="make" LIBPERL_A=msys-perl5_38.dll
make[1]: Entering directory '/cygdrive/c/Users/crutkasLocal/.copilot/session-state/78f0f9ba-f19f-4afd-aa4a-1837904263a6/files/perl-recovery-20260910/root08-candidate-commands-17/source-deref/dist/Math-Complex'
make[1]: Leaving directory '/cygdrive/c/Users/crutkasLocal/.copilot/session-state/78f0f9ba-f19f-4afd-aa4a-1837904263a6/files/perl-recovery-20260910/root08-candidate-commands-17/source-deref/dist/Math-Complex'
PATH=/cygdrive/c/Users/crutkasLocal/.copilot/session-state/78f0f9ba-f19f-4afd-aa4a-1837904263a6/files/perl-recovery-20260910/root08-candidate-commands-17/source-deref:.:/usr/bin/:/cygdrive/c/Users/crutkasLocal/.copilot/session-state/78f0f9ba-f19f-4afd-aa4a-1837904263a6/files/perl-recovery-20260910/root08-runtime-deps-prefix-02-with-utilities/usr/bin:/cygdrive/c/Users/crutkasLocal/.copilot/session-state/78f0f9ba-f19f-4afd-aa4a-1837904263a6/files/perl-recovery-20260910/root08-runtime-deps-prefix-02-with-utilities/bin:/cygdrive/c/Users/crutkasLocal/.copilot/session-state/78f0f9ba-f19f-4afd-aa4a-1837904263a6/files/perl-recovery-20260910/root08-admitted-db-libxcrypt-prefix-01/usr/bin:/cygdrive/c/Users/crutkasLocal/.copilot/session-state/78f0f9ba-f19f-4afd-aa4a-1837904263a6/files/perl-recovery-20260910/root08-admitted-db-libxcrypt-prefix-01/bin:/cygdrive/c/Users/crutkasLocal/.copilot/session-state/78f0f9ba-f19f-4afd-aa4a-1837904263a6/files/perl-recovery-20260910/root08-admitted-gdbm-prefix-01/usr/bin:/cygdrive/c/Users/crutkasLocal/.copilot/session-state/78f0f9ba-f19f-4afd-aa4a-1837904263a6/files/perl-recovery-20260910/root08-admitted-gdbm-prefix-01/bin:/cygdrive/c/Users/crutkasLocal/.copilot/session-state/78f0f9ba-f19f-4afd-aa4a-1837904263a6/files/perl-recovery-20260910/root08-admitted-db-libxcrypt-prefix-01/usr/bin:/cygdrive/c/Users/crutkasLocal/.copilot/session-state/78f0f9ba-f19f-4afd-aa4a-1837904263a6/files/perl-recovery-20260910/root08-admitted-db-libxcrypt-prefix-01/bin ./miniperl.exe -Ilib make_ext.pl cpan/Memoize/pm_to_blib  MAKE="make" LIBPERL_A=msys-perl5_38.dll
Running pm_to_blib for cpan/Memoize directly
PATH=/cygdrive/c/Users/crutkasLocal/.copilot/session-state/78f0f9ba-f19f-4afd-aa4a-1837904263a6/files/perl-recovery-20260910/root08-candidate-commands-17/source-deref:.:/usr/bin/:/cygdrive/c/Users/crutkasLocal/.copilot/session-state/78f0f9ba-f19f-4afd-aa4a-1837904263a6/files/perl-recovery-20260910/root08-runtime-deps-prefix-02-with-utilities/usr/bin:/cygdrive/c/Users/crutkasLocal/.copilot/session-state/78f0f9ba-f19f-4afd-aa4a-1837904263a6/files/perl-recovery-20260910/root08-runtime-deps-prefix-02-with-utilities/bin:/cygdrive/c/Users/crutkasLocal/.copilot/session-state/78f0f9ba-f19f-4afd-aa4a-1837904263a6/files/perl-recovery-20260910/root08-admitted-db-libxcrypt-prefix-01/usr/bin:/cygdrive/c/Users/crutkasLocal/.copilot/session-state/78f0f9ba-f19f-4afd-aa4a-1837904263a6/files/perl-recovery-20260910/root08-admitted-db-libxcrypt-prefix-01/bin:/cygdrive/c/Users/crutkasLocal/.copilot/session-state/78f0f9ba-f19f-4afd-aa4a-1837904263a6/files/perl-recovery-20260910/root08-admitted-gdbm-prefix-01/usr/bin:/cygdrive/c/Users/crutkasLocal/.copilot/session-state/78f0f9ba-f19f-4afd-aa4a-1837904263a6/files/perl-recovery-20260910/root08-admitted-gdbm-prefix-01/bin:/cygdrive/c/Users/crutkasLocal/.copilot/session-state/78f0f9ba-f19f-4afd-aa4a-1837904263a6/files/perl-recovery-20260910/root08-admitted-db-libxcrypt-prefix-01/usr/bin:/cygdrive/c/Users/crutkasLocal/.copilot/session-state/78f0f9ba-f19f-4afd-aa4a-1837904263a6/files/perl-recovery-20260910/root08-admitted-db-libxcrypt-prefix-01/bin ./miniperl.exe -Ilib make_ext.pl dist/Module-CoreList/pm_to_blib  MAKE="make" LIBPERL_A=msys-perl5_38.dll
make[1]: Entering directory '/cygdrive/c/Users/crutkasLocal/.copilot/session-state/78f0f9ba-f19f-4afd-aa4a-1837904263a6/files/perl-recovery-20260910/root08-candidate-commands-17/source-deref/dist/Module-CoreList'
make[1]: Leaving directory '/cygdrive/c/Users/crutkasLocal/.copilot/session-state/78f0f9ba-f19f-4afd-aa4a-1837904263a6/files/perl-recovery-20260910/root08-candidate-commands-17/source-deref/dist/Module-CoreList'
PATH=/cygdrive/c/Users/crutkasLocal/.copilot/session-state/78f0f9ba-f19f-4afd-aa4a-1837904263a6/files/perl-recovery-20260910/root08-candidate-commands-17/source-deref:.:/usr/bin/:/cygdrive/c/Users/crutkasLocal/.copilot/session-state/78f0f9ba-f19f-4afd-aa4a-1837904263a6/files/perl-recovery-20260910/root08-runtime-deps-prefix-02-with-utilities/usr/bin:/cygdrive/c/Users/crutkasLocal/.copilot/session-state/78f0f9ba-f19f-4afd-aa4a-1837904263a6/files/perl-recovery-20260910/root08-runtime-deps-prefix-02-with-utilities/bin:/cygdrive/c/Users/crutkasLocal/.copilot/session-state/78f0f9ba-f19f-4afd-aa4a-1837904263a6/files/perl-recovery-20260910/root08-admitted-db-libxcrypt-prefix-01/usr/bin:/cygdrive/c/Users/crutkasLocal/.copilot/session-state/78f0f9ba-f19f-4afd-aa4a-1837904263a6/files/perl-recovery-20260910/root08-admitted-db-libxcrypt-prefix-01/bin:/cygdrive/c/Users/crutkasLocal/.copilot/session-state/78f0f9ba-f19f-4afd-aa4a-1837904263a6/files/perl-recovery-20260910/root08-admitted-gdbm-prefix-01/usr/bin:/cygdrive/c/Users/crutkasLocal/.copilot/session-state/78f0f9ba-f19f-4afd-aa4a-1837904263a6/files/perl-recovery-20260910/root08-admitted-gdbm-prefix-01/bin:/cygdrive/c/Users/crutkasLocal/.copilot/session-state/78f0f9ba-f19f-4afd-aa4a-1837904263a6/files/perl-recovery-20260910/root08-admitted-db-libxcrypt-prefix-01/usr/bin:/cygdrive/c/Users/crutkasLocal/.copilot/session-state/78f0f9ba-f19f-4afd-aa4a-1837904263a6/files/perl-recovery-20260910/root08-admitted-db-libxcrypt-prefix-01/bin ./miniperl.exe -Ilib make_ext.pl cpan/Module-Load/pm_to_blib  MAKE="make" LIBPERL_A=msys-perl5_38.dll
Running pm_to_blib for cpan/Module-Load directly
PATH=/cygdrive/c/Users/crutkasLocal/.copilot/session-state/78f0f9ba-f19f-4afd-aa4a-1837904263a6/files/perl-recovery-20260910/root08-candidate-commands-17/source-deref:.:/usr/bin/:/cygdrive/c/Users/crutkasLocal/.copilot/session-state/78f0f9ba-f19f-4afd-aa4a-1837904263a6/files/perl-recovery-20260910/root08-runtime-deps-prefix-02-with-utilities/usr/bin:/cygdrive/c/Users/crutkasLocal/.copilot/session-state/78f0f9ba-f19f-4afd-aa4a-1837904263a6/files/perl-recovery-20260910/root08-runtime-deps-prefix-02-with-utilities/bin:/cygdrive/c/Users/crutkasLocal/.copilot/session-state/78f0f9ba-f19f-4afd-aa4a-1837904263a6/files/perl-recovery-20260910/root08-admitted-db-libxcrypt-prefix-01/usr/bin:/cygdrive/c/Users/crutkasLocal/.copilot/session-state/78f0f9ba-f19f-4afd-aa4a-1837904263a6/files/perl-recovery-20260910/root08-admitted-db-libxcrypt-prefix-01/bin:/cygdrive/c/Users/crutkasLocal/.copilot/session-state/78f0f9ba-f19f-4afd-aa4a-1837904263a6/files/perl-recovery-20260910/root08-admitted-gdbm-prefix-01/usr/bin:/cygdrive/c/Users/crutkasLocal/.copilot/session-state/78f0f9ba-f19f-4afd-aa4a-1837904263a6/files/perl-recovery-20260910/root08-admitted-gdbm-prefix-01/bin:/cygdrive/c/Users/crutkasLocal/.copilot/session-state/78f0f9ba-f19f-4afd-aa4a-1837904263a6/files/perl-recovery-20260910/root08-admitted-db-libxcrypt-prefix-01/usr/bin:/cygdrive/c/Users/crutkasLocal/.copilot/session-state/78f0f9ba-f19f-4afd-aa4a-1837904263a6/files/perl-recovery-20260910/root08-admitted-db-libxcrypt-prefix-01/bin ./miniperl.exe -Ilib make_ext.pl cpan/Module-Load-Conditional/pm_to_blib  MAKE="make" LIBPERL_A=msys-perl5_38.dll
Running pm_to_blib for cpan/Module-Load-Conditional directly
PATH=/cygdrive/c/Users/crutkasLocal/.copilot/session-state/78f0f9ba-f19f-4afd-aa4a-1837904263a6/files/perl-recovery-20260910/root08-candidate-commands-17/source-deref:.:/usr/bin/:/cygdrive/c/Users/crutkasLocal/.copilot/session-state/78f0f9ba-f19f-4afd-aa4a-1837904263a6/files/perl-recovery-20260910/root08-runtime-deps-prefix-02-with-utilities/usr/bin:/cygdrive/c/Users/crutkasLocal/.copilot/session-state/78f0f9ba-f19f-4afd-aa4a-1837904263a6/files/perl-recovery-20260910/root08-runtime-deps-prefix-02-with-utilities/bin:/cygdrive/c/Users/crutkasLocal/.copilot/session-state/78f0f9ba-f19f-4afd-aa4a-1837904263a6/files/perl-recovery-20260910/root08-admitted-db-libxcrypt-prefix-01/usr/bin:/cygdrive/c/Users/crutkasLocal/.copilot/session-state/78f0f9ba-f19f-4afd-aa4a-1837904263a6/files/perl-recovery-20260910/root08-admitted-db-libxcrypt-prefix-01/bin:/cygdrive/c/Users/crutkasLocal/.copilot/session-state/78f0f9ba-f19f-4afd-aa4a-1837904263a6/files/perl-recovery-20260910/root08-admitted-gdbm-prefix-01/usr/bin:/cygdrive/c/Users/crutkasLocal/.copilot/session-state/78f0f9ba-f19f-4afd-aa4a-1837904263a6/files/perl-recovery-20260910/root08-admitted-gdbm-prefix-01/bin:/cygdrive/c/Users/crutkasLocal/.copilot/session-state/78f0f9ba-f19f-4afd-aa4a-1837904263a6/files/perl-recovery-20260910/root08-admitted-db-libxcrypt-prefix-01/usr/bin:/cygdrive/c/Users/crutkasLocal/.copilot/session-state/78f0f9ba-f19f-4afd-aa4a-1837904263a6/files/perl-recovery-20260910/root08-admitted-db-libxcrypt-prefix-01/bin ./miniperl.exe -Ilib make_ext.pl cpan/Module-Loaded/pm_to_blib  MAKE="make" LIBPERL_A=msys-perl5_38.dll
Running pm_to_blib for cpan/Module-Loaded directly
PATH=/cygdrive/c/Users/crutkasLocal/.copilot/session-state/78f0f9ba-f19f-4afd-aa4a-1837904263a6/files/perl-recovery-20260910/root08-candidate-commands-17/source-deref:.:/usr/bin/:/cygdrive/c/Users/crutkasLocal/.copilot/session-state/78f0f9ba-f19f-4afd-aa4a-1837904263a6/files/perl-recovery-20260910/root08-runtime-deps-prefix-02-with-utilities/usr/bin:/cygdrive/c/Users/crutkasLocal/.copilot/session-state/78f0f9ba-f19f-4afd-aa4a-1837904263a6/files/perl-recovery-20260910/root08-runtime-deps-prefix-02-with-utilities/bin:/cygdrive/c/Users/crutkasLocal/.copilot/session-state/78f0f9ba-f19f-4afd-aa4a-1837904263a6/files/perl-recovery-20260910/root08-admitted-db-libxcrypt-prefix-01/usr/bin:/cygdrive/c/Users/crutkasLocal/.copilot/session-state/78f0f9ba-f19f-4afd-aa4a-1837904263a6/files/perl-recovery-20260910/root08-admitted-db-libxcrypt-prefix-01/bin:/cygdrive/c/Users/crutkasLocal/.copilot/session-state/78f0f9ba-f19f-4afd-aa4a-1837904263a6/files/perl-recovery-20260910/root08-admitted-gdbm-prefix-01/usr/bin:/cygdrive/c/Users/crutkasLocal/.copilot/session-state/78f0f9ba-f19f-4afd-aa4a-1837904263a6/files/perl-recovery-20260910/root08-admitted-gdbm-prefix-01/bin:/cygdrive/c/Users/crutkasLocal/.copilot/session-state/78f0f9ba-f19f-4afd-aa4a-1837904263a6/files/perl-recovery-20260910/root08-admitted-db-libxcrypt-prefix-01/usr/bin:/cygdrive/c/Users/crutkasLocal/.copilot/session-state/78f0f9ba-f19f-4afd-aa4a-1837904263a6/files/perl-recovery-20260910/root08-admitted-db-libxcrypt-prefix-01/bin ./miniperl.exe -Ilib make_ext.pl cpan/Module-Metadata/pm_to_blib  MAKE="make" LIBPERL_A=msys-perl5_38.dll
make[1]: Entering directory '/cygdrive/c/Users/crutkasLocal/.copilot/session-state/78f0f9ba-f19f-4afd-aa4a-1837904263a6/files/perl-recovery-20260910/root08-candidate-commands-17/source-deref/cpan/Module-Metadata'
make[1]: Leaving directory '/cygdrive/c/Users/crutkasLocal/.copilot/session-state/78f0f9ba-f19f-4afd-aa4a-1837904263a6/files/perl-recovery-20260910/root08-candidate-commands-17/source-deref/cpan/Module-Metadata'
PATH=/cygdrive/c/Users/crutkasLocal/.copilot/session-state/78f0f9ba-f19f-4afd-aa4a-1837904263a6/files/perl-recovery-20260910/root08-candidate-commands-17/source-deref:.:/usr/bin/:/cygdrive/c/Users/crutkasLocal/.copilot/session-state/78f0f9ba-f19f-4afd-aa4a-1837904263a6/files/perl-recovery-20260910/root08-runtime-deps-prefix-02-with-utilities/usr/bin:/cygdrive/c/Users/crutkasLocal/.copilot/session-state/78f0f9ba-f19f-4afd-aa4a-1837904263a6/files/perl-recovery-20260910/root08-runtime-deps-prefix-02-with-utilities/bin:/cygdrive/c/Users/crutkasLocal/.copilot/session-state/78f0f9ba-f19f-4afd-aa4a-1837904263a6/files/perl-recovery-20260910/root08-admitted-db-libxcrypt-prefix-01/usr/bin:/cygdrive/c/Users/crutkasLocal/.copilot/session-state/78f0f9ba-f19f-4afd-aa4a-1837904263a6/files/perl-recovery-20260910/root08-admitted-db-libxcrypt-prefix-01/bin:/cygdrive/c/Users/crutkasLocal/.copilot/session-state/78f0f9ba-f19f-4afd-aa4a-1837904263a6/files/perl-recovery-20260910/root08-admitted-gdbm-prefix-01/usr/bin:/cygdrive/c/Users/crutkasLocal/.copilot/session-state/78f0f9ba-f19f-4afd-aa4a-1837904263a6/files/perl-recovery-20260910/root08-admitted-gdbm-prefix-01/bin:/cygdrive/c/Users/crutkasLocal/.copilot/session-state/78f0f9ba-f19f-4afd-aa4a-1837904263a6/files/perl-recovery-20260910/root08-admitted-db-libxcrypt-prefix-01/usr/bin:/cygdrive/c/Users/crutkasLocal/.copilot/session-state/78f0f9ba-f19f-4afd-aa4a-1837904263a6/files/perl-recovery-20260910/root08-admitted-db-libxcrypt-prefix-01/bin ./miniperl.exe -Ilib make_ext.pl cpan/NEXT/pm_to_blib  MAKE="make" LIBPERL_A=msys-perl5_38.dll
Running pm_to_blib for cpan/NEXT directly
PATH=/cygdrive/c/Users/crutkasLocal/.copilot/session-state/78f0f9ba-f19f-4afd-aa4a-1837904263a6/files/perl-recovery-20260910/root08-candidate-commands-17/source-deref:.:/usr/bin/:/cygdrive/c/Users/crutkasLocal/.copilot/session-state/78f0f9ba-f19f-4afd-aa4a-1837904263a6/files/perl-recovery-20260910/root08-runtime-deps-prefix-02-with-utilities/usr/bin:/cygdrive/c/Users/crutkasLocal/.copilot/session-state/78f0f9ba-f19f-4afd-aa4a-1837904263a6/files/perl-recovery-20260910/root08-runtime-deps-prefix-02-with-utilities/bin:/cygdrive/c/Users/crutkasLocal/.copilot/session-state/78f0f9ba-f19f-4afd-aa4a-1837904263a6/files/perl-recovery-20260910/root08-admitted-db-libxcrypt-prefix-01/usr/bin:/cygdrive/c/Users/crutkasLocal/.copilot/session-state/78f0f9ba-f19f-4afd-aa4a-1837904263a6/files/perl-recovery-20260910/root08-admitted-db-libxcrypt-prefix-01/bin:/cygdrive/c/Users/crutkasLocal/.copilot/session-state/78f0f9ba-f19f-4afd-aa4a-1837904263a6/files/perl-recovery-20260910/root08-admitted-gdbm-prefix-01/usr/bin:/cygdrive/c/Users/crutkasLocal/.copilot/session-state/78f0f9ba-f19f-4afd-aa4a-1837904263a6/files/perl-recovery-20260910/root08-admitted-gdbm-prefix-01/bin:/cygdrive/c/Users/crutkasLocal/.copilot/session-state/78f0f9ba-f19f-4afd-aa4a-1837904263a6/files/perl-recovery-20260910/root08-admitted-db-libxcrypt-prefix-01/usr/bin:/cygdrive/c/Users/crutkasLocal/.copilot/session-state/78f0f9ba-f19f-4afd-aa4a-1837904263a6/files/perl-recovery-20260910/root08-admitted-db-libxcrypt-prefix-01/bin ./miniperl.exe -Ilib make_ext.pl dist/Net-Ping/pm_to_blib  MAKE="make" LIBPERL_A=msys-perl5_38.dll
make[1]: Entering directory '/cygdrive/c/Users/crutkasLocal/.copilot/session-state/78f0f9ba-f19f-4afd-aa4a-1837904263a6/files/perl-recovery-20260910/root08-candidate-commands-17/source-deref/dist/Net-Ping'
make[1]: Leaving directory '/cygdrive/c/Users/crutkasLocal/.copilot/session-state/78f0f9ba-f19f-4afd-aa4a-1837904263a6/files/perl-recovery-20260910/root08-candidate-commands-17/source-deref/dist/Net-Ping'
PATH=/cygdrive/c/Users/crutkasLocal/.copilot/session-state/78f0f9ba-f19f-4afd-aa4a-1837904263a6/files/perl-recovery-20260910/root08-candidate-commands-17/source-deref:.:/usr/bin/:/cygdrive/c/Users/crutkasLocal/.copilot/session-state/78f0f9ba-f19f-4afd-aa4a-1837904263a6/files/perl-recovery-20260910/root08-runtime-deps-prefix-02-with-utilities/usr/bin:/cygdrive/c/Users/crutkasLocal/.copilot/session-state/78f0f9ba-f19f-4afd-aa4a-1837904263a6/files/perl-recovery-20260910/root08-runtime-deps-prefix-02-with-utilities/bin:/cygdrive/c/Users/crutkasLocal/.copilot/session-state/78f0f9ba-f19f-4afd-aa4a-1837904263a6/files/perl-recovery-20260910/root08-admitted-db-libxcrypt-prefix-01/usr/bin:/cygdrive/c/Users/crutkasLocal/.copilot/session-state/78f0f9ba-f19f-4afd-aa4a-1837904263a6/files/perl-recovery-20260910/root08-admitted-db-libxcrypt-prefix-01/bin:/cygdrive/c/Users/crutkasLocal/.copilot/session-state/78f0f9ba-f19f-4afd-aa4a-1837904263a6/files/perl-recovery-20260910/root08-admitted-gdbm-prefix-01/usr/bin:/cygdrive/c/Users/crutkasLocal/.copilot/session-state/78f0f9ba-f19f-4afd-aa4a-1837904263a6/files/perl-recovery-20260910/root08-admitted-gdbm-prefix-01/bin:/cygdrive/c/Users/crutkasLocal/.copilot/session-state/78f0f9ba-f19f-4afd-aa4a-1837904263a6/files/perl-recovery-20260910/root08-admitted-db-libxcrypt-prefix-01/usr/bin:/cygdrive/c/Users/crutkasLocal/.copilot/session-state/78f0f9ba-f19f-4afd-aa4a-1837904263a6/files/perl-recovery-20260910/root08-admitted-db-libxcrypt-prefix-01/bin ./miniperl.exe -Ilib make_ext.pl cpan/Params-Check/pm_to_blib  MAKE="make" LIBPERL_A=msys-perl5_38.dll
Running pm_to_blib for cpan/Params-Check directly
PATH=/cygdrive/c/Users/crutkasLocal/.copilot/session-state/78f0f9ba-f19f-4afd-aa4a-1837904263a6/files/perl-recovery-20260910/root08-candidate-commands-17/source-deref:.:/usr/bin/:/cygdrive/c/Users/crutkasLocal/.copilot/session-state/78f0f9ba-f19f-4afd-aa4a-1837904263a6/files/perl-recovery-20260910/root08-runtime-deps-prefix-02-with-utilities/usr/bin:/cygdrive/c/Users/crutkasLocal/.copilot/session-state/78f0f9ba-f19f-4afd-aa4a-1837904263a6/files/perl-recovery-20260910/root08-runtime-deps-prefix-02-with-utilities/bin:/cygdrive/c/Users/crutkasLocal/.copilot/session-state/78f0f9ba-f19f-4afd-aa4a-1837904263a6/files/perl-recovery-20260910/root08-admitted-db-libxcrypt-prefix-01/usr/bin:/cygdrive/c/Users/crutkasLocal/.copilot/session-state/78f0f9ba-f19f-4afd-aa4a-1837904263a6/files/perl-recovery-20260910/root08-admitted-db-libxcrypt-prefix-01/bin:/cygdrive/c/Users/crutkasLocal/.copilot/session-state/78f0f9ba-f19f-4afd-aa4a-1837904263a6/files/perl-recovery-20260910/root08-admitted-gdbm-prefix-01/usr/bin:/cygdrive/c/Users/crutkasLocal/.copilot/session-state/78f0f9ba-f19f-4afd-aa4a-1837904263a6/files/perl-recovery-20260910/root08-admitted-gdbm-prefix-01/bin:/cygdrive/c/Users/crutkasLocal/.copilot/session-state/78f0f9ba-f19f-4afd-aa4a-1837904263a6/files/perl-recovery-20260910/root08-admitted-db-libxcrypt-prefix-01/usr/bin:/cygdrive/c/Users/crutkasLocal/.copilot/session-state/78f0f9ba-f19f-4afd-aa4a-1837904263a6/files/perl-recovery-20260910/root08-admitted-db-libxcrypt-prefix-01/bin ./miniperl.exe -Ilib make_ext.pl cpan/Perl-OSType/pm_to_blib  MAKE="make" LIBPERL_A=msys-perl5_38.dll
Running pm_to_blib for cpan/Perl-OSType directly
PATH=/cygdrive/c/Users/crutkasLocal/.copilot/session-state/78f0f9ba-f19f-4afd-aa4a-1837904263a6/files/perl-recovery-20260910/root08-candidate-commands-17/source-deref:.:/usr/bin/:/cygdrive/c/Users/crutkasLocal/.copilot/session-state/78f0f9ba-f19f-4afd-aa4a-1837904263a6/files/perl-recovery-20260910/root08-runtime-deps-prefix-02-with-utilities/usr/bin:/cygdrive/c/Users/crutkasLocal/.copilot/session-state/78f0f9ba-f19f-4afd-aa4a-1837904263a6/files/perl-recovery-20260910/root08-runtime-deps-prefix-02-with-utilities/bin:/cygdrive/c/Users/crutkasLocal/.copilot/session-state/78f0f9ba-f19f-4afd-aa4a-1837904263a6/files/perl-recovery-20260910/root08-admitted-db-libxcrypt-prefix-01/usr/bin:/cygdrive/c/Users/crutkasLocal/.copilot/session-state/78f0f9ba-f19f-4afd-aa4a-1837904263a6/files/perl-recovery-20260910/root08-admitted-db-libxcrypt-prefix-01/bin:/cygdrive/c/Users/crutkasLocal/.copilot/session-state/78f0f9ba-f19f-4afd-aa4a-1837904263a6/files/perl-recovery-20260910/root08-admitted-gdbm-prefix-01/usr/bin:/cygdrive/c/Users/crutkasLocal/.copilot/session-state/78f0f9ba-f19f-4afd-aa4a-1837904263a6/files/perl-recovery-20260910/root08-admitted-gdbm-prefix-01/bin:/cygdrive/c/Users/crutkasLocal/.copilot/session-state/78f0f9ba-f19f-4afd-aa4a-1837904263a6/files/perl-recovery-20260910/root08-admitted-db-libxcrypt-prefix-01/usr/bin:/cygdrive/c/Users/crutkasLocal/.copilot/session-state/78f0f9ba-f19f-4afd-aa4a-1837904263a6/files/perl-recovery-20260910/root08-admitted-db-libxcrypt-prefix-01/bin ./miniperl.exe -Ilib make_ext.pl cpan/PerlIO-via-QuotedPrint/pm_to_blib  MAKE="make" LIBPERL_A=msys-perl5_38.dll
Running pm_to_blib for cpan/PerlIO-via-QuotedPrint directly
PATH=/cygdrive/c/Users/crutkasLocal/.copilot/session-state/78f0f9ba-f19f-4afd-aa4a-1837904263a6/files/perl-recovery-20260910/root08-candidate-commands-17/source-deref:.:/usr/bin/:/cygdrive/c/Users/crutkasLocal/.copilot/session-state/78f0f9ba-f19f-4afd-aa4a-1837904263a6/files/perl-recovery-20260910/root08-runtime-deps-prefix-02-with-utilities/usr/bin:/cygdrive/c/Users/crutkasLocal/.copilot/session-state/78f0f9ba-f19f-4afd-aa4a-1837904263a6/files/perl-recovery-20260910/root08-runtime-deps-prefix-02-with-utilities/bin:/cygdrive/c/Users/crutkasLocal/.copilot/session-state/78f0f9ba-f19f-4afd-aa4a-1837904263a6/files/perl-recovery-20260910/root08-admitted-db-libxcrypt-prefix-01/usr/bin:/cygdrive/c/Users/crutkasLocal/.copilot/session-state/78f0f9ba-f19f-4afd-aa4a-1837904263a6/files/perl-recovery-20260910/root08-admitted-db-libxcrypt-prefix-01/bin:/cygdrive/c/Users/crutkasLocal/.copilot/session-state/78f0f9ba-f19f-4afd-aa4a-1837904263a6/files/perl-recovery-20260910/root08-admitted-gdbm-prefix-01/usr/bin:/cygdrive/c/Users/crutkasLocal/.copilot/session-state/78f0f9ba-f19f-4afd-aa4a-1837904263a6/files/perl-recovery-20260910/root08-admitted-gdbm-prefix-01/bin:/cygdrive/c/Users/crutkasLocal/.copilot/session-state/78f0f9ba-f19f-4afd-aa4a-1837904263a6/files/perl-recovery-20260910/root08-admitted-db-libxcrypt-prefix-01/usr/bin:/cygdrive/c/Users/crutkasLocal/.copilot/session-state/78f0f9ba-f19f-4afd-aa4a-1837904263a6/files/perl-recovery-20260910/root08-admitted-db-libxcrypt-prefix-01/bin ./miniperl.exe -Ilib make_ext.pl cpan/Pod-Checker/pm_to_blib  MAKE="make" LIBPERL_A=msys-perl5_38.dll
make[1]: Entering directory '/cygdrive/c/Users/crutkasLocal/.copilot/session-state/78f0f9ba-f19f-4afd-aa4a-1837904263a6/files/perl-recovery-20260910/root08-candidate-commands-17/source-deref/cpan/Pod-Checker'
make[1]: Leaving directory '/cygdrive/c/Users/crutkasLocal/.copilot/session-state/78f0f9ba-f19f-4afd-aa4a-1837904263a6/files/perl-recovery-20260910/root08-candidate-commands-17/source-deref/cpan/Pod-Checker'
PATH=/cygdrive/c/Users/crutkasLocal/.copilot/session-state/78f0f9ba-f19f-4afd-aa4a-1837904263a6/files/perl-recovery-20260910/root08-candidate-commands-17/source-deref:.:/usr/bin/:/cygdrive/c/Users/crutkasLocal/.copilot/session-state/78f0f9ba-f19f-4afd-aa4a-1837904263a6/files/perl-recovery-20260910/root08-runtime-deps-prefix-02-with-utilities/usr/bin:/cygdrive/c/Users/crutkasLocal/.copilot/session-state/78f0f9ba-f19f-4afd-aa4a-1837904263a6/files/perl-recovery-20260910/root08-runtime-deps-prefix-02-with-utilities/bin:/cygdrive/c/Users/crutkasLocal/.copilot/session-state/78f0f9ba-f19f-4afd-aa4a-1837904263a6/files/perl-recovery-20260910/root08-admitted-db-libxcrypt-prefix-01/usr/bin:/cygdrive/c/Users/crutkasLocal/.copilot/session-state/78f0f9ba-f19f-4afd-aa4a-1837904263a6/files/perl-recovery-20260910/root08-admitted-db-libxcrypt-prefix-01/bin:/cygdrive/c/Users/crutkasLocal/.copilot/session-state/78f0f9ba-f19f-4afd-aa4a-1837904263a6/files/perl-recovery-20260910/root08-admitted-gdbm-prefix-01/usr/bin:/cygdrive/c/Users/crutkasLocal/.copilot/session-state/78f0f9ba-f19f-4afd-aa4a-1837904263a6/files/perl-recovery-20260910/root08-admitted-gdbm-prefix-01/bin:/cygdrive/c/Users/crutkasLocal/.copilot/session-state/78f0f9ba-f19f-4afd-aa4a-1837904263a6/files/perl-recovery-20260910/root08-admitted-db-libxcrypt-prefix-01/usr/bin:/cygdrive/c/Users/crutkasLocal/.copilot/session-state/78f0f9ba-f19f-4afd-aa4a-1837904263a6/files/perl-recovery-20260910/root08-admitted-db-libxcrypt-prefix-01/bin ./miniperl.exe -Ilib make_ext.pl cpan/Pod-Escapes/pm_to_blib  MAKE="make" LIBPERL_A=msys-perl5_38.dll
Running pm_to_blib for cpan/Pod-Escapes directly
PATH=/cygdrive/c/Users/crutkasLocal/.copilot/session-state/78f0f9ba-f19f-4afd-aa4a-1837904263a6/files/perl-recovery-20260910/root08-candidate-commands-17/source-deref:.:/usr/bin/:/cygdrive/c/Users/crutkasLocal/.copilot/session-state/78f0f9ba-f19f-4afd-aa4a-1837904263a6/files/perl-recovery-20260910/root08-runtime-deps-prefix-02-with-utilities/usr/bin:/cygdrive/c/Users/crutkasLocal/.copilot/session-state/78f0f9ba-f19f-4afd-aa4a-1837904263a6/files/perl-recovery-20260910/root08-runtime-deps-prefix-02-with-utilities/bin:/cygdrive/c/Users/crutkasLocal/.copilot/session-state/78f0f9ba-f19f-4afd-aa4a-1837904263a6/files/perl-recovery-20260910/root08-admitted-db-libxcrypt-prefix-01/usr/bin:/cygdrive/c/Users/crutkasLocal/.copilot/session-state/78f0f9ba-f19f-4afd-aa4a-1837904263a6/files/perl-recovery-20260910/root08-admitted-db-libxcrypt-prefix-01/bin:/cygdrive/c/Users/crutkasLocal/.copilot/session-state/78f0f9ba-f19f-4afd-aa4a-1837904263a6/files/perl-recovery-20260910/root08-admitted-gdbm-prefix-01/usr/bin:/cygdrive/c/Users/crutkasLocal/.copilot/session-state/78f0f9ba-f19f-4afd-aa4a-1837904263a6/files/perl-recovery-20260910/root08-admitted-gdbm-prefix-01/bin:/cygdrive/c/Users/crutkasLocal/.copilot/session-state/78f0f9ba-f19f-4afd-aa4a-1837904263a6/files/perl-recovery-20260910/root08-admitted-db-libxcrypt-prefix-01/usr/bin:/cygdrive/c/Users/crutkasLocal/.copilot/session-state/78f0f9ba-f19f-4afd-aa4a-1837904263a6/files/perl-recovery-20260910/root08-admitted-db-libxcrypt-prefix-01/bin ./miniperl.exe -Ilib make_ext.pl dist/if/pm_to_blib  MAKE="make" LIBPERL_A=msys-perl5_38.dll
make[1]: Entering directory '/cygdrive/c/Users/crutkasLocal/.copilot/session-state/78f0f9ba-f19f-4afd-aa4a-1837904263a6/files/perl-recovery-20260910/root08-candidate-commands-17/source-deref/dist/if'
make[1]: Leaving directory '/cygdrive/c/Users/crutkasLocal/.copilot/session-state/78f0f9ba-f19f-4afd-aa4a-1837904263a6/files/perl-recovery-20260910/root08-candidate-commands-17/source-deref/dist/if'
PATH=/cygdrive/c/Users/crutkasLocal/.copilot/session-state/78f0f9ba-f19f-4afd-aa4a-1837904263a6/files/perl-recovery-20260910/root08-candidate-commands-17/source-deref:.:/usr/bin/:/cygdrive/c/Users/crutkasLocal/.copilot/session-state/78f0f9ba-f19f-4afd-aa4a-1837904263a6/files/perl-recovery-20260910/root08-runtime-deps-prefix-02-with-utilities/usr/bin:/cygdrive/c/Users/crutkasLocal/.copilot/session-state/78f0f9ba-f19f-4afd-aa4a-1837904263a6/files/perl-recovery-20260910/root08-runtime-deps-prefix-02-with-utilities/bin:/cygdrive/c/Users/crutkasLocal/.copilot/session-state/78f0f9ba-f19f-4afd-aa4a-1837904263a6/files/perl-recovery-20260910/root08-admitted-db-libxcrypt-prefix-01/usr/bin:/cygdrive/c/Users/crutkasLocal/.copilot/session-state/78f0f9ba-f19f-4afd-aa4a-1837904263a6/files/perl-recovery-20260910/root08-admitted-db-libxcrypt-prefix-01/bin:/cygdrive/c/Users/crutkasLocal/.copilot/session-state/78f0f9ba-f19f-4afd-aa4a-1837904263a6/files/perl-recovery-20260910/root08-admitted-gdbm-prefix-01/usr/bin:/cygdrive/c/Users/crutkasLocal/.copilot/session-state/78f0f9ba-f19f-4afd-aa4a-1837904263a6/files/perl-recovery-20260910/root08-admitted-gdbm-prefix-01/bin:/cygdrive/c/Users/crutkasLocal/.copilot/session-state/78f0f9ba-f19f-4afd-aa4a-1837904263a6/files/perl-recovery-20260910/root08-admitted-db-libxcrypt-prefix-01/usr/bin:/cygdrive/c/Users/crutkasLocal/.copilot/session-state/78f0f9ba-f19f-4afd-aa4a-1837904263a6/files/perl-recovery-20260910/root08-admitted-db-libxcrypt-prefix-01/bin ./miniperl.exe -Ilib make_ext.pl cpan/Pod-Simple/pm_to_blib  MAKE="make" LIBPERL_A=msys-perl5_38.dll
Running pm_to_blib for cpan/Pod-Simple directly
PATH=/cygdrive/c/Users/crutkasLocal/.copilot/session-state/78f0f9ba-f19f-4afd-aa4a-1837904263a6/files/perl-recovery-20260910/root08-candidate-commands-17/source-deref:.:/usr/bin/:/cygdrive/c/Users/crutkasLocal/.copilot/session-state/78f0f9ba-f19f-4afd-aa4a-1837904263a6/files/perl-recovery-20260910/root08-runtime-deps-prefix-02-with-utilities/usr/bin:/cygdrive/c/Users/crutkasLocal/.copilot/session-state/78f0f9ba-f19f-4afd-aa4a-1837904263a6/files/perl-recovery-20260910/root08-runtime-deps-prefix-02-with-utilities/bin:/cygdrive/c/Users/crutkasLocal/.copilot/session-state/78f0f9ba-f19f-4afd-aa4a-1837904263a6/files/perl-recovery-20260910/root08-admitted-db-libxcrypt-prefix-01/usr/bin:/cygdrive/c/Users/crutkasLocal/.copilot/session-state/78f0f9ba-f19f-4afd-aa4a-1837904263a6/files/perl-recovery-20260910/root08-admitted-db-libxcrypt-prefix-01/bin:/cygdrive/c/Users/crutkasLocal/.copilot/session-state/78f0f9ba-f19f-4afd-aa4a-1837904263a6/files/perl-recovery-20260910/root08-admitted-gdbm-prefix-01/usr/bin:/cygdrive/c/Users/crutkasLocal/.copilot/session-state/78f0f9ba-f19f-4afd-aa4a-1837904263a6/files/perl-recovery-20260910/root08-admitted-gdbm-prefix-01/bin:/cygdrive/c/Users/crutkasLocal/.copilot/session-state/78f0f9ba-f19f-4afd-aa4a-1837904263a6/files/perl-recovery-20260910/root08-admitted-db-libxcrypt-prefix-01/usr/bin:/cygdrive/c/Users/crutkasLocal/.copilot/session-state/78f0f9ba-f19f-4afd-aa4a-1837904263a6/files/perl-recovery-20260910/root08-admitted-db-libxcrypt-prefix-01/bin ./miniperl.exe -Ilib make_ext.pl ext/Pod-Functions/pm_to_blib  MAKE="make" LIBPERL_A=msys-perl5_38.dll
make[1]: Entering directory '/cygdrive/c/Users/crutkasLocal/.copilot/session-state/78f0f9ba-f19f-4afd-aa4a-1837904263a6/files/perl-recovery-20260910/root08-candidate-commands-17/source-deref/ext/Pod-Functions'
make[1]: Leaving directory '/cygdrive/c/Users/crutkasLocal/.copilot/session-state/78f0f9ba-f19f-4afd-aa4a-1837904263a6/files/perl-recovery-20260910/root08-candidate-commands-17/source-deref/ext/Pod-Functions'
PATH=/cygdrive/c/Users/crutkasLocal/.copilot/session-state/78f0f9ba-f19f-4afd-aa4a-1837904263a6/files/perl-recovery-20260910/root08-candidate-commands-17/source-deref:.:/usr/bin/:/cygdrive/c/Users/crutkasLocal/.copilot/session-state/78f0f9ba-f19f-4afd-aa4a-1837904263a6/files/perl-recovery-20260910/root08-runtime-deps-prefix-02-with-utilities/usr/bin:/cygdrive/c/Users/crutkasLocal/.copilot/session-state/78f0f9ba-f19f-4afd-aa4a-1837904263a6/files/perl-recovery-20260910/root08-runtime-deps-prefix-02-with-utilities/bin:/cygdrive/c/Users/crutkasLocal/.copilot/session-state/78f0f9ba-f19f-4afd-aa4a-1837904263a6/files/perl-recovery-20260910/root08-admitted-db-libxcrypt-prefix-01/usr/bin:/cygdrive/c/Users/crutkasLocal/.copilot/session-state/78f0f9ba-f19f-4afd-aa4a-1837904263a6/files/perl-recovery-20260910/root08-admitted-db-libxcrypt-prefix-01/bin:/cygdrive/c/Users/crutkasLocal/.copilot/session-state/78f0f9ba-f19f-4afd-aa4a-1837904263a6/files/perl-recovery-20260910/root08-admitted-gdbm-prefix-01/usr/bin:/cygdrive/c/Users/crutkasLocal/.copilot/session-state/78f0f9ba-f19f-4afd-aa4a-1837904263a6/files/perl-recovery-20260910/root08-admitted-gdbm-prefix-01/bin:/cygdrive/c/Users/crutkasLocal/.copilot/session-state/78f0f9ba-f19f-4afd-aa4a-1837904263a6/files/perl-recovery-20260910/root08-admitted-db-libxcrypt-prefix-01/usr/bin:/cygdrive/c/Users/crutkasLocal/.copilot/session-state/78f0f9ba-f19f-4afd-aa4a-1837904263a6/files/perl-recovery-20260910/root08-admitted-db-libxcrypt-prefix-01/bin ./miniperl.exe -Ilib make_ext.pl ext/Pod-Html/pm_to_blib  MAKE="make" LIBPERL_A=msys-perl5_38.dll
make[1]: Entering directory '/cygdrive/c/Users/crutkasLocal/.copilot/session-state/78f0f9ba-f19f-4afd-aa4a-1837904263a6/files/perl-recovery-20260910/root08-candidate-commands-17/source-deref/ext/Pod-Html'
make[1]: Leaving directory '/cygdrive/c/Users/crutkasLocal/.copilot/session-state/78f0f9ba-f19f-4afd-aa4a-1837904263a6/files/perl-recovery-20260910/root08-candidate-commands-17/source-deref/ext/Pod-Html'
PATH=/cygdrive/c/Users/crutkasLocal/.copilot/session-state/78f0f9ba-f19f-4afd-aa4a-1837904263a6/files/perl-recovery-20260910/root08-candidate-commands-17/source-deref:.:/usr/bin/:/cygdrive/c/Users/crutkasLocal/.copilot/session-state/78f0f9ba-f19f-4afd-aa4a-1837904263a6/files/perl-recovery-20260910/root08-runtime-deps-prefix-02-with-utilities/usr/bin:/cygdrive/c/Users/crutkasLocal/.copilot/session-state/78f0f9ba-f19f-4afd-aa4a-1837904263a6/files/perl-recovery-20260910/root08-runtime-deps-prefix-02-with-utilities/bin:/cygdrive/c/Users/crutkasLocal/.copilot/session-state/78f0f9ba-f19f-4afd-aa4a-1837904263a6/files/perl-recovery-20260910/root08-admitted-db-libxcrypt-prefix-01/usr/bin:/cygdrive/c/Users/crutkasLocal/.copilot/session-state/78f0f9ba-f19f-4afd-aa4a-1837904263a6/files/perl-recovery-20260910/root08-admitted-db-libxcrypt-prefix-01/bin:/cygdrive/c/Users/crutkasLocal/.copilot/session-state/78f0f9ba-f19f-4afd-aa4a-1837904263a6/files/perl-recovery-20260910/root08-admitted-gdbm-prefix-01/usr/bin:/cygdrive/c/Users/crutkasLocal/.copilot/session-state/78f0f9ba-f19f-4afd-aa4a-1837904263a6/files/perl-recovery-20260910/root08-admitted-gdbm-prefix-01/bin:/cygdrive/c/Users/crutkasLocal/.copilot/session-state/78f0f9ba-f19f-4afd-aa4a-1837904263a6/files/perl-recovery-20260910/root08-admitted-db-libxcrypt-prefix-01/usr/bin:/cygdrive/c/Users/crutkasLocal/.copilot/session-state/78f0f9ba-f19f-4afd-aa4a-1837904263a6/files/perl-recovery-20260910/root08-admitted-db-libxcrypt-prefix-01/bin ./miniperl.exe -Ilib make_ext.pl cpan/Pod-Perldoc/pm_to_blib  MAKE="make" LIBPERL_A=msys-perl5_38.dll
make[1]: Entering directory '/cygdrive/c/Users/crutkasLocal/.copilot/session-state/78f0f9ba-f19f-4afd-aa4a-1837904263a6/files/perl-recovery-20260910/root08-candidate-commands-17/source-deref/cpan/Pod-Perldoc'
make[1]: Leaving directory '/cygdrive/c/Users/crutkasLocal/.copilot/session-state/78f0f9ba-f19f-4afd-aa4a-1837904263a6/files/perl-recovery-20260910/root08-candidate-commands-17/source-deref/cpan/Pod-Perldoc'
PATH=/cygdrive/c/Users/crutkasLocal/.copilot/session-state/78f0f9ba-f19f-4afd-aa4a-1837904263a6/files/perl-recovery-20260910/root08-candidate-commands-17/source-deref:.:/usr/bin/:/cygdrive/c/Users/crutkasLocal/.copilot/session-state/78f0f9ba-f19f-4afd-aa4a-1837904263a6/files/perl-recovery-20260910/root08-runtime-deps-prefix-02-with-utilities/usr/bin:/cygdrive/c/Users/crutkasLocal/.copilot/session-state/78f0f9ba-f19f-4afd-aa4a-1837904263a6/files/perl-recovery-20260910/root08-runtime-deps-prefix-02-with-utilities/bin:/cygdrive/c/Users/crutkasLocal/.copilot/session-state/78f0f9ba-f19f-4afd-aa4a-1837904263a6/files/perl-recovery-20260910/root08-admitted-db-libxcrypt-prefix-01/usr/bin:/cygdrive/c/Users/crutkasLocal/.copilot/session-state/78f0f9ba-f19f-4afd-aa4a-1837904263a6/files/perl-recovery-20260910/root08-admitted-db-libxcrypt-prefix-01/bin:/cygdrive/c/Users/crutkasLocal/.copilot/session-state/78f0f9ba-f19f-4afd-aa4a-1837904263a6/files/perl-recovery-20260910/root08-admitted-gdbm-prefix-01/usr/bin:/cygdrive/c/Users/crutkasLocal/.copilot/session-state/78f0f9ba-f19f-4afd-aa4a-1837904263a6/files/perl-recovery-20260910/root08-admitted-gdbm-prefix-01/bin:/cygdrive/c/Users/crutkasLocal/.copilot/session-state/78f0f9ba-f19f-4afd-aa4a-1837904263a6/files/perl-recovery-20260910/root08-admitted-db-libxcrypt-prefix-01/usr/bin:/cygdrive/c/Users/crutkasLocal/.copilot/session-state/78f0f9ba-f19f-4afd-aa4a-1837904263a6/files/perl-recovery-20260910/root08-admitted-db-libxcrypt-prefix-01/bin ./miniperl.exe -Ilib make_ext.pl cpan/Pod-Usage/pm_to_blib  MAKE="make" LIBPERL_A=msys-perl5_38.dll
make[1]: Entering directory '/cygdrive/c/Users/crutkasLocal/.copilot/session-state/78f0f9ba-f19f-4afd-aa4a-1837904263a6/files/perl-recovery-20260910/root08-candidate-commands-17/source-deref/cpan/Pod-Usage'
make[1]: Leaving directory '/cygdrive/c/Users/crutkasLocal/.copilot/session-state/78f0f9ba-f19f-4afd-aa4a-1837904263a6/files/perl-recovery-20260910/root08-candidate-commands-17/source-deref/cpan/Pod-Usage'
PATH=/cygdrive/c/Users/crutkasLocal/.copilot/session-state/78f0f9ba-f19f-4afd-aa4a-1837904263a6/files/perl-recovery-20260910/root08-candidate-commands-17/source-deref:.:/usr/bin/:/cygdrive/c/Users/crutkasLocal/.copilot/session-state/78f0f9ba-f19f-4afd-aa4a-1837904263a6/files/perl-recovery-20260910/root08-runtime-deps-prefix-02-with-utilities/usr/bin:/cygdrive/c/Users/crutkasLocal/.copilot/session-state/78f0f9ba-f19f-4afd-aa4a-1837904263a6/files/perl-recovery-20260910/root08-runtime-deps-prefix-02-with-utilities/bin:/cygdrive/c/Users/crutkasLocal/.copilot/session-state/78f0f9ba-f19f-4afd-aa4a-1837904263a6/files/perl-recovery-20260910/root08-admitted-db-libxcrypt-prefix-01/usr/bin:/cygdrive/c/Users/crutkasLocal/.copilot/session-state/78f0f9ba-f19f-4afd-aa4a-1837904263a6/files/perl-recovery-20260910/root08-admitted-db-libxcrypt-prefix-01/bin:/cygdrive/c/Users/crutkasLocal/.copilot/session-state/78f0f9ba-f19f-4afd-aa4a-1837904263a6/files/perl-recovery-20260910/root08-admitted-gdbm-prefix-01/usr/bin:/cygdrive/c/Users/crutkasLocal/.copilot/session-state/78f0f9ba-f19f-4afd-aa4a-1837904263a6/files/perl-recovery-20260910/root08-admitted-gdbm-prefix-01/bin:/cygdrive/c/Users/crutkasLocal/.copilot/session-state/78f0f9ba-f19f-4afd-aa4a-1837904263a6/files/perl-recovery-20260910/root08-admitted-db-libxcrypt-prefix-01/usr/bin:/cygdrive/c/Users/crutkasLocal/.copilot/session-state/78f0f9ba-f19f-4afd-aa4a-1837904263a6/files/perl-recovery-20260910/root08-admitted-db-libxcrypt-prefix-01/bin ./miniperl.exe -Ilib make_ext.pl dist/Safe/pm_to_blib  MAKE="make" LIBPERL_A=msys-perl5_38.dll
Running pm_to_blib for dist/Safe directly
PATH=/cygdrive/c/Users/crutkasLocal/.copilot/session-state/78f0f9ba-f19f-4afd-aa4a-1837904263a6/files/perl-recovery-20260910/root08-candidate-commands-17/source-deref:.:/usr/bin/:/cygdrive/c/Users/crutkasLocal/.copilot/session-state/78f0f9ba-f19f-4afd-aa4a-1837904263a6/files/perl-recovery-20260910/root08-runtime-deps-prefix-02-with-utilities/usr/bin:/cygdrive/c/Users/crutkasLocal/.copilot/session-state/78f0f9ba-f19f-4afd-aa4a-1837904263a6/files/perl-recovery-20260910/root08-runtime-deps-prefix-02-with-utilities/bin:/cygdrive/c/Users/crutkasLocal/.copilot/session-state/78f0f9ba-f19f-4afd-aa4a-1837904263a6/files/perl-recovery-20260910/root08-admitted-db-libxcrypt-prefix-01/usr/bin:/cygdrive/c/Users/crutkasLocal/.copilot/session-state/78f0f9ba-f19f-4afd-aa4a-1837904263a6/files/perl-recovery-20260910/root08-admitted-db-libxcrypt-prefix-01/bin:/cygdrive/c/Users/crutkasLocal/.copilot/session-state/78f0f9ba-f19f-4afd-aa4a-1837904263a6/files/perl-recovery-20260910/root08-admitted-gdbm-prefix-01/usr/bin:/cygdrive/c/Users/crutkasLocal/.copilot/session-state/78f0f9ba-f19f-4afd-aa4a-1837904263a6/files/perl-recovery-20260910/root08-admitted-gdbm-prefix-01/bin:/cygdrive/c/Users/crutkasLocal/.copilot/session-state/78f0f9ba-f19f-4afd-aa4a-1837904263a6/files/perl-recovery-20260910/root08-admitted-db-libxcrypt-prefix-01/usr/bin:/cygdrive/c/Users/crutkasLocal/.copilot/session-state/78f0f9ba-f19f-4afd-aa4a-1837904263a6/files/perl-recovery-20260910/root08-admitted-db-libxcrypt-prefix-01/bin ./miniperl.exe -Ilib make_ext.pl dist/Search-Dict/pm_to_blib  MAKE="make" LIBPERL_A=msys-perl5_38.dll
Running pm_to_blib for dist/Search-Dict directly
PATH=/cygdrive/c/Users/crutkasLocal/.copilot/session-state/78f0f9ba-f19f-4afd-aa4a-1837904263a6/files/perl-recovery-20260910/root08-candidate-commands-17/source-deref:.:/usr/bin/:/cygdrive/c/Users/crutkasLocal/.copilot/session-state/78f0f9ba-f19f-4afd-aa4a-1837904263a6/files/perl-recovery-20260910/root08-runtime-deps-prefix-02-with-utilities/usr/bin:/cygdrive/c/Users/crutkasLocal/.copilot/session-state/78f0f9ba-f19f-4afd-aa4a-1837904263a6/files/perl-recovery-20260910/root08-runtime-deps-prefix-02-with-utilities/bin:/cygdrive/c/Users/crutkasLocal/.copilot/session-state/78f0f9ba-f19f-4afd-aa4a-1837904263a6/files/perl-recovery-20260910/root08-admitted-db-libxcrypt-prefix-01/usr/bin:/cygdrive/c/Users/crutkasLocal/.copilot/session-state/78f0f9ba-f19f-4afd-aa4a-1837904263a6/files/perl-recovery-20260910/root08-admitted-db-libxcrypt-prefix-01/bin:/cygdrive/c/Users/crutkasLocal/.copilot/session-state/78f0f9ba-f19f-4afd-aa4a-1837904263a6/files/perl-recovery-20260910/root08-admitted-gdbm-prefix-01/usr/bin:/cygdrive/c/Users/crutkasLocal/.copilot/session-state/78f0f9ba-f19f-4afd-aa4a-1837904263a6/files/perl-recovery-20260910/root08-admitted-gdbm-prefix-01/bin:/cygdrive/c/Users/crutkasLocal/.copilot/session-state/78f0f9ba-f19f-4afd-aa4a-1837904263a6/files/perl-recovery-20260910/root08-admitted-db-libxcrypt-prefix-01/usr/bin:/cygdrive/c/Users/crutkasLocal/.copilot/session-state/78f0f9ba-f19f-4afd-aa4a-1837904263a6/files/perl-recovery-20260910/root08-admitted-db-libxcrypt-prefix-01/bin ./miniperl.exe -Ilib make_ext.pl dist/SelfLoader/pm_to_blib  MAKE="make" LIBPERL_A=msys-perl5_38.dll
make[1]: Entering directory '/cygdrive/c/Users/crutkasLocal/.copilot/session-state/78f0f9ba-f19f-4afd-aa4a-1837904263a6/files/perl-recovery-20260910/root08-candidate-commands-17/source-deref/dist/SelfLoader'
make[1]: Leaving directory '/cygdrive/c/Users/crutkasLocal/.copilot/session-state/78f0f9ba-f19f-4afd-aa4a-1837904263a6/files/perl-recovery-20260910/root08-candidate-commands-17/source-deref/dist/SelfLoader'
PATH=/cygdrive/c/Users/crutkasLocal/.copilot/session-state/78f0f9ba-f19f-4afd-aa4a-1837904263a6/files/perl-recovery-20260910/root08-candidate-commands-17/source-deref:.:/usr/bin/:/cygdrive/c/Users/crutkasLocal/.copilot/session-state/78f0f9ba-f19f-4afd-aa4a-1837904263a6/files/perl-recovery-20260910/root08-runtime-deps-prefix-02-with-utilities/usr/bin:/cygdrive/c/Users/crutkasLocal/.copilot/session-state/78f0f9ba-f19f-4afd-aa4a-1837904263a6/files/perl-recovery-20260910/root08-runtime-deps-prefix-02-with-utilities/bin:/cygdrive/c/Users/crutkasLocal/.copilot/session-state/78f0f9ba-f19f-4afd-aa4a-1837904263a6/files/perl-recovery-20260910/root08-admitted-db-libxcrypt-prefix-01/usr/bin:/cygdrive/c/Users/crutkasLocal/.copilot/session-state/78f0f9ba-f19f-4afd-aa4a-1837904263a6/files/perl-recovery-20260910/root08-admitted-db-libxcrypt-prefix-01/bin:/cygdrive/c/Users/crutkasLocal/.copilot/session-state/78f0f9ba-f19f-4afd-aa4a-1837904263a6/files/perl-recovery-20260910/root08-admitted-gdbm-prefix-01/usr/bin:/cygdrive/c/Users/crutkasLocal/.copilot/session-state/78f0f9ba-f19f-4afd-aa4a-1837904263a6/files/perl-recovery-20260910/root08-admitted-gdbm-prefix-01/bin:/cygdrive/c/Users/crutkasLocal/.copilot/session-state/78f0f9ba-f19f-4afd-aa4a-1837904263a6/files/perl-recovery-20260910/root08-admitted-db-libxcrypt-prefix-01/usr/bin:/cygdrive/c/Users/crutkasLocal/.copilot/session-state/78f0f9ba-f19f-4afd-aa4a-1837904263a6/files/perl-recovery-20260910/root08-admitted-db-libxcrypt-prefix-01/bin ./miniperl.exe -Ilib make_ext.pl cpan/Term-ANSIColor/pm_to_blib  MAKE="make" LIBPERL_A=msys-perl5_38.dll
Running pm_to_blib for cpan/Term-ANSIColor directly
PATH=/cygdrive/c/Users/crutkasLocal/.copilot/session-state/78f0f9ba-f19f-4afd-aa4a-1837904263a6/files/perl-recovery-20260910/root08-candidate-commands-17/source-deref:.:/usr/bin/:/cygdrive/c/Users/crutkasLocal/.copilot/session-state/78f0f9ba-f19f-4afd-aa4a-1837904263a6/files/perl-recovery-20260910/root08-runtime-deps-prefix-02-with-utilities/usr/bin:/cygdrive/c/Users/crutkasLocal/.copilot/session-state/78f0f9ba-f19f-4afd-aa4a-1837904263a6/files/perl-recovery-20260910/root08-runtime-deps-prefix-02-with-utilities/bin:/cygdrive/c/Users/crutkasLocal/.copilot/session-state/78f0f9ba-f19f-4afd-aa4a-1837904263a6/files/perl-recovery-20260910/root08-admitted-db-libxcrypt-prefix-01/usr/bin:/cygdrive/c/Users/crutkasLocal/.copilot/session-state/78f0f9ba-f19f-4afd-aa4a-1837904263a6/files/perl-recovery-20260910/root08-admitted-db-libxcrypt-prefix-01/bin:/cygdrive/c/Users/crutkasLocal/.copilot/session-state/78f0f9ba-f19f-4afd-aa4a-1837904263a6/files/perl-recovery-20260910/root08-admitted-gdbm-prefix-01/usr/bin:/cygdrive/c/Users/crutkasLocal/.copilot/session-state/78f0f9ba-f19f-4afd-aa4a-1837904263a6/files/perl-recovery-20260910/root08-admitted-gdbm-prefix-01/bin:/cygdrive/c/Users/crutkasLocal/.copilot/session-state/78f0f9ba-f19f-4afd-aa4a-1837904263a6/files/perl-recovery-20260910/root08-admitted-db-libxcrypt-prefix-01/usr/bin:/cygdrive/c/Users/crutkasLocal/.copilot/session-state/78f0f9ba-f19f-4afd-aa4a-1837904263a6/files/perl-recovery-20260910/root08-admitted-db-libxcrypt-prefix-01/bin ./miniperl.exe -Ilib make_ext.pl cpan/Term-Cap/pm_to_blib  MAKE="make" LIBPERL_A=msys-perl5_38.dll
make[1]: Entering directory '/cygdrive/c/Users/crutkasLocal/.copilot/session-state/78f0f9ba-f19f-4afd-aa4a-1837904263a6/files/perl-recovery-20260910/root08-candidate-commands-17/source-deref/cpan/Term-Cap'
make[1]: Leaving directory '/cygdrive/c/Users/crutkasLocal/.copilot/session-state/78f0f9ba-f19f-4afd-aa4a-1837904263a6/files/perl-recovery-20260910/root08-candidate-commands-17/source-deref/cpan/Term-Cap'
PATH=/cygdrive/c/Users/crutkasLocal/.copilot/session-state/78f0f9ba-f19f-4afd-aa4a-1837904263a6/files/perl-recovery-20260910/root08-candidate-commands-17/source-deref:.:/usr/bin/:/cygdrive/c/Users/crutkasLocal/.copilot/session-state/78f0f9ba-f19f-4afd-aa4a-1837904263a6/files/perl-recovery-20260910/root08-runtime-deps-prefix-02-with-utilities/usr/bin:/cygdrive/c/Users/crutkasLocal/.copilot/session-state/78f0f9ba-f19f-4afd-aa4a-1837904263a6/files/perl-recovery-20260910/root08-runtime-deps-prefix-02-with-utilities/bin:/cygdrive/c/Users/crutkasLocal/.copilot/session-state/78f0f9ba-f19f-4afd-aa4a-1837904263a6/files/perl-recovery-20260910/root08-admitted-db-libxcrypt-prefix-01/usr/bin:/cygdrive/c/Users/crutkasLocal/.copilot/session-state/78f0f9ba-f19f-4afd-aa4a-1837904263a6/files/perl-recovery-20260910/root08-admitted-db-libxcrypt-prefix-01/bin:/cygdrive/c/Users/crutkasLocal/.copilot/session-state/78f0f9ba-f19f-4afd-aa4a-1837904263a6/files/perl-recovery-20260910/root08-admitted-gdbm-prefix-01/usr/bin:/cygdrive/c/Users/crutkasLocal/.copilot/session-state/78f0f9ba-f19f-4afd-aa4a-1837904263a6/files/perl-recovery-20260910/root08-admitted-gdbm-prefix-01/bin:/cygdrive/c/Users/crutkasLocal/.copilot/session-state/78f0f9ba-f19f-4afd-aa4a-1837904263a6/files/perl-recovery-20260910/root08-admitted-db-libxcrypt-prefix-01/usr/bin:/cygdrive/c/Users/crutkasLocal/.copilot/session-state/78f0f9ba-f19f-4afd-aa4a-1837904263a6/files/perl-recovery-20260910/root08-admitted-db-libxcrypt-prefix-01/bin ./miniperl.exe -Ilib make_ext.pl dist/Term-Complete/pm_to_blib  MAKE="make" LIBPERL_A=msys-perl5_38.dll
Running pm_to_blib for dist/Term-Complete directly
PATH=/cygdrive/c/Users/crutkasLocal/.copilot/session-state/78f0f9ba-f19f-4afd-aa4a-1837904263a6/files/perl-recovery-20260910/root08-candidate-commands-17/source-deref:.:/usr/bin/:/cygdrive/c/Users/crutkasLocal/.copilot/session-state/78f0f9ba-f19f-4afd-aa4a-1837904263a6/files/perl-recovery-20260910/root08-runtime-deps-prefix-02-with-utilities/usr/bin:/cygdrive/c/Users/crutkasLocal/.copilot/session-state/78f0f9ba-f19f-4afd-aa4a-1837904263a6/files/perl-recovery-20260910/root08-runtime-deps-prefix-02-with-utilities/bin:/cygdrive/c/Users/crutkasLocal/.copilot/session-state/78f0f9ba-f19f-4afd-aa4a-1837904263a6/files/perl-recovery-20260910/root08-admitted-db-libxcrypt-prefix-01/usr/bin:/cygdrive/c/Users/crutkasLocal/.copilot/session-state/78f0f9ba-f19f-4afd-aa4a-1837904263a6/files/perl-recovery-20260910/root08-admitted-db-libxcrypt-prefix-01/bin:/cygdrive/c/Users/crutkasLocal/.copilot/session-state/78f0f9ba-f19f-4afd-aa4a-1837904263a6/files/perl-recovery-20260910/root08-admitted-gdbm-prefix-01/usr/bin:/cygdrive/c/Users/crutkasLocal/.copilot/session-state/78f0f9ba-f19f-4afd-aa4a-1837904263a6/files/perl-recovery-20260910/root08-admitted-gdbm-prefix-01/bin:/cygdrive/c/Users/crutkasLocal/.copilot/session-state/78f0f9ba-f19f-4afd-aa4a-1837904263a6/files/perl-recovery-20260910/root08-admitted-db-libxcrypt-prefix-01/usr/bin:/cygdrive/c/Users/crutkasLocal/.copilot/session-state/78f0f9ba-f19f-4afd-aa4a-1837904263a6/files/perl-recovery-20260910/root08-admitted-db-libxcrypt-prefix-01/bin ./miniperl.exe -Ilib make_ext.pl dist/Term-ReadLine/pm_to_blib  MAKE="make" LIBPERL_A=msys-perl5_38.dll
Running pm_to_blib for dist/Term-ReadLine directly
PATH=/cygdrive/c/Users/crutkasLocal/.copilot/session-state/78f0f9ba-f19f-4afd-aa4a-1837904263a6/files/perl-recovery-20260910/root08-candidate-commands-17/source-deref:.:/usr/bin/:/cygdrive/c/Users/crutkasLocal/.copilot/session-state/78f0f9ba-f19f-4afd-aa4a-1837904263a6/files/perl-recovery-20260910/root08-runtime-deps-prefix-02-with-utilities/usr/bin:/cygdrive/c/Users/crutkasLocal/.copilot/session-state/78f0f9ba-f19f-4afd-aa4a-1837904263a6/files/perl-recovery-20260910/root08-runtime-deps-prefix-02-with-utilities/bin:/cygdrive/c/Users/crutkasLocal/.copilot/session-state/78f0f9ba-f19f-4afd-aa4a-1837904263a6/files/perl-recovery-20260910/root08-admitted-db-libxcrypt-prefix-01/usr/bin:/cygdrive/c/Users/crutkasLocal/.copilot/session-state/78f0f9ba-f19f-4afd-aa4a-1837904263a6/files/perl-recovery-20260910/root08-admitted-db-libxcrypt-prefix-01/bin:/cygdrive/c/Users/crutkasLocal/.copilot/session-state/78f0f9ba-f19f-4afd-aa4a-1837904263a6/files/perl-recovery-20260910/root08-admitted-gdbm-prefix-01/usr/bin:/cygdrive/c/Users/crutkasLocal/.copilot/session-state/78f0f9ba-f19f-4afd-aa4a-1837904263a6/files/perl-recovery-20260910/root08-admitted-gdbm-prefix-01/bin:/cygdrive/c/Users/crutkasLocal/.copilot/session-state/78f0f9ba-f19f-4afd-aa4a-1837904263a6/files/perl-recovery-20260910/root08-admitted-db-libxcrypt-prefix-01/usr/bin:/cygdrive/c/Users/crutkasLocal/.copilot/session-state/78f0f9ba-f19f-4afd-aa4a-1837904263a6/files/perl-recovery-20260910/root08-admitted-db-libxcrypt-prefix-01/bin ./miniperl.exe -Ilib make_ext.pl dist/Test/pm_to_blib  MAKE="make" LIBPERL_A=msys-perl5_38.dll
make[1]: Entering directory '/cygdrive/c/Users/crutkasLocal/.copilot/session-state/78f0f9ba-f19f-4afd-aa4a-1837904263a6/files/perl-recovery-20260910/root08-candidate-commands-17/source-deref/dist/Test'
make[1]: Leaving directory '/cygdrive/c/Users/crutkasLocal/.copilot/session-state/78f0f9ba-f19f-4afd-aa4a-1837904263a6/files/perl-recovery-20260910/root08-candidate-commands-17/source-deref/dist/Test'
PATH=/cygdrive/c/Users/crutkasLocal/.copilot/session-state/78f0f9ba-f19f-4afd-aa4a-1837904263a6/files/perl-recovery-20260910/root08-candidate-commands-17/source-deref:.:/usr/bin/:/cygdrive/c/Users/crutkasLocal/.copilot/session-state/78f0f9ba-f19f-4afd-aa4a-1837904263a6/files/perl-recovery-20260910/root08-runtime-deps-prefix-02-with-utilities/usr/bin:/cygdrive/c/Users/crutkasLocal/.copilot/session-state/78f0f9ba-f19f-4afd-aa4a-1837904263a6/files/perl-recovery-20260910/root08-runtime-deps-prefix-02-with-utilities/bin:/cygdrive/c/Users/crutkasLocal/.copilot/session-state/78f0f9ba-f19f-4afd-aa4a-1837904263a6/files/perl-recovery-20260910/root08-admitted-db-libxcrypt-prefix-01/usr/bin:/cygdrive/c/Users/crutkasLocal/.copilot/session-state/78f0f9ba-f19f-4afd-aa4a-1837904263a6/files/perl-recovery-20260910/root08-admitted-db-libxcrypt-prefix-01/bin:/cygdrive/c/Users/crutkasLocal/.copilot/session-state/78f0f9ba-f19f-4afd-aa4a-1837904263a6/files/perl-recovery-20260910/root08-admitted-gdbm-prefix-01/usr/bin:/cygdrive/c/Users/crutkasLocal/.copilot/session-state/78f0f9ba-f19f-4afd-aa4a-1837904263a6/files/perl-recovery-20260910/root08-admitted-gdbm-prefix-01/bin:/cygdrive/c/Users/crutkasLocal/.copilot/session-state/78f0f9ba-f19f-4afd-aa4a-1837904263a6/files/perl-recovery-20260910/root08-admitted-db-libxcrypt-prefix-01/usr/bin:/cygdrive/c/Users/crutkasLocal/.copilot/session-state/78f0f9ba-f19f-4afd-aa4a-1837904263a6/files/perl-recovery-20260910/root08-admitted-db-libxcrypt-prefix-01/bin ./miniperl.exe -Ilib make_ext.pl cpan/Test-Harness/pm_to_blib  MAKE="make" LIBPERL_A=msys-perl5_38.dll
make[1]: Entering directory '/cygdrive/c/Users/crutkasLocal/.copilot/session-state/78f0f9ba-f19f-4afd-aa4a-1837904263a6/files/perl-recovery-20260910/root08-candidate-commands-17/source-deref/cpan/Test-Harness'
make[1]: Leaving directory '/cygdrive/c/Users/crutkasLocal/.copilot/session-state/78f0f9ba-f19f-4afd-aa4a-1837904263a6/files/perl-recovery-20260910/root08-candidate-commands-17/source-deref/cpan/Test-Harness'
PATH=/cygdrive/c/Users/crutkasLocal/.copilot/session-state/78f0f9ba-f19f-4afd-aa4a-1837904263a6/files/perl-recovery-20260910/root08-candidate-commands-17/source-deref:.:/usr/bin/:/cygdrive/c/Users/crutkasLocal/.copilot/session-state/78f0f9ba-f19f-4afd-aa4a-1837904263a6/files/perl-recovery-20260910/root08-runtime-deps-prefix-02-with-utilities/usr/bin:/cygdrive/c/Users/crutkasLocal/.copilot/session-state/78f0f9ba-f19f-4afd-aa4a-1837904263a6/files/perl-recovery-20260910/root08-runtime-deps-prefix-02-with-utilities/bin:/cygdrive/c/Users/crutkasLocal/.copilot/session-state/78f0f9ba-f19f-4afd-aa4a-1837904263a6/files/perl-recovery-20260910/root08-admitted-db-libxcrypt-prefix-01/usr/bin:/cygdrive/c/Users/crutkasLocal/.copilot/session-state/78f0f9ba-f19f-4afd-aa4a-1837904263a6/files/perl-recovery-20260910/root08-admitted-db-libxcrypt-prefix-01/bin:/cygdrive/c/Users/crutkasLocal/.copilot/session-state/78f0f9ba-f19f-4afd-aa4a-1837904263a6/files/perl-recovery-20260910/root08-admitted-gdbm-prefix-01/usr/bin:/cygdrive/c/Users/crutkasLocal/.copilot/session-state/78f0f9ba-f19f-4afd-aa4a-1837904263a6/files/perl-recovery-20260910/root08-admitted-gdbm-prefix-01/bin:/cygdrive/c/Users/crutkasLocal/.copilot/session-state/78f0f9ba-f19f-4afd-aa4a-1837904263a6/files/perl-recovery-20260910/root08-admitted-db-libxcrypt-prefix-01/usr/bin:/cygdrive/c/Users/crutkasLocal/.copilot/session-state/78f0f9ba-f19f-4afd-aa4a-1837904263a6/files/perl-recovery-20260910/root08-admitted-db-libxcrypt-prefix-01/bin ./miniperl.exe -Ilib make_ext.pl cpan/Test-Simple/pm_to_blib  MAKE="make" LIBPERL_A=msys-perl5_38.dll
Running pm_to_blib for cpan/Test-Simple directly
PATH=/cygdrive/c/Users/crutkasLocal/.copilot/session-state/78f0f9ba-f19f-4afd-aa4a-1837904263a6/files/perl-recovery-20260910/root08-candidate-commands-17/source-deref:.:/usr/bin/:/cygdrive/c/Users/crutkasLocal/.copilot/session-state/78f0f9ba-f19f-4afd-aa4a-1837904263a6/files/perl-recovery-20260910/root08-runtime-deps-prefix-02-with-utilities/usr/bin:/cygdrive/c/Users/crutkasLocal/.copilot/session-state/78f0f9ba-f19f-4afd-aa4a-1837904263a6/files/perl-recovery-20260910/root08-runtime-deps-prefix-02-with-utilities/bin:/cygdrive/c/Users/crutkasLocal/.copilot/session-state/78f0f9ba-f19f-4afd-aa4a-1837904263a6/files/perl-recovery-20260910/root08-admitted-db-libxcrypt-prefix-01/usr/bin:/cygdrive/c/Users/crutkasLocal/.copilot/session-state/78f0f9ba-f19f-4afd-aa4a-1837904263a6/files/perl-recovery-20260910/root08-admitted-db-libxcrypt-prefix-01/bin:/cygdrive/c/Users/crutkasLocal/.copilot/session-state/78f0f9ba-f19f-4afd-aa4a-1837904263a6/files/perl-recovery-20260910/root08-admitted-gdbm-prefix-01/usr/bin:/cygdrive/c/Users/crutkasLocal/.copilot/session-state/78f0f9ba-f19f-4afd-aa4a-1837904263a6/files/perl-recovery-20260910/root08-admitted-gdbm-prefix-01/bin:/cygdrive/c/Users/crutkasLocal/.copilot/session-state/78f0f9ba-f19f-4afd-aa4a-1837904263a6/files/perl-recovery-20260910/root08-admitted-db-libxcrypt-prefix-01/usr/bin:/cygdrive/c/Users/crutkasLocal/.copilot/session-state/78f0f9ba-f19f-4afd-aa4a-1837904263a6/files/perl-recovery-20260910/root08-admitted-db-libxcrypt-prefix-01/bin ./miniperl.exe -Ilib make_ext.pl dist/Text-Abbrev/pm_to_blib  MAKE="make" LIBPERL_A=msys-perl5_38.dll
Running pm_to_blib for dist/Text-Abbrev directly
PATH=/cygdrive/c/Users/crutkasLocal/.copilot/session-state/78f0f9ba-f19f-4afd-aa4a-1837904263a6/files/perl-recovery-20260910/root08-candidate-commands-17/source-deref:.:/usr/bin/:/cygdrive/c/Users/crutkasLocal/.copilot/session-state/78f0f9ba-f19f-4afd-aa4a-1837904263a6/files/perl-recovery-20260910/root08-runtime-deps-prefix-02-with-utilities/usr/bin:/cygdrive/c/Users/crutkasLocal/.copilot/session-state/78f0f9ba-f19f-4afd-aa4a-1837904263a6/files/perl-recovery-20260910/root08-runtime-deps-prefix-02-with-utilities/bin:/cygdrive/c/Users/crutkasLocal/.copilot/session-state/78f0f9ba-f19f-4afd-aa4a-1837904263a6/files/perl-recovery-20260910/root08-admitted-db-libxcrypt-prefix-01/usr/bin:/cygdrive/c/Users/crutkasLocal/.copilot/session-state/78f0f9ba-f19f-4afd-aa4a-1837904263a6/files/perl-recovery-20260910/root08-admitted-db-libxcrypt-prefix-01/bin:/cygdrive/c/Users/crutkasLocal/.copilot/session-state/78f0f9ba-f19f-4afd-aa4a-1837904263a6/files/perl-recovery-20260910/root08-admitted-gdbm-prefix-01/usr/bin:/cygdrive/c/Users/crutkasLocal/.copilot/session-state/78f0f9ba-f19f-4afd-aa4a-1837904263a6/files/perl-recovery-20260910/root08-admitted-gdbm-prefix-01/bin:/cygdrive/c/Users/crutkasLocal/.copilot/session-state/78f0f9ba-f19f-4afd-aa4a-1837904263a6/files/perl-recovery-20260910/root08-admitted-db-libxcrypt-prefix-01/usr/bin:/cygdrive/c/Users/crutkasLocal/.copilot/session-state/78f0f9ba-f19f-4afd-aa4a-1837904263a6/files/perl-recovery-20260910/root08-admitted-db-libxcrypt-prefix-01/bin ./miniperl.exe -Ilib make_ext.pl cpan/Text-Balanced/pm_to_blib  MAKE="make" LIBPERL_A=msys-perl5_38.dll
Running pm_to_blib for cpan/Text-Balanced directly
PATH=/cygdrive/c/Users/crutkasLocal/.copilot/session-state/78f0f9ba-f19f-4afd-aa4a-1837904263a6/files/perl-recovery-20260910/root08-candidate-commands-17/source-deref:.:/usr/bin/:/cygdrive/c/Users/crutkasLocal/.copilot/session-state/78f0f9ba-f19f-4afd-aa4a-1837904263a6/files/perl-recovery-20260910/root08-runtime-deps-prefix-02-with-utilities/usr/bin:/cygdrive/c/Users/crutkasLocal/.copilot/session-state/78f0f9ba-f19f-4afd-aa4a-1837904263a6/files/perl-recovery-20260910/root08-runtime-deps-prefix-02-with-utilities/bin:/cygdrive/c/Users/crutkasLocal/.copilot/session-state/78f0f9ba-f19f-4afd-aa4a-1837904263a6/files/perl-recovery-20260910/root08-admitted-db-libxcrypt-prefix-01/usr/bin:/cygdrive/c/Users/crutkasLocal/.copilot/session-state/78f0f9ba-f19f-4afd-aa4a-1837904263a6/files/perl-recovery-20260910/root08-admitted-db-libxcrypt-prefix-01/bin:/cygdrive/c/Users/crutkasLocal/.copilot/session-state/78f0f9ba-f19f-4afd-aa4a-1837904263a6/files/perl-recovery-20260910/root08-admitted-gdbm-prefix-01/usr/bin:/cygdrive/c/Users/crutkasLocal/.copilot/session-state/78f0f9ba-f19f-4afd-aa4a-1837904263a6/files/perl-recovery-20260910/root08-admitted-gdbm-prefix-01/bin:/cygdrive/c/Users/crutkasLocal/.copilot/session-state/78f0f9ba-f19f-4afd-aa4a-1837904263a6/files/perl-recovery-20260910/root08-admitted-db-libxcrypt-prefix-01/usr/bin:/cygdrive/c/Users/crutkasLocal/.copilot/session-state/78f0f9ba-f19f-4afd-aa4a-1837904263a6/files/perl-recovery-20260910/root08-admitted-db-libxcrypt-prefix-01/bin ./miniperl.exe -Ilib make_ext.pl cpan/Text-ParseWords/pm_to_blib  MAKE="make" LIBPERL_A=msys-perl5_38.dll
Running pm_to_blib for cpan/Text-ParseWords directly
PATH=/cygdrive/c/Users/crutkasLocal/.copilot/session-state/78f0f9ba-f19f-4afd-aa4a-1837904263a6/files/perl-recovery-20260910/root08-candidate-commands-17/source-deref:.:/usr/bin/:/cygdrive/c/Users/crutkasLocal/.copilot/session-state/78f0f9ba-f19f-4afd-aa4a-1837904263a6/files/perl-recovery-20260910/root08-runtime-deps-prefix-02-with-utilities/usr/bin:/cygdrive/c/Users/crutkasLocal/.copilot/session-state/78f0f9ba-f19f-4afd-aa4a-1837904263a6/files/perl-recovery-20260910/root08-runtime-deps-prefix-02-with-utilities/bin:/cygdrive/c/Users/crutkasLocal/.copilot/session-state/78f0f9ba-f19f-4afd-aa4a-1837904263a6/files/perl-recovery-20260910/root08-admitted-db-libxcrypt-prefix-01/usr/bin:/cygdrive/c/Users/crutkasLocal/.copilot/session-state/78f0f9ba-f19f-4afd-aa4a-1837904263a6/files/perl-recovery-20260910/root08-admitted-db-libxcrypt-prefix-01/bin:/cygdrive/c/Users/crutkasLocal/.copilot/session-state/78f0f9ba-f19f-4afd-aa4a-1837904263a6/files/perl-recovery-20260910/root08-admitted-gdbm-prefix-01/usr/bin:/cygdrive/c/Users/crutkasLocal/.copilot/session-state/78f0f9ba-f19f-4afd-aa4a-1837904263a6/files/perl-recovery-20260910/root08-admitted-gdbm-prefix-01/bin:/cygdrive/c/Users/crutkasLocal/.copilot/session-state/78f0f9ba-f19f-4afd-aa4a-1837904263a6/files/perl-recovery-20260910/root08-admitted-db-libxcrypt-prefix-01/usr/bin:/cygdrive/c/Users/crutkasLocal/.copilot/session-state/78f0f9ba-f19f-4afd-aa4a-1837904263a6/files/perl-recovery-20260910/root08-admitted-db-libxcrypt-prefix-01/bin ./miniperl.exe -Ilib make_ext.pl cpan/Text-Tabs/pm_to_blib  MAKE="make" LIBPERL_A=msys-perl5_38.dll
Running pm_to_blib for cpan/Text-Tabs directly
PATH=/cygdrive/c/Users/crutkasLocal/.copilot/session-state/78f0f9ba-f19f-4afd-aa4a-1837904263a6/files/perl-recovery-20260910/root08-candidate-commands-17/source-deref:.:/usr/bin/:/cygdrive/c/Users/crutkasLocal/.copilot/session-state/78f0f9ba-f19f-4afd-aa4a-1837904263a6/files/perl-recovery-20260910/root08-runtime-deps-prefix-02-with-utilities/usr/bin:/cygdrive/c/Users/crutkasLocal/.copilot/session-state/78f0f9ba-f19f-4afd-aa4a-1837904263a6/files/perl-recovery-20260910/root08-runtime-deps-prefix-02-with-utilities/bin:/cygdrive/c/Users/crutkasLocal/.copilot/session-state/78f0f9ba-f19f-4afd-aa4a-1837904263a6/files/perl-recovery-20260910/root08-admitted-db-libxcrypt-prefix-01/usr/bin:/cygdrive/c/Users/crutkasLocal/.copilot/session-state/78f0f9ba-f19f-4afd-aa4a-1837904263a6/files/perl-recovery-20260910/root08-admitted-db-libxcrypt-prefix-01/bin:/cygdrive/c/Users/crutkasLocal/.copilot/session-state/78f0f9ba-f19f-4afd-aa4a-1837904263a6/files/perl-recovery-20260910/root08-admitted-gdbm-prefix-01/usr/bin:/cygdrive/c/Users/crutkasLocal/.copilot/session-state/78f0f9ba-f19f-4afd-aa4a-1837904263a6/files/perl-recovery-20260910/root08-admitted-gdbm-prefix-01/bin:/cygdrive/c/Users/crutkasLocal/.copilot/session-state/78f0f9ba-f19f-4afd-aa4a-1837904263a6/files/perl-recovery-20260910/root08-admitted-db-libxcrypt-prefix-01/usr/bin:/cygdrive/c/Users/crutkasLocal/.copilot/session-state/78f0f9ba-f19f-4afd-aa4a-1837904263a6/files/perl-recovery-20260910/root08-admitted-db-libxcrypt-prefix-01/bin ./miniperl.exe -Ilib make_ext.pl dist/Thread-Queue/pm_to_blib  MAKE="make" LIBPERL_A=msys-perl5_38.dll
make[1]: Entering directory '/cygdrive/c/Users/crutkasLocal/.copilot/session-state/78f0f9ba-f19f-4afd-aa4a-1837904263a6/files/perl-recovery-20260910/root08-candidate-commands-17/source-deref/dist/Thread-Queue'
make[1]: Leaving directory '/cygdrive/c/Users/crutkasLocal/.copilot/session-state/78f0f9ba-f19f-4afd-aa4a-1837904263a6/files/perl-recovery-20260910/root08-candidate-commands-17/source-deref/dist/Thread-Queue'
PATH=/cygdrive/c/Users/crutkasLocal/.copilot/session-state/78f0f9ba-f19f-4afd-aa4a-1837904263a6/files/perl-recovery-20260910/root08-candidate-commands-17/source-deref:.:/usr/bin/:/cygdrive/c/Users/crutkasLocal/.copilot/session-state/78f0f9ba-f19f-4afd-aa4a-1837904263a6/files/perl-recovery-20260910/root08-runtime-deps-prefix-02-with-utilities/usr/bin:/cygdrive/c/Users/crutkasLocal/.copilot/session-state/78f0f9ba-f19f-4afd-aa4a-1837904263a6/files/perl-recovery-20260910/root08-runtime-deps-prefix-02-with-utilities/bin:/cygdrive/c/Users/crutkasLocal/.copilot/session-state/78f0f9ba-f19f-4afd-aa4a-1837904263a6/files/perl-recovery-20260910/root08-admitted-db-libxcrypt-prefix-01/usr/bin:/cygdrive/c/Users/crutkasLocal/.copilot/session-state/78f0f9ba-f19f-4afd-aa4a-1837904263a6/files/perl-recovery-20260910/root08-admitted-db-libxcrypt-prefix-01/bin:/cygdrive/c/Users/crutkasLocal/.copilot/session-state/78f0f9ba-f19f-4afd-aa4a-1837904263a6/files/perl-recovery-20260910/root08-admitted-gdbm-prefix-01/usr/bin:/cygdrive/c/Users/crutkasLocal/.copilot/session-state/78f0f9ba-f19f-4afd-aa4a-1837904263a6/files/perl-recovery-20260910/root08-admitted-gdbm-prefix-01/bin:/cygdrive/c/Users/crutkasLocal/.copilot/session-state/78f0f9ba-f19f-4afd-aa4a-1837904263a6/files/perl-recovery-20260910/root08-admitted-db-libxcrypt-prefix-01/usr/bin:/cygdrive/c/Users/crutkasLocal/.copilot/session-state/78f0f9ba-f19f-4afd-aa4a-1837904263a6/files/perl-recovery-20260910/root08-admitted-db-libxcrypt-prefix-01/bin ./miniperl.exe -Ilib make_ext.pl dist/Thread-Semaphore/pm_to_blib  MAKE="make" LIBPERL_A=msys-perl5_38.dll
make[1]: Entering directory '/cygdrive/c/Users/crutkasLocal/.copilot/session-state/78f0f9ba-f19f-4afd-aa4a-1837904263a6/files/perl-recovery-20260910/root08-candidate-commands-17/source-deref/dist/Thread-Semaphore'
make[1]: Leaving directory '/cygdrive/c/Users/crutkasLocal/.copilot/session-state/78f0f9ba-f19f-4afd-aa4a-1837904263a6/files/perl-recovery-20260910/root08-candidate-commands-17/source-deref/dist/Thread-Semaphore'
PATH=/cygdrive/c/Users/crutkasLocal/.copilot/session-state/78f0f9ba-f19f-4afd-aa4a-1837904263a6/files/perl-recovery-20260910/root08-candidate-commands-17/source-deref:.:/usr/bin/:/cygdrive/c/Users/crutkasLocal/.copilot/session-state/78f0f9ba-f19f-4afd-aa4a-1837904263a6/files/perl-recovery-20260910/root08-runtime-deps-prefix-02-with-utilities/usr/bin:/cygdrive/c/Users/crutkasLocal/.copilot/session-state/78f0f9ba-f19f-4afd-aa4a-1837904263a6/files/perl-recovery-20260910/root08-runtime-deps-prefix-02-with-utilities/bin:/cygdrive/c/Users/crutkasLocal/.copilot/session-state/78f0f9ba-f19f-4afd-aa4a-1837904263a6/files/perl-recovery-20260910/root08-admitted-db-libxcrypt-prefix-01/usr/bin:/cygdrive/c/Users/crutkasLocal/.copilot/session-state/78f0f9ba-f19f-4afd-aa4a-1837904263a6/files/perl-recovery-20260910/root08-admitted-db-libxcrypt-prefix-01/bin:/cygdrive/c/Users/crutkasLocal/.copilot/session-state/78f0f9ba-f19f-4afd-aa4a-1837904263a6/files/perl-recovery-20260910/root08-admitted-gdbm-prefix-01/usr/bin:/cygdrive/c/Users/crutkasLocal/.copilot/session-state/78f0f9ba-f19f-4afd-aa4a-1837904263a6/files/perl-recovery-20260910/root08-admitted-gdbm-prefix-01/bin:/cygdrive/c/Users/crutkasLocal/.copilot/session-state/78f0f9ba-f19f-4afd-aa4a-1837904263a6/files/perl-recovery-20260910/root08-admitted-db-libxcrypt-prefix-01/usr/bin:/cygdrive/c/Users/crutkasLocal/.copilot/session-state/78f0f9ba-f19f-4afd-aa4a-1837904263a6/files/perl-recovery-20260910/root08-admitted-db-libxcrypt-prefix-01/bin ./miniperl.exe -Ilib make_ext.pl dist/Tie-File/pm_to_blib  MAKE="make" LIBPERL_A=msys-perl5_38.dll
make[1]: Entering directory '/cygdrive/c/Users/crutkasLocal/.copilot/session-state/78f0f9ba-f19f-4afd-aa4a-1837904263a6/files/perl-recovery-20260910/root08-candidate-commands-17/source-deref/dist/Tie-File'
make[1]: Leaving directory '/cygdrive/c/Users/crutkasLocal/.copilot/session-state/78f0f9ba-f19f-4afd-aa4a-1837904263a6/files/perl-recovery-20260910/root08-candidate-commands-17/source-deref/dist/Tie-File'
PATH=/cygdrive/c/Users/crutkasLocal/.copilot/session-state/78f0f9ba-f19f-4afd-aa4a-1837904263a6/files/perl-recovery-20260910/root08-candidate-commands-17/source-deref:.:/usr/bin/:/cygdrive/c/Users/crutkasLocal/.copilot/session-state/78f0f9ba-f19f-4afd-aa4a-1837904263a6/files/perl-recovery-20260910/root08-runtime-deps-prefix-02-with-utilities/usr/bin:/cygdrive/c/Users/crutkasLocal/.copilot/session-state/78f0f9ba-f19f-4afd-aa4a-1837904263a6/files/perl-recovery-20260910/root08-runtime-deps-prefix-02-with-utilities/bin:/cygdrive/c/Users/crutkasLocal/.copilot/session-state/78f0f9ba-f19f-4afd-aa4a-1837904263a6/files/perl-recovery-20260910/root08-admitted-db-libxcrypt-prefix-01/usr/bin:/cygdrive/c/Users/crutkasLocal/.copilot/session-state/78f0f9ba-f19f-4afd-aa4a-1837904263a6/files/perl-recovery-20260910/root08-admitted-db-libxcrypt-prefix-01/bin:/cygdrive/c/Users/crutkasLocal/.copilot/session-state/78f0f9ba-f19f-4afd-aa4a-1837904263a6/files/perl-recovery-20260910/root08-admitted-gdbm-prefix-01/usr/bin:/cygdrive/c/Users/crutkasLocal/.copilot/session-state/78f0f9ba-f19f-4afd-aa4a-1837904263a6/files/perl-recovery-20260910/root08-admitted-gdbm-prefix-01/bin:/cygdrive/c/Users/crutkasLocal/.copilot/session-state/78f0f9ba-f19f-4afd-aa4a-1837904263a6/files/perl-recovery-20260910/root08-admitted-db-libxcrypt-prefix-01/usr/bin:/cygdrive/c/Users/crutkasLocal/.copilot/session-state/78f0f9ba-f19f-4afd-aa4a-1837904263a6/files/perl-recovery-20260910/root08-admitted-db-libxcrypt-prefix-01/bin ./miniperl.exe -Ilib make_ext.pl ext/Tie-Hash-NamedCapture/pm_to_blib  MAKE="make" LIBPERL_A=msys-perl5_38.dll
Running pm_to_blib for ext/Tie-Hash-NamedCapture directly
PATH=/cygdrive/c/Users/crutkasLocal/.copilot/session-state/78f0f9ba-f19f-4afd-aa4a-1837904263a6/files/perl-recovery-20260910/root08-candidate-commands-17/source-deref:.:/usr/bin/:/cygdrive/c/Users/crutkasLocal/.copilot/session-state/78f0f9ba-f19f-4afd-aa4a-1837904263a6/files/perl-recovery-20260910/root08-runtime-deps-prefix-02-with-utilities/usr/bin:/cygdrive/c/Users/crutkasLocal/.copilot/session-state/78f0f9ba-f19f-4afd-aa4a-1837904263a6/files/perl-recovery-20260910/root08-runtime-deps-prefix-02-with-utilities/bin:/cygdrive/c/Users/crutkasLocal/.copilot/session-state/78f0f9ba-f19f-4afd-aa4a-1837904263a6/files/perl-recovery-20260910/root08-admitted-db-libxcrypt-prefix-01/usr/bin:/cygdrive/c/Users/crutkasLocal/.copilot/session-state/78f0f9ba-f19f-4afd-aa4a-1837904263a6/files/perl-recovery-20260910/root08-admitted-db-libxcrypt-prefix-01/bin:/cygdrive/c/Users/crutkasLocal/.copilot/session-state/78f0f9ba-f19f-4afd-aa4a-1837904263a6/files/perl-recovery-20260910/root08-admitted-gdbm-prefix-01/usr/bin:/cygdrive/c/Users/crutkasLocal/.copilot/session-state/78f0f9ba-f19f-4afd-aa4a-1837904263a6/files/perl-recovery-20260910/root08-admitted-gdbm-prefix-01/bin:/cygdrive/c/Users/crutkasLocal/.copilot/session-state/78f0f9ba-f19f-4afd-aa4a-1837904263a6/files/perl-recovery-20260910/root08-admitted-db-libxcrypt-prefix-01/usr/bin:/cygdrive/c/Users/crutkasLocal/.copilot/session-state/78f0f9ba-f19f-4afd-aa4a-1837904263a6/files/perl-recovery-20260910/root08-admitted-db-libxcrypt-prefix-01/bin ./miniperl.exe -Ilib make_ext.pl ext/Tie-Memoize/pm_to_blib  MAKE="make" LIBPERL_A=msys-perl5_38.dll
Running pm_to_blib for ext/Tie-Memoize directly
PATH=/cygdrive/c/Users/crutkasLocal/.copilot/session-state/78f0f9ba-f19f-4afd-aa4a-1837904263a6/files/perl-recovery-20260910/root08-candidate-commands-17/source-deref:.:/usr/bin/:/cygdrive/c/Users/crutkasLocal/.copilot/session-state/78f0f9ba-f19f-4afd-aa4a-1837904263a6/files/perl-recovery-20260910/root08-runtime-deps-prefix-02-with-utilities/usr/bin:/cygdrive/c/Users/crutkasLocal/.copilot/session-state/78f0f9ba-f19f-4afd-aa4a-1837904263a6/files/perl-recovery-20260910/root08-runtime-deps-prefix-02-with-utilities/bin:/cygdrive/c/Users/crutkasLocal/.copilot/session-state/78f0f9ba-f19f-4afd-aa4a-1837904263a6/files/perl-recovery-20260910/root08-admitted-db-libxcrypt-prefix-01/usr/bin:/cygdrive/c/Users/crutkasLocal/.copilot/session-state/78f0f9ba-f19f-4afd-aa4a-1837904263a6/files/perl-recovery-20260910/root08-admitted-db-libxcrypt-prefix-01/bin:/cygdrive/c/Users/crutkasLocal/.copilot/session-state/78f0f9ba-f19f-4afd-aa4a-1837904263a6/files/perl-recovery-20260910/root08-admitted-gdbm-prefix-01/usr/bin:/cygdrive/c/Users/crutkasLocal/.copilot/session-state/78f0f9ba-f19f-4afd-aa4a-1837904263a6/files/perl-recovery-20260910/root08-admitted-gdbm-prefix-01/bin:/cygdrive/c/Users/crutkasLocal/.copilot/session-state/78f0f9ba-f19f-4afd-aa4a-1837904263a6/files/perl-recovery-20260910/root08-admitted-db-libxcrypt-prefix-01/usr/bin:/cygdrive/c/Users/crutkasLocal/.copilot/session-state/78f0f9ba-f19f-4afd-aa4a-1837904263a6/files/perl-recovery-20260910/root08-admitted-db-libxcrypt-prefix-01/bin ./miniperl.exe -Ilib make_ext.pl cpan/Tie-RefHash/pm_to_blib  MAKE="make" LIBPERL_A=msys-perl5_38.dll
Running pm_to_blib for cpan/Tie-RefHash directly
PATH=/cygdrive/c/Users/crutkasLocal/.copilot/session-state/78f0f9ba-f19f-4afd-aa4a-1837904263a6/files/perl-recovery-20260910/root08-candidate-commands-17/source-deref:.:/usr/bin/:/cygdrive/c/Users/crutkasLocal/.copilot/session-state/78f0f9ba-f19f-4afd-aa4a-1837904263a6/files/perl-recovery-20260910/root08-runtime-deps-prefix-02-with-utilities/usr/bin:/cygdrive/c/Users/crutkasLocal/.copilot/session-state/78f0f9ba-f19f-4afd-aa4a-1837904263a6/files/perl-recovery-20260910/root08-runtime-deps-prefix-02-with-utilities/bin:/cygdrive/c/Users/crutkasLocal/.copilot/session-state/78f0f9ba-f19f-4afd-aa4a-1837904263a6/files/perl-recovery-20260910/root08-admitted-db-libxcrypt-prefix-01/usr/bin:/cygdrive/c/Users/crutkasLocal/.copilot/session-state/78f0f9ba-f19f-4afd-aa4a-1837904263a6/files/perl-recovery-20260910/root08-admitted-db-libxcrypt-prefix-01/bin:/cygdrive/c/Users/crutkasLocal/.copilot/session-state/78f0f9ba-f19f-4afd-aa4a-1837904263a6/files/perl-recovery-20260910/root08-admitted-gdbm-prefix-01/usr/bin:/cygdrive/c/Users/crutkasLocal/.copilot/session-state/78f0f9ba-f19f-4afd-aa4a-1837904263a6/files/perl-recovery-20260910/root08-admitted-gdbm-prefix-01/bin:/cygdrive/c/Users/crutkasLocal/.copilot/session-state/78f0f9ba-f19f-4afd-aa4a-1837904263a6/files/perl-recovery-20260910/root08-admitted-db-libxcrypt-prefix-01/usr/bin:/cygdrive/c/Users/crutkasLocal/.copilot/session-state/78f0f9ba-f19f-4afd-aa4a-1837904263a6/files/perl-recovery-20260910/root08-admitted-db-libxcrypt-prefix-01/bin ./miniperl.exe -Ilib make_ext.pl cpan/Time-Local/pm_to_blib  MAKE="make" LIBPERL_A=msys-perl5_38.dll
Running pm_to_blib for cpan/Time-Local directly
PATH=/cygdrive/c/Users/crutkasLocal/.copilot/session-state/78f0f9ba-f19f-4afd-aa4a-1837904263a6/files/perl-recovery-20260910/root08-candidate-commands-17/source-deref:.:/usr/bin/:/cygdrive/c/Users/crutkasLocal/.copilot/session-state/78f0f9ba-f19f-4afd-aa4a-1837904263a6/files/perl-recovery-20260910/root08-runtime-deps-prefix-02-with-utilities/usr/bin:/cygdrive/c/Users/crutkasLocal/.copilot/session-state/78f0f9ba-f19f-4afd-aa4a-1837904263a6/files/perl-recovery-20260910/root08-runtime-deps-prefix-02-with-utilities/bin:/cygdrive/c/Users/crutkasLocal/.copilot/session-state/78f0f9ba-f19f-4afd-aa4a-1837904263a6/files/perl-recovery-20260910/root08-admitted-db-libxcrypt-prefix-01/usr/bin:/cygdrive/c/Users/crutkasLocal/.copilot/session-state/78f0f9ba-f19f-4afd-aa4a-1837904263a6/files/perl-recovery-20260910/root08-admitted-db-libxcrypt-prefix-01/bin:/cygdrive/c/Users/crutkasLocal/.copilot/session-state/78f0f9ba-f19f-4afd-aa4a-1837904263a6/files/perl-recovery-20260910/root08-admitted-gdbm-prefix-01/usr/bin:/cygdrive/c/Users/crutkasLocal/.copilot/session-state/78f0f9ba-f19f-4afd-aa4a-1837904263a6/files/perl-recovery-20260910/root08-admitted-gdbm-prefix-01/bin:/cygdrive/c/Users/crutkasLocal/.copilot/session-state/78f0f9ba-f19f-4afd-aa4a-1837904263a6/files/perl-recovery-20260910/root08-admitted-db-libxcrypt-prefix-01/usr/bin:/cygdrive/c/Users/crutkasLocal/.copilot/session-state/78f0f9ba-f19f-4afd-aa4a-1837904263a6/files/perl-recovery-20260910/root08-admitted-db-libxcrypt-prefix-01/bin ./miniperl.exe -Ilib make_ext.pl dist/XSLoader/pm_to_blib  MAKE="make" LIBPERL_A=msys-perl5_38.dll
make[1]: Entering directory '/cygdrive/c/Users/crutkasLocal/.copilot/session-state/78f0f9ba-f19f-4afd-aa4a-1837904263a6/files/perl-recovery-20260910/root08-candidate-commands-17/source-deref/dist/XSLoader'
make[1]: Leaving directory '/cygdrive/c/Users/crutkasLocal/.copilot/session-state/78f0f9ba-f19f-4afd-aa4a-1837904263a6/files/perl-recovery-20260910/root08-candidate-commands-17/source-deref/dist/XSLoader'
PATH=/cygdrive/c/Users/crutkasLocal/.copilot/session-state/78f0f9ba-f19f-4afd-aa4a-1837904263a6/files/perl-recovery-20260910/root08-candidate-commands-17/source-deref:.:/usr/bin/:/cygdrive/c/Users/crutkasLocal/.copilot/session-state/78f0f9ba-f19f-4afd-aa4a-1837904263a6/files/perl-recovery-20260910/root08-runtime-deps-prefix-02-with-utilities/usr/bin:/cygdrive/c/Users/crutkasLocal/.copilot/session-state/78f0f9ba-f19f-4afd-aa4a-1837904263a6/files/perl-recovery-20260910/root08-runtime-deps-prefix-02-with-utilities/bin:/cygdrive/c/Users/crutkasLocal/.copilot/session-state/78f0f9ba-f19f-4afd-aa4a-1837904263a6/files/perl-recovery-20260910/root08-admitted-db-libxcrypt-prefix-01/usr/bin:/cygdrive/c/Users/crutkasLocal/.copilot/session-state/78f0f9ba-f19f-4afd-aa4a-1837904263a6/files/perl-recovery-20260910/root08-admitted-db-libxcrypt-prefix-01/bin:/cygdrive/c/Users/crutkasLocal/.copilot/session-state/78f0f9ba-f19f-4afd-aa4a-1837904263a6/files/perl-recovery-20260910/root08-admitted-gdbm-prefix-01/usr/bin:/cygdrive/c/Users/crutkasLocal/.copilot/session-state/78f0f9ba-f19f-4afd-aa4a-1837904263a6/files/perl-recovery-20260910/root08-admitted-gdbm-prefix-01/bin:/cygdrive/c/Users/crutkasLocal/.copilot/session-state/78f0f9ba-f19f-4afd-aa4a-1837904263a6/files/perl-recovery-20260910/root08-admitted-db-libxcrypt-prefix-01/usr/bin:/cygdrive/c/Users/crutkasLocal/.copilot/session-state/78f0f9ba-f19f-4afd-aa4a-1837904263a6/files/perl-recovery-20260910/root08-admitted-db-libxcrypt-prefix-01/bin ./miniperl.exe -Ilib make_ext.pl cpan/autodie/pm_to_blib  MAKE="make" LIBPERL_A=msys-perl5_38.dll
Running pm_to_blib for cpan/autodie directly
PATH=/cygdrive/c/Users/crutkasLocal/.copilot/session-state/78f0f9ba-f19f-4afd-aa4a-1837904263a6/files/perl-recovery-20260910/root08-candidate-commands-17/source-deref:.:/usr/bin/:/cygdrive/c/Users/crutkasLocal/.copilot/session-state/78f0f9ba-f19f-4afd-aa4a-1837904263a6/files/perl-recovery-20260910/root08-runtime-deps-prefix-02-with-utilities/usr/bin:/cygdrive/c/Users/crutkasLocal/.copilot/session-state/78f0f9ba-f19f-4afd-aa4a-1837904263a6/files/perl-recovery-20260910/root08-runtime-deps-prefix-02-with-utilities/bin:/cygdrive/c/Users/crutkasLocal/.copilot/session-state/78f0f9ba-f19f-4afd-aa4a-1837904263a6/files/perl-recovery-20260910/root08-admitted-db-libxcrypt-prefix-01/usr/bin:/cygdrive/c/Users/crutkasLocal/.copilot/session-state/78f0f9ba-f19f-4afd-aa4a-1837904263a6/files/perl-recovery-20260910/root08-admitted-db-libxcrypt-prefix-01/bin:/cygdrive/c/Users/crutkasLocal/.copilot/session-state/78f0f9ba-f19f-4afd-aa4a-1837904263a6/files/perl-recovery-20260910/root08-admitted-gdbm-prefix-01/usr/bin:/cygdrive/c/Users/crutkasLocal/.copilot/session-state/78f0f9ba-f19f-4afd-aa4a-1837904263a6/files/perl-recovery-20260910/root08-admitted-gdbm-prefix-01/bin:/cygdrive/c/Users/crutkasLocal/.copilot/session-state/78f0f9ba-f19f-4afd-aa4a-1837904263a6/files/perl-recovery-20260910/root08-admitted-db-libxcrypt-prefix-01/usr/bin:/cygdrive/c/Users/crutkasLocal/.copilot/session-state/78f0f9ba-f19f-4afd-aa4a-1837904263a6/files/perl-recovery-20260910/root08-admitted-db-libxcrypt-prefix-01/bin ./miniperl.exe -Ilib make_ext.pl dist/autouse/pm_to_blib  MAKE="make" LIBPERL_A=msys-perl5_38.dll
Running pm_to_blib for dist/autouse directly
PATH=/cygdrive/c/Users/crutkasLocal/.copilot/session-state/78f0f9ba-f19f-4afd-aa4a-1837904263a6/files/perl-recovery-20260910/root08-candidate-commands-17/source-deref:.:/usr/bin/:/cygdrive/c/Users/crutkasLocal/.copilot/session-state/78f0f9ba-f19f-4afd-aa4a-1837904263a6/files/perl-recovery-20260910/root08-runtime-deps-prefix-02-with-utilities/usr/bin:/cygdrive/c/Users/crutkasLocal/.copilot/session-state/78f0f9ba-f19f-4afd-aa4a-1837904263a6/files/perl-recovery-20260910/root08-runtime-deps-prefix-02-with-utilities/bin:/cygdrive/c/Users/crutkasLocal/.copilot/session-state/78f0f9ba-f19f-4afd-aa4a-1837904263a6/files/perl-recovery-20260910/root08-admitted-db-libxcrypt-prefix-01/usr/bin:/cygdrive/c/Users/crutkasLocal/.copilot/session-state/78f0f9ba-f19f-4afd-aa4a-1837904263a6/files/perl-recovery-20260910/root08-admitted-db-libxcrypt-prefix-01/bin:/cygdrive/c/Users/crutkasLocal/.copilot/session-state/78f0f9ba-f19f-4afd-aa4a-1837904263a6/files/perl-recovery-20260910/root08-admitted-gdbm-prefix-01/usr/bin:/cygdrive/c/Users/crutkasLocal/.copilot/session-state/78f0f9ba-f19f-4afd-aa4a-1837904263a6/files/perl-recovery-20260910/root08-admitted-gdbm-prefix-01/bin:/cygdrive/c/Users/crutkasLocal/.copilot/session-state/78f0f9ba-f19f-4afd-aa4a-1837904263a6/files/perl-recovery-20260910/root08-admitted-db-libxcrypt-prefix-01/usr/bin:/cygdrive/c/Users/crutkasLocal/.copilot/session-state/78f0f9ba-f19f-4afd-aa4a-1837904263a6/files/perl-recovery-20260910/root08-admitted-db-libxcrypt-prefix-01/bin ./miniperl.exe -Ilib make_ext.pl dist/base/pm_to_blib  MAKE="make" LIBPERL_A=msys-perl5_38.dll
make[1]: Entering directory '/cygdrive/c/Users/crutkasLocal/.copilot/session-state/78f0f9ba-f19f-4afd-aa4a-1837904263a6/files/perl-recovery-20260910/root08-candidate-commands-17/source-deref/dist/base'
make[1]: Leaving directory '/cygdrive/c/Users/crutkasLocal/.copilot/session-state/78f0f9ba-f19f-4afd-aa4a-1837904263a6/files/perl-recovery-20260910/root08-candidate-commands-17/source-deref/dist/base'
PATH=/cygdrive/c/Users/crutkasLocal/.copilot/session-state/78f0f9ba-f19f-4afd-aa4a-1837904263a6/files/perl-recovery-20260910/root08-candidate-commands-17/source-deref:.:/usr/bin/:/cygdrive/c/Users/crutkasLocal/.copilot/session-state/78f0f9ba-f19f-4afd-aa4a-1837904263a6/files/perl-recovery-20260910/root08-runtime-deps-prefix-02-with-utilities/usr/bin:/cygdrive/c/Users/crutkasLocal/.copilot/session-state/78f0f9ba-f19f-4afd-aa4a-1837904263a6/files/perl-recovery-20260910/root08-runtime-deps-prefix-02-with-utilities/bin:/cygdrive/c/Users/crutkasLocal/.copilot/session-state/78f0f9ba-f19f-4afd-aa4a-1837904263a6/files/perl-recovery-20260910/root08-admitted-db-libxcrypt-prefix-01/usr/bin:/cygdrive/c/Users/crutkasLocal/.copilot/session-state/78f0f9ba-f19f-4afd-aa4a-1837904263a6/files/perl-recovery-20260910/root08-admitted-db-libxcrypt-prefix-01/bin:/cygdrive/c/Users/crutkasLocal/.copilot/session-state/78f0f9ba-f19f-4afd-aa4a-1837904263a6/files/perl-recovery-20260910/root08-admitted-gdbm-prefix-01/usr/bin:/cygdrive/c/Users/crutkasLocal/.copilot/session-state/78f0f9ba-f19f-4afd-aa4a-1837904263a6/files/perl-recovery-20260910/root08-admitted-gdbm-prefix-01/bin:/cygdrive/c/Users/crutkasLocal/.copilot/session-state/78f0f9ba-f19f-4afd-aa4a-1837904263a6/files/perl-recovery-20260910/root08-admitted-db-libxcrypt-prefix-01/usr/bin:/cygdrive/c/Users/crutkasLocal/.copilot/session-state/78f0f9ba-f19f-4afd-aa4a-1837904263a6/files/perl-recovery-20260910/root08-admitted-db-libxcrypt-prefix-01/bin ./miniperl.exe -Ilib make_ext.pl cpan/bignum/pm_to_blib  MAKE="make" LIBPERL_A=msys-perl5_38.dll
make[1]: Entering directory '/cygdrive/c/Users/crutkasLocal/.copilot/session-state/78f0f9ba-f19f-4afd-aa4a-1837904263a6/files/perl-recovery-20260910/root08-candidate-commands-17/source-deref/cpan/bignum'
make[1]: Leaving directory '/cygdrive/c/Users/crutkasLocal/.copilot/session-state/78f0f9ba-f19f-4afd-aa4a-1837904263a6/files/perl-recovery-20260910/root08-candidate-commands-17/source-deref/cpan/bignum'
PATH=/cygdrive/c/Users/crutkasLocal/.copilot/session-state/78f0f9ba-f19f-4afd-aa4a-1837904263a6/files/perl-recovery-20260910/root08-candidate-commands-17/source-deref:.:/usr/bin/:/cygdrive/c/Users/crutkasLocal/.copilot/session-state/78f0f9ba-f19f-4afd-aa4a-1837904263a6/files/perl-recovery-20260910/root08-runtime-deps-prefix-02-with-utilities/usr/bin:/cygdrive/c/Users/crutkasLocal/.copilot/session-state/78f0f9ba-f19f-4afd-aa4a-1837904263a6/files/perl-recovery-20260910/root08-runtime-deps-prefix-02-with-utilities/bin:/cygdrive/c/Users/crutkasLocal/.copilot/session-state/78f0f9ba-f19f-4afd-aa4a-1837904263a6/files/perl-recovery-20260910/root08-admitted-db-libxcrypt-prefix-01/usr/bin:/cygdrive/c/Users/crutkasLocal/.copilot/session-state/78f0f9ba-f19f-4afd-aa4a-1837904263a6/files/perl-recovery-20260910/root08-admitted-db-libxcrypt-prefix-01/bin:/cygdrive/c/Users/crutkasLocal/.copilot/session-state/78f0f9ba-f19f-4afd-aa4a-1837904263a6/files/perl-recovery-20260910/root08-admitted-gdbm-prefix-01/usr/bin:/cygdrive/c/Users/crutkasLocal/.copilot/session-state/78f0f9ba-f19f-4afd-aa4a-1837904263a6/files/perl-recovery-20260910/root08-admitted-gdbm-prefix-01/bin:/cygdrive/c/Users/crutkasLocal/.copilot/session-state/78f0f9ba-f19f-4afd-aa4a-1837904263a6/files/perl-recovery-20260910/root08-admitted-db-libxcrypt-prefix-01/usr/bin:/cygdrive/c/Users/crutkasLocal/.copilot/session-state/78f0f9ba-f19f-4afd-aa4a-1837904263a6/files/perl-recovery-20260910/root08-admitted-db-libxcrypt-prefix-01/bin ./miniperl.exe -Ilib make_ext.pl dist/constant/pm_to_blib  MAKE="make" LIBPERL_A=msys-perl5_38.dll
make[1]: Entering directory '/cygdrive/c/Users/crutkasLocal/.copilot/session-state/78f0f9ba-f19f-4afd-aa4a-1837904263a6/files/perl-recovery-20260910/root08-candidate-commands-17/source-deref/dist/constant'
make[1]: Leaving directory '/cygdrive/c/Users/crutkasLocal/.copilot/session-state/78f0f9ba-f19f-4afd-aa4a-1837904263a6/files/perl-recovery-20260910/root08-candidate-commands-17/source-deref/dist/constant'
PATH=/cygdrive/c/Users/crutkasLocal/.copilot/session-state/78f0f9ba-f19f-4afd-aa4a-1837904263a6/files/perl-recovery-20260910/root08-candidate-commands-17/source-deref:.:/usr/bin/:/cygdrive/c/Users/crutkasLocal/.copilot/session-state/78f0f9ba-f19f-4afd-aa4a-1837904263a6/files/perl-recovery-20260910/root08-runtime-deps-prefix-02-with-utilities/usr/bin:/cygdrive/c/Users/crutkasLocal/.copilot/session-state/78f0f9ba-f19f-4afd-aa4a-1837904263a6/files/perl-recovery-20260910/root08-runtime-deps-prefix-02-with-utilities/bin:/cygdrive/c/Users/crutkasLocal/.copilot/session-state/78f0f9ba-f19f-4afd-aa4a-1837904263a6/files/perl-recovery-20260910/root08-admitted-db-libxcrypt-prefix-01/usr/bin:/cygdrive/c/Users/crutkasLocal/.copilot/session-state/78f0f9ba-f19f-4afd-aa4a-1837904263a6/files/perl-recovery-20260910/root08-admitted-db-libxcrypt-prefix-01/bin:/cygdrive/c/Users/crutkasLocal/.copilot/session-state/78f0f9ba-f19f-4afd-aa4a-1837904263a6/files/perl-recovery-20260910/root08-admitted-gdbm-prefix-01/usr/bin:/cygdrive/c/Users/crutkasLocal/.copilot/session-state/78f0f9ba-f19f-4afd-aa4a-1837904263a6/files/perl-recovery-20260910/root08-admitted-gdbm-prefix-01/bin:/cygdrive/c/Users/crutkasLocal/.copilot/session-state/78f0f9ba-f19f-4afd-aa4a-1837904263a6/files/perl-recovery-20260910/root08-admitted-db-libxcrypt-prefix-01/usr/bin:/cygdrive/c/Users/crutkasLocal/.copilot/session-state/78f0f9ba-f19f-4afd-aa4a-1837904263a6/files/perl-recovery-20260910/root08-admitted-db-libxcrypt-prefix-01/bin ./miniperl.exe -Ilib make_ext.pl dist/encoding-warnings/pm_to_blib  MAKE="make" LIBPERL_A=msys-perl5_38.dll
make[1]: Entering directory '/cygdrive/c/Users/crutkasLocal/.copilot/session-state/78f0f9ba-f19f-4afd-aa4a-1837904263a6/files/perl-recovery-20260910/root08-candidate-commands-17/source-deref/dist/encoding-warnings'
make[1]: Leaving directory '/cygdrive/c/Users/crutkasLocal/.copilot/session-state/78f0f9ba-f19f-4afd-aa4a-1837904263a6/files/perl-recovery-20260910/root08-candidate-commands-17/source-deref/dist/encoding-warnings'
PATH=/cygdrive/c/Users/crutkasLocal/.copilot/session-state/78f0f9ba-f19f-4afd-aa4a-1837904263a6/files/perl-recovery-20260910/root08-candidate-commands-17/source-deref:.:/usr/bin/:/cygdrive/c/Users/crutkasLocal/.copilot/session-state/78f0f9ba-f19f-4afd-aa4a-1837904263a6/files/perl-recovery-20260910/root08-runtime-deps-prefix-02-with-utilities/usr/bin:/cygdrive/c/Users/crutkasLocal/.copilot/session-state/78f0f9ba-f19f-4afd-aa4a-1837904263a6/files/perl-recovery-20260910/root08-runtime-deps-prefix-02-with-utilities/bin:/cygdrive/c/Users/crutkasLocal/.copilot/session-state/78f0f9ba-f19f-4afd-aa4a-1837904263a6/files/perl-recovery-20260910/root08-admitted-db-libxcrypt-prefix-01/usr/bin:/cygdrive/c/Users/crutkasLocal/.copilot/session-state/78f0f9ba-f19f-4afd-aa4a-1837904263a6/files/perl-recovery-20260910/root08-admitted-db-libxcrypt-prefix-01/bin:/cygdrive/c/Users/crutkasLocal/.copilot/session-state/78f0f9ba-f19f-4afd-aa4a-1837904263a6/files/perl-recovery-20260910/root08-admitted-gdbm-prefix-01/usr/bin:/cygdrive/c/Users/crutkasLocal/.copilot/session-state/78f0f9ba-f19f-4afd-aa4a-1837904263a6/files/perl-recovery-20260910/root08-admitted-gdbm-prefix-01/bin:/cygdrive/c/Users/crutkasLocal/.copilot/session-state/78f0f9ba-f19f-4afd-aa4a-1837904263a6/files/perl-recovery-20260910/root08-admitted-db-libxcrypt-prefix-01/usr/bin:/cygdrive/c/Users/crutkasLocal/.copilot/session-state/78f0f9ba-f19f-4afd-aa4a-1837904263a6/files/perl-recovery-20260910/root08-admitted-db-libxcrypt-prefix-01/bin ./miniperl.exe -Ilib make_ext.pl cpan/experimental/pm_to_blib  MAKE="make" LIBPERL_A=msys-perl5_38.dll
Running pm_to_blib for cpan/experimental directly
PATH=/cygdrive/c/Users/crutkasLocal/.copilot/session-state/78f0f9ba-f19f-4afd-aa4a-1837904263a6/files/perl-recovery-20260910/root08-candidate-commands-17/source-deref:.:/usr/bin/:/cygdrive/c/Users/crutkasLocal/.copilot/session-state/78f0f9ba-f19f-4afd-aa4a-1837904263a6/files/perl-recovery-20260910/root08-runtime-deps-prefix-02-with-utilities/usr/bin:/cygdrive/c/Users/crutkasLocal/.copilot/session-state/78f0f9ba-f19f-4afd-aa4a-1837904263a6/files/perl-recovery-20260910/root08-runtime-deps-prefix-02-with-utilities/bin:/cygdrive/c/Users/crutkasLocal/.copilot/session-state/78f0f9ba-f19f-4afd-aa4a-1837904263a6/files/perl-recovery-20260910/root08-admitted-db-libxcrypt-prefix-01/usr/bin:/cygdrive/c/Users/crutkasLocal/.copilot/session-state/78f0f9ba-f19f-4afd-aa4a-1837904263a6/files/perl-recovery-20260910/root08-admitted-db-libxcrypt-prefix-01/bin:/cygdrive/c/Users/crutkasLocal/.copilot/session-state/78f0f9ba-f19f-4afd-aa4a-1837904263a6/files/perl-recovery-20260910/root08-admitted-gdbm-prefix-01/usr/bin:/cygdrive/c/Users/crutkasLocal/.copilot/session-state/78f0f9ba-f19f-4afd-aa4a-1837904263a6/files/perl-recovery-20260910/root08-admitted-gdbm-prefix-01/bin:/cygdrive/c/Users/crutkasLocal/.copilot/session-state/78f0f9ba-f19f-4afd-aa4a-1837904263a6/files/perl-recovery-20260910/root08-admitted-db-libxcrypt-prefix-01/usr/bin:/cygdrive/c/Users/crutkasLocal/.copilot/session-state/78f0f9ba-f19f-4afd-aa4a-1837904263a6/files/perl-recovery-20260910/root08-admitted-db-libxcrypt-prefix-01/bin ./miniperl.exe -Ilib make_ext.pl cpan/libnet/pm_to_blib  MAKE="make" LIBPERL_A=msys-perl5_38.dll
make[1]: Entering directory '/cygdrive/c/Users/crutkasLocal/.copilot/session-state/78f0f9ba-f19f-4afd-aa4a-1837904263a6/files/perl-recovery-20260910/root08-candidate-commands-17/source-deref/cpan/libnet'
make[1]: Leaving directory '/cygdrive/c/Users/crutkasLocal/.copilot/session-state/78f0f9ba-f19f-4afd-aa4a-1837904263a6/files/perl-recovery-20260910/root08-candidate-commands-17/source-deref/cpan/libnet'
PATH=/cygdrive/c/Users/crutkasLocal/.copilot/session-state/78f0f9ba-f19f-4afd-aa4a-1837904263a6/files/perl-recovery-20260910/root08-candidate-commands-17/source-deref:.:/usr/bin/:/cygdrive/c/Users/crutkasLocal/.copilot/session-state/78f0f9ba-f19f-4afd-aa4a-1837904263a6/files/perl-recovery-20260910/root08-runtime-deps-prefix-02-with-utilities/usr/bin:/cygdrive/c/Users/crutkasLocal/.copilot/session-state/78f0f9ba-f19f-4afd-aa4a-1837904263a6/files/perl-recovery-20260910/root08-runtime-deps-prefix-02-with-utilities/bin:/cygdrive/c/Users/crutkasLocal/.copilot/session-state/78f0f9ba-f19f-4afd-aa4a-1837904263a6/files/perl-recovery-20260910/root08-admitted-db-libxcrypt-prefix-01/usr/bin:/cygdrive/c/Users/crutkasLocal/.copilot/session-state/78f0f9ba-f19f-4afd-aa4a-1837904263a6/files/perl-recovery-20260910/root08-admitted-db-libxcrypt-prefix-01/bin:/cygdrive/c/Users/crutkasLocal/.copilot/session-state/78f0f9ba-f19f-4afd-aa4a-1837904263a6/files/perl-recovery-20260910/root08-admitted-gdbm-prefix-01/usr/bin:/cygdrive/c/Users/crutkasLocal/.copilot/session-state/78f0f9ba-f19f-4afd-aa4a-1837904263a6/files/perl-recovery-20260910/root08-admitted-gdbm-prefix-01/bin:/cygdrive/c/Users/crutkasLocal/.copilot/session-state/78f0f9ba-f19f-4afd-aa4a-1837904263a6/files/perl-recovery-20260910/root08-admitted-db-libxcrypt-prefix-01/usr/bin:/cygdrive/c/Users/crutkasLocal/.copilot/session-state/78f0f9ba-f19f-4afd-aa4a-1837904263a6/files/perl-recovery-20260910/root08-admitted-db-libxcrypt-prefix-01/bin ./miniperl.exe -Ilib make_ext.pl cpan/parent/pm_to_blib  MAKE="make" LIBPERL_A=msys-perl5_38.dll
Running pm_to_blib for cpan/parent directly
PATH=/cygdrive/c/Users/crutkasLocal/.copilot/session-state/78f0f9ba-f19f-4afd-aa4a-1837904263a6/files/perl-recovery-20260910/root08-candidate-commands-17/source-deref:.:/usr/bin/:/cygdrive/c/Users/crutkasLocal/.copilot/session-state/78f0f9ba-f19f-4afd-aa4a-1837904263a6/files/perl-recovery-20260910/root08-runtime-deps-prefix-02-with-utilities/usr/bin:/cygdrive/c/Users/crutkasLocal/.copilot/session-state/78f0f9ba-f19f-4afd-aa4a-1837904263a6/files/perl-recovery-20260910/root08-runtime-deps-prefix-02-with-utilities/bin:/cygdrive/c/Users/crutkasLocal/.copilot/session-state/78f0f9ba-f19f-4afd-aa4a-1837904263a6/files/perl-recovery-20260910/root08-admitted-db-libxcrypt-prefix-01/usr/bin:/cygdrive/c/Users/crutkasLocal/.copilot/session-state/78f0f9ba-f19f-4afd-aa4a-1837904263a6/files/perl-recovery-20260910/root08-admitted-db-libxcrypt-prefix-01/bin:/cygdrive/c/Users/crutkasLocal/.copilot/session-state/78f0f9ba-f19f-4afd-aa4a-1837904263a6/files/perl-recovery-20260910/root08-admitted-gdbm-prefix-01/usr/bin:/cygdrive/c/Users/crutkasLocal/.copilot/session-state/78f0f9ba-f19f-4afd-aa4a-1837904263a6/files/perl-recovery-20260910/root08-admitted-gdbm-prefix-01/bin:/cygdrive/c/Users/crutkasLocal/.copilot/session-state/78f0f9ba-f19f-4afd-aa4a-1837904263a6/files/perl-recovery-20260910/root08-admitted-db-libxcrypt-prefix-01/usr/bin:/cygdrive/c/Users/crutkasLocal/.copilot/session-state/78f0f9ba-f19f-4afd-aa4a-1837904263a6/files/perl-recovery-20260910/root08-admitted-db-libxcrypt-prefix-01/bin ./miniperl.exe -Ilib make_ext.pl cpan/perlfaq/pm_to_blib  MAKE="make" LIBPERL_A=msys-perl5_38.dll
Running pm_to_blib for cpan/perlfaq directly
PATH=/cygdrive/c/Users/crutkasLocal/.copilot/session-state/78f0f9ba-f19f-4afd-aa4a-1837904263a6/files/perl-recovery-20260910/root08-candidate-commands-17/source-deref:.:/usr/bin/:/cygdrive/c/Users/crutkasLocal/.copilot/session-state/78f0f9ba-f19f-4afd-aa4a-1837904263a6/files/perl-recovery-20260910/root08-runtime-deps-prefix-02-with-utilities/usr/bin:/cygdrive/c/Users/crutkasLocal/.copilot/session-state/78f0f9ba-f19f-4afd-aa4a-1837904263a6/files/perl-recovery-20260910/root08-runtime-deps-prefix-02-with-utilities/bin:/cygdrive/c/Users/crutkasLocal/.copilot/session-state/78f0f9ba-f19f-4afd-aa4a-1837904263a6/files/perl-recovery-20260910/root08-admitted-db-libxcrypt-prefix-01/usr/bin:/cygdrive/c/Users/crutkasLocal/.copilot/session-state/78f0f9ba-f19f-4afd-aa4a-1837904263a6/files/perl-recovery-20260910/root08-admitted-db-libxcrypt-prefix-01/bin:/cygdrive/c/Users/crutkasLocal/.copilot/session-state/78f0f9ba-f19f-4afd-aa4a-1837904263a6/files/perl-recovery-20260910/root08-admitted-gdbm-prefix-01/usr/bin:/cygdrive/c/Users/crutkasLocal/.copilot/session-state/78f0f9ba-f19f-4afd-aa4a-1837904263a6/files/perl-recovery-20260910/root08-admitted-gdbm-prefix-01/bin:/cygdrive/c/Users/crutkasLocal/.copilot/session-state/78f0f9ba-f19f-4afd-aa4a-1837904263a6/files/perl-recovery-20260910/root08-admitted-db-libxcrypt-prefix-01/usr/bin:/cygdrive/c/Users/crutkasLocal/.copilot/session-state/78f0f9ba-f19f-4afd-aa4a-1837904263a6/files/perl-recovery-20260910/root08-admitted-db-libxcrypt-prefix-01/bin ./miniperl.exe -Ilib make_ext.pl cpan/podlators/pm_to_blib  MAKE="make" LIBPERL_A=msys-perl5_38.dll
make[1]: Entering directory '/cygdrive/c/Users/crutkasLocal/.copilot/session-state/78f0f9ba-f19f-4afd-aa4a-1837904263a6/files/perl-recovery-20260910/root08-candidate-commands-17/source-deref/cpan/podlators'
Manifying 2 pod documents
make[1]: Leaving directory '/cygdrive/c/Users/crutkasLocal/.copilot/session-state/78f0f9ba-f19f-4afd-aa4a-1837904263a6/files/perl-recovery-20260910/root08-candidate-commands-17/source-deref/cpan/podlators'
PATH=/cygdrive/c/Users/crutkasLocal/.copilot/session-state/78f0f9ba-f19f-4afd-aa4a-1837904263a6/files/perl-recovery-20260910/root08-candidate-commands-17/source-deref:.:/usr/bin/:/cygdrive/c/Users/crutkasLocal/.copilot/session-state/78f0f9ba-f19f-4afd-aa4a-1837904263a6/files/perl-recovery-20260910/root08-runtime-deps-prefix-02-with-utilities/usr/bin:/cygdrive/c/Users/crutkasLocal/.copilot/session-state/78f0f9ba-f19f-4afd-aa4a-1837904263a6/files/perl-recovery-20260910/root08-runtime-deps-prefix-02-with-utilities/bin:/cygdrive/c/Users/crutkasLocal/.copilot/session-state/78f0f9ba-f19f-4afd-aa4a-1837904263a6/files/perl-recovery-20260910/root08-admitted-db-libxcrypt-prefix-01/usr/bin:/cygdrive/c/Users/crutkasLocal/.copilot/session-state/78f0f9ba-f19f-4afd-aa4a-1837904263a6/files/perl-recovery-20260910/root08-admitted-db-libxcrypt-prefix-01/bin:/cygdrive/c/Users/crutkasLocal/.copilot/session-state/78f0f9ba-f19f-4afd-aa4a-1837904263a6/files/perl-recovery-20260910/root08-admitted-gdbm-prefix-01/usr/bin:/cygdrive/c/Users/crutkasLocal/.copilot/session-state/78f0f9ba-f19f-4afd-aa4a-1837904263a6/files/perl-recovery-20260910/root08-admitted-gdbm-prefix-01/bin:/cygdrive/c/Users/crutkasLocal/.copilot/session-state/78f0f9ba-f19f-4afd-aa4a-1837904263a6/files/perl-recovery-20260910/root08-admitted-db-libxcrypt-prefix-01/usr/bin:/cygdrive/c/Users/crutkasLocal/.copilot/session-state/78f0f9ba-f19f-4afd-aa4a-1837904263a6/files/perl-recovery-20260910/root08-admitted-db-libxcrypt-prefix-01/bin ./miniperl.exe -Ilib make_ext.pl cpan/version/pm_to_blib  MAKE="make" LIBPERL_A=msys-perl5_38.dll
Running pm_to_blib for cpan/version directly
PATH=/cygdrive/c/Users/crutkasLocal/.copilot/session-state/78f0f9ba-f19f-4afd-aa4a-1837904263a6/files/perl-recovery-20260910/root08-candidate-commands-17/source-deref:.:/usr/bin/:/cygdrive/c/Users/crutkasLocal/.copilot/session-state/78f0f9ba-f19f-4afd-aa4a-1837904263a6/files/perl-recovery-20260910/root08-runtime-deps-prefix-02-with-utilities/usr/bin:/cygdrive/c/Users/crutkasLocal/.copilot/session-state/78f0f9ba-f19f-4afd-aa4a-1837904263a6/files/perl-recovery-20260910/root08-runtime-deps-prefix-02-with-utilities/bin:/cygdrive/c/Users/crutkasLocal/.copilot/session-state/78f0f9ba-f19f-4afd-aa4a-1837904263a6/files/perl-recovery-20260910/root08-admitted-db-libxcrypt-prefix-01/usr/bin:/cygdrive/c/Users/crutkasLocal/.copilot/session-state/78f0f9ba-f19f-4afd-aa4a-1837904263a6/files/perl-recovery-20260910/root08-admitted-db-libxcrypt-prefix-01/bin:/cygdrive/c/Users/crutkasLocal/.copilot/session-state/78f0f9ba-f19f-4afd-aa4a-1837904263a6/files/perl-recovery-20260910/root08-admitted-gdbm-prefix-01/usr/bin:/cygdrive/c/Users/crutkasLocal/.copilot/session-state/78f0f9ba-f19f-4afd-aa4a-1837904263a6/files/perl-recovery-20260910/root08-admitted-gdbm-prefix-01/bin:/cygdrive/c/Users/crutkasLocal/.copilot/session-state/78f0f9ba-f19f-4afd-aa4a-1837904263a6/files/perl-recovery-20260910/root08-admitted-db-libxcrypt-prefix-01/usr/bin:/cygdrive/c/Users/crutkasLocal/.copilot/session-state/78f0f9ba-f19f-4afd-aa4a-1837904263a6/files/perl-recovery-20260910/root08-admitted-db-libxcrypt-prefix-01/bin ./miniperl.exe -Ilib lib/unicore/mktables -C lib/unicore -P pod -maketest -makenormtest -makelist -p
lib/unicore/mktables: Files seem to be ok, not bothering to rebuild.  Add '-w' option to force build
PATH=/cygdrive/c/Users/crutkasLocal/.copilot/session-state/78f0f9ba-f19f-4afd-aa4a-1837904263a6/files/perl-recovery-20260910/root08-candidate-commands-17/source-deref:.:/usr/bin/:/cygdrive/c/Users/crutkasLocal/.copilot/session-state/78f0f9ba-f19f-4afd-aa4a-1837904263a6/files/perl-recovery-20260910/root08-runtime-deps-prefix-02-with-utilities/usr/bin:/cygdrive/c/Users/crutkasLocal/.copilot/session-state/78f0f9ba-f19f-4afd-aa4a-1837904263a6/files/perl-recovery-20260910/root08-runtime-deps-prefix-02-with-utilities/bin:/cygdrive/c/Users/crutkasLocal/.copilot/session-state/78f0f9ba-f19f-4afd-aa4a-1837904263a6/files/perl-recovery-20260910/root08-admitted-db-libxcrypt-prefix-01/usr/bin:/cygdrive/c/Users/crutkasLocal/.copilot/session-state/78f0f9ba-f19f-4afd-aa4a-1837904263a6/files/perl-recovery-20260910/root08-admitted-db-libxcrypt-prefix-01/bin:/cygdrive/c/Users/crutkasLocal/.copilot/session-state/78f0f9ba-f19f-4afd-aa4a-1837904263a6/files/perl-recovery-20260910/root08-admitted-gdbm-prefix-01/usr/bin:/cygdrive/c/Users/crutkasLocal/.copilot/session-state/78f0f9ba-f19f-4afd-aa4a-1837904263a6/files/perl-recovery-20260910/root08-admitted-gdbm-prefix-01/bin:/cygdrive/c/Users/crutkasLocal/.copilot/session-state/78f0f9ba-f19f-4afd-aa4a-1837904263a6/files/perl-recovery-20260910/root08-admitted-db-libxcrypt-prefix-01/usr/bin:/cygdrive/c/Users/crutkasLocal/.copilot/session-state/78f0f9ba-f19f-4afd-aa4a-1837904263a6/files/perl-recovery-20260910/root08-admitted-db-libxcrypt-prefix-01/bin ./miniperl.exe -Ilib -MExtUtils::Miniperl -e 'writemain(\"perlmain.c", @ARGV)' DynaLoader lib/auto/Win32CORE/Win32CORE.a
/cygdrive/c/ap06-78/perl-recovery-20260910-06/toolchain/bin/gcc -c -DPERL_CORE -DPERL_USE_SAFE_PUTENV -U__STRICT_ANSI__ -D_GNU_SOURCE -O2 -g -fwrapv -isysroot /cygdrive/c/ap11-native-provider-intake/cygwin-w32api-arm64-v12-admitted-v1/upstream/cohort -fno-strict-aliasing -pipe -fstack-protector-strong -I/cygdrive/c/Users/crutkasLocal/.copilot/session-state/78f0f9ba-f19f-4afd-aa4a-1837904263a6/files/perl-recovery-20260910/root08-admitted-db-libxcrypt-prefix-01/usr/include -I/cygdrive/c/Users/crutkasLocal/.copilot/session-state/78f0f9ba-f19f-4afd-aa4a-1837904263a6/files/perl-recovery-20260910/root08-admitted-gdbm-prefix-01/usr/include -I/cygdrive/c/Users/crutkasLocal/.copilot/session-state/78f0f9ba-f19f-4afd-aa4a-1837904263a6/files/perl-recovery-20260910/root08-admitted-gdbm-prefix-01/usr/include/gdbm -D_FORTIFY_SOURCE=2 -std=c99 -O2 -g -Wall -Werror=pointer-arith -Werror=vla -Wextra -Wno-long-long -Wno-declaration-after-statement -Wc++-compat -Wwrite-strings perlmain.c
In file included from perlmain.c:51:
perl.h:1059:9: warning: 'PERL_USE_SAFE_PUTENV' redefined
 1059 | #define PERL_USE_SAFE_PUTENV
      |         ^~~~~~~~~~~~~~~~~~~~
<command-line>: note: this is the location of the previous definition
/cygdrive/c/ap06-78/perl-recovery-20260910-06/toolchain/bin/gcc -c -DPERL_CORE -DPERL_USE_SAFE_PUTENV -U__STRICT_ANSI__ -D_GNU_SOURCE -O2 -g -fwrapv -isysroot /cygdrive/c/ap11-native-provider-intake/cygwin-w32api-arm64-v12-admitted-v1/upstream/cohort -fno-strict-aliasing -pipe -fstack-protector-strong -I/cygdrive/c/Users/crutkasLocal/.copilot/session-state/78f0f9ba-f19f-4afd-aa4a-1837904263a6/files/perl-recovery-20260910/root08-admitted-db-libxcrypt-prefix-01/usr/include -I/cygdrive/c/Users/crutkasLocal/.copilot/session-state/78f0f9ba-f19f-4afd-aa4a-1837904263a6/files/perl-recovery-20260910/root08-admitted-gdbm-prefix-01/usr/include -I/cygdrive/c/Users/crutkasLocal/.copilot/session-state/78f0f9ba-f19f-4afd-aa4a-1837904263a6/files/perl-recovery-20260910/root08-admitted-gdbm-prefix-01/usr/include/gdbm -D_FORTIFY_SOURCE=2 -std=c99 -O2 -g -Wall -Werror=pointer-arith -Werror=vla -Wextra -Wno-long-long -Wno-declaration-after-statement -Wc++-compat -Wwrite-strings op.c
In file included from op.c:163:
perl.h:1059:9: warning: 'PERL_USE_SAFE_PUTENV' redefined
 1059 | #define PERL_USE_SAFE_PUTENV
      |         ^~~~~~~~~~~~~~~~~~~~
<command-line>: note: this is the location of the previous definition
/cygdrive/c/ap06-78/perl-recovery-20260910-06/toolchain/bin/gcc -c -DPERL_CORE -DPERL_USE_SAFE_PUTENV -U__STRICT_ANSI__ -D_GNU_SOURCE -O2 -g -fwrapv -isysroot /cygdrive/c/ap11-native-provider-intake/cygwin-w32api-arm64-v12-admitted-v1/upstream/cohort -fno-strict-aliasing -pipe -fstack-protector-strong -I/cygdrive/c/Users/crutkasLocal/.copilot/session-state/78f0f9ba-f19f-4afd-aa4a-1837904263a6/files/perl-recovery-20260910/root08-admitted-db-libxcrypt-prefix-01/usr/include -I/cygdrive/c/Users/crutkasLocal/.copilot/session-state/78f0f9ba-f19f-4afd-aa4a-1837904263a6/files/perl-recovery-20260910/root08-admitted-gdbm-prefix-01/usr/include -I/cygdrive/c/Users/crutkasLocal/.copilot/session-state/78f0f9ba-f19f-4afd-aa4a-1837904263a6/files/perl-recovery-20260910/root08-admitted-gdbm-prefix-01/usr/include/gdbm -D_FORTIFY_SOURCE=2 -std=c99 -O2 -g -Wall -Werror=pointer-arith -Werror=vla -Wextra -Wno-long-long -Wno-declaration-after-statement -Wc++-compat -Wwrite-strings perl.c
In file included from perl.c:38:
perl.h:1059:9: warning: 'PERL_USE_SAFE_PUTENV' redefined
 1059 | #define PERL_USE_SAFE_PUTENV
      |         ^~~~~~~~~~~~~~~~~~~~
<command-line>: note: this is the location of the previous definition
/cygdrive/c/ap06-78/perl-recovery-20260910-06/toolchain/bin/gcc -c -DPERL_CORE -DPERL_USE_SAFE_PUTENV -U__STRICT_ANSI__ -D_GNU_SOURCE -O2 -g -fwrapv -isysroot /cygdrive/c/ap11-native-provider-intake/cygwin-w32api-arm64-v12-admitted-v1/upstream/cohort -fno-strict-aliasing -pipe -fstack-protector-strong -I/cygdrive/c/Users/crutkasLocal/.copilot/session-state/78f0f9ba-f19f-4afd-aa4a-1837904263a6/files/perl-recovery-20260910/root08-admitted-db-libxcrypt-prefix-01/usr/include -I/cygdrive/c/Users/crutkasLocal/.copilot/session-state/78f0f9ba-f19f-4afd-aa4a-1837904263a6/files/perl-recovery-20260910/root08-admitted-gdbm-prefix-01/usr/include -I/cygdrive/c/Users/crutkasLocal/.copilot/session-state/78f0f9ba-f19f-4afd-aa4a-1837904263a6/files/perl-recovery-20260910/root08-admitted-gdbm-prefix-01/usr/include/gdbm -D_FORTIFY_SOURCE=2 -std=c99 -O2 -g -Wall -Werror=pointer-arith -Werror=vla -Wextra -Wno-long-long -Wno-declaration-after-statement -Wc++-compat -Wwrite-strings universal.c
In file included from universal.c:31:
perl.h:1059:9: warning: 'PERL_USE_SAFE_PUTENV' redefined
 1059 | #define PERL_USE_SAFE_PUTENV
      |         ^~~~~~~~~~~~~~~~~~~~
<command-line>: note: this is the location of the previous definition
PATH=/cygdrive/c/Users/crutkasLocal/.copilot/session-state/78f0f9ba-f19f-4afd-aa4a-1837904263a6/files/perl-recovery-20260910/root08-candidate-commands-17/source-deref:.:/usr/bin/:/cygdrive/c/Users/crutkasLocal/.copilot/session-state/78f0f9ba-f19f-4afd-aa4a-1837904263a6/files/perl-recovery-20260910/root08-runtime-deps-prefix-02-with-utilities/usr/bin:/cygdrive/c/Users/crutkasLocal/.copilot/session-state/78f0f9ba-f19f-4afd-aa4a-1837904263a6/files/perl-recovery-20260910/root08-runtime-deps-prefix-02-with-utilities/bin:/cygdrive/c/Users/crutkasLocal/.copilot/session-state/78f0f9ba-f19f-4afd-aa4a-1837904263a6/files/perl-recovery-20260910/root08-admitted-db-libxcrypt-prefix-01/usr/bin:/cygdrive/c/Users/crutkasLocal/.copilot/session-state/78f0f9ba-f19f-4afd-aa4a-1837904263a6/files/perl-recovery-20260910/root08-admitted-db-libxcrypt-prefix-01/bin:/cygdrive/c/Users/crutkasLocal/.copilot/session-state/78f0f9ba-f19f-4afd-aa4a-1837904263a6/files/perl-recovery-20260910/root08-admitted-gdbm-prefix-01/usr/bin:/cygdrive/c/Users/crutkasLocal/.copilot/session-state/78f0f9ba-f19f-4afd-aa4a-1837904263a6/files/perl-recovery-20260910/root08-admitted-gdbm-prefix-01/bin:/cygdrive/c/Users/crutkasLocal/.copilot/session-state/78f0f9ba-f19f-4afd-aa4a-1837904263a6/files/perl-recovery-20260910/root08-admitted-db-libxcrypt-prefix-01/usr/bin:/cygdrive/c/Users/crutkasLocal/.copilot/session-state/78f0f9ba-f19f-4afd-aa4a-1837904263a6/files/perl-recovery-20260910/root08-admitted-db-libxcrypt-prefix-01/bin ./miniperl.exe -Ilib make_ext.pl DynaLoader.o  MAKE="make" LIBPERL_A=msys-perl5_38.dll LINKTYPE=static 
make[1]: Entering directory '/cygdrive/c/Users/crutkasLocal/.copilot/session-state/78f0f9ba-f19f-4afd-aa4a-1837904263a6/files/perl-recovery-20260910/root08-candidate-commands-17/source-deref/ext/DynaLoader'
make[1]: Leaving directory '/cygdrive/c/Users/crutkasLocal/.copilot/session-state/78f0f9ba-f19f-4afd-aa4a-1837904263a6/files/perl-recovery-20260910/root08-candidate-commands-17/source-deref/ext/DynaLoader'
rm -f msys-perl5_38.dll
/cygdrive/c/ap06-78/perl-recovery-20260910-06/toolchain/bin/gcc -o msys-perl5_38.dll --shared  -Wl,--enable-auto-import -Wl,--export-all-symbols -Wl,--enable-auto-image-base -L/cygdrive/c/Users/crutkasLocal/.copilot/session-state/78f0f9ba-f19f-4afd-aa4a-1837904263a6/files/perl-recovery-20260910/root08-admitted-db-libxcrypt-prefix-01/usr/lib -L/cygdrive/c/Users/crutkasLocal/.copilot/session-state/78f0f9ba-f19f-4afd-aa4a-1837904263a6/files/perl-recovery-20260910/root08-admitted-gdbm-prefix-01/usr/lib -fstack-protector-strong -Wl,--out-implib=libperl.dll.a op.o perl.o universal.o  gv.o toke.o perly.o pad.o regcomp.o regcomp_debug.o regcomp_invlist.o regcomp_study.o regcomp_trie.o regexec.o dump.o util.o mg.o reentr.o mro_core.o keywords.o builtin.o class.o hv.o av.o run.o pp_hot.o sv.o pp.o scope.o pp_ctl.o pp_sys.o peep.o doop.o doio.o utf8.o taint.o deb.o globals.o perlio.o numeric.o mathoms.o locale.o pp_pack.o pp_sort.o caretx.o dquote.o time64.o cygwin.o  DynaLoader.o -lpthread -ldl -lcrypt 
PATH=/cygdrive/c/Users/crutkasLocal/.copilot/session-state/78f0f9ba-f19f-4afd-aa4a-1837904263a6/files/perl-recovery-20260910/root08-candidate-commands-17/source-deref:.:/usr/bin/:/cygdrive/c/Users/crutkasLocal/.copilot/session-state/78f0f9ba-f19f-4afd-aa4a-1837904263a6/files/perl-recovery-20260910/root08-runtime-deps-prefix-02-with-utilities/usr/bin:/cygdrive/c/Users/crutkasLocal/.copilot/session-state/78f0f9ba-f19f-4afd-aa4a-1837904263a6/files/perl-recovery-20260910/root08-runtime-deps-prefix-02-with-utilities/bin:/cygdrive/c/Users/crutkasLocal/.copilot/session-state/78f0f9ba-f19f-4afd-aa4a-1837904263a6/files/perl-recovery-20260910/root08-admitted-db-libxcrypt-prefix-01/usr/bin:/cygdrive/c/Users/crutkasLocal/.copilot/session-state/78f0f9ba-f19f-4afd-aa4a-1837904263a6/files/perl-recovery-20260910/root08-admitted-db-libxcrypt-prefix-01/bin:/cygdrive/c/Users/crutkasLocal/.copilot/session-state/78f0f9ba-f19f-4afd-aa4a-1837904263a6/files/perl-recovery-20260910/root08-admitted-gdbm-prefix-01/usr/bin:/cygdrive/c/Users/crutkasLocal/.copilot/session-state/78f0f9ba-f19f-4afd-aa4a-1837904263a6/files/perl-recovery-20260910/root08-admitted-gdbm-prefix-01/bin:/cygdrive/c/Users/crutkasLocal/.copilot/session-state/78f0f9ba-f19f-4afd-aa4a-1837904263a6/files/perl-recovery-20260910/root08-admitted-db-libxcrypt-prefix-01/usr/bin:/cygdrive/c/Users/crutkasLocal/.copilot/session-state/78f0f9ba-f19f-4afd-aa4a-1837904263a6/files/perl-recovery-20260910/root08-admitted-db-libxcrypt-prefix-01/bin ./miniperl.exe -Ilib mkppport
ppport.h in cpan/DB_File is up-to-date
ppport.h in cpan/IPC-SysV is up-to-date
ppport.h in cpan/Win32API-File is up-to-date
ppport.h in dist/Data-Dumper is up-to-date
ppport.h in dist/Devel-PPPort is up-to-date
ppport.h in dist/ExtUtils-ParseXS is up-to-date
ppport.h in dist/IO is up-to-date
ppport.h in dist/PathTools is up-to-date
ppport.h in dist/Storable is up-to-date
ppport.h in dist/threads is up-to-date
ppport.h in dist/threads-shared is up-to-date
ppport.h in dist/Time-HiRes is up-to-date
ppport.h in dist/Unicode-Normalize is up-to-date
PATH=/cygdrive/c/Users/crutkasLocal/.copilot/session-state/78f0f9ba-f19f-4afd-aa4a-1837904263a6/files/perl-recovery-20260910/root08-candidate-commands-17/source-deref:.:/usr/bin/:/cygdrive/c/Users/crutkasLocal/.copilot/session-state/78f0f9ba-f19f-4afd-aa4a-1837904263a6/files/perl-recovery-20260910/root08-runtime-deps-prefix-02-with-utilities/usr/bin:/cygdrive/c/Users/crutkasLocal/.copilot/session-state/78f0f9ba-f19f-4afd-aa4a-1837904263a6/files/perl-recovery-20260910/root08-runtime-deps-prefix-02-with-utilities/bin:/cygdrive/c/Users/crutkasLocal/.copilot/session-state/78f0f9ba-f19f-4afd-aa4a-1837904263a6/files/perl-recovery-20260910/root08-admitted-db-libxcrypt-prefix-01/usr/bin:/cygdrive/c/Users/crutkasLocal/.copilot/session-state/78f0f9ba-f19f-4afd-aa4a-1837904263a6/files/perl-recovery-20260910/root08-admitted-db-libxcrypt-prefix-01/bin:/cygdrive/c/Users/crutkasLocal/.copilot/session-state/78f0f9ba-f19f-4afd-aa4a-1837904263a6/files/perl-recovery-20260910/root08-admitted-gdbm-prefix-01/usr/bin:/cygdrive/c/Users/crutkasLocal/.copilot/session-state/78f0f9ba-f19f-4afd-aa4a-1837904263a6/files/perl-recovery-20260910/root08-admitted-gdbm-prefix-01/bin:/cygdrive/c/Users/crutkasLocal/.copilot/session-state/78f0f9ba-f19f-4afd-aa4a-1837904263a6/files/perl-recovery-20260910/root08-admitted-db-libxcrypt-prefix-01/usr/bin:/cygdrive/c/Users/crutkasLocal/.copilot/session-state/78f0f9ba-f19f-4afd-aa4a-1837904263a6/files/perl-recovery-20260910/root08-admitted-db-libxcrypt-prefix-01/bin ./miniperl.exe -Ilib make_ext.pl lib/auto/Win32CORE/Win32CORE.a  MAKE="make" LIBPERL_A=msys-perl5_38.dll LINKTYPE=static 
make[1]: Entering directory '/cygdrive/c/Users/crutkasLocal/.copilot/session-state/78f0f9ba-f19f-4afd-aa4a-1837904263a6/files/perl-recovery-20260910/root08-candidate-commands-17/source-deref/ext/Win32CORE'
make[1]: Leaving directory '/cygdrive/c/Users/crutkasLocal/.copilot/session-state/78f0f9ba-f19f-4afd-aa4a-1837904263a6/files/perl-recovery-20260910/root08-candidate-commands-17/source-deref/ext/Win32CORE'
/cygdrive/c/ap06-78/perl-recovery-20260910-06/toolchain/bin/gcc -o perl -Wl,--enable-auto-import -Wl,--export-all-symbols -Wl,--enable-auto-image-base -isysroot /cygdrive/c/ap11-native-provider-intake/cygwin-w32api-arm64-v12-admitted-v1/upstream/cohort -fstack-protector-strong -L/cygdrive/c/Users/crutkasLocal/.copilot/session-state/78f0f9ba-f19f-4afd-aa4a-1837904263a6/files/perl-recovery-20260910/root08-admitted-db-libxcrypt-prefix-01/usr/lib -L/cygdrive/c/Users/crutkasLocal/.copilot/session-state/78f0f9ba-f19f-4afd-aa4a-1837904263a6/files/perl-recovery-20260910/root08-admitted-gdbm-prefix-01/usr/lib  perlmain.o  lib/auto/Win32CORE/Win32CORE.a -L. -lperl `cat ext.libs` -lpthread -ldl -lcrypt 
PATH=/cygdrive/c/Users/crutkasLocal/.copilot/session-state/78f0f9ba-f19f-4afd-aa4a-1837904263a6/files/perl-recovery-20260910/root08-candidate-commands-17/source-deref:.:/usr/bin/:/cygdrive/c/Users/crutkasLocal/.copilot/session-state/78f0f9ba-f19f-4afd-aa4a-1837904263a6/files/perl-recovery-20260910/root08-runtime-deps-prefix-02-with-utilities/usr/bin:/cygdrive/c/Users/crutkasLocal/.copilot/session-state/78f0f9ba-f19f-4afd-aa4a-1837904263a6/files/perl-recovery-20260910/root08-runtime-deps-prefix-02-with-utilities/bin:/cygdrive/c/Users/crutkasLocal/.copilot/session-state/78f0f9ba-f19f-4afd-aa4a-1837904263a6/files/perl-recovery-20260910/root08-admitted-db-libxcrypt-prefix-01/usr/bin:/cygdrive/c/Users/crutkasLocal/.copilot/session-state/78f0f9ba-f19f-4afd-aa4a-1837904263a6/files/perl-recovery-20260910/root08-admitted-db-libxcrypt-prefix-01/bin:/cygdrive/c/Users/crutkasLocal/.copilot/session-state/78f0f9ba-f19f-4afd-aa4a-1837904263a6/files/perl-recovery-20260910/root08-admitted-gdbm-prefix-01/usr/bin:/cygdrive/c/Users/crutkasLocal/.copilot/session-state/78f0f9ba-f19f-4afd-aa4a-1837904263a6/files/perl-recovery-20260910/root08-admitted-gdbm-prefix-01/bin:/cygdrive/c/Users/crutkasLocal/.copilot/session-state/78f0f9ba-f19f-4afd-aa4a-1837904263a6/files/perl-recovery-20260910/root08-admitted-db-libxcrypt-prefix-01/usr/bin:/cygdrive/c/Users/crutkasLocal/.copilot/session-state/78f0f9ba-f19f-4afd-aa4a-1837904263a6/files/perl-recovery-20260910/root08-admitted-db-libxcrypt-prefix-01/bin ./miniperl.exe -Ilib make_ext.pl lib/auto/B/B.dll  MAKE="make" LIBPERL_A=msys-perl5_38.dll LINKTYPE=dynamic
make[1]: Entering directory '/cygdrive/c/Users/crutkasLocal/.copilot/session-state/78f0f9ba-f19f-4afd-aa4a-1837904263a6/files/perl-recovery-20260910/root08-candidate-commands-17/source-deref/ext/B'
/cygdrive/c/Users/crutkasLocal/.copilot/session-state/78f0f9ba-f19f-4afd-aa4a-1837904263a6/files/perl-recovery-20260910/root08-candidate-commands-17/source-deref/ext/B/../../miniperl "-I../../lib" -MExtUtils::Command::MM -e 'cp_nonempty' -- B.bs ../../lib/auto/B/B.bs 644
make[1]: Leaving directory '/cygdrive/c/Users/crutkasLocal/.copilot/session-state/78f0f9ba-f19f-4afd-aa4a-1837904263a6/files/perl-recovery-20260910/root08-candidate-commands-17/source-deref/ext/B'
PATH=/cygdrive/c/Users/crutkasLocal/.copilot/session-state/78f0f9ba-f19f-4afd-aa4a-1837904263a6/files/perl-recovery-20260910/root08-candidate-commands-17/source-deref:.:/usr/bin/:/cygdrive/c/Users/crutkasLocal/.copilot/session-state/78f0f9ba-f19f-4afd-aa4a-1837904263a6/files/perl-recovery-20260910/root08-runtime-deps-prefix-02-with-utilities/usr/bin:/cygdrive/c/Users/crutkasLocal/.copilot/session-state/78f0f9ba-f19f-4afd-aa4a-1837904263a6/files/perl-recovery-20260910/root08-runtime-deps-prefix-02-with-utilities/bin:/cygdrive/c/Users/crutkasLocal/.copilot/session-state/78f0f9ba-f19f-4afd-aa4a-1837904263a6/files/perl-recovery-20260910/root08-admitted-db-libxcrypt-prefix-01/usr/bin:/cygdrive/c/Users/crutkasLocal/.copilot/session-state/78f0f9ba-f19f-4afd-aa4a-1837904263a6/files/perl-recovery-20260910/root08-admitted-db-libxcrypt-prefix-01/bin:/cygdrive/c/Users/crutkasLocal/.copilot/session-state/78f0f9ba-f19f-4afd-aa4a-1837904263a6/files/perl-recovery-20260910/root08-admitted-gdbm-prefix-01/usr/bin:/cygdrive/c/Users/crutkasLocal/.copilot/session-state/78f0f9ba-f19f-4afd-aa4a-1837904263a6/files/perl-recovery-20260910/root08-admitted-gdbm-prefix-01/bin:/cygdrive/c/Users/crutkasLocal/.copilot/session-state/78f0f9ba-f19f-4afd-aa4a-1837904263a6/files/perl-recovery-20260910/root08-admitted-db-libxcrypt-prefix-01/usr/bin:/cygdrive/c/Users/crutkasLocal/.copilot/session-state/78f0f9ba-f19f-4afd-aa4a-1837904263a6/files/perl-recovery-20260910/root08-admitted-db-libxcrypt-prefix-01/bin ./miniperl.exe -Ilib make_ext.pl lib/auto/Compress/Raw/Bzip2/Bzip2.dll  MAKE="make" LIBPERL_A=msys-perl5_38.dll LINKTYPE=dynamic
make[1]: Entering directory '/cygdrive/c/Users/crutkasLocal/.copilot/session-state/78f0f9ba-f19f-4afd-aa4a-1837904263a6/files/perl-recovery-20260910/root08-candidate-commands-17/source-deref/cpan/Compress-Raw-Bzip2'
/cygdrive/c/Users/crutkasLocal/.copilot/session-state/78f0f9ba-f19f-4afd-aa4a-1837904263a6/files/perl-recovery-20260910/root08-candidate-commands-17/source-deref/cpan/Compress-Raw-Bzip2/../../miniperl "-I../../lib" -MExtUtils::Command::MM -e 'cp_nonempty' -- Bzip2.bs ../../lib/auto/Compress/Raw/Bzip2/Bzip2.bs 644
make[1]: Leaving directory '/cygdrive/c/Users/crutkasLocal/.copilot/session-state/78f0f9ba-f19f-4afd-aa4a-1837904263a6/files/perl-recovery-20260910/root08-candidate-commands-17/source-deref/cpan/Compress-Raw-Bzip2'
PATH=/cygdrive/c/Users/crutkasLocal/.copilot/session-state/78f0f9ba-f19f-4afd-aa4a-1837904263a6/files/perl-recovery-20260910/root08-candidate-commands-17/source-deref:.:/usr/bin/:/cygdrive/c/Users/crutkasLocal/.copilot/session-state/78f0f9ba-f19f-4afd-aa4a-1837904263a6/files/perl-recovery-20260910/root08-runtime-deps-prefix-02-with-utilities/usr/bin:/cygdrive/c/Users/crutkasLocal/.copilot/session-state/78f0f9ba-f19f-4afd-aa4a-1837904263a6/files/perl-recovery-20260910/root08-runtime-deps-prefix-02-with-utilities/bin:/cygdrive/c/Users/crutkasLocal/.copilot/session-state/78f0f9ba-f19f-4afd-aa4a-1837904263a6/files/perl-recovery-20260910/root08-admitted-db-libxcrypt-prefix-01/usr/bin:/cygdrive/c/Users/crutkasLocal/.copilot/session-state/78f0f9ba-f19f-4afd-aa4a-1837904263a6/files/perl-recovery-20260910/root08-admitted-db-libxcrypt-prefix-01/bin:/cygdrive/c/Users/crutkasLocal/.copilot/session-state/78f0f9ba-f19f-4afd-aa4a-1837904263a6/files/perl-recovery-20260910/root08-admitted-gdbm-prefix-01/usr/bin:/cygdrive/c/Users/crutkasLocal/.copilot/session-state/78f0f9ba-f19f-4afd-aa4a-1837904263a6/files/perl-recovery-20260910/root08-admitted-gdbm-prefix-01/bin:/cygdrive/c/Users/crutkasLocal/.copilot/session-state/78f0f9ba-f19f-4afd-aa4a-1837904263a6/files/perl-recovery-20260910/root08-admitted-db-libxcrypt-prefix-01/usr/bin:/cygdrive/c/Users/crutkasLocal/.copilot/session-state/78f0f9ba-f19f-4afd-aa4a-1837904263a6/files/perl-recovery-20260910/root08-admitted-db-libxcrypt-prefix-01/bin ./miniperl.exe -Ilib make_ext.pl lib/auto/Compress/Raw/Zlib/Zlib.dll  MAKE="make" LIBPERL_A=msys-perl5_38.dll LINKTYPE=dynamic
make[1]: Entering directory '/cygdrive/c/Users/crutkasLocal/.copilot/session-state/78f0f9ba-f19f-4afd-aa4a-1837904263a6/files/perl-recovery-20260910/root08-candidate-commands-17/source-deref/cpan/Compress-Raw-Zlib'
/cygdrive/c/Users/crutkasLocal/.copilot/session-state/78f0f9ba-f19f-4afd-aa4a-1837904263a6/files/perl-recovery-20260910/root08-candidate-commands-17/source-deref/cpan/Compress-Raw-Zlib/../../miniperl "-I../../lib" -MExtUtils::Command::MM -e 'cp_nonempty' -- Zlib.bs ../../lib/auto/Compress/Raw/Zlib/Zlib.bs 644
make[1]: Leaving directory '/cygdrive/c/Users/crutkasLocal/.copilot/session-state/78f0f9ba-f19f-4afd-aa4a-1837904263a6/files/perl-recovery-20260910/root08-candidate-commands-17/source-deref/cpan/Compress-Raw-Zlib'
PATH=/cygdrive/c/Users/crutkasLocal/.copilot/session-state/78f0f9ba-f19f-4afd-aa4a-1837904263a6/files/perl-recovery-20260910/root08-candidate-commands-17/source-deref:.:/usr/bin/:/cygdrive/c/Users/crutkasLocal/.copilot/session-state/78f0f9ba-f19f-4afd-aa4a-1837904263a6/files/perl-recovery-20260910/root08-runtime-deps-prefix-02-with-utilities/usr/bin:/cygdrive/c/Users/crutkasLocal/.copilot/session-state/78f0f9ba-f19f-4afd-aa4a-1837904263a6/files/perl-recovery-20260910/root08-runtime-deps-prefix-02-with-utilities/bin:/cygdrive/c/Users/crutkasLocal/.copilot/session-state/78f0f9ba-f19f-4afd-aa4a-1837904263a6/files/perl-recovery-20260910/root08-admitted-db-libxcrypt-prefix-01/usr/bin:/cygdrive/c/Users/crutkasLocal/.copilot/session-state/78f0f9ba-f19f-4afd-aa4a-1837904263a6/files/perl-recovery-20260910/root08-admitted-db-libxcrypt-prefix-01/bin:/cygdrive/c/Users/crutkasLocal/.copilot/session-state/78f0f9ba-f19f-4afd-aa4a-1837904263a6/files/perl-recovery-20260910/root08-admitted-gdbm-prefix-01/usr/bin:/cygdrive/c/Users/crutkasLocal/.copilot/session-state/78f0f9ba-f19f-4afd-aa4a-1837904263a6/files/perl-recovery-20260910/root08-admitted-gdbm-prefix-01/bin:/cygdrive/c/Users/crutkasLocal/.copilot/session-state/78f0f9ba-f19f-4afd-aa4a-1837904263a6/files/perl-recovery-20260910/root08-admitted-db-libxcrypt-prefix-01/usr/bin:/cygdrive/c/Users/crutkasLocal/.copilot/session-state/78f0f9ba-f19f-4afd-aa4a-1837904263a6/files/perl-recovery-20260910/root08-admitted-db-libxcrypt-prefix-01/bin ./miniperl.exe -Ilib make_ext.pl lib/auto/Cwd/Cwd.dll  MAKE="make" LIBPERL_A=msys-perl5_38.dll LINKTYPE=dynamic
make[1]: Entering directory '/cygdrive/c/Users/crutkasLocal/.copilot/session-state/78f0f9ba-f19f-4afd-aa4a-1837904263a6/files/perl-recovery-20260910/root08-candidate-commands-17/source-deref/dist/PathTools'
/cygdrive/c/Users/crutkasLocal/.copilot/session-state/78f0f9ba-f19f-4afd-aa4a-1837904263a6/files/perl-recovery-20260910/root08-candidate-commands-17/source-deref/dist/PathTools/../../miniperl "-I../../lib" -MExtUtils::Command::MM -e 'cp_nonempty' -- Cwd.bs ../../lib/auto/Cwd/Cwd.bs 644
make[1]: Leaving directory '/cygdrive/c/Users/crutkasLocal/.copilot/session-state/78f0f9ba-f19f-4afd-aa4a-1837904263a6/files/perl-recovery-20260910/root08-candidate-commands-17/source-deref/dist/PathTools'
PATH=/cygdrive/c/Users/crutkasLocal/.copilot/session-state/78f0f9ba-f19f-4afd-aa4a-1837904263a6/files/perl-recovery-20260910/root08-candidate-commands-17/source-deref:.:/usr/bin/:/cygdrive/c/Users/crutkasLocal/.copilot/session-state/78f0f9ba-f19f-4afd-aa4a-1837904263a6/files/perl-recovery-20260910/root08-runtime-deps-prefix-02-with-utilities/usr/bin:/cygdrive/c/Users/crutkasLocal/.copilot/session-state/78f0f9ba-f19f-4afd-aa4a-1837904263a6/files/perl-recovery-20260910/root08-runtime-deps-prefix-02-with-utilities/bin:/cygdrive/c/Users/crutkasLocal/.copilot/session-state/78f0f9ba-f19f-4afd-aa4a-1837904263a6/files/perl-recovery-20260910/root08-admitted-db-libxcrypt-prefix-01/usr/bin:/cygdrive/c/Users/crutkasLocal/.copilot/session-state/78f0f9ba-f19f-4afd-aa4a-1837904263a6/files/perl-recovery-20260910/root08-admitted-db-libxcrypt-prefix-01/bin:/cygdrive/c/Users/crutkasLocal/.copilot/session-state/78f0f9ba-f19f-4afd-aa4a-1837904263a6/files/perl-recovery-20260910/root08-admitted-gdbm-prefix-01/usr/bin:/cygdrive/c/Users/crutkasLocal/.copilot/session-state/78f0f9ba-f19f-4afd-aa4a-1837904263a6/files/perl-recovery-20260910/root08-admitted-gdbm-prefix-01/bin:/cygdrive/c/Users/crutkasLocal/.copilot/session-state/78f0f9ba-f19f-4afd-aa4a-1837904263a6/files/perl-recovery-20260910/root08-admitted-db-libxcrypt-prefix-01/usr/bin:/cygdrive/c/Users/crutkasLocal/.copilot/session-state/78f0f9ba-f19f-4afd-aa4a-1837904263a6/files/perl-recovery-20260910/root08-admitted-db-libxcrypt-prefix-01/bin ./miniperl.exe -Ilib make_ext.pl lib/auto/DB_File/DB_File.dll  MAKE="make" LIBPERL_A=msys-perl5_38.dll LINKTYPE=dynamic
make[1]: Entering directory '/cygdrive/c/Users/crutkasLocal/.copilot/session-state/78f0f9ba-f19f-4afd-aa4a-1837904263a6/files/perl-recovery-20260910/root08-candidate-commands-17/source-deref/cpan/DB_File'
/cygdrive/c/Users/crutkasLocal/.copilot/session-state/78f0f9ba-f19f-4afd-aa4a-1837904263a6/files/perl-recovery-20260910/root08-candidate-commands-17/source-deref/cpan/DB_File/../../miniperl "-I../../lib" -MExtUtils::Command::MM -e 'cp_nonempty' -- DB_File.bs ../../lib/auto/DB_File/DB_File.bs 644
make[1]: Leaving directory '/cygdrive/c/Users/crutkasLocal/.copilot/session-state/78f0f9ba-f19f-4afd-aa4a-1837904263a6/files/perl-recovery-20260910/root08-candidate-commands-17/source-deref/cpan/DB_File'
PATH=/cygdrive/c/Users/crutkasLocal/.copilot/session-state/78f0f9ba-f19f-4afd-aa4a-1837904263a6/files/perl-recovery-20260910/root08-candidate-commands-17/source-deref:.:/usr/bin/:/cygdrive/c/Users/crutkasLocal/.copilot/session-state/78f0f9ba-f19f-4afd-aa4a-1837904263a6/files/perl-recovery-20260910/root08-runtime-deps-prefix-02-with-utilities/usr/bin:/cygdrive/c/Users/crutkasLocal/.copilot/session-state/78f0f9ba-f19f-4afd-aa4a-1837904263a6/files/perl-recovery-20260910/root08-runtime-deps-prefix-02-with-utilities/bin:/cygdrive/c/Users/crutkasLocal/.copilot/session-state/78f0f9ba-f19f-4afd-aa4a-1837904263a6/files/perl-recovery-20260910/root08-admitted-db-libxcrypt-prefix-01/usr/bin:/cygdrive/c/Users/crutkasLocal/.copilot/session-state/78f0f9ba-f19f-4afd-aa4a-1837904263a6/files/perl-recovery-20260910/root08-admitted-db-libxcrypt-prefix-01/bin:/cygdrive/c/Users/crutkasLocal/.copilot/session-state/78f0f9ba-f19f-4afd-aa4a-1837904263a6/files/perl-recovery-20260910/root08-admitted-gdbm-prefix-01/usr/bin:/cygdrive/c/Users/crutkasLocal/.copilot/session-state/78f0f9ba-f19f-4afd-aa4a-1837904263a6/files/perl-recovery-20260910/root08-admitted-gdbm-prefix-01/bin:/cygdrive/c/Users/crutkasLocal/.copilot/session-state/78f0f9ba-f19f-4afd-aa4a-1837904263a6/files/perl-recovery-20260910/root08-admitted-db-libxcrypt-prefix-01/usr/bin:/cygdrive/c/Users/crutkasLocal/.copilot/session-state/78f0f9ba-f19f-4afd-aa4a-1837904263a6/files/perl-recovery-20260910/root08-admitted-db-libxcrypt-prefix-01/bin ./miniperl.exe -Ilib make_ext.pl lib/auto/Data/Dumper/Dumper.dll  MAKE="make" LIBPERL_A=msys-perl5_38.dll LINKTYPE=dynamic
make[1]: Entering directory '/cygdrive/c/Users/crutkasLocal/.copilot/session-state/78f0f9ba-f19f-4afd-aa4a-1837904263a6/files/perl-recovery-20260910/root08-candidate-commands-17/source-deref/dist/Data-Dumper'
/cygdrive/c/Users/crutkasLocal/.copilot/session-state/78f0f9ba-f19f-4afd-aa4a-1837904263a6/files/perl-recovery-20260910/root08-candidate-commands-17/source-deref/dist/Data-Dumper/../../miniperl "-I../../lib" -MExtUtils::Command::MM -e 'cp_nonempty' -- Dumper.bs ../../lib/auto/Data/Dumper/Dumper.bs 644
make[1]: Leaving directory '/cygdrive/c/Users/crutkasLocal/.copilot/session-state/78f0f9ba-f19f-4afd-aa4a-1837904263a6/files/perl-recovery-20260910/root08-candidate-commands-17/source-deref/dist/Data-Dumper'
PATH=/cygdrive/c/Users/crutkasLocal/.copilot/session-state/78f0f9ba-f19f-4afd-aa4a-1837904263a6/files/perl-recovery-20260910/root08-candidate-commands-17/source-deref:.:/usr/bin/:/cygdrive/c/Users/crutkasLocal/.copilot/session-state/78f0f9ba-f19f-4afd-aa4a-1837904263a6/files/perl-recovery-20260910/root08-runtime-deps-prefix-02-with-utilities/usr/bin:/cygdrive/c/Users/crutkasLocal/.copilot/session-state/78f0f9ba-f19f-4afd-aa4a-1837904263a6/files/perl-recovery-20260910/root08-runtime-deps-prefix-02-with-utilities/bin:/cygdrive/c/Users/crutkasLocal/.copilot/session-state/78f0f9ba-f19f-4afd-aa4a-1837904263a6/files/perl-recovery-20260910/root08-admitted-db-libxcrypt-prefix-01/usr/bin:/cygdrive/c/Users/crutkasLocal/.copilot/session-state/78f0f9ba-f19f-4afd-aa4a-1837904263a6/files/perl-recovery-20260910/root08-admitted-db-libxcrypt-prefix-01/bin:/cygdrive/c/Users/crutkasLocal/.copilot/session-state/78f0f9ba-f19f-4afd-aa4a-1837904263a6/files/perl-recovery-20260910/root08-admitted-gdbm-prefix-01/usr/bin:/cygdrive/c/Users/crutkasLocal/.copilot/session-state/78f0f9ba-f19f-4afd-aa4a-1837904263a6/files/perl-recovery-20260910/root08-admitted-gdbm-prefix-01/bin:/cygdrive/c/Users/crutkasLocal/.copilot/session-state/78f0f9ba-f19f-4afd-aa4a-1837904263a6/files/perl-recovery-20260910/root08-admitted-db-libxcrypt-prefix-01/usr/bin:/cygdrive/c/Users/crutkasLocal/.copilot/session-state/78f0f9ba-f19f-4afd-aa4a-1837904263a6/files/perl-recovery-20260910/root08-admitted-db-libxcrypt-prefix-01/bin ./miniperl.exe -Ilib make_ext.pl lib/auto/Devel/PPPort/PPPort.dll  MAKE="make" LIBPERL_A=msys-perl5_38.dll LINKTYPE=dynamic
make[1]: Entering directory '/cygdrive/c/Users/crutkasLocal/.copilot/session-state/78f0f9ba-f19f-4afd-aa4a-1837904263a6/files/perl-recovery-20260910/root08-candidate-commands-17/source-deref/dist/Devel-PPPort'
/cygdrive/c/Users/crutkasLocal/.copilot/session-state/78f0f9ba-f19f-4afd-aa4a-1837904263a6/files/perl-recovery-20260910/root08-candidate-commands-17/source-deref/dist/Devel-PPPort/../../miniperl "-I../../lib" -MExtUtils::Command::MM -e 'cp_nonempty' -- PPPort.bs ../../lib/auto/Devel/PPPort/PPPort.bs 644
make[1]: Leaving directory '/cygdrive/c/Users/crutkasLocal/.copilot/session-state/78f0f9ba-f19f-4afd-aa4a-1837904263a6/files/perl-recovery-20260910/root08-candidate-commands-17/source-deref/dist/Devel-PPPort'
PATH=/cygdrive/c/Users/crutkasLocal/.copilot/session-state/78f0f9ba-f19f-4afd-aa4a-1837904263a6/files/perl-recovery-20260910/root08-candidate-commands-17/source-deref:.:/usr/bin/:/cygdrive/c/Users/crutkasLocal/.copilot/session-state/78f0f9ba-f19f-4afd-aa4a-1837904263a6/files/perl-recovery-20260910/root08-runtime-deps-prefix-02-with-utilities/usr/bin:/cygdrive/c/Users/crutkasLocal/.copilot/session-state/78f0f9ba-f19f-4afd-aa4a-1837904263a6/files/perl-recovery-20260910/root08-runtime-deps-prefix-02-with-utilities/bin:/cygdrive/c/Users/crutkasLocal/.copilot/session-state/78f0f9ba-f19f-4afd-aa4a-1837904263a6/files/perl-recovery-20260910/root08-admitted-db-libxcrypt-prefix-01/usr/bin:/cygdrive/c/Users/crutkasLocal/.copilot/session-state/78f0f9ba-f19f-4afd-aa4a-1837904263a6/files/perl-recovery-20260910/root08-admitted-db-libxcrypt-prefix-01/bin:/cygdrive/c/Users/crutkasLocal/.copilot/session-state/78f0f9ba-f19f-4afd-aa4a-1837904263a6/files/perl-recovery-20260910/root08-admitted-gdbm-prefix-01/usr/bin:/cygdrive/c/Users/crutkasLocal/.copilot/session-state/78f0f9ba-f19f-4afd-aa4a-1837904263a6/files/perl-recovery-20260910/root08-admitted-gdbm-prefix-01/bin:/cygdrive/c/Users/crutkasLocal/.copilot/session-state/78f0f9ba-f19f-4afd-aa4a-1837904263a6/files/perl-recovery-20260910/root08-admitted-db-libxcrypt-prefix-01/usr/bin:/cygdrive/c/Users/crutkasLocal/.copilot/session-state/78f0f9ba-f19f-4afd-aa4a-1837904263a6/files/perl-recovery-20260910/root08-admitted-db-libxcrypt-prefix-01/bin ./miniperl.exe -Ilib make_ext.pl lib/auto/Devel/Peek/Peek.dll  MAKE="make" LIBPERL_A=msys-perl5_38.dll LINKTYPE=dynamic
make[1]: Entering directory '/cygdrive/c/Users/crutkasLocal/.copilot/session-state/78f0f9ba-f19f-4afd-aa4a-1837904263a6/files/perl-recovery-20260910/root08-candidate-commands-17/source-deref/ext/Devel-Peek'
/cygdrive/c/Users/crutkasLocal/.copilot/session-state/78f0f9ba-f19f-4afd-aa4a-1837904263a6/files/perl-recovery-20260910/root08-candidate-commands-17/source-deref/ext/Devel-Peek/../../miniperl "-I../../lib" -MExtUtils::Command::MM -e 'cp_nonempty' -- Peek.bs ../../lib/auto/Devel/Peek/Peek.bs 644
make[1]: Leaving directory '/cygdrive/c/Users/crutkasLocal/.copilot/session-state/78f0f9ba-f19f-4afd-aa4a-1837904263a6/files/perl-recovery-20260910/root08-candidate-commands-17/source-deref/ext/Devel-Peek'
PATH=/cygdrive/c/Users/crutkasLocal/.copilot/session-state/78f0f9ba-f19f-4afd-aa4a-1837904263a6/files/perl-recovery-20260910/root08-candidate-commands-17/source-deref:.:/usr/bin/:/cygdrive/c/Users/crutkasLocal/.copilot/session-state/78f0f9ba-f19f-4afd-aa4a-1837904263a6/files/perl-recovery-20260910/root08-runtime-deps-prefix-02-with-utilities/usr/bin:/cygdrive/c/Users/crutkasLocal/.copilot/session-state/78f0f9ba-f19f-4afd-aa4a-1837904263a6/files/perl-recovery-20260910/root08-runtime-deps-prefix-02-with-utilities/bin:/cygdrive/c/Users/crutkasLocal/.copilot/session-state/78f0f9ba-f19f-4afd-aa4a-1837904263a6/files/perl-recovery-20260910/root08-admitted-db-libxcrypt-prefix-01/usr/bin:/cygdrive/c/Users/crutkasLocal/.copilot/session-state/78f0f9ba-f19f-4afd-aa4a-1837904263a6/files/perl-recovery-20260910/root08-admitted-db-libxcrypt-prefix-01/bin:/cygdrive/c/Users/crutkasLocal/.copilot/session-state/78f0f9ba-f19f-4afd-aa4a-1837904263a6/files/perl-recovery-20260910/root08-admitted-gdbm-prefix-01/usr/bin:/cygdrive/c/Users/crutkasLocal/.copilot/session-state/78f0f9ba-f19f-4afd-aa4a-1837904263a6/files/perl-recovery-20260910/root08-admitted-gdbm-prefix-01/bin:/cygdrive/c/Users/crutkasLocal/.copilot/session-state/78f0f9ba-f19f-4afd-aa4a-1837904263a6/files/perl-recovery-20260910/root08-admitted-db-libxcrypt-prefix-01/usr/bin:/cygdrive/c/Users/crutkasLocal/.copilot/session-state/78f0f9ba-f19f-4afd-aa4a-1837904263a6/files/perl-recovery-20260910/root08-admitted-db-libxcrypt-prefix-01/bin ./miniperl.exe -Ilib make_ext.pl lib/auto/Digest/MD5/MD5.dll  MAKE="make" LIBPERL_A=msys-perl5_38.dll LINKTYPE=dynamic
make[1]: Entering directory '/cygdrive/c/Users/crutkasLocal/.copilot/session-state/78f0f9ba-f19f-4afd-aa4a-1837904263a6/files/perl-recovery-20260910/root08-candidate-commands-17/source-deref/cpan/Digest-MD5'
/cygdrive/c/Users/crutkasLocal/.copilot/session-state/78f0f9ba-f19f-4afd-aa4a-1837904263a6/files/perl-recovery-20260910/root08-candidate-commands-17/source-deref/cpan/Digest-MD5/../../miniperl "-I../../lib" -MExtUtils::Command::MM -e 'cp_nonempty' -- MD5.bs ../../lib/auto/Digest/MD5/MD5.bs 644
make[1]: Leaving directory '/cygdrive/c/Users/crutkasLocal/.copilot/session-state/78f0f9ba-f19f-4afd-aa4a-1837904263a6/files/perl-recovery-20260910/root08-candidate-commands-17/source-deref/cpan/Digest-MD5'
PATH=/cygdrive/c/Users/crutkasLocal/.copilot/session-state/78f0f9ba-f19f-4afd-aa4a-1837904263a6/files/perl-recovery-20260910/root08-candidate-commands-17/source-deref:.:/usr/bin/:/cygdrive/c/Users/crutkasLocal/.copilot/session-state/78f0f9ba-f19f-4afd-aa4a-1837904263a6/files/perl-recovery-20260910/root08-runtime-deps-prefix-02-with-utilities/usr/bin:/cygdrive/c/Users/crutkasLocal/.copilot/session-state/78f0f9ba-f19f-4afd-aa4a-1837904263a6/files/perl-recovery-20260910/root08-runtime-deps-prefix-02-with-utilities/bin:/cygdrive/c/Users/crutkasLocal/.copilot/session-state/78f0f9ba-f19f-4afd-aa4a-1837904263a6/files/perl-recovery-20260910/root08-admitted-db-libxcrypt-prefix-01/usr/bin:/cygdrive/c/Users/crutkasLocal/.copilot/session-state/78f0f9ba-f19f-4afd-aa4a-1837904263a6/files/perl-recovery-20260910/root08-admitted-db-libxcrypt-prefix-01/bin:/cygdrive/c/Users/crutkasLocal/.copilot/session-state/78f0f9ba-f19f-4afd-aa4a-1837904263a6/files/perl-recovery-20260910/root08-admitted-gdbm-prefix-01/usr/bin:/cygdrive/c/Users/crutkasLocal/.copilot/session-state/78f0f9ba-f19f-4afd-aa4a-1837904263a6/files/perl-recovery-20260910/root08-admitted-gdbm-prefix-01/bin:/cygdrive/c/Users/crutkasLocal/.copilot/session-state/78f0f9ba-f19f-4afd-aa4a-1837904263a6/files/perl-recovery-20260910/root08-admitted-db-libxcrypt-prefix-01/usr/bin:/cygdrive/c/Users/crutkasLocal/.copilot/session-state/78f0f9ba-f19f-4afd-aa4a-1837904263a6/files/perl-recovery-20260910/root08-admitted-db-libxcrypt-prefix-01/bin ./miniperl.exe -Ilib make_ext.pl lib/auto/Digest/SHA/SHA.dll  MAKE="make" LIBPERL_A=msys-perl5_38.dll LINKTYPE=dynamic
make[1]: Entering directory '/cygdrive/c/Users/crutkasLocal/.copilot/session-state/78f0f9ba-f19f-4afd-aa4a-1837904263a6/files/perl-recovery-20260910/root08-candidate-commands-17/source-deref/cpan/Digest-SHA'
/cygdrive/c/Users/crutkasLocal/.copilot/session-state/78f0f9ba-f19f-4afd-aa4a-1837904263a6/files/perl-recovery-20260910/root08-candidate-commands-17/source-deref/cpan/Digest-SHA/../../miniperl "-I../../lib" -MExtUtils::Command::MM -e 'cp_nonempty' -- SHA.bs ../../lib/auto/Digest/SHA/SHA.bs 644
make[1]: Leaving directory '/cygdrive/c/Users/crutkasLocal/.copilot/session-state/78f0f9ba-f19f-4afd-aa4a-1837904263a6/files/perl-recovery-20260910/root08-candidate-commands-17/source-deref/cpan/Digest-SHA'
PATH=/cygdrive/c/Users/crutkasLocal/.copilot/session-state/78f0f9ba-f19f-4afd-aa4a-1837904263a6/files/perl-recovery-20260910/root08-candidate-commands-17/source-deref:.:/usr/bin/:/cygdrive/c/Users/crutkasLocal/.copilot/session-state/78f0f9ba-f19f-4afd-aa4a-1837904263a6/files/perl-recovery-20260910/root08-runtime-deps-prefix-02-with-utilities/usr/bin:/cygdrive/c/Users/crutkasLocal/.copilot/session-state/78f0f9ba-f19f-4afd-aa4a-1837904263a6/files/perl-recovery-20260910/root08-runtime-deps-prefix-02-with-utilities/bin:/cygdrive/c/Users/crutkasLocal/.copilot/session-state/78f0f9ba-f19f-4afd-aa4a-1837904263a6/files/perl-recovery-20260910/root08-admitted-db-libxcrypt-prefix-01/usr/bin:/cygdrive/c/Users/crutkasLocal/.copilot/session-state/78f0f9ba-f19f-4afd-aa4a-1837904263a6/files/perl-recovery-20260910/root08-admitted-db-libxcrypt-prefix-01/bin:/cygdrive/c/Users/crutkasLocal/.copilot/session-state/78f0f9ba-f19f-4afd-aa4a-1837904263a6/files/perl-recovery-20260910/root08-admitted-gdbm-prefix-01/usr/bin:/cygdrive/c/Users/crutkasLocal/.copilot/session-state/78f0f9ba-f19f-4afd-aa4a-1837904263a6/files/perl-recovery-20260910/root08-admitted-gdbm-prefix-01/bin:/cygdrive/c/Users/crutkasLocal/.copilot/session-state/78f0f9ba-f19f-4afd-aa4a-1837904263a6/files/perl-recovery-20260910/root08-admitted-db-libxcrypt-prefix-01/usr/bin:/cygdrive/c/Users/crutkasLocal/.copilot/session-state/78f0f9ba-f19f-4afd-aa4a-1837904263a6/files/perl-recovery-20260910/root08-admitted-db-libxcrypt-prefix-01/bin ./miniperl.exe -Ilib make_ext.pl lib/auto/Encode/Encode.dll  MAKE="make" LIBPERL_A=msys-perl5_38.dll LINKTYPE=dynamic
make[1]: Entering directory '/cygdrive/c/Users/crutkasLocal/.copilot/session-state/78f0f9ba-f19f-4afd-aa4a-1837904263a6/files/perl-recovery-20260910/root08-candidate-commands-17/source-deref/cpan/Encode'
make[2]: Entering directory '/cygdrive/c/Users/crutkasLocal/.copilot/session-state/78f0f9ba-f19f-4afd-aa4a-1837904263a6/files/perl-recovery-20260910/root08-candidate-commands-17/source-deref/cpan/Encode/Byte'
/cygdrive/c/Users/crutkasLocal/.copilot/session-state/78f0f9ba-f19f-4afd-aa4a-1837904263a6/files/perl-recovery-20260910/root08-candidate-commands-17/source-deref/cpan/Encode/Byte/../../../miniperl "-I../../../lib" -MExtUtils::Command::MM -e 'cp_nonempty' -- Byte.bs ../../../lib/auto/Encode/Byte/Byte.bs 644
make[2]: Leaving directory '/cygdrive/c/Users/crutkasLocal/.copilot/session-state/78f0f9ba-f19f-4afd-aa4a-1837904263a6/files/perl-recovery-20260910/root08-candidate-commands-17/source-deref/cpan/Encode/Byte'
make[2]: Entering directory '/cygdrive/c/Users/crutkasLocal/.copilot/session-state/78f0f9ba-f19f-4afd-aa4a-1837904263a6/files/perl-recovery-20260910/root08-candidate-commands-17/source-deref/cpan/Encode/CN'
/cygdrive/c/Users/crutkasLocal/.copilot/session-state/78f0f9ba-f19f-4afd-aa4a-1837904263a6/files/perl-recovery-20260910/root08-candidate-commands-17/source-deref/cpan/Encode/CN/../../../miniperl "-I../../../lib" -MExtUtils::Command::MM -e 'cp_nonempty' -- CN.bs ../../../lib/auto/Encode/CN/CN.bs 644
make[2]: Leaving directory '/cygdrive/c/Users/crutkasLocal/.copilot/session-state/78f0f9ba-f19f-4afd-aa4a-1837904263a6/files/perl-recovery-20260910/root08-candidate-commands-17/source-deref/cpan/Encode/CN'
make[2]: Entering directory '/cygdrive/c/Users/crutkasLocal/.copilot/session-state/78f0f9ba-f19f-4afd-aa4a-1837904263a6/files/perl-recovery-20260910/root08-candidate-commands-17/source-deref/cpan/Encode/EBCDIC'
/cygdrive/c/Users/crutkasLocal/.copilot/session-state/78f0f9ba-f19f-4afd-aa4a-1837904263a6/files/perl-recovery-20260910/root08-candidate-commands-17/source-deref/cpan/Encode/EBCDIC/../../../miniperl "-I../../../lib" -MExtUtils::Command::MM -e 'cp_nonempty' -- EBCDIC.bs ../../../lib/auto/Encode/EBCDIC/EBCDIC.bs 644
make[2]: Leaving directory '/cygdrive/c/Users/crutkasLocal/.copilot/session-state/78f0f9ba-f19f-4afd-aa4a-1837904263a6/files/perl-recovery-20260910/root08-candidate-commands-17/source-deref/cpan/Encode/EBCDIC'
make[2]: Entering directory '/cygdrive/c/Users/crutkasLocal/.copilot/session-state/78f0f9ba-f19f-4afd-aa4a-1837904263a6/files/perl-recovery-20260910/root08-candidate-commands-17/source-deref/cpan/Encode/JP'
/cygdrive/c/Users/crutkasLocal/.copilot/session-state/78f0f9ba-f19f-4afd-aa4a-1837904263a6/files/perl-recovery-20260910/root08-candidate-commands-17/source-deref/cpan/Encode/JP/../../../miniperl "-I../../../lib" -MExtUtils::Command::MM -e 'cp_nonempty' -- JP.bs ../../../lib/auto/Encode/JP/JP.bs 644
make[2]: Leaving directory '/cygdrive/c/Users/crutkasLocal/.copilot/session-state/78f0f9ba-f19f-4afd-aa4a-1837904263a6/files/perl-recovery-20260910/root08-candidate-commands-17/source-deref/cpan/Encode/JP'
make[2]: Entering directory '/cygdrive/c/Users/crutkasLocal/.copilot/session-state/78f0f9ba-f19f-4afd-aa4a-1837904263a6/files/perl-recovery-20260910/root08-candidate-commands-17/source-deref/cpan/Encode/KR'
/cygdrive/c/Users/crutkasLocal/.copilot/session-state/78f0f9ba-f19f-4afd-aa4a-1837904263a6/files/perl-recovery-20260910/root08-candidate-commands-17/source-deref/cpan/Encode/KR/../../../miniperl "-I../../../lib" -MExtUtils::Command::MM -e 'cp_nonempty' -- KR.bs ../../../lib/auto/Encode/KR/KR.bs 644
make[2]: Leaving directory '/cygdrive/c/Users/crutkasLocal/.copilot/session-state/78f0f9ba-f19f-4afd-aa4a-1837904263a6/files/perl-recovery-20260910/root08-candidate-commands-17/source-deref/cpan/Encode/KR'
make[2]: Entering directory '/cygdrive/c/Users/crutkasLocal/.copilot/session-state/78f0f9ba-f19f-4afd-aa4a-1837904263a6/files/perl-recovery-20260910/root08-candidate-commands-17/source-deref/cpan/Encode/Symbol'
/cygdrive/c/Users/crutkasLocal/.copilot/session-state/78f0f9ba-f19f-4afd-aa4a-1837904263a6/files/perl-recovery-20260910/root08-candidate-commands-17/source-deref/cpan/Encode/Symbol/../../../miniperl "-I../../../lib" -MExtUtils::Command::MM -e 'cp_nonempty' -- Symbol.bs ../../../lib/auto/Encode/Symbol/Symbol.bs 644
make[2]: Leaving directory '/cygdrive/c/Users/crutkasLocal/.copilot/session-state/78f0f9ba-f19f-4afd-aa4a-1837904263a6/files/perl-recovery-20260910/root08-candidate-commands-17/source-deref/cpan/Encode/Symbol'
make[2]: Entering directory '/cygdrive/c/Users/crutkasLocal/.copilot/session-state/78f0f9ba-f19f-4afd-aa4a-1837904263a6/files/perl-recovery-20260910/root08-candidate-commands-17/source-deref/cpan/Encode/TW'
/cygdrive/c/Users/crutkasLocal/.copilot/session-state/78f0f9ba-f19f-4afd-aa4a-1837904263a6/files/perl-recovery-20260910/root08-candidate-commands-17/source-deref/cpan/Encode/TW/../../../miniperl "-I../../../lib" -MExtUtils::Command::MM -e 'cp_nonempty' -- TW.bs ../../../lib/auto/Encode/TW/TW.bs 644
make[2]: Leaving directory '/cygdrive/c/Users/crutkasLocal/.copilot/session-state/78f0f9ba-f19f-4afd-aa4a-1837904263a6/files/perl-recovery-20260910/root08-candidate-commands-17/source-deref/cpan/Encode/TW'
make[2]: Entering directory '/cygdrive/c/Users/crutkasLocal/.copilot/session-state/78f0f9ba-f19f-4afd-aa4a-1837904263a6/files/perl-recovery-20260910/root08-candidate-commands-17/source-deref/cpan/Encode/Unicode'
/cygdrive/c/Users/crutkasLocal/.copilot/session-state/78f0f9ba-f19f-4afd-aa4a-1837904263a6/files/perl-recovery-20260910/root08-candidate-commands-17/source-deref/cpan/Encode/Unicode/../../../miniperl "-I../../../lib" -MExtUtils::Command::MM -e 'cp_nonempty' -- Unicode.bs ../../../lib/auto/Encode/Unicode/Unicode.bs 644
make[2]: Leaving directory '/cygdrive/c/Users/crutkasLocal/.copilot/session-state/78f0f9ba-f19f-4afd-aa4a-1837904263a6/files/perl-recovery-20260910/root08-candidate-commands-17/source-deref/cpan/Encode/Unicode'
/cygdrive/c/Users/crutkasLocal/.copilot/session-state/78f0f9ba-f19f-4afd-aa4a-1837904263a6/files/perl-recovery-20260910/root08-candidate-commands-17/source-deref/cpan/Encode/../../miniperl "-I../../lib" -MExtUtils::Command::MM -e 'cp_nonempty' -- Encode.bs ../../lib/auto/Encode/Encode.bs 644
make[1]: Leaving directory '/cygdrive/c/Users/crutkasLocal/.copilot/session-state/78f0f9ba-f19f-4afd-aa4a-1837904263a6/files/perl-recovery-20260910/root08-candidate-commands-17/source-deref/cpan/Encode'
PATH=/cygdrive/c/Users/crutkasLocal/.copilot/session-state/78f0f9ba-f19f-4afd-aa4a-1837904263a6/files/perl-recovery-20260910/root08-candidate-commands-17/source-deref:.:/usr/bin/:/cygdrive/c/Users/crutkasLocal/.copilot/session-state/78f0f9ba-f19f-4afd-aa4a-1837904263a6/files/perl-recovery-20260910/root08-runtime-deps-prefix-02-with-utilities/usr/bin:/cygdrive/c/Users/crutkasLocal/.copilot/session-state/78f0f9ba-f19f-4afd-aa4a-1837904263a6/files/perl-recovery-20260910/root08-runtime-deps-prefix-02-with-utilities/bin:/cygdrive/c/Users/crutkasLocal/.copilot/session-state/78f0f9ba-f19f-4afd-aa4a-1837904263a6/files/perl-recovery-20260910/root08-admitted-db-libxcrypt-prefix-01/usr/bin:/cygdrive/c/Users/crutkasLocal/.copilot/session-state/78f0f9ba-f19f-4afd-aa4a-1837904263a6/files/perl-recovery-20260910/root08-admitted-db-libxcrypt-prefix-01/bin:/cygdrive/c/Users/crutkasLocal/.copilot/session-state/78f0f9ba-f19f-4afd-aa4a-1837904263a6/files/perl-recovery-20260910/root08-admitted-gdbm-prefix-01/usr/bin:/cygdrive/c/Users/crutkasLocal/.copilot/session-state/78f0f9ba-f19f-4afd-aa4a-1837904263a6/files/perl-recovery-20260910/root08-admitted-gdbm-prefix-01/bin:/cygdrive/c/Users/crutkasLocal/.copilot/session-state/78f0f9ba-f19f-4afd-aa4a-1837904263a6/files/perl-recovery-20260910/root08-admitted-db-libxcrypt-prefix-01/usr/bin:/cygdrive/c/Users/crutkasLocal/.copilot/session-state/78f0f9ba-f19f-4afd-aa4a-1837904263a6/files/perl-recovery-20260910/root08-admitted-db-libxcrypt-prefix-01/bin ./miniperl.exe -Ilib make_ext.pl lib/auto/Fcntl/Fcntl.dll  MAKE="make" LIBPERL_A=msys-perl5_38.dll LINKTYPE=dynamic
make[1]: Entering directory '/cygdrive/c/Users/crutkasLocal/.copilot/session-state/78f0f9ba-f19f-4afd-aa4a-1837904263a6/files/perl-recovery-20260910/root08-candidate-commands-17/source-deref/ext/Fcntl'
/cygdrive/c/Users/crutkasLocal/.copilot/session-state/78f0f9ba-f19f-4afd-aa4a-1837904263a6/files/perl-recovery-20260910/root08-candidate-commands-17/source-deref/ext/Fcntl/../../miniperl "-I../../lib" -MExtUtils::Command::MM -e 'cp_nonempty' -- Fcntl.bs ../../lib/auto/Fcntl/Fcntl.bs 644
make[1]: Leaving directory '/cygdrive/c/Users/crutkasLocal/.copilot/session-state/78f0f9ba-f19f-4afd-aa4a-1837904263a6/files/perl-recovery-20260910/root08-candidate-commands-17/source-deref/ext/Fcntl'
PATH=/cygdrive/c/Users/crutkasLocal/.copilot/session-state/78f0f9ba-f19f-4afd-aa4a-1837904263a6/files/perl-recovery-20260910/root08-candidate-commands-17/source-deref:.:/usr/bin/:/cygdrive/c/Users/crutkasLocal/.copilot/session-state/78f0f9ba-f19f-4afd-aa4a-1837904263a6/files/perl-recovery-20260910/root08-runtime-deps-prefix-02-with-utilities/usr/bin:/cygdrive/c/Users/crutkasLocal/.copilot/session-state/78f0f9ba-f19f-4afd-aa4a-1837904263a6/files/perl-recovery-20260910/root08-runtime-deps-prefix-02-with-utilities/bin:/cygdrive/c/Users/crutkasLocal/.copilot/session-state/78f0f9ba-f19f-4afd-aa4a-1837904263a6/files/perl-recovery-20260910/root08-admitted-db-libxcrypt-prefix-01/usr/bin:/cygdrive/c/Users/crutkasLocal/.copilot/session-state/78f0f9ba-f19f-4afd-aa4a-1837904263a6/files/perl-recovery-20260910/root08-admitted-db-libxcrypt-prefix-01/bin:/cygdrive/c/Users/crutkasLocal/.copilot/session-state/78f0f9ba-f19f-4afd-aa4a-1837904263a6/files/perl-recovery-20260910/root08-admitted-gdbm-prefix-01/usr/bin:/cygdrive/c/Users/crutkasLocal/.copilot/session-state/78f0f9ba-f19f-4afd-aa4a-1837904263a6/files/perl-recovery-20260910/root08-admitted-gdbm-prefix-01/bin:/cygdrive/c/Users/crutkasLocal/.copilot/session-state/78f0f9ba-f19f-4afd-aa4a-1837904263a6/files/perl-recovery-20260910/root08-admitted-db-libxcrypt-prefix-01/usr/bin:/cygdrive/c/Users/crutkasLocal/.copilot/session-state/78f0f9ba-f19f-4afd-aa4a-1837904263a6/files/perl-recovery-20260910/root08-admitted-db-libxcrypt-prefix-01/bin ./miniperl.exe -Ilib make_ext.pl lib/auto/File/DosGlob/DosGlob.dll  MAKE="make" LIBPERL_A=msys-perl5_38.dll LINKTYPE=dynamic
make[1]: Entering directory '/cygdrive/c/Users/crutkasLocal/.copilot/session-state/78f0f9ba-f19f-4afd-aa4a-1837904263a6/files/perl-recovery-20260910/root08-candidate-commands-17/source-deref/ext/File-DosGlob'
/cygdrive/c/Users/crutkasLocal/.copilot/session-state/78f0f9ba-f19f-4afd-aa4a-1837904263a6/files/perl-recovery-20260910/root08-candidate-commands-17/source-deref/ext/File-DosGlob/../../miniperl "-I../../lib" -MExtUtils::Command::MM -e 'cp_nonempty' -- DosGlob.bs ../../lib/auto/File/DosGlob/DosGlob.bs 644
make[1]: Leaving directory '/cygdrive/c/Users/crutkasLocal/.copilot/session-state/78f0f9ba-f19f-4afd-aa4a-1837904263a6/files/perl-recovery-20260910/root08-candidate-commands-17/source-deref/ext/File-DosGlob'
PATH=/cygdrive/c/Users/crutkasLocal/.copilot/session-state/78f0f9ba-f19f-4afd-aa4a-1837904263a6/files/perl-recovery-20260910/root08-candidate-commands-17/source-deref:.:/usr/bin/:/cygdrive/c/Users/crutkasLocal/.copilot/session-state/78f0f9ba-f19f-4afd-aa4a-1837904263a6/files/perl-recovery-20260910/root08-runtime-deps-prefix-02-with-utilities/usr/bin:/cygdrive/c/Users/crutkasLocal/.copilot/session-state/78f0f9ba-f19f-4afd-aa4a-1837904263a6/files/perl-recovery-20260910/root08-runtime-deps-prefix-02-with-utilities/bin:/cygdrive/c/Users/crutkasLocal/.copilot/session-state/78f0f9ba-f19f-4afd-aa4a-1837904263a6/files/perl-recovery-20260910/root08-admitted-db-libxcrypt-prefix-01/usr/bin:/cygdrive/c/Users/crutkasLocal/.copilot/session-state/78f0f9ba-f19f-4afd-aa4a-1837904263a6/files/perl-recovery-20260910/root08-admitted-db-libxcrypt-prefix-01/bin:/cygdrive/c/Users/crutkasLocal/.copilot/session-state/78f0f9ba-f19f-4afd-aa4a-1837904263a6/files/perl-recovery-20260910/root08-admitted-gdbm-prefix-01/usr/bin:/cygdrive/c/Users/crutkasLocal/.copilot/session-state/78f0f9ba-f19f-4afd-aa4a-1837904263a6/files/perl-recovery-20260910/root08-admitted-gdbm-prefix-01/bin:/cygdrive/c/Users/crutkasLocal/.copilot/session-state/78f0f9ba-f19f-4afd-aa4a-1837904263a6/files/perl-recovery-20260910/root08-admitted-db-libxcrypt-prefix-01/usr/bin:/cygdrive/c/Users/crutkasLocal/.copilot/session-state/78f0f9ba-f19f-4afd-aa4a-1837904263a6/files/perl-recovery-20260910/root08-admitted-db-libxcrypt-prefix-01/bin ./miniperl.exe -Ilib make_ext.pl lib/auto/File/Glob/Glob.dll  MAKE="make" LIBPERL_A=msys-perl5_38.dll LINKTYPE=dynamic
make[1]: Entering directory '/cygdrive/c/Users/crutkasLocal/.copilot/session-state/78f0f9ba-f19f-4afd-aa4a-1837904263a6/files/perl-recovery-20260910/root08-candidate-commands-17/source-deref/ext/File-Glob'
/cygdrive/c/Users/crutkasLocal/.copilot/session-state/78f0f9ba-f19f-4afd-aa4a-1837904263a6/files/perl-recovery-20260910/root08-candidate-commands-17/source-deref/ext/File-Glob/../../miniperl "-I../../lib" -MExtUtils::Command::MM -e 'cp_nonempty' -- Glob.bs ../../lib/auto/File/Glob/Glob.bs 644
make[1]: Leaving directory '/cygdrive/c/Users/crutkasLocal/.copilot/session-state/78f0f9ba-f19f-4afd-aa4a-1837904263a6/files/perl-recovery-20260910/root08-candidate-commands-17/source-deref/ext/File-Glob'
PATH=/cygdrive/c/Users/crutkasLocal/.copilot/session-state/78f0f9ba-f19f-4afd-aa4a-1837904263a6/files/perl-recovery-20260910/root08-candidate-commands-17/source-deref:.:/usr/bin/:/cygdrive/c/Users/crutkasLocal/.copilot/session-state/78f0f9ba-f19f-4afd-aa4a-1837904263a6/files/perl-recovery-20260910/root08-runtime-deps-prefix-02-with-utilities/usr/bin:/cygdrive/c/Users/crutkasLocal/.copilot/session-state/78f0f9ba-f19f-4afd-aa4a-1837904263a6/files/perl-recovery-20260910/root08-runtime-deps-prefix-02-with-utilities/bin:/cygdrive/c/Users/crutkasLocal/.copilot/session-state/78f0f9ba-f19f-4afd-aa4a-1837904263a6/files/perl-recovery-20260910/root08-admitted-db-libxcrypt-prefix-01/usr/bin:/cygdrive/c/Users/crutkasLocal/.copilot/session-state/78f0f9ba-f19f-4afd-aa4a-1837904263a6/files/perl-recovery-20260910/root08-admitted-db-libxcrypt-prefix-01/bin:/cygdrive/c/Users/crutkasLocal/.copilot/session-state/78f0f9ba-f19f-4afd-aa4a-1837904263a6/files/perl-recovery-20260910/root08-admitted-gdbm-prefix-01/usr/bin:/cygdrive/c/Users/crutkasLocal/.copilot/session-state/78f0f9ba-f19f-4afd-aa4a-1837904263a6/files/perl-recovery-20260910/root08-admitted-gdbm-prefix-01/bin:/cygdrive/c/Users/crutkasLocal/.copilot/session-state/78f0f9ba-f19f-4afd-aa4a-1837904263a6/files/perl-recovery-20260910/root08-admitted-db-libxcrypt-prefix-01/usr/bin:/cygdrive/c/Users/crutkasLocal/.copilot/session-state/78f0f9ba-f19f-4afd-aa4a-1837904263a6/files/perl-recovery-20260910/root08-admitted-db-libxcrypt-prefix-01/bin ./miniperl.exe -Ilib make_ext.pl lib/auto/Filter/Util/Call/Call.dll  MAKE="make" LIBPERL_A=msys-perl5_38.dll LINKTYPE=dynamic
make[1]: Entering directory '/cygdrive/c/Users/crutkasLocal/.copilot/session-state/78f0f9ba-f19f-4afd-aa4a-1837904263a6/files/perl-recovery-20260910/root08-candidate-commands-17/source-deref/cpan/Filter-Util-Call'
/cygdrive/c/Users/crutkasLocal/.copilot/session-state/78f0f9ba-f19f-4afd-aa4a-1837904263a6/files/perl-recovery-20260910/root08-candidate-commands-17/source-deref/cpan/Filter-Util-Call/../../miniperl "-I../../lib" -MExtUtils::Command::MM -e 'cp_nonempty' -- Call.bs ../../lib/auto/Filter/Util/Call/Call.bs 644
make[1]: Leaving directory '/cygdrive/c/Users/crutkasLocal/.copilot/session-state/78f0f9ba-f19f-4afd-aa4a-1837904263a6/files/perl-recovery-20260910/root08-candidate-commands-17/source-deref/cpan/Filter-Util-Call'
PATH=/cygdrive/c/Users/crutkasLocal/.copilot/session-state/78f0f9ba-f19f-4afd-aa4a-1837904263a6/files/perl-recovery-20260910/root08-candidate-commands-17/source-deref:.:/usr/bin/:/cygdrive/c/Users/crutkasLocal/.copilot/session-state/78f0f9ba-f19f-4afd-aa4a-1837904263a6/files/perl-recovery-20260910/root08-runtime-deps-prefix-02-with-utilities/usr/bin:/cygdrive/c/Users/crutkasLocal/.copilot/session-state/78f0f9ba-f19f-4afd-aa4a-1837904263a6/files/perl-recovery-20260910/root08-runtime-deps-prefix-02-with-utilities/bin:/cygdrive/c/Users/crutkasLocal/.copilot/session-state/78f0f9ba-f19f-4afd-aa4a-1837904263a6/files/perl-recovery-20260910/root08-admitted-db-libxcrypt-prefix-01/usr/bin:/cygdrive/c/Users/crutkasLocal/.copilot/session-state/78f0f9ba-f19f-4afd-aa4a-1837904263a6/files/perl-recovery-20260910/root08-admitted-db-libxcrypt-prefix-01/bin:/cygdrive/c/Users/crutkasLocal/.copilot/session-state/78f0f9ba-f19f-4afd-aa4a-1837904263a6/files/perl-recovery-20260910/root08-admitted-gdbm-prefix-01/usr/bin:/cygdrive/c/Users/crutkasLocal/.copilot/session-state/78f0f9ba-f19f-4afd-aa4a-1837904263a6/files/perl-recovery-20260910/root08-admitted-gdbm-prefix-01/bin:/cygdrive/c/Users/crutkasLocal/.copilot/session-state/78f0f9ba-f19f-4afd-aa4a-1837904263a6/files/perl-recovery-20260910/root08-admitted-db-libxcrypt-prefix-01/usr/bin:/cygdrive/c/Users/crutkasLocal/.copilot/session-state/78f0f9ba-f19f-4afd-aa4a-1837904263a6/files/perl-recovery-20260910/root08-admitted-db-libxcrypt-prefix-01/bin ./miniperl.exe -Ilib make_ext.pl lib/auto/GDBM_File/GDBM_File.dll  MAKE="make" LIBPERL_A=msys-perl5_38.dll LINKTYPE=dynamic
make[1]: Entering directory '/cygdrive/c/Users/crutkasLocal/.copilot/session-state/78f0f9ba-f19f-4afd-aa4a-1837904263a6/files/perl-recovery-20260910/root08-candidate-commands-17/source-deref/ext/GDBM_File'
/cygdrive/c/Users/crutkasLocal/.copilot/session-state/78f0f9ba-f19f-4afd-aa4a-1837904263a6/files/perl-recovery-20260910/root08-candidate-commands-17/source-deref/ext/GDBM_File/../../miniperl "-I../../lib" -MExtUtils::Command::MM -e 'cp_nonempty' -- GDBM_File.bs ../../lib/auto/GDBM_File/GDBM_File.bs 644
make[1]: Leaving directory '/cygdrive/c/Users/crutkasLocal/.copilot/session-state/78f0f9ba-f19f-4afd-aa4a-1837904263a6/files/perl-recovery-20260910/root08-candidate-commands-17/source-deref/ext/GDBM_File'
PATH=/cygdrive/c/Users/crutkasLocal/.copilot/session-state/78f0f9ba-f19f-4afd-aa4a-1837904263a6/files/perl-recovery-20260910/root08-candidate-commands-17/source-deref:.:/usr/bin/:/cygdrive/c/Users/crutkasLocal/.copilot/session-state/78f0f9ba-f19f-4afd-aa4a-1837904263a6/files/perl-recovery-20260910/root08-runtime-deps-prefix-02-with-utilities/usr/bin:/cygdrive/c/Users/crutkasLocal/.copilot/session-state/78f0f9ba-f19f-4afd-aa4a-1837904263a6/files/perl-recovery-20260910/root08-runtime-deps-prefix-02-with-utilities/bin:/cygdrive/c/Users/crutkasLocal/.copilot/session-state/78f0f9ba-f19f-4afd-aa4a-1837904263a6/files/perl-recovery-20260910/root08-admitted-db-libxcrypt-prefix-01/usr/bin:/cygdrive/c/Users/crutkasLocal/.copilot/session-state/78f0f9ba-f19f-4afd-aa4a-1837904263a6/files/perl-recovery-20260910/root08-admitted-db-libxcrypt-prefix-01/bin:/cygdrive/c/Users/crutkasLocal/.copilot/session-state/78f0f9ba-f19f-4afd-aa4a-1837904263a6/files/perl-recovery-20260910/root08-admitted-gdbm-prefix-01/usr/bin:/cygdrive/c/Users/crutkasLocal/.copilot/session-state/78f0f9ba-f19f-4afd-aa4a-1837904263a6/files/perl-recovery-20260910/root08-admitted-gdbm-prefix-01/bin:/cygdrive/c/Users/crutkasLocal/.copilot/session-state/78f0f9ba-f19f-4afd-aa4a-1837904263a6/files/perl-recovery-20260910/root08-admitted-db-libxcrypt-prefix-01/usr/bin:/cygdrive/c/Users/crutkasLocal/.copilot/session-state/78f0f9ba-f19f-4afd-aa4a-1837904263a6/files/perl-recovery-20260910/root08-admitted-db-libxcrypt-prefix-01/bin ./miniperl.exe -Ilib make_ext.pl lib/auto/Hash/Util/Util.dll  MAKE="make" LIBPERL_A=msys-perl5_38.dll LINKTYPE=dynamic
make[1]: Entering directory '/cygdrive/c/Users/crutkasLocal/.copilot/session-state/78f0f9ba-f19f-4afd-aa4a-1837904263a6/files/perl-recovery-20260910/root08-candidate-commands-17/source-deref/ext/Hash-Util'
/cygdrive/c/Users/crutkasLocal/.copilot/session-state/78f0f9ba-f19f-4afd-aa4a-1837904263a6/files/perl-recovery-20260910/root08-candidate-commands-17/source-deref/ext/Hash-Util/../../miniperl "-I../../lib" -MExtUtils::Command::MM -e 'cp_nonempty' -- Util.bs ../../lib/auto/Hash/Util/Util.bs 644
make[1]: Leaving directory '/cygdrive/c/Users/crutkasLocal/.copilot/session-state/78f0f9ba-f19f-4afd-aa4a-1837904263a6/files/perl-recovery-20260910/root08-candidate-commands-17/source-deref/ext/Hash-Util'
PATH=/cygdrive/c/Users/crutkasLocal/.copilot/session-state/78f0f9ba-f19f-4afd-aa4a-1837904263a6/files/perl-recovery-20260910/root08-candidate-commands-17/source-deref:.:/usr/bin/:/cygdrive/c/Users/crutkasLocal/.copilot/session-state/78f0f9ba-f19f-4afd-aa4a-1837904263a6/files/perl-recovery-20260910/root08-runtime-deps-prefix-02-with-utilities/usr/bin:/cygdrive/c/Users/crutkasLocal/.copilot/session-state/78f0f9ba-f19f-4afd-aa4a-1837904263a6/files/perl-recovery-20260910/root08-runtime-deps-prefix-02-with-utilities/bin:/cygdrive/c/Users/crutkasLocal/.copilot/session-state/78f0f9ba-f19f-4afd-aa4a-1837904263a6/files/perl-recovery-20260910/root08-admitted-db-libxcrypt-prefix-01/usr/bin:/cygdrive/c/Users/crutkasLocal/.copilot/session-state/78f0f9ba-f19f-4afd-aa4a-1837904263a6/files/perl-recovery-20260910/root08-admitted-db-libxcrypt-prefix-01/bin:/cygdrive/c/Users/crutkasLocal/.copilot/session-state/78f0f9ba-f19f-4afd-aa4a-1837904263a6/files/perl-recovery-20260910/root08-admitted-gdbm-prefix-01/usr/bin:/cygdrive/c/Users/crutkasLocal/.copilot/session-state/78f0f9ba-f19f-4afd-aa4a-1837904263a6/files/perl-recovery-20260910/root08-admitted-gdbm-prefix-01/bin:/cygdrive/c/Users/crutkasLocal/.copilot/session-state/78f0f9ba-f19f-4afd-aa4a-1837904263a6/files/perl-recovery-20260910/root08-admitted-db-libxcrypt-prefix-01/usr/bin:/cygdrive/c/Users/crutkasLocal/.copilot/session-state/78f0f9ba-f19f-4afd-aa4a-1837904263a6/files/perl-recovery-20260910/root08-admitted-db-libxcrypt-prefix-01/bin ./miniperl.exe -Ilib make_ext.pl lib/auto/Hash/Util/FieldHash/FieldHash.dll  MAKE="make" LIBPERL_A=msys-perl5_38.dll LINKTYPE=dynamic
make[1]: Entering directory '/cygdrive/c/Users/crutkasLocal/.copilot/session-state/78f0f9ba-f19f-4afd-aa4a-1837904263a6/files/perl-recovery-20260910/root08-candidate-commands-17/source-deref/ext/Hash-Util-FieldHash'
/cygdrive/c/Users/crutkasLocal/.copilot/session-state/78f0f9ba-f19f-4afd-aa4a-1837904263a6/files/perl-recovery-20260910/root08-candidate-commands-17/source-deref/ext/Hash-Util-FieldHash/../../miniperl "-I../../lib" -MExtUtils::Command::MM -e 'cp_nonempty' -- FieldHash.bs ../../lib/auto/Hash/Util/FieldHash/FieldHash.bs 644
make[1]: Leaving directory '/cygdrive/c/Users/crutkasLocal/.copilot/session-state/78f0f9ba-f19f-4afd-aa4a-1837904263a6/files/perl-recovery-20260910/root08-candidate-commands-17/source-deref/ext/Hash-Util-FieldHash'
PATH=/cygdrive/c/Users/crutkasLocal/.copilot/session-state/78f0f9ba-f19f-4afd-aa4a-1837904263a6/files/perl-recovery-20260910/root08-candidate-commands-17/source-deref:.:/usr/bin/:/cygdrive/c/Users/crutkasLocal/.copilot/session-state/78f0f9ba-f19f-4afd-aa4a-1837904263a6/files/perl-recovery-20260910/root08-runtime-deps-prefix-02-with-utilities/usr/bin:/cygdrive/c/Users/crutkasLocal/.copilot/session-state/78f0f9ba-f19f-4afd-aa4a-1837904263a6/files/perl-recovery-20260910/root08-runtime-deps-prefix-02-with-utilities/bin:/cygdrive/c/Users/crutkasLocal/.copilot/session-state/78f0f9ba-f19f-4afd-aa4a-1837904263a6/files/perl-recovery-20260910/root08-admitted-db-libxcrypt-prefix-01/usr/bin:/cygdrive/c/Users/crutkasLocal/.copilot/session-state/78f0f9ba-f19f-4afd-aa4a-1837904263a6/files/perl-recovery-20260910/root08-admitted-db-libxcrypt-prefix-01/bin:/cygdrive/c/Users/crutkasLocal/.copilot/session-state/78f0f9ba-f19f-4afd-aa4a-1837904263a6/files/perl-recovery-20260910/root08-admitted-gdbm-prefix-01/usr/bin:/cygdrive/c/Users/crutkasLocal/.copilot/session-state/78f0f9ba-f19f-4afd-aa4a-1837904263a6/files/perl-recovery-20260910/root08-admitted-gdbm-prefix-01/bin:/cygdrive/c/Users/crutkasLocal/.copilot/session-state/78f0f9ba-f19f-4afd-aa4a-1837904263a6/files/perl-recovery-20260910/root08-admitted-db-libxcrypt-prefix-01/usr/bin:/cygdrive/c/Users/crutkasLocal/.copilot/session-state/78f0f9ba-f19f-4afd-aa4a-1837904263a6/files/perl-recovery-20260910/root08-admitted-db-libxcrypt-prefix-01/bin ./miniperl.exe -Ilib make_ext.pl lib/auto/I18N/Langinfo/Langinfo.dll  MAKE="make" LIBPERL_A=msys-perl5_38.dll LINKTYPE=dynamic
make[1]: Entering directory '/cygdrive/c/Users/crutkasLocal/.copilot/session-state/78f0f9ba-f19f-4afd-aa4a-1837904263a6/files/perl-recovery-20260910/root08-candidate-commands-17/source-deref/ext/I18N-Langinfo'
/cygdrive/c/Users/crutkasLocal/.copilot/session-state/78f0f9ba-f19f-4afd-aa4a-1837904263a6/files/perl-recovery-20260910/root08-candidate-commands-17/source-deref/ext/I18N-Langinfo/../../miniperl "-I../../lib" -MExtUtils::Command::MM -e 'cp_nonempty' -- Langinfo.bs ../../lib/auto/I18N/Langinfo/Langinfo.bs 644
make[1]: Leaving directory '/cygdrive/c/Users/crutkasLocal/.copilot/session-state/78f0f9ba-f19f-4afd-aa4a-1837904263a6/files/perl-recovery-20260910/root08-candidate-commands-17/source-deref/ext/I18N-Langinfo'
PATH=/cygdrive/c/Users/crutkasLocal/.copilot/session-state/78f0f9ba-f19f-4afd-aa4a-1837904263a6/files/perl-recovery-20260910/root08-candidate-commands-17/source-deref:.:/usr/bin/:/cygdrive/c/Users/crutkasLocal/.copilot/session-state/78f0f9ba-f19f-4afd-aa4a-1837904263a6/files/perl-recovery-20260910/root08-runtime-deps-prefix-02-with-utilities/usr/bin:/cygdrive/c/Users/crutkasLocal/.copilot/session-state/78f0f9ba-f19f-4afd-aa4a-1837904263a6/files/perl-recovery-20260910/root08-runtime-deps-prefix-02-with-utilities/bin:/cygdrive/c/Users/crutkasLocal/.copilot/session-state/78f0f9ba-f19f-4afd-aa4a-1837904263a6/files/perl-recovery-20260910/root08-admitted-db-libxcrypt-prefix-01/usr/bin:/cygdrive/c/Users/crutkasLocal/.copilot/session-state/78f0f9ba-f19f-4afd-aa4a-1837904263a6/files/perl-recovery-20260910/root08-admitted-db-libxcrypt-prefix-01/bin:/cygdrive/c/Users/crutkasLocal/.copilot/session-state/78f0f9ba-f19f-4afd-aa4a-1837904263a6/files/perl-recovery-20260910/root08-admitted-gdbm-prefix-01/usr/bin:/cygdrive/c/Users/crutkasLocal/.copilot/session-state/78f0f9ba-f19f-4afd-aa4a-1837904263a6/files/perl-recovery-20260910/root08-admitted-gdbm-prefix-01/bin:/cygdrive/c/Users/crutkasLocal/.copilot/session-state/78f0f9ba-f19f-4afd-aa4a-1837904263a6/files/perl-recovery-20260910/root08-admitted-db-libxcrypt-prefix-01/usr/bin:/cygdrive/c/Users/crutkasLocal/.copilot/session-state/78f0f9ba-f19f-4afd-aa4a-1837904263a6/files/perl-recovery-20260910/root08-admitted-db-libxcrypt-prefix-01/bin ./miniperl.exe -Ilib make_ext.pl lib/auto/IO/IO.dll  MAKE="make" LIBPERL_A=msys-perl5_38.dll LINKTYPE=dynamic
make[1]: Entering directory '/cygdrive/c/Users/crutkasLocal/.copilot/session-state/78f0f9ba-f19f-4afd-aa4a-1837904263a6/files/perl-recovery-20260910/root08-candidate-commands-17/source-deref/dist/IO'
/cygdrive/c/Users/crutkasLocal/.copilot/session-state/78f0f9ba-f19f-4afd-aa4a-1837904263a6/files/perl-recovery-20260910/root08-candidate-commands-17/source-deref/dist/IO/../../miniperl "-I../../lib" -MExtUtils::Command::MM -e 'cp_nonempty' -- IO.bs ../../lib/auto/IO/IO.bs 644
make[1]: Leaving directory '/cygdrive/c/Users/crutkasLocal/.copilot/session-state/78f0f9ba-f19f-4afd-aa4a-1837904263a6/files/perl-recovery-20260910/root08-candidate-commands-17/source-deref/dist/IO'
PATH=/cygdrive/c/Users/crutkasLocal/.copilot/session-state/78f0f9ba-f19f-4afd-aa4a-1837904263a6/files/perl-recovery-20260910/root08-candidate-commands-17/source-deref:.:/usr/bin/:/cygdrive/c/Users/crutkasLocal/.copilot/session-state/78f0f9ba-f19f-4afd-aa4a-1837904263a6/files/perl-recovery-20260910/root08-runtime-deps-prefix-02-with-utilities/usr/bin:/cygdrive/c/Users/crutkasLocal/.copilot/session-state/78f0f9ba-f19f-4afd-aa4a-1837904263a6/files/perl-recovery-20260910/root08-runtime-deps-prefix-02-with-utilities/bin:/cygdrive/c/Users/crutkasLocal/.copilot/session-state/78f0f9ba-f19f-4afd-aa4a-1837904263a6/files/perl-recovery-20260910/root08-admitted-db-libxcrypt-prefix-01/usr/bin:/cygdrive/c/Users/crutkasLocal/.copilot/session-state/78f0f9ba-f19f-4afd-aa4a-1837904263a6/files/perl-recovery-20260910/root08-admitted-db-libxcrypt-prefix-01/bin:/cygdrive/c/Users/crutkasLocal/.copilot/session-state/78f0f9ba-f19f-4afd-aa4a-1837904263a6/files/perl-recovery-20260910/root08-admitted-gdbm-prefix-01/usr/bin:/cygdrive/c/Users/crutkasLocal/.copilot/session-state/78f0f9ba-f19f-4afd-aa4a-1837904263a6/files/perl-recovery-20260910/root08-admitted-gdbm-prefix-01/bin:/cygdrive/c/Users/crutkasLocal/.copilot/session-state/78f0f9ba-f19f-4afd-aa4a-1837904263a6/files/perl-recovery-20260910/root08-admitted-db-libxcrypt-prefix-01/usr/bin:/cygdrive/c/Users/crutkasLocal/.copilot/session-state/78f0f9ba-f19f-4afd-aa4a-1837904263a6/files/perl-recovery-20260910/root08-admitted-db-libxcrypt-prefix-01/bin ./miniperl.exe -Ilib make_ext.pl lib/auto/IPC/SysV/SysV.dll  MAKE="make" LIBPERL_A=msys-perl5_38.dll LINKTYPE=dynamic
make[1]: Entering directory '/cygdrive/c/Users/crutkasLocal/.copilot/session-state/78f0f9ba-f19f-4afd-aa4a-1837904263a6/files/perl-recovery-20260910/root08-candidate-commands-17/source-deref/cpan/IPC-SysV'
/cygdrive/c/Users/crutkasLocal/.copilot/session-state/78f0f9ba-f19f-4afd-aa4a-1837904263a6/files/perl-recovery-20260910/root08-candidate-commands-17/source-deref/cpan/IPC-SysV/../../miniperl "-I../../lib" -MExtUtils::Command::MM -e 'cp_nonempty' -- SysV.bs ../../lib/auto/IPC/SysV/SysV.bs 644
make[1]: Leaving directory '/cygdrive/c/Users/crutkasLocal/.copilot/session-state/78f0f9ba-f19f-4afd-aa4a-1837904263a6/files/perl-recovery-20260910/root08-candidate-commands-17/source-deref/cpan/IPC-SysV'
PATH=/cygdrive/c/Users/crutkasLocal/.copilot/session-state/78f0f9ba-f19f-4afd-aa4a-1837904263a6/files/perl-recovery-20260910/root08-candidate-commands-17/source-deref:.:/usr/bin/:/cygdrive/c/Users/crutkasLocal/.copilot/session-state/78f0f9ba-f19f-4afd-aa4a-1837904263a6/files/perl-recovery-20260910/root08-runtime-deps-prefix-02-with-utilities/usr/bin:/cygdrive/c/Users/crutkasLocal/.copilot/session-state/78f0f9ba-f19f-4afd-aa4a-1837904263a6/files/perl-recovery-20260910/root08-runtime-deps-prefix-02-with-utilities/bin:/cygdrive/c/Users/crutkasLocal/.copilot/session-state/78f0f9ba-f19f-4afd-aa4a-1837904263a6/files/perl-recovery-20260910/root08-admitted-db-libxcrypt-prefix-01/usr/bin:/cygdrive/c/Users/crutkasLocal/.copilot/session-state/78f0f9ba-f19f-4afd-aa4a-1837904263a6/files/perl-recovery-20260910/root08-admitted-db-libxcrypt-prefix-01/bin:/cygdrive/c/Users/crutkasLocal/.copilot/session-state/78f0f9ba-f19f-4afd-aa4a-1837904263a6/files/perl-recovery-20260910/root08-admitted-gdbm-prefix-01/usr/bin:/cygdrive/c/Users/crutkasLocal/.copilot/session-state/78f0f9ba-f19f-4afd-aa4a-1837904263a6/files/perl-recovery-20260910/root08-admitted-gdbm-prefix-01/bin:/cygdrive/c/Users/crutkasLocal/.copilot/session-state/78f0f9ba-f19f-4afd-aa4a-1837904263a6/files/perl-recovery-20260910/root08-admitted-db-libxcrypt-prefix-01/usr/bin:/cygdrive/c/Users/crutkasLocal/.copilot/session-state/78f0f9ba-f19f-4afd-aa4a-1837904263a6/files/perl-recovery-20260910/root08-admitted-db-libxcrypt-prefix-01/bin ./miniperl.exe -Ilib make_ext.pl lib/auto/List/Util/Util.dll  MAKE="make" LIBPERL_A=msys-perl5_38.dll LINKTYPE=dynamic
make[1]: Entering directory '/cygdrive/c/Users/crutkasLocal/.copilot/session-state/78f0f9ba-f19f-4afd-aa4a-1837904263a6/files/perl-recovery-20260910/root08-candidate-commands-17/source-deref/cpan/Scalar-List-Utils'
/cygdrive/c/Users/crutkasLocal/.copilot/session-state/78f0f9ba-f19f-4afd-aa4a-1837904263a6/files/perl-recovery-20260910/root08-candidate-commands-17/source-deref/cpan/Scalar-List-Utils/../../miniperl "-I../../lib" -MExtUtils::Command::MM -e 'cp_nonempty' -- Util.bs ../../lib/auto/List/Util/Util.bs 644
make[1]: Leaving directory '/cygdrive/c/Users/crutkasLocal/.copilot/session-state/78f0f9ba-f19f-4afd-aa4a-1837904263a6/files/perl-recovery-20260910/root08-candidate-commands-17/source-deref/cpan/Scalar-List-Utils'
PATH=/cygdrive/c/Users/crutkasLocal/.copilot/session-state/78f0f9ba-f19f-4afd-aa4a-1837904263a6/files/perl-recovery-20260910/root08-candidate-commands-17/source-deref:.:/usr/bin/:/cygdrive/c/Users/crutkasLocal/.copilot/session-state/78f0f9ba-f19f-4afd-aa4a-1837904263a6/files/perl-recovery-20260910/root08-runtime-deps-prefix-02-with-utilities/usr/bin:/cygdrive/c/Users/crutkasLocal/.copilot/session-state/78f0f9ba-f19f-4afd-aa4a-1837904263a6/files/perl-recovery-20260910/root08-runtime-deps-prefix-02-with-utilities/bin:/cygdrive/c/Users/crutkasLocal/.copilot/session-state/78f0f9ba-f19f-4afd-aa4a-1837904263a6/files/perl-recovery-20260910/root08-admitted-db-libxcrypt-prefix-01/usr/bin:/cygdrive/c/Users/crutkasLocal/.copilot/session-state/78f0f9ba-f19f-4afd-aa4a-1837904263a6/files/perl-recovery-20260910/root08-admitted-db-libxcrypt-prefix-01/bin:/cygdrive/c/Users/crutkasLocal/.copilot/session-state/78f0f9ba-f19f-4afd-aa4a-1837904263a6/files/perl-recovery-20260910/root08-admitted-gdbm-prefix-01/usr/bin:/cygdrive/c/Users/crutkasLocal/.copilot/session-state/78f0f9ba-f19f-4afd-aa4a-1837904263a6/files/perl-recovery-20260910/root08-admitted-gdbm-prefix-01/bin:/cygdrive/c/Users/crutkasLocal/.copilot/session-state/78f0f9ba-f19f-4afd-aa4a-1837904263a6/files/perl-recovery-20260910/root08-admitted-db-libxcrypt-prefix-01/usr/bin:/cygdrive/c/Users/crutkasLocal/.copilot/session-state/78f0f9ba-f19f-4afd-aa4a-1837904263a6/files/perl-recovery-20260910/root08-admitted-db-libxcrypt-prefix-01/bin ./miniperl.exe -Ilib make_ext.pl lib/auto/MIME/Base64/Base64.dll  MAKE="make" LIBPERL_A=msys-perl5_38.dll LINKTYPE=dynamic
make[1]: Entering directory '/cygdrive/c/Users/crutkasLocal/.copilot/session-state/78f0f9ba-f19f-4afd-aa4a-1837904263a6/files/perl-recovery-20260910/root08-candidate-commands-17/source-deref/cpan/MIME-Base64'
/cygdrive/c/Users/crutkasLocal/.copilot/session-state/78f0f9ba-f19f-4afd-aa4a-1837904263a6/files/perl-recovery-20260910/root08-candidate-commands-17/source-deref/cpan/MIME-Base64/../../miniperl "-I../../lib" -MExtUtils::Command::MM -e 'cp_nonempty' -- Base64.bs ../../lib/auto/MIME/Base64/Base64.bs 644
make[1]: Leaving directory '/cygdrive/c/Users/crutkasLocal/.copilot/session-state/78f0f9ba-f19f-4afd-aa4a-1837904263a6/files/perl-recovery-20260910/root08-candidate-commands-17/source-deref/cpan/MIME-Base64'
PATH=/cygdrive/c/Users/crutkasLocal/.copilot/session-state/78f0f9ba-f19f-4afd-aa4a-1837904263a6/files/perl-recovery-20260910/root08-candidate-commands-17/source-deref:.:/usr/bin/:/cygdrive/c/Users/crutkasLocal/.copilot/session-state/78f0f9ba-f19f-4afd-aa4a-1837904263a6/files/perl-recovery-20260910/root08-runtime-deps-prefix-02-with-utilities/usr/bin:/cygdrive/c/Users/crutkasLocal/.copilot/session-state/78f0f9ba-f19f-4afd-aa4a-1837904263a6/files/perl-recovery-20260910/root08-runtime-deps-prefix-02-with-utilities/bin:/cygdrive/c/Users/crutkasLocal/.copilot/session-state/78f0f9ba-f19f-4afd-aa4a-1837904263a6/files/perl-recovery-20260910/root08-admitted-db-libxcrypt-prefix-01/usr/bin:/cygdrive/c/Users/crutkasLocal/.copilot/session-state/78f0f9ba-f19f-4afd-aa4a-1837904263a6/files/perl-recovery-20260910/root08-admitted-db-libxcrypt-prefix-01/bin:/cygdrive/c/Users/crutkasLocal/.copilot/session-state/78f0f9ba-f19f-4afd-aa4a-1837904263a6/files/perl-recovery-20260910/root08-admitted-gdbm-prefix-01/usr/bin:/cygdrive/c/Users/crutkasLocal/.copilot/session-state/78f0f9ba-f19f-4afd-aa4a-1837904263a6/files/perl-recovery-20260910/root08-admitted-gdbm-prefix-01/bin:/cygdrive/c/Users/crutkasLocal/.copilot/session-state/78f0f9ba-f19f-4afd-aa4a-1837904263a6/files/perl-recovery-20260910/root08-admitted-db-libxcrypt-prefix-01/usr/bin:/cygdrive/c/Users/crutkasLocal/.copilot/session-state/78f0f9ba-f19f-4afd-aa4a-1837904263a6/files/perl-recovery-20260910/root08-admitted-db-libxcrypt-prefix-01/bin ./miniperl.exe -Ilib make_ext.pl lib/auto/Math/BigInt/FastCalc/FastCalc.dll  MAKE="make" LIBPERL_A=msys-perl5_38.dll LINKTYPE=dynamic
make[1]: Entering directory '/cygdrive/c/Users/crutkasLocal/.copilot/session-state/78f0f9ba-f19f-4afd-aa4a-1837904263a6/files/perl-recovery-20260910/root08-candidate-commands-17/source-deref/cpan/Math-BigInt-FastCalc'
/cygdrive/c/Users/crutkasLocal/.copilot/session-state/78f0f9ba-f19f-4afd-aa4a-1837904263a6/files/perl-recovery-20260910/root08-candidate-commands-17/source-deref/cpan/Math-BigInt-FastCalc/../../miniperl "-I../../lib" -MExtUtils::Command::MM -e 'cp_nonempty' -- FastCalc.bs ../../lib/auto/Math/BigInt/FastCalc/FastCalc.bs 644
make[1]: Leaving directory '/cygdrive/c/Users/crutkasLocal/.copilot/session-state/78f0f9ba-f19f-4afd-aa4a-1837904263a6/files/perl-recovery-20260910/root08-candidate-commands-17/source-deref/cpan/Math-BigInt-FastCalc'
PATH=/cygdrive/c/Users/crutkasLocal/.copilot/session-state/78f0f9ba-f19f-4afd-aa4a-1837904263a6/files/perl-recovery-20260910/root08-candidate-commands-17/source-deref:.:/usr/bin/:/cygdrive/c/Users/crutkasLocal/.copilot/session-state/78f0f9ba-f19f-4afd-aa4a-1837904263a6/files/perl-recovery-20260910/root08-runtime-deps-prefix-02-with-utilities/usr/bin:/cygdrive/c/Users/crutkasLocal/.copilot/session-state/78f0f9ba-f19f-4afd-aa4a-1837904263a6/files/perl-recovery-20260910/root08-runtime-deps-prefix-02-with-utilities/bin:/cygdrive/c/Users/crutkasLocal/.copilot/session-state/78f0f9ba-f19f-4afd-aa4a-1837904263a6/files/perl-recovery-20260910/root08-admitted-db-libxcrypt-prefix-01/usr/bin:/cygdrive/c/Users/crutkasLocal/.copilot/session-state/78f0f9ba-f19f-4afd-aa4a-1837904263a6/files/perl-recovery-20260910/root08-admitted-db-libxcrypt-prefix-01/bin:/cygdrive/c/Users/crutkasLocal/.copilot/session-state/78f0f9ba-f19f-4afd-aa4a-1837904263a6/files/perl-recovery-20260910/root08-admitted-gdbm-prefix-01/usr/bin:/cygdrive/c/Users/crutkasLocal/.copilot/session-state/78f0f9ba-f19f-4afd-aa4a-1837904263a6/files/perl-recovery-20260910/root08-admitted-gdbm-prefix-01/bin:/cygdrive/c/Users/crutkasLocal/.copilot/session-state/78f0f9ba-f19f-4afd-aa4a-1837904263a6/files/perl-recovery-20260910/root08-admitted-db-libxcrypt-prefix-01/usr/bin:/cygdrive/c/Users/crutkasLocal/.copilot/session-state/78f0f9ba-f19f-4afd-aa4a-1837904263a6/files/perl-recovery-20260910/root08-admitted-db-libxcrypt-prefix-01/bin ./miniperl.exe -Ilib make_ext.pl lib/auto/NDBM_File/NDBM_File.dll  MAKE="make" LIBPERL_A=msys-perl5_38.dll LINKTYPE=dynamic
make[1]: Entering directory '/cygdrive/c/Users/crutkasLocal/.copilot/session-state/78f0f9ba-f19f-4afd-aa4a-1837904263a6/files/perl-recovery-20260910/root08-candidate-commands-17/source-deref/ext/NDBM_File'
/cygdrive/c/Users/crutkasLocal/.copilot/session-state/78f0f9ba-f19f-4afd-aa4a-1837904263a6/files/perl-recovery-20260910/root08-candidate-commands-17/source-deref/ext/NDBM_File/../../miniperl "-I../../lib" -MExtUtils::Command::MM -e 'cp_nonempty' -- NDBM_File.bs ../../lib/auto/NDBM_File/NDBM_File.bs 644
make[1]: Leaving directory '/cygdrive/c/Users/crutkasLocal/.copilot/session-state/78f0f9ba-f19f-4afd-aa4a-1837904263a6/files/perl-recovery-20260910/root08-candidate-commands-17/source-deref/ext/NDBM_File'
PATH=/cygdrive/c/Users/crutkasLocal/.copilot/session-state/78f0f9ba-f19f-4afd-aa4a-1837904263a6/files/perl-recovery-20260910/root08-candidate-commands-17/source-deref:.:/usr/bin/:/cygdrive/c/Users/crutkasLocal/.copilot/session-state/78f0f9ba-f19f-4afd-aa4a-1837904263a6/files/perl-recovery-20260910/root08-runtime-deps-prefix-02-with-utilities/usr/bin:/cygdrive/c/Users/crutkasLocal/.copilot/session-state/78f0f9ba-f19f-4afd-aa4a-1837904263a6/files/perl-recovery-20260910/root08-runtime-deps-prefix-02-with-utilities/bin:/cygdrive/c/Users/crutkasLocal/.copilot/session-state/78f0f9ba-f19f-4afd-aa4a-1837904263a6/files/perl-recovery-20260910/root08-admitted-db-libxcrypt-prefix-01/usr/bin:/cygdrive/c/Users/crutkasLocal/.copilot/session-state/78f0f9ba-f19f-4afd-aa4a-1837904263a6/files/perl-recovery-20260910/root08-admitted-db-libxcrypt-prefix-01/bin:/cygdrive/c/Users/crutkasLocal/.copilot/session-state/78f0f9ba-f19f-4afd-aa4a-1837904263a6/files/perl-recovery-20260910/root08-admitted-gdbm-prefix-01/usr/bin:/cygdrive/c/Users/crutkasLocal/.copilot/session-state/78f0f9ba-f19f-4afd-aa4a-1837904263a6/files/perl-recovery-20260910/root08-admitted-gdbm-prefix-01/bin:/cygdrive/c/Users/crutkasLocal/.copilot/session-state/78f0f9ba-f19f-4afd-aa4a-1837904263a6/files/perl-recovery-20260910/root08-admitted-db-libxcrypt-prefix-01/usr/bin:/cygdrive/c/Users/crutkasLocal/.copilot/session-state/78f0f9ba-f19f-4afd-aa4a-1837904263a6/files/perl-recovery-20260910/root08-admitted-db-libxcrypt-prefix-01/bin ./miniperl.exe -Ilib make_ext.pl lib/auto/ODBM_File/ODBM_File.dll  MAKE="make" LIBPERL_A=msys-perl5_38.dll LINKTYPE=dynamic
make[1]: Entering directory '/cygdrive/c/Users/crutkasLocal/.copilot/session-state/78f0f9ba-f19f-4afd-aa4a-1837904263a6/files/perl-recovery-20260910/root08-candidate-commands-17/source-deref/ext/ODBM_File'
/cygdrive/c/Users/crutkasLocal/.copilot/session-state/78f0f9ba-f19f-4afd-aa4a-1837904263a6/files/perl-recovery-20260910/root08-candidate-commands-17/source-deref/ext/ODBM_File/../../miniperl "-I../../lib" -MExtUtils::Command::MM -e 'cp_nonempty' -- ODBM_File.bs ../../lib/auto/ODBM_File/ODBM_File.bs 644
make[1]: Leaving directory '/cygdrive/c/Users/crutkasLocal/.copilot/session-state/78f0f9ba-f19f-4afd-aa4a-1837904263a6/files/perl-recovery-20260910/root08-candidate-commands-17/source-deref/ext/ODBM_File'
PATH=/cygdrive/c/Users/crutkasLocal/.copilot/session-state/78f0f9ba-f19f-4afd-aa4a-1837904263a6/files/perl-recovery-20260910/root08-candidate-commands-17/source-deref:.:/usr/bin/:/cygdrive/c/Users/crutkasLocal/.copilot/session-state/78f0f9ba-f19f-4afd-aa4a-1837904263a6/files/perl-recovery-20260910/root08-runtime-deps-prefix-02-with-utilities/usr/bin:/cygdrive/c/Users/crutkasLocal/.copilot/session-state/78f0f9ba-f19f-4afd-aa4a-1837904263a6/files/perl-recovery-20260910/root08-runtime-deps-prefix-02-with-utilities/bin:/cygdrive/c/Users/crutkasLocal/.copilot/session-state/78f0f9ba-f19f-4afd-aa4a-1837904263a6/files/perl-recovery-20260910/root08-admitted-db-libxcrypt-prefix-01/usr/bin:/cygdrive/c/Users/crutkasLocal/.copilot/session-state/78f0f9ba-f19f-4afd-aa4a-1837904263a6/files/perl-recovery-20260910/root08-admitted-db-libxcrypt-prefix-01/bin:/cygdrive/c/Users/crutkasLocal/.copilot/session-state/78f0f9ba-f19f-4afd-aa4a-1837904263a6/files/perl-recovery-20260910/root08-admitted-gdbm-prefix-01/usr/bin:/cygdrive/c/Users/crutkasLocal/.copilot/session-state/78f0f9ba-f19f-4afd-aa4a-1837904263a6/files/perl-recovery-20260910/root08-admitted-gdbm-prefix-01/bin:/cygdrive/c/Users/crutkasLocal/.copilot/session-state/78f0f9ba-f19f-4afd-aa4a-1837904263a6/files/perl-recovery-20260910/root08-admitted-db-libxcrypt-prefix-01/usr/bin:/cygdrive/c/Users/crutkasLocal/.copilot/session-state/78f0f9ba-f19f-4afd-aa4a-1837904263a6/files/perl-recovery-20260910/root08-admitted-db-libxcrypt-prefix-01/bin ./miniperl.exe -Ilib make_ext.pl lib/auto/Opcode/Opcode.dll  MAKE="make" LIBPERL_A=msys-perl5_38.dll LINKTYPE=dynamic
make[1]: Entering directory '/cygdrive/c/Users/crutkasLocal/.copilot/session-state/78f0f9ba-f19f-4afd-aa4a-1837904263a6/files/perl-recovery-20260910/root08-candidate-commands-17/source-deref/ext/Opcode'
/cygdrive/c/Users/crutkasLocal/.copilot/session-state/78f0f9ba-f19f-4afd-aa4a-1837904263a6/files/perl-recovery-20260910/root08-candidate-commands-17/source-deref/ext/Opcode/../../miniperl "-I../../lib" -MExtUtils::Command::MM -e 'cp_nonempty' -- Opcode.bs ../../lib/auto/Opcode/Opcode.bs 644
make[1]: Leaving directory '/cygdrive/c/Users/crutkasLocal/.copilot/session-state/78f0f9ba-f19f-4afd-aa4a-1837904263a6/files/perl-recovery-20260910/root08-candidate-commands-17/source-deref/ext/Opcode'
PATH=/cygdrive/c/Users/crutkasLocal/.copilot/session-state/78f0f9ba-f19f-4afd-aa4a-1837904263a6/files/perl-recovery-20260910/root08-candidate-commands-17/source-deref:.:/usr/bin/:/cygdrive/c/Users/crutkasLocal/.copilot/session-state/78f0f9ba-f19f-4afd-aa4a-1837904263a6/files/perl-recovery-20260910/root08-runtime-deps-prefix-02-with-utilities/usr/bin:/cygdrive/c/Users/crutkasLocal/.copilot/session-state/78f0f9ba-f19f-4afd-aa4a-1837904263a6/files/perl-recovery-20260910/root08-runtime-deps-prefix-02-with-utilities/bin:/cygdrive/c/Users/crutkasLocal/.copilot/session-state/78f0f9ba-f19f-4afd-aa4a-1837904263a6/files/perl-recovery-20260910/root08-admitted-db-libxcrypt-prefix-01/usr/bin:/cygdrive/c/Users/crutkasLocal/.copilot/session-state/78f0f9ba-f19f-4afd-aa4a-1837904263a6/files/perl-recovery-20260910/root08-admitted-db-libxcrypt-prefix-01/bin:/cygdrive/c/Users/crutkasLocal/.copilot/session-state/78f0f9ba-f19f-4afd-aa4a-1837904263a6/files/perl-recovery-20260910/root08-admitted-gdbm-prefix-01/usr/bin:/cygdrive/c/Users/crutkasLocal/.copilot/session-state/78f0f9ba-f19f-4afd-aa4a-1837904263a6/files/perl-recovery-20260910/root08-admitted-gdbm-prefix-01/bin:/cygdrive/c/Users/crutkasLocal/.copilot/session-state/78f0f9ba-f19f-4afd-aa4a-1837904263a6/files/perl-recovery-20260910/root08-admitted-db-libxcrypt-prefix-01/usr/bin:/cygdrive/c/Users/crutkasLocal/.copilot/session-state/78f0f9ba-f19f-4afd-aa4a-1837904263a6/files/perl-recovery-20260910/root08-admitted-db-libxcrypt-prefix-01/bin ./miniperl.exe -Ilib make_ext.pl lib/auto/POSIX/POSIX.dll  MAKE="make" LIBPERL_A=msys-perl5_38.dll LINKTYPE=dynamic
make[1]: Entering directory '/cygdrive/c/Users/crutkasLocal/.copilot/session-state/78f0f9ba-f19f-4afd-aa4a-1837904263a6/files/perl-recovery-20260910/root08-candidate-commands-17/source-deref/ext/POSIX'
/cygdrive/c/Users/crutkasLocal/.copilot/session-state/78f0f9ba-f19f-4afd-aa4a-1837904263a6/files/perl-recovery-20260910/root08-candidate-commands-17/source-deref/ext/POSIX/../../miniperl "-I../../lib" -MExtUtils::Command::MM -e 'cp_nonempty' -- POSIX.bs ../../lib/auto/POSIX/POSIX.bs 644
make[1]: Leaving directory '/cygdrive/c/Users/crutkasLocal/.copilot/session-state/78f0f9ba-f19f-4afd-aa4a-1837904263a6/files/perl-recovery-20260910/root08-candidate-commands-17/source-deref/ext/POSIX'
PATH=/cygdrive/c/Users/crutkasLocal/.copilot/session-state/78f0f9ba-f19f-4afd-aa4a-1837904263a6/files/perl-recovery-20260910/root08-candidate-commands-17/source-deref:.:/usr/bin/:/cygdrive/c/Users/crutkasLocal/.copilot/session-state/78f0f9ba-f19f-4afd-aa4a-1837904263a6/files/perl-recovery-20260910/root08-runtime-deps-prefix-02-with-utilities/usr/bin:/cygdrive/c/Users/crutkasLocal/.copilot/session-state/78f0f9ba-f19f-4afd-aa4a-1837904263a6/files/perl-recovery-20260910/root08-runtime-deps-prefix-02-with-utilities/bin:/cygdrive/c/Users/crutkasLocal/.copilot/session-state/78f0f9ba-f19f-4afd-aa4a-1837904263a6/files/perl-recovery-20260910/root08-admitted-db-libxcrypt-prefix-01/usr/bin:/cygdrive/c/Users/crutkasLocal/.copilot/session-state/78f0f9ba-f19f-4afd-aa4a-1837904263a6/files/perl-recovery-20260910/root08-admitted-db-libxcrypt-prefix-01/bin:/cygdrive/c/Users/crutkasLocal/.copilot/session-state/78f0f9ba-f19f-4afd-aa4a-1837904263a6/files/perl-recovery-20260910/root08-admitted-gdbm-prefix-01/usr/bin:/cygdrive/c/Users/crutkasLocal/.copilot/session-state/78f0f9ba-f19f-4afd-aa4a-1837904263a6/files/perl-recovery-20260910/root08-admitted-gdbm-prefix-01/bin:/cygdrive/c/Users/crutkasLocal/.copilot/session-state/78f0f9ba-f19f-4afd-aa4a-1837904263a6/files/perl-recovery-20260910/root08-admitted-db-libxcrypt-prefix-01/usr/bin:/cygdrive/c/Users/crutkasLocal/.copilot/session-state/78f0f9ba-f19f-4afd-aa4a-1837904263a6/files/perl-recovery-20260910/root08-admitted-db-libxcrypt-prefix-01/bin ./miniperl.exe -Ilib make_ext.pl lib/auto/PerlIO/encoding/encoding.dll  MAKE="make" LIBPERL_A=msys-perl5_38.dll LINKTYPE=dynamic
make[1]: Entering directory '/cygdrive/c/Users/crutkasLocal/.copilot/session-state/78f0f9ba-f19f-4afd-aa4a-1837904263a6/files/perl-recovery-20260910/root08-candidate-commands-17/source-deref/ext/PerlIO-encoding'
/cygdrive/c/Users/crutkasLocal/.copilot/session-state/78f0f9ba-f19f-4afd-aa4a-1837904263a6/files/perl-recovery-20260910/root08-candidate-commands-17/source-deref/ext/PerlIO-encoding/../../miniperl "-I../../lib" -MExtUtils::Command::MM -e 'cp_nonempty' -- encoding.bs ../../lib/auto/PerlIO/encoding/encoding.bs 644
make[1]: Leaving directory '/cygdrive/c/Users/crutkasLocal/.copilot/session-state/78f0f9ba-f19f-4afd-aa4a-1837904263a6/files/perl-recovery-20260910/root08-candidate-commands-17/source-deref/ext/PerlIO-encoding'
PATH=/cygdrive/c/Users/crutkasLocal/.copilot/session-state/78f0f9ba-f19f-4afd-aa4a-1837904263a6/files/perl-recovery-20260910/root08-candidate-commands-17/source-deref:.:/usr/bin/:/cygdrive/c/Users/crutkasLocal/.copilot/session-state/78f0f9ba-f19f-4afd-aa4a-1837904263a6/files/perl-recovery-20260910/root08-runtime-deps-prefix-02-with-utilities/usr/bin:/cygdrive/c/Users/crutkasLocal/.copilot/session-state/78f0f9ba-f19f-4afd-aa4a-1837904263a6/files/perl-recovery-20260910/root08-runtime-deps-prefix-02-with-utilities/bin:/cygdrive/c/Users/crutkasLocal/.copilot/session-state/78f0f9ba-f19f-4afd-aa4a-1837904263a6/files/perl-recovery-20260910/root08-admitted-db-libxcrypt-prefix-01/usr/bin:/cygdrive/c/Users/crutkasLocal/.copilot/session-state/78f0f9ba-f19f-4afd-aa4a-1837904263a6/files/perl-recovery-20260910/root08-admitted-db-libxcrypt-prefix-01/bin:/cygdrive/c/Users/crutkasLocal/.copilot/session-state/78f0f9ba-f19f-4afd-aa4a-1837904263a6/files/perl-recovery-20260910/root08-admitted-gdbm-prefix-01/usr/bin:/cygdrive/c/Users/crutkasLocal/.copilot/session-state/78f0f9ba-f19f-4afd-aa4a-1837904263a6/files/perl-recovery-20260910/root08-admitted-gdbm-prefix-01/bin:/cygdrive/c/Users/crutkasLocal/.copilot/session-state/78f0f9ba-f19f-4afd-aa4a-1837904263a6/files/perl-recovery-20260910/root08-admitted-db-libxcrypt-prefix-01/usr/bin:/cygdrive/c/Users/crutkasLocal/.copilot/session-state/78f0f9ba-f19f-4afd-aa4a-1837904263a6/files/perl-recovery-20260910/root08-admitted-db-libxcrypt-prefix-01/bin ./miniperl.exe -Ilib make_ext.pl lib/auto/PerlIO/mmap/mmap.dll  MAKE="make" LIBPERL_A=msys-perl5_38.dll LINKTYPE=dynamic
make[1]: Entering directory '/cygdrive/c/Users/crutkasLocal/.copilot/session-state/78f0f9ba-f19f-4afd-aa4a-1837904263a6/files/perl-recovery-20260910/root08-candidate-commands-17/source-deref/ext/PerlIO-mmap'
/cygdrive/c/Users/crutkasLocal/.copilot/session-state/78f0f9ba-f19f-4afd-aa4a-1837904263a6/files/perl-recovery-20260910/root08-candidate-commands-17/source-deref/ext/PerlIO-mmap/../../miniperl "-I../../lib" -MExtUtils::Command::MM -e 'cp_nonempty' -- mmap.bs ../../lib/auto/PerlIO/mmap/mmap.bs 644
make[1]: Leaving directory '/cygdrive/c/Users/crutkasLocal/.copilot/session-state/78f0f9ba-f19f-4afd-aa4a-1837904263a6/files/perl-recovery-20260910/root08-candidate-commands-17/source-deref/ext/PerlIO-mmap'
PATH=/cygdrive/c/Users/crutkasLocal/.copilot/session-state/78f0f9ba-f19f-4afd-aa4a-1837904263a6/files/perl-recovery-20260910/root08-candidate-commands-17/source-deref:.:/usr/bin/:/cygdrive/c/Users/crutkasLocal/.copilot/session-state/78f0f9ba-f19f-4afd-aa4a-1837904263a6/files/perl-recovery-20260910/root08-runtime-deps-prefix-02-with-utilities/usr/bin:/cygdrive/c/Users/crutkasLocal/.copilot/session-state/78f0f9ba-f19f-4afd-aa4a-1837904263a6/files/perl-recovery-20260910/root08-runtime-deps-prefix-02-with-utilities/bin:/cygdrive/c/Users/crutkasLocal/.copilot/session-state/78f0f9ba-f19f-4afd-aa4a-1837904263a6/files/perl-recovery-20260910/root08-admitted-db-libxcrypt-prefix-01/usr/bin:/cygdrive/c/Users/crutkasLocal/.copilot/session-state/78f0f9ba-f19f-4afd-aa4a-1837904263a6/files/perl-recovery-20260910/root08-admitted-db-libxcrypt-prefix-01/bin:/cygdrive/c/Users/crutkasLocal/.copilot/session-state/78f0f9ba-f19f-4afd-aa4a-1837904263a6/files/perl-recovery-20260910/root08-admitted-gdbm-prefix-01/usr/bin:/cygdrive/c/Users/crutkasLocal/.copilot/session-state/78f0f9ba-f19f-4afd-aa4a-1837904263a6/files/perl-recovery-20260910/root08-admitted-gdbm-prefix-01/bin:/cygdrive/c/Users/crutkasLocal/.copilot/session-state/78f0f9ba-f19f-4afd-aa4a-1837904263a6/files/perl-recovery-20260910/root08-admitted-db-libxcrypt-prefix-01/usr/bin:/cygdrive/c/Users/crutkasLocal/.copilot/session-state/78f0f9ba-f19f-4afd-aa4a-1837904263a6/files/perl-recovery-20260910/root08-admitted-db-libxcrypt-prefix-01/bin ./miniperl.exe -Ilib make_ext.pl lib/auto/PerlIO/scalar/scalar.dll  MAKE="make" LIBPERL_A=msys-perl5_38.dll LINKTYPE=dynamic
make[1]: Entering directory '/cygdrive/c/Users/crutkasLocal/.copilot/session-state/78f0f9ba-f19f-4afd-aa4a-1837904263a6/files/perl-recovery-20260910/root08-candidate-commands-17/source-deref/ext/PerlIO-scalar'
/cygdrive/c/Users/crutkasLocal/.copilot/session-state/78f0f9ba-f19f-4afd-aa4a-1837904263a6/files/perl-recovery-20260910/root08-candidate-commands-17/source-deref/ext/PerlIO-scalar/../../miniperl "-I../../lib" -MExtUtils::Command::MM -e 'cp_nonempty' -- scalar.bs ../../lib/auto/PerlIO/scalar/scalar.bs 644
make[1]: Leaving directory '/cygdrive/c/Users/crutkasLocal/.copilot/session-state/78f0f9ba-f19f-4afd-aa4a-1837904263a6/files/perl-recovery-20260910/root08-candidate-commands-17/source-deref/ext/PerlIO-scalar'
PATH=/cygdrive/c/Users/crutkasLocal/.copilot/session-state/78f0f9ba-f19f-4afd-aa4a-1837904263a6/files/perl-recovery-20260910/root08-candidate-commands-17/source-deref:.:/usr/bin/:/cygdrive/c/Users/crutkasLocal/.copilot/session-state/78f0f9ba-f19f-4afd-aa4a-1837904263a6/files/perl-recovery-20260910/root08-runtime-deps-prefix-02-with-utilities/usr/bin:/cygdrive/c/Users/crutkasLocal/.copilot/session-state/78f0f9ba-f19f-4afd-aa4a-1837904263a6/files/perl-recovery-20260910/root08-runtime-deps-prefix-02-with-utilities/bin:/cygdrive/c/Users/crutkasLocal/.copilot/session-state/78f0f9ba-f19f-4afd-aa4a-1837904263a6/files/perl-recovery-20260910/root08-admitted-db-libxcrypt-prefix-01/usr/bin:/cygdrive/c/Users/crutkasLocal/.copilot/session-state/78f0f9ba-f19f-4afd-aa4a-1837904263a6/files/perl-recovery-20260910/root08-admitted-db-libxcrypt-prefix-01/bin:/cygdrive/c/Users/crutkasLocal/.copilot/session-state/78f0f9ba-f19f-4afd-aa4a-1837904263a6/files/perl-recovery-20260910/root08-admitted-gdbm-prefix-01/usr/bin:/cygdrive/c/Users/crutkasLocal/.copilot/session-state/78f0f9ba-f19f-4afd-aa4a-1837904263a6/files/perl-recovery-20260910/root08-admitted-gdbm-prefix-01/bin:/cygdrive/c/Users/crutkasLocal/.copilot/session-state/78f0f9ba-f19f-4afd-aa4a-1837904263a6/files/perl-recovery-20260910/root08-admitted-db-libxcrypt-prefix-01/usr/bin:/cygdrive/c/Users/crutkasLocal/.copilot/session-state/78f0f9ba-f19f-4afd-aa4a-1837904263a6/files/perl-recovery-20260910/root08-admitted-db-libxcrypt-prefix-01/bin ./miniperl.exe -Ilib make_ext.pl lib/auto/PerlIO/via/via.dll  MAKE="make" LIBPERL_A=msys-perl5_38.dll LINKTYPE=dynamic
make[1]: Entering directory '/cygdrive/c/Users/crutkasLocal/.copilot/session-state/78f0f9ba-f19f-4afd-aa4a-1837904263a6/files/perl-recovery-20260910/root08-candidate-commands-17/source-deref/ext/PerlIO-via'
/cygdrive/c/Users/crutkasLocal/.copilot/session-state/78f0f9ba-f19f-4afd-aa4a-1837904263a6/files/perl-recovery-20260910/root08-candidate-commands-17/source-deref/ext/PerlIO-via/../../miniperl "-I../../lib" -MExtUtils::Command::MM -e 'cp_nonempty' -- via.bs ../../lib/auto/PerlIO/via/via.bs 644
make[1]: Leaving directory '/cygdrive/c/Users/crutkasLocal/.copilot/session-state/78f0f9ba-f19f-4afd-aa4a-1837904263a6/files/perl-recovery-20260910/root08-candidate-commands-17/source-deref/ext/PerlIO-via'
PATH=/cygdrive/c/Users/crutkasLocal/.copilot/session-state/78f0f9ba-f19f-4afd-aa4a-1837904263a6/files/perl-recovery-20260910/root08-candidate-commands-17/source-deref:.:/usr/bin/:/cygdrive/c/Users/crutkasLocal/.copilot/session-state/78f0f9ba-f19f-4afd-aa4a-1837904263a6/files/perl-recovery-20260910/root08-runtime-deps-prefix-02-with-utilities/usr/bin:/cygdrive/c/Users/crutkasLocal/.copilot/session-state/78f0f9ba-f19f-4afd-aa4a-1837904263a6/files/perl-recovery-20260910/root08-runtime-deps-prefix-02-with-utilities/bin:/cygdrive/c/Users/crutkasLocal/.copilot/session-state/78f0f9ba-f19f-4afd-aa4a-1837904263a6/files/perl-recovery-20260910/root08-admitted-db-libxcrypt-prefix-01/usr/bin:/cygdrive/c/Users/crutkasLocal/.copilot/session-state/78f0f9ba-f19f-4afd-aa4a-1837904263a6/files/perl-recovery-20260910/root08-admitted-db-libxcrypt-prefix-01/bin:/cygdrive/c/Users/crutkasLocal/.copilot/session-state/78f0f9ba-f19f-4afd-aa4a-1837904263a6/files/perl-recovery-20260910/root08-admitted-gdbm-prefix-01/usr/bin:/cygdrive/c/Users/crutkasLocal/.copilot/session-state/78f0f9ba-f19f-4afd-aa4a-1837904263a6/files/perl-recovery-20260910/root08-admitted-gdbm-prefix-01/bin:/cygdrive/c/Users/crutkasLocal/.copilot/session-state/78f0f9ba-f19f-4afd-aa4a-1837904263a6/files/perl-recovery-20260910/root08-admitted-db-libxcrypt-prefix-01/usr/bin:/cygdrive/c/Users/crutkasLocal/.copilot/session-state/78f0f9ba-f19f-4afd-aa4a-1837904263a6/files/perl-recovery-20260910/root08-admitted-db-libxcrypt-prefix-01/bin ./miniperl.exe -Ilib make_ext.pl lib/auto/SDBM_File/SDBM_File.dll  MAKE="make" LIBPERL_A=msys-perl5_38.dll LINKTYPE=dynamic
make[1]: Entering directory '/cygdrive/c/Users/crutkasLocal/.copilot/session-state/78f0f9ba-f19f-4afd-aa4a-1837904263a6/files/perl-recovery-20260910/root08-candidate-commands-17/source-deref/ext/SDBM_File'
/cygdrive/c/Users/crutkasLocal/.copilot/session-state/78f0f9ba-f19f-4afd-aa4a-1837904263a6/files/perl-recovery-20260910/root08-candidate-commands-17/source-deref/ext/SDBM_File/../../miniperl "-I../../lib" -MExtUtils::Command::MM -e 'cp_nonempty' -- SDBM_File.bs ../../lib/auto/SDBM_File/SDBM_File.bs 644
make[1]: Leaving directory '/cygdrive/c/Users/crutkasLocal/.copilot/session-state/78f0f9ba-f19f-4afd-aa4a-1837904263a6/files/perl-recovery-20260910/root08-candidate-commands-17/source-deref/ext/SDBM_File'
PATH=/cygdrive/c/Users/crutkasLocal/.copilot/session-state/78f0f9ba-f19f-4afd-aa4a-1837904263a6/files/perl-recovery-20260910/root08-candidate-commands-17/source-deref:.:/usr/bin/:/cygdrive/c/Users/crutkasLocal/.copilot/session-state/78f0f9ba-f19f-4afd-aa4a-1837904263a6/files/perl-recovery-20260910/root08-runtime-deps-prefix-02-with-utilities/usr/bin:/cygdrive/c/Users/crutkasLocal/.copilot/session-state/78f0f9ba-f19f-4afd-aa4a-1837904263a6/files/perl-recovery-20260910/root08-runtime-deps-prefix-02-with-utilities/bin:/cygdrive/c/Users/crutkasLocal/.copilot/session-state/78f0f9ba-f19f-4afd-aa4a-1837904263a6/files/perl-recovery-20260910/root08-admitted-db-libxcrypt-prefix-01/usr/bin:/cygdrive/c/Users/crutkasLocal/.copilot/session-state/78f0f9ba-f19f-4afd-aa4a-1837904263a6/files/perl-recovery-20260910/root08-admitted-db-libxcrypt-prefix-01/bin:/cygdrive/c/Users/crutkasLocal/.copilot/session-state/78f0f9ba-f19f-4afd-aa4a-1837904263a6/files/perl-recovery-20260910/root08-admitted-gdbm-prefix-01/usr/bin:/cygdrive/c/Users/crutkasLocal/.copilot/session-state/78f0f9ba-f19f-4afd-aa4a-1837904263a6/files/perl-recovery-20260910/root08-admitted-gdbm-prefix-01/bin:/cygdrive/c/Users/crutkasLocal/.copilot/session-state/78f0f9ba-f19f-4afd-aa4a-1837904263a6/files/perl-recovery-20260910/root08-admitted-db-libxcrypt-prefix-01/usr/bin:/cygdrive/c/Users/crutkasLocal/.copilot/session-state/78f0f9ba-f19f-4afd-aa4a-1837904263a6/files/perl-recovery-20260910/root08-admitted-db-libxcrypt-prefix-01/bin ./miniperl.exe -Ilib make_ext.pl lib/auto/Socket/Socket.dll  MAKE="make" LIBPERL_A=msys-perl5_38.dll LINKTYPE=dynamic
make[1]: Entering directory '/cygdrive/c/Users/crutkasLocal/.copilot/session-state/78f0f9ba-f19f-4afd-aa4a-1837904263a6/files/perl-recovery-20260910/root08-candidate-commands-17/source-deref/cpan/Socket'
/cygdrive/c/Users/crutkasLocal/.copilot/session-state/78f0f9ba-f19f-4afd-aa4a-1837904263a6/files/perl-recovery-20260910/root08-candidate-commands-17/source-deref/cpan/Socket/../../miniperl "-I../../lib" -MExtUtils::Command::MM -e 'cp_nonempty' -- Socket.bs ../../lib/auto/Socket/Socket.bs 644
make[1]: Leaving directory '/cygdrive/c/Users/crutkasLocal/.copilot/session-state/78f0f9ba-f19f-4afd-aa4a-1837904263a6/files/perl-recovery-20260910/root08-candidate-commands-17/source-deref/cpan/Socket'
PATH=/cygdrive/c/Users/crutkasLocal/.copilot/session-state/78f0f9ba-f19f-4afd-aa4a-1837904263a6/files/perl-recovery-20260910/root08-candidate-commands-17/source-deref:.:/usr/bin/:/cygdrive/c/Users/crutkasLocal/.copilot/session-state/78f0f9ba-f19f-4afd-aa4a-1837904263a6/files/perl-recovery-20260910/root08-runtime-deps-prefix-02-with-utilities/usr/bin:/cygdrive/c/Users/crutkasLocal/.copilot/session-state/78f0f9ba-f19f-4afd-aa4a-1837904263a6/files/perl-recovery-20260910/root08-runtime-deps-prefix-02-with-utilities/bin:/cygdrive/c/Users/crutkasLocal/.copilot/session-state/78f0f9ba-f19f-4afd-aa4a-1837904263a6/files/perl-recovery-20260910/root08-admitted-db-libxcrypt-prefix-01/usr/bin:/cygdrive/c/Users/crutkasLocal/.copilot/session-state/78f0f9ba-f19f-4afd-aa4a-1837904263a6/files/perl-recovery-20260910/root08-admitted-db-libxcrypt-prefix-01/bin:/cygdrive/c/Users/crutkasLocal/.copilot/session-state/78f0f9ba-f19f-4afd-aa4a-1837904263a6/files/perl-recovery-20260910/root08-admitted-gdbm-prefix-01/usr/bin:/cygdrive/c/Users/crutkasLocal/.copilot/session-state/78f0f9ba-f19f-4afd-aa4a-1837904263a6/files/perl-recovery-20260910/root08-admitted-gdbm-prefix-01/bin:/cygdrive/c/Users/crutkasLocal/.copilot/session-state/78f0f9ba-f19f-4afd-aa4a-1837904263a6/files/perl-recovery-20260910/root08-admitted-db-libxcrypt-prefix-01/usr/bin:/cygdrive/c/Users/crutkasLocal/.copilot/session-state/78f0f9ba-f19f-4afd-aa4a-1837904263a6/files/perl-recovery-20260910/root08-admitted-db-libxcrypt-prefix-01/bin ./miniperl.exe -Ilib make_ext.pl lib/auto/Storable/Storable.dll  MAKE="make" LIBPERL_A=msys-perl5_38.dll LINKTYPE=dynamic
make[1]: Entering directory '/cygdrive/c/Users/crutkasLocal/.copilot/session-state/78f0f9ba-f19f-4afd-aa4a-1837904263a6/files/perl-recovery-20260910/root08-candidate-commands-17/source-deref/dist/Storable'
/cygdrive/c/Users/crutkasLocal/.copilot/session-state/78f0f9ba-f19f-4afd-aa4a-1837904263a6/files/perl-recovery-20260910/root08-candidate-commands-17/source-deref/dist/Storable/../../miniperl "-I../../lib" -MExtUtils::Command::MM -e 'cp_nonempty' -- Storable.bs ../../lib/auto/Storable/Storable.bs 644
make[1]: Leaving directory '/cygdrive/c/Users/crutkasLocal/.copilot/session-state/78f0f9ba-f19f-4afd-aa4a-1837904263a6/files/perl-recovery-20260910/root08-candidate-commands-17/source-deref/dist/Storable'
PATH=/cygdrive/c/Users/crutkasLocal/.copilot/session-state/78f0f9ba-f19f-4afd-aa4a-1837904263a6/files/perl-recovery-20260910/root08-candidate-commands-17/source-deref:.:/usr/bin/:/cygdrive/c/Users/crutkasLocal/.copilot/session-state/78f0f9ba-f19f-4afd-aa4a-1837904263a6/files/perl-recovery-20260910/root08-runtime-deps-prefix-02-with-utilities/usr/bin:/cygdrive/c/Users/crutkasLocal/.copilot/session-state/78f0f9ba-f19f-4afd-aa4a-1837904263a6/files/perl-recovery-20260910/root08-runtime-deps-prefix-02-with-utilities/bin:/cygdrive/c/Users/crutkasLocal/.copilot/session-state/78f0f9ba-f19f-4afd-aa4a-1837904263a6/files/perl-recovery-20260910/root08-admitted-db-libxcrypt-prefix-01/usr/bin:/cygdrive/c/Users/crutkasLocal/.copilot/session-state/78f0f9ba-f19f-4afd-aa4a-1837904263a6/files/perl-recovery-20260910/root08-admitted-db-libxcrypt-prefix-01/bin:/cygdrive/c/Users/crutkasLocal/.copilot/session-state/78f0f9ba-f19f-4afd-aa4a-1837904263a6/files/perl-recovery-20260910/root08-admitted-gdbm-prefix-01/usr/bin:/cygdrive/c/Users/crutkasLocal/.copilot/session-state/78f0f9ba-f19f-4afd-aa4a-1837904263a6/files/perl-recovery-20260910/root08-admitted-gdbm-prefix-01/bin:/cygdrive/c/Users/crutkasLocal/.copilot/session-state/78f0f9ba-f19f-4afd-aa4a-1837904263a6/files/perl-recovery-20260910/root08-admitted-db-libxcrypt-prefix-01/usr/bin:/cygdrive/c/Users/crutkasLocal/.copilot/session-state/78f0f9ba-f19f-4afd-aa4a-1837904263a6/files/perl-recovery-20260910/root08-admitted-db-libxcrypt-prefix-01/bin ./miniperl.exe -Ilib make_ext.pl lib/auto/Sys/Hostname/Hostname.dll  MAKE="make" LIBPERL_A=msys-perl5_38.dll LINKTYPE=dynamic
make[1]: Entering directory '/cygdrive/c/Users/crutkasLocal/.copilot/session-state/78f0f9ba-f19f-4afd-aa4a-1837904263a6/files/perl-recovery-20260910/root08-candidate-commands-17/source-deref/ext/Sys-Hostname'
/cygdrive/c/Users/crutkasLocal/.copilot/session-state/78f0f9ba-f19f-4afd-aa4a-1837904263a6/files/perl-recovery-20260910/root08-candidate-commands-17/source-deref/ext/Sys-Hostname/../../miniperl "-I../../lib" -MExtUtils::Command::MM -e 'cp_nonempty' -- Hostname.bs ../../lib/auto/Sys/Hostname/Hostname.bs 644
make[1]: Leaving directory '/cygdrive/c/Users/crutkasLocal/.copilot/session-state/78f0f9ba-f19f-4afd-aa4a-1837904263a6/files/perl-recovery-20260910/root08-candidate-commands-17/source-deref/ext/Sys-Hostname'
PATH=/cygdrive/c/Users/crutkasLocal/.copilot/session-state/78f0f9ba-f19f-4afd-aa4a-1837904263a6/files/perl-recovery-20260910/root08-candidate-commands-17/source-deref:.:/usr/bin/:/cygdrive/c/Users/crutkasLocal/.copilot/session-state/78f0f9ba-f19f-4afd-aa4a-1837904263a6/files/perl-recovery-20260910/root08-runtime-deps-prefix-02-with-utilities/usr/bin:/cygdrive/c/Users/crutkasLocal/.copilot/session-state/78f0f9ba-f19f-4afd-aa4a-1837904263a6/files/perl-recovery-20260910/root08-runtime-deps-prefix-02-with-utilities/bin:/cygdrive/c/Users/crutkasLocal/.copilot/session-state/78f0f9ba-f19f-4afd-aa4a-1837904263a6/files/perl-recovery-20260910/root08-admitted-db-libxcrypt-prefix-01/usr/bin:/cygdrive/c/Users/crutkasLocal/.copilot/session-state/78f0f9ba-f19f-4afd-aa4a-1837904263a6/files/perl-recovery-20260910/root08-admitted-db-libxcrypt-prefix-01/bin:/cygdrive/c/Users/crutkasLocal/.copilot/session-state/78f0f9ba-f19f-4afd-aa4a-1837904263a6/files/perl-recovery-20260910/root08-admitted-gdbm-prefix-01/usr/bin:/cygdrive/c/Users/crutkasLocal/.copilot/session-state/78f0f9ba-f19f-4afd-aa4a-1837904263a6/files/perl-recovery-20260910/root08-admitted-gdbm-prefix-01/bin:/cygdrive/c/Users/crutkasLocal/.copilot/session-state/78f0f9ba-f19f-4afd-aa4a-1837904263a6/files/perl-recovery-20260910/root08-admitted-db-libxcrypt-prefix-01/usr/bin:/cygdrive/c/Users/crutkasLocal/.copilot/session-state/78f0f9ba-f19f-4afd-aa4a-1837904263a6/files/perl-recovery-20260910/root08-admitted-db-libxcrypt-prefix-01/bin ./miniperl.exe -Ilib make_ext.pl lib/auto/Sys/Syslog/Syslog.dll  MAKE="make" LIBPERL_A=msys-perl5_38.dll LINKTYPE=dynamic
make[1]: Entering directory '/cygdrive/c/Users/crutkasLocal/.copilot/session-state/78f0f9ba-f19f-4afd-aa4a-1837904263a6/files/perl-recovery-20260910/root08-candidate-commands-17/source-deref/cpan/Sys-Syslog'
/cygdrive/c/Users/crutkasLocal/.copilot/session-state/78f0f9ba-f19f-4afd-aa4a-1837904263a6/files/perl-recovery-20260910/root08-candidate-commands-17/source-deref/cpan/Sys-Syslog/../../miniperl "-I../../lib" -MExtUtils::Command::MM -e 'cp_nonempty' -- Syslog.bs ../../lib/auto/Sys/Syslog/Syslog.bs 644
make[1]: Leaving directory '/cygdrive/c/Users/crutkasLocal/.copilot/session-state/78f0f9ba-f19f-4afd-aa4a-1837904263a6/files/perl-recovery-20260910/root08-candidate-commands-17/source-deref/cpan/Sys-Syslog'
PATH=/cygdrive/c/Users/crutkasLocal/.copilot/session-state/78f0f9ba-f19f-4afd-aa4a-1837904263a6/files/perl-recovery-20260910/root08-candidate-commands-17/source-deref:.:/usr/bin/:/cygdrive/c/Users/crutkasLocal/.copilot/session-state/78f0f9ba-f19f-4afd-aa4a-1837904263a6/files/perl-recovery-20260910/root08-runtime-deps-prefix-02-with-utilities/usr/bin:/cygdrive/c/Users/crutkasLocal/.copilot/session-state/78f0f9ba-f19f-4afd-aa4a-1837904263a6/files/perl-recovery-20260910/root08-runtime-deps-prefix-02-with-utilities/bin:/cygdrive/c/Users/crutkasLocal/.copilot/session-state/78f0f9ba-f19f-4afd-aa4a-1837904263a6/files/perl-recovery-20260910/root08-admitted-db-libxcrypt-prefix-01/usr/bin:/cygdrive/c/Users/crutkasLocal/.copilot/session-state/78f0f9ba-f19f-4afd-aa4a-1837904263a6/files/perl-recovery-20260910/root08-admitted-db-libxcrypt-prefix-01/bin:/cygdrive/c/Users/crutkasLocal/.copilot/session-state/78f0f9ba-f19f-4afd-aa4a-1837904263a6/files/perl-recovery-20260910/root08-admitted-gdbm-prefix-01/usr/bin:/cygdrive/c/Users/crutkasLocal/.copilot/session-state/78f0f9ba-f19f-4afd-aa4a-1837904263a6/files/perl-recovery-20260910/root08-admitted-gdbm-prefix-01/bin:/cygdrive/c/Users/crutkasLocal/.copilot/session-state/78f0f9ba-f19f-4afd-aa4a-1837904263a6/files/perl-recovery-20260910/root08-admitted-db-libxcrypt-prefix-01/usr/bin:/cygdrive/c/Users/crutkasLocal/.copilot/session-state/78f0f9ba-f19f-4afd-aa4a-1837904263a6/files/perl-recovery-20260910/root08-admitted-db-libxcrypt-prefix-01/bin ./miniperl.exe -Ilib make_ext.pl lib/auto/Time/HiRes/HiRes.dll  MAKE="make" LIBPERL_A=msys-perl5_38.dll LINKTYPE=dynamic
make[1]: Entering directory '/cygdrive/c/Users/crutkasLocal/.copilot/session-state/78f0f9ba-f19f-4afd-aa4a-1837904263a6/files/perl-recovery-20260910/root08-candidate-commands-17/source-deref/dist/Time-HiRes'
/cygdrive/c/Users/crutkasLocal/.copilot/session-state/78f0f9ba-f19f-4afd-aa4a-1837904263a6/files/perl-recovery-20260910/root08-candidate-commands-17/source-deref/dist/Time-HiRes/../../miniperl "-I../../lib" -MExtUtils::Command::MM -e 'cp_nonempty' -- HiRes.bs ../../lib/auto/Time/HiRes/HiRes.bs 644
make[1]: Leaving directory '/cygdrive/c/Users/crutkasLocal/.copilot/session-state/78f0f9ba-f19f-4afd-aa4a-1837904263a6/files/perl-recovery-20260910/root08-candidate-commands-17/source-deref/dist/Time-HiRes'
PATH=/cygdrive/c/Users/crutkasLocal/.copilot/session-state/78f0f9ba-f19f-4afd-aa4a-1837904263a6/files/perl-recovery-20260910/root08-candidate-commands-17/source-deref:.:/usr/bin/:/cygdrive/c/Users/crutkasLocal/.copilot/session-state/78f0f9ba-f19f-4afd-aa4a-1837904263a6/files/perl-recovery-20260910/root08-runtime-deps-prefix-02-with-utilities/usr/bin:/cygdrive/c/Users/crutkasLocal/.copilot/session-state/78f0f9ba-f19f-4afd-aa4a-1837904263a6/files/perl-recovery-20260910/root08-runtime-deps-prefix-02-with-utilities/bin:/cygdrive/c/Users/crutkasLocal/.copilot/session-state/78f0f9ba-f19f-4afd-aa4a-1837904263a6/files/perl-recovery-20260910/root08-admitted-db-libxcrypt-prefix-01/usr/bin:/cygdrive/c/Users/crutkasLocal/.copilot/session-state/78f0f9ba-f19f-4afd-aa4a-1837904263a6/files/perl-recovery-20260910/root08-admitted-db-libxcrypt-prefix-01/bin:/cygdrive/c/Users/crutkasLocal/.copilot/session-state/78f0f9ba-f19f-4afd-aa4a-1837904263a6/files/perl-recovery-20260910/root08-admitted-gdbm-prefix-01/usr/bin:/cygdrive/c/Users/crutkasLocal/.copilot/session-state/78f0f9ba-f19f-4afd-aa4a-1837904263a6/files/perl-recovery-20260910/root08-admitted-gdbm-prefix-01/bin:/cygdrive/c/Users/crutkasLocal/.copilot/session-state/78f0f9ba-f19f-4afd-aa4a-1837904263a6/files/perl-recovery-20260910/root08-admitted-db-libxcrypt-prefix-01/usr/bin:/cygdrive/c/Users/crutkasLocal/.copilot/session-state/78f0f9ba-f19f-4afd-aa4a-1837904263a6/files/perl-recovery-20260910/root08-admitted-db-libxcrypt-prefix-01/bin ./miniperl.exe -Ilib make_ext.pl lib/auto/Time/Piece/Piece.dll  MAKE="make" LIBPERL_A=msys-perl5_38.dll LINKTYPE=dynamic
make[1]: Entering directory '/cygdrive/c/Users/crutkasLocal/.copilot/session-state/78f0f9ba-f19f-4afd-aa4a-1837904263a6/files/perl-recovery-20260910/root08-candidate-commands-17/source-deref/cpan/Time-Piece'
/cygdrive/c/Users/crutkasLocal/.copilot/session-state/78f0f9ba-f19f-4afd-aa4a-1837904263a6/files/perl-recovery-20260910/root08-candidate-commands-17/source-deref/cpan/Time-Piece/../../miniperl "-I../../lib" -MExtUtils::Command::MM -e 'cp_nonempty' -- Piece.bs ../../lib/auto/Time/Piece/Piece.bs 644
make[1]: Leaving directory '/cygdrive/c/Users/crutkasLocal/.copilot/session-state/78f0f9ba-f19f-4afd-aa4a-1837904263a6/files/perl-recovery-20260910/root08-candidate-commands-17/source-deref/cpan/Time-Piece'
PATH=/cygdrive/c/Users/crutkasLocal/.copilot/session-state/78f0f9ba-f19f-4afd-aa4a-1837904263a6/files/perl-recovery-20260910/root08-candidate-commands-17/source-deref:.:/usr/bin/:/cygdrive/c/Users/crutkasLocal/.copilot/session-state/78f0f9ba-f19f-4afd-aa4a-1837904263a6/files/perl-recovery-20260910/root08-runtime-deps-prefix-02-with-utilities/usr/bin:/cygdrive/c/Users/crutkasLocal/.copilot/session-state/78f0f9ba-f19f-4afd-aa4a-1837904263a6/files/perl-recovery-20260910/root08-runtime-deps-prefix-02-with-utilities/bin:/cygdrive/c/Users/crutkasLocal/.copilot/session-state/78f0f9ba-f19f-4afd-aa4a-1837904263a6/files/perl-recovery-20260910/root08-admitted-db-libxcrypt-prefix-01/usr/bin:/cygdrive/c/Users/crutkasLocal/.copilot/session-state/78f0f9ba-f19f-4afd-aa4a-1837904263a6/files/perl-recovery-20260910/root08-admitted-db-libxcrypt-prefix-01/bin:/cygdrive/c/Users/crutkasLocal/.copilot/session-state/78f0f9ba-f19f-4afd-aa4a-1837904263a6/files/perl-recovery-20260910/root08-admitted-gdbm-prefix-01/usr/bin:/cygdrive/c/Users/crutkasLocal/.copilot/session-state/78f0f9ba-f19f-4afd-aa4a-1837904263a6/files/perl-recovery-20260910/root08-admitted-gdbm-prefix-01/bin:/cygdrive/c/Users/crutkasLocal/.copilot/session-state/78f0f9ba-f19f-4afd-aa4a-1837904263a6/files/perl-recovery-20260910/root08-admitted-db-libxcrypt-prefix-01/usr/bin:/cygdrive/c/Users/crutkasLocal/.copilot/session-state/78f0f9ba-f19f-4afd-aa4a-1837904263a6/files/perl-recovery-20260910/root08-admitted-db-libxcrypt-prefix-01/bin ./miniperl.exe -Ilib make_ext.pl lib/auto/Unicode/Collate/Collate.dll  MAKE="make" LIBPERL_A=msys-perl5_38.dll LINKTYPE=dynamic
make[1]: Entering directory '/cygdrive/c/Users/crutkasLocal/.copilot/session-state/78f0f9ba-f19f-4afd-aa4a-1837904263a6/files/perl-recovery-20260910/root08-candidate-commands-17/source-deref/cpan/Unicode-Collate'
/cygdrive/c/Users/crutkasLocal/.copilot/session-state/78f0f9ba-f19f-4afd-aa4a-1837904263a6/files/perl-recovery-20260910/root08-candidate-commands-17/source-deref/cpan/Unicode-Collate/../../miniperl "-I../../lib" -MExtUtils::Command::MM -e 'cp_nonempty' -- Collate.bs ../../lib/auto/Unicode/Collate/Collate.bs 644
make[1]: Leaving directory '/cygdrive/c/Users/crutkasLocal/.copilot/session-state/78f0f9ba-f19f-4afd-aa4a-1837904263a6/files/perl-recovery-20260910/root08-candidate-commands-17/source-deref/cpan/Unicode-Collate'
PATH=/cygdrive/c/Users/crutkasLocal/.copilot/session-state/78f0f9ba-f19f-4afd-aa4a-1837904263a6/files/perl-recovery-20260910/root08-candidate-commands-17/source-deref:.:/usr/bin/:/cygdrive/c/Users/crutkasLocal/.copilot/session-state/78f0f9ba-f19f-4afd-aa4a-1837904263a6/files/perl-recovery-20260910/root08-runtime-deps-prefix-02-with-utilities/usr/bin:/cygdrive/c/Users/crutkasLocal/.copilot/session-state/78f0f9ba-f19f-4afd-aa4a-1837904263a6/files/perl-recovery-20260910/root08-runtime-deps-prefix-02-with-utilities/bin:/cygdrive/c/Users/crutkasLocal/.copilot/session-state/78f0f9ba-f19f-4afd-aa4a-1837904263a6/files/perl-recovery-20260910/root08-admitted-db-libxcrypt-prefix-01/usr/bin:/cygdrive/c/Users/crutkasLocal/.copilot/session-state/78f0f9ba-f19f-4afd-aa4a-1837904263a6/files/perl-recovery-20260910/root08-admitted-db-libxcrypt-prefix-01/bin:/cygdrive/c/Users/crutkasLocal/.copilot/session-state/78f0f9ba-f19f-4afd-aa4a-1837904263a6/files/perl-recovery-20260910/root08-admitted-gdbm-prefix-01/usr/bin:/cygdrive/c/Users/crutkasLocal/.copilot/session-state/78f0f9ba-f19f-4afd-aa4a-1837904263a6/files/perl-recovery-20260910/root08-admitted-gdbm-prefix-01/bin:/cygdrive/c/Users/crutkasLocal/.copilot/session-state/78f0f9ba-f19f-4afd-aa4a-1837904263a6/files/perl-recovery-20260910/root08-admitted-db-libxcrypt-prefix-01/usr/bin:/cygdrive/c/Users/crutkasLocal/.copilot/session-state/78f0f9ba-f19f-4afd-aa4a-1837904263a6/files/perl-recovery-20260910/root08-admitted-db-libxcrypt-prefix-01/bin ./miniperl.exe -Ilib make_ext.pl lib/auto/Unicode/Normalize/Normalize.dll  MAKE="make" LIBPERL_A=msys-perl5_38.dll LINKTYPE=dynamic
make[1]: Entering directory '/cygdrive/c/Users/crutkasLocal/.copilot/session-state/78f0f9ba-f19f-4afd-aa4a-1837904263a6/files/perl-recovery-20260910/root08-candidate-commands-17/source-deref/dist/Unicode-Normalize'
/cygdrive/c/Users/crutkasLocal/.copilot/session-state/78f0f9ba-f19f-4afd-aa4a-1837904263a6/files/perl-recovery-20260910/root08-candidate-commands-17/source-deref/dist/Unicode-Normalize/../../miniperl "-I../../lib" -MExtUtils::Command::MM -e 'cp_nonempty' -- Normalize.bs ../../lib/auto/Unicode/Normalize/Normalize.bs 644
make[1]: Leaving directory '/cygdrive/c/Users/crutkasLocal/.copilot/session-state/78f0f9ba-f19f-4afd-aa4a-1837904263a6/files/perl-recovery-20260910/root08-candidate-commands-17/source-deref/dist/Unicode-Normalize'
PATH=/cygdrive/c/Users/crutkasLocal/.copilot/session-state/78f0f9ba-f19f-4afd-aa4a-1837904263a6/files/perl-recovery-20260910/root08-candidate-commands-17/source-deref:.:/usr/bin/:/cygdrive/c/Users/crutkasLocal/.copilot/session-state/78f0f9ba-f19f-4afd-aa4a-1837904263a6/files/perl-recovery-20260910/root08-runtime-deps-prefix-02-with-utilities/usr/bin:/cygdrive/c/Users/crutkasLocal/.copilot/session-state/78f0f9ba-f19f-4afd-aa4a-1837904263a6/files/perl-recovery-20260910/root08-runtime-deps-prefix-02-with-utilities/bin:/cygdrive/c/Users/crutkasLocal/.copilot/session-state/78f0f9ba-f19f-4afd-aa4a-1837904263a6/files/perl-recovery-20260910/root08-admitted-db-libxcrypt-prefix-01/usr/bin:/cygdrive/c/Users/crutkasLocal/.copilot/session-state/78f0f9ba-f19f-4afd-aa4a-1837904263a6/files/perl-recovery-20260910/root08-admitted-db-libxcrypt-prefix-01/bin:/cygdrive/c/Users/crutkasLocal/.copilot/session-state/78f0f9ba-f19f-4afd-aa4a-1837904263a6/files/perl-recovery-20260910/root08-admitted-gdbm-prefix-01/usr/bin:/cygdrive/c/Users/crutkasLocal/.copilot/session-state/78f0f9ba-f19f-4afd-aa4a-1837904263a6/files/perl-recovery-20260910/root08-admitted-gdbm-prefix-01/bin:/cygdrive/c/Users/crutkasLocal/.copilot/session-state/78f0f9ba-f19f-4afd-aa4a-1837904263a6/files/perl-recovery-20260910/root08-admitted-db-libxcrypt-prefix-01/usr/bin:/cygdrive/c/Users/crutkasLocal/.copilot/session-state/78f0f9ba-f19f-4afd-aa4a-1837904263a6/files/perl-recovery-20260910/root08-admitted-db-libxcrypt-prefix-01/bin ./miniperl.exe -Ilib make_ext.pl lib/auto/Win32/Win32.dll  MAKE="make" LIBPERL_A=msys-perl5_38.dll LINKTYPE=dynamic
make[1]: Entering directory '/cygdrive/c/Users/crutkasLocal/.copilot/session-state/78f0f9ba-f19f-4afd-aa4a-1837904263a6/files/perl-recovery-20260910/root08-candidate-commands-17/source-deref/cpan/Win32'
/cygdrive/c/Users/crutkasLocal/.copilot/session-state/78f0f9ba-f19f-4afd-aa4a-1837904263a6/files/perl-recovery-20260910/root08-candidate-commands-17/source-deref/cpan/Win32/../../miniperl "-I../../lib" -MExtUtils::Command::MM -e 'cp_nonempty' -- Win32.bs ../../lib/auto/Win32/Win32.bs 644
make[1]: Leaving directory '/cygdrive/c/Users/crutkasLocal/.copilot/session-state/78f0f9ba-f19f-4afd-aa4a-1837904263a6/files/perl-recovery-20260910/root08-candidate-commands-17/source-deref/cpan/Win32'
PATH=/cygdrive/c/Users/crutkasLocal/.copilot/session-state/78f0f9ba-f19f-4afd-aa4a-1837904263a6/files/perl-recovery-20260910/root08-candidate-commands-17/source-deref:.:/usr/bin/:/cygdrive/c/Users/crutkasLocal/.copilot/session-state/78f0f9ba-f19f-4afd-aa4a-1837904263a6/files/perl-recovery-20260910/root08-runtime-deps-prefix-02-with-utilities/usr/bin:/cygdrive/c/Users/crutkasLocal/.copilot/session-state/78f0f9ba-f19f-4afd-aa4a-1837904263a6/files/perl-recovery-20260910/root08-runtime-deps-prefix-02-with-utilities/bin:/cygdrive/c/Users/crutkasLocal/.copilot/session-state/78f0f9ba-f19f-4afd-aa4a-1837904263a6/files/perl-recovery-20260910/root08-admitted-db-libxcrypt-prefix-01/usr/bin:/cygdrive/c/Users/crutkasLocal/.copilot/session-state/78f0f9ba-f19f-4afd-aa4a-1837904263a6/files/perl-recovery-20260910/root08-admitted-db-libxcrypt-prefix-01/bin:/cygdrive/c/Users/crutkasLocal/.copilot/session-state/78f0f9ba-f19f-4afd-aa4a-1837904263a6/files/perl-recovery-20260910/root08-admitted-gdbm-prefix-01/usr/bin:/cygdrive/c/Users/crutkasLocal/.copilot/session-state/78f0f9ba-f19f-4afd-aa4a-1837904263a6/files/perl-recovery-20260910/root08-admitted-gdbm-prefix-01/bin:/cygdrive/c/Users/crutkasLocal/.copilot/session-state/78f0f9ba-f19f-4afd-aa4a-1837904263a6/files/perl-recovery-20260910/root08-admitted-db-libxcrypt-prefix-01/usr/bin:/cygdrive/c/Users/crutkasLocal/.copilot/session-state/78f0f9ba-f19f-4afd-aa4a-1837904263a6/files/perl-recovery-20260910/root08-admitted-db-libxcrypt-prefix-01/bin ./miniperl.exe -Ilib make_ext.pl lib/auto/Win32API/File/File.dll  MAKE="make" LIBPERL_A=msys-perl5_38.dll LINKTYPE=dynamic
make[1]: Entering directory '/cygdrive/c/Users/crutkasLocal/.copilot/session-state/78f0f9ba-f19f-4afd-aa4a-1837904263a6/files/perl-recovery-20260910/root08-candidate-commands-17/source-deref/cpan/Win32API-File'
/cygdrive/c/Users/crutkasLocal/.copilot/session-state/78f0f9ba-f19f-4afd-aa4a-1837904263a6/files/perl-recovery-20260910/root08-candidate-commands-17/source-deref/cpan/Win32API-File/../../miniperl "-I../../lib" -MExtUtils::Command::MM -e 'cp_nonempty' -- File.bs ../../lib/auto/Win32API/File/File.bs 644
make[1]: Leaving directory '/cygdrive/c/Users/crutkasLocal/.copilot/session-state/78f0f9ba-f19f-4afd-aa4a-1837904263a6/files/perl-recovery-20260910/root08-candidate-commands-17/source-deref/cpan/Win32API-File'
PATH=/cygdrive/c/Users/crutkasLocal/.copilot/session-state/78f0f9ba-f19f-4afd-aa4a-1837904263a6/files/perl-recovery-20260910/root08-candidate-commands-17/source-deref:.:/usr/bin/:/cygdrive/c/Users/crutkasLocal/.copilot/session-state/78f0f9ba-f19f-4afd-aa4a-1837904263a6/files/perl-recovery-20260910/root08-runtime-deps-prefix-02-with-utilities/usr/bin:/cygdrive/c/Users/crutkasLocal/.copilot/session-state/78f0f9ba-f19f-4afd-aa4a-1837904263a6/files/perl-recovery-20260910/root08-runtime-deps-prefix-02-with-utilities/bin:/cygdrive/c/Users/crutkasLocal/.copilot/session-state/78f0f9ba-f19f-4afd-aa4a-1837904263a6/files/perl-recovery-20260910/root08-admitted-db-libxcrypt-prefix-01/usr/bin:/cygdrive/c/Users/crutkasLocal/.copilot/session-state/78f0f9ba-f19f-4afd-aa4a-1837904263a6/files/perl-recovery-20260910/root08-admitted-db-libxcrypt-prefix-01/bin:/cygdrive/c/Users/crutkasLocal/.copilot/session-state/78f0f9ba-f19f-4afd-aa4a-1837904263a6/files/perl-recovery-20260910/root08-admitted-gdbm-prefix-01/usr/bin:/cygdrive/c/Users/crutkasLocal/.copilot/session-state/78f0f9ba-f19f-4afd-aa4a-1837904263a6/files/perl-recovery-20260910/root08-admitted-gdbm-prefix-01/bin:/cygdrive/c/Users/crutkasLocal/.copilot/session-state/78f0f9ba-f19f-4afd-aa4a-1837904263a6/files/perl-recovery-20260910/root08-admitted-db-libxcrypt-prefix-01/usr/bin:/cygdrive/c/Users/crutkasLocal/.copilot/session-state/78f0f9ba-f19f-4afd-aa4a-1837904263a6/files/perl-recovery-20260910/root08-admitted-db-libxcrypt-prefix-01/bin ./miniperl.exe -Ilib make_ext.pl lib/auto/XS/APItest/APItest.dll  MAKE="make" LIBPERL_A=msys-perl5_38.dll LINKTYPE=dynamic
make[1]: Entering directory '/cygdrive/c/Users/crutkasLocal/.copilot/session-state/78f0f9ba-f19f-4afd-aa4a-1837904263a6/files/perl-recovery-20260910/root08-candidate-commands-17/source-deref/ext/XS-APItest'
make[1]: Leaving directory '/cygdrive/c/Users/crutkasLocal/.copilot/session-state/78f0f9ba-f19f-4afd-aa4a-1837904263a6/files/perl-recovery-20260910/root08-candidate-commands-17/source-deref/ext/XS-APItest'
PATH=/cygdrive/c/Users/crutkasLocal/.copilot/session-state/78f0f9ba-f19f-4afd-aa4a-1837904263a6/files/perl-recovery-20260910/root08-candidate-commands-17/source-deref:.:/usr/bin/:/cygdrive/c/Users/crutkasLocal/.copilot/session-state/78f0f9ba-f19f-4afd-aa4a-1837904263a6/files/perl-recovery-20260910/root08-runtime-deps-prefix-02-with-utilities/usr/bin:/cygdrive/c/Users/crutkasLocal/.copilot/session-state/78f0f9ba-f19f-4afd-aa4a-1837904263a6/files/perl-recovery-20260910/root08-runtime-deps-prefix-02-with-utilities/bin:/cygdrive/c/Users/crutkasLocal/.copilot/session-state/78f0f9ba-f19f-4afd-aa4a-1837904263a6/files/perl-recovery-20260910/root08-admitted-db-libxcrypt-prefix-01/usr/bin:/cygdrive/c/Users/crutkasLocal/.copilot/session-state/78f0f9ba-f19f-4afd-aa4a-1837904263a6/files/perl-recovery-20260910/root08-admitted-db-libxcrypt-prefix-01/bin:/cygdrive/c/Users/crutkasLocal/.copilot/session-state/78f0f9ba-f19f-4afd-aa4a-1837904263a6/files/perl-recovery-20260910/root08-admitted-gdbm-prefix-01/usr/bin:/cygdrive/c/Users/crutkasLocal/.copilot/session-state/78f0f9ba-f19f-4afd-aa4a-1837904263a6/files/perl-recovery-20260910/root08-admitted-gdbm-prefix-01/bin:/cygdrive/c/Users/crutkasLocal/.copilot/session-state/78f0f9ba-f19f-4afd-aa4a-1837904263a6/files/perl-recovery-20260910/root08-admitted-db-libxcrypt-prefix-01/usr/bin:/cygdrive/c/Users/crutkasLocal/.copilot/session-state/78f0f9ba-f19f-4afd-aa4a-1837904263a6/files/perl-recovery-20260910/root08-admitted-db-libxcrypt-prefix-01/bin ./miniperl.exe -Ilib make_ext.pl lib/auto/XS/Typemap/Typemap.dll  MAKE="make" LIBPERL_A=msys-perl5_38.dll LINKTYPE=dynamic
make[1]: Entering directory '/cygdrive/c/Users/crutkasLocal/.copilot/session-state/78f0f9ba-f19f-4afd-aa4a-1837904263a6/files/perl-recovery-20260910/root08-candidate-commands-17/source-deref/ext/XS-Typemap'
/cygdrive/c/Users/crutkasLocal/.copilot/session-state/78f0f9ba-f19f-4afd-aa4a-1837904263a6/files/perl-recovery-20260910/root08-candidate-commands-17/source-deref/ext/XS-Typemap/../../miniperl "-I../../lib" -MExtUtils::Command::MM -e 'cp_nonempty' -- Typemap.bs ../../lib/auto/XS/Typemap/Typemap.bs 644
make[1]: Leaving directory '/cygdrive/c/Users/crutkasLocal/.copilot/session-state/78f0f9ba-f19f-4afd-aa4a-1837904263a6/files/perl-recovery-20260910/root08-candidate-commands-17/source-deref/ext/XS-Typemap'
PATH=/cygdrive/c/Users/crutkasLocal/.copilot/session-state/78f0f9ba-f19f-4afd-aa4a-1837904263a6/files/perl-recovery-20260910/root08-candidate-commands-17/source-deref:.:/usr/bin/:/cygdrive/c/Users/crutkasLocal/.copilot/session-state/78f0f9ba-f19f-4afd-aa4a-1837904263a6/files/perl-recovery-20260910/root08-runtime-deps-prefix-02-with-utilities/usr/bin:/cygdrive/c/Users/crutkasLocal/.copilot/session-state/78f0f9ba-f19f-4afd-aa4a-1837904263a6/files/perl-recovery-20260910/root08-runtime-deps-prefix-02-with-utilities/bin:/cygdrive/c/Users/crutkasLocal/.copilot/session-state/78f0f9ba-f19f-4afd-aa4a-1837904263a6/files/perl-recovery-20260910/root08-admitted-db-libxcrypt-prefix-01/usr/bin:/cygdrive/c/Users/crutkasLocal/.copilot/session-state/78f0f9ba-f19f-4afd-aa4a-1837904263a6/files/perl-recovery-20260910/root08-admitted-db-libxcrypt-prefix-01/bin:/cygdrive/c/Users/crutkasLocal/.copilot/session-state/78f0f9ba-f19f-4afd-aa4a-1837904263a6/files/perl-recovery-20260910/root08-admitted-gdbm-prefix-01/usr/bin:/cygdrive/c/Users/crutkasLocal/.copilot/session-state/78f0f9ba-f19f-4afd-aa4a-1837904263a6/files/perl-recovery-20260910/root08-admitted-gdbm-prefix-01/bin:/cygdrive/c/Users/crutkasLocal/.copilot/session-state/78f0f9ba-f19f-4afd-aa4a-1837904263a6/files/perl-recovery-20260910/root08-admitted-db-libxcrypt-prefix-01/usr/bin:/cygdrive/c/Users/crutkasLocal/.copilot/session-state/78f0f9ba-f19f-4afd-aa4a-1837904263a6/files/perl-recovery-20260910/root08-admitted-db-libxcrypt-prefix-01/bin ./miniperl.exe -Ilib make_ext.pl lib/auto/attributes/attributes.dll  MAKE="make" LIBPERL_A=msys-perl5_38.dll LINKTYPE=dynamic
make[1]: Entering directory '/cygdrive/c/Users/crutkasLocal/.copilot/session-state/78f0f9ba-f19f-4afd-aa4a-1837904263a6/files/perl-recovery-20260910/root08-candidate-commands-17/source-deref/ext/attributes'
/cygdrive/c/Users/crutkasLocal/.copilot/session-state/78f0f9ba-f19f-4afd-aa4a-1837904263a6/files/perl-recovery-20260910/root08-candidate-commands-17/source-deref/ext/attributes/../../miniperl "-I../../lib" -MExtUtils::Command::MM -e 'cp_nonempty' -- attributes.bs ../../lib/auto/attributes/attributes.bs 644
make[1]: Leaving directory '/cygdrive/c/Users/crutkasLocal/.copilot/session-state/78f0f9ba-f19f-4afd-aa4a-1837904263a6/files/perl-recovery-20260910/root08-candidate-commands-17/source-deref/ext/attributes'
PATH=/cygdrive/c/Users/crutkasLocal/.copilot/session-state/78f0f9ba-f19f-4afd-aa4a-1837904263a6/files/perl-recovery-20260910/root08-candidate-commands-17/source-deref:.:/usr/bin/:/cygdrive/c/Users/crutkasLocal/.copilot/session-state/78f0f9ba-f19f-4afd-aa4a-1837904263a6/files/perl-recovery-20260910/root08-runtime-deps-prefix-02-with-utilities/usr/bin:/cygdrive/c/Users/crutkasLocal/.copilot/session-state/78f0f9ba-f19f-4afd-aa4a-1837904263a6/files/perl-recovery-20260910/root08-runtime-deps-prefix-02-with-utilities/bin:/cygdrive/c/Users/crutkasLocal/.copilot/session-state/78f0f9ba-f19f-4afd-aa4a-1837904263a6/files/perl-recovery-20260910/root08-admitted-db-libxcrypt-prefix-01/usr/bin:/cygdrive/c/Users/crutkasLocal/.copilot/session-state/78f0f9ba-f19f-4afd-aa4a-1837904263a6/files/perl-recovery-20260910/root08-admitted-db-libxcrypt-prefix-01/bin:/cygdrive/c/Users/crutkasLocal/.copilot/session-state/78f0f9ba-f19f-4afd-aa4a-1837904263a6/files/perl-recovery-20260910/root08-admitted-gdbm-prefix-01/usr/bin:/cygdrive/c/Users/crutkasLocal/.copilot/session-state/78f0f9ba-f19f-4afd-aa4a-1837904263a6/files/perl-recovery-20260910/root08-admitted-gdbm-prefix-01/bin:/cygdrive/c/Users/crutkasLocal/.copilot/session-state/78f0f9ba-f19f-4afd-aa4a-1837904263a6/files/perl-recovery-20260910/root08-admitted-db-libxcrypt-prefix-01/usr/bin:/cygdrive/c/Users/crutkasLocal/.copilot/session-state/78f0f9ba-f19f-4afd-aa4a-1837904263a6/files/perl-recovery-20260910/root08-admitted-db-libxcrypt-prefix-01/bin ./miniperl.exe -Ilib make_ext.pl lib/auto/mro/mro.dll  MAKE="make" LIBPERL_A=msys-perl5_38.dll LINKTYPE=dynamic
make[1]: Entering directory '/cygdrive/c/Users/crutkasLocal/.copilot/session-state/78f0f9ba-f19f-4afd-aa4a-1837904263a6/files/perl-recovery-20260910/root08-candidate-commands-17/source-deref/ext/mro'
/cygdrive/c/Users/crutkasLocal/.copilot/session-state/78f0f9ba-f19f-4afd-aa4a-1837904263a6/files/perl-recovery-20260910/root08-candidate-commands-17/source-deref/ext/mro/../../miniperl "-I../../lib" -MExtUtils::Command::MM -e 'cp_nonempty' -- mro.bs ../../lib/auto/mro/mro.bs 644
make[1]: Leaving directory '/cygdrive/c/Users/crutkasLocal/.copilot/session-state/78f0f9ba-f19f-4afd-aa4a-1837904263a6/files/perl-recovery-20260910/root08-candidate-commands-17/source-deref/ext/mro'
PATH=/cygdrive/c/Users/crutkasLocal/.copilot/session-state/78f0f9ba-f19f-4afd-aa4a-1837904263a6/files/perl-recovery-20260910/root08-candidate-commands-17/source-deref:.:/usr/bin/:/cygdrive/c/Users/crutkasLocal/.copilot/session-state/78f0f9ba-f19f-4afd-aa4a-1837904263a6/files/perl-recovery-20260910/root08-runtime-deps-prefix-02-with-utilities/usr/bin:/cygdrive/c/Users/crutkasLocal/.copilot/session-state/78f0f9ba-f19f-4afd-aa4a-1837904263a6/files/perl-recovery-20260910/root08-runtime-deps-prefix-02-with-utilities/bin:/cygdrive/c/Users/crutkasLocal/.copilot/session-state/78f0f9ba-f19f-4afd-aa4a-1837904263a6/files/perl-recovery-20260910/root08-admitted-db-libxcrypt-prefix-01/usr/bin:/cygdrive/c/Users/crutkasLocal/.copilot/session-state/78f0f9ba-f19f-4afd-aa4a-1837904263a6/files/perl-recovery-20260910/root08-admitted-db-libxcrypt-prefix-01/bin:/cygdrive/c/Users/crutkasLocal/.copilot/session-state/78f0f9ba-f19f-4afd-aa4a-1837904263a6/files/perl-recovery-20260910/root08-admitted-gdbm-prefix-01/usr/bin:/cygdrive/c/Users/crutkasLocal/.copilot/session-state/78f0f9ba-f19f-4afd-aa4a-1837904263a6/files/perl-recovery-20260910/root08-admitted-gdbm-prefix-01/bin:/cygdrive/c/Users/crutkasLocal/.copilot/session-state/78f0f9ba-f19f-4afd-aa4a-1837904263a6/files/perl-recovery-20260910/root08-admitted-db-libxcrypt-prefix-01/usr/bin:/cygdrive/c/Users/crutkasLocal/.copilot/session-state/78f0f9ba-f19f-4afd-aa4a-1837904263a6/files/perl-recovery-20260910/root08-admitted-db-libxcrypt-prefix-01/bin ./miniperl.exe -Ilib make_ext.pl lib/auto/re/re.dll  MAKE="make" LIBPERL_A=msys-perl5_38.dll LINKTYPE=dynamic
make[1]: Entering directory '/cygdrive/c/Users/crutkasLocal/.copilot/session-state/78f0f9ba-f19f-4afd-aa4a-1837904263a6/files/perl-recovery-20260910/root08-candidate-commands-17/source-deref/ext/re'
/cygdrive/c/Users/crutkasLocal/.copilot/session-state/78f0f9ba-f19f-4afd-aa4a-1837904263a6/files/perl-recovery-20260910/root08-candidate-commands-17/source-deref/ext/re/../../miniperl "-I../../lib" -MExtUtils::Command::MM -e 'cp_nonempty' -- re.bs ../../lib/auto/re/re.bs 644
make[1]: Leaving directory '/cygdrive/c/Users/crutkasLocal/.copilot/session-state/78f0f9ba-f19f-4afd-aa4a-1837904263a6/files/perl-recovery-20260910/root08-candidate-commands-17/source-deref/ext/re'
PATH=/cygdrive/c/Users/crutkasLocal/.copilot/session-state/78f0f9ba-f19f-4afd-aa4a-1837904263a6/files/perl-recovery-20260910/root08-candidate-commands-17/source-deref:.:/usr/bin/:/cygdrive/c/Users/crutkasLocal/.copilot/session-state/78f0f9ba-f19f-4afd-aa4a-1837904263a6/files/perl-recovery-20260910/root08-runtime-deps-prefix-02-with-utilities/usr/bin:/cygdrive/c/Users/crutkasLocal/.copilot/session-state/78f0f9ba-f19f-4afd-aa4a-1837904263a6/files/perl-recovery-20260910/root08-runtime-deps-prefix-02-with-utilities/bin:/cygdrive/c/Users/crutkasLocal/.copilot/session-state/78f0f9ba-f19f-4afd-aa4a-1837904263a6/files/perl-recovery-20260910/root08-admitted-db-libxcrypt-prefix-01/usr/bin:/cygdrive/c/Users/crutkasLocal/.copilot/session-state/78f0f9ba-f19f-4afd-aa4a-1837904263a6/files/perl-recovery-20260910/root08-admitted-db-libxcrypt-prefix-01/bin:/cygdrive/c/Users/crutkasLocal/.copilot/session-state/78f0f9ba-f19f-4afd-aa4a-1837904263a6/files/perl-recovery-20260910/root08-admitted-gdbm-prefix-01/usr/bin:/cygdrive/c/Users/crutkasLocal/.copilot/session-state/78f0f9ba-f19f-4afd-aa4a-1837904263a6/files/perl-recovery-20260910/root08-admitted-gdbm-prefix-01/bin:/cygdrive/c/Users/crutkasLocal/.copilot/session-state/78f0f9ba-f19f-4afd-aa4a-1837904263a6/files/perl-recovery-20260910/root08-admitted-db-libxcrypt-prefix-01/usr/bin:/cygdrive/c/Users/crutkasLocal/.copilot/session-state/78f0f9ba-f19f-4afd-aa4a-1837904263a6/files/perl-recovery-20260910/root08-admitted-db-libxcrypt-prefix-01/bin ./miniperl.exe -Ilib make_ext.pl lib/auto/threads/threads.dll  MAKE="make" LIBPERL_A=msys-perl5_38.dll LINKTYPE=dynamic
make[1]: Entering directory '/cygdrive/c/Users/crutkasLocal/.copilot/session-state/78f0f9ba-f19f-4afd-aa4a-1837904263a6/files/perl-recovery-20260910/root08-candidate-commands-17/source-deref/dist/threads'
/cygdrive/c/Users/crutkasLocal/.copilot/session-state/78f0f9ba-f19f-4afd-aa4a-1837904263a6/files/perl-recovery-20260910/root08-candidate-commands-17/source-deref/dist/threads/../../miniperl "-I../../lib" -MExtUtils::Command::MM -e 'cp_nonempty' -- threads.bs ../../lib/auto/threads/threads.bs 644
make[1]: Leaving directory '/cygdrive/c/Users/crutkasLocal/.copilot/session-state/78f0f9ba-f19f-4afd-aa4a-1837904263a6/files/perl-recovery-20260910/root08-candidate-commands-17/source-deref/dist/threads'
PATH=/cygdrive/c/Users/crutkasLocal/.copilot/session-state/78f0f9ba-f19f-4afd-aa4a-1837904263a6/files/perl-recovery-20260910/root08-candidate-commands-17/source-deref:.:/usr/bin/:/cygdrive/c/Users/crutkasLocal/.copilot/session-state/78f0f9ba-f19f-4afd-aa4a-1837904263a6/files/perl-recovery-20260910/root08-runtime-deps-prefix-02-with-utilities/usr/bin:/cygdrive/c/Users/crutkasLocal/.copilot/session-state/78f0f9ba-f19f-4afd-aa4a-1837904263a6/files/perl-recovery-20260910/root08-runtime-deps-prefix-02-with-utilities/bin:/cygdrive/c/Users/crutkasLocal/.copilot/session-state/78f0f9ba-f19f-4afd-aa4a-1837904263a6/files/perl-recovery-20260910/root08-admitted-db-libxcrypt-prefix-01/usr/bin:/cygdrive/c/Users/crutkasLocal/.copilot/session-state/78f0f9ba-f19f-4afd-aa4a-1837904263a6/files/perl-recovery-20260910/root08-admitted-db-libxcrypt-prefix-01/bin:/cygdrive/c/Users/crutkasLocal/.copilot/session-state/78f0f9ba-f19f-4afd-aa4a-1837904263a6/files/perl-recovery-20260910/root08-admitted-gdbm-prefix-01/usr/bin:/cygdrive/c/Users/crutkasLocal/.copilot/session-state/78f0f9ba-f19f-4afd-aa4a-1837904263a6/files/perl-recovery-20260910/root08-admitted-gdbm-prefix-01/bin:/cygdrive/c/Users/crutkasLocal/.copilot/session-state/78f0f9ba-f19f-4afd-aa4a-1837904263a6/files/perl-recovery-20260910/root08-admitted-db-libxcrypt-prefix-01/usr/bin:/cygdrive/c/Users/crutkasLocal/.copilot/session-state/78f0f9ba-f19f-4afd-aa4a-1837904263a6/files/perl-recovery-20260910/root08-admitted-db-libxcrypt-prefix-01/bin ./miniperl.exe -Ilib make_ext.pl lib/auto/threads/shared/shared.dll  MAKE="make" LIBPERL_A=msys-perl5_38.dll LINKTYPE=dynamic
make[1]: Entering directory '/cygdrive/c/Users/crutkasLocal/.copilot/session-state/78f0f9ba-f19f-4afd-aa4a-1837904263a6/files/perl-recovery-20260910/root08-candidate-commands-17/source-deref/dist/threads-shared'
/cygdrive/c/Users/crutkasLocal/.copilot/session-state/78f0f9ba-f19f-4afd-aa4a-1837904263a6/files/perl-recovery-20260910/root08-candidate-commands-17/source-deref/dist/threads-shared/../../miniperl "-I../../lib" -MExtUtils::Command::MM -e 'cp_nonempty' -- shared.bs ../../lib/auto/threads/shared/shared.bs 644
make[1]: Leaving directory '/cygdrive/c/Users/crutkasLocal/.copilot/session-state/78f0f9ba-f19f-4afd-aa4a-1837904263a6/files/perl-recovery-20260910/root08-candidate-commands-17/source-deref/dist/threads-shared'
PATH=/cygdrive/c/Users/crutkasLocal/.copilot/session-state/78f0f9ba-f19f-4afd-aa4a-1837904263a6/files/perl-recovery-20260910/root08-candidate-commands-17/source-deref:.:/usr/bin/:/cygdrive/c/Users/crutkasLocal/.copilot/session-state/78f0f9ba-f19f-4afd-aa4a-1837904263a6/files/perl-recovery-20260910/root08-runtime-deps-prefix-02-with-utilities/usr/bin:/cygdrive/c/Users/crutkasLocal/.copilot/session-state/78f0f9ba-f19f-4afd-aa4a-1837904263a6/files/perl-recovery-20260910/root08-runtime-deps-prefix-02-with-utilities/bin:/cygdrive/c/Users/crutkasLocal/.copilot/session-state/78f0f9ba-f19f-4afd-aa4a-1837904263a6/files/perl-recovery-20260910/root08-admitted-db-libxcrypt-prefix-01/usr/bin:/cygdrive/c/Users/crutkasLocal/.copilot/session-state/78f0f9ba-f19f-4afd-aa4a-1837904263a6/files/perl-recovery-20260910/root08-admitted-db-libxcrypt-prefix-01/bin:/cygdrive/c/Users/crutkasLocal/.copilot/session-state/78f0f9ba-f19f-4afd-aa4a-1837904263a6/files/perl-recovery-20260910/root08-admitted-gdbm-prefix-01/usr/bin:/cygdrive/c/Users/crutkasLocal/.copilot/session-state/78f0f9ba-f19f-4afd-aa4a-1837904263a6/files/perl-recovery-20260910/root08-admitted-gdbm-prefix-01/bin:/cygdrive/c/Users/crutkasLocal/.copilot/session-state/78f0f9ba-f19f-4afd-aa4a-1837904263a6/files/perl-recovery-20260910/root08-admitted-db-libxcrypt-prefix-01/usr/bin:/cygdrive/c/Users/crutkasLocal/.copilot/session-state/78f0f9ba-f19f-4afd-aa4a-1837904263a6/files/perl-recovery-20260910/root08-admitted-db-libxcrypt-prefix-01/bin  ./perl.exe -Ilib -I. -f pod/buildtoc -q
PATH=/cygdrive/c/Users/crutkasLocal/.copilot/session-state/78f0f9ba-f19f-4afd-aa4a-1837904263a6/files/perl-recovery-20260910/root08-candidate-commands-17/source-deref:.:/usr/bin/:/cygdrive/c/Users/crutkasLocal/.copilot/session-state/78f0f9ba-f19f-4afd-aa4a-1837904263a6/files/perl-recovery-20260910/root08-runtime-deps-prefix-02-with-utilities/usr/bin:/cygdrive/c/Users/crutkasLocal/.copilot/session-state/78f0f9ba-f19f-4afd-aa4a-1837904263a6/files/perl-recovery-20260910/root08-runtime-deps-prefix-02-with-utilities/bin:/cygdrive/c/Users/crutkasLocal/.copilot/session-state/78f0f9ba-f19f-4afd-aa4a-1837904263a6/files/perl-recovery-20260910/root08-admitted-db-libxcrypt-prefix-01/usr/bin:/cygdrive/c/Users/crutkasLocal/.copilot/session-state/78f0f9ba-f19f-4afd-aa4a-1837904263a6/files/perl-recovery-20260910/root08-admitted-db-libxcrypt-prefix-01/bin:/cygdrive/c/Users/crutkasLocal/.copilot/session-state/78f0f9ba-f19f-4afd-aa4a-1837904263a6/files/perl-recovery-20260910/root08-admitted-gdbm-prefix-01/usr/bin:/cygdrive/c/Users/crutkasLocal/.copilot/session-state/78f0f9ba-f19f-4afd-aa4a-1837904263a6/files/perl-recovery-20260910/root08-admitted-gdbm-prefix-01/bin:/cygdrive/c/Users/crutkasLocal/.copilot/session-state/78f0f9ba-f19f-4afd-aa4a-1837904263a6/files/perl-recovery-20260910/root08-admitted-db-libxcrypt-prefix-01/usr/bin:/cygdrive/c/Users/crutkasLocal/.copilot/session-state/78f0f9ba-f19f-4afd-aa4a-1837904263a6/files/perl-recovery-20260910/root08-admitted-db-libxcrypt-prefix-01/bin ./miniperl.exe -Ilib utils/Makefile.PL
Extracting utils/Makefile (with variable substitutions)
 
	Making utilities
make[1]: Entering directory '/cygdrive/c/Users/crutkasLocal/.copilot/session-state/78f0f9ba-f19f-4afd-aa4a-1837904263a6/files/perl-recovery-20260910/root08-candidate-commands-17/source-deref/utils'
make[1]: Nothing to be done for 'all'.
make[1]: Leaving directory '/cygdrive/c/Users/crutkasLocal/.copilot/session-state/78f0f9ba-f19f-4afd-aa4a-1837904263a6/files/perl-recovery-20260910/root08-candidate-commands-17/source-deref/utils'
 
	Everything is up to date. Type 'make test' to run test suite.
PATH=/cygdrive/c/Users/crutkasLocal/.copilot/session-state/78f0f9ba-f19f-4afd-aa4a-1837904263a6/files/perl-recovery-20260910/root08-candidate-commands-17/source-deref:.:/usr/bin/:/cygdrive/c/Users/crutkasLocal/.copilot/session-state/78f0f9ba-f19f-4afd-aa4a-1837904263a6/files/perl-recovery-20260910/root08-runtime-deps-prefix-02-with-utilities/usr/bin:/cygdrive/c/Users/crutkasLocal/.copilot/session-state/78f0f9ba-f19f-4afd-aa4a-1837904263a6/files/perl-recovery-20260910/root08-runtime-deps-prefix-02-with-utilities/bin:/cygdrive/c/Users/crutkasLocal/.copilot/session-state/78f0f9ba-f19f-4afd-aa4a-1837904263a6/files/perl-recovery-20260910/root08-admitted-db-libxcrypt-prefix-01/usr/bin:/cygdrive/c/Users/crutkasLocal/.copilot/session-state/78f0f9ba-f19f-4afd-aa4a-1837904263a6/files/perl-recovery-20260910/root08-admitted-db-libxcrypt-prefix-01/bin:/cygdrive/c/Users/crutkasLocal/.copilot/session-state/78f0f9ba-f19f-4afd-aa4a-1837904263a6/files/perl-recovery-20260910/root08-admitted-gdbm-prefix-01/usr/bin:/cygdrive/c/Users/crutkasLocal/.copilot/session-state/78f0f9ba-f19f-4afd-aa4a-1837904263a6/files/perl-recovery-20260910/root08-admitted-gdbm-prefix-01/bin:/cygdrive/c/Users/crutkasLocal/.copilot/session-state/78f0f9ba-f19f-4afd-aa4a-1837904263a6/files/perl-recovery-20260910/root08-admitted-db-libxcrypt-prefix-01/usr/bin:/cygdrive/c/Users/crutkasLocal/.copilot/session-state/78f0f9ba-f19f-4afd-aa4a-1837904263a6/files/perl-recovery-20260910/root08-admitted-db-libxcrypt-prefix-01/bin  ./perl.exe -Ilib -I. installperl --destdir=/cygdrive/c/Users/crutkasLocal/.copilot/session-state/78f0f9ba-f19f-4afd-aa4a-1837904263a6/files/perl-recovery-20260910/root08-candidate-commands-17/source-deref/root08-dest   
WARNING: You've never run 'make test' or some tests failed! (Installing anyway.)
  /usr/bin/msys-perl5_38.dll
  /usr/bin/perl5.38.2.exe
  /usr/share/perl5/core_perl/AnyDBM_File.pm
  /usr/lib/perl5/core_perl/attributes.pm
  /usr/share/perl5/core_perl/autodie.pm
  /usr/share/perl5/core_perl/AutoLoader.pm
  /usr/share/perl5/core_perl/AutoSplit.pm
  /usr/share/perl5/core_perl/autouse.pm
  /usr/lib/perl5/core_perl/B.pm
  /usr/share/perl5/core_perl/base.pm
  /usr/share/perl5/core_perl/Benchmark.pm
  /usr/share/perl5/core_perl/bigfloat.pm
  /usr/share/perl5/core_perl/bigint.pm
  /usr/share/perl5/core_perl/bignum.pm
  /usr/share/perl5/core_perl/bigrat.pm
  /usr/share/perl5/core_perl/blib.pm
  /usr/share/perl5/core_perl/builtin.pm
  /usr/share/perl5/core_perl/bytes.pm
  /usr/share/perl5/core_perl/bytes_heavy.pl
  /usr/share/perl5/core_perl/Carp.pm
  /usr/share/perl5/core_perl/charnames.pm
  /usr/lib/perl5/core_perl/Config.pm
  /usr/lib/perl5/core_perl/Config.pod
  /usr/lib/perl5/core_perl/Config_git.pl
  /usr/lib/perl5/core_perl/Config_heavy.pl
  /usr/share/perl5/core_perl/constant.pm
  /usr/share/perl5/core_perl/CORE.pod
  /usr/share/perl5/core_perl/CPAN.pm
  /usr/lib/perl5/core_perl/Cwd.pm
  /usr/share/perl5/core_perl/DB.pm
  /usr/share/perl5/core_perl/DBM_Filter.pm
  /usr/lib/perl5/core_perl/DB_File.pm
  /usr/share/perl5/core_perl/deprecate.pm
  /usr/share/perl5/core_perl/diagnostics.pm
  /usr/share/perl5/core_perl/Digest.pm
  /usr/share/perl5/core_perl/DirHandle.pm
  /usr/share/perl5/core_perl/Dumpvalue.pm
  /usr/share/perl5/core_perl/dumpvar.pl
  /usr/lib/perl5/core_perl/DynaLoader.pm
  /usr/lib/perl5/core_perl/Encode.pm
  /usr/lib/perl5/core_perl/encoding.pm
  /usr/share/perl5/core_perl/English.pm
  /usr/share/perl5/core_perl/Env.pm
  /usr/lib/perl5/core_perl/Errno.pm
  /usr/share/perl5/core_perl/experimental.pm
  /usr/share/perl5/core_perl/Exporter.pm
  /usr/share/perl5/core_perl/Fatal.pm
  /usr/lib/perl5/core_perl/Fcntl.pm
  /usr/share/perl5/core_perl/feature.pm
  /usr/share/perl5/core_perl/fields.pm
  /usr/share/perl5/core_perl/FileCache.pm
  /usr/share/perl5/core_perl/FileHandle.pm
  /usr/share/perl5/core_perl/filetest.pm
  /usr/share/perl5/core_perl/FindBin.pm
  /usr/lib/perl5/core_perl/GDBM_File.pm
  /usr/share/perl5/core_perl/if.pm
  /usr/share/perl5/core_perl/integer.pm
  /usr/share/perl5/core_perl/Internals.pod
  /usr/lib/perl5/core_perl/IO.pm
  /usr/share/perl5/core_perl/less.pm
  /usr/lib/perl5/core_perl/lib.pm
  /usr/share/perl5/core_perl/locale.pm
  /usr/share/perl5/core_perl/Memoize.pm
  /usr/share/perl5/core_perl/meta_notation.pm
  /usr/lib/perl5/core_perl/mro.pm
  /usr/lib/perl5/core_perl/NDBM_File.pm
  /usr/share/perl5/core_perl/NEXT.pm
  /usr/lib/perl5/core_perl/O.pm
  /usr/lib/perl5/core_perl/ODBM_File.pm
  /usr/share/perl5/core_perl/ok.pm
  /usr/lib/perl5/core_perl/Opcode.pm
  /usr/share/perl5/core_perl/open.pm
  /usr/lib/perl5/core_perl/ops.pm
  /usr/share/perl5/core_perl/overload.pm
  /usr/share/perl5/core_perl/overloading.pm
  /usr/share/perl5/core_perl/parent.pm
  /usr/share/perl5/core_perl/perl5db.pl
  /usr/share/perl5/core_perl/perlfaq.pm
  /usr/share/perl5/core_perl/PerlIO.pm
  /usr/lib/perl5/core_perl/POSIX.pm
  /usr/lib/perl5/core_perl/POSIX.pod
  /usr/lib/perl5/core_perl/re.pm
  /usr/share/perl5/core_perl/Safe.pm
  /usr/lib/perl5/core_perl/SDBM_File.pm
  /usr/share/perl5/core_perl/SelectSaver.pm
  /usr/share/perl5/core_perl/SelfLoader.pm
  /usr/share/perl5/core_perl/sigtrap.pm
  /usr/lib/perl5/core_perl/Socket.pm
  /usr/share/perl5/core_perl/sort.pm
  /usr/share/perl5/core_perl/stable.pm
  /usr/lib/perl5/core_perl/Storable.pm
  /usr/share/perl5/core_perl/strict.pm
  /usr/share/perl5/core_perl/subs.pm
  /usr/share/perl5/core_perl/Symbol.pm
  /usr/share/perl5/core_perl/Test.pm
  /usr/share/perl5/core_perl/Test2.pm
  /usr/share/perl5/core_perl/Thread.pm
  /usr/lib/perl5/core_perl/threads.pm
  /usr/share/perl5/core_perl/UNIVERSAL.pm
  /usr/share/perl5/core_perl/utf8.pm
  /usr/share/perl5/core_perl/vars.pm
  /usr/share/perl5/core_perl/version.pm
  /usr/share/perl5/core_perl/version.pod
  /usr/share/perl5/core_perl/vmsish.pm
  /usr/share/perl5/core_perl/warnings.pm
  /usr/lib/perl5/core_perl/Win32.pm
  /usr/lib/perl5/core_perl/Win32CORE.pm
  /usr/share/perl5/core_perl/XSLoader.pm
  /usr/share/perl5/core_perl/_charnames.pm
  /usr/share/perl5/core_perl/App/Cpan.pm
  /usr/share/perl5/core_perl/App/Prove.pm
  /usr/share/perl5/core_perl/App/Prove/State.pm
  /usr/share/perl5/core_perl/App/Prove/State/Result.pm
  /usr/share/perl5/core_perl/App/Prove/State/Result/Test.pm
  /usr/share/perl5/core_perl/Archive/Tar.pm
  /usr/share/perl5/core_perl/Archive/Tar/Constant.pm
  /usr/share/perl5/core_perl/Archive/Tar/File.pm
  /usr/share/perl5/core_perl/Attribute/Handlers.pm
  /usr/lib/perl5/core_perl/auto/attributes/attributes.dll
  /usr/lib/perl5/core_perl/auto/B/B.dll
  /usr/lib/perl5/core_perl/auto/Compress/Raw/Bzip2/Bzip2.dll
  /usr/lib/perl5/core_perl/auto/Compress/Raw/Zlib/Zlib.dll
  /usr/lib/perl5/core_perl/auto/Cwd/Cwd.dll
  /usr/lib/perl5/core_perl/auto/Data/Dumper/Dumper.dll
  /usr/lib/perl5/core_perl/auto/DB_File/DB_File.dll
  /usr/lib/perl5/core_perl/auto/Devel/Peek/Peek.dll
  /usr/lib/perl5/core_perl/auto/Digest/MD5/MD5.dll
  /usr/lib/perl5/core_perl/auto/Digest/SHA/SHA.dll
  /usr/lib/perl5/core_perl/auto/Encode/Encode.dll
  /usr/lib/perl5/core_perl/auto/Encode/Byte/Byte.dll
  /usr/lib/perl5/core_perl/auto/Encode/CN/CN.dll
  /usr/lib/perl5/core_perl/auto/Encode/EBCDIC/EBCDIC.dll
  /usr/lib/perl5/core_perl/auto/Encode/JP/JP.dll
  /usr/lib/perl5/core_perl/auto/Encode/KR/KR.dll
  /usr/lib/perl5/core_perl/auto/Encode/Symbol/Symbol.dll
  /usr/lib/perl5/core_perl/auto/Encode/TW/TW.dll
  /usr/lib/perl5/core_perl/auto/Encode/Unicode/Unicode.dll
  /usr/lib/perl5/core_perl/auto/Fcntl/Fcntl.dll
  /usr/lib/perl5/core_perl/auto/File/DosGlob/DosGlob.dll
  /usr/lib/perl5/core_perl/auto/File/Glob/Glob.dll
  /usr/lib/perl5/core_perl/auto/Filter/Util/Call/Call.dll
  /usr/lib/perl5/core_perl/auto/GDBM_File/GDBM_File.dll
  /usr/lib/perl5/core_perl/auto/Hash/Util/Util.dll
  /usr/lib/perl5/core_perl/auto/Hash/Util/FieldHash/FieldHash.dll
  /usr/lib/perl5/core_perl/auto/I18N/Langinfo/Langinfo.dll
  /usr/lib/perl5/core_perl/auto/IO/IO.dll
  /usr/lib/perl5/core_perl/auto/IPC/SysV/SysV.dll
  /usr/lib/perl5/core_perl/auto/List/Util/Util.dll
  /usr/lib/perl5/core_perl/auto/Math/BigInt/FastCalc/FastCalc.dll
  /usr/lib/perl5/core_perl/auto/MIME/Base64/Base64.dll
  /usr/lib/perl5/core_perl/auto/mro/mro.dll
  /usr/lib/perl5/core_perl/auto/NDBM_File/NDBM_File.dll
  /usr/lib/perl5/core_perl/auto/ODBM_File/ODBM_File.dll
  /usr/lib/perl5/core_perl/auto/Opcode/Opcode.dll
  /usr/lib/perl5/core_perl/auto/PerlIO/encoding/encoding.dll
  /usr/lib/perl5/core_perl/auto/PerlIO/mmap/mmap.dll
  /usr/lib/perl5/core_perl/auto/PerlIO/scalar/scalar.dll
  /usr/lib/perl5/core_perl/auto/PerlIO/via/via.dll
  /usr/lib/perl5/core_perl/auto/POSIX/POSIX.dll
  /usr/lib/perl5/core_perl/auto/re/re.dll
  /usr/lib/perl5/core_perl/auto/SDBM_File/SDBM_File.dll
  /usr/lib/perl5/core_perl/auto/Socket/Socket.dll
  /usr/lib/perl5/core_perl/auto/Storable/Storable.dll
  /usr/lib/perl5/core_perl/auto/Sys/Hostname/Hostname.dll
  /usr/lib/perl5/core_perl/auto/Sys/Syslog/Syslog.dll
  /usr/lib/perl5/core_perl/auto/threads/threads.dll
  /usr/lib/perl5/core_perl/auto/threads/shared/shared.dll
  /usr/lib/perl5/core_perl/auto/Time/HiRes/HiRes.dll
  /usr/lib/perl5/core_perl/auto/Time/Piece/Piece.dll
  /usr/lib/perl5/core_perl/auto/Unicode/Collate/Collate.dll
  /usr/lib/perl5/core_perl/auto/Unicode/Normalize/Normalize.dll
  /usr/lib/perl5/core_perl/auto/Win32/Win32.dll
  /usr/lib/perl5/core_perl/auto/Win32API/File/File.dll
  /usr/lib/perl5/core_perl/auto/Win32CORE/extralibs.ld
  /usr/share/perl5/core_perl/autodie/exception.pm
  /usr/share/perl5/core_perl/autodie/hints.pm
  /usr/share/perl5/core_perl/autodie/skip.pm
  /usr/share/perl5/core_perl/autodie/Util.pm
  /usr/share/perl5/core_perl/autodie/exception/system.pm
  /usr/share/perl5/core_perl/autodie/Scope/Guard.pm
  /usr/share/perl5/core_perl/autodie/Scope/GuardStack.pm
  /usr/lib/perl5/core_perl/B/Concise.pm
  /usr/share/perl5/core_perl/B/Deparse.pm
  /usr/share/perl5/core_perl/B/Op_private.pm
  /usr/lib/perl5/core_perl/B/Showlex.pm
  /usr/lib/perl5/core_perl/B/Terse.pm
  /usr/lib/perl5/core_perl/B/Xref.pm
  /usr/share/perl5/core_perl/Carp/Heavy.pm
  /usr/share/perl5/core_perl/Class/Struct.pm
  /usr/share/perl5/core_perl/Compress/Zlib.pm
  /usr/lib/perl5/core_perl/Compress/Raw/Bzip2.pm
  /usr/lib/perl5/core_perl/Compress/Raw/Zlib.pm
  /usr/share/perl5/core_perl/Config/Extensions.pm
  /usr/share/perl5/core_perl/Config/Perl/V.pm
  /usr/share/perl5/core_perl/CPAN/Author.pm
  /usr/share/perl5/core_perl/CPAN/Bundle.pm
  /usr/share/perl5/core_perl/CPAN/CacheMgr.pm
  /usr/share/perl5/core_perl/CPAN/Complete.pm
  /usr/share/perl5/core_perl/CPAN/Debug.pm
  /usr/share/perl5/core_perl/CPAN/DeferredCode.pm
  /usr/share/perl5/core_perl/CPAN/Distribution.pm
  /usr/share/perl5/core_perl/CPAN/Distroprefs.pm
  /usr/share/perl5/core_perl/CPAN/Distrostatus.pm
  /usr/share/perl5/core_perl/CPAN/FirstTime.pm
  /usr/share/perl5/core_perl/CPAN/FTP.pm
  /usr/share/perl5/core_perl/CPAN/HandleConfig.pm
  /usr/share/perl5/core_perl/CPAN/Index.pm
  /usr/share/perl5/core_perl/CPAN/InfoObj.pm
  /usr/share/perl5/core_perl/CPAN/Kwalify.pm
  /usr/share/perl5/core_perl/CPAN/Meta.pm
  /usr/share/perl5/core_perl/CPAN/Mirrors.pm
  /usr/share/perl5/core_perl/CPAN/Module.pm
  /usr/share/perl5/core_perl/CPAN/Nox.pm
  /usr/share/perl5/core_perl/CPAN/Plugin.pm
  /usr/share/perl5/core_perl/CPAN/Prompt.pm
  /usr/share/perl5/core_perl/CPAN/Queue.pm
  /usr/share/perl5/core_perl/CPAN/Shell.pm
  /usr/share/perl5/core_perl/CPAN/Tarzip.pm
  /usr/share/perl5/core_perl/CPAN/URL.pm
  /usr/share/perl5/core_perl/CPAN/Version.pm
  /usr/share/perl5/core_perl/CPAN/API/HOWTO.pod
  /usr/share/perl5/core_perl/CPAN/Exception/blocked_urllist.pm
  /usr/share/perl5/core_perl/CPAN/Exception/RecursiveDependency.pm
  /usr/share/perl5/core_perl/CPAN/Exception/yaml_not_installed.pm
  /usr/share/perl5/core_perl/CPAN/Exception/yaml_process_error.pm
  /usr/share/perl5/core_perl/CPAN/FTP/netrc.pm
  /usr/share/perl5/core_perl/CPAN/HTTP/Client.pm
  /usr/share/perl5/core_perl/CPAN/HTTP/Credentials.pm
  /usr/share/perl5/core_perl/CPAN/Kwalify/distroprefs.dd
  /usr/share/perl5/core_perl/CPAN/Kwalify/distroprefs.yml
  /usr/share/perl5/core_perl/CPAN/LWP/UserAgent.pm
  /usr/share/perl5/core_perl/CPAN/Meta/Converter.pm
  /usr/share/perl5/core_perl/CPAN/Meta/Feature.pm
  /usr/share/perl5/core_perl/CPAN/Meta/History.pm
  /usr/share/perl5/core_perl/CPAN/Meta/Merge.pm
  /usr/share/perl5/core_perl/CPAN/Meta/Prereqs.pm
  /usr/share/perl5/core_perl/CPAN/Meta/Requirements.pm
  /usr/share/perl5/core_perl/CPAN/Meta/Spec.pm
  /usr/share/perl5/core_perl/CPAN/Meta/Validator.pm
  /usr/share/perl5/core_perl/CPAN/Meta/YAML.pm
  /usr/share/perl5/core_perl/CPAN/Meta/History/Meta_1_0.pod
  /usr/share/perl5/core_perl/CPAN/Meta/History/Meta_1_1.pod
  /usr/share/perl5/core_perl/CPAN/Meta/History/Meta_1_2.pod
  /usr/share/perl5/core_perl/CPAN/Meta/History/Meta_1_3.pod
  /usr/share/perl5/core_perl/CPAN/Meta/History/Meta_1_4.pod
  /usr/share/perl5/core_perl/CPAN/Plugin/Specfile.pm
  /usr/lib/perl5/core_perl/Data/Dumper.pm
  /usr/share/perl5/core_perl/DBM_Filter/compress.pm
  /usr/share/perl5/core_perl/DBM_Filter/encode.pm
  /usr/share/perl5/core_perl/DBM_Filter/int32.pm
  /usr/share/perl5/core_perl/DBM_Filter/null.pm
  /usr/share/perl5/core_perl/DBM_Filter/utf8.pm
  /usr/lib/perl5/core_perl/Devel/Peek.pm
  /usr/lib/perl5/core_perl/Devel/PPPort.pm
  /usr/share/perl5/core_perl/Devel/SelfStubber.pm
  /usr/share/perl5/core_perl/Digest/base.pm
  /usr/share/perl5/core_perl/Digest/file.pm
  /usr/lib/perl5/core_perl/Digest/MD5.pm
  /usr/lib/perl5/core_perl/Digest/SHA.pm
  /usr/lib/perl5/core_perl/Encode/Alias.pm
  /usr/lib/perl5/core_perl/Encode/Byte.pm
  /usr/share/perl5/core_perl/Encode/Changes.e2x
  /usr/lib/perl5/core_perl/Encode/CJKConstants.pm
  /usr/lib/perl5/core_perl/Encode/CN.pm
  /usr/lib/perl5/core_perl/Encode/Config.pm
  /usr/share/perl5/core_perl/Encode/ConfigLocal_PM.e2x
  /usr/lib/perl5/core_perl/Encode/EBCDIC.pm
  /usr/share/perl5/core_perl/Encode/encode.h
  /usr/lib/perl5/core_perl/Encode/Encoder.pm
  /usr/lib/perl5/core_perl/Encode/Encoding.pm
  /usr/lib/perl5/core_perl/Encode/GSM0338.pm
  /usr/lib/perl5/core_perl/Encode/Guess.pm
  /usr/lib/perl5/core_perl/Encode/JP.pm
  /usr/lib/perl5/core_perl/Encode/KR.pm
  /usr/share/perl5/core_perl/Encode/Makefile_PL.e2x
  /usr/share/perl5/core_perl/Encode/PerlIO.pod
  /usr/share/perl5/core_perl/Encode/README.e2x
  /usr/share/perl5/core_perl/Encode/Supported.pod
  /usr/lib/perl5/core_perl/Encode/Symbol.pm
  /usr/lib/perl5/core_perl/Encode/TW.pm
  /usr/lib/perl5/core_perl/Encode/Unicode.pm
  /usr/share/perl5/core_perl/Encode/_PM.e2x
  /usr/share/perl5/core_perl/Encode/_T.e2x
  /usr/lib/perl5/core_perl/Encode/CN/HZ.pm
  /usr/lib/perl5/core_perl/Encode/JP/H2Z.pm
  /usr/lib/perl5/core_perl/Encode/JP/JIS7.pm
  /usr/lib/perl5/core_perl/Encode/KR/2022_KR.pm
  /usr/lib/perl5/core_perl/Encode/MIME/Header.pm
  /usr/lib/perl5/core_perl/Encode/MIME/Name.pm
  /usr/lib/perl5/core_perl/Encode/MIME/Header/ISO_2022_JP.pm
  /usr/lib/perl5/core_perl/Encode/Unicode/UTF7.pm
  /usr/share/perl5/core_perl/encoding/warnings.pm
  /usr/share/perl5/core_perl/Exporter/Heavy.pm
  /usr/share/perl5/core_perl/ExtUtils/CBuilder.pm
  /usr/share/perl5/core_perl/ExtUtils/Command.pm
  /usr/share/perl5/core_perl/ExtUtils/Constant.pm
  /usr/share/perl5/core_perl/ExtUtils/Embed.pm
  /usr/share/perl5/core_perl/ExtUtils/Install.pm
  /usr/share/perl5/core_perl/ExtUtils/Installed.pm
  /usr/share/perl5/core_perl/ExtUtils/Liblist.pm
  /usr/share/perl5/core_perl/ExtUtils/MakeMaker.pm
  /usr/share/perl5/core_perl/ExtUtils/Manifest.pm
  /usr/share/perl5/core_perl/ExtUtils/MANIFEST.SKIP
  /usr/share/perl5/core_perl/ExtUtils/Miniperl.pm
  /usr/share/perl5/core_perl/ExtUtils/Mkbootstrap.pm
  /usr/share/perl5/core_perl/ExtUtils/Mksymlists.pm
  /usr/share/perl5/core_perl/ExtUtils/MM.pm
  /usr/share/perl5/core_perl/ExtUtils/MM_AIX.pm
  /usr/share/perl5/core_perl/ExtUtils/MM_Any.pm
  /usr/share/perl5/core_perl/ExtUtils/MM_BeOS.pm
  /usr/share/perl5/core_perl/ExtUtils/MM_Cygwin.pm
  /usr/share/perl5/core_perl/ExtUtils/MM_Darwin.pm
  /usr/share/perl5/core_perl/ExtUtils/MM_DOS.pm
  /usr/share/perl5/core_perl/ExtUtils/MM_MacOS.pm
  /usr/share/perl5/core_perl/ExtUtils/MM_NW5.pm
  /usr/share/perl5/core_perl/ExtUtils/MM_OS2.pm
  /usr/share/perl5/core_perl/ExtUtils/MM_OS390.pm
  /usr/share/perl5/core_perl/ExtUtils/MM_QNX.pm
  /usr/share/perl5/core_perl/ExtUtils/MM_Unix.pm
  /usr/share/perl5/core_perl/ExtUtils/MM_UWIN.pm
  /usr/share/perl5/core_perl/ExtUtils/MM_VMS.pm
  /usr/share/perl5/core_perl/ExtUtils/MM_VOS.pm
  /usr/share/perl5/core_perl/ExtUtils/MM_Win32.pm
  /usr/share/perl5/core_perl/ExtUtils/MM_Win95.pm
  /usr/share/perl5/core_perl/ExtUtils/MY.pm
  /usr/share/perl5/core_perl/ExtUtils/Packlist.pm
  /usr/share/perl5/core_perl/ExtUtils/ParseXS.pm
  /usr/share/perl5/core_perl/ExtUtils/ParseXS.pod
  /usr/share/perl5/core_perl/ExtUtils/PL2Bat.pm
  /usr/share/perl5/core_perl/ExtUtils/testlib.pm
  /usr/share/perl5/core_perl/ExtUtils/typemap
  /usr/share/perl5/core_perl/ExtUtils/Typemaps.pm
  /usr/share/perl5/core_perl/ExtUtils/xsubpp
  /usr/share/perl5/core_perl/ExtUtils/CBuilder/Base.pm
  /usr/share/perl5/core_perl/ExtUtils/CBuilder/Platform/aix.pm
  /usr/share/perl5/core_perl/ExtUtils/CBuilder/Platform/android.pm
  /usr/share/perl5/core_perl/ExtUtils/CBuilder/Platform/cygwin.pm
  /usr/share/perl5/core_perl/ExtUtils/CBuilder/Platform/darwin.pm
  /usr/share/perl5/core_perl/ExtUtils/CBuilder/Platform/dec_osf.pm
  /usr/share/perl5/core_perl/ExtUtils/CBuilder/Platform/msys.pm
  /usr/share/perl5/core_perl/ExtUtils/CBuilder/Platform/os2.pm
  /usr/share/perl5/core_perl/ExtUtils/CBuilder/Platform/Unix.pm
  /usr/share/perl5/core_perl/ExtUtils/CBuilder/Platform/VMS.pm
  /usr/share/perl5/core_perl/ExtUtils/CBuilder/Platform/Windows.pm
  /usr/share/perl5/core_perl/ExtUtils/CBuilder/Platform/Windows/BCC.pm
  /usr/share/perl5/core_perl/ExtUtils/CBuilder/Platform/Windows/GCC.pm
  /usr/share/perl5/core_perl/ExtUtils/CBuilder/Platform/Windows/MSVC.pm
  /usr/share/perl5/core_perl/ExtUtils/Command/MM.pm
  /usr/share/perl5/core_perl/ExtUtils/Constant/Base.pm
  /usr/share/perl5/core_perl/ExtUtils/Constant/ProxySubs.pm
  /usr/share/perl5/core_perl/ExtUtils/Constant/Utils.pm
  /usr/share/perl5/core_perl/ExtUtils/Constant/XS.pm
  /usr/share/perl5/core_perl/ExtUtils/Liblist/Kid.pm
  /usr/share/perl5/core_perl/ExtUtils/MakeMaker/Config.pm
  /usr/share/perl5/core_perl/ExtUtils/MakeMaker/FAQ.pod
  /usr/share/perl5/core_perl/ExtUtils/MakeMaker/Locale.pm
  /usr/share/perl5/core_perl/ExtUtils/MakeMaker/Tutorial.pod
  /usr/share/perl5/core_perl/ExtUtils/MakeMaker/version.pm
  /usr/share/perl5/core_perl/ExtUtils/ParseXS/Constants.pm
  /usr/share/perl5/core_perl/ExtUtils/ParseXS/CountLines.pm
  /usr/share/perl5/core_perl/ExtUtils/ParseXS/Eval.pm
  /usr/share/perl5/core_perl/ExtUtils/ParseXS/Utilities.pm
  /usr/share/perl5/core_perl/ExtUtils/Typemaps/Cmd.pm
  /usr/share/perl5/core_perl/ExtUtils/Typemaps/InputMap.pm
  /usr/share/perl5/core_perl/ExtUtils/Typemaps/OutputMap.pm
  /usr/share/perl5/core_perl/ExtUtils/Typemaps/Type.pm
  /usr/share/perl5/core_perl/File/Basename.pm
  /usr/share/perl5/core_perl/File/Compare.pm
  /usr/share/perl5/core_perl/File/Copy.pm
  /usr/lib/perl5/core_perl/File/DosGlob.pm
  /usr/share/perl5/core_perl/File/Fetch.pm
  /usr/share/perl5/core_perl/File/Find.pm
  /usr/lib/perl5/core_perl/File/Glob.pm
  /usr/share/perl5/core_perl/File/GlobMapper.pm
  /usr/share/perl5/core_perl/File/Path.pm
  /usr/lib/perl5/core_perl/File/Spec.pm
  /usr/share/perl5/core_perl/File/stat.pm
  /usr/share/perl5/core_perl/File/Temp.pm
  /usr/lib/perl5/core_perl/File/Spec/AmigaOS.pm
  /usr/lib/perl5/core_perl/File/Spec/Cygwin.pm
  /usr/lib/perl5/core_perl/File/Spec/Epoc.pm
  /usr/lib/perl5/core_perl/File/Spec/Functions.pm
  /usr/lib/perl5/core_perl/File/Spec/Mac.pm
  /usr/lib/perl5/core_perl/File/Spec/OS2.pm
  /usr/lib/perl5/core_perl/File/Spec/Unix.pm
  /usr/lib/perl5/core_perl/File/Spec/VMS.pm
  /usr/lib/perl5/core_perl/File/Spec/Win32.pm
  /usr/share/perl5/core_perl/Filter/Simple.pm
  /usr/lib/perl5/core_perl/Filter/Util/Call.pm
  /usr/share/perl5/core_perl/Getopt/Long.pm
  /usr/share/perl5/core_perl/Getopt/Std.pm
  /usr/lib/perl5/core_perl/Hash/Util.pm
  /usr/lib/perl5/core_perl/Hash/Util/FieldHash.pm
  /usr/share/perl5/core_perl/HTTP/Tiny.pm
  /usr/share/perl5/core_perl/I18N/Collate.pm
  /usr/lib/perl5/core_perl/I18N/Langinfo.pm
  /usr/share/perl5/core_perl/I18N/LangTags.pm
  /usr/share/perl5/core_perl/I18N/LangTags/Detect.pm
  /usr/share/perl5/core_perl/I18N/LangTags/List.pm
  /usr/lib/perl5/core_perl/IO/Dir.pm
  /usr/lib/perl5/core_perl/IO/File.pm
  /usr/lib/perl5/core_perl/IO/Handle.pm
  /usr/lib/perl5/core_perl/IO/Pipe.pm
  /usr/lib/perl5/core_perl/IO/Poll.pm
  /usr/lib/perl5/core_perl/IO/Seekable.pm
  /usr/lib/perl5/core_perl/IO/Select.pm
  /usr/lib/perl5/core_perl/IO/Socket.pm
  /usr/share/perl5/core_perl/IO/Zlib.pm
  /usr/share/perl5/core_perl/IO/Compress/Base.pm
  /usr/share/perl5/core_perl/IO/Compress/Bzip2.pm
  /usr/share/perl5/core_perl/IO/Compress/Deflate.pm
  /usr/share/perl5/core_perl/IO/Compress/FAQ.pod
  /usr/share/perl5/core_perl/IO/Compress/Gzip.pm
  /usr/share/perl5/core_perl/IO/Compress/RawDeflate.pm
  /usr/share/perl5/core_perl/IO/Compress/Zip.pm
  /usr/share/perl5/core_perl/IO/Compress/Adapter/Bzip2.pm
  /usr/share/perl5/core_perl/IO/Compress/Adapter/Deflate.pm
  /usr/share/perl5/core_perl/IO/Compress/Adapter/Identity.pm
  /usr/share/perl5/core_perl/IO/Compress/Base/Common.pm
  /usr/share/perl5/core_perl/IO/Compress/Gzip/Constants.pm
  /usr/share/perl5/core_perl/IO/Compress/Zip/Constants.pm
  /usr/share/perl5/core_perl/IO/Compress/Zlib/Constants.pm
  /usr/share/perl5/core_perl/IO/Compress/Zlib/Extra.pm
  /usr/lib/perl5/core_perl/IO/Socket/INET.pm
  /usr/share/perl5/core_perl/IO/Socket/IP.pm
  /usr/lib/perl5/core_perl/IO/Socket/UNIX.pm
  /usr/share/perl5/core_perl/IO/Uncompress/AnyInflate.pm
  /usr/share/perl5/core_perl/IO/Uncompress/AnyUncompress.pm
  /usr/share/perl5/core_perl/IO/Uncompress/Base.pm
  /usr/share/perl5/core_perl/IO/Uncompress/Bunzip2.pm
  /usr/share/perl5/core_perl/IO/Uncompress/Gunzip.pm
  /usr/share/perl5/core_perl/IO/Uncompress/Inflate.pm
  /usr/share/perl5/core_perl/IO/Uncompress/RawInflate.pm
  /usr/share/perl5/core_perl/IO/Uncompress/Unzip.pm
  /usr/share/perl5/core_perl/IO/Uncompress/Adapter/Bunzip2.pm
  /usr/share/perl5/core_perl/IO/Uncompress/Adapter/Identity.pm
  /usr/share/perl5/core_perl/IO/Uncompress/Adapter/Inflate.pm
  /usr/share/perl5/core_perl/IPC/Cmd.pm
  /usr/lib/perl5/core_perl/IPC/Msg.pm
  /usr/share/perl5/core_perl/IPC/Open2.pm
  /usr/share/perl5/core_perl/IPC/Open3.pm
  /usr/lib/perl5/core_perl/IPC/Semaphore.pm
  /usr/lib/perl5/core_perl/IPC/SharedMem.pm
  /usr/lib/perl5/core_perl/IPC/SysV.pm
  /usr/share/perl5/core_perl/JSON/PP.pm
  /usr/share/perl5/core_perl/JSON/PP/Boolean.pm
  /usr/lib/perl5/core_perl/List/Util.pm
  /usr/lib/perl5/core_perl/List/Util/XS.pm
  /usr/share/perl5/core_perl/Locale/Maketext.pm
  /usr/share/perl5/core_perl/Locale/Maketext.pod
  /usr/share/perl5/core_perl/Locale/Maketext/Cookbook.pod
  /usr/share/perl5/core_perl/Locale/Maketext/Guts.pm
  /usr/share/perl5/core_perl/Locale/Maketext/GutsLoader.pm
  /usr/share/perl5/core_perl/Locale/Maketext/Simple.pm
  /usr/share/perl5/core_perl/Locale/Maketext/TPJ13.pod
  /usr/share/perl5/core_perl/Math/BigFloat.pm
  /usr/share/perl5/core_perl/Math/BigInt.pm
  /usr/share/perl5/core_perl/Math/BigRat.pm
  /usr/share/perl5/core_perl/Math/Complex.pm
  /usr/share/perl5/core_perl/Math/Trig.pm
  /usr/share/perl5/core_perl/Math/BigFloat/Trace.pm
  /usr/share/perl5/core_perl/Math/BigInt/Calc.pm
  /usr/lib/perl5/core_perl/Math/BigInt/FastCalc.pm
  /usr/share/perl5/core_perl/Math/BigInt/Lib.pm
  /usr/share/perl5/core_perl/Math/BigInt/Trace.pm
  /usr/share/perl5/core_perl/Math/BigRat/Trace.pm
  /usr/share/perl5/core_perl/Memoize/AnyDBM_File.pm
  /usr/share/perl5/core_perl/Memoize/Expire.pm
  /usr/share/perl5/core_perl/Memoize/NDBM_File.pm
  /usr/share/perl5/core_perl/Memoize/SDBM_File.pm
  /usr/share/perl5/core_perl/Memoize/Storable.pm
  /usr/lib/perl5/core_perl/MIME/Base64.pm
  /usr/lib/perl5/core_perl/MIME/QuotedPrint.pm
  /usr/share/perl5/core_perl/Module/CoreList.pm
  /usr/share/perl5/core_perl/Module/CoreList.pod
  /usr/share/perl5/core_perl/Module/Load.pm
  /usr/share/perl5/core_perl/Module/Loaded.pm
  /usr/share/perl5/core_perl/Module/Metadata.pm
  /usr/share/perl5/core_perl/Module/CoreList/Utils.pm
  /usr/share/perl5/core_perl/Module/Load/Conditional.pm
  /usr/share/perl5/core_perl/Net/Cmd.pm
  /usr/share/perl5/core_perl/Net/Config.pm
  /usr/share/perl5/core_perl/Net/Domain.pm
  /usr/share/perl5/core_perl/Net/FTP.pm
  /usr/share/perl5/core_perl/Net/hostent.pm
  /usr/share/perl5/core_perl/Net/libnetFAQ.pod
  /usr/share/perl5/core_perl/Net/netent.pm
  /usr/share/perl5/core_perl/Net/Netrc.pm
  /usr/share/perl5/core_perl/Net/NNTP.pm
  /usr/share/perl5/core_perl/Net/Ping.pm
  /usr/share/perl5/core_perl/Net/POP3.pm
  /usr/share/perl5/core_perl/Net/protoent.pm
  /usr/share/perl5/core_perl/Net/servent.pm
  /usr/share/perl5/core_perl/Net/SMTP.pm
  /usr/share/perl5/core_perl/Net/Time.pm
  /usr/share/perl5/core_perl/Net/FTP/A.pm
  /usr/share/perl5/core_perl/Net/FTP/dataconn.pm
  /usr/share/perl5/core_perl/Net/FTP/E.pm
  /usr/share/perl5/core_perl/Net/FTP/I.pm
  /usr/share/perl5/core_perl/Net/FTP/L.pm
  /usr/share/perl5/core_perl/overload/numbers.pm
  /usr/share/perl5/core_perl/Params/Check.pm
  /usr/share/perl5/core_perl/Parse/CPAN/Meta.pm
  /usr/share/perl5/core_perl/Perl/OSType.pm
  /usr/lib/perl5/core_perl/PerlIO/encoding.pm
  /usr/lib/perl5/core_perl/PerlIO/mmap.pm
  /usr/lib/perl5/core_perl/PerlIO/scalar.pm
  /usr/lib/perl5/core_perl/PerlIO/via.pm
  /usr/share/perl5/core_perl/PerlIO/via/QuotedPrint.pm
  /usr/share/perl5/core_perl/Pod/Checker.pm
  /usr/share/perl5/core_perl/Pod/Escapes.pm
  /usr/share/perl5/core_perl/Pod/Functions.pm
  /usr/share/perl5/core_perl/Pod/Html.pm
  /usr/share/perl5/core_perl/Pod/Man.pm
  /usr/share/perl5/core_perl/Pod/ParseLink.pm
  /usr/share/perl5/core_perl/Pod/Perldoc.pm
  /usr/share/perl5/core_perl/Pod/Simple.pm
  /usr/share/perl5/core_perl/Pod/Simple.pod
  /usr/share/perl5/core_perl/Pod/Text.pm
  /usr/share/perl5/core_perl/Pod/Usage.pm
  /usr/share/perl5/core_perl/Pod/Html/Util.pm
  /usr/share/perl5/core_perl/Pod/Perldoc/BaseTo.pm
  /usr/share/perl5/core_perl/Pod/Perldoc/GetOptsOO.pm
  /usr/share/perl5/core_perl/Pod/Perldoc/ToANSI.pm
  /usr/share/perl5/core_perl/Pod/Perldoc/ToChecker.pm
  /usr/share/perl5/core_perl/Pod/Perldoc/ToMan.pm
  /usr/share/perl5/core_perl/Pod/Perldoc/ToNroff.pm
  /usr/share/perl5/core_perl/Pod/Perldoc/ToPod.pm
  /usr/share/perl5/core_perl/Pod/Perldoc/ToRtf.pm
  /usr/share/perl5/core_perl/Pod/Perldoc/ToTerm.pm
  /usr/share/perl5/core_perl/Pod/Perldoc/ToText.pm
  /usr/share/perl5/core_perl/Pod/Perldoc/ToTk.pm
  /usr/share/perl5/core_perl/Pod/Perldoc/ToXml.pm
  /usr/share/perl5/core_perl/Pod/Simple/BlackBox.pm
  /usr/share/perl5/core_perl/Pod/Simple/Checker.pm
  /usr/share/perl5/core_perl/Pod/Simple/Debug.pm
  /usr/share/perl5/core_perl/Pod/Simple/DumpAsText.pm
  /usr/share/perl5/core_perl/Pod/Simple/DumpAsXML.pm
  /usr/share/perl5/core_perl/Pod/Simple/HTML.pm
  /usr/share/perl5/core_perl/Pod/Simple/HTMLBatch.pm
  /usr/share/perl5/core_perl/Pod/Simple/HTMLLegacy.pm
  /usr/share/perl5/core_perl/Pod/Simple/JustPod.pm
  /usr/share/perl5/core_perl/Pod/Simple/LinkSection.pm
  /usr/share/perl5/core_perl/Pod/Simple/Methody.pm
  /usr/share/perl5/core_perl/Pod/Simple/Progress.pm
  /usr/share/perl5/core_perl/Pod/Simple/PullParser.pm
  /usr/share/perl5/core_perl/Pod/Simple/PullParserEndToken.pm
  /usr/share/perl5/core_perl/Pod/Simple/PullParserStartToken.pm
  /usr/share/perl5/core_perl/Pod/Simple/PullParserTextToken.pm
  /usr/share/perl5/core_perl/Pod/Simple/PullParserToken.pm
  /usr/share/perl5/core_perl/Pod/Simple/RTF.pm
  /usr/share/perl5/core_perl/Pod/Simple/Search.pm
  /usr/share/perl5/core_perl/Pod/Simple/SimpleTree.pm
  /usr/share/perl5/core_perl/Pod/Simple/Subclassing.pod
  /usr/share/perl5/core_perl/Pod/Simple/Text.pm
  /usr/share/perl5/core_perl/Pod/Simple/TextContent.pm
  /usr/share/perl5/core_perl/Pod/Simple/TiedOutFH.pm
  /usr/share/perl5/core_perl/Pod/Simple/Transcode.pm
  /usr/share/perl5/core_perl/Pod/Simple/TranscodeDumb.pm
  /usr/share/perl5/core_perl/Pod/Simple/TranscodeSmart.pm
  /usr/share/perl5/core_perl/Pod/Simple/XHTML.pm
  /usr/share/perl5/core_perl/Pod/Simple/XMLOutStream.pm
  /usr/share/perl5/core_perl/Pod/Text/Color.pm
  /usr/share/perl5/core_perl/Pod/Text/Overstrike.pm
  /usr/share/perl5/core_perl/Pod/Text/Termcap.pm
  /usr/lib/perl5/core_perl/Scalar/Util.pm
  /usr/share/perl5/core_perl/Search/Dict.pm
  /usr/lib/perl5/core_perl/Sub/Util.pm
  /usr/lib/perl5/core_perl/Sys/Hostname.pm
  /usr/lib/perl5/core_perl/Sys/Syslog.pm
  /usr/share/perl5/core_perl/TAP/Base.pm
  /usr/share/perl5/core_perl/TAP/Harness.pm
  /usr/share/perl5/core_perl/TAP/Object.pm
  /usr/share/perl5/core_perl/TAP/Parser.pm
  /usr/share/perl5/core_perl/TAP/Formatter/Base.pm
  /usr/share/perl5/core_perl/TAP/Formatter/Color.pm
  /usr/share/perl5/core_perl/TAP/Formatter/Console.pm
  /usr/share/perl5/core_perl/TAP/Formatter/File.pm
  /usr/share/perl5/core_perl/TAP/Formatter/Session.pm
  /usr/share/perl5/core_perl/TAP/Formatter/Console/ParallelSession.pm
  /usr/share/perl5/core_perl/TAP/Formatter/Console/Session.pm
  /usr/share/perl5/core_perl/TAP/Formatter/File/Session.pm
  /usr/share/perl5/core_perl/TAP/Harness/Beyond.pod
  /usr/share/perl5/core_perl/TAP/Harness/Env.pm
  /usr/share/perl5/core_perl/TAP/Parser/Aggregator.pm
  /usr/share/perl5/core_perl/TAP/Parser/Grammar.pm
  /usr/share/perl5/core_perl/TAP/Parser/Iterator.pm
  /usr/share/perl5/core_perl/TAP/Parser/IteratorFactory.pm
  /usr/share/perl5/core_perl/TAP/Parser/Multiplexer.pm
  /usr/share/perl5/core_perl/TAP/Parser/Result.pm
  /usr/share/perl5/core_perl/TAP/Parser/ResultFactory.pm
  /usr/share/perl5/core_perl/TAP/Parser/Scheduler.pm
  /usr/share/perl5/core_perl/TAP/Parser/Source.pm
  /usr/share/perl5/core_perl/TAP/Parser/SourceHandler.pm
  /usr/share/perl5/core_perl/TAP/Parser/Iterator/Array.pm
  /usr/share/perl5/core_perl/TAP/Parser/Iterator/Process.pm
  /usr/share/perl5/core_perl/TAP/Parser/Iterator/Stream.pm
  /usr/share/perl5/core_perl/TAP/Parser/Result/Bailout.pm
  /usr/share/perl5/core_perl/TAP/Parser/Result/Comment.pm
  /usr/share/perl5/core_perl/TAP/Parser/Result/Plan.pm
  /usr/share/perl5/core_perl/TAP/Parser/Result/Pragma.pm
  /usr/share/perl5/core_perl/TAP/Parser/Result/Test.pm
  /usr/share/perl5/core_perl/TAP/Parser/Result/Unknown.pm
  /usr/share/perl5/core_perl/TAP/Parser/Result/Version.pm
  /usr/share/perl5/core_perl/TAP/Parser/Result/YAML.pm
  /usr/share/perl5/core_perl/TAP/Parser/Scheduler/Job.pm
  /usr/share/perl5/core_perl/TAP/Parser/Scheduler/Spinner.pm
  /usr/share/perl5/core_perl/TAP/Parser/SourceHandler/Executable.pm
  /usr/share/perl5/core_perl/TAP/Parser/SourceHandler/File.pm
  /usr/share/perl5/core_perl/TAP/Parser/SourceHandler/Handle.pm
  /usr/share/perl5/core_perl/TAP/Parser/SourceHandler/Perl.pm
  /usr/share/perl5/core_perl/TAP/Parser/SourceHandler/RawTAP.pm
  /usr/share/perl5/core_perl/TAP/Parser/YAMLish/Reader.pm
  /usr/share/perl5/core_perl/TAP/Parser/YAMLish/Writer.pm
  /usr/share/perl5/core_perl/Term/ANSIColor.pm
  /usr/share/perl5/core_perl/Term/Cap.pm
  /usr/share/perl5/core_perl/Term/Complete.pm
  /usr/share/perl5/core_perl/Term/ReadLine.pm
  /usr/share/perl5/core_perl/Test/Builder.pm
  /usr/share/perl5/core_perl/Test/Harness.pm
  /usr/share/perl5/core_perl/Test/More.pm
  /usr/share/perl5/core_perl/Test/Simple.pm
  /usr/share/perl5/core_perl/Test/Tester.pm
  /usr/share/perl5/core_perl/Test/Tutorial.pod
  /usr/share/perl5/core_perl/Test/Builder/Formatter.pm
  /usr/share/perl5/core_perl/Test/Builder/Module.pm
  /usr/share/perl5/core_perl/Test/Builder/Tester.pm
  /usr/share/perl5/core_perl/Test/Builder/TodoDiag.pm
  /usr/share/perl5/core_perl/Test/Builder/IO/Scalar.pm
  /usr/share/perl5/core_perl/Test/Builder/Tester/Color.pm
  /usr/share/perl5/core_perl/Test/Tester/Capture.pm
  /usr/share/perl5/core_perl/Test/Tester/CaptureRunner.pm
  /usr/share/perl5/core_perl/Test/Tester/Delegate.pm
  /usr/share/perl5/core_perl/Test/use/ok.pm
  /usr/share/perl5/core_perl/Test2/API.pm
  /usr/share/perl5/core_perl/Test2/Event.pm
  /usr/share/perl5/core_perl/Test2/EventFacet.pm
  /usr/share/perl5/core_perl/Test2/Formatter.pm
  /usr/share/perl5/core_perl/Test2/Hub.pm
  /usr/share/perl5/core_perl/Test2/IPC.pm
  /usr/share/perl5/core_perl/Test2/Transition.pod
  /usr/share/perl5/core_perl/Test2/Util.pm
  /usr/share/perl5/core_perl/Test2/API/Breakage.pm
  /usr/share/perl5/core_perl/Test2/API/Context.pm
  /usr/share/perl5/core_perl/Test2/API/Instance.pm
  /usr/share/perl5/core_perl/Test2/API/InterceptResult.pm
  /usr/share/perl5/core_perl/Test2/API/Stack.pm
  /usr/share/perl5/core_perl/Test2/API/InterceptResult/Event.pm
  /usr/share/perl5/core_perl/Test2/API/InterceptResult/Facet.pm
  /usr/share/perl5/core_perl/Test2/API/InterceptResult/Hub.pm
  /usr/share/perl5/core_perl/Test2/API/InterceptResult/Squasher.pm
  /usr/share/perl5/core_perl/Test2/Event/Bail.pm
  /usr/share/perl5/core_perl/Test2/Event/Diag.pm
  /usr/share/perl5/core_perl/Test2/Event/Encoding.pm
  /usr/share/perl5/core_perl/Test2/Event/Exception.pm
  /usr/share/perl5/core_perl/Test2/Event/Fail.pm
  /usr/share/perl5/core_perl/Test2/Event/Generic.pm
  /usr/share/perl5/core_perl/Test2/Event/Note.pm
  /usr/share/perl5/core_perl/Test2/Event/Ok.pm
  /usr/share/perl5/core_perl/Test2/Event/Pass.pm
  /usr/share/perl5/core_perl/Test2/Event/Plan.pm
  /usr/share/perl5/core_perl/Test2/Event/Skip.pm
  /usr/share/perl5/core_perl/Test2/Event/Subtest.pm
  /usr/share/perl5/core_perl/Test2/Event/V2.pm
  /usr/share/perl5/core_perl/Test2/Event/Waiting.pm
  /usr/share/perl5/core_perl/Test2/Event/TAP/Version.pm
  /usr/share/perl5/core_perl/Test2/EventFacet/About.pm
  /usr/share/perl5/core_perl/Test2/EventFacet/Amnesty.pm
  /usr/share/perl5/core_perl/Test2/EventFacet/Assert.pm
  /usr/share/perl5/core_perl/Test2/EventFacet/Control.pm
  /usr/share/perl5/core_perl/Test2/EventFacet/Error.pm
  /usr/share/perl5/core_perl/Test2/EventFacet/Hub.pm
  /usr/share/perl5/core_perl/Test2/EventFacet/Info.pm
  /usr/share/perl5/core_perl/Test2/EventFacet/Meta.pm
  /usr/share/perl5/core_perl/Test2/EventFacet/Parent.pm
  /usr/share/perl5/core_perl/Test2/EventFacet/Plan.pm
  /usr/share/perl5/core_perl/Test2/EventFacet/Render.pm
  /usr/share/perl5/core_perl/Test2/EventFacet/Trace.pm
  /usr/share/perl5/core_perl/Test2/EventFacet/Info/Table.pm
  /usr/share/perl5/core_perl/Test2/Formatter/TAP.pm
  /usr/share/perl5/core_perl/Test2/Hub/Interceptor.pm
  /usr/share/perl5/core_perl/Test2/Hub/Subtest.pm
  /usr/share/perl5/core_perl/Test2/Hub/Interceptor/Terminator.pm
  /usr/share/perl5/core_perl/Test2/IPC/Driver.pm
  /usr/share/perl5/core_perl/Test2/IPC/Driver/Files.pm
  /usr/share/perl5/core_perl/Test2/Tools/Tiny.pm
  /usr/share/perl5/core_perl/Test2/Util/ExternalMeta.pm
  /usr/share/perl5/core_perl/Test2/Util/Facets2Legacy.pm
  /usr/share/perl5/core_perl/Test2/Util/HashBase.pm
  /usr/share/perl5/core_perl/Test2/Util/Trace.pm
  /usr/share/perl5/core_perl/Text/Abbrev.pm
  /usr/share/perl5/core_perl/Text/Balanced.pm
  /usr/share/perl5/core_perl/Text/ParseWords.pm
  /usr/share/perl5/core_perl/Text/Tabs.pm
  /usr/share/perl5/core_perl/Text/Wrap.pm
  /usr/share/perl5/core_perl/Thread/Queue.pm
  /usr/share/perl5/core_perl/Thread/Semaphore.pm
  /usr/lib/perl5/core_perl/threads/shared.pm
  /usr/share/perl5/core_perl/Tie/Array.pm
  /usr/share/perl5/core_perl/Tie/File.pm
  /usr/share/perl5/core_perl/Tie/Handle.pm
  /usr/share/perl5/core_perl/Tie/Hash.pm
  /usr/share/perl5/core_perl/Tie/Memoize.pm
  /usr/share/perl5/core_perl/Tie/RefHash.pm
  /usr/share/perl5/core_perl/Tie/Scalar.pm
  /usr/share/perl5/core_perl/Tie/StdHandle.pm
  /usr/share/perl5/core_perl/Tie/SubstrHash.pm
  /usr/share/perl5/core_perl/Tie/Hash/NamedCapture.pm
  /usr/share/perl5/core_perl/Time/gmtime.pm
  /usr/lib/perl5/core_perl/Time/HiRes.pm
  /usr/share/perl5/core_perl/Time/Local.pm
  /usr/share/perl5/core_perl/Time/localtime.pm
  /usr/lib/perl5/core_perl/Time/Piece.pm
  /usr/lib/perl5/core_perl/Time/Seconds.pm
  /usr/share/perl5/core_perl/Time/tm.pm
  /usr/lib/perl5/core_perl/Unicode/Collate.pm
  /usr/lib/perl5/core_perl/Unicode/Normalize.pm
  /usr/share/perl5/core_perl/Unicode/UCD.pm
  /usr/share/perl5/core_perl/Unicode/Collate/allkeys.txt
  /usr/share/perl5/core_perl/Unicode/Collate/keys.txt
  /usr/lib/perl5/core_perl/Unicode/Collate/Locale.pm
  /usr/share/perl5/core_perl/Unicode/Collate/CJK/Big5.pm
  /usr/share/perl5/core_perl/Unicode/Collate/CJK/GB2312.pm
  /usr/share/perl5/core_perl/Unicode/Collate/CJK/JISX0208.pm
  /usr/share/perl5/core_perl/Unicode/Collate/CJK/Korean.pm
  /usr/share/perl5/core_perl/Unicode/Collate/CJK/Pinyin.pm
  /usr/share/perl5/core_perl/Unicode/Collate/CJK/Stroke.pm
  /usr/share/perl5/core_perl/Unicode/Collate/CJK/Zhuyin.pm
  /usr/share/perl5/core_perl/Unicode/Collate/Locale/af.pl
  /usr/share/perl5/core_perl/Unicode/Collate/Locale/ar.pl
  /usr/share/perl5/core_perl/Unicode/Collate/Locale/as.pl
  /usr/share/perl5/core_perl/Unicode/Collate/Locale/az.pl
  /usr/share/perl5/core_perl/Unicode/Collate/Locale/be.pl
  /usr/share/perl5/core_perl/Unicode/Collate/Locale/bn.pl
  /usr/share/perl5/core_perl/Unicode/Collate/Locale/ca.pl
  /usr/share/perl5/core_perl/Unicode/Collate/Locale/cs.pl
  /usr/share/perl5/core_perl/Unicode/Collate/Locale/cu.pl
  /usr/share/perl5/core_perl/Unicode/Collate/Locale/cy.pl
  /usr/share/perl5/core_perl/Unicode/Collate/Locale/da.pl
  /usr/share/perl5/core_perl/Unicode/Collate/Locale/de_at_ph.pl
  /usr/share/perl5/core_perl/Unicode/Collate/Locale/de_phone.pl
  /usr/share/perl5/core_perl/Unicode/Collate/Locale/dsb.pl
  /usr/share/perl5/core_perl/Unicode/Collate/Locale/ee.pl
  /usr/share/perl5/core_perl/Unicode/Collate/Locale/eo.pl
  /usr/share/perl5/core_perl/Unicode/Collate/Locale/es.pl
  /usr/share/perl5/core_perl/Unicode/Collate/Locale/es_trad.pl
  /usr/share/perl5/core_perl/Unicode/Collate/Locale/et.pl
  /usr/share/perl5/core_perl/Unicode/Collate/Locale/fa.pl
  /usr/share/perl5/core_perl/Unicode/Collate/Locale/fi.pl
  /usr/share/perl5/core_perl/Unicode/Collate/Locale/fil.pl
  /usr/share/perl5/core_perl/Unicode/Collate/Locale/fi_phone.pl
  /usr/share/perl5/core_perl/Unicode/Collate/Locale/fo.pl
  /usr/share/perl5/core_perl/Unicode/Collate/Locale/fr_ca.pl
  /usr/share/perl5/core_perl/Unicode/Collate/Locale/gu.pl
  /usr/share/perl5/core_perl/Unicode/Collate/Locale/ha.pl
  /usr/share/perl5/core_perl/Unicode/Collate/Locale/haw.pl
  /usr/share/perl5/core_perl/Unicode/Collate/Locale/he.pl
  /usr/share/perl5/core_perl/Unicode/Collate/Locale/hi.pl
  /usr/share/perl5/core_perl/Unicode/Collate/Locale/hr.pl
  /usr/share/perl5/core_perl/Unicode/Collate/Locale/hu.pl
  /usr/share/perl5/core_perl/Unicode/Collate/Locale/hy.pl
  /usr/share/perl5/core_perl/Unicode/Collate/Locale/ig.pl
  /usr/share/perl5/core_perl/Unicode/Collate/Locale/is.pl
  /usr/share/perl5/core_perl/Unicode/Collate/Locale/ja.pl
  /usr/share/perl5/core_perl/Unicode/Collate/Locale/kk.pl
  /usr/share/perl5/core_perl/Unicode/Collate/Locale/kl.pl
  /usr/share/perl5/core_perl/Unicode/Collate/Locale/kn.pl
  /usr/share/perl5/core_perl/Unicode/Collate/Locale/ko.pl
  /usr/share/perl5/core_perl/Unicode/Collate/Locale/kok.pl
  /usr/share/perl5/core_perl/Unicode/Collate/Locale/lkt.pl
  /usr/share/perl5/core_perl/Unicode/Collate/Locale/ln.pl
  /usr/share/perl5/core_perl/Unicode/Collate/Locale/lt.pl
  /usr/share/perl5/core_perl/Unicode/Collate/Locale/lv.pl
  /usr/share/perl5/core_perl/Unicode/Collate/Locale/mk.pl
  /usr/share/perl5/core_perl/Unicode/Collate/Locale/ml.pl
  /usr/share/perl5/core_perl/Unicode/Collate/Locale/mr.pl
  /usr/share/perl5/core_perl/Unicode/Collate/Locale/mt.pl
  /usr/share/perl5/core_perl/Unicode/Collate/Locale/nb.pl
  /usr/share/perl5/core_perl/Unicode/Collate/Locale/nn.pl
  /usr/share/perl5/core_perl/Unicode/Collate/Locale/nso.pl
  /usr/share/perl5/core_perl/Unicode/Collate/Locale/om.pl
  /usr/share/perl5/core_perl/Unicode/Collate/Locale/or.pl
  /usr/share/perl5/core_perl/Unicode/Collate/Locale/pa.pl
  /usr/share/perl5/core_perl/Unicode/Collate/Locale/pl.pl
  /usr/share/perl5/core_perl/Unicode/Collate/Locale/ro.pl
  /usr/share/perl5/core_perl/Unicode/Collate/Locale/sa.pl
  /usr/share/perl5/core_perl/Unicode/Collate/Locale/se.pl
  /usr/share/perl5/core_perl/Unicode/Collate/Locale/si.pl
  /usr/share/perl5/core_perl/Unicode/Collate/Locale/si_dict.pl
  /usr/share/perl5/core_perl/Unicode/Collate/Locale/sk.pl
  /usr/share/perl5/core_perl/Unicode/Collate/Locale/sl.pl
  /usr/share/perl5/core_perl/Unicode/Collate/Locale/sq.pl
  /usr/share/perl5/core_perl/Unicode/Collate/Locale/sr.pl
  /usr/share/perl5/core_perl/Unicode/Collate/Locale/sv.pl
  /usr/share/perl5/core_perl/Unicode/Collate/Locale/sv_refo.pl
  /usr/share/perl5/core_perl/Unicode/Collate/Locale/ta.pl
  /usr/share/perl5/core_perl/Unicode/Collate/Locale/te.pl
  /usr/share/perl5/core_perl/Unicode/Collate/Locale/th.pl
  /usr/share/perl5/core_perl/Unicode/Collate/Locale/tn.pl
  /usr/share/perl5/core_perl/Unicode/Collate/Locale/to.pl
  /usr/share/perl5/core_perl/Unicode/Collate/Locale/tr.pl
  /usr/share/perl5/core_perl/Unicode/Collate/Locale/ug_cyrl.pl
  /usr/share/perl5/core_perl/Unicode/Collate/Locale/uk.pl
  /usr/share/perl5/core_perl/Unicode/Collate/Locale/ur.pl
  /usr/share/perl5/core_perl/Unicode/Collate/Locale/vi.pl
  /usr/share/perl5/core_perl/Unicode/Collate/Locale/vo.pl
  /usr/share/perl5/core_perl/Unicode/Collate/Locale/wae.pl
  /usr/share/perl5/core_perl/Unicode/Collate/Locale/wo.pl
  /usr/share/perl5/core_perl/Unicode/Collate/Locale/yo.pl
  /usr/share/perl5/core_perl/Unicode/Collate/Locale/zh.pl
  /usr/share/perl5/core_perl/Unicode/Collate/Locale/zh_big5.pl
  /usr/share/perl5/core_perl/Unicode/Collate/Locale/zh_gb.pl
  /usr/share/perl5/core_perl/Unicode/Collate/Locale/zh_pin.pl
  /usr/share/perl5/core_perl/Unicode/Collate/Locale/zh_strk.pl
  /usr/share/perl5/core_perl/Unicode/Collate/Locale/zh_zhu.pl
  /usr/share/perl5/core_perl/unicore/Blocks.txt
  /usr/share/perl5/core_perl/unicore/CombiningClass.pl
  /usr/share/perl5/core_perl/unicore/Decomposition.pl
  /usr/share/perl5/core_perl/unicore/Name.pl
  /usr/share/perl5/core_perl/unicore/Name.pm
  /usr/share/perl5/core_perl/unicore/NamedSequences.txt
  /usr/share/perl5/core_perl/unicore/SpecialCasing.txt
  /usr/share/perl5/core_perl/unicore/TestNorm.pl
  /usr/share/perl5/core_perl/unicore/UCD.pl
  /usr/share/perl5/core_perl/unicore/uni_keywords.pl
  /usr/share/perl5/core_perl/unicore/version
  /usr/share/perl5/core_perl/unicore/lib/Age/NA.pl
  /usr/share/perl5/core_perl/unicore/lib/Age/V100.pl
  /usr/share/perl5/core_perl/unicore/lib/Age/V11.pl
  /usr/share/perl5/core_perl/unicore/lib/Age/V110.pl
  /usr/share/perl5/core_perl/unicore/lib/Age/V120.pl
  /usr/share/perl5/core_perl/unicore/lib/Age/V130.pl
  /usr/share/perl5/core_perl/unicore/lib/Age/V140.pl
  /usr/share/perl5/core_perl/unicore/lib/Age/V150.pl
  /usr/share/perl5/core_perl/unicore/lib/Age/V20.pl
  /usr/share/perl5/core_perl/unicore/lib/Age/V30.pl
  /usr/share/perl5/core_perl/unicore/lib/Age/V31.pl
  /usr/share/perl5/core_perl/unicore/lib/Age/V32.pl
  /usr/share/perl5/core_perl/unicore/lib/Age/V40.pl
  /usr/share/perl5/core_perl/unicore/lib/Age/V41.pl
  /usr/share/perl5/core_perl/unicore/lib/Age/V50.pl
  /usr/share/perl5/core_perl/unicore/lib/Age/V51.pl
  /usr/share/perl5/core_perl/unicore/lib/Age/V52.pl
  /usr/share/perl5/core_perl/unicore/lib/Age/V60.pl
  /usr/share/perl5/core_perl/unicore/lib/Age/V61.pl
  /usr/share/perl5/core_perl/unicore/lib/Age/V70.pl
  /usr/share/perl5/core_perl/unicore/lib/Age/V80.pl
  /usr/share/perl5/core_perl/unicore/lib/Age/V90.pl
  /usr/share/perl5/core_perl/unicore/lib/Alpha/Y.pl
  /usr/share/perl5/core_perl/unicore/lib/Bc/AL.pl
  /usr/share/perl5/core_perl/unicore/lib/Bc/AN.pl
  /usr/share/perl5/core_perl/unicore/lib/Bc/B.pl
  /usr/share/perl5/core_perl/unicore/lib/Bc/BN.pl
  /usr/share/perl5/core_perl/unicore/lib/Bc/CS.pl
  /usr/share/perl5/core_perl/unicore/lib/Bc/EN.pl
  /usr/share/perl5/core_perl/unicore/lib/Bc/ES.pl
  /usr/share/perl5/core_perl/unicore/lib/Bc/ET.pl
  /usr/share/perl5/core_perl/unicore/lib/Bc/L.pl
  /usr/share/perl5/core_perl/unicore/lib/Bc/NSM.pl
  /usr/share/perl5/core_perl/unicore/lib/Bc/ON.pl
  /usr/share/perl5/core_perl/unicore/lib/Bc/R.pl
  /usr/share/perl5/core_perl/unicore/lib/Bc/WS.pl
  /usr/share/perl5/core_perl/unicore/lib/BidiC/Y.pl
  /usr/share/perl5/core_perl/unicore/lib/BidiM/Y.pl
  /usr/share/perl5/core_perl/unicore/lib/Blk/NB.pl
  /usr/share/perl5/core_perl/unicore/lib/Bpt/C.pl
  /usr/share/perl5/core_perl/unicore/lib/Bpt/N.pl
  /usr/share/perl5/core_perl/unicore/lib/Bpt/O.pl
  /usr/share/perl5/core_perl/unicore/lib/Cased/Y.pl
  /usr/share/perl5/core_perl/unicore/lib/Ccc/A.pl
  /usr/share/perl5/core_perl/unicore/lib/Ccc/AL.pl
  /usr/share/perl5/core_perl/unicore/lib/Ccc/AR.pl
  /usr/share/perl5/core_perl/unicore/lib/Ccc/ATAR.pl
  /usr/share/perl5/core_perl/unicore/lib/Ccc/B.pl
  /usr/share/perl5/core_perl/unicore/lib/Ccc/BR.pl
  /usr/share/perl5/core_perl/unicore/lib/Ccc/DB.pl
  /usr/share/perl5/core_perl/unicore/lib/Ccc/NK.pl
  /usr/share/perl5/core_perl/unicore/lib/Ccc/NR.pl
  /usr/share/perl5/core_perl/unicore/lib/Ccc/OV.pl
  /usr/share/perl5/core_perl/unicore/lib/Ccc/VR.pl
  /usr/share/perl5/core_perl/unicore/lib/CE/Y.pl
  /usr/share/perl5/core_perl/unicore/lib/CI/Y.pl
  /usr/share/perl5/core_perl/unicore/lib/CompEx/Y.pl
  /usr/share/perl5/core_perl/unicore/lib/CWCF/Y.pl
  /usr/share/perl5/core_perl/unicore/lib/CWCM/Y.pl
  /usr/share/perl5/core_perl/unicore/lib/CWKCF/Y.pl
  /usr/share/perl5/core_perl/unicore/lib/CWL/Y.pl
  /usr/share/perl5/core_perl/unicore/lib/CWT/Y.pl
  /usr/share/perl5/core_perl/unicore/lib/CWU/Y.pl
  /usr/share/perl5/core_perl/unicore/lib/Dash/Y.pl
  /usr/share/perl5/core_perl/unicore/lib/Dep/Y.pl
  /usr/share/perl5/core_perl/unicore/lib/DI/Y.pl
  /usr/share/perl5/core_perl/unicore/lib/Dia/Y.pl
  /usr/share/perl5/core_perl/unicore/lib/Dt/Com.pl
  /usr/share/perl5/core_perl/unicore/lib/Dt/Enc.pl
  /usr/share/perl5/core_perl/unicore/lib/Dt/Fin.pl
  /usr/share/perl5/core_perl/unicore/lib/Dt/Font.pl
  /usr/share/perl5/core_perl/unicore/lib/Dt/Init.pl
  /usr/share/perl5/core_perl/unicore/lib/Dt/Iso.pl
  /usr/share/perl5/core_perl/unicore/lib/Dt/Med.pl
  /usr/share/perl5/core_perl/unicore/lib/Dt/Nar.pl
  /usr/share/perl5/core_perl/unicore/lib/Dt/Nb.pl
  /usr/share/perl5/core_perl/unicore/lib/Dt/NonCanon.pl
  /usr/share/perl5/core_perl/unicore/lib/Dt/Sqr.pl
  /usr/share/perl5/core_perl/unicore/lib/Dt/Sub.pl
  /usr/share/perl5/core_perl/unicore/lib/Dt/Sup.pl
  /usr/share/perl5/core_perl/unicore/lib/Dt/Vert.pl
  /usr/share/perl5/core_perl/unicore/lib/Ea/A.pl
  /usr/share/perl5/core_perl/unicore/lib/Ea/H.pl
  /usr/share/perl5/core_perl/unicore/lib/Ea/N.pl
  /usr/share/perl5/core_perl/unicore/lib/Ea/Na.pl
  /usr/share/perl5/core_perl/unicore/lib/Ea/W.pl
  /usr/share/perl5/core_perl/unicore/lib/EBase/Y.pl
  /usr/share/perl5/core_perl/unicore/lib/EComp/Y.pl
  /usr/share/perl5/core_perl/unicore/lib/Emoji/Y.pl
  /usr/share/perl5/core_perl/unicore/lib/EPres/Y.pl
  /usr/share/perl5/core_perl/unicore/lib/Ext/Y.pl
  /usr/share/perl5/core_perl/unicore/lib/ExtPict/Y.pl
  /usr/share/perl5/core_perl/unicore/lib/Gc/C.pl
  /usr/share/perl5/core_perl/unicore/lib/Gc/Cf.pl
  /usr/share/perl5/core_perl/unicore/lib/Gc/Cn.pl
  /usr/share/perl5/core_perl/unicore/lib/Gc/L.pl
  /usr/share/perl5/core_perl/unicore/lib/Gc/LC.pl
  /usr/share/perl5/core_perl/unicore/lib/Gc/Ll.pl
  /usr/share/perl5/core_perl/unicore/lib/Gc/Lm.pl
  /usr/share/perl5/core_perl/unicore/lib/Gc/Lo.pl
  /usr/share/perl5/core_perl/unicore/lib/Gc/Lu.pl
  /usr/share/perl5/core_perl/unicore/lib/Gc/M.pl
  /usr/share/perl5/core_perl/unicore/lib/Gc/Mc.pl
  /usr/share/perl5/core_perl/unicore/lib/Gc/Me.pl
  /usr/share/perl5/core_perl/unicore/lib/Gc/Mn.pl
  /usr/share/perl5/core_perl/unicore/lib/Gc/N.pl
  /usr/share/perl5/core_perl/unicore/lib/Gc/Nd.pl
  /usr/share/perl5/core_perl/unicore/lib/Gc/Nl.pl
  /usr/share/perl5/core_perl/unicore/lib/Gc/No.pl
  /usr/share/perl5/core_perl/unicore/lib/Gc/P.pl
  /usr/share/perl5/core_perl/unicore/lib/Gc/Pc.pl
  /usr/share/perl5/core_perl/unicore/lib/Gc/Pd.pl
  /usr/share/perl5/core_perl/unicore/lib/Gc/Pe.pl
  /usr/share/perl5/core_perl/unicore/lib/Gc/Pf.pl
  /usr/share/perl5/core_perl/unicore/lib/Gc/Pi.pl
  /usr/share/perl5/core_perl/unicore/lib/Gc/Po.pl
  /usr/share/perl5/core_perl/unicore/lib/Gc/Ps.pl
  /usr/share/perl5/core_perl/unicore/lib/Gc/S.pl
  /usr/share/perl5/core_perl/unicore/lib/Gc/Sc.pl
  /usr/share/perl5/core_perl/unicore/lib/Gc/Sk.pl
  /usr/share/perl5/core_perl/unicore/lib/Gc/Sm.pl
  /usr/share/perl5/core_perl/unicore/lib/Gc/So.pl
  /usr/share/perl5/core_perl/unicore/lib/Gc/Z.pl
  /usr/share/perl5/core_perl/unicore/lib/Gc/Zs.pl
  /usr/share/perl5/core_perl/unicore/lib/GCB/CN.pl
  /usr/share/perl5/core_perl/unicore/lib/GCB/EX.pl
  /usr/share/perl5/core_perl/unicore/lib/GCB/LV.pl
  /usr/share/perl5/core_perl/unicore/lib/GCB/LVT.pl
  /usr/share/perl5/core_perl/unicore/lib/GCB/PP.pl
  /usr/share/perl5/core_perl/unicore/lib/GCB/SM.pl
  /usr/share/perl5/core_perl/unicore/lib/GCB/XX.pl
  /usr/share/perl5/core_perl/unicore/lib/GrBase/Y.pl
  /usr/share/perl5/core_perl/unicore/lib/GrExt/Y.pl
  /usr/share/perl5/core_perl/unicore/lib/Hex/Y.pl
  /usr/share/perl5/core_perl/unicore/lib/Hst/NA.pl
  /usr/share/perl5/core_perl/unicore/lib/Hyphen/T.pl
  /usr/share/perl5/core_perl/unicore/lib/IDC/Y.pl
  /usr/share/perl5/core_perl/unicore/lib/Ideo/Y.pl
  /usr/share/perl5/core_perl/unicore/lib/IDS/Y.pl
  /usr/share/perl5/core_perl/unicore/lib/IdStatus/Allowed.pl
  /usr/share/perl5/core_perl/unicore/lib/IdStatus/Restrict.pl
  /usr/share/perl5/core_perl/unicore/lib/IdType/DefaultI.pl
  /usr/share/perl5/core_perl/unicore/lib/IdType/Exclusio.pl
  /usr/share/perl5/core_perl/unicore/lib/IdType/Inclusio.pl
  /usr/share/perl5/core_perl/unicore/lib/IdType/LimitedU.pl
  /usr/share/perl5/core_perl/unicore/lib/IdType/NotChara.pl
  /usr/share/perl5/core_perl/unicore/lib/IdType/NotNFKC.pl
  /usr/share/perl5/core_perl/unicore/lib/IdType/NotXID.pl
  /usr/share/perl5/core_perl/unicore/lib/IdType/Obsolete.pl
  /usr/share/perl5/core_perl/unicore/lib/IdType/Recommen.pl
  /usr/share/perl5/core_perl/unicore/lib/IdType/Technica.pl
  /usr/share/perl5/core_perl/unicore/lib/IdType/Uncommon.pl
  /usr/share/perl5/core_perl/unicore/lib/In/10_0.pl
  /usr/share/perl5/core_perl/unicore/lib/In/11_0.pl
  /usr/share/perl5/core_perl/unicore/lib/In/12_0.pl
  /usr/share/perl5/core_perl/unicore/lib/In/12_1.pl
  /usr/share/perl5/core_perl/unicore/lib/In/13_0.pl
  /usr/share/perl5/core_perl/unicore/lib/In/14_0.pl
  /usr/share/perl5/core_perl/unicore/lib/In/15_0.pl
  /usr/share/perl5/core_perl/unicore/lib/In/2_0.pl
  /usr/share/perl5/core_perl/unicore/lib/In/2_1.pl
  /usr/share/perl5/core_perl/unicore/lib/In/3_0.pl
  /usr/share/perl5/core_perl/unicore/lib/In/3_1.pl
  /usr/share/perl5/core_perl/unicore/lib/In/3_2.pl
  /usr/share/perl5/core_perl/unicore/lib/In/4_0.pl
  /usr/share/perl5/core_perl/unicore/lib/In/4_1.pl
  /usr/share/perl5/core_perl/unicore/lib/In/5_0.pl
  /usr/share/perl5/core_perl/unicore/lib/In/5_1.pl
  /usr/share/perl5/core_perl/unicore/lib/In/5_2.pl
  /usr/share/perl5/core_perl/unicore/lib/In/6_0.pl
  /usr/share/perl5/core_perl/unicore/lib/In/6_1.pl
  /usr/share/perl5/core_perl/unicore/lib/In/6_2.pl
  /usr/share/perl5/core_perl/unicore/lib/In/6_3.pl
  /usr/share/perl5/core_perl/unicore/lib/In/7_0.pl
  /usr/share/perl5/core_perl/unicore/lib/In/8_0.pl
  /usr/share/perl5/core_perl/unicore/lib/In/9_0.pl
  /usr/share/perl5/core_perl/unicore/lib/InPC/Bottom.pl
  /usr/share/perl5/core_perl/unicore/lib/InPC/BottomAn.pl
  /usr/share/perl5/core_perl/unicore/lib/InPC/Left.pl
  /usr/share/perl5/core_perl/unicore/lib/InPC/LeftAndR.pl
  /usr/share/perl5/core_perl/unicore/lib/InPC/NA.pl
  /usr/share/perl5/core_perl/unicore/lib/InPC/Overstru.pl
  /usr/share/perl5/core_perl/unicore/lib/InPC/Right.pl
  /usr/share/perl5/core_perl/unicore/lib/InPC/Top.pl
  /usr/share/perl5/core_perl/unicore/lib/InPC/TopAndBo.pl
  /usr/share/perl5/core_perl/unicore/lib/InPC/TopAndL2.pl
  /usr/share/perl5/core_perl/unicore/lib/InPC/TopAndLe.pl
  /usr/share/perl5/core_perl/unicore/lib/InPC/TopAndRi.pl
  /usr/share/perl5/core_perl/unicore/lib/InPC/VisualOr.pl
  /usr/share/perl5/core_perl/unicore/lib/InSC/Avagraha.pl
  /usr/share/perl5/core_perl/unicore/lib/InSC/Bindu.pl
  /usr/share/perl5/core_perl/unicore/lib/InSC/Cantilla.pl
  /usr/share/perl5/core_perl/unicore/lib/InSC/Consona2.pl
  /usr/share/perl5/core_perl/unicore/lib/InSC/Consona3.pl
  /usr/share/perl5/core_perl/unicore/lib/InSC/Consona4.pl
  /usr/share/perl5/core_perl/unicore/lib/InSC/Consona5.pl
  /usr/share/perl5/core_perl/unicore/lib/InSC/Consona6.pl
  /usr/share/perl5/core_perl/unicore/lib/InSC/Consona7.pl
  /usr/share/perl5/core_perl/unicore/lib/InSC/Consona8.pl
  /usr/share/perl5/core_perl/unicore/lib/InSC/Consona9.pl
  /usr/share/perl5/core_perl/unicore/lib/InSC/Consonan.pl
  /usr/share/perl5/core_perl/unicore/lib/InSC/Geminati.pl
  /usr/share/perl5/core_perl/unicore/lib/InSC/Invisibl.pl
  /usr/share/perl5/core_perl/unicore/lib/InSC/Nukta.pl
  /usr/share/perl5/core_perl/unicore/lib/InSC/Number.pl
  /usr/share/perl5/core_perl/unicore/lib/InSC/Other.pl
  /usr/share/perl5/core_perl/unicore/lib/InSC/PureKill.pl
  /usr/share/perl5/core_perl/unicore/lib/InSC/Syllable.pl
  /usr/share/perl5/core_perl/unicore/lib/InSC/ToneMark.pl
  /usr/share/perl5/core_perl/unicore/lib/InSC/Virama.pl
  /usr/share/perl5/core_perl/unicore/lib/InSC/Visarga.pl
  /usr/share/perl5/core_perl/unicore/lib/InSC/Vowel.pl
  /usr/share/perl5/core_perl/unicore/lib/InSC/VowelDep.pl
  /usr/share/perl5/core_perl/unicore/lib/InSC/VowelInd.pl
  /usr/share/perl5/core_perl/unicore/lib/Jg/Ain.pl
  /usr/share/perl5/core_perl/unicore/lib/Jg/Alef.pl
  /usr/share/perl5/core_perl/unicore/lib/Jg/Beh.pl
  /usr/share/perl5/core_perl/unicore/lib/Jg/Dal.pl
  /usr/share/perl5/core_perl/unicore/lib/Jg/FarsiYeh.pl
  /usr/share/perl5/core_perl/unicore/lib/Jg/Feh.pl
  /usr/share/perl5/core_perl/unicore/lib/Jg/Gaf.pl
  /usr/share/perl5/core_perl/unicore/lib/Jg/Hah.pl
  /usr/share/perl5/core_perl/unicore/lib/Jg/HanifiRo.pl
  /usr/share/perl5/core_perl/unicore/lib/Jg/Kaf.pl
  /usr/share/perl5/core_perl/unicore/lib/Jg/Lam.pl
  /usr/share/perl5/core_perl/unicore/lib/Jg/NoJoinin.pl
  /usr/share/perl5/core_perl/unicore/lib/Jg/Noon.pl
  /usr/share/perl5/core_perl/unicore/lib/Jg/Qaf.pl
  /usr/share/perl5/core_perl/unicore/lib/Jg/Reh.pl
  /usr/share/perl5/core_perl/unicore/lib/Jg/Sad.pl
  /usr/share/perl5/core_perl/unicore/lib/Jg/Seen.pl
  /usr/share/perl5/core_perl/unicore/lib/Jg/Tah.pl
  /usr/share/perl5/core_perl/unicore/lib/Jg/Waw.pl
  /usr/share/perl5/core_perl/unicore/lib/Jg/Yeh.pl
  /usr/share/perl5/core_perl/unicore/lib/Jt/C.pl
  /usr/share/perl5/core_perl/unicore/lib/Jt/D.pl
  /usr/share/perl5/core_perl/unicore/lib/Jt/L.pl
  /usr/share/perl5/core_perl/unicore/lib/Jt/R.pl
  /usr/share/perl5/core_perl/unicore/lib/Jt/T.pl
  /usr/share/perl5/core_perl/unicore/lib/Jt/U.pl
  /usr/share/perl5/core_perl/unicore/lib/Lb/AI.pl
  /usr/share/perl5/core_perl/unicore/lib/Lb/AL.pl
  /usr/share/perl5/core_perl/unicore/lib/Lb/BA.pl
  /usr/share/perl5/core_perl/unicore/lib/Lb/BB.pl
  /usr/share/perl5/core_perl/unicore/lib/Lb/CJ.pl
  /usr/share/perl5/core_perl/unicore/lib/Lb/CL.pl
  /usr/share/perl5/core_perl/unicore/lib/Lb/CM.pl
  /usr/share/perl5/core_perl/unicore/lib/Lb/EX.pl
  /usr/share/perl5/core_perl/unicore/lib/Lb/GL.pl
  /usr/share/perl5/core_perl/unicore/lib/Lb/ID.pl
  /usr/share/perl5/core_perl/unicore/lib/Lb/IN.pl
  /usr/share/perl5/core_perl/unicore/lib/Lb/IS.pl
  /usr/share/perl5/core_perl/unicore/lib/Lb/NS.pl
  /usr/share/perl5/core_perl/unicore/lib/Lb/NU.pl
  /usr/share/perl5/core_perl/unicore/lib/Lb/OP.pl
  /usr/share/perl5/core_perl/unicore/lib/Lb/PO.pl
  /usr/share/perl5/core_perl/unicore/lib/Lb/PR.pl
  /usr/share/perl5/core_perl/unicore/lib/Lb/QU.pl
  /usr/share/perl5/core_perl/unicore/lib/Lb/SA.pl
  /usr/share/perl5/core_perl/unicore/lib/Lb/XX.pl
  /usr/share/perl5/core_perl/unicore/lib/Lower/Y.pl
  /usr/share/perl5/core_perl/unicore/lib/Math/Y.pl
  /usr/share/perl5/core_perl/unicore/lib/NFCQC/M.pl
  /usr/share/perl5/core_perl/unicore/lib/NFCQC/Y.pl
  /usr/share/perl5/core_perl/unicore/lib/NFDQC/N.pl
  /usr/share/perl5/core_perl/unicore/lib/NFDQC/Y.pl
  /usr/share/perl5/core_perl/unicore/lib/NFKCQC/N.pl
  /usr/share/perl5/core_perl/unicore/lib/NFKCQC/Y.pl
  /usr/share/perl5/core_perl/unicore/lib/NFKDQC/N.pl
  /usr/share/perl5/core_perl/unicore/lib/NFKDQC/Y.pl
  /usr/share/perl5/core_perl/unicore/lib/Nt/Di.pl
  /usr/share/perl5/core_perl/unicore/lib/Nt/None.pl
  /usr/share/perl5/core_perl/unicore/lib/Nt/Nu.pl
  /usr/share/perl5/core_perl/unicore/lib/Nv/0.pl
  /usr/share/perl5/core_perl/unicore/lib/Nv/1.pl
  /usr/share/perl5/core_perl/unicore/lib/Nv/10.pl
  /usr/share/perl5/core_perl/unicore/lib/Nv/100.pl
  /usr/share/perl5/core_perl/unicore/lib/Nv/1000.pl
  /usr/share/perl5/core_perl/unicore/lib/Nv/10000.pl
  /usr/share/perl5/core_perl/unicore/lib/Nv/100000.pl
  /usr/share/perl5/core_perl/unicore/lib/Nv/11.pl
  /usr/share/perl5/core_perl/unicore/lib/Nv/12.pl
  /usr/share/perl5/core_perl/unicore/lib/Nv/13.pl
  /usr/share/perl5/core_perl/unicore/lib/Nv/14.pl
  /usr/share/perl5/core_perl/unicore/lib/Nv/15.pl
  /usr/share/perl5/core_perl/unicore/lib/Nv/16.pl
  /usr/share/perl5/core_perl/unicore/lib/Nv/17.pl
  /usr/share/perl5/core_perl/unicore/lib/Nv/18.pl
  /usr/share/perl5/core_perl/unicore/lib/Nv/19.pl
  /usr/share/perl5/core_perl/unicore/lib/Nv/1_16.pl
  /usr/share/perl5/core_perl/unicore/lib/Nv/1_2.pl
  /usr/share/perl5/core_perl/unicore/lib/Nv/1_3.pl
  /usr/share/perl5/core_perl/unicore/lib/Nv/1_4.pl
  /usr/share/perl5/core_perl/unicore/lib/Nv/1_6.pl
  /usr/share/perl5/core_perl/unicore/lib/Nv/1_8.pl
  /usr/share/perl5/core_perl/unicore/lib/Nv/2.pl
  /usr/share/perl5/core_perl/unicore/lib/Nv/20.pl
  /usr/share/perl5/core_perl/unicore/lib/Nv/200.pl
  /usr/share/perl5/core_perl/unicore/lib/Nv/2000.pl
  /usr/share/perl5/core_perl/unicore/lib/Nv/20000.pl
  /usr/share/perl5/core_perl/unicore/lib/Nv/2_3.pl
  /usr/share/perl5/core_perl/unicore/lib/Nv/3.pl
  /usr/share/perl5/core_perl/unicore/lib/Nv/30.pl
  /usr/share/perl5/core_perl/unicore/lib/Nv/300.pl
  /usr/share/perl5/core_perl/unicore/lib/Nv/3000.pl
  /usr/share/perl5/core_perl/unicore/lib/Nv/30000.pl
  /usr/share/perl5/core_perl/unicore/lib/Nv/3_16.pl
  /usr/share/perl5/core_perl/unicore/lib/Nv/3_4.pl
  /usr/share/perl5/core_perl/unicore/lib/Nv/4.pl
  /usr/share/perl5/core_perl/unicore/lib/Nv/40.pl
  /usr/share/perl5/core_perl/unicore/lib/Nv/400.pl
  /usr/share/perl5/core_perl/unicore/lib/Nv/4000.pl
  /usr/share/perl5/core_perl/unicore/lib/Nv/40000.pl
  /usr/share/perl5/core_perl/unicore/lib/Nv/5.pl
  /usr/share/perl5/core_perl/unicore/lib/Nv/50.pl
  /usr/share/perl5/core_perl/unicore/lib/Nv/500.pl
  /usr/share/perl5/core_perl/unicore/lib/Nv/5000.pl
  /usr/share/perl5/core_perl/unicore/lib/Nv/50000.pl
  /usr/share/perl5/core_perl/unicore/lib/Nv/6.pl
  /usr/share/perl5/core_perl/unicore/lib/Nv/60.pl
  /usr/share/perl5/core_perl/unicore/lib/Nv/600.pl
  /usr/share/perl5/core_perl/unicore/lib/Nv/6000.pl
  /usr/share/perl5/core_perl/unicore/lib/Nv/60000.pl
  /usr/share/perl5/core_perl/unicore/lib/Nv/7.pl
  /usr/share/perl5/core_perl/unicore/lib/Nv/70.pl
  /usr/share/perl5/core_perl/unicore/lib/Nv/700.pl
  /usr/share/perl5/core_perl/unicore/lib/Nv/7000.pl
  /usr/share/perl5/core_perl/unicore/lib/Nv/70000.pl
  /usr/share/perl5/core_perl/unicore/lib/Nv/8.pl
  /usr/share/perl5/core_perl/unicore/lib/Nv/80.pl
  /usr/share/perl5/core_perl/unicore/lib/Nv/800.pl
  /usr/share/perl5/core_perl/unicore/lib/Nv/8000.pl
  /usr/share/perl5/core_perl/unicore/lib/Nv/80000.pl
  /usr/share/perl5/core_perl/unicore/lib/Nv/9.pl
  /usr/share/perl5/core_perl/unicore/lib/Nv/90.pl
  /usr/share/perl5/core_perl/unicore/lib/Nv/900.pl
  /usr/share/perl5/core_perl/unicore/lib/Nv/9000.pl
  /usr/share/perl5/core_perl/unicore/lib/Nv/90000.pl
  /usr/share/perl5/core_perl/unicore/lib/PatSyn/Y.pl
  /usr/share/perl5/core_perl/unicore/lib/PCM/Y.pl
  /usr/share/perl5/core_perl/unicore/lib/Perl/Alnum.pl
  /usr/share/perl5/core_perl/unicore/lib/Perl/Assigned.pl
  /usr/share/perl5/core_perl/unicore/lib/Perl/Blank.pl
  /usr/share/perl5/core_perl/unicore/lib/Perl/Graph.pl
  /usr/share/perl5/core_perl/unicore/lib/Perl/PerlWord.pl
  /usr/share/perl5/core_perl/unicore/lib/Perl/PosixPun.pl
  /usr/share/perl5/core_perl/unicore/lib/Perl/Print.pl
  /usr/share/perl5/core_perl/unicore/lib/Perl/SpacePer.pl
  /usr/share/perl5/core_perl/unicore/lib/Perl/Title.pl
  /usr/share/perl5/core_perl/unicore/lib/Perl/Word.pl
  /usr/share/perl5/core_perl/unicore/lib/Perl/XPosixPu.pl
  /usr/share/perl5/core_perl/unicore/lib/Perl/_PerlAny.pl
  /usr/share/perl5/core_perl/unicore/lib/Perl/_PerlCh2.pl
  /usr/share/perl5/core_perl/unicore/lib/Perl/_PerlCha.pl
  /usr/share/perl5/core_perl/unicore/lib/Perl/_PerlFol.pl
  /usr/share/perl5/core_perl/unicore/lib/Perl/_PerlIDC.pl
  /usr/share/perl5/core_perl/unicore/lib/Perl/_PerlIDS.pl
  /usr/share/perl5/core_perl/unicore/lib/Perl/_PerlIsI.pl
  /usr/share/perl5/core_perl/unicore/lib/Perl/_PerlNch.pl
  /usr/share/perl5/core_perl/unicore/lib/Perl/_PerlPat.pl
  /usr/share/perl5/core_perl/unicore/lib/Perl/_PerlPr2.pl
  /usr/share/perl5/core_perl/unicore/lib/Perl/_PerlPro.pl
  /usr/share/perl5/core_perl/unicore/lib/Perl/_PerlQuo.pl
  /usr/share/perl5/core_perl/unicore/lib/QMark/Y.pl
  /usr/share/perl5/core_perl/unicore/lib/SB/AT.pl
  /usr/share/perl5/core_perl/unicore/lib/SB/CL.pl
  /usr/share/perl5/core_perl/unicore/lib/SB/EX.pl
  /usr/share/perl5/core_perl/unicore/lib/SB/FO.pl
  /usr/share/perl5/core_perl/unicore/lib/SB/LE.pl
  /usr/share/perl5/core_perl/unicore/lib/SB/LO.pl
  /usr/share/perl5/core_perl/unicore/lib/SB/NU.pl
  /usr/share/perl5/core_perl/unicore/lib/SB/SC.pl
  /usr/share/perl5/core_perl/unicore/lib/SB/Sp.pl
  /usr/share/perl5/core_perl/unicore/lib/SB/ST.pl
  /usr/share/perl5/core_perl/unicore/lib/SB/UP.pl
  /usr/share/perl5/core_perl/unicore/lib/SB/XX.pl
  /usr/share/perl5/core_perl/unicore/lib/Sc/Arab.pl
  /usr/share/perl5/core_perl/unicore/lib/Sc/Beng.pl
  /usr/share/perl5/core_perl/unicore/lib/Sc/Cprt.pl
  /usr/share/perl5/core_perl/unicore/lib/Sc/Cyrl.pl
  /usr/share/perl5/core_perl/unicore/lib/Sc/Deva.pl
  /usr/share/perl5/core_perl/unicore/lib/Sc/Dupl.pl
  /usr/share/perl5/core_perl/unicore/lib/Sc/Geor.pl
  /usr/share/perl5/core_perl/unicore/lib/Sc/Glag.pl
  /usr/share/perl5/core_perl/unicore/lib/Sc/Gong.pl
  /usr/share/perl5/core_perl/unicore/lib/Sc/Gonm.pl
  /usr/share/perl5/core_perl/unicore/lib/Sc/Gran.pl
  /usr/share/perl5/core_perl/unicore/lib/Sc/Grek.pl
  /usr/share/perl5/core_perl/unicore/lib/Sc/Gujr.pl
  /usr/share/perl5/core_perl/unicore/lib/Sc/Guru.pl
  /usr/share/perl5/core_perl/unicore/lib/Sc/Han.pl
  /usr/share/perl5/core_perl/unicore/lib/Sc/Hang.pl
  /usr/share/perl5/core_perl/unicore/lib/Sc/Hira.pl
  /usr/share/perl5/core_perl/unicore/lib/Sc/Kana.pl
  /usr/share/perl5/core_perl/unicore/lib/Sc/Knda.pl
  /usr/share/perl5/core_perl/unicore/lib/Sc/Latn.pl
  /usr/share/perl5/core_perl/unicore/lib/Sc/Limb.pl
  /usr/share/perl5/core_perl/unicore/lib/Sc/Linb.pl
  /usr/share/perl5/core_perl/unicore/lib/Sc/Mlym.pl
  /usr/share/perl5/core_perl/unicore/lib/Sc/Mong.pl
  /usr/share/perl5/core_perl/unicore/lib/Sc/Mult.pl
  /usr/share/perl5/core_perl/unicore/lib/Sc/Orya.pl
  /usr/share/perl5/core_perl/unicore/lib/Sc/Sinh.pl
  /usr/share/perl5/core_perl/unicore/lib/Sc/Syrc.pl
  /usr/share/perl5/core_perl/unicore/lib/Sc/Taml.pl
  /usr/share/perl5/core_perl/unicore/lib/Sc/Telu.pl
  /usr/share/perl5/core_perl/unicore/lib/Sc/Zinh.pl
  /usr/share/perl5/core_perl/unicore/lib/Sc/Zyyy.pl
  /usr/share/perl5/core_perl/unicore/lib/Scx/Adlm.pl
  /usr/share/perl5/core_perl/unicore/lib/Scx/Arab.pl
  /usr/share/perl5/core_perl/unicore/lib/Scx/Armn.pl
  /usr/share/perl5/core_perl/unicore/lib/Scx/Beng.pl
  /usr/share/perl5/core_perl/unicore/lib/Scx/Bhks.pl
  /usr/share/perl5/core_perl/unicore/lib/Scx/Bopo.pl
  /usr/share/perl5/core_perl/unicore/lib/Scx/Cakm.pl
  /usr/share/perl5/core_perl/unicore/lib/Scx/Cham.pl
  /usr/share/perl5/core_perl/unicore/lib/Scx/Copt.pl
  /usr/share/perl5/core_perl/unicore/lib/Scx/Cprt.pl
  /usr/share/perl5/core_perl/unicore/lib/Scx/Cyrl.pl
  /usr/share/perl5/core_perl/unicore/lib/Scx/Deva.pl
  /usr/share/perl5/core_perl/unicore/lib/Scx/Diak.pl
  /usr/share/perl5/core_perl/unicore/lib/Scx/Dupl.pl
  /usr/share/perl5/core_perl/unicore/lib/Scx/Ethi.pl
  /usr/share/perl5/core_perl/unicore/lib/Scx/Geor.pl
  /usr/share/perl5/core_perl/unicore/lib/Scx/Glag.pl
  /usr/share/perl5/core_perl/unicore/lib/Scx/Gong.pl
  /usr/share/perl5/core_perl/unicore/lib/Scx/Gonm.pl
  /usr/share/perl5/core_perl/unicore/lib/Scx/Gran.pl
  /usr/share/perl5/core_perl/unicore/lib/Scx/Grek.pl
  /usr/share/perl5/core_perl/unicore/lib/Scx/Gujr.pl
  /usr/share/perl5/core_perl/unicore/lib/Scx/Guru.pl
  /usr/share/perl5/core_perl/unicore/lib/Scx/Han.pl
  /usr/share/perl5/core_perl/unicore/lib/Scx/Hang.pl
  /usr/share/perl5/core_perl/unicore/lib/Scx/Hebr.pl
  /usr/share/perl5/core_perl/unicore/lib/Scx/Hira.pl
  /usr/share/perl5/core_perl/unicore/lib/Scx/Hmng.pl
  /usr/share/perl5/core_perl/unicore/lib/Scx/Hmnp.pl
  /usr/share/perl5/core_perl/unicore/lib/Scx/Kana.pl
  /usr/share/perl5/core_perl/unicore/lib/Scx/Khar.pl
  /usr/share/perl5/core_perl/unicore/lib/Scx/Khmr.pl
  /usr/share/perl5/core_perl/unicore/lib/Scx/Khoj.pl
  /usr/share/perl5/core_perl/unicore/lib/Scx/Knda.pl
  /usr/share/perl5/core_perl/unicore/lib/Scx/Kthi.pl
  /usr/share/perl5/core_perl/unicore/lib/Scx/Lana.pl
  /usr/share/perl5/core_perl/unicore/lib/Scx/Lao.pl
  /usr/share/perl5/core_perl/unicore/lib/Scx/Latn.pl
  /usr/share/perl5/core_perl/unicore/lib/Scx/Limb.pl
  /usr/share/perl5/core_perl/unicore/lib/Scx/Lina.pl
  /usr/share/perl5/core_perl/unicore/lib/Scx/Linb.pl
  /usr/share/perl5/core_perl/unicore/lib/Scx/Mlym.pl
  /usr/share/perl5/core_perl/unicore/lib/Scx/Mong.pl
  /usr/share/perl5/core_perl/unicore/lib/Scx/Mult.pl
  /usr/share/perl5/core_perl/unicore/lib/Scx/Mymr.pl
  /usr/share/perl5/core_perl/unicore/lib/Scx/Nand.pl
  /usr/share/perl5/core_perl/unicore/lib/Scx/Nko.pl
  /usr/share/perl5/core_perl/unicore/lib/Scx/Orya.pl
  /usr/share/perl5/core_perl/unicore/lib/Scx/Phlp.pl
  /usr/share/perl5/core_perl/unicore/lib/Scx/Rohg.pl
  /usr/share/perl5/core_perl/unicore/lib/Scx/Shrd.pl
  /usr/share/perl5/core_perl/unicore/lib/Scx/Sind.pl
  /usr/share/perl5/core_perl/unicore/lib/Scx/Sinh.pl
  /usr/share/perl5/core_perl/unicore/lib/Scx/Syrc.pl
  /usr/share/perl5/core_perl/unicore/lib/Scx/Tagb.pl
  /usr/share/perl5/core_perl/unicore/lib/Scx/Takr.pl
  /usr/share/perl5/core_perl/unicore/lib/Scx/Talu.pl
  /usr/share/perl5/core_perl/unicore/lib/Scx/Taml.pl
  /usr/share/perl5/core_perl/unicore/lib/Scx/Tang.pl
  /usr/share/perl5/core_perl/unicore/lib/Scx/Telu.pl
  /usr/share/perl5/core_perl/unicore/lib/Scx/Thaa.pl
  /usr/share/perl5/core_perl/unicore/lib/Scx/Tibt.pl
  /usr/share/perl5/core_perl/unicore/lib/Scx/Tirh.pl
  /usr/share/perl5/core_perl/unicore/lib/Scx/Vith.pl
  /usr/share/perl5/core_perl/unicore/lib/Scx/Xsux.pl
  /usr/share/perl5/core_perl/unicore/lib/Scx/Yezi.pl
  /usr/share/perl5/core_perl/unicore/lib/Scx/Yi.pl
  /usr/share/perl5/core_perl/unicore/lib/Scx/Zinh.pl
  /usr/share/perl5/core_perl/unicore/lib/Scx/Zyyy.pl
  /usr/share/perl5/core_perl/unicore/lib/Scx/Zzzz.pl
  /usr/share/perl5/core_perl/unicore/lib/SD/Y.pl
  /usr/share/perl5/core_perl/unicore/lib/STerm/Y.pl
  /usr/share/perl5/core_perl/unicore/lib/Term/Y.pl
  /usr/share/perl5/core_perl/unicore/lib/UIdeo/Y.pl
  /usr/share/perl5/core_perl/unicore/lib/Upper/Y.pl
  /usr/share/perl5/core_perl/unicore/lib/Vo/R.pl
  /usr/share/perl5/core_perl/unicore/lib/Vo/Tr.pl
  /usr/share/perl5/core_perl/unicore/lib/Vo/Tu.pl
  /usr/share/perl5/core_perl/unicore/lib/Vo/U.pl
  /usr/share/perl5/core_perl/unicore/lib/VS/Y.pl
  /usr/share/perl5/core_perl/unicore/lib/WB/EX.pl
  /usr/share/perl5/core_perl/unicore/lib/WB/Extend.pl
  /usr/share/perl5/core_perl/unicore/lib/WB/FO.pl
  /usr/share/perl5/core_perl/unicore/lib/WB/HL.pl
  /usr/share/perl5/core_perl/unicore/lib/WB/KA.pl
  /usr/share/perl5/core_perl/unicore/lib/WB/LE.pl
  /usr/share/perl5/core_perl/unicore/lib/WB/MB.pl
  /usr/share/perl5/core_perl/unicore/lib/WB/ML.pl
  /usr/share/perl5/core_perl/unicore/lib/WB/MN.pl
  /usr/share/perl5/core_perl/unicore/lib/WB/NU.pl
  /usr/share/perl5/core_perl/unicore/lib/WB/WSegSpac.pl
  /usr/share/perl5/core_perl/unicore/lib/WB/XX.pl
  /usr/share/perl5/core_perl/unicore/lib/XIDC/Y.pl
  /usr/share/perl5/core_perl/unicore/lib/XIDS/Y.pl
  /usr/share/perl5/core_perl/unicore/To/Age.pl
  /usr/share/perl5/core_perl/unicore/To/Bc.pl
  /usr/share/perl5/core_perl/unicore/To/Bmg.pl
  /usr/share/perl5/core_perl/unicore/To/Bpb.pl
  /usr/share/perl5/core_perl/unicore/To/Bpt.pl
  /usr/share/perl5/core_perl/unicore/To/Cf.pl
  /usr/share/perl5/core_perl/unicore/To/Ea.pl
  /usr/share/perl5/core_perl/unicore/To/EqUIdeo.pl
  /usr/share/perl5/core_perl/unicore/To/Gc.pl
  /usr/share/perl5/core_perl/unicore/To/GCB.pl
  /usr/share/perl5/core_perl/unicore/To/Hst.pl
  /usr/share/perl5/core_perl/unicore/To/Identif2.pl
  /usr/share/perl5/core_perl/unicore/To/Identifi.pl
  /usr/share/perl5/core_perl/unicore/To/InPC.pl
  /usr/share/perl5/core_perl/unicore/To/InSC.pl
  /usr/share/perl5/core_perl/unicore/To/Isc.pl
  /usr/share/perl5/core_perl/unicore/To/Jg.pl
  /usr/share/perl5/core_perl/unicore/To/Jt.pl
  /usr/share/perl5/core_perl/unicore/To/Lb.pl
  /usr/share/perl5/core_perl/unicore/To/Lc.pl
  /usr/share/perl5/core_perl/unicore/To/Na1.pl
  /usr/share/perl5/core_perl/unicore/To/NameAlia.pl
  /usr/share/perl5/core_perl/unicore/To/NFCQC.pl
  /usr/share/perl5/core_perl/unicore/To/NFDQC.pl
  /usr/share/perl5/core_perl/unicore/To/NFKCCF.pl
  /usr/share/perl5/core_perl/unicore/To/NFKCQC.pl
  /usr/share/perl5/core_perl/unicore/To/NFKDQC.pl
  /usr/share/perl5/core_perl/unicore/To/Nt.pl
  /usr/share/perl5/core_perl/unicore/To/Nv.pl
  /usr/share/perl5/core_perl/unicore/To/PerlDeci.pl
  /usr/share/perl5/core_perl/unicore/To/SB.pl
  /usr/share/perl5/core_perl/unicore/To/Sc.pl
  /usr/share/perl5/core_perl/unicore/To/Scx.pl
  /usr/share/perl5/core_perl/unicore/To/Tc.pl
  /usr/share/perl5/core_perl/unicore/To/Uc.pl
  /usr/share/perl5/core_perl/unicore/To/Vo.pl
  /usr/share/perl5/core_perl/unicore/To/WB.pl
  /usr/share/perl5/core_perl/unicore/To/_PerlLB.pl
  /usr/share/perl5/core_perl/unicore/To/_PerlSCX.pl
  /usr/share/perl5/core_perl/User/grent.pm
  /usr/share/perl5/core_perl/User/pwent.pm
  /usr/share/perl5/core_perl/version/Internals.pod
  /usr/share/perl5/core_perl/version/regex.pm
  /usr/share/perl5/core_perl/warnings/register.pm
  /usr/lib/perl5/core_perl/Win32API/File.pm
  /usr/share/perl5/core_perl/Win32API/File/cFile.pc
  /usr/lib/perl5/core_perl/CORE/av.h
  /usr/lib/perl5/core_perl/CORE/bitcount.h
  /usr/lib/perl5/core_perl/CORE/charclass_invlists.h
  /usr/lib/perl5/core_perl/CORE/config.h
  /usr/lib/perl5/core_perl/CORE/cop.h
  /usr/lib/perl5/core_perl/CORE/cv.h
  /usr/lib/perl5/core_perl/CORE/dosish.h
  /usr/lib/perl5/core_perl/CORE/ebcdic_tables.h
  /usr/lib/perl5/core_perl/CORE/embed.h
  /usr/lib/perl5/core_perl/CORE/embedvar.h
  /usr/lib/perl5/core_perl/CORE/EXTERN.h
  /usr/lib/perl5/core_perl/CORE/fakesdio.h
  /usr/lib/perl5/core_perl/CORE/feature.h
  /usr/lib/perl5/core_perl/CORE/form.h
  /usr/lib/perl5/core_perl/CORE/git_version.h
  /usr/lib/perl5/core_perl/CORE/gv.h
  /usr/lib/perl5/core_perl/CORE/handy.h
  /usr/lib/perl5/core_perl/CORE/hv.h
  /usr/lib/perl5/core_perl/CORE/hv_func.h
  /usr/lib/perl5/core_perl/CORE/hv_macro.h
  /usr/lib/perl5/core_perl/CORE/inline.h
  /usr/lib/perl5/core_perl/CORE/INTERN.h
  /usr/lib/perl5/core_perl/CORE/intrpvar.h
  /usr/lib/perl5/core_perl/CORE/invlist_inline.h
  /usr/lib/perl5/core_perl/CORE/iperlsys.h
  /usr/lib/perl5/core_perl/CORE/keywords.h
  /usr/lib/perl5/core_perl/CORE/l1_char_class_tab.h
  /usr/lib/perl5/core_perl/CORE/malloc_ctl.h
  /usr/lib/perl5/core_perl/CORE/metaconfig.h
  /usr/lib/perl5/core_perl/CORE/mg.h
  /usr/lib/perl5/core_perl/CORE/mg_data.h
  /usr/lib/perl5/core_perl/CORE/mg_raw.h
  /usr/lib/perl5/core_perl/CORE/mg_vtable.h
  /usr/lib/perl5/core_perl/CORE/mydtrace.h
  /usr/lib/perl5/core_perl/CORE/nostdio.h
  /usr/lib/perl5/core_perl/CORE/op.h
  /usr/lib/perl5/core_perl/CORE/op_reg_common.h
  /usr/lib/perl5/core_perl/CORE/opcode.h
  /usr/lib/perl5/core_perl/CORE/opnames.h
  /usr/lib/perl5/core_perl/CORE/overload.h
  /usr/lib/perl5/core_perl/CORE/pad.h
  /usr/lib/perl5/core_perl/CORE/parser.h
  /usr/lib/perl5/core_perl/CORE/patchlevel.h
  /usr/lib/perl5/core_perl/CORE/perl.h
  /usr/lib/perl5/core_perl/CORE/perl_inc_macro.h
  /usr/lib/perl5/core_perl/CORE/perl_langinfo.h
  /usr/lib/perl5/core_perl/CORE/perl_siphash.h
  /usr/lib/perl5/core_perl/CORE/perlapi.h
  /usr/lib/perl5/core_perl/CORE/perlio.h
  /usr/lib/perl5/core_perl/CORE/perliol.h
  /usr/lib/perl5/core_perl/CORE/perlsdio.h
  /usr/lib/perl5/core_perl/CORE/perlstatic.h
  /usr/lib/perl5/core_perl/CORE/perlvars.h
  /usr/lib/perl5/core_perl/CORE/perly.h
  /usr/lib/perl5/core_perl/CORE/pp.h
  /usr/lib/perl5/core_perl/CORE/pp_proto.h
  /usr/lib/perl5/core_perl/CORE/proto.h
  /usr/lib/perl5/core_perl/CORE/reentr.h
  /usr/lib/perl5/core_perl/CORE/regcharclass.h
  /usr/lib/perl5/core_perl/CORE/regcomp.h
  /usr/lib/perl5/core_perl/CORE/regcomp_internal.h
  /usr/lib/perl5/core_perl/CORE/regexp.h
  /usr/lib/perl5/core_perl/CORE/reginline.h
  /usr/lib/perl5/core_perl/CORE/regnodes.h
  /usr/lib/perl5/core_perl/CORE/sbox32_hash.h
  /usr/lib/perl5/core_perl/CORE/scope.h
  /usr/lib/perl5/core_perl/CORE/scope_types.h
  /usr/lib/perl5/core_perl/CORE/sv.h
  /usr/lib/perl5/core_perl/CORE/sv_inline.h
  /usr/lib/perl5/core_perl/CORE/thread.h
  /usr/lib/perl5/core_perl/CORE/time64.h
  /usr/lib/perl5/core_perl/CORE/time64_config.h
  /usr/lib/perl5/core_perl/CORE/uconfig.h
  /usr/lib/perl5/core_perl/CORE/uni_keywords.h
  /usr/lib/perl5/core_perl/CORE/unicode_constants.h
  /usr/lib/perl5/core_perl/CORE/unixish.h
  /usr/lib/perl5/core_perl/CORE/utf8.h
  /usr/lib/perl5/core_perl/CORE/utfebcdic.h
  /usr/lib/perl5/core_perl/CORE/util.h
  /usr/lib/perl5/core_perl/CORE/uudmap.h
  /usr/lib/perl5/core_perl/CORE/vutil.h
  /usr/lib/perl5/core_perl/CORE/warnings.h
  /usr/lib/perl5/core_perl/CORE/XSUB.h
  /usr/lib/perl5/core_perl/CORE/zaphod32_hash.h
  /usr/lib/perl5/core_perl/CORE/libperl.dll.a
  /usr/bin/perl.exe
  /usr/bin/core_perl/pod2man
  /usr/bin/core_perl/pod2text
  /usr/bin/core_perl/pod2usage
  /usr/bin/core_perl/podchecker
  /usr/bin/core_perl/cpan
  /usr/bin/core_perl/corelist
  /usr/bin/core_perl/enc2xs
  /usr/bin/core_perl/encguess
  /usr/bin/core_perl/h2ph
  /usr/bin/core_perl/h2xs
  /usr/bin/core_perl/instmodsh
  /usr/bin/core_perl/json_pp
  /usr/bin/core_perl/libnetcfg
  /usr/bin/core_perl/perlbug
  /usr/bin/core_perl/perldoc
  /usr/bin/core_perl/perlivp
  /usr/bin/core_perl/piconv
  /usr/bin/core_perl/pl2pm
  /usr/bin/core_perl/pod2html
  /usr/bin/core_perl/prove
  /usr/bin/core_perl/ptar
  /usr/bin/core_perl/ptardiff
  /usr/bin/core_perl/ptargrep
  /usr/bin/core_perl/shasum
  /usr/bin/core_perl/splain
  /usr/bin/core_perl/streamzip
  /usr/bin/core_perl/xsubpp
  /usr/bin/core_perl/zipdetails
  /usr/bin/core_perl/perlthanks
  /usr/share/perl5/core_perl/pods/perl.pod
  /usr/share/perl5/core_perl/pods/perlintro.pod
  /usr/share/perl5/core_perl/pods/perlrun.pod
  /usr/share/perl5/core_perl/pods/perltoc.pod
  /usr/share/perl5/core_perl/pods/perlreftut.pod
  /usr/share/perl5/core_perl/pods/perldsc.pod
  /usr/share/perl5/core_perl/pods/perllol.pod
  /usr/share/perl5/core_perl/pods/perlrequick.pod
  /usr/share/perl5/core_perl/pods/perlretut.pod
  /usr/share/perl5/core_perl/pods/perlootut.pod
  /usr/share/perl5/core_perl/pods/perlperf.pod
  /usr/share/perl5/core_perl/pods/perlstyle.pod
  /usr/share/perl5/core_perl/pods/perlcheat.pod
  /usr/share/perl5/core_perl/pods/perltrap.pod
  /usr/share/perl5/core_perl/pods/perldebtut.pod
  /usr/share/perl5/core_perl/pods/perlfaq.pod
  /usr/share/perl5/core_perl/pods/perlfaq1.pod
  /usr/share/perl5/core_perl/pods/perlfaq2.pod
  /usr/share/perl5/core_perl/pods/perlfaq3.pod
  /usr/share/perl5/core_perl/pods/perlfaq4.pod
  /usr/share/perl5/core_perl/pods/perlfaq5.pod
  /usr/share/perl5/core_perl/pods/perlfaq6.pod
  /usr/share/perl5/core_perl/pods/perlfaq7.pod
  /usr/share/perl5/core_perl/pods/perlfaq8.pod
  /usr/share/perl5/core_perl/pods/perlfaq9.pod
  /usr/share/perl5/core_perl/pods/perlsyn.pod
  /usr/share/perl5/core_perl/pods/perldata.pod
  /usr/share/perl5/core_perl/pods/perlop.pod
  /usr/share/perl5/core_perl/pods/perlsub.pod
  /usr/share/perl5/core_perl/pods/perlfunc.pod
  /usr/share/perl5/core_perl/pods/perlopentut.pod
  /usr/share/perl5/core_perl/pods/perlpacktut.pod
  /usr/share/perl5/core_perl/pods/perlpod.pod
  /usr/share/perl5/core_perl/pods/perlpodspec.pod
  /usr/share/perl5/core_perl/pods/perldocstyle.pod
  /usr/share/perl5/core_perl/pods/perlpodstyle.pod
  /usr/share/perl5/core_perl/pods/perldiag.pod
  /usr/share/perl5/core_perl/pods/perldeprecation.pod
  /usr/share/perl5/core_perl/pods/perllexwarn.pod
  /usr/share/perl5/core_perl/pods/perldebug.pod
  /usr/share/perl5/core_perl/pods/perlvar.pod
  /usr/share/perl5/core_perl/pods/perlre.pod
  /usr/share/perl5/core_perl/pods/perlrebackslash.pod
  /usr/share/perl5/core_perl/pods/perlrecharclass.pod
  /usr/share/perl5/core_perl/pods/perlreref.pod
  /usr/share/perl5/core_perl/pods/perlref.pod
  /usr/share/perl5/core_perl/pods/perlform.pod
  /usr/share/perl5/core_perl/pods/perlobj.pod
  /usr/share/perl5/core_perl/pods/perltie.pod
  /usr/share/perl5/core_perl/pods/perlclass.pod
  /usr/share/perl5/core_perl/pods/perldbmfilter.pod
  /usr/share/perl5/core_perl/pods/perlipc.pod
  /usr/share/perl5/core_perl/pods/perlfork.pod
  /usr/share/perl5/core_perl/pods/perlnumber.pod
  /usr/share/perl5/core_perl/pods/perlthrtut.pod
  /usr/share/perl5/core_perl/pods/perlport.pod
  /usr/share/perl5/core_perl/pods/perllocale.pod
  /usr/share/perl5/core_perl/pods/perluniintro.pod
  /usr/share/perl5/core_perl/pods/perlunicode.pod
  /usr/share/perl5/core_perl/pods/perlunicook.pod
  /usr/share/perl5/core_perl/pods/perlunifaq.pod
  /usr/share/perl5/core_perl/pods/perluniprops.pod
  /usr/share/perl5/core_perl/pods/perlunitut.pod
  /usr/share/perl5/core_perl/pods/perlebcdic.pod
  /usr/share/perl5/core_perl/pods/perlsec.pod
  /usr/share/perl5/core_perl/pods/perlsecpolicy.pod
  /usr/share/perl5/core_perl/pods/perlmod.pod
  /usr/share/perl5/core_perl/pods/perlmodlib.pod
  /usr/share/perl5/core_perl/pods/perlmodstyle.pod
  /usr/share/perl5/core_perl/pods/perlmodinstall.pod
  /usr/share/perl5/core_perl/pods/perlnewmod.pod
  /usr/share/perl5/core_perl/pods/perlpragma.pod
  /usr/share/perl5/core_perl/pods/perlutil.pod
  /usr/share/perl5/core_perl/pods/perlfilter.pod
  /usr/share/perl5/core_perl/pods/perldtrace.pod
  /usr/share/perl5/core_perl/pods/perlglossary.pod
  /usr/share/perl5/core_perl/pods/perlembed.pod
  /usr/share/perl5/core_perl/pods/perldebguts.pod
  /usr/share/perl5/core_perl/pods/perlxstut.pod
  /usr/share/perl5/core_perl/pods/perlxs.pod
  /usr/share/perl5/core_perl/pods/perlxstypemap.pod
  /usr/share/perl5/core_perl/pods/perlclib.pod
  /usr/share/perl5/core_perl/pods/perlguts.pod
  /usr/share/perl5/core_perl/pods/perlcall.pod
  /usr/share/perl5/core_perl/pods/perlmroapi.pod
  /usr/share/perl5/core_perl/pods/perlreapi.pod
  /usr/share/perl5/core_perl/pods/perlreguts.pod
  /usr/share/perl5/core_perl/pods/perlclassguts.pod
  /usr/share/perl5/core_perl/pods/perlapi.pod
  /usr/share/perl5/core_perl/pods/perlintern.pod
  /usr/share/perl5/core_perl/pods/perliol.pod
  /usr/share/perl5/core_perl/pods/perlapio.pod
  /usr/share/perl5/core_perl/pods/perlhack.pod
  /usr/share/perl5/core_perl/pods/perlsource.pod
  /usr/share/perl5/core_perl/pods/perlinterp.pod
  /usr/share/perl5/core_perl/pods/perlhacktut.pod
  /usr/share/perl5/core_perl/pods/perlhacktips.pod
  /usr/share/perl5/core_perl/pods/perlpolicy.pod
  /usr/share/perl5/core_perl/pods/perlgov.pod
  /usr/share/perl5/core_perl/pods/perlgit.pod
  /usr/share/perl5/core_perl/pods/perlhist.pod
  /usr/share/perl5/core_perl/pods/perldelta.pod
  /usr/share/perl5/core_perl/pods/perl5382delta.pod
  /usr/share/perl5/core_perl/pods/perl5381delta.pod
  /usr/share/perl5/core_perl/pods/perl5380delta.pod
  /usr/share/perl5/core_perl/pods/perl5363delta.pod
  /usr/share/perl5/core_perl/pods/perl5362delta.pod
  /usr/share/perl5/core_perl/pods/perl5361delta.pod
  /usr/share/perl5/core_perl/pods/perl5360delta.pod
  /usr/share/perl5/core_perl/pods/perl5343delta.pod
  /usr/share/perl5/core_perl/pods/perl5342delta.pod
  /usr/share/perl5/core_perl/pods/perl5341delta.pod
  /usr/share/perl5/core_perl/pods/perl5340delta.pod
  /usr/share/perl5/core_perl/pods/perl5321delta.pod
  /usr/share/perl5/core_perl/pods/perl5320delta.pod
  /usr/share/perl5/core_perl/pods/perl5303delta.pod
  /usr/share/perl5/core_perl/pods/perl5302delta.pod
  /usr/share/perl5/core_perl/pods/perl5301delta.pod
  /usr/share/perl5/core_perl/pods/perl5300delta.pod
  /usr/share/perl5/core_perl/pods/perl5283delta.pod
  /usr/share/perl5/core_perl/pods/perl5282delta.pod
  /usr/share/perl5/core_perl/pods/perl5281delta.pod
  /usr/share/perl5/core_perl/pods/perl5280delta.pod
  /usr/share/perl5/core_perl/pods/perl5263delta.pod
  /usr/share/perl5/core_perl/pods/perl5262delta.pod
  /usr/share/perl5/core_perl/pods/perl5261delta.pod
  /usr/share/perl5/core_perl/pods/perl5260delta.pod
  /usr/share/perl5/core_perl/pods/perl5244delta.pod
  /usr/share/perl5/core_perl/pods/perl5243delta.pod
  /usr/share/perl5/core_perl/pods/perl5242delta.pod
  /usr/share/perl5/core_perl/pods/perl5241delta.pod
  /usr/share/perl5/core_perl/pods/perl5240delta.pod
  /usr/share/perl5/core_perl/pods/perl5224delta.pod
  /usr/share/perl5/core_perl/pods/perl5223delta.pod
  /usr/share/perl5/core_perl/pods/perl5222delta.pod
  /usr/share/perl5/core_perl/pods/perl5221delta.pod
  /usr/share/perl5/core_perl/pods/perl5220delta.pod
  /usr/share/perl5/core_perl/pods/perl5203delta.pod
  /usr/share/perl5/core_perl/pods/perl5202delta.pod
  /usr/share/perl5/core_perl/pods/perl5201delta.pod
  /usr/share/perl5/core_perl/pods/perl5200delta.pod
  /usr/share/perl5/core_perl/pods/perl5184delta.pod
  /usr/share/perl5/core_perl/pods/perl5182delta.pod
  /usr/share/perl5/core_perl/pods/perl5181delta.pod
  /usr/share/perl5/core_perl/pods/perl5180delta.pod
  /usr/share/perl5/core_perl/pods/perl5163delta.pod
  /usr/share/perl5/core_perl/pods/perl5162delta.pod
  /usr/share/perl5/core_perl/pods/perl5161delta.pod
  /usr/share/perl5/core_perl/pods/perl5160delta.pod
  /usr/share/perl5/core_perl/pods/perl5144delta.pod
  /usr/share/perl5/core_perl/pods/perl5143delta.pod
  /usr/share/perl5/core_perl/pods/perl5142delta.pod
  /usr/share/perl5/core_perl/pods/perl5141delta.pod
  /usr/share/perl5/core_perl/pods/perl5140delta.pod
  /usr/share/perl5/core_perl/pods/perl5125delta.pod
  /usr/share/perl5/core_perl/pods/perl5124delta.pod
  /usr/share/perl5/core_perl/pods/perl5123delta.pod
  /usr/share/perl5/core_perl/pods/perl5122delta.pod
  /usr/share/perl5/core_perl/pods/perl5121delta.pod
  /usr/share/perl5/core_perl/pods/perl5120delta.pod
  /usr/share/perl5/core_perl/pods/perl5101delta.pod
  /usr/share/perl5/core_perl/pods/perl5100delta.pod
  /usr/share/perl5/core_perl/pods/perl589delta.pod
  /usr/share/perl5/core_perl/pods/perl588delta.pod
  /usr/share/perl5/core_perl/pods/perl587delta.pod
  /usr/share/perl5/core_perl/pods/perl586delta.pod
  /usr/share/perl5/core_perl/pods/perl585delta.pod
  /usr/share/perl5/core_perl/pods/perl584delta.pod
  /usr/share/perl5/core_perl/pods/perl583delta.pod
  /usr/share/perl5/core_perl/pods/perl582delta.pod
  /usr/share/perl5/core_perl/pods/perl581delta.pod
  /usr/share/perl5/core_perl/pods/perl58delta.pod
  /usr/share/perl5/core_perl/pods/perl561delta.pod
  /usr/share/perl5/core_perl/pods/perl56delta.pod
  /usr/share/perl5/core_perl/pods/perl5005delta.pod
  /usr/share/perl5/core_perl/pods/perl5004delta.pod
  /usr/share/perl5/core_perl/pods/perlbook.pod
  /usr/share/perl5/core_perl/pods/perlcommunity.pod
  /usr/share/perl5/core_perl/pods/perldoc.pod
  /usr/share/perl5/core_perl/pods/perlexperiment.pod
  /usr/share/perl5/core_perl/pods/perlartistic.pod
  /usr/share/perl5/core_perl/pods/perlgpl.pod
  /usr/share/perl5/core_perl/pods/perlcn.pod
  /usr/share/perl5/core_perl/pods/perljp.pod
  /usr/share/perl5/core_perl/pods/perlko.pod
  /usr/share/perl5/core_perl/pods/perltw.pod
  /usr/share/perl5/core_perl/pods/perlaix.pod
  /usr/share/perl5/core_perl/pods/perlamiga.pod
  /usr/share/perl5/core_perl/pods/perlandroid.pod
  /usr/share/perl5/core_perl/pods/perlbs2000.pod
  /usr/share/perl5/core_perl/pods/perlcygwin.pod
  /usr/share/perl5/core_perl/pods/perlfreebsd.pod
  /usr/share/perl5/core_perl/pods/perlhaiku.pod
  /usr/share/perl5/core_perl/pods/perlhpux.pod
  /usr/share/perl5/core_perl/pods/perlhurd.pod
  /usr/share/perl5/core_perl/pods/perlirix.pod
  /usr/share/perl5/core_perl/pods/perllinux.pod
  /usr/share/perl5/core_perl/pods/perlmacosx.pod
  /usr/share/perl5/core_perl/pods/perlopenbsd.pod
  /usr/share/perl5/core_perl/pods/perlos2.pod
  /usr/share/perl5/core_perl/pods/perlos390.pod
  /usr/share/perl5/core_perl/pods/perlos400.pod
  /usr/share/perl5/core_perl/pods/perlplan9.pod
  /usr/share/perl5/core_perl/pods/perlqnx.pod
  /usr/share/perl5/core_perl/pods/perlriscos.pod
  /usr/share/perl5/core_perl/pods/perlsolaris.pod
  /usr/share/perl5/core_perl/pods/perlsynology.pod
  /usr/share/perl5/core_perl/pods/perltru64.pod
  /usr/share/perl5/core_perl/pods/perlvms.pod
  /usr/share/perl5/core_perl/pods/perlvos.pod
  /usr/share/perl5/core_perl/pods/perlwin32.pod
  /usr/share/perl5/core_perl/pods/perlboot.pod
  /usr/share/perl5/core_perl/pods/perlbot.pod
  /usr/share/perl5/core_perl/pods/perlrepository.pod
  /usr/share/perl5/core_perl/pods/perltodo.pod
  /usr/share/perl5/core_perl/pods/perltooc.pod
  /usr/share/perl5/core_perl/pods/perltoot.pod
PATH=/cygdrive/c/Users/crutkasLocal/.copilot/session-state/78f0f9ba-f19f-4afd-aa4a-1837904263a6/files/perl-recovery-20260910/root08-candidate-commands-17/source-deref:.:/usr/bin/:/cygdrive/c/Users/crutkasLocal/.copilot/session-state/78f0f9ba-f19f-4afd-aa4a-1837904263a6/files/perl-recovery-20260910/root08-runtime-deps-prefix-02-with-utilities/usr/bin:/cygdrive/c/Users/crutkasLocal/.copilot/session-state/78f0f9ba-f19f-4afd-aa4a-1837904263a6/files/perl-recovery-20260910/root08-runtime-deps-prefix-02-with-utilities/bin:/cygdrive/c/Users/crutkasLocal/.copilot/session-state/78f0f9ba-f19f-4afd-aa4a-1837904263a6/files/perl-recovery-20260910/root08-admitted-db-libxcrypt-prefix-01/usr/bin:/cygdrive/c/Users/crutkasLocal/.copilot/session-state/78f0f9ba-f19f-4afd-aa4a-1837904263a6/files/perl-recovery-20260910/root08-admitted-db-libxcrypt-prefix-01/bin:/cygdrive/c/Users/crutkasLocal/.copilot/session-state/78f0f9ba-f19f-4afd-aa4a-1837904263a6/files/perl-recovery-20260910/root08-admitted-gdbm-prefix-01/usr/bin:/cygdrive/c/Users/crutkasLocal/.copilot/session-state/78f0f9ba-f19f-4afd-aa4a-1837904263a6/files/perl-recovery-20260910/root08-admitted-gdbm-prefix-01/bin:/cygdrive/c/Users/crutkasLocal/.copilot/session-state/78f0f9ba-f19f-4afd-aa4a-1837904263a6/files/perl-recovery-20260910/root08-admitted-db-libxcrypt-prefix-01/usr/bin:/cygdrive/c/Users/crutkasLocal/.copilot/session-state/78f0f9ba-f19f-4afd-aa4a-1837904263a6/files/perl-recovery-20260910/root08-admitted-db-libxcrypt-prefix-01/bin  ./perl.exe -Ilib -I. installman --destdir=/cygdrive/c/Users/crutkasLocal/.copilot/session-state/78f0f9ba-f19f-4afd-aa4a-1837904263a6/files/perl-recovery-20260910/root08-candidate-commands-17/source-deref/root08-dest 
  /perl.0
  /perl5004delta.0
  /perl5005delta.0
  /perl5100delta.0
  /perl5101delta.0
  /perl5120delta.0
  /perl5121delta.0
  /perl5122delta.0
  /perl5123delta.0
  /perl5124delta.0
  /perl5125delta.0
  /perl5140delta.0
  /perl5141delta.0
  /perl5142delta.0
  /perl5143delta.0
  /perl5144delta.0
  /perl5160delta.0
  /perl5161delta.0
  /perl5162delta.0
  /perl5163delta.0
  /perl5180delta.0
  /perl5181delta.0
  /perl5182delta.0
  /perl5184delta.0
  /perl5200delta.0
  /perl5201delta.0
  /perl5202delta.0
  /perl5203delta.0
  /perl5220delta.0
  /perl5221delta.0
  /perl5222delta.0
  /perl5223delta.0
  /perl5224delta.0
  /perl5240delta.0
  /perl5241delta.0
  /perl5242delta.0
  /perl5243delta.0
  /perl5244delta.0
  /perl5260delta.0
  /perl5261delta.0
  /perl5262delta.0
  /perl5263delta.0
  /perl5280delta.0
  /perl5281delta.0
  /perl5282delta.0
  /perl5283delta.0
  /perl5300delta.0
  /perl5301delta.0
  /perl5302delta.0
  /perl5303delta.0
  /perl5320delta.0
  /perl5321delta.0
  /perl5340delta.0
  /perl5341delta.0
  /perl5342delta.0
  /perl5343delta.0
  /perl5360delta.0
  /perl5361delta.0
  /perl5362delta.0
  /perl5363delta.0
  /perl5380delta.0
  /perl5381delta.0
  /perl5382delta.0
  /perl561delta.0
  /perl56delta.0
  /perl581delta.0
  /perl582delta.0
  /perl583delta.0
  /perl584delta.0
  /perl585delta.0
  /perl586delta.0
  /perl587delta.0
  /perl588delta.0
  /perl589delta.0
  /perl58delta.0
  /perlaix.0
  /perlamiga.0
  /perlandroid.0
  /perlapi.0
  /perlapio.0
  /perlartistic.0
  /perlbook.0
  /perlboot.0
  /perlbot.0
  /perlbs2000.0
  /perlcall.0
  /perlcheat.0
  /perlclass.0
  /perlclassguts.0
  /perlclib.0
  /perlcn.0
  /perlcommunity.0
  /perlcygwin.0
  /perldata.0
  /perldbmfilter.0
  /perldebguts.0
  /perldebtut.0
  /perldebug.0
  /perldelta.0
  /perldeprecation.0
  /perldiag.0
  /perldoc.0
  /perldocstyle.0
  /perldsc.0
  /perldtrace.0
  /perlebcdic.0
  /perlembed.0
  /perlexperiment.0
  /perlfaq.0
  /perlfaq1.0
  /perlfaq2.0
  /perlfaq3.0
  /perlfaq4.0
  /perlfaq5.0
  /perlfaq6.0
  /perlfaq7.0
  /perlfaq8.0
  /perlfaq9.0
  /perlfilter.0
  /perlfork.0
  /perlform.0
  /perlfreebsd.0
  /perlfunc.0
  /perlgit.0
  /perlglossary.0
  /perlgov.0
  /perlgpl.0
  /perlguts.0
  /perlhack.0
  /perlhacktips.0
  /perlhacktut.0
  /perlhaiku.0
  /perlhist.0
  /perlhpux.0
  /perlhurd.0
  /perlintern.0
  /perlinterp.0
  /perlintro.0
  /perliol.0
  /perlipc.0
  /perlirix.0
  /perljp.0
  /perlko.0
  /perllexwarn.0
  /perllinux.0
  /perllocale.0
  /perllol.0
  /perlmacosx.0
  /perlmod.0
  /perlmodinstall.0
  /perlmodlib.0
  /perlmodstyle.0
  /perlmroapi.0
  /perlnewmod.0
  /perlnumber.0
  /perlobj.0
  /perlootut.0
  /perlop.0
  /perlopenbsd.0
  /perlopentut.0
  /perlos2.0
  /perlos390.0
  /perlos400.0
  /perlpacktut.0
  /perlperf.0
  /perlplan9.0
  /perlpod.0
  /perlpodspec.0
  /perlpodstyle.0
  /perlpolicy.0
  /perlport.0
  /perlpragma.0
  /perlqnx.0
  /perlre.0
  /perlreapi.0
  /perlrebackslash.0
  /perlrecharclass.0
  /perlref.0
  /perlreftut.0
  /perlreguts.0
  /perlrepository.0
  /perlrequick.0
  /perlreref.0
  /perlretut.0
  /perlriscos.0
  /perlrun.0
  /perlsec.0
  /perlsecpolicy.0
  /perlsolaris.0
  /perlsource.0
  /perlstyle.0
  /perlsub.0
  /perlsyn.0
  /perlsynology.0
  /perlthrtut.0
  /perltie.0
  /perltoc.0
  /perltodo.0
  /perltooc.0
  /perltoot.0
  /perltrap.0
  /perltru64.0
  /perltw.0
  /perlunicode.0
  /perlunicook.0
  /perlunifaq.0
  /perluniintro.0
  /perluniprops.0
  /perlunitut.0
  /perlutil.0
  /perlvar.0
  /perlvms.0
  /perlvos.0
  /perlwin32.0
  /perlxs.0
  /perlxstut.0
  /perlxstypemap.0
  /AnyDBM_File.0
  /App.Cpan.0
  /App.Prove.0
  /App.Prove.State.0
  /App.Prove.State.Result.0
  /App.Prove.State.Result.Test.0
  /Archive.Tar.0
  /Archive.Tar.File.0
  /Attribute.Handlers.0
  /AutoLoader.0
  /AutoSplit.0
  /B.0
  /B.Concise.0
  /B.Deparse.0
  /B.Op_private.0
  /B.Showlex.0
  /B.Terse.0
  /B.Xref.0
  /Benchmark.0
  /CORE.0
  /CPAN.0
  /CPAN.API.HOWTO.0
  /CPAN.Debug.0
  /CPAN.Distroprefs.0
  /CPAN.FirstTime.0
  /CPAN.HandleConfig.0
  /CPAN.Kwalify.0
  /CPAN.Meta.0
  /CPAN.Meta.Converter.0
  /CPAN.Meta.Feature.0
  /CPAN.Meta.History.0
  /CPAN.Meta.History.Meta_1_0.0
  /CPAN.Meta.History.Meta_1_1.0
  /CPAN.Meta.History.Meta_1_2.0
  /CPAN.Meta.History.Meta_1_3.0
  /CPAN.Meta.History.Meta_1_4.0
  /CPAN.Meta.Merge.0
  /CPAN.Meta.Prereqs.0
  /CPAN.Meta.Requirements.0
  /CPAN.Meta.Spec.0
  /CPAN.Meta.Validator.0
  /CPAN.Meta.YAML.0
  /CPAN.Mirrors.0
  /CPAN.Nox.0
  /CPAN.Plugin.0
  /CPAN.Plugin.Specfile.0
  /CPAN.Queue.0
  /CPAN.Tarzip.0
  /CPAN.Version.0
  /Carp.0
  /Class.Struct.0
  /Compress.Raw.Bzip2.0
  /Compress.Raw.Zlib.0
  /Compress.Zlib.0
  /Config.0
  /Config.Extensions.0
  /Config.Perl.V.0
  /Cwd.0
  /DB.0
  /DBM_Filter.0
  /DBM_Filter.compress.0
  /DBM_Filter.encode.0
  /DBM_Filter.int32.0
  /DBM_Filter.null.0
  /DBM_Filter.utf8.0
  /DB_File.0
  /Data.Dumper.0
  /Devel.PPPort.0
  /Devel.Peek.0
  /Devel.SelfStubber.0
  /Digest.0
  /Digest.MD5.0
  /Digest.SHA.0
  /Digest.base.0
  /Digest.file.0
  /DirHandle.0
  /Dumpvalue.0
  /DynaLoader.0
  /Encode.0
  /Encode.Alias.0
  /Encode.Byte.0
  /Encode.CJKConstants.0
  /Encode.CN.0
  /Encode.CN.HZ.0
  /Encode.Config.0
  /Encode.EBCDIC.0
  /Encode.Encoder.0
  /Encode.Encoding.0
  /Encode.GSM0338.0
  /Encode.Guess.0
  /Encode.JP.0
  /Encode.JP.H2Z.0
  /Encode.JP.JIS7.0
  /Encode.KR.0
  /Encode.KR.2022_KR.0
  /Encode.MIME.Header.0
  /Encode.MIME.Name.0
  /Encode.PerlIO.0
  /Encode.Supported.0
  /Encode.Symbol.0
  /Encode.TW.0
  /Encode.Unicode.0
  /Encode.Unicode.UTF7.0
  /English.0
  /Env.0
  /Errno.0
  /Exporter.0
  /Exporter.Heavy.0
  /ExtUtils.CBuilder.0
  /ExtUtils.CBuilder.Platform.Windows.0
  /ExtUtils.Command.0
  /ExtUtils.Command.MM.0
  /ExtUtils.Constant.0
  /ExtUtils.Constant.Base.0
  /ExtUtils.Constant.Utils.0
  /ExtUtils.Constant.XS.0
  /ExtUtils.Embed.0
  /ExtUtils.Install.0
  /ExtUtils.Installed.0
  /ExtUtils.Liblist.0
  /ExtUtils.MM.0
  /ExtUtils.MM_AIX.0
  /ExtUtils.MM_Any.0
  /ExtUtils.MM_BeOS.0
  /ExtUtils.MM_Cygwin.0
  /ExtUtils.MM_DOS.0
  /ExtUtils.MM_Darwin.0
  /ExtUtils.MM_MacOS.0
  /ExtUtils.MM_NW5.0
  /ExtUtils.MM_OS2.0
  /ExtUtils.MM_OS390.0
  /ExtUtils.MM_QNX.0
  /ExtUtils.MM_UWIN.0
  /ExtUtils.MM_Unix.0
  /ExtUtils.MM_VMS.0
  /ExtUtils.MM_VOS.0
  /ExtUtils.MM_Win32.0
  /ExtUtils.MM_Win95.0
  /ExtUtils.MY.0
  /ExtUtils.MakeMaker.0
  /ExtUtils.MakeMaker.Config.0
  /ExtUtils.MakeMaker.FAQ.0
  /ExtUtils.MakeMaker.Locale.0
  /ExtUtils.MakeMaker.Tutorial.0
  /ExtUtils.Manifest.0
  /ExtUtils.Miniperl.0
  /ExtUtils.Mkbootstrap.0
  /ExtUtils.Mksymlists.0
  /ExtUtils.PL2Bat.0
  /ExtUtils.Packlist.0
  /ExtUtils.ParseXS.0
  /ExtUtils.ParseXS.Constants.0
  /ExtUtils.ParseXS.Eval.0
  /ExtUtils.ParseXS.Utilities.0
  /ExtUtils.Typemaps.0
  /ExtUtils.Typemaps.Cmd.0
  /ExtUtils.Typemaps.InputMap.0
  /ExtUtils.Typemaps.OutputMap.0
  /ExtUtils.Typemaps.Type.0
  /ExtUtils.testlib.0
  /Fatal.0
  /Fcntl.0
  /File.Basename.0
  /File.Compare.0
  /File.Copy.0
  /File.DosGlob.0
  /File.Fetch.0
  /File.Find.0
  /File.Glob.0
  /File.GlobMapper.0
  /File.Path.0
  /File.Spec.0
  /File.Spec.AmigaOS.0
  /File.Spec.Cygwin.0
  /File.Spec.Epoc.0
  /File.Spec.Functions.0
  /File.Spec.Mac.0
  /File.Spec.OS2.0
  /File.Spec.Unix.0
  /File.Spec.VMS.0
  /File.Spec.Win32.0
  /File.Temp.0
  /File.stat.0
  /FileCache.0
  /FileHandle.0
  /Filter.Simple.0
  /Filter.Util.Call.0
  /FindBin.0
  /GDBM_File.0
  /Getopt.Long.0
  /Getopt.Std.0
  /HTTP.Tiny.0
  /Hash.Util.0
  /Hash.Util.FieldHash.0
  /I18N.Collate.0
  /I18N.LangTags.0
  /I18N.LangTags.Detect.0
  /I18N.LangTags.List.0
  /I18N.Langinfo.0
  /IO.0
  /IO.Compress.Base.0
  /IO.Compress.Bzip2.0
  /IO.Compress.Deflate.0
  /IO.Compress.FAQ.0
  /IO.Compress.Gzip.0
  /IO.Compress.RawDeflate.0
  /IO.Compress.Zip.0
  /IO.Dir.0
  /IO.File.0
  /IO.Handle.0
  /IO.Pipe.0
  /IO.Poll.0
  /IO.Seekable.0
  /IO.Select.0
  /IO.Socket.0
  /IO.Socket.INET.0
  /IO.Socket.IP.0
  /IO.Socket.UNIX.0
  /IO.Uncompress.AnyInflate.0
  /IO.Uncompress.AnyUncompress.0
  /IO.Uncompress.Base.0
  /IO.Uncompress.Bunzip2.0
  /IO.Uncompress.Gunzip.0
  /IO.Uncompress.Inflate.0
  /IO.Uncompress.RawInflate.0
  /IO.Uncompress.Unzip.0
  /IO.Zlib.0
  /IPC.Cmd.0
  /IPC.Msg.0
  /IPC.Open2.0
  /IPC.Open3.0
  /IPC.Semaphore.0
  /IPC.SharedMem.0
  /IPC.SysV.0
  /Internals.0
  /JSON.PP.0
  /JSON.PP.Boolean.0
  /List.Util.0
  /List.Util.XS.0
  /Locale.Maketext.0
  /Locale.Maketext.Cookbook.0
  /Locale.Maketext.Guts.0
  /Locale.Maketext.GutsLoader.0
  /Locale.Maketext.Simple.0
  /Locale.Maketext.TPJ13.0
  /MIME.Base64.0
  /MIME.QuotedPrint.0
  /Math.BigFloat.0
  /Math.BigInt.0
  /Math.BigInt.Calc.0
  /Math.BigInt.FastCalc.0
  /Math.BigInt.Lib.0
  /Math.BigRat.0
  /Math.Complex.0
  /Math.Trig.0
  /Memoize.0
  /Memoize.AnyDBM_File.0
  /Memoize.Expire.0
  /Memoize.NDBM_File.0
  /Memoize.SDBM_File.0
  /Memoize.Storable.0
  /Module.CoreList.0
  /Module.CoreList.Utils.0
  /Module.Load.0
  /Module.Load.Conditional.0
  /Module.Loaded.0
  /Module.Metadata.0
  /NDBM_File.0
  /NEXT.0
  /Net.Cmd.0
  /Net.Config.0
  /Net.Domain.0
  /Net.FTP.0
  /Net.NNTP.0
  /Net.Netrc.0
  /Net.POP3.0
  /Net.Ping.0
  /Net.SMTP.0
  /Net.Time.0
  /Net.hostent.0
  /Net.libnetFAQ.0
  /Net.netent.0
  /Net.protoent.0
  /Net.servent.0
  /O.0
  /ODBM_File.0
  /Opcode.0
  /POSIX.0
  /Params.Check.0
  /Parse.CPAN.Meta.0
  /Perl.OSType.0
  /PerlIO.0
  /PerlIO.encoding.0
  /PerlIO.mmap.0
  /PerlIO.scalar.0
  /PerlIO.via.0
  /PerlIO.via.QuotedPrint.0
  /Pod.Checker.0
  /Pod.Escapes.0
  /Pod.Html.0
  /Pod.Html.Util.0
  /Pod.Man.0
  /Pod.ParseLink.0
  /Pod.Perldoc.0
  /Pod.Perldoc.BaseTo.0
  /Pod.Perldoc.GetOptsOO.0
  /Pod.Perldoc.ToANSI.0
  /Pod.Perldoc.ToChecker.0
  /Pod.Perldoc.ToMan.0
  /Pod.Perldoc.ToNroff.0
  /Pod.Perldoc.ToPod.0
  /Pod.Perldoc.ToRtf.0
  /Pod.Perldoc.ToTerm.0
  /Pod.Perldoc.ToText.0
  /Pod.Perldoc.ToTk.0
  /Pod.Perldoc.ToXml.0
  /Pod.Simple.0
  /Pod.Simple.Checker.0
  /Pod.Simple.Debug.0
  /Pod.Simple.DumpAsText.0
  /Pod.Simple.DumpAsXML.0
  /Pod.Simple.HTML.0
  /Pod.Simple.HTMLBatch.0
  /Pod.Simple.JustPod.0
  /Pod.Simple.LinkSection.0
  /Pod.Simple.Methody.0
  /Pod.Simple.PullParser.0
  /Pod.Simple.PullParserEndToken.0
  /Pod.Simple.PullParserStartToken.0
  /Pod.Simple.PullParserTextToken.0
  /Pod.Simple.PullParserToken.0
  /Pod.Simple.RTF.0
  /Pod.Simple.Search.0
  /Pod.Simple.SimpleTree.0
  /Pod.Simple.Subclassing.0
  /Pod.Simple.Text.0
  /Pod.Simple.TextContent.0
  /Pod.Simple.XHTML.0
  /Pod.Simple.XMLOutStream.0
  /Pod.Text.0
  /Pod.Text.Color.0
  /Pod.Text.Overstrike.0
  /Pod.Text.Termcap.0
  /Pod.Usage.0
  /SDBM_File.0
  /Safe.0
  /Scalar.Util.0
  /Search.Dict.0
  /SelectSaver.0
  /SelfLoader.0
  /Socket.0
  /Storable.0
  /Sub.Util.0
  /Symbol.0
  /Sys.Hostname.0
  /Sys.Syslog.0
  /TAP.Base.0
  /TAP.Formatter.Base.0
  /TAP.Formatter.Color.0
  /TAP.Formatter.Console.0
  /TAP.Formatter.Console.ParallelSession.0
  /TAP.Formatter.Console.Session.0
  /TAP.Formatter.File.0
  /TAP.Formatter.File.Session.0
  /TAP.Formatter.Session.0
  /TAP.Harness.0
  /TAP.Harness.Beyond.0
  /TAP.Harness.Env.0
  /TAP.Object.0
  /TAP.Parser.0
  /TAP.Parser.Aggregator.0
  /TAP.Parser.Grammar.0
  /TAP.Parser.Iterator.0
  /TAP.Parser.Iterator.Array.0
  /TAP.Parser.Iterator.Process.0
  /TAP.Parser.Iterator.Stream.0
  /TAP.Parser.IteratorFactory.0
  /TAP.Parser.Multiplexer.0
  /TAP.Parser.Result.0
  /TAP.Parser.Result.Bailout.0
  /TAP.Parser.Result.Comment.0
  /TAP.Parser.Result.Plan.0
  /TAP.Parser.Result.Pragma.0
  /TAP.Parser.Result.Test.0
  /TAP.Parser.Result.Unknown.0
  /TAP.Parser.Result.Version.0
  /TAP.Parser.Result.YAML.0
  /TAP.Parser.ResultFactory.0
  /TAP.Parser.Scheduler.0
  /TAP.Parser.Scheduler.Job.0
  /TAP.Parser.Scheduler.Spinner.0
  /TAP.Parser.Source.0
  /TAP.Parser.SourceHandler.0
  /TAP.Parser.SourceHandler.Executable.0
  /TAP.Parser.SourceHandler.File.0
  /TAP.Parser.SourceHandler.Handle.0
  /TAP.Parser.SourceHandler.Perl.0
  /TAP.Parser.SourceHandler.RawTAP.0
  /TAP.Parser.YAMLish.Reader.0
  /TAP.Parser.YAMLish.Writer.0
  /Term.ANSIColor.0
  /Term.Cap.0
  /Term.Complete.0
  /Term.ReadLine.0
  /Test.0
  /Test2.0
  /Test2.API.0
  /Test2.API.Breakage.0
  /Test2.API.Context.0
  /Test2.API.Instance.0
  /Test2.API.InterceptResult.0
  /Test2.API.InterceptResult.Event.0
  /Test2.API.InterceptResult.Hub.0
  /Test2.API.InterceptResult.Squasher.0
  /Test2.API.Stack.0
  /Test2.Event.0
  /Test2.Event.Bail.0
  /Test2.Event.Diag.0
  /Test2.Event.Encoding.0
  /Test2.Event.Exception.0
  /Test2.Event.Fail.0
  /Test2.Event.Generic.0
  /Test2.Event.Note.0
  /Test2.Event.Ok.0
  /Test2.Event.Pass.0
  /Test2.Event.Plan.0
  /Test2.Event.Skip.0
  /Test2.Event.Subtest.0
  /Test2.Event.TAP.Version.0
  /Test2.Event.V2.0
  /Test2.Event.Waiting.0
  /Test2.EventFacet.0
  /Test2.EventFacet.About.0
  /Test2.EventFacet.Amnesty.0
  /Test2.EventFacet.Assert.0
  /Test2.EventFacet.Control.0
  /Test2.EventFacet.Error.0
  /Test2.EventFacet.Hub.0
  /Test2.EventFacet.Info.0
  /Test2.EventFacet.Info.Table.0
  /Test2.EventFacet.Meta.0
  /Test2.EventFacet.Parent.0
  /Test2.EventFacet.Plan.0
  /Test2.EventFacet.Render.0
  /Test2.EventFacet.Trace.0
  /Test2.Formatter.0
  /Test2.Formatter.TAP.0
  /Test2.Hub.0
  /Test2.Hub.Interceptor.0
  /Test2.Hub.Interceptor.Terminator.0
  /Test2.Hub.Subtest.0
  /Test2.IPC.0
  /Test2.IPC.Driver.0
  /Test2.IPC.Driver.Files.0
  /Test2.Tools.Tiny.0
  /Test2.Transition.0
  /Test2.Util.0
  /Test2.Util.ExternalMeta.0
  /Test2.Util.Facets2Legacy.0
  /Test2.Util.HashBase.0
  /Test2.Util.Trace.0
  /Test.Builder.0
  /Test.Builder.Formatter.0
  /Test.Builder.IO.Scalar.0
  /Test.Builder.Module.0
  /Test.Builder.Tester.0
  /Test.Builder.Tester.Color.0
  /Test.Builder.TodoDiag.0
  /Test.Harness.0
  /Test.More.0
  /Test.Simple.0
  /Test.Tester.0
  /Test.Tester.Capture.0
  /Test.Tester.CaptureRunner.0
  /Test.Tutorial.0
  /Test.use.ok.0
  /Text.Abbrev.0
  /Text.Balanced.0
  /Text.ParseWords.0
  /Text.Tabs.0
  /Text.Wrap.0
  /Thread.0
  /Thread.Queue.0
  /Thread.Semaphore.0
  /Tie.Array.0
  /Tie.File.0
  /Tie.Handle.0
  /Tie.Hash.0
  /Tie.Hash.NamedCapture.0
  /Tie.Memoize.0
  /Tie.RefHash.0
  /Tie.Scalar.0
  /Tie.StdHandle.0
  /Tie.SubstrHash.0
  /Time.HiRes.0
  /Time.Local.0
  /Time.Piece.0
  /Time.Seconds.0
  /Time.gmtime.0
  /Time.localtime.0
  /Time.tm.0
  /UNIVERSAL.0
  /Unicode.Collate.0
  /Unicode.Collate.CJK.Big5.0
  /Unicode.Collate.CJK.GB2312.0
  /Unicode.Collate.CJK.JISX0208.0
  /Unicode.Collate.CJK.Korean.0
  /Unicode.Collate.CJK.Pinyin.0
  /Unicode.Collate.CJK.Stroke.0
  /Unicode.Collate.CJK.Zhuyin.0
  /Unicode.Collate.Locale.0
  /Unicode.Normalize.0
  /Unicode.UCD.0
  /User.grent.0
  /User.pwent.0
  /Win32.0
  /Win32API.File.0
  /Win32CORE.0
  /XSLoader.0
  /attributes.0
  /autodie.0
  /autodie.Scope.Guard.0
  /autodie.Scope.GuardStack.0
  /autodie.Util.0
  /autodie.exception.0
  /autodie.exception.system.0
  /autodie.hints.0
  /autodie.skip.0
  /autouse.0
  /base.0
  /bigfloat.0
  /bigint.0
  /bignum.0
  /bigrat.0
  /blib.0
  /builtin.0
  /bytes.0
  /charnames.0
  /constant.0
  /deprecate.0
  /diagnostics.0
  /encoding.0
  /encoding.warnings.0
  /experimental.0
  /feature.0
  /fields.0
  /filetest.0
  /if.0
  /integer.0
  /less.0
  /lib.0
  /locale.0
  /mro.0
  /ok.0
  /open.0
  /ops.0
  /overload.0
  /overloading.0
  /parent.0
  /re.0
  /sigtrap.0
  /sort.0
  /stable.0
  /strict.0
  /subs.0
  /threads.0
  /threads.shared.0
  /utf8.0
  /vars.0
  /version.0
  /version.Internals.0
  /vmsish.0
  /warnings.0
  /warnings.register.0
  /pod2man.0
  /pod2text.0
  /pod2usage.0
  /podchecker.0
  /cpan.0
  /corelist.0
  /enc2xs.0
  /encguess.0
  /h2ph.0
  /h2xs.0
  /instmodsh.0
  /json_pp.0
  /libnetcfg.0
  /perlbug.0
  /perlthanks.0
  /perlivp.0
  /piconv.0
  /pl2pm.0
  /pod2html.0
  /prove.0
  /ptar.0
  /ptardiff.0
  /ptargrep.0
  /shasum.0
  /splain.0
  /streamzip.0
  /xsubpp.0
  /zipdetails.0
install_rc=0
--- installed perl version ---
Can't locate Config.pm in @INC (you may need to install the Config module) (@INC entries checked: /usr/lib/perl5/site_perl /usr/share/perl5/site_perl /usr/lib/perl5/vendor_perl /usr/share/perl5/vendor_perl /usr/lib/perl5/core_perl /usr/share/perl5/core_perl).
BEGIN failed--compilation aborted.
--- core module smoke ---
Can't locate Cygwin.pm in @INC (you may need to install the Cygwin module) (@INC entries checked: /cygdrive/c/Users/crutkasLocal/.copilot/session-state/78f0f9ba-f19f-4afd-aa4a-1837904263a6/files/perl-recovery-20260910/root08-candidate-commands-17/source-deref/root08-dest/usr/lib/perl5/core_perl /cygdrive/c/Users/crutkasLocal/.copilot/session-state/78f0f9ba-f19f-4afd-aa4a-1837904263a6/files/perl-recovery-20260910/root08-candidate-commands-17/source-deref/root08-dest/usr/share/perl5/core_perl /usr/lib/perl5/site_perl /usr/share/perl5/site_perl /usr/lib/perl5/vendor_perl /usr/share/perl5/vendor_perl /usr/lib/perl5/core_perl /usr/share/perl5/core_perl).
BEGIN failed--compilation aborted.
--- generated git-facing smoke ---
not ok - Error - Can't locate Error.pm in @INC (you may need to install the Error module) (@INC entries checked: /cygdrive/c/Users/crutkasLocal/.copilot/session-state/78f0f9ba-f19f-4afd-aa4a-1837904263a6/files/perl-recovery-20260910/root08-candidate-commands-17/source-deref/root08-dest/usr/lib/perl5/core_perl /cygdrive/c/Users/crutkasLocal/.copilot/session-state/78f0f9ba-f19f-4afd-aa4a-1837904263a6/files/perl-recovery-20260910/root08-candidate-commands-17/source-deref/root08-dest/usr/share/perl5/core_perl /usr/lib/perl5/site_perl /usr/share/perl5/site_perl /usr/lib/perl5/vendor_perl /usr/share/perl5/vendor_perl /usr/lib/perl5/core_perl /usr/share/perl5/core_perl) at (eval 42) line 1.
not ok - LWP::UserAgent - Can't locate LWP/UserAgent.pm in @INC (you may need to install the LWP::UserAgent module) (@INC entries checked: /cygdrive/c/Users/crutkasLocal/.copilot/session-state/78f0f9ba-f19f-4afd-aa4a-1837904263a6/files/perl-recovery-20260910/root08-candidate-commands-17/source-deref/root08-dest/usr/lib/perl5/core_perl /cygdrive/c/Users/crutkasLocal/.copilot/session-state/78f0f9ba-f19f-4afd-aa4a-1837904263a6/files/perl-recovery-20260910/root08-candidate-commands-17/source-deref/root08-dest/usr/share/perl5/core_perl /usr/lib/perl5/site_perl /usr/share/perl5/site_perl /usr/lib/perl5/vendor_perl /usr/share/perl5/vendor_perl /usr/lib/perl5/core_perl /usr/share/perl5/core_perl) at (eval 43) line 1.
not ok - Term::ReadKey - Can't locate Term/ReadKey.pm in @INC (you may need to install the Term::ReadKey module) (@INC entries checked: /cygdrive/c/Users/crutkasLocal/.copilot/session-state/78f0f9ba-f19f-4afd-aa4a-1837904263a6/files/perl-recovery-20260910/root08-candidate-commands-17/source-deref/root08-dest/usr/lib/perl5/core_perl /cygdrive/c/Users/crutkasLocal/.copilot/session-state/78f0f9ba-f19f-4afd-aa4a-1837904263a6/files/perl-recovery-20260910/root08-candidate-commands-17/source-deref/root08-dest/usr/share/perl5/core_perl /usr/lib/perl5/site_perl /usr/share/perl5/site_perl /usr/lib/perl5/vendor_perl /usr/share/perl5/vendor_perl /usr/lib/perl5/core_perl /usr/share/perl5/core_perl) at (eval 44) line 1.
not ok - Authen::SASL - Can't locate Authen/SASL.pm in @INC (you may need to install the Authen::SASL module) (@INC entries checked: /cygdrive/c/Users/crutkasLocal/.copilot/session-state/78f0f9ba-f19f-4afd-aa4a-1837904263a6/files/perl-recovery-20260910/root08-candidate-commands-17/source-deref/root08-dest/usr/lib/perl5/core_perl /cygdrive/c/Users/crutkasLocal/.copilot/session-state/78f0f9ba-f19f-4afd-aa4a-1837904263a6/files/perl-recovery-20260910/root08-candidate-commands-17/source-deref/root08-dest/usr/share/perl5/core_perl /usr/lib/perl5/site_perl /usr/share/perl5/site_perl /usr/lib/perl5/vendor_perl /usr/share/perl5/vendor_perl /usr/lib/perl5/core_perl /usr/share/perl5/core_perl) at (eval 45) line 1.
not ok - MIME::Parser - Can't locate MIME/Parser.pm in @INC (you may need to install the MIME::Parser module) (@INC entries checked: /cygdrive/c/Users/crutkasLocal/.copilot/session-state/78f0f9ba-f19f-4afd-aa4a-1837904263a6/files/perl-recovery-20260910/root08-candidate-commands-17/source-deref/root08-dest/usr/lib/perl5/core_perl /cygdrive/c/Users/crutkasLocal/.copilot/session-state/78f0f9ba-f19f-4afd-aa4a-1837904263a6/files/perl-recovery-20260910/root08-candidate-commands-17/source-deref/root08-dest/usr/share/perl5/core_perl /usr/lib/perl5/site_perl /usr/share/perl5/site_perl /usr/lib/perl5/vendor_perl /usr/share/perl5/vendor_perl /usr/lib/perl5/core_perl /usr/share/perl5/core_perl) at (eval 46) line 1.
not ok - Net::SMTP::SSL - Can't locate Net/SMTP/SSL.pm in @INC (you may need to install the Net::SMTP::SSL module) (@INC entries checked: /cygdrive/c/Users/crutkasLocal/.copilot/session-state/78f0f9ba-f19f-4afd-aa4a-1837904263a6/files/perl-recovery-20260910/root08-candidate-commands-17/source-deref/root08-dest/usr/lib/perl5/core_perl /cygdrive/c/Users/crutkasLocal/.copilot/session-state/78f0f9ba-f19f-4afd-aa4a-1837904263a6/files/perl-recovery-20260910/root08-candidate-commands-17/source-deref/root08-dest/usr/share/perl5/core_perl /usr/lib/perl5/site_perl /usr/share/perl5/site_perl /usr/lib/perl5/vendor_perl /usr/share/perl5/vendor_perl /usr/lib/perl5/core_perl /usr/share/perl5/core_perl) at (eval 47) line 1.
not ok - DBI - Can't locate DBI.pm in @INC (you may need to install the DBI module) (@INC entries checked: /cygdrive/c/Users/crutkasLocal/.copilot/session-state/78f0f9ba-f19f-4afd-aa4a-1837904263a6/files/perl-recovery-20260910/root08-candidate-commands-17/source-deref/root08-dest/usr/lib/perl5/core_perl /cygdrive/c/Users/crutkasLocal/.copilot/session-state/78f0f9ba-f19f-4afd-aa4a-1837904263a6/files/perl-recovery-20260910/root08-candidate-commands-17/source-deref/root08-dest/usr/share/perl5/core_perl /usr/lib/perl5/site_perl /usr/share/perl5/site_perl /usr/lib/perl5/vendor_perl /usr/share/perl5/vendor_perl /usr/lib/perl5/core_perl /usr/share/perl5/core_perl) at (eval 48) line 1.
not ok - HTML::Parser - Can't locate HTML/Parser.pm in @INC (you may need to install the HTML::Parser module) (@INC entries checked: /cygdrive/c/Users/crutkasLocal/.copilot/session-state/78f0f9ba-f19f-4afd-aa4a-1837904263a6/files/perl-recovery-20260910/root08-candidate-commands-17/source-deref/root08-dest/usr/lib/perl5/core_perl /cygdrive/c/Users/crutkasLocal/.copilot/session-state/78f0f9ba-f19f-4afd-aa4a-1837904263a6/files/perl-recovery-20260910/root08-candidate-commands-17/source-deref/root08-dest/usr/share/perl5/core_perl /usr/lib/perl5/site_perl /usr/share/perl5/site_perl /usr/lib/perl5/vendor_perl /usr/share/perl5/vendor_perl /usr/lib/perl5/core_perl /usr/share/perl5/core_perl) at (eval 49) line 1.
not ok - Locale::gettext - Can't locate Locale/gettext.pm in @INC (you may need to install the Locale::gettext module) (@INC entries checked: /cygdrive/c/Users/crutkasLocal/.copilot/session-state/78f0f9ba-f19f-4afd-aa4a-1837904263a6/files/perl-recovery-20260910/root08-candidate-commands-17/source-deref/root08-dest/usr/lib/perl5/core_perl /cygdrive/c/Users/crutkasLocal/.copilot/session-state/78f0f9ba-f19f-4afd-aa4a-1837904263a6/files/perl-recovery-20260910/root08-candidate-commands-17/source-deref/root08-dest/usr/share/perl5/core_perl /usr/lib/perl5/site_perl /usr/share/perl5/site_perl /usr/lib/perl5/vendor_perl /usr/share/perl5/vendor_perl /usr/lib/perl5/core_perl /usr/share/perl5/core_perl) at (eval 50) line 1.
not ok - Net::SSLeay - Can't locate Net/SSLeay.pm in @INC (you may need to install the Net::SSLeay module) (@INC entries checked: /cygdrive/c/Users/crutkasLocal/.copilot/session-state/78f0f9ba-f19f-4afd-aa4a-1837904263a6/files/perl-recovery-20260910/root08-candidate-commands-17/source-deref/root08-dest/usr/lib/perl5/core_perl /cygdrive/c/Users/crutkasLocal/.copilot/session-state/78f0f9ba-f19f-4afd-aa4a-1837904263a6/files/perl-recovery-20260910/root08-candidate-commands-17/source-deref/root08-dest/usr/share/perl5/core_perl /usr/lib/perl5/site_perl /usr/share/perl5/site_perl /usr/lib/perl5/vendor_perl /usr/share/perl5/vendor_perl /usr/lib/perl5/core_perl /usr/share/perl5/core_perl) at (eval 51) line 1.
not ok - XML::Parser - Can't locate XML/Parser.pm in @INC (you may need to install the XML::Parser module) (@INC entries checked: /cygdrive/c/Users/crutkasLocal/.copilot/session-state/78f0f9ba-f19f-4afd-aa4a-1837904263a6/files/perl-recovery-20260910/root08-candidate-commands-17/source-deref/root08-dest/usr/lib/perl5/core_perl /cygdrive/c/Users/crutkasLocal/.copilot/session-state/78f0f9ba-f19f-4afd-aa4a-1837904263a6/files/perl-recovery-20260910/root08-candidate-commands-17/source-deref/root08-dest/usr/share/perl5/core_perl /usr/lib/perl5/site_perl /usr/share/perl5/site_perl /usr/lib/perl5/vendor_perl /usr/share/perl5/vendor_perl /usr/lib/perl5/core_perl /usr/share/perl5/core_perl) at (eval 52) line 1.
not ok - YAML::Syck - Can't locate YAML/Syck.pm in @INC (you may need to install the YAML::Syck module) (@INC entries checked: /cygdrive/c/Users/crutkasLocal/.copilot/session-state/78f0f9ba-f19f-4afd-aa4a-1837904263a6/files/perl-recovery-20260910/root08-candidate-commands-17/source-deref/root08-dest/usr/lib/perl5/core_perl /cygdrive/c/Users/crutkasLocal/.copilot/session-state/78f0f9ba-f19f-4afd-aa4a-1837904263a6/files/perl-recovery-20260910/root08-candidate-commands-17/source-deref/root08-dest/usr/share/perl5/core_perl /usr/lib/perl5/site_perl /usr/share/perl5/site_perl /usr/lib/perl5/vendor_perl /usr/share/perl5/vendor_perl /usr/lib/perl5/core_perl /usr/share/perl5/core_perl) at (eval 53) line 1.
not ok - IO::Socket::SSL - Can't locate IO/Socket/SSL.pm in @INC (you may need to install the IO::Socket::SSL module) (@INC entries checked: /cygdrive/c/Users/crutkasLocal/.copilot/session-state/78f0f9ba-f19f-4afd-aa4a-1837904263a6/files/perl-recovery-20260910/root08-candidate-commands-17/source-deref/root08-dest/usr/lib/perl5/core_perl /cygdrive/c/Users/crutkasLocal/.copilot/session-state/78f0f9ba-f19f-4afd-aa4a-1837904263a6/files/perl-recovery-20260910/root08-candidate-commands-17/source-deref/root08-dest/usr/share/perl5/core_perl /usr/lib/perl5/site_perl /usr/share/perl5/site_perl /usr/lib/perl5/vendor_perl /usr/share/perl5/vendor_perl /usr/lib/perl5/core_perl /usr/share/perl5/core_perl) at (eval 54) line 1.
git_smoke_rc=1
